,0
0,-2.678277015686035
1,-7.008482933044434
2,-5.87014102935791
3,-2.580474853515625
4,-7.54557991027832
5,-6.392099380493164
6,-2.543527603149414
7,-7.564245223999023
8,-6.392739295959473
9,-2.5089826583862305
10,-7.577658653259277
11,-6.394262313842773
12,-2.583017349243164
13,-7.548187255859375
14,-5.469367980957031
15,-2.545231819152832
16,-7.571532249450684
17,-5.4681243896484375
18,-2.5076208114624023
19,-7.592775344848633
20,-5.468889236450195
21,-2.1148462295532227
22,-7.55192756652832
23,-7.6885457038879395
24,-2.088068962097168
25,-7.612277030944824
26,-3.4982481002807617
27,-2.454714775085449
28,-6.728824615478516
29,-6.248873710632324
30,-2.4541826248168945
31,-6.709572792053223
32,-5.034847259521484
33,-1.5215425491333008
34,-5.960138320922852
35,-9.560762405395508
36,-1.313547134399414
37,-6.0387773513793945
38,-1.0545860528945923
39,-2.966536521911621
40,-8.638169288635254
41,-13.347612380981445
42,-2.8085718154907227
43,-8.665185928344727
44,0.7421731948852539
45,-3.9717226028442383
46,-11.29788589477539
47,-14.640945434570312
48,-3.722702980041504
49,-10.855976104736328
50,-1.8048726320266724
51,-4.094383239746094
52,-11.598068237304688
53,-16.051807403564453
54,-3.9022626876831055
55,-11.397232055664062
56,-2.04062819480896
57,-4.030941963195801
58,-11.658866882324219
59,-15.486358642578125
60,-3.901041030883789
61,-11.444694519042969
62,-2.9058585166931152
63,-3.9981870651245117
64,-11.575551986694336
65,-14.500007629394531
66,-3.8801774978637695
67,-11.390451431274414
68,-2.287961006164551
69,0.08908843994140625
70,0.32849693298339844
71,-5.93912410736084
72,0.0
73,0.0
74,0.0
75,-0.3235340118408203
76,5.6105804443359375
77,-4.117755889892578
78,-0.3464841842651367
79,4.771944046020508
80,2.434995174407959
81,-0.30012035369873047
82,10.28359603881836
83,-2.3439464569091797
84,-0.07728862762451172
85,7.873472213745117
86,5.8251729011535645
87,0.11305618286132812
88,11.040496826171875
89,-2.2862708568573
90,0.10818290710449219
91,8.480369567871094
92,6.078016757965088
93,-1.0562467575073242
94,11.851947784423828
95,-4.549704074859619
96,-0.7207059860229492
97,8.615556716918945
98,4.5951032638549805
99,-2.72702693939209
100,-6.3657941818237305
101,-6.32733154296875
102,-2.665599822998047
103,-6.824572563171387
104,-6.814632415771484
105,-2.6319475173950195
106,-6.851758003234863
107,-6.814836502075195
108,-2.601785659790039
109,-6.9078569412231445
110,-6.815493583679199
111,-2.6694021224975586
112,-6.839291572570801
113,-5.867430686950684
114,-2.639071464538574
115,-6.8723344802856445
116,-5.867253303527832
117,-2.609187126159668
118,-6.903061866760254
119,-5.868328094482422
120,-2.255044937133789
121,-6.902407646179199
122,-8.140090942382812
123,-2.227764129638672
124,-6.979953765869141
125,-3.850294589996338
126,-2.5073776245117188
127,-6.131921768188477
128,-6.755952835083008
129,-2.5160350799560547
130,-6.118513107299805
131,-5.5062408447265625
132,-1.5471410751342773
133,-5.578167915344238
134,-10.41506576538086
135,-1.3395147323608398
136,-5.791080474853516
137,-1.2440810203552246
138,-3.190837860107422
139,-7.624486923217773
140,-14.01304817199707
141,-3.0139827728271484
142,-7.77471923828125
143,0.4901142120361328
144,-4.785390853881836
145,-10.07909870147705
146,-14.924453735351562
147,-4.440462112426758
148,-9.738988876342773
149,-2.2499349117279053
150,-5.200554847717285
151,-10.374655723571777
152,-16.3845157623291
153,-4.906274795532227
154,-10.119852066040039
155,-2.3663673400878906
156,-5.226726531982422
157,-10.434524536132812
158,-15.727409362792969
159,-4.935100555419922
160,-10.11519718170166
161,-3.3761754035949707
162,-5.099745750427246
163,-10.366744995117188
164,-14.74687385559082
165,-4.808237075805664
166,-9.940802574157715
167,-2.8007004261016846
168,0.3299407958984375
169,0.5189304351806641
170,-6.0001091957092285
171,0.1812124252319336
172,0.13657379150390625
173,0.05966758728027344
174,-0.29865550994873047
175,5.611942291259766
176,-4.46150016784668
177,-0.33800411224365234
178,4.923496246337891
179,1.989776611328125
180,-0.23079967498779297
181,10.307075500488281
182,-2.419848680496216
183,-0.10853958129882812
184,9.475112915039062
185,4.7298736572265625
186,0.18477821350097656
187,11.063234329223633
188,-2.367952346801758
189,0.1190176010131836
190,10.264751434326172
191,4.882355213165283
192,-1.0748348236083984
193,11.951604843139648
194,-4.814578056335449
195,-0.8978271484375
196,10.979223251342773
197,3.08320951461792
198,-2.7871341705322266
199,-5.26533317565918
200,-6.3580756187438965
201,-2.7564210891723633
202,-5.722848892211914
203,-6.812801361083984
204,-2.728160858154297
205,-5.753337860107422
206,-6.8133344650268555
207,-2.690670967102051
208,-5.815566062927246
209,-6.813815116882324
210,-2.757815361022949
211,-5.756967544555664
212,-5.8979339599609375
213,-2.733297348022461
214,-5.807626724243164
215,-5.89813232421875
216,-2.695448875427246
217,-5.891593933105469
218,-5.899372577667236
219,-2.3990249633789062
220,-5.972360610961914
221,-8.091575622558594
222,-2.393817901611328
223,-6.053502082824707
224,-3.9689974784851074
225,-2.597230911254883
226,-5.162525177001953
227,-6.778364181518555
228,-2.5983800888061523
229,-5.116670608520508
230,-5.580348968505859
231,-1.6392459869384766
232,-4.889337539672852
233,-10.3310546875
234,-1.468327522277832
235,-5.2101898193359375
236,-1.4348227977752686
237,-3.6743688583374023
238,-6.232705116271973
239,-13.895349502563477
240,-3.545167922973633
241,-6.51900577545166
242,-0.11817288398742676
243,-5.811984539031982
244,-8.064493179321289
245,-14.11549186706543
246,-5.294017791748047
247,-7.6704206466674805
248,-3.0693013668060303
249,-6.4190287590026855
250,-8.286752700805664
251,-15.572305679321289
252,-5.811782360076904
253,-8.117026329040527
254,-3.139000654220581
255,-6.332544326782227
256,-8.535126686096191
257,-14.85447883605957
258,-5.801544189453125
259,-8.093987464904785
260,-4.239712715148926
261,-6.154736518859863
262,-8.493388175964355
263,-13.909431457519531
264,-5.720870494842529
265,-7.827249526977539
266,-3.6461944580078125
267,0.5534343719482422
268,0.9301490783691406
269,-5.978435516357422
270,0.35266876220703125
271,0.49799156188964844
272,0.03832602500915527
273,-0.2728261947631836
274,5.826900482177734
275,-4.43597936630249
276,-0.31741809844970703
277,5.2570648193359375
278,1.8073348999023438
279,-0.11936187744140625
280,10.449899673461914
281,-1.905398964881897
282,-0.10821247100830078
283,9.729129791259766
284,4.757378578186035
285,0.22650527954101562
286,11.212018966674805
287,-1.8177218437194824
288,0.13653087615966797
289,10.776304244995117
290,4.941863536834717
291,-1.0798311233520508
292,11.970447540283203
293,-4.087800979614258
294,-0.9998178482055664
295,11.337804794311523
296,3.1541638374328613
297,-2.788416862487793
298,-4.242953300476074
299,-4.40629243850708
300,-2.800189971923828
301,-4.54681396484375
302,-4.933480739593506
303,-2.7822771072387695
304,-4.565006256103516
305,-4.935238838195801
306,-2.761176109313965
307,-4.5858154296875
308,-4.936062812805176
309,-2.7854185104370117
310,-4.653043746948242
311,-4.130070686340332
312,-2.7592620849609375
313,-4.742561340332031
314,-4.130817413330078
315,-2.7279577255249023
316,-4.826512336730957
317,-4.133304595947266
318,-2.49318790435791
319,-4.811243057250977
320,-6.532408237457275
321,-2.4529714584350586
322,-4.987495422363281
323,-2.8671085834503174
324,-2.600296974182129
325,-4.184924125671387
326,-4.898753643035889
327,-2.594363212585449
328,-4.234886169433594
329,-3.8309669494628906
330,-1.7014942169189453
331,-3.8936338424682617
332,-8.59908676147461
333,-1.408310890197754
334,-4.729226112365723
335,-0.6567301750183105
336,-3.704833984375
337,-4.571037292480469
338,-13.190372467041016
339,-2.5523881912231445
340,-6.262256622314453
341,2.688544273376465
342,-5.545038223266602
343,-4.848525047302246
344,-14.595090866088867
345,-3.1317529678344727
346,-7.887345314025879
347,3.0295166969299316
348,-6.080910682678223
349,-4.83615779876709
350,-15.868875503540039
351,-3.110060691833496
352,-8.05848503112793
353,3.4421558380126953
354,-6.02573299407959
355,-5.162259101867676
356,-15.163013458251953
357,-3.149600028991699
358,-8.568307876586914
359,2.6925511360168457
360,-5.877751350402832
361,-5.187379837036133
362,-14.358562469482422
363,-3.232290267944336
364,-8.241561889648438
365,2.75528621673584
366,0.8037805557250977
367,1.2467689514160156
368,-5.913022994995117
369,0.7627944946289062
370,0.7206039428710938
371,-0.02730417251586914
372,-0.26117801666259766
373,5.8900299072265625
374,-4.262798309326172
375,-0.27403926849365234
376,5.306140899658203
377,1.6864099502563477
378,-0.08707141876220703
379,10.54574966430664
380,-1.9104630947113037
381,0.07794380187988281
382,9.406866073608398
383,4.568328380584717
384,0.2792549133300781
385,11.410633087158203
386,-1.8035622835159302
387,0.15458011627197266
388,10.721126556396484
389,4.789442539215088
390,-1.0798053741455078
391,11.974142074584961
392,-3.4757227897644043
393,-0.9782915115356445
394,10.944576263427734
395,3.4774584770202637
396,-2.8491878509521484
397,-3.714174270629883
398,-3.8849847316741943
399,-2.865830421447754
400,-4.159430503845215
401,-4.384910583496094
402,-2.848054885864258
403,-4.166757583618164
404,-4.38636589050293
405,-2.813385009765625
406,-4.209062576293945
407,-4.386438846588135
408,-2.8382577896118164
409,-4.263615608215332
410,-3.5182461738586426
411,-2.8087215423583984
412,-4.321966171264648
413,-3.518216133117676
414,-2.777787208557129
415,-4.374393463134766
416,-3.5199697017669678
417,-2.53548526763916
418,-4.286202430725098
419,-5.913125038146973
420,-2.4880409240722656
421,-4.430418968200684
422,-2.0165181159973145
423,-2.666738510131836
424,-3.5232982635498047
425,-4.377546310424805
426,-2.6535797119140625
427,-3.595134735107422
428,-3.2414684295654297
429,-1.8122014999389648
430,-3.079324722290039
431,-8.42280101776123
432,-1.4700908660888672
433,-3.784539222717285
434,0.5786285400390625
435,-3.8539905548095703
436,-2.1789016723632812
437,-12.258663177490234
438,-2.435504913330078
439,-4.123523712158203
440,3.293118476867676
441,-5.660139083862305
442,-1.7483882904052734
443,-12.921567916870117
444,-3.385772705078125
445,-4.680281639099121
446,2.835236072540283
447,-6.17835807800293
448,-1.5156116485595703
449,-14.198526382446289
450,-3.4785118103027344
451,-5.256621360778809
452,3.2408108711242676
453,-6.240965366363525
454,-1.747152328491211
455,-13.409120559692383
456,-3.553590774536133
457,-5.205950736999512
458,2.3376822471618652
459,-6.0128583908081055
460,-1.8134098052978516
461,-12.654333114624023
462,-3.5787906646728516
463,-4.870296478271484
464,2.4564194679260254
465,1.0668745040893555
466,1.490457534790039
467,-6.087926864624023
468,0.9317941665649414
469,1.0701923370361328
470,0.15073108673095703
471,-0.24916458129882812
472,5.9760894775390625
473,-5.299030780792236
474,-0.2593507766723633
475,5.511358261108398
476,0.8188686370849609
477,-0.036190032958984375
478,10.922040939331055
479,-3.527576446533203
480,0.07076072692871094
481,10.517906188964844
482,3.3165621757507324
483,0.3300600051879883
484,11.804052352905273
485,-3.441765785217285
486,0.21641063690185547
487,11.491922378540039
488,3.491576671600342
489,-1.0941600799560547
490,12.090005874633789
491,-5.203742980957031
492,-1.0096311569213867
493,11.55685043334961
494,2.328913688659668
495,-2.9158143997192383
496,-3.110828399658203
497,-4.322474002838135
498,-2.9060239791870117
499,-3.5344228744506836
500,-4.8211164474487305
501,-2.8807249069213867
502,-3.541863441467285
503,-4.822277069091797
504,-2.8477697372436523
505,-3.5550966262817383
506,-4.821962356567383
507,-2.8954219818115234
508,-3.5988149642944336
509,-3.9562854766845703
510,-2.8649892807006836
511,-3.6465988159179688
512,-3.9567818641662598
513,-2.832728385925293
514,-3.6990222930908203
515,-3.9578981399536133
516,-2.540243148803711
517,-3.598271369934082
518,-6.176444053649902
519,-2.5177183151245117
520,-3.803018569946289
521,-2.296513557434082
522,-2.723982810974121
523,-2.839529037475586
524,-4.766243934631348
525,-2.721804618835449
526,-2.8820266723632812
527,-3.63102388381958
528,-1.8174333572387695
529,-1.9461469650268555
530,-8.520286560058594
531,-1.5224370956420898
532,-2.76556396484375
533,0.27238917350769043
534,-3.749760627746582
535,-0.15240097045898438
536,-10.804756164550781
537,-2.648956298828125
538,-0.7841243743896484
539,1.3610596656799316
540,-5.471813201904297
541,1.2779388427734375
542,-10.229497909545898
543,-4.438953399658203
544,0.5438499450683594
545,-1.1276568174362183
546,-5.865574836730957
547,1.8168201446533203
548,-11.474357604980469
549,-4.653814315795898
550,0.5948257446289062
551,-0.9951760768890381
552,-5.865769863128662
553,1.685129165649414
554,-10.667685508728027
555,-4.895115852355957
556,0.9350185394287109
557,-2.094967842102051
558,-5.702005863189697
559,1.5329360961914062
560,-9.955005645751953
561,-4.750268936157227
562,0.9244918823242188
563,-1.6513302326202393
564,1.189631462097168
565,2.021944046020508
566,-6.079876899719238
567,0.9656257629394531
568,1.4137611389160156
569,0.14170193672180176
570,-0.2494373321533203
571,6.238492965698242
572,-5.843327045440674
573,-0.2864866256713867
574,5.768730163574219
575,-0.08017253875732422
576,9.5367431640625e-07
577,11.217828750610352
578,-4.009816646575928
579,0.06535625457763672
580,10.362478256225586
581,2.8874282836914062
582,0.3397502899169922
583,11.955528259277344
584,-3.937462568283081
585,0.22135353088378906
586,11.215181350708008
587,3.1418395042419434
588,-1.1234121322631836
589,12.08868408203125
590,-5.605319023132324
591,-1.0418128967285156
592,11.25425910949707
593,2.3930435180664062
594,-3.056882858276367
595,-2.4866762161254883
596,-4.423226356506348
597,-3.05667781829834
598,-2.9667749404907227
599,-4.964970588684082
600,-3.0257387161254883
601,-2.9928760528564453
602,-4.966164588928223
603,-2.9922895431518555
604,-3.01904296875
605,-4.966172218322754
606,-3.0693578720092773
607,-2.9821977615356445
608,-4.058615207672119
609,-3.047490119934082
610,-3.019418716430664
611,-4.059621810913086
612,-3.024599075317383
613,-3.0631227493286133
614,-4.060266494750977
615,-2.666584014892578
616,-3.0791759490966797
617,-6.276806354522705
618,-2.687957763671875
619,-3.1953649520874023
620,-2.1879189014434814
621,-2.8486785888671875
622,-2.2482948303222656
623,-4.841378211975098
624,-2.8631296157836914
625,-2.2377052307128906
626,-3.644685983657837
627,-1.8561458587646484
628,-1.190948486328125
629,-8.673521041870117
630,-1.6249313354492188
631,-1.7133750915527344
632,0.8469557762145996
633,-3.2415924072265625
634,1.6273746490478516
635,-10.426876068115234
636,-2.6643848419189453
637,1.167226791381836
638,1.4625892639160156
639,-4.368227005004883
640,4.038911819458008
641,-9.379576683044434
642,-4.430169105529785
643,3.6507301330566406
644,-0.8482041358947754
645,-4.588850021362305
646,4.860469818115234
647,-10.525955200195312
648,-4.532252311706543
649,4.320951461791992
650,-0.7313270568847656
651,-4.7286376953125
652,4.776630401611328
653,-9.672536849975586
654,-4.754890441894531
655,4.383140563964844
656,-1.890033483505249
657,-4.624235153198242
658,4.522449493408203
659,-9.053688049316406
660,-4.698269844055176
661,4.22210693359375
662,-1.3283888101577759
663,1.2054710388183594
664,2.183256149291992
665,-6.120441436767578
666,1.0022916793823242
667,1.7114524841308594
668,0.18553519248962402
669,-0.23968505859375
670,6.3917999267578125
671,-5.876554489135742
672,-0.26616668701171875
673,6.02189826965332
674,0.03924369812011719
675,0.03458595275878906
676,11.24789047241211
677,-3.913902997970581
678,0.060881614685058594
679,10.75765609741211
680,2.7770986557006836
681,0.3488283157348633
682,11.971139907836914
683,-3.8111441135406494
684,0.23140430450439453
685,11.452951431274414
686,3.017977714538574
687,-1.1256523132324219
688,12.035627365112305
689,-5.372702598571777
690,-1.056513786315918
691,11.52975845336914
692,2.250906467437744
693,-3.2209978103637695
694,-1.7646312713623047
695,-4.427903652191162
696,-3.2609148025512695
697,-2.1899375915527344
698,-4.9913434982299805
699,-3.228814125061035
700,-2.213374137878418
701,-4.992967128753662
702,-3.1948251724243164
703,-2.231464385986328
704,-4.993544101715088
705,-3.268101692199707
706,-2.213862419128418
707,-4.085445880889893
708,-3.2415409088134766
709,-2.2571191787719727
710,-4.086038589477539
711,-3.2132444381713867
712,-2.300276756286621
713,-4.086663722991943
714,-2.8356027603149414
715,-2.3203792572021484
716,-6.333810329437256
717,-2.8524961471557617
718,-2.467601776123047
719,-2.2670774459838867
720,-2.984966278076172
721,-1.5321578979492188
722,-4.850697994232178
723,-2.99123477935791
724,-1.5395078659057617
725,-3.659820079803467
726,-1.8664579391479492
727,-0.4432411193847656
728,-8.771869659423828
729,-1.6748771667480469
730,-1.1822853088378906
731,0.9742183685302734
732,-2.3499746322631836
733,3.0322608947753906
734,-9.899276733398438
735,-1.9596662521362305
736,2.246053695678711
737,1.4932184219360352
738,-2.771843910217285
739,6.1621246337890625
740,-7.972487449645996
741,-2.6966066360473633
742,5.653324127197266
743,-0.7428238391876221
744,-2.639410972595215
745,7.120450973510742
746,-8.949078559875488
747,-2.653998374938965
748,6.489295959472656
749,-0.47502803802490234
750,-2.717747688293457
751,7.135515213012695
752,-8.232070922851562
753,-2.668839454650879
754,6.597200393676758
755,-1.6601791381835938
756,-2.7220993041992188
757,6.869091033935547
758,-7.661772727966309
759,-2.6468677520751953
760,6.3562164306640625
761,-1.2172876596450806
762,1.1941003799438477
763,2.2833003997802734
764,-6.158535957336426
765,1.0616483688354492
766,1.7497081756591797
767,0.22510457038879395
768,-0.24030017852783203
769,6.477394104003906
770,-5.5062713623046875
771,-0.2777423858642578
772,5.993432998657227
773,0.4820709228515625
774,0.059661865234375
775,11.255794525146484
776,-3.1802737712860107
777,0.05910205841064453
778,10.648468017578125
779,3.035832405090332
780,0.3504486083984375
781,11.981569290161133
782,-2.954101800918579
783,0.24754047393798828
784,11.430797576904297
785,3.216510772705078
786,-1.1314783096313477
787,12.028022766113281
788,-4.01064920425415
789,-1.0656719207763672
790,11.539066314697266
791,3.2758493423461914
792,-3.407191276550293
793,-1.446913719177246
794,-4.100644588470459
795,-3.4283618927001953
796,-1.7733163833618164
797,-4.683438301086426
798,-3.401399612426758
799,-1.7788352966308594
800,-4.684728622436523
801,-3.3718338012695312
802,-1.780843734741211
803,-4.685654640197754
804,-3.421079635620117
805,-1.813136100769043
806,-3.7997028827667236
807,-3.390376091003418
808,-1.84759521484375
809,-3.8004884719848633
810,-3.356747627258301
811,-1.8836336135864258
812,-3.80173921585083
813,-3.0169010162353516
814,-1.8402156829833984
815,-6.090112209320068
816,-2.9995269775390625
817,-2.0365219116210938
818,-2.140514373779297
819,-3.169780731201172
820,-1.2221031188964844
821,-4.542800426483154
822,-3.1617116928100586
823,-1.2559223175048828
824,-3.390714168548584
825,-1.9148740768432617
826,-0.10837745666503906
827,-8.50853157043457
828,-1.7410192489624023
829,-0.7944507598876953
830,0.9483208656311035
831,-1.429978370666504
832,3.315214157104492
833,-8.649471282958984
834,-1.246638298034668
835,2.559968948364258
836,1.4923877716064453
837,-0.9546499252319336
838,6.297557830810547
839,-5.6821794509887695
840,-0.9023256301879883
841,5.717769622802734
842,-0.18718576431274414
843,-0.7754421234130859
844,7.059942245483398
845,-6.3010334968566895
846,-0.830714225769043
847,6.6408538818359375
848,0.17337512969970703
849,-0.7614879608154297
850,7.134653091430664
851,-5.933296203613281
852,-0.7732810974121094
853,6.698091506958008
854,-0.7488746643066406
855,-0.7986612319946289
856,6.883089065551758
857,-5.473243236541748
858,-0.7468137741088867
859,6.393110275268555
860,-0.5949232578277588
861,1.1343803405761719
862,2.2111587524414062
863,-6.112034797668457
864,1.1121997833251953
865,1.722787857055664
866,0.1804955005645752
867,-0.2825956344604492
868,6.5411376953125
869,-5.081385612487793
870,-0.28290462493896484
871,6.1331634521484375
872,0.947838544845581
873,0.04961585998535156
874,11.204652786254883
875,-2.3681342601776123
876,0.039276123046875
877,10.816408157348633
878,3.409475803375244
879,0.34872913360595703
880,11.939762115478516
881,-2.1294631958007812
882,0.2377786636352539
883,11.547842025756836
884,3.5823140144348145
885,-1.1314916610717773
886,12.027114868164062
887,-3.186685800552368
888,-1.1087799072265625
889,11.671743392944336
890,2.9395694732666016
891,-3.5633296966552734
892,-0.8400421142578125
893,-4.204992771148682
894,-3.5684890747070312
895,-1.1778545379638672
896,-4.768279075622559
897,-3.542952537536621
898,-1.194498062133789
899,-4.76976203918457
900,-3.513805389404297
901,-1.2096242904663086
902,-4.7707719802856445
903,-3.558673858642578
904,-1.2086353302001953
905,-3.849885940551758
906,-3.528313636779785
907,-1.2488269805908203
908,-3.849736452102661
909,-3.4926300048828125
910,-1.2897510528564453
911,-3.850703477859497
912,-3.161738395690918
913,-1.3378162384033203
914,-6.249344825744629
915,-3.142812728881836
916,-1.5293464660644531
917,-2.179140090942383
918,-3.3583106994628906
919,-0.655059814453125
920,-4.699357509613037
921,-3.3480539321899414
922,-0.6746196746826172
923,-3.5085361003875732
924,-1.9794034957885742
925,0.2982978820800781
926,-8.598312377929688
927,-1.7705564498901367
928,-0.4554862976074219
929,0.7206354141235352
930,-0.6639175415039062
931,2.9281978607177734
932,-9.061413764953613
933,-0.38942718505859375
934,1.7599258422851562
935,1.3587875366210938
936,0.5085325241088867
937,5.201532363891602
938,-6.661948204040527
939,0.6759157180786133
940,3.9612884521484375
941,-0.18963980674743652
942,0.9335508346557617
943,5.563722610473633
944,-7.3872971534729
945,0.8700695037841797
946,4.426033020019531
947,0.09338617324829102
948,0.9593381881713867
949,5.567659378051758
950,-7.128026008605957
951,0.9014911651611328
952,4.50593376159668
953,-0.7410533428192139
954,0.7854108810424805
955,5.445577621459961
956,-6.520079612731934
957,0.8413534164428711
958,4.3227691650390625
959,-0.5704493522644043
960,1.091475486755371
961,2.2440528869628906
962,-6.107733726501465
963,1.131138801574707
964,1.6474685668945312
965,0.1753990650177002
966,-0.2927093505859375
967,6.486095428466797
968,-4.94560432434082
969,-0.28320884704589844
970,5.130289077758789
971,2.872081756591797
972,0.022428512573242188
973,11.052494049072266
974,-1.7595555782318115
975,0.5604114532470703
976,7.155815124511719
977,6.326461315155029
978,0.2876462936401367
979,11.837228775024414
980,-1.478929042816162
981,0.8938159942626953
982,7.386434555053711
983,6.615190029144287
984,-1.1379690170288086
985,11.944055557250977
986,-2.4931445121765137
987,0.017523765563964844
988,8.359277725219727
989,6.313846111297607
990,-3.664896011352539
991,-0.20261573791503906
992,-4.193146228790283
993,-3.6484060287475586
994,-0.505101203918457
995,-4.683701515197754
996,-3.6175155639648438
997,-0.5189037322998047
998,-4.684978485107422
999,-3.5832157135009766
1000,-0.5298843383789062
1001,-4.686610698699951
1002,-3.6500244140625
1003,-0.5241928100585938
1004,-3.742931604385376
1005,-3.6228017807006836
1006,-0.5532979965209961
1007,-3.742408514022827
1008,-3.592534065246582
1009,-0.5855703353881836
1010,-3.743922233581543
1011,-3.2479639053344727
1012,-0.6292133331298828
1013,-6.039104461669922
1014,-3.265352249145508
1015,-0.7954626083374023
1016,-1.8393254280090332
1017,-3.455362319946289
1018,-0.0489349365234375
1019,-4.651724338531494
1020,-3.460033416748047
1021,-0.06572151184082031
1022,-3.4279627799987793
1023,-2.0211877822875977
1024,0.7236785888671875
1025,-8.493894577026367
1026,-1.9272336959838867
1027,-0.005741119384765625
1028,1.0154507160186768
1029,-0.13142108917236328
1030,2.0460662841796875
1031,-9.840513229370117
1032,-0.11828327178955078
1033,1.0308818817138672
1034,1.821815013885498
1035,1.5423412322998047
1036,3.192974090576172
1037,-7.157472610473633
1038,1.4553232192993164
1039,2.1245479583740234
1040,0.6572821140289307
1041,1.8812847137451172
1042,3.198526382446289
1043,-8.126020431518555
1044,1.870081901550293
1045,2.469362258911133
1046,1.0820250511169434
1047,1.8821430206298828
1048,3.1611881256103516
1049,-9.04281997680664
1050,1.8536863327026367
1051,2.455404281616211
1052,0.30870938301086426
1053,1.7591781616210938
1054,3.1584815979003906
1055,-7.835071086883545
1056,1.7370500564575195
1057,2.429798126220703
1058,0.32028985023498535
1059,1.1801338195800781
1060,2.196718215942383
1061,-6.145854949951172
1062,1.1345243453979492
1063,1.5741653442382812
1064,0.2142627239227295
1065,-0.28745365142822266
1066,6.467716217041016
1067,-4.758367538452148
1068,-0.2352466583251953
1069,5.514644622802734
1070,2.778684616088867
1071,-0.0038633346557617188
1072,11.014810562133789
1073,-1.6584874391555786
1074,0.20281696319580078
1075,9.807861328125
1076,5.234588146209717
1077,0.22968578338623047
1078,11.8125
1079,-1.3858826160430908
1080,0.47405529022216797
1081,10.290929794311523
1082,5.466179370880127
1083,-1.1486663818359375
1084,11.846914291381836
1085,-2.4259610176086426
1086,-0.7529525756835938
1087,10.549371719360352
1088,4.718414306640625
1089,-3.7357006072998047
1090,0.2761383056640625
1091,-3.8275065422058105
1092,-3.677082061767578
1093,-0.03957176208496094
1094,-4.336052894592285
1095,-3.639463424682617
1096,-0.04256248474121094
1097,-4.336862564086914
1098,-3.5976972579956055
1099,-0.04252433776855469
1100,-4.338239669799805
1101,-3.6850948333740234
1102,-0.09019279479980469
1103,-3.3924450874328613
1104,-3.655329704284668
1105,-0.1314563751220703
1106,-3.3917605876922607
1107,-3.621683120727539
1108,-0.17467498779296875
1109,-3.392402410507202
1110,-3.236790657043457
1111,-0.11579513549804688
1112,-5.766509056091309
1113,-3.2752246856689453
1114,-0.3461875915527344
1115,-1.5609612464904785
1116,-3.500716209411621
1117,0.5167312622070312
1118,-4.310068130493164
1119,-3.5145959854125977
1120,0.4638938903808594
1121,-3.0835700035095215
1122,-2.010251998901367
1123,0.9859046936035156
1124,-7.965843677520752
1125,-1.998459815979004
1126,0.22533226013183594
1127,0.9835574626922607
1128,0.021162986755371094
1129,1.0744457244873047
1130,-9.536715507507324
1131,-0.1278820037841797
1132,0.15656661987304688
1133,2.0112805366516113
1134,1.6243200302124023
1135,0.4583549499511719
1136,-8.63216781616211
1137,1.327993392944336
1138,0.06175994873046875
1139,1.2485785484313965
1140,1.8786201477050781
1141,-0.1801738739013672
1142,-8.687084197998047
1143,1.6850433349609375
1144,-0.3776893615722656
1145,1.8163933753967285
1146,1.8880062103271484
1147,-0.20304298400878906
1148,-9.932279586791992
1149,1.6674308776855469
1150,-0.4862327575683594
1151,1.1317248344421387
1152,1.7909927368164062
1153,0.1302356719970703
1154,-9.135516166687012
1155,1.545353889465332
1156,-0.09552383422851562
1157,0.9778354167938232
1158,1.185744285583496
1159,2.149747848510742
1160,-6.115100860595703
1161,1.0908451080322266
1162,1.5314579010009766
1163,0.18485164642333984
1164,-0.2759857177734375
1165,6.413784027099609
1166,-5.520569801330566
1167,-0.23278331756591797
1168,5.735729217529297
1169,0.3183419704437256
1170,-0.05658245086669922
1171,10.965177536010742
1172,-3.5634589195251465
1173,-0.026613235473632812
1174,10.352275848388672
1175,2.314140796661377
1176,0.14080142974853516
1177,11.763858795166016
1178,-3.3870084285736084
1179,0.21139144897460938
1180,11.016565322875977
1181,2.4438323974609375
1182,-1.2281999588012695
1183,11.846126556396484
1184,-4.793782711029053
1185,-1.137502670288086
1186,11.172103881835938
1187,1.5460190773010254
1188,-3.7235679626464844
1189,0.7343349456787109
1190,-5.02132511138916
1191,-3.6735105514526367
1192,0.3944835662841797
1193,-5.5182952880859375
1194,-3.63665771484375
1195,0.3869972229003906
1196,-5.518155097961426
1197,-3.5956363677978516
1198,0.38123321533203125
1199,-5.519341468811035
1200,-3.685885429382324
1201,0.34238243103027344
1202,-4.546715259552002
1203,-3.6597681045532227
1204,0.29669952392578125
1205,-4.546269416809082
1206,-3.6287927627563477
1207,0.2496967315673828
1208,-4.545368671417236
1209,-3.2391586303710938
1210,0.2502727508544922
1211,-6.882256507873535
1212,-3.279576301574707
1213,0.04021453857421875
1214,-2.510718584060669
1215,-3.4808835983276367
1216,0.9330902099609375
1217,-5.483055591583252
1218,-3.496309280395508
1219,0.8860015869140625
1220,-4.220977306365967
1221,-1.9995183944702148
1222,1.0100669860839844
1223,-8.330944061279297
1224,-1.9888439178466797
1225,0.44599342346191406
1226,-0.0027000904083251953
1227,-0.2722797393798828
1228,-0.1186065673828125
1229,-10.805265426635742
1230,-0.34420013427734375
1231,-0.21297073364257812
1232,3.252877712249756
1233,0.9914360046386719
1234,-2.4936094284057617
1235,-12.983238220214844
1236,0.8152828216552734
1237,-2.6013145446777344
1238,6.401896953582764
1239,1.1729259490966797
1240,-3.184420585632324
1241,-13.84324836730957
1242,1.0979843139648438
1243,-3.431112289428711
1244,7.549118518829346
1245,1.1772356033325195
1246,-3.3108177185058594
1247,-13.783815383911133
1248,1.0256099700927734
1249,-3.5632829666137695
1250,7.074317455291748
1251,1.1345338821411133
1252,-3.0080947875976562
1253,-13.003562927246094
1254,0.9760837554931641
1255,-3.2829771041870117
1256,6.353569507598877
1257,1.234100341796875
1258,2.1319961547851562
1259,-6.132828712463379
1260,1.0876045227050781
1261,1.5104827880859375
1262,0.2012348175048828
1263,-0.2401409149169922
1264,6.313085556030273
1265,-5.889583587646484
1266,-0.22325611114501953
1267,5.776327133178711
1268,0.60538649559021
1269,-0.09412384033203125
1270,10.946487426757812
1271,-3.919032096862793
1272,-0.10950851440429688
1273,10.407243728637695
1274,2.4568839073181152
1275,0.08455944061279297
1276,11.735128402709961
1277,-3.7129621505737305
1278,0.050507545471191406
1279,11.178524017333984
1280,2.5568060874938965
1281,-1.3098106384277344
1282,11.762741088867188
1283,-5.148592472076416
1284,-1.3096723556518555
1285,11.208030700683594
1286,1.6961846351623535
1287,-3.6422080993652344
1288,0.9278755187988281
1289,-4.143179893493652
1290,-3.6028928756713867
1291,0.5411090850830078
1292,-4.612410068511963
1293,-3.5685338973999023
1294,0.5179214477539062
1295,-4.613396644592285
1296,-3.529878616333008
1297,0.4928016662597656
1298,-4.615536689758301
1299,-3.611994743347168
1300,0.5023384094238281
1301,-3.7348484992980957
1302,-3.5858144760131836
1303,0.4544334411621094
1304,-3.7343716621398926
1305,-3.555718421936035
1306,0.4038429260253906
1307,-3.7338457107543945
1308,-3.1832618713378906
1309,0.2934398651123047
1310,-5.91888427734375
1311,-3.217836380004883
1312,0.1800098419189453
1313,-1.9510623216629028
1314,-3.4136295318603516
1315,1.0910778045654297
1316,-4.579177379608154
1317,-3.422595977783203
1318,1.0592994689941406
1319,-3.4370598793029785
1320,-1.9980392456054688
1321,0.8829059600830078
1322,-7.418375015258789
1323,-1.9516210556030273
1324,0.6157207489013672
1325,0.2920536994934082
1326,-0.6502952575683594
1327,-1.0799379348754883
1328,-8.972099304199219
1329,-0.6122751235961914
1330,-1.1271142959594727
1331,3.596938133239746
1332,0.18412113189697266
1333,-3.903653144836426
1334,-10.82926082611084
1335,0.1324453353881836
1336,-3.88803768157959
1337,5.608200550079346
1338,0.34702014923095703
1339,-4.770279884338379
1340,-11.382762908935547
1341,0.3643503189086914
1342,-4.729747772216797
1343,6.486387729644775
1344,0.371917724609375
1345,-4.7498016357421875
1346,-11.707481384277344
1347,0.2777833938598633
1348,-4.839499473571777
1349,6.067721843719482
1350,0.3343353271484375
1351,-4.420555114746094
1352,-11.089038848876953
1353,0.22041702270507812
1354,-4.46359920501709
1355,5.520959377288818
1356,1.2772417068481445
1357,2.1225833892822266
1358,-6.068931579589844
1359,1.1680707931518555
1360,1.5120124816894531
1361,0.13805818557739258
1362,-0.2313680648803711
1363,6.230297088623047
1364,-6.319108963012695
1365,-0.21735286712646484
1366,5.798244476318359
1367,0.06012892723083496
1368,-0.16643524169921875
1369,10.905994415283203
1370,-5.041274070739746
1371,-0.20023536682128906
1372,10.461259841918945
1373,1.3199410438537598
1374,0.012286186218261719
1375,11.696418762207031
1376,-4.924421310424805
1377,-0.007220268249511719
1378,11.206466674804688
1379,1.3474063873291016
1380,-1.3991718292236328
1381,11.709430694580078
1382,-6.575107097625732
1383,-1.3894233703613281
1384,11.209516525268555
1385,0.28119397163391113
1386,-3.6304855346679688
1387,0.9412460327148438
1388,-4.513036727905273
1389,-3.5844335556030273
1390,0.5526809692382812
1391,-4.951169490814209
1392,-3.5507564544677734
1393,0.5270061492919922
1394,-4.9518022537231445
1395,-3.5110902786254883
1396,0.4986419677734375
1397,-4.953843116760254
1398,-3.5842018127441406
1399,0.5066165924072266
1400,-4.124196529388428
1401,-3.553508758544922
1402,0.45179176330566406
1403,-4.124501705169678
1404,-3.5204343795776367
1405,0.39579010009765625
1406,-4.123473167419434
1407,-3.1650924682617188
1408,0.24645614624023438
1409,-6.058840274810791
1410,-3.1785669326782227
1411,0.14838409423828125
1412,-2.3146305084228516
1413,-3.3952598571777344
1414,1.0788841247558594
1415,-4.911248683929443
1416,-3.4010801315307617
1417,1.0456981658935547
1418,-3.8203346729278564
1419,-1.917698860168457
1420,0.7496242523193359
1421,-7.755009651184082
1422,-1.9292097091674805
1423,0.6298942565917969
1424,-0.24963998794555664
1425,-0.8764619827270508
1426,-1.5966119766235352
1427,-11.662748336791992
1428,-0.7802801132202148
1429,-1.6659126281738281
1430,4.342181205749512
1431,-0.2748584747314453
1432,-4.596168518066406
1433,-15.985549926757812
1434,-0.22208023071289062
1435,-4.581384658813477
1436,8.912910461425781
1437,-0.1322336196899414
1438,-5.424834251403809
1439,-17.050800323486328
1440,-0.04466724395751953
1441,-5.448505401611328
1442,10.104860305786133
1443,-0.1117410659790039
1444,-5.447628021240234
1445,-16.99563980102539
1446,-0.111724853515625
1447,-5.524082183837891
1448,9.834663391113281
1449,-0.15079021453857422
1450,-5.115697860717773
1451,-16.09664535522461
1452,-0.158477783203125
1453,-5.194726943969727
1454,8.975814819335938
1455,1.351226806640625
1456,2.082578659057617
1457,-6.014731407165527
1458,1.2451047897338867
1459,1.6095199584960938
1460,0.0821540355682373
1461,-0.22997474670410156
1462,6.131387710571289
1463,-6.522087097167969
1464,-0.21213150024414062
1465,5.799306869506836
1466,-0.08911275863647461
1467,-0.2264842987060547
1468,10.849504470825195
1469,-5.449003219604492
1470,-0.2591848373413086
1471,10.437053680419922
1472,1.0938029289245605
1473,-0.06533622741699219
1474,11.646177291870117
1475,-5.3343400955200195
1476,-0.070587158203125
1477,11.19495964050293
1478,1.1104106903076172
1479,-1.4844846725463867
1480,11.547306060791016
1481,-7.017114639282227
1482,-1.4313983917236328
1483,11.200641632080078
1484,-0.04965615272521973
1485,-3.521841049194336
1486,0.9103851318359375
1487,-3.7462868690490723
1488,-3.5089244842529297
1489,0.5297660827636719
1490,-4.261519432067871
1491,-3.473860740661621
1492,0.5019512176513672
1493,-4.261651515960693
1494,-3.435361862182617
1495,0.4709281921386719
1496,-4.2631330490112305
1497,-3.519009590148926
1498,0.481781005859375
1499,-3.4306204319000244
1500,-3.492192268371582
1501,0.421051025390625
1502,-3.43084454536438
1503,-3.4615697860717773
1504,0.3492240905761719
1505,-3.43027400970459
1506,-3.0817489624023438
1507,0.1816864013671875
1508,-5.717211723327637
1509,-3.1102514266967773
1510,0.03252220153808594
1511,-1.9434150457382202
1512,-3.2823972702026367
1513,1.0270423889160156
1514,-4.240396499633789
1515,-3.2903480529785156
1516,0.99200439453125
1517,-3.1491732597351074
1518,-1.8386650085449219
1519,0.8177490234375
1520,-7.221678733825684
1521,-1.9026126861572266
1522,0.39064598083496094
1523,-0.13076996803283691
1524,-0.8708534240722656
1525,-1.770376205444336
1526,-10.757379531860352
1527,-0.8421697616577148
1528,-2.090792655944824
1529,3.523970127105713
1530,-0.3093681335449219
1531,-4.605979919433594
1532,-13.632978439331055
1533,-0.3483304977416992
1534,-4.744855880737305
1535,6.157834529876709
1536,-0.1742725372314453
1537,-5.379304885864258
1538,-14.654857635498047
1539,-0.1608104705810547
1540,-5.563352584838867
1541,7.009591579437256
1542,-0.18595027923583984
1543,-5.421712875366211
1544,-14.52440071105957
1545,-0.239471435546875
1546,-5.613896369934082
1547,6.653610706329346
1548,-0.22882366180419922
1549,-5.050657272338867
1550,-13.680038452148438
1551,-0.28694629669189453
1552,-5.303742408752441
1553,6.120048999786377
1554,1.3990488052368164
1555,2.1116294860839844
1556,-5.92873477935791
1557,1.2921524047851562
1558,1.6358833312988281
1559,-0.004900455474853516
1560,-0.2300710678100586
1561,6.109930038452148
1562,-6.189511299133301
1563,-0.20675945281982422
1564,5.803619384765625
1565,0.21071219444274902
1566,-0.2538909912109375
1567,10.837125778198242
1568,-4.922301292419434
1569,-0.29646968841552734
1570,10.431510925292969
1571,1.4562640190124512
1572,-0.08657646179199219
1573,11.57503890991211
1574,-4.800800800323486
1575,-0.12775421142578125
1576,11.17861557006836
1577,1.4833073616027832
1578,-1.4841804504394531
1579,11.463277816772461
1580,-6.25597620010376
1581,-1.4863433837890625
1582,11.180238723754883
1583,0.5444600582122803
1584,-3.2962818145751953
1585,0.5803718566894531
1586,-3.6279640197753906
1587,-3.2937088012695312
1588,0.2066631317138672
1589,-4.145181179046631
1590,-3.2676267623901367
1591,0.18487548828125
1592,-4.145906925201416
1593,-3.242582321166992
1594,0.16278076171875
1595,-4.147804260253906
1596,-3.3036041259765625
1597,0.1602764129638672
1598,-3.42679500579834
1599,-3.2818994522094727
1600,0.10264968872070312
1601,-3.4265971183776855
1602,-3.261685371398926
1603,0.042438507080078125
1604,-3.4266653060913086
1605,-2.956878662109375
1606,-0.031871795654296875
1607,-5.6159796714782715
1608,-2.976999282836914
1609,-0.1921844482421875
1610,-2.24497127532959
1611,-3.0875091552734375
1612,0.6978378295898438
1613,-4.094725608825684
1614,-3.086348533630371
1615,0.6601696014404297
1616,-3.1540887355804443
1617,-1.779317855834961
1618,0.8191356658935547
1619,-7.004359722137451
1620,-1.7953014373779297
1621,0.24610519409179688
1622,-0.4462757110595703
1623,-0.5951042175292969
1624,-1.511082649230957
1625,-8.662139892578125
1626,-0.6023101806640625
1627,-1.8445911407470703
1628,2.7126212120056152
1629,0.23391437530517578
1630,-4.244691848754883
1631,-10.439784049987793
1632,0.1796121597290039
1633,-4.251914978027344
1634,4.716933727264404
1635,0.49259376525878906
1636,-5.057023048400879
1637,-11.161237716674805
1638,0.5047760009765625
1639,-4.99680233001709
1640,5.462244510650635
1641,0.5030651092529297
1642,-5.135431289672852
1643,-11.140941619873047
1644,0.387603759765625
1645,-5.126884460449219
1646,5.014796733856201
1647,0.44217777252197266
1648,-4.78554630279541
1649,-10.491915702819824
1650,0.30273914337158203
1651,-4.806769371032715
1652,4.60684061050415
1653,1.3980531692504883
1654,2.1163787841796875
1655,-5.890191078186035
1656,1.2845029830932617
1657,1.618764877319336
1658,-0.04370236396789551
1659,-0.2373332977294922
1660,6.079303741455078
1661,-6.158625602722168
1662,-0.2096099853515625
1663,5.794389724731445
1664,0.3522164821624756
1665,-0.27857303619384766
1666,10.782102584838867
1667,-4.773531436920166
1668,-0.328460693359375
1669,10.413314819335938
1670,1.815049171447754
1671,-0.11356163024902344
1672,11.537601470947266
1673,-4.640166759490967
1674,-0.1673145294189453
1675,11.147579193115234
1676,1.8564715385437012
1677,-1.4905405044555664
1678,11.437271118164062
1679,-6.144193649291992
1680,-1.5035810470581055
1681,11.129487991333008
1682,0.8674683570861816
1683,-3.297891616821289
1684,0.3103065490722656
1685,-4.606668949127197
1686,-3.298769950866699
1687,-0.07331085205078125
1688,-5.1082658767700195
1689,-3.2718000411987305
1690,-0.09333419799804688
1691,-5.109397888183594
1692,-3.2450475692749023
1693,-0.11392974853515625
1694,-5.111606597900391
1695,-3.3082704544067383
1696,-0.11776161193847656
1697,-4.247585773468018
1698,-3.2858753204345703
1699,-0.17165184020996094
1700,-4.246771812438965
1701,-3.263965606689453
1702,-0.2282390594482422
1703,-4.246070861816406
1704,-2.933572769165039
1705,-0.2886028289794922
1706,-6.562139511108398
1707,-2.9548254013061523
1708,-0.45125389099121094
1709,-2.682443618774414
1710,-3.088324546813965
1711,0.44374656677246094
1712,-5.073923110961914
1713,-3.0920591354370117
1714,0.40776634216308594
1715,-3.9573397636413574
1716,-1.7538013458251953
1717,0.6774063110351562
1718,-8.10992431640625
1719,-1.7670211791992188
1720,0.11080741882324219
1721,-0.3973538875579834
1722,-0.1677083969116211
1723,-1.502706527709961
1724,-9.452285766601562
1725,-0.20967483520507812
1726,-1.3764238357543945
1727,2.123610496520996
1728,1.2791261672973633
1729,-3.2924985885620117
1730,-10.41718864440918
1731,1.138071060180664
1732,-3.6016931533813477
1733,4.077249526977539
1734,1.6184015274047852
1735,-3.859992027282715
1736,-11.11762809753418
1737,1.6160125732421875
1738,-4.060057640075684
1739,5.225718975067139
1740,1.701176643371582
1741,-3.928103446960449
1742,-10.979042053222656
1743,1.627335548400879
1744,-4.138424873352051
1745,4.79752254486084
1746,1.5892581939697266
1747,-3.674497604370117
1748,-10.378406524658203
1749,1.460287094116211
1750,-3.8932504653930664
1751,4.043919563293457
1752,1.3821382522583008
1753,2.1756038665771484
1754,-5.916128158569336
1755,1.2609739303588867
1756,1.6246604919433594
1757,-0.018050193786621094
1758,-0.2529287338256836
1759,6.055030822753906
1760,-6.039562225341797
1761,-0.2622709274291992
1762,5.780328750610352
1763,0.7136657238006592
1764,-0.27779102325439453
1765,10.709598541259766
1766,-4.039255142211914
1767,-0.33661937713623047
1768,10.406253814697266
1769,3.127035140991211
1770,-0.09006977081298828
1771,11.503517150878906
1772,-3.80511212348938
1773,-0.17912006378173828
1774,11.121463775634766
1775,3.280853748321533
1776,-1.478628158569336
1777,11.378829956054688
1778,-5.1965789794921875
1779,-1.4837942123413086
1780,11.108936309814453
1781,2.5928850173950195
1782,-3.3154287338256836
1783,-0.258758544921875
1784,-4.400613307952881
1785,-3.3024158477783203
1786,-0.6104564666748047
1787,-4.849937915802002
1788,-3.274765968322754
1789,-0.62982177734375
1790,-4.8510332107543945
1791,-3.246853828430176
1792,-0.6539850234985352
1793,-4.852914333343506
1794,-3.3112716674804688
1795,-0.6455307006835938
1796,-3.894087791442871
1797,-3.288161277770996
1798,-0.6852149963378906
1799,-3.892760753631592
1800,-3.2647876739501953
1801,-0.7317132949829102
1802,-3.8930118083953857
1803,-2.9294023513793945
1804,-0.7543172836303711
1805,-6.139651298522949
1806,-2.953145980834961
1807,-0.8722724914550781
1808,-1.8807109594345093
1809,-3.1413259506225586
1810,-0.06889915466308594
1811,-4.850197792053223
1812,-3.1471261978149414
1813,-0.09823989868164062
1814,-3.601383686065674
1815,-1.737020492553711
1816,0.6141071319580078
1817,-8.14844036102295
1818,-1.7551240921020508
1819,0.06314849853515625
1820,0.6928293704986572
1821,0.1891803741455078
1822,-0.40648460388183594
1823,-9.70096206665039
1824,0.1453104019165039
1825,-0.5318393707275391
1826,2.168900966644287
1827,1.9696674346923828
1828,-0.4491729736328125
1829,-10.428956985473633
1830,1.8227872848510742
1831,-0.6139659881591797
1832,1.952125072479248
1833,2.442612648010254
1834,-0.813603401184082
1835,-11.231803894042969
1836,2.3041601181030273
1837,-0.6906290054321289
1838,2.569622039794922
1839,2.5141496658325195
1840,-0.7902355194091797
1841,-10.924524307250977
1842,2.3030357360839844
1843,-0.6315956115722656
1844,1.909555435180664
1845,2.3203554153442383
1846,-0.5760288238525391
1847,-10.302135467529297
1848,2.0987186431884766
1849,-0.598785400390625
1850,1.6873040199279785
1851,1.366842269897461
1852,2.186481475830078
1853,-5.963403701782227
1854,1.2668476104736328
1855,1.737833023071289
1856,0.030467510223388672
1857,-0.3805370330810547
1858,6.025632858276367
1859,-6.083447456359863
1860,-0.3734312057495117
1861,5.77943229675293
1862,-0.08954453468322754
1863,-0.31826305389404297
1864,10.671262741088867
1865,-4.038529396057129
1866,-0.37969398498535156
1867,10.392913818359375
1868,2.474663734436035
1869,-0.11402702331542969
1870,11.440193176269531
1871,-3.8001487255096436
1872,-0.17993640899658203
1873,11.109724044799805
1874,2.670600414276123
1875,-1.4928874969482422
1876,11.404762268066406
1877,-5.077682971954346
1878,-1.4943933486938477
1879,11.219520568847656
1880,2.1534485816955566
1881,-3.152933120727539
1882,-1.6503162384033203
1883,-5.844753265380859
1884,-3.0783939361572266
1885,-1.9249467849731445
1886,-6.26038932800293
1887,-3.0466508865356445
1888,-1.9223299026489258
1889,-6.261586666107178
1890,-3.0065460205078125
1891,-1.9107751846313477
1892,-6.26310396194458
1893,-3.0786361694335938
1894,-1.9741582870483398
1895,-5.371587753295898
1896,-3.0485591888427734
1897,-2.005331039428711
1898,-5.370628833770752
1899,-3.019639015197754
1900,-2.0391464233398438
1901,-5.370951175689697
1902,-2.643744468688965
1903,-1.8495750427246094
1904,-7.238992691040039
1905,-2.6553592681884766
1906,-2.0775651931762695
1907,-3.243579626083374
1908,-2.954440116882324
1909,-1.3384504318237305
1910,-6.1609721183776855
1911,-2.9578914642333984
1912,-1.3867683410644531
1913,-4.994850158691406
1914,-1.6450071334838867
1915,0.07590675354003906
1916,-9.265569686889648
1917,-1.580592155456543
1918,-0.8687257766723633
1919,-0.10477471351623535
1920,0.15627765655517578
1921,1.1684989929199219
1922,-10.574604034423828
1923,0.1777181625366211
1924,0.2504558563232422
1925,0.964224100112915
1926,1.7923498153686523
1927,3.032991409301758
1928,-10.303215026855469
1929,1.5071849822998047
1930,2.1151580810546875
1931,-0.05726456642150879
1932,2.2184619903564453
1933,3.312997817993164
1934,-11.207321166992188
1935,1.928217887878418
1936,2.4250011444091797
1937,0.41215991973876953
1938,2.2434329986572266
1939,3.5200138092041016
1940,-10.823429107666016
1941,1.914658546447754
1942,2.6939525604248047
1943,-0.48529577255249023
1944,2.07956600189209
1945,3.4125232696533203
1946,-10.128097534179688
1947,1.8045148849487305
1948,2.6578369140625
1949,-0.42504358291625977
1950,1.3582162857055664
1951,2.2087345123291016
1952,-5.965950012207031
1953,1.2594213485717773
1954,1.577676773071289
1955,0.032895803451538086
1956,-0.5095005035400391
1957,6.009515762329102
1958,-4.7989583015441895
1959,-0.5238552093505859
1960,5.703029632568359
1961,1.6088781356811523
1962,-0.3507709503173828
1963,10.601917266845703
1964,-1.808713436126709
1965,-0.4243898391723633
1966,10.070772171020508
1967,5.017408847808838
1968,-0.11669921875
1969,11.32063102722168
1970,-1.5556949377059937
1971,-0.17004966735839844
1972,10.90300178527832
1973,5.281574726104736
1974,-1.487797737121582
1975,11.369192123413086
1976,-2.6762583255767822
1977,-1.4707317352294922
1978,10.90896224975586
1979,4.655757904052734
1980,-2.940505027770996
1981,-2.946704864501953
1982,-5.8171796798706055
1983,-2.820004463195801
1984,-3.270742416381836
1985,-6.064925670623779
1986,-2.784134864807129
1987,-3.267756462097168
1988,-6.062774658203125
1989,-2.7428483963012695
1990,-3.264348030090332
1991,-6.065588474273682
1992,-2.82376766204834
1993,-3.320964813232422
1994,-5.14235782623291
1995,-2.793145179748535
1996,-3.3488264083862305
1997,-5.140995502471924
1998,-2.761747360229492
1999,-3.381702423095703
2000,-5.14040994644165
2001,-2.403101921081543
2002,-3.1559314727783203
2003,-6.920242786407471
2004,-2.4356441497802734
2005,-3.3119659423828125
2006,-2.8973774909973145
2007,-2.766477584838867
2008,-2.6207780838012695
2009,-5.935214042663574
2010,-2.7816162109375
2011,-2.6451473236083984
2012,-4.702662467956543
2013,-1.4752979278564453
2014,-0.6503744125366211
2015,-8.86141586303711
2016,-1.3509044647216797
2017,-1.4239234924316406
2018,0.002883434295654297
2019,-0.0894308090209961
2020,2.246126174926758
2021,-9.239639282226562
2022,-0.05890178680419922
2023,1.4107398986816406
2024,1.1278176307678223
2025,0.5172996520996094
2026,5.305133819580078
2027,-7.228216171264648
2028,0.5494680404663086
2029,4.510244369506836
2030,0.011295318603515625
2031,0.867466926574707
2032,6.112659454345703
2033,-7.997407913208008
2034,0.5090723037719727
2035,4.973897933959961
2036,0.21051621437072754
2037,0.6832313537597656
2038,6.314342498779297
2039,-7.668153762817383
2040,0.5249252319335938
2041,5.080438613891602
2042,-0.6054153442382812
2043,0.5499105453491211
2044,6.050596237182617
2045,-7.045386791229248
2046,0.5647468566894531
2047,4.915754318237305
2048,-0.3724381923675537
2049,1.2132349014282227
2050,2.3995285034179688
2051,-5.853271007537842
2052,1.2310972213745117
2053,1.7481155395507812
2054,-0.0808725357055664
2055,-0.8314800262451172
2056,5.967769622802734
2057,-4.850752830505371
2058,-0.7402839660644531
2059,5.394899368286133
2060,2.2560348510742188
2061,-0.47508716583251953
2062,10.558891296386719
2063,-2.027167558670044
2064,0.06805038452148438
2065,7.8838958740234375
2066,5.759392261505127
2067,-0.19018268585205078
2068,11.24599838256836
2069,-1.7637057304382324
2070,0.35712337493896484
2071,8.186212539672852
2072,6.060276508331299
2073,-1.554962158203125
2074,11.373126983642578
2075,-2.649298906326294
2076,-0.4784975051879883
2077,8.904420852661133
2078,5.6865763664245605
2079,-2.488252639770508
2080,-3.4366846084594727
2081,-5.924816608428955
2082,-2.403000831604004
2083,-3.7721519470214844
2084,-6.502247333526611
2085,-2.3707828521728516
2086,-3.7772979736328125
2087,-6.5035834312438965
2088,-2.335886001586914
2089,-3.7874555587768555
2090,-6.505228042602539
2091,-2.405562400817871
2092,-3.810619354248047
2093,-5.550489902496338
2094,-2.3768606185913086
2095,-3.8392505645751953
2096,-5.5504374504089355
2097,-2.3448562622070312
2098,-3.876302719116211
2099,-5.550837993621826
2100,-1.9874067306518555
2101,-3.742608070373535
2102,-7.808680534362793
2103,-2.0009870529174805
2104,-3.8639755249023438
2105,-3.5355892181396484
2106,-2.293158531188965
2107,-3.1362056732177734
2108,-6.310739517211914
2109,-2.300342559814453
2110,-3.1395139694213867
2111,-5.0570597648620605
2112,-1.1676607131958008
2113,-1.0312786102294922
2114,-10.015725135803223
2115,-0.9938936233520508
2116,-1.7459564208984375
2117,-0.20450758934020996
2118,-1.3039674758911133
2119,2.4265289306640625
2120,-10.963757514953613
2121,-1.1463136672973633
2122,1.603281021118164
2123,0.4290010929107666
2124,-2.245488166809082
2125,5.384490966796875
2126,-9.120132446289062
2127,-2.04677677154541
2128,4.5459136962890625
2129,-1.4243414402008057
2130,-2.3434104919433594
2131,6.254934310913086
2132,-9.427227020263672
2133,-2.2000207901000977
2134,4.830743789672852
2135,-1.203144907951355
2136,-2.4358348846435547
2137,6.165548324584961
2138,-9.75251579284668
2139,-2.234485626220703
2140,4.896757125854492
2141,-2.182401657104492
2142,-2.390514373779297
2143,5.910543441772461
2144,-9.07859992980957
2145,-2.1349401473999023
2146,4.893293380737305
2147,-1.8898383378982544
2148,1.1715373992919922
2149,2.774505615234375
2150,-6.030577659606934
2151,1.0339345932006836
2152,2.211071014404297
2153,0.09684300422668457
2154,-1.053685188293457
2155,6.033754348754883
2156,-5.091988563537598
2157,-1.0762290954589844
2158,5.490169525146484
2159,1.9935483932495117
2160,-0.5525503158569336
2161,10.56723403930664
2162,-2.1815507411956787
2163,-0.5294466018676758
2164,9.17902946472168
2165,4.738107204437256
2166,-0.2637147903442383
2167,11.263216018676758
2168,-1.9152179956436157
2169,-0.22577476501464844
2170,9.958234786987305
2171,5.045891284942627
2172,-1.6834020614624023
2173,11.355838775634766
2174,-2.894214630126953
2175,-1.4576501846313477
2176,10.285945892333984
2177,4.470590114593506
2178,-1.8219738006591797
2179,-3.9236583709716797
2180,-4.564009666442871
2181,-1.7212944030761719
2182,-4.300480842590332
2183,-5.0932087898254395
2184,-1.6923866271972656
2185,-4.306595802307129
2186,-5.093940734863281
2187,-1.6496219635009766
2188,-4.307744979858398
2189,-5.095069885253906
2190,-1.720534324645996
2191,-4.32438850402832
2192,-4.17130184173584
2193,-1.694356918334961
2194,-4.345539093017578
2195,-4.171525001525879
2196,-1.6588325500488281
2197,-4.383537292480469
2198,-4.171731948852539
2199,-1.3501653671264648
2200,-4.210699081420898
2201,-6.203322410583496
2202,-1.364121437072754
2203,-4.307659149169922
2204,-2.086442470550537
2205,-1.6905813217163086
2206,-3.5930747985839844
2207,-4.927160263061523
2208,-1.696976661682129
2209,-3.617208480834961
2210,-3.7169113159179688
2211,-0.8379955291748047
2212,-1.855316162109375
2213,-8.689258575439453
2214,-0.7019424438476562
2215,-1.9963397979736328
2216,0.7240607738494873
2217,-2.2086734771728516
2218,1.5615081787109375
2219,-10.391674041748047
2220,-2.191608428955078
2221,0.8841609954833984
2222,0.9402532577514648
2223,-3.9627180099487305
2224,3.504871368408203
2225,-9.624141693115234
2226,-3.7876596450805664
2227,2.2406463623046875
2228,-0.6543252468109131
2229,-4.471072196960449
2230,3.6311702728271484
2231,-10.265892028808594
2232,-4.209611892700195
2233,2.2291603088378906
2234,-0.6198065280914307
2235,-4.476343154907227
2236,4.939382553100586
2237,-10.153589248657227
2238,-4.298226356506348
2239,2.3595542907714844
2240,-1.5578628778457642
2241,-4.309988975524902
2242,5.549165725708008
2243,-9.462594985961914
2244,-4.160619735717773
2245,2.394073486328125
2246,-1.1400909423828125
2247,1.0472145080566406
2248,3.1330318450927734
2249,-6.052273273468018
2250,0.9444446563720703
2251,2.7353668212890625
2252,0.11812043190002441
2253,-1.409611701965332
2254,6.22943115234375
2255,-5.973919868469238
2256,-1.3833656311035156
2257,5.756324768066406
2258,-0.11089444160461426
2259,-0.6700124740600586
2260,10.612606048583984
2261,-3.2223758697509766
2262,-0.7256040573120117
2263,9.847648620605469
2264,3.0384654998779297
2265,-0.3740863800048828
2266,11.325029373168945
2267,-2.8904409408569336
2268,-0.4275979995727539
2269,10.730369567871094
2270,3.374222755432129
2271,-1.8184137344360352
2272,11.365945816040039
2273,-3.49702787399292
2274,-1.748185157775879
2275,10.664833068847656
2276,2.8916244506835938
2277,-1.3871746063232422
2278,-4.394021034240723
2279,-7.464174747467041
2280,-1.233734130859375
2281,-4.741303443908691
2282,-8.020874977111816
2283,-1.1998558044433594
2284,-4.723487854003906
2285,-8.021873474121094
2286,-1.1630859375
2287,-4.700248718261719
2288,-8.024576187133789
2289,-1.2424144744873047
2290,-4.78542423248291
2291,-7.156808376312256
2292,-1.2173433303833008
2293,-4.799696922302246
2294,-7.157073497772217
2295,-1.1689348220825195
2296,-4.841229438781738
2297,-7.156857967376709
2298,-0.80340576171875
2299,-4.483242034912109
2300,-9.169897079467773
2301,-0.8381080627441406
2302,-4.621926307678223
2303,-5.264084815979004
2304,-1.2589731216430664
2305,-3.9587087631225586
2306,-7.8052287101745605
2307,-1.3042402267456055
2308,-4.04755973815918
2309,-6.659701347351074
2310,-0.5927953720092773
2311,-2.1156225204467773
2312,-10.861455917358398
2313,-0.47168636322021484
2314,-2.5791196823120117
2315,-2.7796523571014404
2316,-2.6051063537597656
2317,-1.5842008590698242
2318,-13.031881332397461
2319,-2.4536380767822266
2320,-1.948939323425293
2321,-1.9640275239944458
2322,-4.291125297546387
2323,-2.734402656555176
2324,-13.693748474121094
2325,-4.098895072937012
2326,-2.9646100997924805
2327,-3.8991947174072266
2328,-4.779544830322266
2329,-3.1132421493530273
2330,-15.268623352050781
2331,-4.463950157165527
2332,-3.345953941345215
2333,-4.255496025085449
2334,-4.743779182434082
2335,-3.351713180541992
2336,-14.805803298950195
2337,-4.595061302185059
2338,-3.490245819091797
2339,-5.193551063537598
2340,-4.604588508605957
2341,-3.2039566040039062
2342,-13.63389778137207
2343,-4.4757843017578125
2344,-3.346808433532715
2345,-4.402102947235107
2346,0.8070049285888672
2347,3.6486968994140625
2348,-5.866923809051514
2349,0.7538747787475586
2350,3.0282669067382812
2351,-0.06638360023498535
2352,-1.7715435028076172
2353,6.512777328491211
2354,-5.552494049072266
2355,-1.6959056854248047
2356,5.934028625488281
2357,0.25397467613220215
2358,-0.8169832229614258
2359,10.629451751708984
2360,-1.6458213329315186
2361,-0.9118137359619141
2362,9.95248794555664
2363,4.686354637145996
2364,-0.4173927307128906
2365,11.366416931152344
2366,-1.2213752269744873
2367,-0.5389823913574219
2368,10.842374801635742
2369,5.175014972686768
2370,-1.8839778900146484
2371,11.426595687866211
2372,-1.4248757362365723
2373,-1.8432235717773438
2374,10.927207946777344
2375,4.9699249267578125
2376,-0.9031076431274414
2377,-4.800925254821777
2378,-6.475245952606201
2379,-0.7041292190551758
2380,-5.095370292663574
2381,-6.960740566253662
2382,-0.6760120391845703
2383,-5.068825721740723
2384,-6.963829040527344
2385,-0.641169548034668
2386,-5.043283462524414
2387,-6.965785503387451
2388,-0.7029943466186523
2389,-5.128564834594727
2390,-5.914176940917969
2391,-0.6677656173706055
2392,-5.129766464233398
2393,-5.914740085601807
2394,-0.6310081481933594
2395,-5.134185791015625
2396,-5.917812824249268
2397,-0.3697853088378906
2398,-4.627693176269531
2399,-7.94196081161499
2400,-0.3126096725463867
2401,-4.768697738647461
2402,-3.81140398979187
2403,-0.875676155090332
2404,-4.340385437011719
2405,-6.84250545501709
2406,-0.8821725845336914
2407,-4.397435188293457
2408,-5.483415603637695
2409,-0.4651823043823242
2410,-2.5750722885131836
2411,-9.545766830444336
2412,0.03616523742675781
2413,-2.9079055786132812
2414,-1.3994245529174805
2415,-2.09906005859375
2416,-4.539393424987793
2417,-11.469161987304688
2418,-1.765970230102539
2419,-4.634978294372559
2420,-0.4213752746582031
2421,-3.1027679443359375
2422,-7.382584571838379
2423,-11.96632194519043
2424,-2.7525367736816406
2425,-6.930835723876953
2426,-1.1573117971420288
2427,-3.2064027786254883
2428,-7.641139030456543
2429,-13.198633193969727
2430,-2.669062614440918
2431,-7.4017438888549805
2432,-0.2996046543121338
2433,-2.9922122955322266
2434,-7.817532539367676
2435,-12.75602912902832
2436,-2.708401679992676
2437,-7.631263732910156
2438,-1.1406183242797852
2439,-2.978287696838379
2440,-7.726248741149902
2441,-11.857715606689453
2442,-2.7634153366088867
2443,-7.416618347167969
2444,-1.5185225009918213
2445,0.421173095703125
2446,3.7578868865966797
2447,-5.681150913238525
2448,0.5321788787841797
2449,3.0969619750976562
2450,-0.25484585762023926
2451,-1.9981889724731445
2452,6.683473587036133
2453,-4.4486212730407715
2454,-1.884455680847168
2455,6.098806381225586
2456,0.39493823051452637
2457,-0.9895992279052734
2458,10.659809112548828
2459,-1.1823062896728516
2460,-1.084427833557129
2461,9.951059341430664
2462,4.559005260467529
2463,-0.5969839096069336
2464,11.369226455688477
2465,-0.7720668315887451
2466,-0.6963777542114258
2467,10.402669906616211
2468,4.7805280685424805
2469,-1.9826030731201172
2470,11.529504776000977
2471,-0.4488668441772461
2472,-1.8983783721923828
2473,10.905200958251953
2474,4.2177300453186035
2475,-0.4280662536621094
2476,-5.721192359924316
2477,-4.93773078918457
2478,-0.26430797576904297
2479,-5.870075225830078
2480,-5.436766624450684
2481,-0.23839473724365234
2482,-5.836458206176758
2483,-5.438712120056152
2484,-0.21456432342529297
2485,-5.80863094329834
2486,-5.441018104553223
2487,-0.2878389358520508
2488,-5.905241012573242
2489,-4.516797065734863
2490,-0.2764558792114258
2491,-5.898858070373535
2492,-4.516536712646484
2493,-0.26270008087158203
2494,-5.898144721984863
2495,-4.518408298492432
2496,-0.12430381774902344
2497,-5.388348579406738
2498,-6.822898864746094
2499,-0.06563186645507812
2500,-5.456352233886719
2501,-2.8078055381774902
2502,-0.4053821563720703
2503,-5.290035247802734
2504,-5.382139205932617
2505,-0.43804168701171875
2506,-5.341962814331055
2507,-4.179326057434082
2508,-0.36599159240722656
2509,-3.64711856842041
2510,-8.649654388427734
2511,0.05787372589111328
2512,-3.5619029998779297
2513,-1.2654246091842651
2514,-1.6502056121826172
2515,-6.581524848937988
2516,-11.45295524597168
2517,-0.8418655395507812
2518,-5.489846229553223
2519,2.1195149421691895
2520,-1.9453630447387695
2521,-9.99703598022461
2522,-12.536233901977539
2523,-0.6464710235595703
2524,-7.360129356384277
2525,1.4165492057800293
2526,-1.9565744400024414
2527,-10.68547534942627
2528,-13.774650573730469
2529,-0.3484830856323242
2530,-7.755075454711914
2531,1.4740185737609863
2532,-2.312257766723633
2533,-10.831931114196777
2534,-13.363700866699219
2535,-0.3312950134277344
2536,-7.872998237609863
2537,0.8916327953338623
2538,-2.2075767517089844
2539,-10.573131561279297
2540,-12.436033248901367
2541,-0.4910087585449219
2542,-7.748608589172363
2543,1.0946869850158691
2544,0.08406829833984375
2545,3.426332473754883
2546,-5.73260498046875
2547,0.16194629669189453
2548,2.7895145416259766
2549,-0.20281505584716797
2550,-2.196269989013672
2551,6.592966079711914
2552,-5.174059867858887
2553,-1.952432632446289
2554,5.952606201171875
2555,0.47211694717407227
2556,-1.100480079650879
2557,10.668205261230469
2558,-2.4392147064208984
2559,-1.1104679107666016
2560,9.54456901550293
2561,4.331848621368408
2562,-0.6729202270507812
2563,11.370105743408203
2564,-2.0299792289733887
2565,-0.7567548751831055
2566,9.933307647705078
2567,4.482238292694092
2568,-2.104991912841797
2569,11.645641326904297
2570,-2.189838409423828
2571,-1.963404655456543
2572,10.897659301757812
2573,4.079653739929199
2574,0.01990985870361328
2575,-7.153349876403809
2576,-4.623387813568115
2577,0.260894775390625
2578,-7.223416328430176
2579,-5.06546688079834
2580,0.28880786895751953
2581,-7.185469627380371
2582,-5.06673526763916
2583,0.31353092193603516
2584,-7.151224136352539
2585,-5.068900108337402
2586,0.2549467086791992
2587,-7.251711845397949
2588,-4.204165935516357
2589,0.2777862548828125
2590,-7.2319841384887695
2591,-4.202792167663574
2592,0.29913806915283203
2593,-7.2145280838012695
2594,-4.202482223510742
2595,0.4603300094604492
2596,-6.656316757202148
2597,-6.39279842376709
2598,0.4732246398925781
2599,-6.735674858093262
2600,-2.5000803470611572
2601,0.04415321350097656
2602,-6.772184371948242
2603,-5.073193073272705
2604,0.032380104064941406
2605,-6.793906211853027
2606,-3.9306657314300537
2607,-0.007343292236328125
2608,-4.892848968505859
2609,-8.212736129760742
2610,0.12444305419921875
2611,-4.875916481018066
2612,-0.8462657928466797
2613,-0.3566741943359375
2614,-8.200423240661621
2615,-11.149553298950195
2616,-0.17565250396728516
2617,-7.978852272033691
2618,1.0642237663269043
2619,0.6738042831420898
2620,-11.004656791687012
2621,-11.76228141784668
2622,0.6172685623168945
2623,-10.317781448364258
2624,-1.0876073837280273
2625,0.8157777786254883
2626,-11.54419994354248
2627,-13.425621032714844
2628,0.953923225402832
2629,-10.958711624145508
2630,-1.4158005714416504
2631,0.929408073425293
2632,-11.570770263671875
2633,-12.957923889160156
2634,1.0201091766357422
2635,-10.960626602172852
2636,-1.8418093919754028
2637,0.8739891052246094
2638,-11.34814739227295
2639,-11.796285629272461
2640,0.9107255935668945
2641,-10.796272277832031
2642,-1.4280612468719482
2643,-0.3583250045776367
2644,2.7985973358154297
2645,-5.742542266845703
2646,-0.34392261505126953
2647,2.2010879516601562
2648,-0.1949770450592041
2649,-2.1961984634399414
2650,6.468198776245117
2651,-4.908440589904785
2652,-1.9204216003417969
2653,4.905216217041016
2654,1.0443005561828613
2655,-1.3151235580444336
2656,10.571779251098633
2657,-2.928286552429199
2658,-1.5654354095458984
2659,8.436885833740234
2660,4.220807075500488
2661,-0.9318695068359375
2662,11.296384811401367
2663,-2.7752585411071777
2664,-1.2700519561767578
2665,8.896446228027344
2666,4.4305901527404785
2667,-2.3516578674316406
2668,11.76324462890625
2669,-3.9812121391296387
2670,-2.169325828552246
2671,9.768867492675781
2672,3.9954471588134766
2673,0.6521739959716797
2674,-8.09271240234375
2675,-4.416848182678223
2676,0.9074287414550781
2677,-8.04742431640625
2678,-4.868065357208252
2679,0.9399623870849609
2680,-8.003377914428711
2681,-4.868415355682373
2682,0.9673261642456055
2683,-7.96868896484375
2684,-4.871043682098389
2685,0.9041376113891602
2686,-8.072869300842285
2687,-4.135852813720703
2688,0.9333524703979492
2689,-8.046544075012207
2690,-4.134400367736816
2691,0.9573221206665039
2692,-8.027701377868652
2693,-4.133984565734863
2694,1.0590438842773438
2695,-7.412371635437012
2696,-6.1511383056640625
2697,1.0300827026367188
2698,-7.481794357299805
2699,-2.7167558670043945
2700,0.6568565368652344
2701,-7.665121078491211
2702,-4.837179660797119
2703,0.6309270858764648
2704,-7.682271957397461
2705,-3.8679795265197754
2706,0.4238100051879883
2707,-5.721269607543945
2708,-7.345681667327881
2709,0.4490070343017578
2710,-5.879403114318848
2711,-1.2056732177734375
2712,0.8546791076660156
2713,-8.834619522094727
2714,-8.519911766052246
2715,0.8754711151123047
2716,-8.66250991821289
2717,0.44254159927368164
2718,2.1567907333374023
2719,-10.466400146484375
2720,-7.804193019866943
2721,1.8708209991455078
2722,-9.996941566467285
2723,-0.5469739437103271
2724,2.981095314025879
2725,-10.708553314208984
2726,-8.441215515136719
2727,2.4280290603637695
2728,-10.037336349487305
2729,-0.7590391635894775
2730,3.118403434753418
2731,-10.414021492004395
2732,-8.468583106994629
2733,2.4507761001586914
2734,-9.98757553100586
2735,-1.1990419626235962
2736,2.6836748123168945
2737,-10.38121223449707
2738,-7.847060203552246
2739,2.2881813049316406
2740,-10.175105094909668
2741,-0.8508336544036865
2742,-0.7297344207763672
2743,1.1756725311279297
2744,-5.274924278259277
2745,-0.7365016937255859
2746,0.5871562957763672
2747,-0.6588466167449951
2748,-2.0941972732543945
2749,5.667854309082031
2750,-4.700994491577148
2751,-1.1207866668701172
2752,0.18618202209472656
2753,2.1190762519836426
2754,-1.5584993362426758
2755,10.183629989624023
2756,-3.6729989051818848
2757,-0.5430402755737305
2758,1.1815509796142578
2759,4.484609603881836
2760,-1.1259584426879883
2761,10.813770294189453
2762,-3.6854145526885986
2763,-0.3476085662841797
2764,1.4100589752197266
2765,4.6540913581848145
2766,-2.4363107681274414
2767,11.596946716308594
2768,-5.590995788574219
2769,-0.6339130401611328
2770,1.2240791320800781
2771,4.421696186065674
2772,1.5499582290649414
2773,-7.902617454528809
2774,-6.1048583984375
2775,1.8281774520874023
2776,-7.652799606323242
2777,-6.633487224578857
2778,1.8299369812011719
2779,-7.621639251708984
2780,-6.6325483322143555
2781,1.8220348358154297
2782,-7.606646537780762
2783,-6.634355545043945
2784,1.84228515625
2785,-7.66551399230957
2786,-5.957292556762695
2787,1.855936050415039
2788,-7.640586853027344
2789,-5.956674575805664
2790,1.8557376861572266
2791,-7.529590606689453
2792,-5.955273628234863
2793,1.672135353088379
2794,-7.092497825622559
2795,-7.938424110412598
2796,1.7042608261108398
2797,-7.103240966796875
2798,-4.844064712524414
2799,1.4232587814331055
2800,-7.618366241455078
2801,-6.497056007385254
2802,1.4296684265136719
2803,-7.642482757568359
2804,-5.593189239501953
2805,0.668400764465332
2806,-6.175751686096191
2807,-8.558096885681152
2808,0.9103708267211914
2809,-6.128087043762207
2810,-3.1067404747009277
2811,1.6803054809570312
2812,-9.551868438720703
2813,-10.976850509643555
2814,1.8966827392578125
2815,-8.721213340759277
2816,-2.030029296875
2817,3.478034019470215
2818,-11.086844444274902
2819,-12.741823196411133
2820,2.9764013290405273
2821,-9.728353500366211
2822,-3.58268141746521
2823,3.916762351989746
2824,-11.31210708618164
2825,-13.924224853515625
2826,3.373410224914551
2827,-9.782285690307617
2828,-3.848310947418213
2829,4.0529279708862305
2830,-10.95953369140625
2831,-13.815471649169922
2832,3.24497127532959
2833,-9.862117767333984
2834,-4.475229740142822
2835,3.80606746673584
2836,-10.993974685668945
2837,-12.799707412719727
2838,3.1693220138549805
2839,-9.828651428222656
2840,-3.9254448413848877
2841,-1.0328006744384766
2842,-0.36223411560058594
2843,-5.129957675933838
2844,-0.7060613632202148
2845,-0.9874706268310547
2846,-0.8093688488006592
2847,-2.357492446899414
2848,4.108530044555664
2849,-5.709272384643555
2850,0.6815919876098633
2851,-4.320751190185547
2852,3.7203269004821777
2853,-1.8152761459350586
2854,8.952606201171875
2855,-4.899369716644287
2856,1.519892692565918
2857,-4.407001495361328
2858,8.641912460327148
2859,-1.3612451553344727
2860,9.565361022949219
2861,-4.83543062210083
2862,1.572988510131836
2863,-4.631653785705566
2864,9.038883209228516
2865,-2.4338998794555664
2866,10.969293594360352
2867,-6.655653953552246
2868,2.03330135345459
2869,-4.835028648376465
2870,8.993173599243164
2871,2.4049081802368164
2872,-7.86378288269043
2873,-4.083700180053711
2874,2.547051429748535
2875,-7.6241044998168945
2876,-4.4711384773254395
2877,2.5279970169067383
2878,-7.595926284790039
2879,-4.472377777099609
2880,2.5050973892211914
2881,-7.5758867263793945
2882,-4.474541187286377
2883,2.576601982116699
2884,-7.588111877441406
2885,-3.659574270248413
2886,2.579512596130371
2887,-7.532412528991699
2888,-3.660311222076416
2889,2.578110694885254
2890,-7.472402572631836
2891,-3.659557342529297
2892,2.242732048034668
2893,-7.266929626464844
2894,-5.779252052307129
2895,2.324366569519043
2896,-7.170588493347168
2897,-2.045053482055664
2898,2.1464691162109375
2899,-7.71604061126709
2900,-4.561749458312988
2901,2.1707897186279297
2902,-7.682870864868164
2903,-3.491292953491211
2904,1.1762819290161133
2905,-6.635538101196289
2906,-7.783508777618408
2907,1.3194246292114258
2908,-6.417149543762207
2909,-0.37493324279785156
2910,2.2621259689331055
2911,-9.696487426757812
2912,-10.667840003967285
2913,2.204181671142578
2914,-9.323864936828613
2915,0.21747422218322754
2916,3.962704658508301
2917,-11.255444526672363
2918,-11.737922668457031
2919,3.5347070693969727
2920,-10.797784805297852
2921,-3.205826759338379
2922,4.211882591247559
2923,-11.721406936645508
2924,-12.783973693847656
2925,3.8317346572875977
2926,-11.142143249511719
2927,-1.924760341644287
2928,4.445767402648926
2929,-11.216796875
2930,-12.689678192138672
2931,3.8375253677368164
2932,-11.028353691101074
2933,-3.8300812244415283
2934,4.211770057678223
2935,-11.271745681762695
2936,-11.738807678222656
2937,3.738409996032715
2938,-11.004837989807129
2939,-3.403432846069336
2940,-1.0774755477905273
2941,-1.3610258102416992
2942,-5.141084671020508
2943,-0.772791862487793
2944,-1.4043655395507812
2945,-0.8004641532897949
2946,-2.9389047622680664
2947,2.5526256561279297
2948,-6.639917373657227
2949,-2.2267446517944336
2950,0.4211387634277344
2951,-0.20432233810424805
2952,-1.9350099563598633
2953,6.746429443359375
2954,-4.986819267272949
2955,-1.5897674560546875
2956,-3.244760513305664
2957,1.9783411026000977
2958,-1.5216407775878906
2959,6.751420974731445
2960,-4.787470817565918
2961,-1.1475944519042969
2962,0.5598983764648438
2963,2.131347179412842
2964,-2.3270769119262695
2965,9.263935089111328
2966,-6.0500311851501465
2967,-1.4773855209350586
2968,5.69670295715332
2969,0.7780725955963135
2970,2.9977025985717773
2971,-7.432787895202637
2972,-3.704282283782959
2973,3.0989885330200195
2974,-7.112053871154785
2975,-4.047036647796631
2976,3.0818071365356445
2977,-7.075003623962402
2978,-4.047779083251953
2979,3.0611963272094727
2980,-7.048469543457031
2981,-4.049594402313232
2982,3.0985212326049805
2983,-7.0878753662109375
2984,-3.263050079345703
2985,3.0840635299682617
2986,-7.03474235534668
2987,-3.2637405395507812
2988,3.066939353942871
2989,-6.987500190734863
2990,-3.263707160949707
2991,2.7478837966918945
2992,-6.814018249511719
2993,-5.175382137298584
2994,2.785294532775879
2995,-6.675955772399902
2996,-1.5941753387451172
2997,2.75369930267334
2998,-7.365715980529785
2999,-4.126394271850586
3000,2.7760419845581055
3001,-7.322200775146484
3002,-3.0923542976379395
3003,1.5674161911010742
3004,-6.683194160461426
3005,-7.364671230316162
3006,1.6430349349975586
3007,-6.394275665283203
3008,0.32004451751708984
3009,2.3421716690063477
3010,-9.651578903198242
3011,-9.967814445495605
3012,2.2967967987060547
3013,-9.18948745727539
3014,0.9600491523742676
3015,4.020808219909668
3016,-11.462627410888672
3017,-10.634025573730469
3018,3.4080705642700195
3019,-10.888545989990234
3020,-3.1455535888671875
3021,4.2415971755981445
3022,-11.976634979248047
3023,-11.876045227050781
3024,3.6067724227905273
3025,-11.44002914428711
3026,-1.468833565711975
3027,4.421587944030762
3028,-11.527604103088379
3029,-11.303529739379883
3030,3.5240983963012695
3031,-11.272176742553711
3032,-3.4310762882232666
3033,4.32132625579834
3034,-11.529220581054688
3035,-10.504636764526367
3036,3.6712446212768555
3037,-11.179864883422852
3038,-2.9839439392089844
3039,-0.9877910614013672
3040,-1.7931671142578125
3041,-5.216742038726807
3042,-0.8086652755737305
3043,-1.7345695495605469
3044,-0.7256309986114502
3045,-3.4879798889160156
3046,0.7170162200927734
3047,-7.697587490081787
3048,-2.999453544616699
3049,0.41396522521972656
3050,-0.8824253082275391
3051,-2.1073455810546875
3052,4.532321929931641
3053,-4.717459678649902
3054,-2.097468376159668
3055,2.899839401245117
3056,1.7916388511657715
3057,-1.6735868453979492
3058,4.483818054199219
3059,-4.394336700439453
3060,-1.6206512451171875
3061,3.5433177947998047
3062,1.9836235046386719
3063,-2.3276424407958984
3064,6.848640441894531
3065,-4.707366943359375
3066,-2.154524803161621
3067,6.169504165649414
3068,1.4808621406555176
3069,3.155076026916504
3070,-7.248834609985352
3071,-3.721872091293335
3072,3.282158851623535
3073,-6.9177656173706055
3074,-4.05806827545166
3075,3.269852638244629
3076,-6.877371788024902
3077,-4.058249473571777
3078,3.2573728561401367
3079,-6.845391273498535
3080,-4.059700965881348
3081,3.2845239639282227
3082,-6.898237228393555
3083,-3.3344509601593018
3084,3.2756223678588867
3085,-6.845392227172852
3086,-3.334719181060791
3087,3.2659807205200195
3088,-6.800284385681152
3089,-3.3346991539001465
3090,3.0055646896362305
3091,-6.585040092468262
3092,-5.076835632324219
3093,3.023776054382324
3094,-6.511737823486328
3095,-1.8066954612731934
3096,2.9039812088012695
3097,-7.221384048461914
3098,-4.09800386428833
3099,2.8918943405151367
3100,-7.209527015686035
3101,-3.149517059326172
3102,1.8418846130371094
3103,-6.578907012939453
3104,-7.0542778968811035
3105,1.9005069732666016
3106,-6.265641212463379
3107,0.21373796463012695
3108,2.3515405654907227
3109,-9.754039764404297
3110,-9.066848754882812
3111,2.2719268798828125
3112,-9.294862747192383
3113,1.0269443988800049
3114,3.7586488723754883
3115,-11.773651123046875
3116,-8.963823318481445
3117,2.9280500411987305
3118,-10.847230911254883
3119,-1.8418692350387573
3120,4.075295448303223
3121,-12.452966690063477
3122,-10.047664642333984
3123,3.2211618423461914
3124,-11.117290496826172
3125,-1.030869722366333
3126,4.250414848327637
3127,-12.217077255249023
3128,-9.458126068115234
3129,3.203854560852051
3130,-11.087469100952148
3131,-2.567751169204712
3132,4.174481391906738
3133,-12.038317680358887
3134,-8.804929733276367
3135,3.12545108795166
3136,-11.046335220336914
3137,-1.8454506397247314
3138,-1.0295219421386719
3139,-1.9052057266235352
3140,-5.354877471923828
3141,-0.8985280990600586
3142,-2.007568359375
3143,-0.5844519138336182
3144,-3.906496047973633
3145,-1.9182300567626953
3146,-6.961188316345215
3147,-3.3517980575561523
3148,-1.970773696899414
3149,-0.4783620834350586
3150,-2.557952880859375
3151,1.9089832305908203
3152,-4.439220905303955
3153,-2.446194648742676
3154,1.403665542602539
3155,2.074125289916992
3156,-2.1106796264648438
3157,1.9564094543457031
3158,-4.142974853515625
3159,-1.9333667755126953
3160,1.5131416320800781
3161,2.15041446685791
3162,-2.6005859375
3163,4.175577163696289
3164,-2.567936897277832
3165,-2.3970584869384766
3166,3.539093017578125
3167,2.3361854553222656
3168,3.1621084213256836
3169,-6.875312805175781
3170,-4.646541595458984
3171,3.3326730728149414
3172,-6.698239326477051
3173,-5.033291339874268
3174,3.3196420669555664
3175,-6.687848091125488
3176,-5.032513618469238
3177,3.3055105209350586
3178,-6.69454288482666
3179,-5.031908988952637
3180,3.3602418899536133
3181,-6.673764228820801
3182,-4.464312553405762
3183,3.3663129806518555
3184,-6.639413833618164
3185,-4.465509414672852
3186,3.3697214126586914
3187,-6.607213973999023
3188,-4.465174198150635
3189,3.141512870788574
3190,-6.547786712646484
3191,-6.0787248611450195
3192,3.2198095321655273
3193,-6.391667366027832
3194,-3.520616054534912
3195,2.9223031997680664
3196,-6.774899482727051
3197,-5.00269889831543
3198,2.96250057220459
3199,-6.78525447845459
3200,-4.26735258102417
3201,1.8093318939208984
3202,-6.105725288391113
3203,-7.954760551452637
3204,2.0927820205688477
3205,-5.899971961975098
3206,-1.5644009113311768
3207,2.0106420516967773
3208,-9.5515775680542
3209,-9.222746849060059
3210,2.232473373413086
3211,-8.253539085388184
3212,-0.37070798873901367
3213,3.135556221008301
3214,-12.047561645507812
3215,-9.419750213623047
3216,2.673464775085449
3217,-9.907386779785156
3218,-1.5454241037368774
3219,3.4180898666381836
3220,-13.037840843200684
3221,-10.437865257263184
3222,2.8710851669311523
3223,-10.13109016418457
3224,-1.397484540939331
3225,3.620896339416504
3226,-12.80278205871582
3227,-9.995391845703125
3228,2.865166664123535
3229,-10.218289375305176
3230,-2.130030632019043
3231,3.492403984069824
3232,-12.493175506591797
3233,-9.299386024475098
3234,2.7791929244995117
3235,-10.184741973876953
3236,-1.821323037147522
3237,-1.0458765029907227
3238,-1.9280290603637695
3239,-5.3988752365112305
3240,-0.8316841125488281
3241,-2.289872169494629
3242,-0.5387105941772461
3243,-3.638739585876465
3244,-4.563878059387207
3245,-6.753811359405518
3246,-3.132305145263672
3247,-4.545954704284668
3248,0.0775291919708252
3249,-3.0891189575195312
3250,0.3628578186035156
3251,-4.351428985595703
3252,-2.8854246139526367
3253,-0.13005447387695312
3254,2.194326877593994
3255,-2.715578079223633
3256,0.7961139678955078
3257,-4.032299995422363
3258,-2.464118003845215
3259,0.1439495086669922
3260,2.278045177459717
3261,-3.532379150390625
3262,1.9986152648925781
3263,-1.732375144958496
3264,-3.3040781021118164
3265,1.6034603118896484
3266,2.981785297393799
3267,3.15567684173584
3268,-6.789052963256836
3269,-5.823694229125977
3270,3.326136589050293
3271,-6.350211143493652
3272,-6.28702449798584
3273,3.314639091491699
3274,-6.299859046936035
3275,-6.287644386291504
3276,3.3038434982299805
3277,-6.260638236999512
3278,-6.288691520690918
3279,3.368220329284668
3280,-6.358386993408203
3281,-5.603338718414307
3282,3.3853635787963867
3283,-6.313394546508789
3284,-5.604635238647461
3285,3.4007349014282227
3286,-6.280117034912109
3287,-5.604071617126465
3288,3.1827077865600586
3289,-5.825468063354492
3290,-7.269885540008545
3291,3.31514835357666
3292,-5.952034950256348
3293,-4.19111442565918
3294,2.937607765197754
3295,-6.734862327575684
3296,-6.105062961578369
3297,2.9841413497924805
3298,-6.7217206954956055
3299,-5.211338043212891
3300,1.8996343612670898
3301,-5.779644012451172
3302,-8.811326026916504
3303,2.383131980895996
3304,-5.746376991271973
3305,-1.8351094722747803
3306,1.9381961822509766
3307,-8.889171600341797
3308,-9.827043533325195
3309,1.8944101333618164
3310,-7.961154937744141
3311,-0.20983338356018066
3312,2.206936836242676
3313,-11.681879997253418
3314,-9.057805061340332
3315,1.6466474533081055
3316,-9.342344284057617
3317,-1.3032910823822021
3318,2.336644172668457
3319,-12.508722305297852
3320,-10.023420333862305
3321,1.3591852188110352
3322,-10.007035255432129
3323,-1.2032792568206787
3324,2.5911760330200195
3325,-12.467626571655273
3326,-9.551996231079102
3327,1.7579708099365234
3328,-9.717267990112305
3329,-2.0183982849121094
3330,2.5245752334594727
3331,-12.148136138916016
3332,-8.902424812316895
3333,1.6646146774291992
3334,-9.63089656829834
3335,-1.6580735445022583
3336,-1.0002822875976562
3337,-2.316534996032715
3338,-5.357486248016357
3339,-0.7242574691772461
3340,-2.603753089904785
3341,-0.5776944160461426
3342,-3.052496910095215
3343,-6.322690963745117
3344,-5.661090850830078
3345,-1.6870841979980469
3346,-6.63713264465332
3347,0.8702394962310791
3348,-3.608466148376465
3349,-2.133328437805176
3350,-2.9287612438201904
3351,-2.916794776916504
3352,-3.7368431091308594
3353,3.699887275695801
3354,-3.503049850463867
3355,-1.3027162551879883
3356,-2.518472671508789
3357,-2.8432703018188477
3358,-3.0679426193237305
3359,4.02211332321167
3360,-4.8553314208984375
3361,-1.9784317016601562
3362,-1.0871022939682007
3363,-3.58339786529541
3364,-3.8373794555664062
3365,5.239914417266846
3366,3.34536075592041
3367,-5.930507659912109
3368,-3.405198574066162
3369,3.513699531555176
3370,-5.365262031555176
3371,-3.8693559169769287
3372,3.5382871627807617
3373,-5.165589332580566
3374,-3.870187997817993
3375,3.531674385070801
3376,-5.105507850646973
3377,-3.8707194328308105
3378,3.5376787185668945
3379,-5.391575813293457
3380,-3.1213319301605225
3381,3.576542854309082
3382,-5.219252586364746
3383,-3.1219582557678223
3384,3.5833120346069336
3385,-5.183464050292969
3386,-3.1215202808380127
3387,3.356133460998535
3388,-4.704955101013184
3389,-4.863509654998779
3390,3.449032783508301
3391,-4.824459075927734
3392,-1.518516182899475
3393,3.1307592391967773
3394,-5.784233093261719
3395,-3.737271308898926
3396,3.1525487899780273
3397,-5.819243431091309
3398,-2.768463373184204
3399,2.2129383087158203
3400,-4.814653396606445
3401,-7.070611000061035
3402,2.132046699523926
3403,-5.093377113342285
3404,0.6797401905059814
3405,1.4748125076293945
3406,-7.845130920410156
3407,-8.322685241699219
3408,1.1473331451416016
3409,-7.384965896606445
3410,1.1981453895568848
3411,1.140599250793457
3412,-11.035104751586914
3413,-7.095630645751953
3414,0.7841453552246094
3415,-9.472850799560547
3416,-1.088599681854248
3417,1.0811328887939453
3418,-11.840682983398438
3419,-7.870373249053955
3420,0.7340803146362305
3421,-9.820812225341797
3422,-1.058681607246399
3423,1.3167104721069336
3424,-11.904160499572754
3425,-7.227512836456299
3426,0.8756961822509766
3427,-9.855365753173828
3428,-1.862621545791626
3429,1.2841968536376953
3430,-11.520669937133789
3431,-6.838991641998291
3432,0.8182125091552734
3433,-9.749034881591797
3434,-1.5401957035064697
3435,-0.9906797409057617
3436,-2.520277976989746
3437,-5.38177490234375
3438,-0.7347202301025391
3439,-2.852156639099121
3440,-0.553847074508667
3441,-1.6930656433105469
3442,-7.96451473236084
3443,-6.249422073364258
3444,-1.4280462265014648
3445,-7.829488754272461
3446,-0.4787483215332031
3447,-3.6041555404663086
3448,-4.627388954162598
3449,-3.216703176498413
3450,-3.3340940475463867
3451,-4.987016677856445
3452,1.5474023818969727
3453,-3.638154983520508
3454,-3.778874397277832
3455,-2.8304619789123535
3456,-3.4888315200805664
3457,-4.134737014770508
3458,1.7568659782409668
3459,-4.809403419494629
3460,-4.928720474243164
3461,-1.9461039304733276
3462,-4.3868255615234375
3463,-4.855730056762695
3464,1.7612414360046387
3465,3.48416805267334
3466,-4.0914154052734375
3467,-4.89019775390625
3468,3.601447105407715
3469,-3.5746145248413086
3470,-5.534359931945801
3471,3.5904245376586914
3472,-3.5144948959350586
3473,-5.5359649658203125
3474,3.5779714584350586
3475,-3.471440315246582
3476,-5.536575794219971
3477,3.6088171005249023
3478,-3.585221290588379
3479,-4.674740314483643
3480,3.6032323837280273
3481,-3.535525321960449
3482,-4.675273418426514
3483,3.5960893630981445
3484,-3.5006179809570312
3485,-4.675055503845215
3486,3.33705997467041
3487,-3.1523609161376953
3488,-6.908806800842285
3489,3.380640983581543
3490,-3.1816539764404297
3491,-3.0135114192962646
3492,3.225794792175293
3493,-4.128670692443848
3494,-5.340347766876221
3495,3.240830421447754
3496,-4.13311767578125
3497,-4.201298713684082
3498,1.9551830291748047
3499,-3.9320812225341797
3500,-9.178777694702148
3501,1.9293336868286133
3502,-3.8091602325439453
3503,0.5118007659912109
3504,0.8193082809448242
3505,-6.875070571899414
3506,-10.153888702392578
3507,0.7758579254150391
3508,-6.643560409545898
3509,0.5477187633514404
3510,0.36918067932128906
3511,-10.578177452087402
3512,-9.828009605407715
3513,0.24654293060302734
3514,-9.31692886352539
3515,-1.353983759880066
3516,0.2687253952026367
3517,-11.83024787902832
3518,-11.028421401977539
3519,0.4502534866333008
3520,-9.674385070800781
3521,-1.2720509767532349
3522,0.47587108612060547
3523,-11.618955612182617
3524,-10.30554485321045
3525,0.5877828598022461
3526,-10.06106948852539
3527,-2.299212694168091
3528,0.4590282440185547
3529,-11.23209285736084
3530,-9.577657699584961
3531,0.41700077056884766
3532,-9.800105094909668
3533,-1.8531830310821533
3534,-1.0886173248291016
3535,-2.8175811767578125
3536,-5.757268905639648
3537,-0.9326915740966797
3538,-2.842731475830078
3539,-0.17553043365478516
3540,-0.6013727188110352
3541,-8.003348350524902
3542,-6.325334548950195
3543,-0.5578126907348633
3544,-8.050979614257812
3545,-0.16428756713867188
3546,-3.2997217178344727
3547,-7.097341537475586
3548,-2.554533004760742
3549,-3.154282569885254
3550,-7.063976287841797
3551,2.6560616493225098
3552,-3.601841926574707
3553,-6.334293365478516
3554,-2.100064754486084
3555,-3.477267265319824
3556,-6.307525634765625
3557,3.0075783729553223
3558,-4.1995849609375
3559,-8.816006660461426
3560,-1.9979928731918335
3561,-4.045672416687012
3562,-8.453994750976562
3563,2.6488723754882812
3564,3.4671316146850586
3565,-2.6912899017333984
3566,-4.243001937866211
3567,3.497586250305176
3568,-2.2438106536865234
3569,-4.844670295715332
3570,3.475680351257324
3571,-2.196561813354492
3572,-4.846274375915527
3573,3.4540719985961914
3574,-2.157097816467285
3575,-4.847139835357666
3576,3.507298469543457
3577,-2.2595386505126953
3578,-3.992832660675049
3579,3.4923219680786133
3580,-2.226649284362793
3581,-3.9934654235839844
3582,3.4775094985961914
3583,-2.2009782791137695
3584,-3.9933388233184814
3585,3.1470842361450195
3586,-1.8283977508544922
3587,-6.2770185470581055
3588,3.2017126083374023
3589,-1.8957700729370117
3590,-2.3814797401428223
3591,3.238650321960449
3592,-2.802661895751953
3593,-4.717132568359375
3594,3.2477121353149414
3595,-2.8274717330932617
3596,-3.5938174724578857
3597,1.7959775924682617
3598,-2.656855583190918
3599,-8.516950607299805
3600,1.873286247253418
3601,-2.783794403076172
3602,0.3000190258026123
3603,0.49668216705322266
3604,-5.455854415893555
3605,-8.527347564697266
3606,0.5329675674438477
3607,-5.434083938598633
3608,1.2129549980163574
3609,0.031874656677246094
3610,-8.723925590515137
3611,-7.357003688812256
3612,0.10573005676269531
3613,-8.442594528198242
3614,-0.04537487030029297
3615,-0.15135860443115234
3616,-9.538786888122559
3617,-8.170991897583008
3618,0.10375499725341797
3619,-8.96048355102539
3620,0.1689009666442871
3621,0.052313804626464844
3622,-9.686710357666016
3623,-7.627930164337158
3624,0.21849441528320312
3625,-9.106502532958984
3626,-0.7546851634979248
3627,0.12447547912597656
3628,-9.501693725585938
3629,-7.133532524108887
3630,0.23484134674072266
3631,-8.988576889038086
3632,-0.48310184478759766
3633,-1.1103811264038086
3634,-2.9890975952148438
3635,-5.743237495422363
3636,-1.018876075744629
3637,-3.1646595001220703
3638,-0.19050860404968262
3639,0.40665721893310547
3640,-7.367931365966797
3641,-6.315336227416992
3642,0.6138467788696289
3643,-7.664192199707031
3644,-0.3987891674041748
3645,-2.3449954986572266
3646,-8.881149291992188
3647,-2.8848063945770264
3648,-2.413816452026367
3649,-8.851314544677734
3650,1.6699647903442383
3651,-2.9908857345581055
3652,-8.6304292678833
3653,-2.495211124420166
3654,-3.2493629455566406
3655,-8.31187629699707
3656,1.8271946907043457
3657,-2.5519189834594727
3658,-10.923303604125977
3659,-2.5393176078796387
3660,-2.824951171875
3661,-10.703948974609375
3662,1.1642870903015137
3663,3.144637107849121
3664,-1.3361711502075195
3665,-4.608816146850586
3666,3.224370002746582
3667,-0.9720611572265625
3668,-5.102921485900879
3669,3.2171010971069336
3670,-0.94976806640625
3671,-5.104503631591797
3672,3.2205305099487305
3673,-0.8463277816772461
3674,-5.106082916259766
3675,3.238114356994629
3676,-0.9659490585327148
3677,-4.3606648445129395
3678,3.2418527603149414
3679,-0.9403648376464844
3680,-4.362791061401367
3681,3.240553855895996
3682,-0.9289054870605469
3683,-4.3642096519470215
3684,3.0983495712280273
3685,-0.5838508605957031
3686,-6.276223182678223
3687,3.072787284851074
3688,-0.6706876754760742
3689,-2.7359020709991455
3690,2.941494941711426
3691,-1.3785266876220703
3692,-4.9316020011901855
3693,2.950108528137207
3694,-1.497823715209961
3695,-3.936285972595215
3696,1.5605440139770508
3697,-1.5177001953125
3698,-7.785427570343018
3699,1.6330232620239258
3700,-1.7238388061523438
3701,-0.10343623161315918
3702,0.6447277069091797
3703,-4.6403350830078125
3704,-8.259859085083008
3705,0.8570566177368164
3706,-4.444546699523926
3707,1.0434226989746094
3708,0.5997238159179688
3709,-8.037768363952637
3710,-7.98362398147583
3711,1.4238929748535156
3712,-7.005133628845215
3713,-0.02039813995361328
3714,0.5134782791137695
3715,-8.799322128295898
3716,-8.868219375610352
3717,1.688934326171875
3718,-7.174947738647461
3719,0.19189143180847168
3720,0.5169696807861328
3721,-8.728012084960938
3722,-8.361028671264648
3723,2.0335073471069336
3724,-7.2758026123046875
3725,-0.6375589370727539
3726,0.4245719909667969
3727,-8.500127792358398
3728,-7.802810192108154
3729,2.0324792861938477
3730,-7.231131553649902
3731,-0.3869340419769287
3732,-1.0769920349121094
3733,-2.713165283203125
3734,-5.407953262329102
3735,-0.9603366851806641
3736,-2.7669124603271484
3737,-0.529076099395752
3738,0.8874292373657227
3739,-5.955625534057617
3740,-5.8399858474731445
3741,1.5076589584350586
3742,-6.230364799499512
3743,-1.2254197597503662
3744,-0.6347675323486328
3745,-9.24653434753418
3746,-3.3772225379943848
3747,-0.6782751083374023
3748,-8.875381469726562
3749,-0.17242074012756348
3750,-1.308506965637207
3751,-9.437881469726562
3752,-3.1746768951416016
3753,-1.1894588470458984
3754,-8.863842964172363
3755,-0.12004327774047852
3756,-0.04627513885498047
3757,-10.989358901977539
3758,-4.11031436920166
3759,-0.6228351593017578
3760,-10.869890213012695
3761,-0.9739600419998169
3762,2.8072595596313477
3763,0.2275409698486328
3764,-6.063129901885986
3765,2.731472969055176
3766,0.5985317230224609
3767,-6.605201244354248
3768,2.695164680480957
3769,0.6103744506835938
3770,-6.6067399978637695
3771,2.666102409362793
3772,0.6174907684326172
3773,-6.608552932739258
3774,2.7423715591430664
3775,0.5883159637451172
3776,-5.790975570678711
3777,2.713595390319824
3778,0.5914821624755859
3779,-5.792820453643799
3780,2.686734199523926
3781,0.5861358642578125
3782,-5.793179512023926
3783,2.2151613235473633
3784,0.6353168487548828
3785,-7.923182487487793
3786,2.2663354873657227
3787,0.6063041687011719
3788,-4.183150291442871
3789,2.5890893936157227
3790,-0.05185890197753906
3791,-6.483540058135986
3792,2.5770082473754883
3793,-0.08960723876953125
3794,-5.3912763595581055
3795,1.0755014419555664
3796,-0.9660654067993164
3797,-9.165166854858398
3798,1.2261924743652344
3799,-0.9446039199829102
3800,-1.7623307704925537
3801,0.606562614440918
3802,-3.9609365463256836
3803,-9.94625473022461
3804,0.8866024017333984
3805,-3.8923444747924805
3806,-0.6197299957275391
3807,0.8773117065429688
3808,-7.0613603591918945
3809,-10.11137580871582
3810,1.630523681640625
3811,-6.138308525085449
3812,-1.5029741525650024
3813,0.8647966384887695
3814,-7.711553573608398
3815,-11.175418853759766
3816,1.9291048049926758
3817,-6.149571418762207
3818,-1.2832574844360352
3819,0.9841499328613281
3820,-7.518891334533691
3821,-10.67263412475586
3822,2.1146316528320312
3823,-6.384401321411133
3824,-2.195910692214966
3825,0.9102115631103516
3826,-7.487387657165527
3827,-9.964021682739258
3828,2.0263442993164062
3829,-6.470630645751953
3830,-1.8991776704788208
3831,-1.4383783340454102
3832,-2.89306640625
3833,-5.390396595001221
3834,-0.9898004531860352
3835,-2.9875545501708984
3836,-0.5453846454620361
3837,1.378159523010254
3838,-5.615025520324707
3839,-6.357250213623047
3840,1.7493114471435547
3841,-5.713192939758301
3842,-1.3871150016784668
3843,0.6176204681396484
3844,-8.498262405395508
3845,-4.505828857421875
3846,0.507624626159668
3847,-8.573349952697754
3848,-0.6110661029815674
3849,0.25752735137939453
3850,-9.2694091796875
3851,-4.33655309677124
3852,0.1436605453491211
3853,-9.008977890014648
3854,-0.5992453098297119
3855,1.6278772354125977
3856,-9.451929092407227
3857,-5.489695072174072
3858,0.9933443069458008
3859,-9.693367004394531
3860,-1.6129807233810425
3861,2.1568193435668945
3862,0.8486003875732422
3863,-4.936293125152588
3864,2.0759153366088867
3865,1.3201065063476562
3866,-5.582315444946289
3867,1.9782791137695312
3868,1.5185890197753906
3869,-5.584142684936523
3870,1.9494667053222656
3871,1.4958114624023438
3872,-5.585539817810059
3873,2.0019750595092773
3874,1.493204116821289
3875,-4.891061782836914
3876,1.9780874252319336
3877,1.4779090881347656
3878,-4.893503189086914
3879,1.9516983032226562
3880,1.4452056884765625
3881,-4.896479606628418
3882,1.450739860534668
3883,0.9970989227294922
3884,-7.458168983459473
3885,1.4255361557006836
3886,1.0895519256591797
3887,-3.6906886100769043
3888,1.7778406143188477
3889,0.20746803283691406
3890,-5.410785675048828
3891,1.823908805847168
3892,0.6027660369873047
3893,-4.483757972717285
3894,0.8539161682128906
3895,-0.4375801086425781
3896,-8.33940601348877
3897,0.8137369155883789
3898,-0.6140346527099609
3899,-1.2702564001083374
3900,0.7911863327026367
3901,-3.192281723022461
3902,-8.770538330078125
3903,0.9142427444458008
3904,-3.6014528274536133
3905,-0.1605665683746338
3906,1.9118709564208984
3907,-5.584190368652344
3908,-8.28410816192627
3909,2.0400571823120117
3910,-5.777379035949707
3911,-1.2295379638671875
3912,2.226755142211914
3913,-6.247956275939941
3914,-9.113997459411621
3915,2.3277387619018555
3916,-5.948241233825684
3917,-1.0518397092819214
3918,2.31564998626709
3919,-6.016968727111816
3920,-8.62833023071289
3921,2.466507911682129
3922,-6.094717025756836
3923,-1.9230951070785522
3924,2.306454658508301
3925,-5.959074020385742
3926,-8.098076820373535
3927,2.3784570693969727
3928,-6.099367141723633
3929,-1.6309083700180054
3930,-1.4927692413330078
3931,-3.1387147903442383
3932,-5.200883865356445
3933,-1.0170822143554688
3934,-3.345186233520508
3935,-0.7344286441802979
3936,1.4513483047485352
3937,-3.5293140411376953
3938,-5.224024772644043
3939,1.6575345993041992
3940,-3.2988576889038086
3941,-0.9149422645568848
3942,1.8919973373413086
3943,-7.340143203735352
3944,-2.904789924621582
3945,1.8773345947265625
3946,-7.202938079833984
3947,-0.2494666576385498
3948,1.719125747680664
3949,-8.237676620483398
3950,-2.705615520477295
3951,1.733663558959961
3952,-7.816740036010742
3953,-0.2638225555419922
3954,2.7992639541625977
3955,-7.737703323364258
3956,-3.869487762451172
3957,2.562516212463379
3958,-7.600496292114258
3959,-1.192458987236023
3960,1.8963985443115234
3961,0.3824501037597656
3962,-2.651318073272705
3963,1.9747905731201172
3964,-0.6346282958984375
3965,-2.911229372024536
3966,1.8952627182006836
3967,0.05136680603027344
3968,-2.9114813804626465
3969,1.8916492462158203
3970,0.1711559295654297
3971,-2.9107816219329834
3972,1.9730329513549805
3973,-0.7943096160888672
3974,-2.4090166091918945
3975,1.9722442626953125
3976,-0.8284416198730469
3977,-2.4102354049682617
3978,1.9729785919189453
3979,-0.7829113006591797
3980,-2.4126296043395996
3981,1.7679920196533203
3982,-0.1786365509033203
3983,-3.4128880500793457
3984,1.7307214736938477
3985,0.9183597564697266
3986,-1.0460206270217896
3987,1.6492862701416016
3988,-1.1564016342163086
3989,-2.758152484893799
3990,1.6656713485717773
3991,-0.6252708435058594
3992,-2.0907211303710938
3993,0.9799957275390625
3994,-0.7739887237548828
3995,-4.741156101226807
3996,0.8652505874633789
3997,-1.6263113021850586
3998,0.11565494537353516
3999,1.069143295288086
4000,-2.180220603942871
4001,-8.13210391998291
4002,1.3190279006958008
4003,-3.8893613815307617
4004,-1.2213234901428223
4005,2.5922670364379883
4006,-3.3568429946899414
4007,-10.033492088317871
4008,2.1915807723999023
4009,-5.431720733642578
4010,-4.957762241363525
4011,2.8021230697631836
4012,-3.800762176513672
4013,-11.05252456665039
4014,2.417393684387207
4015,-5.772808074951172
4016,-5.380875587463379
4017,2.9856653213500977
4018,-3.783334732055664
4019,-10.525110244750977
4020,2.449873924255371
4021,-5.774890899658203
4022,-5.942075729370117
4023,2.87893009185791
4024,-3.712087631225586
4025,-9.88977336883545
4026,2.3504953384399414
4027,-5.675779342651367
4028,-5.318764686584473
4029,-0.8442983627319336
4030,-3.500542640686035
4031,-4.824998378753662
4032,-0.6156673431396484
4033,-4.323723793029785
4034,-1.120169758796692
4035,1.181997299194336
4036,-0.9518814086914062
4037,-7.019491672515869
4038,1.4701929092407227
4039,-2.072545051574707
4040,-2.5957796573638916
4041,2.5654706954956055
4042,-4.8319292068481445
4043,-8.968246459960938
4044,2.5079832077026367
4045,-4.5671539306640625
4046,-4.995204925537109
4047,2.63700008392334
4048,-6.551361083984375
4049,-9.19526195526123
4050,2.551926612854004
4051,-5.708675384521484
4052,-5.252477645874023
4053,3.3866796493530273
4054,-5.044737815856934
4055,-10.416919708251953
4056,3.152602195739746
4057,-4.140340805053711
4058,-6.218525409698486
4059,0.6287994384765625
4060,-0.18079566955566406
4061,-15.323921203613281
4062,0.7350597381591797
4063,-0.5283355712890625
4064,-15.353271484375
4065,0.7593231201171875
4066,-0.5611286163330078
4067,-15.353096008300781
4068,0.8116273880004883
4069,-0.6718130111694336
4070,-15.355363845825195
4071,0.5250539779663086
4072,-0.4925069808959961
4073,-15.719123840332031
4074,0.5068674087524414
4075,-0.5104827880859375
4076,-15.722806930541992
4077,0.4088726043701172
4078,-0.553767204284668
4079,-15.725011825561523
4080,0.9004068374633789
4081,-0.9387760162353516
4082,-13.550466537475586
4083,0.1963653564453125
4084,-0.8928070068359375
4085,-15.166288375854492
4086,0.5701665878295898
4087,-0.2679634094238281
4088,-14.404220581054688
4089,0.43019866943359375
4090,-0.20832061767578125
4091,-14.89063835144043
4092,0.9002065658569336
4093,-1.2147130966186523
4094,-10.320842742919922
4095,-0.8543930053710938
4096,-0.061603546142578125
4097,-12.997005462646484
4098,1.164231300354004
4099,0.4584522247314453
4100,-7.226400375366211
4101,-1.1362276077270508
4102,2.051637649536133
4103,-12.006189346313477
4104,0.9287548065185547
4105,1.3505325317382812
4106,-5.343997955322266
4107,0.3452444076538086
4108,2.770486831665039
4109,-10.780656814575195
4110,0.8657169342041016
4111,1.6908607482910156
4112,-5.230418682098389
4113,0.6677789688110352
4114,3.260326385498047
4115,-11.215301513671875
4116,0.8276233673095703
4117,1.6282062530517578
4118,-5.496147155761719
4119,0.8949766159057617
4120,2.6949329376220703
4121,-11.314985275268555
4122,0.8243751525878906
4123,1.5349178314208984
4124,-5.362181186676025
4125,0.7564582824707031
4126,2.4395313262939453
4127,-10.76671028137207
4128,0.2032337188720703
4129,1.62066650390625
4130,-2.173255443572998
4131,-1.0152997970581055
4132,2.368562698364258
4133,-3.7627155780792236
4134,1.9181690216064453
4135,3.0327625274658203
4136,-1.723289132118225
4137,-0.8376979827880859
4138,4.337196350097656
4139,-5.0925726890563965
4140,2.83780574798584
4141,6.131952285766602
4142,1.8635706901550293
4143,-1.9228515625
4144,4.83740234375
4145,-0.8082866668701172
4146,2.7879343032836914
4147,6.633012771606445
4148,2.2080893516540527
4149,-2.115809440612793
4150,4.87299919128418
4151,-0.3351123332977295
4152,3.3993825912475586
4153,7.126607894897461
4154,0.8819169998168945
4155,-1.9632244110107422
4156,5.410348892211914
4157,-1.3604363203048706
4158,0.8715963363647461
4159,1.111612319946289
4160,-14.331768035888672
4161,1.0301227569580078
4162,0.7380123138427734
4163,-14.363143920898438
4164,1.0454168319702148
4165,0.7050991058349609
4166,-14.363151550292969
4167,1.1595678329467773
4168,0.7011089324951172
4169,-14.365800857543945
4170,0.8981199264526367
4171,0.6949996948242188
4172,-14.646978378295898
4173,0.7933187484741211
4174,0.5953884124755859
4175,-14.65054702758789
4176,0.6722850799560547
4177,0.4783611297607422
4178,-14.652250289916992
4179,1.1603260040283203
4180,0.4472770690917969
4181,-12.509101867675781
4182,0.40489673614501953
4183,0.060268402099609375
4184,-13.821130752563477
4185,0.8242664337158203
4186,1.0959396362304688
4187,-13.411382675170898
4188,0.5965785980224609
4189,0.9631805419921875
4190,-13.807029724121094
4191,1.1676836013793945
4192,0.6902027130126953
4193,-10.131523132324219
4194,-0.7986822128295898
4195,0.2123737335205078
4196,-11.255681991577148
4197,1.4326868057250977
4198,3.2585525512695312
4199,-9.00377082824707
4200,-1.0572175979614258
4201,2.538412094116211
4202,-11.364799499511719
4203,1.5317354202270508
4204,5.516231536865234
4205,-9.558242797851562
4206,0.14448261260986328
4207,3.5626354217529297
4208,-12.586204528808594
4209,1.653829574584961
4210,6.229242324829102
4211,-9.944180488586426
4212,0.33276844024658203
4213,4.080421447753906
4214,-13.196126937866211
4215,1.5694656372070312
4216,6.197103500366211
4217,-10.388406753540039
4218,0.501521110534668
4219,3.6190338134765625
4220,-13.405241012573242
4221,1.439438819885254
4222,5.924526214599609
4223,-9.698393821716309
4224,0.4310035705566406
4225,3.4204349517822266
4226,-12.654520034790039
4227,0.29396629333496094
4228,3.0022811889648438
4229,-2.5364491939544678
4230,-0.9765253067016602
4231,2.919649124145508
4232,-3.400564193725586
4233,1.870534896850586
4234,4.628053665161133
4235,-8.407585144042969
4236,-1.5055761337280273
4237,4.358915328979492
4238,-8.2946138381958
4239,2.3018798828125
4240,8.223165512084961
4241,-5.2688775062561035
4242,-2.503786087036133
4243,4.253597259521484
4244,-1.962733268737793
4245,2.204623222351074
4246,8.630813598632812
4247,-4.977189064025879
4248,-2.5953521728515625
4249,3.9281082153320312
4250,-1.2437171936035156
4251,2.2189788818359375
4252,9.991081237792969
4253,-7.255411148071289
4254,-2.865450859069824
4255,5.246454238891602
4256,-1.8576018810272217
4257,0.889765739440918
4258,1.8219184875488281
4259,-17.845417022705078
4260,1.1575555801391602
4261,2.104084014892578
4262,-17.87811279296875
4263,1.2162399291992188
4264,2.185476303100586
4265,-17.877574920654297
4266,1.2941293716430664
4267,2.2737045288085938
4268,-17.8815975189209
4269,1.006643295288086
4270,1.3503131866455078
4271,-17.85393714904785
4272,0.9913492202758789
4273,1.3122291564941406
4274,-17.85758399963379
4275,0.9810447692871094
4276,1.2879314422607422
4277,-17.859649658203125
4278,1.362100601196289
4279,2.093456268310547
4280,-15.65717887878418
4281,0.6912784576416016
4282,1.1264610290527344
4283,-15.554096221923828
4284,0.8826360702514648
4285,1.9367713928222656
4286,-16.795372009277344
4287,0.7332611083984375
4288,1.7369098663330078
4289,-16.794044494628906
4290,1.5143823623657227
4291,3.1005287170410156
4292,-13.332372665405273
4293,-0.273590087890625
4294,0.8260574340820312
4295,-11.599908828735352
4296,1.1064167022705078
4297,5.847118377685547
4298,-13.302984237670898
4299,-0.7300281524658203
4300,2.835865020751953
4301,-9.238995552062988
4302,0.26132678985595703
4303,6.832515716552734
4304,-14.833314895629883
4305,-0.6798610687255859
4306,4.573280334472656
4307,-9.056173324584961
4308,0.14689064025878906
4309,7.33934211730957
4310,-15.723297119140625
4311,-0.8062629699707031
4312,5.022684097290039
4313,-9.328365325927734
4314,0.04987812042236328
4315,7.005561828613281
4316,-16.06161117553711
4317,-0.7849998474121094
4318,5.040863037109375
4319,-10.010773658752441
4320,0.03426837921142578
4321,6.751472473144531
4322,-14.976385116577148
4323,-0.6643123626708984
4324,4.934539794921875
4325,-9.267033576965332
4326,0.9007530212402344
4327,4.539590835571289
4328,-3.4235992431640625
4329,-0.2080240249633789
4330,3.589679718017578
4331,-2.5081653594970703
4332,1.2750139236450195
4333,6.456441879272461
4334,-10.795906066894531
4335,-1.352768898010254
4336,3.630430221557617
4337,-9.73324203491211
4338,2.2438249588012695
4339,9.850456237792969
4340,-5.4578752517700195
4341,-0.7990121841430664
4342,6.132963180541992
4343,-3.0922582149505615
4344,2.2395544052124023
4345,9.902084350585938
4346,-5.003796577453613
4347,-0.5385732650756836
4348,6.454036712646484
4349,-2.4458444118499756
4350,1.926382064819336
4351,11.245063781738281
4352,-7.567996025085449
4353,-1.0726871490478516
4354,7.669782638549805
4355,-4.3238935470581055
4356,1.1749753952026367
4357,2.4566574096679688
4358,-18.809329986572266
4359,1.4189329147338867
4360,2.6294918060302734
4361,-18.852453231811523
4362,1.4480218887329102
4363,2.7198410034179688
4364,-18.852941513061523
4365,1.4783172607421875
4366,2.8130035400390625
4367,-18.857032775878906
4368,1.3346242904663086
4369,2.138315200805664
4370,-18.657794952392578
4371,1.3337030410766602
4372,2.112407684326172
4373,-18.660140991210938
4374,1.3552055358886719
4375,1.9219856262207031
4376,-18.662076950073242
4377,1.4791088104248047
4378,2.8697128295898438
4379,-17.009931564331055
4380,1.199605941772461
4381,2.0857315063476562
4382,-16.17681884765625
4383,1.1198711395263672
4384,2.5552024841308594
4385,-17.938852310180664
4386,1.064840316772461
4387,2.4276695251464844
4388,-17.71728515625
4389,1.355961799621582
4390,3.9250621795654297
4391,-15.303386688232422
4392,0.5431356430053711
4393,1.7835025787353516
4394,-11.24134635925293
4395,0.16450786590576172
4396,7.002691268920898
4397,-15.684505462646484
4398,0.13621234893798828
4399,3.9521560668945312
4400,-7.722088813781738
4401,-1.1816043853759766
4402,8.67633056640625
4403,-16.65439796447754
4404,-0.4392862319946289
4405,5.465351104736328
4406,-5.4632415771484375
4407,-1.4565963745117188
4408,8.937850952148438
4409,-17.76875877380371
4410,-0.5636415481567383
4411,5.844551086425781
4412,-5.229010581970215
4413,-1.585184097290039
4414,8.628894805908203
4415,-17.91617202758789
4416,-0.6240253448486328
4417,5.92304801940918
4418,-5.985537528991699
4419,-1.5518255233764648
4420,8.478155136108398
4421,-16.735076904296875
4422,-0.5181589126586914
4423,5.8389434814453125
4424,-5.648733139038086
4425,0.9086780548095703
4426,5.543376922607422
4427,-4.082337856292725
4428,0.2200460433959961
4429,4.386634826660156
4430,-1.8496869802474976
4431,0.7015228271484375
4432,7.544553756713867
4433,-9.398290634155273
4434,-1.2524137496948242
4435,3.574220657348633
4436,-8.124744415283203
4437,2.043412208557129
4438,10.394832611083984
4439,-2.566148281097412
4440,-1.0056848526000977
4441,7.107515335083008
4442,-2.621302604675293
4443,2.212766647338867
4444,10.660003662109375
4445,-1.9856492280960083
4446,-0.8462018966674805
4447,7.776134490966797
4448,-2.1604886054992676
4449,1.6199092864990234
4450,11.569211959838867
4451,-4.3271942138671875
4452,-1.462895393371582
4453,8.279376983642578
4454,-4.641077041625977
4455,1.329141616821289
4456,3.5109825134277344
4457,-18.83909034729004
4458,1.5723047256469727
4459,3.7637157440185547
4460,-18.795791625976562
4461,1.5943260192871094
4462,3.853464126586914
4463,-18.797344207763672
4464,1.6151971817016602
4465,3.9469871520996094
4466,-18.8015079498291
4467,1.519148826599121
4468,3.296173095703125
4469,-18.67959976196289
4470,1.5407676696777344
4471,3.037874221801758
4472,-18.681474685668945
4473,1.5481672286987305
4474,2.9966354370117188
4475,-18.683103561401367
4476,1.5867929458618164
4477,3.9025440216064453
4478,-16.686250686645508
4479,1.394906997680664
4480,3.019174575805664
4481,-16.18572235107422
4482,1.2362775802612305
4483,3.5286197662353516
4484,-17.864763259887695
4485,1.229842185974121
4486,3.2236175537109375
4487,-17.732831954956055
4488,1.3034372329711914
4489,4.755855560302734
4490,-14.615547180175781
4491,0.8447246551513672
4492,2.708404541015625
4493,-11.139303207397461
4494,-0.2126941680908203
4495,7.275001525878906
4496,-14.983713150024414
4497,0.24592018127441406
4498,5.082405090332031
4499,-8.749715805053711
4500,-1.1756763458251953
4501,8.506723403930664
4502,-16.54622459411621
4503,-0.3265409469604492
4504,6.707269668579102
4505,-8.15272331237793
4506,-1.58221435546875
4507,8.963302612304688
4508,-17.78844451904297
4509,-0.4343271255493164
4510,7.164926528930664
4511,-8.287891387939453
4512,-1.5804500579833984
4513,8.415214538574219
4514,-17.912681579589844
4515,-0.45191001892089844
4516,7.17974853515625
4517,-8.992387771606445
4518,-1.593214988708496
4519,8.443613052368164
4520,-16.658447265625
4521,-0.385955810546875
4522,7.069477081298828
4523,-8.369182586669922
4524,0.7892255783081055
4525,6.142572402954102
4526,-4.094361782073975
4527,0.30182647705078125
4528,4.760896682739258
4529,-1.838542103767395
4530,0.3167867660522461
4531,7.922901153564453
4532,-6.308401107788086
4533,-0.9953222274780273
4534,3.347921371459961
4535,-7.299183368682861
4536,1.929652214050293
4537,10.2386474609375
4538,0.43973636627197266
4539,-1.6802005767822266
4540,6.3216552734375
4541,-2.592946767807007
4542,2.1723012924194336
4543,10.531757354736328
4544,1.0603528022766113
4545,-1.6931190490722656
4546,6.910146713256836
4547,-2.2792065143585205
4548,1.3947467803955078
4549,11.561321258544922
4550,-0.9163165092468262
4551,-2.7208757400512695
4552,7.246734619140625
4553,-4.4864301681518555
4554,1.506032943725586
4555,4.17396354675293
4556,-17.38613510131836
4557,1.7022991180419922
4558,4.421588897705078
4559,-17.413497924804688
4560,1.7364110946655273
4561,4.515998840332031
4562,-17.414413452148438
4563,1.7295007705688477
4564,4.555765151977539
4565,-17.417694091796875
4566,1.6612958908081055
4567,4.13795280456543
4568,-17.482160568237305
4569,1.6535205841064453
4570,4.021038055419922
4571,-17.485061645507812
4572,1.6455059051513672
4573,3.922138214111328
4574,-17.486988067626953
4575,1.6513214111328125
4576,4.451868057250977
4577,-15.623106002807617
4578,1.642568588256836
4579,3.6611862182617188
4580,-15.961755752563477
4581,1.3752222061157227
4582,4.079633712768555
4583,-16.491025924682617
4584,1.3423805236816406
4585,3.703706741333008
4586,-16.58186149597168
4587,1.2957820892333984
4588,5.407501220703125
4589,-13.454282760620117
4590,0.6515598297119141
4591,3.3367042541503906
4592,-11.146051406860352
4593,-0.31787681579589844
4594,7.5991058349609375
4595,-13.266563415527344
4596,-0.19042396545410156
4597,5.165367126464844
4598,-8.693604469299316
4599,-1.4556169509887695
4600,8.969093322753906
4601,-14.988382339477539
4602,-1.0390844345092773
4603,6.649831771850586
4604,-7.883727550506592
4605,-1.7533864974975586
4606,9.30427360534668
4607,-16.221738815307617
4608,-1.2346315383911133
4609,6.98438835144043
4610,-8.117244720458984
4611,-1.8705244064331055
4612,8.821691513061523
4613,-16.384742736816406
4614,-1.2240629196166992
4615,7.056379318237305
4616,-8.873771667480469
4617,-1.8288774490356445
4618,8.65815544128418
4619,-15.11233901977539
4620,-1.1451091766357422
4621,7.0352630615234375
4622,-8.119636535644531
4623,0.7057476043701172
4624,6.657598495483398
4625,-3.5481953620910645
4626,0.07002925872802734
4627,5.309629440307617
4628,-2.3836967945098877
4629,0.44659900665283203
4630,8.371101379394531
4631,-1.5105540752410889
4632,-0.9965658187866211
4633,3.5334091186523438
4634,-6.643799781799316
4635,1.8962841033935547
4636,10.410160064697266
4637,5.578917026519775
4638,-2.1990890502929688
4639,5.662797927856445
4640,-3.1108527183532715
4641,2.1710472106933594
4642,10.655296325683594
4643,6.2768168449401855
4644,-2.3103513717651367
4645,6.543495178222656
4646,-2.810389757156372
4647,1.5408945083618164
4648,11.641891479492188
4649,4.723316192626953
4650,-2.825352668762207
4651,5.693828582763672
4652,-4.873444080352783
4653,1.4753093719482422
4654,4.246784210205078
4655,-17.10902214050293
4656,1.6360702514648438
4657,4.426532745361328
4658,-17.136009216308594
4659,1.6426715850830078
4660,4.515628814697266
4661,-17.136873245239258
4662,1.6404924392700195
4663,4.602336883544922
4664,-17.139842987060547
4665,1.6180009841918945
4666,4.144245147705078
4667,-17.182086944580078
4668,1.6178112030029297
4669,4.030488967895508
4670,-17.1854305267334
4671,1.7247257232666016
4672,3.7385787963867188
4673,-17.187238693237305
4674,1.6320915222167969
4675,4.4437103271484375
4676,-15.264333724975586
4677,1.6836061477661133
4678,3.5170841217041016
4679,-15.625123977661133
4680,1.3571081161499023
4681,3.995973587036133
4682,-16.20870018005371
4683,1.3722448348999023
4684,3.5748672485351562
4685,-16.29181480407715
4686,1.1349983215332031
4687,5.016683578491211
4688,-13.119861602783203
4689,0.592193603515625
4690,3.0542373657226562
4691,-10.59992790222168
4692,-0.5572500228881836
4693,6.56646728515625
4694,-12.876264572143555
4695,-0.35143375396728516
4696,4.43071174621582
4697,-7.958366870880127
4698,-1.5790987014770508
4699,6.888038635253906
4700,-14.758413314819336
4701,-1.1448049545288086
4702,5.529096603393555
4703,-7.683145046234131
4704,-1.8737869262695312
4705,7.143918991088867
4706,-15.965570449829102
4707,-1.2768068313598633
4708,5.9716339111328125
4709,-7.926690578460693
4710,-1.8206682205200195
4711,6.780984878540039
4712,-16.109827041625977
4713,-1.3348112106323242
4714,5.776031494140625
4715,-8.723333358764648
4716,-1.7024288177490234
4717,6.649028778076172
4718,-14.873353958129883
4719,-1.2790803909301758
4720,5.691305160522461
4721,-7.949037075042725
4722,0.6022701263427734
4723,6.173152923583984
4724,-3.6031579971313477
4725,-0.061893463134765625
4726,5.079816818237305
4727,-2.3271164894104004
4728,0.228729248046875
4729,8.098115921020508
4730,-2.8626558780670166
4731,-0.9759397506713867
4732,3.8993263244628906
4733,-6.8953399658203125
4734,1.7714338302612305
4735,10.35244369506836
4736,3.282567024230957
4737,-2.1868152618408203
4738,6.112295150756836
4739,-2.527435541152954
4740,2.0829687118530273
4741,10.579814910888672
4742,3.892683982849121
4743,-2.1785688400268555
4744,6.509206771850586
4745,-2.1308791637420654
4746,1.3400259017944336
4747,11.669317245483398
4748,2.2257490158081055
4749,-2.563222885131836
4750,6.84095573425293
4751,-3.826667308807373
4752,1.3631963729858398
4753,3.7453174591064453
4754,-16.976970672607422
4755,1.5109758377075195
4756,3.9560089111328125
4757,-17.1639347076416
4758,1.5257368087768555
4759,4.0314178466796875
4760,-17.163732528686523
4761,1.553116798400879
4762,4.107929229736328
4763,-17.165390014648438
4764,1.4867067337036133
4765,3.569559097290039
4766,-17.067171096801758
4767,1.4939241409301758
4768,3.5159759521484375
4769,-17.070213317871094
4770,1.530435562133789
4771,3.440532684326172
4772,-17.072338104248047
4773,1.6039104461669922
4774,4.166290283203125
4775,-15.960668563842773
4776,1.5536813735961914
4777,3.5324325561523438
4778,-15.57963752746582
4779,1.2768020629882812
4780,3.7447547912597656
4781,-16.26840591430664
4782,1.287923812866211
4783,3.3649559020996094
4784,-16.174219131469727
4785,1.039729118347168
4786,5.042688369750977
4787,-13.764471054077148
4788,1.4575672149658203
4789,3.1852989196777344
4790,-10.795939445495605
4791,-0.4539976119995117
4792,6.113151550292969
4793,-13.50722885131836
4794,1.1693315505981445
4795,3.6683177947998047
4796,-6.346499919891357
4797,-1.5968017578125
4798,6.493705749511719
4799,-13.997953414916992
4800,0.8469038009643555
4801,3.258974075317383
4802,-2.595093011856079
4803,-1.9053325653076172
4804,5.6415557861328125
4805,-14.884344100952148
4806,0.8182306289672852
4807,3.2155685424804688
4808,-2.0991504192352295
4809,-1.9022884368896484
4810,5.797454833984375
4811,-14.741939544677734
4812,0.7045307159423828
4813,3.237438201904297
4814,-2.734830856323242
4815,-1.7567319869995117
4816,5.750457763671875
4817,-13.929101943969727
4818,0.7054567337036133
4819,3.2908477783203125
4820,-2.6854236125946045
4821,0.8229408264160156
4822,6.291492462158203
4823,-3.8208255767822266
4824,0.7269115447998047
4825,5.1416473388671875
4826,-2.1206722259521484
4827,0.34700965881347656
4828,8.07094955444336
4829,2.7635321617126465
4830,-0.9759521484375
4831,3.8865737915039062
4832,0.6457619667053223
4833,1.7592887878417969
4834,10.43941879272461
4835,9.901992797851562
4836,-2.1129837036132812
4837,4.4976043701171875
4838,4.848583698272705
4839,2.089570999145508
4840,10.656990051269531
4841,10.677885055541992
4842,-2.1371631622314453
4843,4.766460418701172
4844,5.29409646987915
4845,1.2292661666870117
4846,11.740304946899414
4847,9.504392623901367
4848,-2.670360565185547
4849,4.612575531005859
4850,4.280071258544922
