,0
0,-1.8597049713134766
1,-7.131244659423828
2,-4.057265281677246
3,-1.8433303833007812
4,-7.537959575653076
5,-4.675731182098389
6,-1.8446292877197266
7,-7.541136264801025
8,-4.675465106964111
9,-1.8497314453125
10,-7.540463447570801
11,-4.6740288734436035
12,-1.7978010177612305
13,-7.565211296081543
14,-3.8403282165527344
15,-1.7665290832519531
16,-7.58720588684082
17,-3.8417611122131348
18,-1.7277030944824219
19,-7.612967491149902
20,-3.8439035415649414
21,-1.6811561584472656
22,-7.469134330749512
23,-6.203550338745117
24,-1.4905519485473633
25,-7.611137390136719
26,-2.4929513931274414
27,-1.7441444396972656
28,-6.836397171020508
29,-4.531268119812012
30,-1.7012672424316406
31,-6.8415069580078125
32,-3.4464917182922363
33,-0.9543418884277344
34,-5.88068962097168
35,-8.282325744628906
36,-0.8329324722290039
37,-5.620994567871094
38,0.0797426700592041
39,-2.5927371978759766
40,-3.544424057006836
41,-9.519389152526855
42,-2.4849205017089844
43,-3.510890007019043
44,0.8379611968994141
45,-4.211133003234863
46,-2.4075546264648438
47,-8.922364234924316
48,-4.040668487548828
49,-2.348843574523926
50,-1.0216506719589233
51,-4.620982646942139
52,-2.185161590576172
53,-9.837578773498535
54,-4.3603291511535645
55,-2.2257986068725586
56,-0.9137424230575562
57,-4.5959153175354
58,-2.316640853881836
59,-9.326009750366211
60,-4.405785083770752
61,-2.2519588470458984
62,-1.8595244884490967
63,-4.4707794189453125
64,-2.3143787384033203
65,-8.711967468261719
66,-4.302354335784912
67,-2.2301712036132812
68,-1.4754170179367065
69,0.10603046417236328
70,0.07353401184082031
71,-5.452399253845215
72,0.0
73,0.0
74,0.0
75,-0.8492288589477539
76,5.035591125488281
77,-5.645229339599609
78,-0.8488359451293945
79,4.789068222045898
80,0.18294501304626465
81,-0.9469375610351562
82,9.897069931030273
83,-4.604417324066162
84,-0.8379611968994141
85,9.557950973510742
86,1.385105848312378
87,-0.7665529251098633
88,10.734661102294922
89,-4.590272903442383
90,-0.6034822463989258
91,10.460575103759766
92,1.4321348667144775
93,-2.160220146179199
94,10.754890441894531
95,-6.395144462585449
96,-1.9937324523925781
97,10.525863647460938
98,0.03489327430725098
99,-1.8718490600585938
100,-7.17825174331665
101,-2.851318359375
102,-1.8517789840698242
103,-7.626165390014648
104,-3.407182216644287
105,-1.8491096496582031
106,-7.634126663208008
107,-3.408231258392334
108,-1.851363182067871
109,-7.636995792388916
110,-3.407565116882324
111,-1.8144330978393555
112,-7.642526149749756
113,-2.5814669132232666
114,-1.7832212448120117
115,-7.662352561950684
116,-2.5823276042938232
117,-1.7497644424438477
118,-7.681047439575195
119,-2.5846352577209473
120,-1.6734027862548828
121,-7.555563449859619
122,-4.683663845062256
123,-1.5033235549926758
124,-7.649157524108887
125,-1.057572364807129
126,-1.7548656463623047
127,-6.863757610321045
128,-3.2364227771759033
129,-1.721099853515625
130,-6.853427410125732
131,-2.1744868755340576
132,-0.9948558807373047
133,-5.889077186584473
134,-6.918208122253418
135,-0.9084491729736328
136,-5.493396759033203
137,1.7067062854766846
138,-2.5471572875976562
139,-3.4183216094970703
140,-8.002599716186523
141,-2.4600038528442383
142,-3.002452850341797
143,2.3239376544952393
144,-4.1396965980529785
145,-2.196234703063965
146,-7.244837760925293
147,-3.998918056488037
148,-1.718496322631836
149,0.3184690475463867
150,-4.509209156036377
151,-1.9243230819702148
152,-8.056124687194824
153,-4.311859607696533
154,-1.556488037109375
155,0.3995811939239502
156,-4.527617454528809
157,-2.07668399810791
158,-7.6148576736450195
159,-4.373400688171387
160,-1.5811777114868164
161,-0.4911000728607178
162,-4.409854412078857
163,-2.075420379638672
164,-7.036502838134766
165,-4.26141357421875
166,-1.6333274841308594
167,-0.12259054183959961
168,0.1169595718383789
169,0.07466697692871094
170,-5.434303283691406
171,-0.0019817352294921875
172,0.07805633544921875
173,-0.018022775650024414
174,-0.8661355972290039
175,5.042491912841797
176,-5.685619354248047
177,-0.9059791564941406
178,4.83648681640625
179,-0.4106156826019287
180,-0.9134330749511719
181,9.897300720214844
182,-4.857194900512695
183,-0.8379583358764648
184,9.615100860595703
185,0.5258386135101318
186,-0.674189567565918
187,10.7562255859375
188,-4.863668441772461
189,-0.5937633514404297
190,10.479228973388672
191,0.5531675815582275
192,-2.164067268371582
193,10.769613265991211
194,-6.5515241622924805
195,-1.9937286376953125
196,10.547658920288086
197,-0.8413362503051758
198,-1.9201412200927734
199,-7.180962562561035
200,-3.0379765033721924
201,-1.8961753845214844
202,-7.630841255187988
203,-3.59062123298645
204,-1.8880319595336914
205,-7.639430522918701
206,-3.5913479328155518
207,-1.8852729797363281
208,-7.6437668800354
209,-3.590456962585449
210,-1.8679571151733398
211,-7.6443281173706055
212,-2.769822597503662
213,-1.8373479843139648
214,-7.664089202880859
215,-2.770822525024414
216,-1.808267593383789
217,-7.682558536529541
218,-2.7731683254241943
219,-1.686661720275879
220,-7.556788444519043
221,-4.890431880950928
222,-1.5409021377563477
223,-7.6490325927734375
224,-1.2858788967132568
225,-1.7924747467041016
226,-6.863694190979004
227,-3.434622287750244
228,-1.7694931030273438
229,-6.851758003234863
230,-2.3771629333496094
231,-1.0443048477172852
232,-5.871316909790039
233,-7.019187927246094
234,-0.9160079956054688
235,-5.435857772827148
236,1.4369537830352783
237,-2.4413909912109375
238,-3.074856758117676
239,-7.955839157104492
240,-2.4135608673095703
241,-2.6843643188476562
242,2.127756357192993
243,-4.012910842895508
244,-1.4762887954711914
245,-7.18953800201416
246,-3.871028423309326
247,-0.9583091735839844
248,0.2602372169494629
249,-4.388177871704102
250,-1.1230392456054688
251,-7.992581367492676
252,-4.185501575469971
253,-0.8396835327148438
254,0.34785914421081543
255,-4.446586608886719
256,-1.3227787017822266
257,-7.536439895629883
258,-4.236492156982422
259,-0.8950433731079102
260,-0.5319733619689941
261,-4.297802448272705
262,-1.2895698547363281
263,-6.9776811599731445
264,-4.144888877868652
265,-0.9040908813476562
266,-0.1690375804901123
267,0.12932300567626953
268,0.1386127471923828
269,-5.395770072937012
270,-0.00031566619873046875
271,0.18052196502685547
272,-0.056444406509399414
273,-0.873234748840332
274,5.08363151550293
275,-5.669525146484375
276,-0.9387493133544922
277,4.87451171875
278,-0.5009026527404785
279,-0.9124479293823242
280,9.900409698486328
281,-4.798040390014648
282,-0.8509159088134766
283,9.672601699829102
284,0.5528750419616699
285,-0.6648969650268555
286,10.767105102539062
287,-4.783601760864258
288,-0.5961551666259766
289,10.503145217895508
290,0.5933377742767334
291,-2.1637468338012695
292,10.782699584960938
293,-6.265476226806641
294,-1.991379737854004
295,10.578926086425781
296,-0.7483029365539551
297,-1.9697885513305664
298,-7.076464653015137
299,-3.1667532920837402
300,-1.9533576965332031
301,-7.546554088592529
302,-3.7054362297058105
303,-1.942098617553711
304,-7.556461334228516
305,-3.7063751220703125
306,-1.936147689819336
307,-7.561800956726074
308,-3.7055811882019043
309,-1.9362611770629883
310,-7.558957576751709
311,-2.892512321472168
312,-1.9090242385864258
313,-7.578847408294678
314,-2.8934128284454346
315,-1.8848190307617188
316,-7.596163749694824
317,-2.8958568572998047
318,-1.739720344543457
319,-7.465101718902588
320,-5.0141706466674805
321,-1.6258087158203125
322,-7.546024799346924
323,-1.4317072629928589
324,-1.836090087890625
325,-6.764459609985352
326,-3.574169635772705
327,-1.8268938064575195
328,-6.735247611999512
329,-2.522921323776245
330,-1.0482244491577148
331,-5.658276557922363
332,-7.162952423095703
333,-0.9471645355224609
334,-5.151649475097656
335,1.2435052394866943
336,-2.2750282287597656
337,-2.469965934753418
338,-8.17529582977295
339,-2.2326793670654297
340,-2.1931657791137695
341,1.9914295673370361
342,-3.779494285583496
343,-0.6200752258300781
344,-7.562828063964844
345,-3.6095471382141113
346,-0.0008096694946289062
347,0.18506908416748047
348,-4.16941499710083
349,-0.2368144989013672
350,-8.386908531188965
351,-3.9149675369262695
352,0.1590719223022461
353,0.257587194442749
354,-4.217495918273926
355,-0.3551187515258789
356,-7.9423627853393555
357,-4.001701354980469
358,0.15630149841308594
359,-0.6216354370117188
360,-4.050525665283203
361,-0.3732433319091797
362,-7.359612464904785
363,-3.880908966064453
364,0.11450958251953125
365,-0.24688267707824707
366,0.18997955322265625
367,0.26457691192626953
368,-5.364103317260742
369,-0.009157180786132812
370,0.36511707305908203
371,-0.08824467658996582
372,-0.8731632232666016
373,5.149646759033203
374,-5.575662612915039
375,-1.0059499740600586
376,4.9127960205078125
377,-0.383594274520874
378,-0.911712646484375
379,9.900501251220703
380,-4.422067642211914
381,-0.9025421142578125
382,9.705970764160156
383,0.6769750118255615
384,-0.6671657562255859
385,10.739690780639648
386,-4.374382972717285
387,-0.6513948440551758
388,10.508094787597656
389,0.7615981101989746
390,-2.1623144149780273
391,10.781850814819336
392,-5.844370365142822
393,-2.040379524230957
394,10.614448547363281
395,-0.3341059684753418
396,-2.040106773376465
397,-6.80940055847168
398,-4.714542388916016
399,-2.0254287719726562
400,-7.298855304718018
401,-5.219414710998535
402,-2.0085697174072266
403,-7.310497760772705
404,-5.220430850982666
405,-1.9969072341918945
406,-7.316596984863281
407,-5.2199811935424805
408,-2.0291872024536133
409,-7.30328369140625
410,-4.420777320861816
411,-2.0104808807373047
412,-7.319825649261475
413,-4.421803951263428
414,-1.9956865310668945
415,-7.332916259765625
416,-4.424405097961426
417,-1.7785568237304688
418,-7.213985443115234
419,-6.303278923034668
420,-1.7490901947021484
421,-7.26823091506958
422,-2.776886463165283
423,-1.8951530456542969
424,-6.492937088012695
425,-5.044415473937988
426,-1.9077949523925781
427,-6.441168785095215
428,-4.0113091468811035
429,-1.0464725494384766
430,-5.433474540710449
431,-8.179976463317871
432,-1.1311817169189453
433,-4.8224029541015625
434,0.09707450866699219
435,-2.0259790420532227
436,-1.8437347412109375
437,-9.219359397888184
438,-2.1081314086914062
439,-1.6990375518798828
440,0.9777190685272217
441,-3.2893686294555664
442,0.5774335861206055
443,-8.738214492797852
444,-3.3453407287597656
445,0.6997184753417969
446,-0.7264273166656494
447,-3.6326375007629395
448,1.3527278900146484
449,-9.572343826293945
450,-3.6752147674560547
451,1.0945796966552734
452,-0.7310624122619629
453,-3.703427314758301
454,1.1396408081054688
455,-9.28189468383789
456,-3.764768123626709
457,1.1071786880493164
458,-1.5994521379470825
459,-3.523463249206543
460,0.9948406219482422
461,-8.603066444396973
462,-3.5899391174316406
463,1.0397911071777344
464,-1.160171389579773
465,0.2658538818359375
466,0.4205799102783203
467,-5.328378677368164
468,-0.0638570785522461
469,0.5320091247558594
470,-0.12343382835388184
471,-0.8754768371582031
472,5.211042404174805
473,-5.794042587280273
474,-1.155287742614746
475,4.911165237426758
476,-1.0785434246063232
477,-0.9156894683837891
478,9.905994415283203
479,-4.615959167480469
480,-0.943181037902832
481,9.705890655517578
482,0.277026891708374
483,-0.6690578460693359
484,10.739234924316406
485,-4.578874588012695
486,-0.681065559387207
487,10.51192855834961
488,0.3471813201904297
489,-2.152981758117676
490,10.796306610107422
491,-6.147660255432129
492,-2.0524768829345703
493,10.653223037719727
494,-0.8853684663772583
495,-2.1379356384277344
496,-6.368906021118164
497,-3.7898664474487305
498,-2.112485885620117
499,-6.881866931915283
500,-4.0987396240234375
501,-2.083897590637207
502,-6.906637191772461
503,-4.101060390472412
504,-2.060880661010742
505,-6.927002429962158
506,-4.101874351501465
507,-2.1549606323242188
508,-6.845962047576904
509,-3.3715813159942627
510,-2.14223575592041
511,-6.856200218200684
512,-3.371868133544922
513,-2.1386661529541016
514,-6.861567974090576
515,-3.3753998279571533
516,-1.8143997192382812
517,-6.853065490722656
518,-4.737548828125
519,-1.9084281921386719
520,-6.78439474105835
521,-1.4650354385375977
522,-1.969660758972168
523,-6.084774971008301
524,-3.934250593185425
525,-2.0178346633911133
526,-6.00203800201416
527,-2.9976985454559326
528,-1.0446014404296875
529,-5.314857482910156
530,-7.022278785705566
531,-1.3156890869140625
532,-4.331423759460449
533,1.546262502670288
534,-1.605966567993164
535,-1.7301578521728516
536,-8.446614265441895
537,-1.7403907775878906
538,-1.3076505661010742
539,2.5445258617401123
540,-2.5773611068725586
541,1.1189565658569336
542,-8.311558723449707
543,-2.581422805786133
544,1.6258220672607422
545,0.7363948822021484
546,-2.768899917602539
547,1.9854698181152344
548,-9.043858528137207
549,-2.820723533630371
550,2.1879215240478516
551,0.7748732566833496
552,-2.874317169189453
553,1.8406906127929688
554,-8.847983360290527
555,-2.894843101501465
556,2.2287063598632812
557,-0.04158902168273926
558,-2.7910280227661133
559,1.6798477172851562
560,-8.205653190612793
561,-2.75335693359375
562,2.0377540588378906
563,0.31383180618286133
564,0.32877445220947266
565,0.5471830368041992
566,-5.331696510314941
567,-0.10519981384277344
568,0.7235708236694336
569,-0.12008500099182129
570,-0.8941936492919922
571,5.303730010986328
572,-6.273400783538818
573,-1.3180809020996094
574,4.891534805297852
575,-1.7526862621307373
576,-0.922642707824707
577,9.911266326904297
578,-5.598820686340332
579,-1.008626937866211
580,9.704048156738281
581,-0.8582563400268555
582,-0.6707801818847656
583,10.735124588012695
584,-5.614470481872559
585,-0.7432308197021484
586,10.50288200378418
587,-0.8511868715286255
588,-2.151524543762207
589,10.813282012939453
590,-7.473276138305664
591,-2.1026268005371094
592,10.681201934814453
593,-2.293208360671997
594,-2.320216178894043
595,-5.988372802734375
596,-3.1627960205078125
597,-2.2834959030151367
598,-6.526181221008301
599,-3.626216173171997
600,-2.2539596557617188
601,-6.554078102111816
602,-3.627610921859741
603,-2.2305002212524414
604,-6.574806213378906
605,-3.6284167766571045
606,-2.3108301162719727
607,-6.500836372375488
608,-2.8010919094085693
609,-2.293606758117676
610,-6.516402244567871
611,-2.8006510734558105
612,-2.2836341857910156
613,-6.527613639831543
614,-2.8035871982574463
615,-1.9635801315307617
616,-6.561473846435547
617,-4.895354270935059
618,-2.028484344482422
619,-6.552669525146484
620,-1.2722461223602295
621,-2.1077661514282227
622,-5.723166465759277
623,-3.575394868850708
624,-2.141559600830078
625,-5.666176795959473
626,-2.5189096927642822
627,-1.1464691162109375
628,-5.063953399658203
629,-7.262381553649902
630,-1.2524805068969727
631,-4.431713104248047
632,1.5392277240753174
633,-1.3242321014404297
634,-1.2337141036987305
635,-8.469240188598633
636,-0.9230947494506836
637,-1.1017370223999023
638,2.3371951580047607
639,-2.022340774536133
640,2.250324249267578
641,-7.5067949295043945
642,-1.3543710708618164
643,2.0866241455078125
644,0.8029770851135254
645,-2.1924076080322266
646,3.0384140014648438
647,-8.214837074279785
648,-1.46783447265625
649,2.769256591796875
650,0.896618127822876
651,-2.2767724990844727
652,3.060640335083008
653,-7.949418067932129
654,-1.5277042388916016
655,2.8347835540771484
656,0.15173053741455078
657,-2.2053070068359375
658,2.8879833221435547
659,-7.344352722167969
660,-1.4513120651245117
661,2.590106964111328
662,0.4236292839050293
663,0.37972259521484375
664,0.7545452117919922
665,-5.373261451721191
666,-0.09723854064941406
667,0.9052658081054688
668,-0.07832860946655273
669,-1.0314502716064453
670,5.432582855224609
671,-5.743481636047363
672,-1.3392810821533203
673,4.973421096801758
674,-1.3948866128921509
675,-0.9224710464477539
676,9.921854019165039
677,-3.69061279296875
678,-1.0181694030761719
679,9.701980590820312
680,1.085782766342163
681,-0.6594209671020508
682,10.732124328613281
683,-3.515648603439331
684,-0.7669286727905273
685,10.473085403442383
686,1.2383129596710205
687,-2.1485729217529297
688,10.819801330566406
689,-4.646453380584717
690,-2.1294326782226562
691,10.691299438476562
692,0.42969346046447754
693,-2.491392135620117
694,-5.559350967407227
695,-3.2695953845977783
696,-2.479076385498047
697,-6.054930686950684
698,-3.7586076259613037
699,-2.453629493713379
700,-6.080121994018555
701,-3.759742259979248
702,-2.4375104904174805
703,-6.094512939453125
704,-3.7603306770324707
705,-2.4718503952026367
706,-6.058744430541992
707,-2.9343101978302
708,-2.4326915740966797
709,-6.095142364501953
710,-2.934169292449951
711,-2.406463623046875
712,-6.11985969543457
713,-2.9370291233062744
714,-2.1630020141601562
715,-6.096440315246582
716,-5.102814674377441
717,-2.1279821395874023
718,-6.1657257080078125
719,-1.4747495651245117
720,-2.294687271118164
721,-5.284980773925781
722,-3.7035794258117676
723,-2.2868452072143555
724,-5.250718116760254
725,-2.6449103355407715
726,-1.3043365478515625
727,-4.537036895751953
728,-7.3256025314331055
729,-1.2188796997070312
730,-4.281122207641602
731,1.276122808456421
732,-1.0498781204223633
733,-0.7606468200683594
734,-8.567944526672363
735,-0.5244970321655273
736,-0.7685556411743164
737,2.2402966022491455
738,-1.424595832824707
739,2.753114700317383
740,-7.468652725219727
741,-0.6716833114624023
742,2.2828445434570312
743,0.3849020004272461
744,-1.3580865859985352
745,3.6835575103759766
746,-8.206212043762207
747,-0.6815099716186523
748,2.8984527587890625
749,0.4901719093322754
750,-1.5832443237304688
751,3.8101844787597656
752,-7.856107711791992
753,-0.7635469436645508
754,2.9654064178466797
755,-0.26828885078430176
756,-1.5168485641479492
757,3.5212440490722656
758,-7.280684471130371
759,-0.7450399398803711
760,2.742889404296875
761,-0.006742715835571289
762,0.36144256591796875
763,1.0506677627563477
764,-5.383186340332031
765,0.0787496566772461
766,1.1482839584350586
767,-0.06790018081665039
768,-1.173020362854004
769,5.535261154174805
770,-4.926530838012695
771,-1.3035669326782227
772,5.293924331665039
773,-0.36322021484375
774,-0.9321784973144531
775,9.929615020751953
776,-2.3622286319732666
777,-1.025465965270996
778,9.735477447509766
779,2.424598455429077
780,-0.6610469818115234
781,10.72128677368164
782,-2.160851001739502
783,-0.7668781280517578
784,10.473974227905273
785,2.6052944660186768
786,-2.153627395629883
787,10.827241897583008
788,-3.1660385131835938
789,-2.1420507431030273
790,10.708646774291992
791,1.8127882480621338
792,-2.673344612121582
793,-5.195972442626953
794,-3.441990852355957
795,-2.6704349517822266
796,-5.651059150695801
797,-3.823629856109619
798,-2.650254249572754
799,-5.669416427612305
800,-3.825065851211548
801,-2.635148048400879
802,-5.68281364440918
803,-3.8278346061706543
804,-2.66278076171875
805,-5.64863395690918
806,-2.998476982116699
807,-2.63580322265625
808,-5.671022415161133
809,-2.996974229812622
810,-2.6148462295532227
811,-5.688343048095703
812,-2.9996585845947266
813,-2.356382369995117
814,-5.670804977416992
815,-5.1596221923828125
816,-2.3329763412475586
817,-5.721464157104492
818,-1.559449315071106
819,-2.4610595703125
820,-4.879603385925293
821,-3.924166679382324
822,-2.4533567428588867
823,-4.849844932556152
824,-2.867488384246826
825,-1.370213508605957
826,-4.252039909362793
827,-7.746824264526367
828,-1.259124755859375
829,-4.011251449584961
830,1.0871319770812988
831,-0.5948123931884766
832,-0.8571453094482422
833,-8.86628246307373
834,-0.3182401657104492
835,-0.6179971694946289
836,1.6891086101531982
837,-0.5536737442016602
838,2.7380905151367188
839,-7.699375152587891
840,-0.19953155517578125
841,2.2927093505859375
842,0.24197125434875488
843,-0.48615264892578125
844,3.588594436645508
845,-8.462615013122559
846,-0.1622314453125
847,2.963296890258789
848,0.31935858726501465
849,-0.6600008010864258
850,3.671062469482422
851,-8.147713661193848
852,-0.23221302032470703
853,3.0416221618652344
854,-0.5283670425415039
855,-0.6807918548583984
856,3.354154586791992
857,-7.50056266784668
858,-0.22758865356445312
859,2.7848739624023438
860,-0.21091818809509277
861,0.3481025695800781
862,1.4184093475341797
863,-5.398367881774902
864,0.1076812744140625
865,1.40740966796875
866,-0.05164813995361328
867,-1.3974847793579102
868,5.6662445068359375
869,-5.075221061706543
870,-1.3693609237670898
871,5.371610641479492
872,-0.4973866939544678
873,-0.9383964538574219
874,9.941364288330078
875,-2.6757569313049316
876,-1.0229873657226562
877,9.743852615356445
878,2.073316812515259
879,-0.6602706909179688
880,10.719213485717773
881,-2.4806289672851562
882,-0.7603969573974609
883,10.472894668579102
884,2.2413313388824463
885,-2.1536264419555664
886,10.838542938232422
887,-3.477504253387451
888,-2.138700485229492
889,10.706670761108398
890,1.4404165744781494
891,-2.8957109451293945
892,-4.76076602935791
893,-4.353672981262207
894,-2.889143943786621
895,-5.167413711547852
896,-4.749883651733398
897,-2.8628902435302734
898,-5.186369895935059
899,-4.750596046447754
900,-2.839911460876465
901,-5.200985908508301
902,-4.752790451049805
903,-2.8847999572753906
904,-5.167789459228516
905,-3.892496109008789
906,-2.856138229370117
907,-5.18780517578125
908,-3.891577959060669
909,-2.8312387466430664
910,-5.206027030944824
911,-3.893277645111084
912,-2.52945613861084
913,-5.197975158691406
914,-6.086658000946045
915,-2.521437644958496
916,-5.252613067626953
917,-2.318145990371704
918,-2.6668968200683594
919,-4.430580139160156
920,-4.854623794555664
921,-2.6626672744750977
922,-4.389208793640137
923,-3.74969482421875
924,-1.431772232055664
925,-3.816781997680664
926,-8.407147407531738
927,-1.424412727355957
928,-3.5310115814208984
929,0.21027135848999023
930,-0.15526485443115234
931,-0.7761135101318359
932,-9.50622844696045
933,-0.1250438690185547
934,-0.5239353179931641
935,0.9139597415924072
936,0.3137683868408203
937,2.6935997009277344
938,-9.199081420898438
939,0.14664268493652344
940,2.1495532989501953
941,-0.563185453414917
942,0.5289039611816406
943,3.5130958557128906
944,-10.200714111328125
945,0.26199913024902344
946,2.6803627014160156
947,-0.5068879127502441
948,0.31404781341552734
949,3.726551055908203
950,-9.895230293273926
951,0.2607898712158203
952,2.838987350463867
953,-1.2351701259613037
954,0.2290515899658203
955,3.398914337158203
956,-9.05381965637207
957,0.111846923828125
958,2.6641788482666016
959,-0.9302539825439453
960,0.36942481994628906
961,1.7298297882080078
962,-5.424140930175781
963,0.1060171127319336
964,1.6234016418457031
965,-0.024767160415649414
966,-1.490732192993164
967,5.7109527587890625
968,-5.463040828704834
969,-1.6375970840454102
970,5.325571060180664
971,-0.6430950164794922
972,-0.9392623901367188
973,9.977134704589844
974,-3.144787311553955
975,-1.025832176208496
976,9.744165420532227
977,2.0476291179656982
978,-0.6558542251586914
979,10.720006942749023
980,-2.950533390045166
981,-0.7554082870483398
982,10.472030639648438
983,2.2493598461151123
984,-2.1543569564819336
985,10.886331558227539
986,-4.00546932220459
987,-2.161635398864746
988,10.713993072509766
989,1.6341392993927002
990,-3.057065963745117
991,-4.358284950256348
992,-4.54613733291626
993,-3.0223379135131836
994,-4.748459815979004
995,-4.995792388916016
996,-2.994443893432617
997,-4.763034820556641
998,-4.996234893798828
999,-2.967802047729492
1000,-4.773590087890625
1001,-4.998193740844727
1002,-3.021280288696289
1003,-4.748283386230469
1004,-4.114225387573242
1005,-2.9931955337524414
1006,-4.762922286987305
1007,-4.113676071166992
1008,-2.966615676879883
1009,-4.777194976806641
1010,-4.115220069885254
1011,-2.633760452270508
1012,-4.775702476501465
1013,-6.408235549926758
1014,-2.6320276260375977
1015,-4.834455490112305
1016,-2.5186660289764404
1017,-2.826282501220703
1018,-4.005249977111816
1019,-5.060166358947754
1020,-2.8260269165039062
1021,-3.976194381713867
1022,-3.9211783409118652
1023,-1.5341854095458984
1024,-3.2668275833129883
1025,-8.58933162689209
1026,-1.5432891845703125
1027,-3.20656681060791
1028,-0.05124831199645996
1029,-0.012488365173339844
1030,-0.9193477630615234
1031,-9.902271270751953
1032,-0.0770273208618164
1033,-0.9170942306518555
1034,0.777888298034668
1035,0.938690185546875
1036,2.2484912872314453
1037,-10.313064575195312
1038,0.5630998611450195
1039,1.4408454895019531
1040,-0.5428216457366943
1041,1.232893943786621
1042,2.9405670166015625
1043,-11.393735885620117
1044,0.7337551116943359
1045,1.9944648742675781
1046,-0.4741542339324951
1047,1.1210603713989258
1048,3.0756664276123047
1049,-11.083699226379395
1050,0.6054792404174805
1051,2.163616180419922
1052,-1.210415005683899
1053,1.0057363510131836
1054,2.847137451171875
1055,-10.194656372070312
1056,0.5802268981933594
1057,2.0810508728027344
1058,-0.9156970977783203
1059,0.39618778228759766
1060,1.9659481048583984
1061,-5.453914642333984
1062,0.1207427978515625
1063,1.7323322296142578
1064,0.005890607833862305
1065,-1.6083745956420898
1066,5.747190475463867
1067,-5.811492443084717
1068,-1.7838754653930664
1069,5.317304611206055
1070,-0.712679386138916
1071,-0.9567842483520508
1072,9.984344482421875
1073,-3.353504180908203
1074,-1.049229621887207
1075,9.742286682128906
1076,2.158046007156372
1077,-0.6567583084106445
1078,10.719915390014648
1079,-3.1374001502990723
1080,-0.7638740539550781
1081,10.439825057983398
1082,2.4005415439605713
1083,-2.1546592712402344
1084,10.920953750610352
1085,-3.9270553588867188
1086,-2.1811017990112305
1087,10.72332763671875
1088,2.0815274715423584
1089,-3.1370744705200195
1090,-3.7032012939453125
1091,-3.5843665599823
1092,-3.1004276275634766
1093,-4.103218078613281
1094,-4.023802757263184
1095,-3.0737552642822266
1096,-4.122653007507324
1097,-4.024041175842285
1098,-3.0486812591552734
1099,-4.138028144836426
1100,-4.025930404663086
1101,-3.099789619445801
1102,-4.096673965454102
1103,-3.077306032180786
1104,-3.073054313659668
1105,-4.112076759338379
1106,-3.0766561031341553
1107,-3.047999382019043
1108,-4.126340866088867
1109,-3.0789854526519775
1110,-2.7226810455322266
1111,-4.179039001464844
1112,-5.563416004180908
1113,-2.7284297943115234
1114,-4.225542068481445
1115,-1.392764925956726
1116,-2.900575637817383
1117,-3.3846054077148438
1118,-4.175924301147461
1119,-2.902597427368164
1120,-3.3603010177612305
1121,-2.939640760421753
1122,-1.629847526550293
1123,-2.8240060806274414
1124,-8.106627464294434
1125,-1.6450557708740234
1126,-2.6905956268310547
1127,0.9287359714508057
1128,0.013635635375976562
1129,-0.9686241149902344
1130,-9.657872200012207
1131,-0.08199501037597656
1132,-0.7779998779296875
1133,1.9491474628448486
1134,1.482314109802246
1135,1.552703857421875
1136,-10.205408096313477
1137,0.9738807678222656
1138,1.2570915222167969
1139,1.0730056762695312
1140,1.9712047576904297
1141,2.1351966857910156
1142,-11.224613189697266
1143,1.200296401977539
1144,1.7876243591308594
1145,1.350099802017212
1146,1.809178352355957
1147,2.24041748046875
1148,-10.882136344909668
1149,1.3789119720458984
1150,1.9250564575195312
1151,0.7365415096282959
1152,1.6516399383544922
1153,2.033946990966797
1154,-10.082355499267578
1155,1.1086626052856445
1156,1.7007598876953125
1157,0.7768023014068604
1158,0.4864234924316406
1159,2.0206336975097656
1160,-5.5631022453308105
1161,0.2637214660644531
1162,1.8808269500732422
1163,0.11542296409606934
1164,-1.6377954483032227
1165,5.792163848876953
1166,-6.075444221496582
1167,-1.717569351196289
1168,5.37614631652832
1169,-0.865946888923645
1170,-0.9698314666748047
1171,9.999900817871094
1172,-3.529855966567993
1173,-1.0452146530151367
1174,9.758491516113281
1175,1.9657456874847412
1176,-0.6551275253295898
1177,10.756755828857422
1178,-3.399014949798584
1179,-0.7606563568115234
1180,10.448429107666016
1181,2.1792171001434326
1182,-2.1555442810058594
1183,10.935155868530273
1184,-4.379386901855469
1185,-2.181966781616211
1186,10.729593276977539
1187,1.6946790218353271
1188,-3.2223939895629883
1189,-2.996644973754883
1190,-4.488417625427246
1191,-3.159048080444336
1192,-3.419065475463867
1193,-4.943699836730957
1194,-3.126044273376465
1195,-3.4408397674560547
1196,-4.9444074630737305
1197,-3.0959692001342773
1198,-3.456300735473633
1199,-4.947002410888672
1200,-3.1727495193481445
1201,-3.415903091430664
1202,-4.061178684234619
1203,-3.1477432250976562
1204,-3.4326353073120117
1205,-4.0610127449035645
1206,-3.1245861053466797
1207,-3.4500036239624023
1208,-4.063497543334961
1209,-2.7771501541137695
1210,-3.4894914627075195
1211,-6.389150619506836
1212,-2.8133039474487305
1213,-3.5522851943969727
1214,-2.484679698944092
1215,-2.9853944778442383
1216,-2.672840118408203
1217,-5.016456604003906
1218,-2.999603271484375
1219,-2.667337417602539
1220,-3.870651960372925
1221,-1.6877832412719727
1222,-2.225536346435547
1223,-8.477639198303223
1224,-1.7850027084350586
1225,-2.135408401489258
1226,-0.21620392799377441
1227,0.12877750396728516
1228,-0.9497537612915039
1229,-9.87677001953125
1230,0.043463706970214844
1231,-0.7763004302978516
1232,0.7992203235626221
1233,1.8652725219726562
1234,1.4826011657714844
1235,-10.351226806640625
1236,1.387115478515625
1237,0.9644031524658203
1238,0.6484436988830566
1239,2.3326120376586914
1240,1.4010848999023438
1241,-11.269166946411133
1242,1.6904449462890625
1243,1.439117431640625
1244,1.0882675647735596
1245,2.2619943618774414
1246,2.0269546508789062
1247,-11.051254272460938
1248,1.6204805374145508
1249,1.5288887023925781
1250,0.12456655502319336
1251,2.1058454513549805
1252,1.6630611419677734
1253,-10.28575611114502
1254,1.5173358917236328
1255,1.3581771850585938
1256,0.7565867900848389
1257,0.592620849609375
1258,2.222982406616211
1259,-5.580637454986572
1260,0.2920875549316406
1261,2.0491504669189453
1262,0.13262128829956055
1263,-1.6322078704833984
1264,5.845010757446289
1265,-6.017702102661133
1266,-1.8269939422607422
1267,5.439563751220703
1268,-0.7738114595413208
1269,-0.9703617095947266
1270,10.011465072631836
1271,-3.259436845779419
1272,-1.0423583984375
1273,9.757095336914062
1274,2.4898340702056885
1275,-0.6389141082763672
1276,10.785379409790039
1277,-3.037529945373535
1278,-0.7572908401489258
1279,10.44270133972168
1280,2.76293683052063
1281,-2.188661575317383
1282,10.96754264831543
1283,-3.9861955642700195
1284,-2.1831932067871094
1285,10.738554000854492
1286,2.4946792125701904
1287,-3.2866897583007812
1288,-2.3971195220947266
1289,-3.4319839477539062
1290,-3.208733558654785
1291,-2.8238601684570312
1292,-3.8742828369140625
1293,-3.1772689819335938
1294,-2.8494176864624023
1295,-3.874584436416626
1296,-3.137847900390625
1297,-2.8901491165161133
1298,-3.8767080307006836
1299,-3.2203712463378906
1300,-2.8081483840942383
1301,-2.957787275314331
1302,-3.1966552734375
1303,-2.8232994079589844
1304,-2.957521915435791
1305,-3.159817695617676
1306,-2.866936683654785
1307,-2.9598729610443115
1308,-2.824840545654297
1309,-2.9384565353393555
1310,-5.338190078735352
1311,-2.8638525009155273
1312,-2.976856231689453
1313,-1.2602566480636597
1314,-3.058527946472168
1315,-2.114132881164551
1316,-3.982449531555176
1317,-3.0718679428100586
1318,-2.102205276489258
1319,-2.785176992416382
1320,-1.7889518737792969
1321,-1.6960506439208984
1322,-7.601048469543457
1323,-1.7702608108520508
1324,-1.5535001754760742
1325,0.8119966983795166
1326,0.11365509033203125
1327,-0.9225282669067383
1328,-9.154351234436035
1329,0.11719799041748047
1330,-0.565424919128418
1331,2.1082780361175537
1332,2.0460023880004883
1333,0.8243446350097656
1334,-9.745748519897461
1335,1.6061134338378906
1336,0.8214550018310547
1337,1.6184580326080322
1338,2.2953853607177734
1339,0.35653018951416016
1340,-10.648642539978027
1341,1.9516477584838867
1342,1.2498397827148438
1343,1.8631298542022705
1344,2.4625301361083984
1345,0.9061164855957031
1346,-10.35843276977539
1347,1.8644323348999023
1348,1.328948974609375
1349,1.33498215675354
1350,2.300917625427246
1351,0.924555778503418
1352,-9.638788223266602
1353,1.749760627746582
1354,1.1821393966674805
1355,1.4211599826812744
1356,0.6270523071289062
1357,2.4439125061035156
1358,-5.644545555114746
1359,0.4144878387451172
1360,2.4976978302001953
1361,0.1960291862487793
1362,-1.770925521850586
1363,5.801963806152344
1364,-5.973174095153809
1365,-1.7684440612792969
1366,5.577495574951172
1367,-0.6974866390228271
1368,-0.9809389114379883
1369,10.015623092651367
1370,-3.1578354835510254
1371,-1.0386314392089844
1372,9.78060531616211
1373,2.7143847942352295
1374,-0.6395559310913086
1375,10.785514831542969
1376,-2.8875956535339355
1377,-0.7394914627075195
1378,10.464920043945312
1379,2.9839460849761963
1380,-2.1889171600341797
1381,11.008365631103516
1382,-3.525313138961792
1383,-2.165311813354492
1384,10.763431549072266
1385,2.8128435611724854
1386,-3.2477550506591797
1387,-1.6399154663085938
1388,-4.321354866027832
1389,-3.2118959426879883
1390,-2.139012336730957
1391,-4.819463729858398
1392,-3.1761398315429688
1393,-2.190641403198242
1394,-4.819431304931641
1395,-3.145779609680176
1396,-2.2210845947265625
1397,-4.822141170501709
1398,-3.2215499877929688
1399,-2.127537727355957
1400,-3.8705687522888184
1401,-3.190304756164551
1402,-2.1783504486083984
1403,-3.8705058097839355
1404,-3.1635379791259766
1405,-2.210568428039551
1406,-3.8721394538879395
1407,-2.8471603393554688
1408,-2.3146610260009766
1409,-6.3766255378723145
1410,-2.891983985900879
1411,-2.3515710830688477
1412,-2.1242403984069824
1413,-3.024477958679199
1414,-1.4233407974243164
1415,-4.89283561706543
1416,-3.0355491638183594
1417,-1.4057235717773438
1418,-3.6606051921844482
1419,-1.7671127319335938
1420,-1.2269668579101562
1421,-8.373270034790039
1422,-1.724930763244629
1423,-1.1080513000488281
1424,-0.0895845890045166
1425,0.24477100372314453
1426,-0.9214468002319336
1427,-10.096014022827148
1428,0.2515583038330078
1429,-0.45066070556640625
1430,1.2062363624572754
1431,2.213189125061035
1432,-0.6620464324951172
1433,-11.062602043151855
1434,1.913466453552246
1435,0.5908393859863281
1436,0.9190738201141357
1437,2.8197765350341797
1438,-0.7854690551757812
1439,-12.02070426940918
1440,2.208841323852539
1441,0.4960660934448242
1442,1.100165605545044
1443,2.8469486236572266
1444,-0.4654502868652344
1445,-11.953155517578125
1446,2.1116838455200195
1447,0.6928310394287109
1448,0.3998901844024658
1449,2.687145233154297
1450,-0.24576568603515625
1451,-11.085195541381836
1452,2.122772216796875
1453,0.6654901504516602
1454,0.581104040145874
1455,0.6644802093505859
1456,2.8073043823242188
1457,-5.7291436195373535
1458,0.47479915618896484
1459,2.807586669921875
1460,0.28098011016845703
1461,-1.8130292892456055
1462,5.795442581176758
1463,-5.997557640075684
1464,-1.829604148864746
1465,5.580657958984375
1466,-0.4504129886627197
1467,-0.9841785430908203
1468,10.018604278564453
1469,-3.1822526454925537
1470,-1.0353612899780273
1471,9.778375625610352
1472,3.2159345149993896
1473,-0.6398334503173828
1474,10.788162231445312
1475,-2.915886878967285
1476,-0.7289829254150391
1477,10.459558486938477
1478,3.497631788253784
1479,-2.1788692474365234
1480,11.012771606445312
1481,-3.8076162338256836
1482,-2.0444393157958984
1483,10.777843475341797
1484,3.225975275039673
1485,-3.1634521484375
1486,-0.868504524230957
1487,-4.251733779907227
1488,-3.1585264205932617
1489,-1.331101417541504
1490,-4.7627787590026855
1491,-3.1334667205810547
1492,-1.3637275695800781
1493,-4.762627601623535
1494,-3.1110124588012695
1495,-1.3925294876098633
1496,-4.764939785003662
1497,-3.164788246154785
1498,-1.3405046463012695
1499,-3.8581032752990723
1500,-3.1434669494628906
1501,-1.3803043365478516
1502,-3.8578953742980957
1503,-3.124392509460449
1504,-1.4177436828613281
1505,-3.859036445617676
1506,-2.8393783569335938
1507,-1.585042953491211
1508,-6.3303961753845215
1509,-2.8627052307128906
1510,-1.6671218872070312
1511,-2.313706398010254
1512,-2.9585676193237305
1513,-0.7194852828979492
1514,-4.8098249435424805
1515,-2.965165138244629
1516,-0.7082653045654297
1517,-3.6392765045166016
1518,-1.7350902557373047
1519,-0.8000125885009766
1520,-8.358139038085938
1521,-1.6525497436523438
1522,-0.6964273452758789
1523,-0.39426112174987793
1524,0.3394794464111328
1525,-1.03424072265625
1526,-10.0266752243042
1527,0.39016246795654297
1528,-0.6162567138671875
1529,0.48934102058410645
1530,2.1466026306152344
1531,-1.2125682830810547
1532,-10.98023796081543
1533,1.8287763595581055
1534,-0.2860269546508789
1535,-0.10345959663391113
1536,2.8087024688720703
1537,-1.3356409072875977
1538,-11.955944061279297
1539,2.2825870513916016
1540,-0.3274240493774414
1541,-0.13177728652954102
1542,2.791757583618164
1543,-1.0856733322143555
1544,-11.894881248474121
1545,2.2433013916015625
1546,-0.21523189544677734
1547,-0.3924367427825928
1548,2.6662912368774414
1549,-0.8668155670166016
1550,-11.009916305541992
1551,2.1590261459350586
1552,-0.2630596160888672
1553,-0.2817075252532959
1554,0.6912155151367188
1555,3.2180938720703125
1556,-5.730657577514648
1557,0.5603647232055664
1558,3.1838512420654297
1559,0.28163599967956543
1560,-1.8929834365844727
1561,5.814924240112305
1562,-5.7909159660339355
1563,-1.9023323059082031
1564,5.582635879516602
1565,-0.2725191116333008
1566,-1.0006942749023438
1567,10.019176483154297
1568,-2.5270190238952637
1569,-1.0504789352416992
1570,9.776750564575195
1571,3.4682681560516357
1572,-0.6547565460205078
1573,10.78697395324707
1574,-2.221794366836548
1575,-0.7309417724609375
1576,10.457122802734375
1577,3.7572386264801025
1578,-2.1873779296875
1579,11.010665893554688
1580,-2.9086692333221436
1581,-2.0241174697875977
1582,10.785736083984375
1583,3.5277631282806396
1584,-3.1902942657470703
1585,-0.5518312454223633
1586,-4.929300308227539
1587,-3.1991329193115234
1588,-1.0097112655639648
1589,-5.494540214538574
1590,-3.164525032043457
1591,-1.0764045715332031
1592,-5.494228363037109
1593,-3.1434288024902344
1594,-1.1041555404663086
1595,-5.497169494628906
1596,-3.191248893737793
1597,-1.0534343719482422
1598,-4.681018829345703
1599,-3.1712732315063477
1600,-1.089339256286621
1601,-4.680486679077148
1602,-3.15291690826416
1603,-1.124302864074707
1604,-4.680234432220459
1605,-2.868967056274414
1606,-1.2551403045654297
1607,-7.102134704589844
1608,-2.875173568725586
1609,-1.3614072799682617
1610,-3.470808982849121
1611,-2.9772682189941406
1612,-0.38409900665283203
1613,-5.488590240478516
1614,-2.9818801879882812
1615,-0.36620521545410156
1616,-4.42849063873291
1617,-1.6910200119018555
1618,-0.45668792724609375
1619,-8.942782402038574
1620,-1.6137828826904297
1621,-0.42317771911621094
1622,-1.487309455871582
1623,0.4340085983276367
1624,-1.1472673416137695
1625,-10.519455909729004
1626,0.3668527603149414
1627,-0.7901620864868164
1628,-0.3631565570831299
1629,2.1694841384887695
1630,-2.0028276443481445
1631,-11.504476547241211
1632,1.892629623413086
1633,-1.5816469192504883
1634,-0.8070940971374512
1635,2.8341827392578125
1636,-2.5797433853149414
1637,-12.530325889587402
1638,2.3339548110961914
1639,-2.2340431213378906
1640,-0.9092508554458618
1641,2.833406448364258
1642,-2.403510093688965
1643,-12.618475914001465
1644,2.237957000732422
1645,-2.2029647827148438
1646,-1.144605278968811
1647,2.744354248046875
1648,-2.159510612487793
1649,-11.594297409057617
1650,2.1011695861816406
1651,-2.089122772216797
1652,-0.9608851671218872
1653,0.7315568923950195
1654,3.644376754760742
1655,-5.754036903381348
1656,0.5829601287841797
1657,3.479055404663086
1658,0.304166316986084
1659,-1.9923896789550781
1660,5.836946487426758
1661,-5.612898826599121
1662,-1.983327865600586
1663,5.579742431640625
1664,0.3144502639770508
1665,-1.0095224380493164
1666,10.01894760131836
1667,-1.8656396865844727
1668,-1.0554437637329102
1669,9.762178421020508
1670,3.7566959857940674
1671,-0.657252311706543
1672,10.784088134765625
1673,-1.492525339126587
1674,-0.7297878265380859
1675,10.439411163330078
1676,4.014608383178711
1677,-2.1092586517333984
1678,11.063949584960938
1679,-1.721668004989624
1680,-1.9236526489257812
1681,10.80227279663086
1682,3.919466733932495
1683,-3.228769302368164
1684,-0.3584775924682617
1685,-4.719747066497803
1686,-3.2242698669433594
1687,-0.7868824005126953
1688,-5.245295524597168
1689,-3.1895599365234375
1690,-0.8417043685913086
1691,-5.245423316955566
1692,-3.1683340072631836
1693,-0.8708095550537109
1694,-5.248019218444824
1695,-3.2188844680786133
1696,-0.7888765335083008
1697,-4.423059463500977
1698,-3.185662269592285
1699,-0.8444156646728516
1700,-4.4225687980651855
1701,-3.1630735397338867
1702,-0.8785257339477539
1703,-4.422518730163574
1704,-2.8699588775634766
1705,-0.9971637725830078
1706,-6.712899208068848
1707,-2.8604421615600586
1708,-1.1015806198120117
1709,-3.020315170288086
1710,-3.027099609375
1711,-0.15509700775146484
1712,-5.229954242706299
1713,-3.0246524810791016
1714,-0.1275634765625
1715,-4.15593147277832
1716,-1.6830949783325195
1717,-0.21121788024902344
1718,-8.703215599060059
1719,-1.5927886962890625
1720,0.01623058319091797
1721,-0.8892450332641602
1722,0.3727684020996094
1723,-1.227086067199707
1724,-10.140437126159668
1725,0.3079032897949219
1726,-0.8543205261230469
1727,0.20189166069030762
1728,2.085916519165039
1729,-2.6762094497680664
1730,-10.870309829711914
1731,1.6700992584228516
1732,-1.6542339324951172
1733,-0.673835277557373
1734,2.5329837799072266
1735,-3.164862632751465
1736,-11.853271484375
1737,2.1414947509765625
1738,-2.1634063720703125
1739,-0.6221868991851807
1740,2.58725643157959
1741,-3.1188783645629883
1742,-11.886441230773926
1743,2.025623321533203
1744,-2.1770877838134766
1745,-1.019294023513794
1746,2.568943977355957
1747,-2.7602014541625977
1748,-10.928278923034668
1749,1.8702716827392578
1750,-2.0739221572875977
1751,-0.882952094078064
1752,0.782313346862793
1753,4.01793098449707
1754,-5.764984130859375
1755,0.6108121871948242
1756,3.899341583251953
1757,0.3149275779724121
1758,-2.039515495300293
1759,5.819450378417969
1760,-5.447270393371582
1761,-1.9960947036743164
1762,5.5747528076171875
1763,0.3731191158294678
1764,-1.012563705444336
1765,10.020587921142578
1766,-1.6258678436279297
1767,-1.0560665130615234
1768,9.749549865722656
1769,3.641488790512085
1770,-0.6575632095336914
1771,10.783685684204102
1772,-1.2477608919143677
1773,-0.7288351058959961
1774,10.421483993530273
1775,3.8858067989349365
1776,-2.110628128051758
1777,11.06041145324707
1778,-1.5204546451568604
1779,-1.934433937072754
1780,10.782455444335938
1781,3.7211806774139404
1782,-3.2112321853637695
1783,-0.010405540466308594
1784,-4.584931373596191
1785,-3.205868721008301
1786,-0.4952430725097656
1787,-5.144582748413086
1788,-3.1802892684936523
1789,-0.5280523300170898
1790,-5.144530296325684
1791,-3.160390853881836
1792,-0.5594635009765625
1793,-5.144797325134277
1794,-3.1970033645629883
1795,-0.5008831024169922
1796,-4.26046085357666
1797,-3.16778564453125
1798,-0.537663459777832
1799,-4.261026382446289
1800,-3.1411657333374023
1801,-0.5692873001098633
1802,-4.263287544250488
1803,-2.8488311767578125
1804,-0.7172698974609375
1805,-6.547702312469482
1806,-2.8324623107910156
1807,-0.8137884140014648
1808,-2.8290300369262695
1809,-3.0174150466918945
1810,0.1847248077392578
1811,-5.117450714111328
1812,-3.0083446502685547
1813,0.21080970764160156
1814,-3.98060941696167
1815,-1.6552467346191406
1816,-0.0004968643188476562
1817,-8.068533897399902
1818,-1.5703973770141602
1819,0.3528003692626953
1820,-0.591036319732666
1821,0.3295316696166992
1822,-1.2804031372070312
1823,-9.47701644897461
1824,0.25928306579589844
1825,-0.8677101135253906
1826,0.30945658683776855
1827,2.0298385620117188
1828,-3.00870418548584
1829,-10.50268268585205
1830,1.6096506118774414
1831,-1.6021242141723633
1832,-0.9564732313156128
1833,2.4016780853271484
1834,-3.571657180786133
1835,-11.44049072265625
1836,2.0771913528442383
1837,-2.0142345428466797
1838,-1.1321817636489868
1839,2.458505630493164
1840,-3.567418098449707
1841,-11.212965965270996
1842,1.9672422409057617
1843,-2.025692939758301
1844,-1.4504282474517822
1845,2.358539581298828
1846,-3.319119453430176
1847,-10.377755165100098
1848,1.8179407119750977
1849,-1.930027961730957
1850,-1.1717830896377563
1851,0.8368463516235352
1852,4.338972091674805
1853,-5.751884937286377
1854,0.7042837142944336
1855,4.310018539428711
1856,0.3014540672302246
1857,-2.0634050369262695
1858,5.801416397094727
1859,-5.285079002380371
1860,-1.9795970916748047
1861,5.565849304199219
1862,0.4741034507751465
1863,-1.0274543762207031
1864,10.023920059204102
1865,-1.4604873657226562
1866,-1.0612154006958008
1867,9.752992630004883
1868,3.325941801071167
1869,-0.6578397750854492
1870,10.788179397583008
1871,-1.0781596899032593
1872,-0.7284879684448242
1873,10.433710098266602
1874,3.525751829147339
1875,-2.1226139068603516
1876,11.05569076538086
1877,-1.1385951042175293
1878,-1.9712104797363281
1879,10.782613754272461
1880,3.3503305912017822
1881,-3.168013572692871
1882,0.1218862533569336
1883,-4.131972789764404
1884,-3.153554916381836
1885,-0.3532390594482422
1886,-4.626157760620117
1887,-3.1303653717041016
1888,-0.38161468505859375
1889,-4.626661777496338
1890,-3.103499412536621
1891,-0.43569374084472656
1892,-4.629228591918945
1893,-3.144927978515625
1894,-0.35953807830810547
1895,-3.823676586151123
1896,-3.1181039810180664
1897,-0.38983821868896484
1898,-3.8223562240600586
1899,-3.0815391540527344
1900,-0.4572582244873047
1901,-3.821208953857422
1902,-2.794034957885742
1903,-0.5804147720336914
1904,-5.80052375793457
1905,-2.7805213928222656
1906,-0.6629753112792969
1907,-2.2538654804229736
1908,-2.980727195739746
1909,0.3335132598876953
1910,-4.563938617706299
1911,-2.9721860885620117
1912,0.33911705017089844
1913,-3.5157787799835205
1914,-1.6419200897216797
1915,0.20409488677978516
1916,-7.3035688400268555
1917,-1.550929069519043
1918,0.43810272216796875
1919,-0.4789845943450928
1920,0.22496700286865234
1921,-1.304945945739746
1922,-8.782269477844238
1923,0.26327991485595703
1924,-0.9287071228027344
1925,0.15859436988830566
1926,1.74395751953125
1927,-3.112985610961914
1928,-9.576689720153809
1929,1.6049156188964844
1930,-2.2602357864379883
1931,-2.092681884765625
1932,2.0593061447143555
1933,-3.604342460632324
1934,-10.48398494720459
1935,2.0242319107055664
1936,-2.732468605041504
1937,-2.5066933631896973
1938,2.141103744506836
1939,-3.621981620788574
1940,-10.5580415725708
1941,2.001105308532715
1942,-2.8000354766845703
1943,-2.6810014247894287
1944,2.0514068603515625
1945,-3.3475141525268555
1946,-9.64782428741455
1947,1.8529539108276367
1948,-2.5798254013061523
1949,-2.2952170372009277
1950,0.8486604690551758
1951,4.716495513916016
1952,-5.7556352615356445
1953,0.7657966613769531
1954,4.564329147338867
1955,0.30437564849853516
1956,-2.0704879760742188
1957,5.792045593261719
1958,-5.316206455230713
1959,-1.9946918487548828
1960,5.553943634033203
1961,0.6785955429077148
1962,-1.059432029724121
1963,10.035272598266602
1964,-1.9060404300689697
1965,-1.0653247833251953
1966,9.754373550415039
1967,3.6294338703155518
1968,-0.6665802001953125
1969,10.792919158935547
1970,-1.5875216722488403
1971,-0.7279720306396484
1972,10.436870574951172
1973,3.8162739276885986
1974,-2.1535720825195312
1975,11.053028106689453
1976,-1.8534433841705322
1977,-1.9794607162475586
1978,10.781579971313477
1979,3.631410837173462
1980,-3.111927032470703
1981,0.2911558151245117
1982,-3.9895949363708496
1983,-3.0921268463134766
1984,-0.20398998260498047
1985,-4.467508316040039
1986,-3.0695295333862305
1987,-0.2341632843017578
1988,-4.467926025390625
1989,-3.0455570220947266
1990,-0.2664813995361328
1991,-4.47074031829834
1992,-3.0827817916870117
1993,-0.21575927734375
1994,-3.708059549331665
1995,-3.0556859970092773
1996,-0.25130558013916016
1997,-3.7061877250671387
1998,-3.022806167602539
1999,-0.2897968292236328
2000,-3.7041032314300537
2001,-2.74163818359375
2002,-0.41304588317871094
2003,-5.578678131103516
2004,-2.7239418029785156
2005,-0.49140167236328125
2006,-2.1498732566833496
2007,-2.926889419555664
2008,0.49985313415527344
2009,-4.378918170928955
2010,-2.917222023010254
2011,0.5117368698120117
2012,-3.38268780708313
2013,-1.625138282775879
2014,0.3773765563964844
2015,-7.040902137756348
2016,-1.5418987274169922
2017,0.5890235900878906
2018,-0.3387892246246338
2019,0.18036365509033203
2020,-1.2832622528076172
2021,-8.355242729187012
2022,0.2521963119506836
2023,-0.9284734725952148
2024,0.12259173393249512
2025,1.717482566833496
2026,-3.0798816680908203
2027,-8.790814399719238
2028,1.556955337524414
2029,-2.1911849975585938
2030,-1.9862284660339355
2031,1.9514703750610352
2032,-3.4368371963500977
2033,-9.636877059936523
2034,1.9491338729858398
2035,-2.6012449264526367
2036,-2.339979410171509
2037,2.098017692565918
2038,-3.543458938598633
2039,-9.692098617553711
2040,1.9481086730957031
2041,-2.5524797439575195
2042,-2.5497124195098877
2043,2.0027008056640625
2044,-3.213534355163574
2045,-8.860442161560059
2046,1.7971363067626953
2047,-2.428375244140625
2048,-2.189920663833618
2049,0.846461296081543
2050,5.019847869873047
2051,-5.746293067932129
2052,0.7883481979370117
2053,4.856451034545898
2054,0.29590272903442383
2055,-2.08638858795166
2056,5.774110794067383
2057,-5.197636604309082
2058,-1.9660673141479492
2059,5.546470642089844
2060,0.6310818195343018
2061,-1.0750045776367188
2062,10.040719985961914
2063,-1.7852039337158203
2064,-1.0690364837646484
2065,9.762283325195312
2066,3.351118803024292
2067,-0.6727495193481445
2068,10.798652648925781
2069,-1.4676237106323242
2070,-0.7271432876586914
2071,10.445779800415039
2072,3.5201756954193115
2073,-2.1777124404907227
2074,11.048980712890625
2075,-1.6805585622787476
2076,-2.0125627517700195
2077,10.787939071655273
2078,3.281257390975952
2079,-3.071091651916504
2080,0.3519420623779297
2081,-3.990678310394287
2082,-3.0555295944213867
2083,-0.10806655883789062
2084,-4.470205307006836
2085,-3.038299560546875
2086,-0.1567668914794922
2087,-4.470592975616455
2088,-3.017430305480957
2089,-0.18695449829101562
2090,-4.473264694213867
2091,-3.0458078384399414
2092,-0.11273670196533203
2093,-3.7089834213256836
2094,-3.0264406204223633
2095,-0.17335033416748047
2096,-3.707056999206543
2097,-2.996701240539551
2098,-0.21140766143798828
2099,-3.7048733234405518
2100,-2.7290267944335938
2101,-0.2904777526855469
2102,-5.59477424621582
2103,-2.7093753814697266
2104,-0.35233497619628906
2105,-2.1530916690826416
2106,-2.884659767150879
2107,0.5774497985839844
2108,-4.3790507316589355
2109,-2.8759260177612305
2110,0.5769376754760742
2111,-3.3831913471221924
2112,-1.6131868362426758
2113,0.5745725631713867
2114,-7.022178649902344
2115,-1.4830923080444336
2116,0.7774581909179688
2117,-0.3299233913421631
2118,0.1677112579345703
2119,-1.1700477600097656
2120,-8.135369300842285
2121,0.23190784454345703
2122,-0.8459749221801758
2123,0.01413869857788086
2124,1.691279411315918
2125,-2.8723907470703125
2126,-8.398365020751953
2127,1.5314817428588867
2128,-2.205470085144043
2129,-2.1348345279693604
2130,1.8925933837890625
2131,-3.269012451171875
2132,-9.213968276977539
2133,1.9121379852294922
2134,-2.644007682800293
2135,-2.4872257709503174
2136,2.054314613342285
2137,-3.351332664489746
2138,-9.248664855957031
2139,1.9826526641845703
2140,-2.7856531143188477
2141,-2.6965272426605225
2142,1.8815727233886719
2143,-2.974040985107422
2144,-8.452553749084473
2145,1.7813301086425781
2146,-2.390270233154297
2147,-2.334883689880371
2148,0.835291862487793
2149,5.237201690673828
2150,-5.7274980545043945
2151,0.8046836853027344
2152,5.091876983642578
2153,0.27550816535949707
2154,-2.095353126525879
2155,5.759405136108398
2156,-5.197134017944336
2157,-1.9359989166259766
2158,5.569963455200195
2159,0.8397645950317383
2160,-1.0790863037109375
2161,10.023689270019531
2162,-1.6483705043792725
2163,-1.0800161361694336
2164,9.763912200927734
2165,3.284705400466919
2166,-0.6775026321411133
2167,10.780683517456055
2168,-1.307253360748291
2169,-0.7283868789672852
2170,10.45512580871582
2171,3.430742025375366
2172,-2.1846561431884766
2173,11.032632827758789
2174,-1.323043704032898
2175,-2.048748016357422
2176,10.786813735961914
2177,3.2701714038848877
2178,-3.0473251342773438
2179,0.4396820068359375
2180,-4.089726448059082
2181,-3.0539236068725586
2182,-0.02795124053955078
2183,-4.562188625335693
2184,-3.0347862243652344
2185,-0.057735443115234375
2186,-4.562575340270996
2187,-3.0105981826782227
2188,-0.08191394805908203
2189,-4.565403461456299
2190,-3.0427627563476562
2191,-0.029524803161621094
2192,-3.8139395713806152
2193,-3.0219717025756836
2194,-0.05936908721923828
2195,-3.8117847442626953
2196,-2.990152359008789
2197,-0.08317279815673828
2198,-3.8093860149383545
2199,-2.6690549850463867
2200,-0.18547344207763672
2201,-5.642661094665527
2202,-2.6621246337890625
2203,-0.2388172149658203
2204,-2.2093842029571533
2205,-2.861431121826172
2206,0.6775474548339844
2207,-4.435403823852539
2208,-2.8526668548583984
2209,0.6815652847290039
2210,-3.4610719680786133
2211,-1.6036653518676758
2212,0.7124519348144531
2213,-7.15614128112793
2214,-1.4552879333496094
2215,0.9047164916992188
2216,-0.38060426712036133
2217,0.15789031982421875
2218,-0.9894685745239258
2219,-8.384878158569336
2220,0.17896366119384766
2221,-0.6260833740234375
2222,-0.08399653434753418
2223,1.5770587921142578
2224,-2.645601272583008
2225,-8.734679222106934
2226,1.544656753540039
2227,-2.1274967193603516
2228,-2.309126853942871
2229,1.9976739883422852
2230,-3.3400001525878906
2231,-9.599493026733398
2232,2.05584716796875
2233,-2.6217269897460938
2234,-2.674531936645508
2235,2.1054086685180664
2236,-3.240985870361328
2237,-9.545512199401855
2238,1.9716215133666992
2239,-2.6419754028320312
2240,-2.882483720779419
2241,2.0160093307495117
2242,-2.922091484069824
2243,-8.754321098327637
2244,1.823592185974121
2245,-2.378615379333496
2246,-2.513850212097168
2247,0.8427009582519531
2248,5.416688919067383
2249,-5.718646049499512
2250,0.8165950775146484
2251,5.281030654907227
2252,0.26688265800476074
2253,-2.069255828857422
2254,5.718212127685547
2255,-5.25307559967041
2256,-1.9675769805908203
2257,5.563556671142578
2258,0.9300739765167236
2259,-1.0774497985839844
2260,10.016721725463867
2261,-1.8345239162445068
2262,-1.078470230102539
2263,9.764198303222656
2264,3.343735456466675
2265,-0.6764326095581055
2266,10.772041320800781
2267,-1.5089049339294434
2268,-0.7271270751953125
2269,10.456260681152344
2270,3.484936475753784
2271,-2.1834945678710938
2272,11.015874862670898
2273,-1.6629436016082764
2274,-2.050356864929199
2275,10.787595748901367
2276,3.3020126819610596
2277,-2.933195114135742
2278,0.2995595932006836
2279,-4.582634925842285
2280,-2.897496223449707
2281,-0.13659381866455078
2282,-5.0562028884887695
2283,-2.8715591430664062
2284,-0.16613483428955078
2285,-5.056647777557373
2286,-2.850619316101074
2287,-0.1829051971435547
2288,-5.059517860412598
2289,-2.88446044921875
2290,-0.14435958862304688
2291,-4.297179222106934
2292,-2.8462963104248047
2293,-0.1851186752319336
2294,-4.295071601867676
2295,-2.8143224716186523
2296,-0.20972251892089844
2297,-4.292325019836426
2298,-2.535623550415039
2299,-0.2039346694946289
2300,-6.081418991088867
2301,-2.5044288635253906
2302,-0.26781558990478516
2303,-2.6506454944610596
2304,-2.779256820678711
2305,0.5817909240722656
2306,-4.926137924194336
2307,-2.765300750732422
2308,0.5847845077514648
2309,-3.937260627746582
2310,-1.5809221267700195
2311,0.8391761779785156
2312,-7.240312576293945
2313,-1.3099384307861328
2314,0.9078330993652344
2315,-0.8160799741744995
2316,0.3597545623779297
2317,-0.9457082748413086
2318,-8.600829124450684
2319,0.3124971389770508
2320,-0.5663461685180664
2321,-0.47808122634887695
2322,1.7576026916503906
2323,-2.4116220474243164
2324,-8.908324241638184
2325,1.7772455215454102
2326,-2.1586265563964844
2327,-2.673541784286499
2328,2.1400279998779297
2329,-2.9527721405029297
2330,-9.78839111328125
2331,2.191777229309082
2332,-2.6049070358276367
2333,-3.0548479557037354
2334,2.2646541595458984
2335,-2.900019645690918
2336,-9.679670333862305
2337,2.199422836303711
2338,-2.5087432861328125
2339,-3.2733020782470703
2340,2.1066646575927734
2341,-2.563540458679199
2342,-8.907965660095215
2343,2.05865478515625
2344,-2.284975051879883
2345,-2.8765299320220947
2346,0.8311195373535156
2347,5.690683364868164
2348,-5.71287727355957
2349,0.7974872589111328
2350,5.433948516845703
2351,0.26087188720703125
2352,-2.091306686401367
2353,5.709543228149414
2354,-5.191049575805664
2355,-1.9836673736572266
2356,5.560649871826172
2357,1.75642991065979
2358,-1.0767345428466797
2359,10.01213264465332
2360,-1.290378212928772
2361,-1.0853281021118164
2362,9.75711441040039
2363,4.806700706481934
2364,-0.6734485626220703
2365,10.771196365356445
2366,-0.9036030769348145
2367,-0.7328386306762695
2368,10.455940246582031
2369,5.018877983093262
2370,-2.1744604110717773
2371,10.989315032958984
2372,-0.8332449197769165
2373,-2.0696277618408203
2374,10.760444641113281
2375,5.0464630126953125
2376,-2.863821029663086
2377,0.21575164794921875
2378,-5.037240028381348
2379,-2.77640438079834
2380,-0.24686527252197266
2381,-5.522792339324951
2382,-2.7511301040649414
2383,-0.2674751281738281
2384,-5.523541450500488
2385,-2.729804039001465
2386,-0.2832527160644531
2387,-5.526836395263672
2388,-2.766855239868164
2389,-0.2515287399291992
2390,-4.728067398071289
2391,-2.73374080657959
2392,-0.274444580078125
2393,-4.725973129272461
2394,-2.6931581497192383
2395,-0.3099546432495117
2396,-4.7232747077941895
2397,-2.398042678833008
2398,-0.2953939437866211
2399,-6.600795269012451
2400,-2.3818187713623047
2401,-0.33447837829589844
2402,-3.0134835243225098
2403,-2.7210302352905273
2404,0.496337890625
2405,-5.407418251037598
2406,-2.7102842330932617
2407,0.505462646484375
2408,-4.369625568389893
2409,-1.5199165344238281
2410,0.8362913131713867
2411,-7.901873588562012
2412,-1.2647819519042969
2413,1.04559326171875
2414,-1.08102548122406
2415,0.5642614364624023
2416,-0.8506937026977539
2417,-9.321390151977539
2418,0.4699592590332031
2419,-0.42449951171875
2420,-0.8452376127243042
2421,2.032822608947754
2422,-2.288519859313965
2423,-9.790849685668945
2424,1.9827566146850586
2425,-1.9836711883544922
2426,-3.265104055404663
2427,2.4142532348632812
2428,-2.862710952758789
2429,-10.769754409790039
2430,2.4224815368652344
2431,-2.396693229675293
2432,-3.691551685333252
2433,2.4859561920166016
2434,-2.683401107788086
2435,-10.819201469421387
2436,2.3699541091918945
2437,-2.3063087463378906
2438,-3.9457321166992188
2439,2.396585464477539
2440,-2.388577461242676
2441,-9.866104125976562
2442,2.222182273864746
2443,-2.106332778930664
2444,-3.49214506149292
2445,0.8207130432128906
2446,5.810880661010742
2447,-5.751928329467773
2448,0.7775306701660156
2449,5.6721649169921875
2450,0.2995564937591553
2451,-2.125913619995117
2452,5.699161529541016
2453,-5.141657829284668
2454,-2.0586023330688477
2455,5.5532989501953125
2456,2.0852997303009033
2457,-1.071721076965332
2458,10.00767707824707
2459,-0.7813947200775146
2460,-1.092207908630371
2461,9.729114532470703
2462,5.424252510070801
2463,-0.6577005386352539
2464,10.76614761352539
2465,-0.345858097076416
2466,-0.7321910858154297
2467,10.441133499145508
2468,5.666566848754883
2469,-2.158066749572754
2470,10.952335357666016
2471,-0.21442699432373047
2472,-2.090479850769043
2473,10.755661010742188
2474,5.652985572814941
2475,-2.7513866424560547
2476,0.07044792175292969
2477,-4.865761756896973
2478,-2.6479883193969727
2479,-0.3513679504394531
2480,-5.363926887512207
2481,-2.62347412109375
2482,-0.3666725158691406
2483,-5.364659786224365
2484,-2.600897789001465
2485,-0.3791475296020508
2486,-5.367709159851074
2487,-2.639392852783203
2488,-0.3589210510253906
2489,-4.553114891052246
2490,-2.6076393127441406
2491,-0.3794841766357422
2492,-4.551314353942871
2493,-2.5728816986083984
2494,-0.4012422561645508
2495,-4.549225807189941
2496,-2.2871780395507812
2497,-0.36561107635498047
2498,-6.5129594802856445
2499,-2.252145767211914
2500,-0.43282413482666016
2501,-2.8634426593780518
2502,-2.620823860168457
2503,0.3615531921386719
2504,-5.261369705200195
2505,-2.6131553649902344
2506,0.37254810333251953
2507,-4.202872276306152
2508,-1.4913063049316406
2509,0.8564224243164062
2510,-7.993268013000488
2511,-1.1578197479248047
2512,1.0256214141845703
2513,-0.8703681230545044
2514,0.6304893493652344
2515,-0.5570449829101562
2516,-9.409567832946777
2517,0.6675119400024414
2518,-0.19377708435058594
2519,-0.7426450252532959
2520,2.165135383605957
2521,-2.1876869201660156
2522,-9.8538179397583
2523,2.2129650115966797
2524,-1.8133001327514648
2525,-3.3266143798828125
2526,2.56390380859375
2527,-2.7103042602539062
2528,-10.828234672546387
2529,2.631380081176758
2530,-2.090609550476074
2531,-3.7850358486175537
2532,2.6140079498291016
2533,-2.6066160202026367
2534,-10.863497734069824
2535,2.6331348419189453
2536,-2.0218658447265625
2537,-4.043271541595459
2538,2.4851884841918945
2539,-2.2928428649902344
2540,-9.919211387634277
2541,2.475043296813965
2542,-1.8919429779052734
2543,-3.564027786254883
2544,0.8055553436279297
2545,5.937717437744141
2546,-5.815019607543945
2547,0.757411003112793
2548,5.810651779174805
2549,0.36218810081481934
2550,-2.1628808975219727
2551,5.694112777709961
2552,-5.2129058837890625
2553,-2.0838871002197266
2554,5.563146591186523
2555,1.7714884281158447
2556,-1.070460319519043
2557,10.006303787231445
2558,-1.0691452026367188
2559,-1.0944976806640625
2560,9.726863861083984
2561,5.030796051025391
2562,-0.6516361236572266
2563,10.765222549438477
2564,-0.6293058395385742
2565,-0.73138427734375
2566,10.444406509399414
2567,5.2592926025390625
2568,-2.132556915283203
2569,10.947189331054688
2570,-0.38167381286621094
2571,-2.091414451599121
2572,10.75369644165039
2573,5.282833099365234
2574,-2.6351470947265625
2575,-0.10678386688232422
2576,-4.712606906890869
2577,-2.521425247192383
2578,-0.4888639450073242
2579,-5.21696662902832
2580,-2.4990835189819336
2581,-0.4998760223388672
2582,-5.217688083648682
2583,-2.477325439453125
2584,-0.5074853897094727
2585,-5.220558166503906
2586,-2.510528564453125
2587,-0.4948244094848633
2588,-4.399468898773193
2589,-2.4796037673950195
2590,-0.5112504959106445
2591,-4.39799690246582
2592,-2.447848320007324
2593,-0.5256929397583008
2594,-4.396561622619629
2595,-2.1744613647460938
2596,-0.46995067596435547
2597,-6.428859710693359
2598,-2.130255699157715
2599,-0.5415534973144531
2600,-2.75641131401062
2601,-2.5268964767456055
2602,0.17073631286621094
2603,-5.127750873565674
2604,-2.519820213317871
2605,0.18235111236572266
2606,-4.062259674072266
2607,-1.4439764022827148
2608,0.7629060745239258
2609,-8.00792407989502
2610,-1.0698671340942383
2611,1.0375146865844727
2612,-0.7085092067718506
2613,0.6504898071289062
2614,-0.061934471130371094
2615,-9.374340057373047
2616,0.7437000274658203
2617,0.413848876953125
2618,-0.3766958713531494
2619,2.416208267211914
2620,-1.2336759567260742
2621,-9.806046485900879
2622,2.305483818054199
2623,-0.6951169967651367
2624,-2.5355112552642822
2625,2.7630043029785156
2626,-1.9025897979736328
2627,-10.777300834655762
2628,2.762295722961426
2629,-1.0768146514892578
2630,-2.8780159950256348
2631,2.8070335388183594
2632,-1.8282546997070312
2633,-10.814105987548828
2634,2.7117538452148438
2635,-0.9583969116210938
2636,-3.1987662315368652
2637,2.7060585021972656
2638,-1.500539779663086
2639,-9.871489524841309
2640,2.549560546875
2641,-0.8399553298950195
2642,-2.7844996452331543
2643,0.7961711883544922
2644,6.010343551635742
2645,-5.8161211013793945
2646,0.7415256500244141
2647,5.940336227416992
2648,0.3636891841888428
2649,-2.189117431640625
2650,5.696773529052734
2651,-5.244990825653076
2652,-2.0802526473999023
2653,5.616001129150391
2654,1.6972181797027588
2655,-1.070805549621582
2656,10.003141403198242
2657,-0.8387991189956665
2658,-1.1072931289672852
2659,9.713968276977539
2660,5.032299995422363
2661,-0.6567525863647461
2662,10.753183364868164
2663,-0.3545262813568115
2664,-0.7451915740966797
2665,10.43887710571289
2666,5.285394668579102
2667,-2.1296958923339844
2668,10.94161605834961
2669,-0.05061173439025879
2670,-2.095165252685547
2671,10.753463745117188
2672,5.351380348205566
2673,-2.485464096069336
2674,-0.3716268539428711
2675,-4.632812976837158
2676,-2.3691396713256836
2677,-0.7280855178833008
2678,-5.142473220825195
2679,-2.343038558959961
2680,-0.7408914566040039
2681,-5.14325475692749
2682,-2.322220802307129
2683,-0.7451620101928711
2684,-5.1461663246154785
2685,-2.3582992553710938
2686,-0.7366428375244141
2687,-4.3130645751953125
2688,-2.3213930130004883
2689,-0.759699821472168
2690,-4.311736583709717
2691,-2.290238380432129
2692,-0.7748947143554688
2693,-4.310653209686279
2694,-2.030141830444336
2695,-0.6929330825805664
2696,-6.419094562530518
2697,-1.983475685119629
2698,-0.7670717239379883
2699,-2.7082364559173584
2700,-2.3931961059570312
2701,-0.09823036193847656
2702,-5.069427490234375
2703,-2.3879899978637695
2704,-0.09242725372314453
2705,-3.984701633453369
2706,-1.3484525680541992
2707,0.6608371734619141
2708,-8.212761878967285
2709,-0.9365472793579102
2710,0.9141273498535156
2711,-0.6868643760681152
2712,0.8857078552246094
2713,0.3147716522216797
2714,-9.601295471191406
2715,0.9467763900756836
2716,0.8696308135986328
2717,-0.25306081771850586
2718,2.751636505126953
2719,-0.29614734649658203
2720,-10.186030387878418
2721,2.523313522338867
2722,0.31397056579589844
2723,-2.193871021270752
2724,3.370481491088867
2725,-0.6196508407592773
2726,-11.187827110290527
2727,3.1506261825561523
2728,0.4309558868408203
2729,-2.443467855453491
2730,3.4065942764282227
2731,-0.5466928482055664
2732,-11.24838638305664
2733,3.042675018310547
2734,0.3428630828857422
2735,-2.811349630355835
2736,3.2879562377929688
2737,-0.2995281219482422
2738,-10.269007682800293
2739,2.8692426681518555
2740,0.38587188720703125
2741,-2.447005271911621
2742,0.7657070159912109
2743,6.009769439697266
2744,-5.852892875671387
2745,0.7221403121948242
2746,5.905611038208008
2747,0.4015696048736572
2748,-2.2314300537109375
2749,5.733554840087891
2750,-5.562446117401123
2751,-2.0973730087280273
2752,5.655061721801758
2753,1.7162320613861084
2754,-1.074751853942871
2755,10.00417709350586
2756,-0.9737266302108765
2757,-1.1081609725952148
2758,9.722911834716797
2759,5.001769065856934
2760,-0.661829948425293
2761,10.760387420654297
2762,-0.46349024772644043
2763,-0.7470226287841797
2764,10.457199096679688
2765,5.246456146240234
2766,-2.1192855834960938
2767,10.952083587646484
2768,-0.10458016395568848
2769,-2.096750259399414
2770,10.754617691040039
2771,5.309211730957031
2772,-2.29331111907959
2773,-0.6164531707763672
2774,-3.7376837730407715
2775,-2.165386199951172
2776,-0.9840812683105469
2777,-4.272268772125244
2778,-2.142894744873047
2779,-0.9947223663330078
2780,-4.272945880889893
2781,-2.1213436126708984
2782,-0.9985780715942383
2783,-4.275672435760498
2784,-2.1516990661621094
2785,-0.994969367980957
2786,-3.3997349739074707
2787,-2.1180667877197266
2788,-1.0163841247558594
2789,-3.3985462188720703
2790,-2.0849828720092773
2791,-1.0327768325805664
2792,-3.398643970489502
2793,-1.8235950469970703
2794,-0.9266567230224609
2795,-5.647939682006836
2796,-1.7699508666992188
2797,-1.013005256652832
2798,-1.738961100578308
2799,-2.2138538360595703
2800,-0.34163856506347656
2801,-4.214301109313965
2802,-2.2106151580810547
2803,-0.3382453918457031
2804,-3.0815205574035645
2805,-1.2474002838134766
2806,0.5744543075561523
2807,-7.599294662475586
2808,-0.9025506973266602
2809,0.7081832885742188
2810,0.34914135932922363
2811,0.7608575820922852
2812,1.1190767288208008
2813,-8.489786148071289
2814,0.8923349380493164
2815,1.4604625701904297
2816,0.9167978763580322
2817,2.4450178146362305
2818,1.3064689636230469
2819,-8.470404624938965
2820,2.403841972351074
2821,1.483346939086914
2822,-0.7322144508361816
2823,2.8440399169921875
2824,1.3345222473144531
2825,-9.245375633239746
2826,2.8639516830444336
2827,1.5521507263183594
2828,-0.8387311697006226
2829,2.898458480834961
2830,1.3083534240722656
2831,-9.254599571228027
2832,2.8696250915527344
2833,1.6684017181396484
2834,-1.1903178691864014
2835,2.8101959228515625
2836,1.3486404418945312
2837,-8.506959915161133
2838,2.707193374633789
2839,1.622854232788086
2840,-0.9629522562026978
2841,0.7396268844604492
2842,5.981727600097656
2843,-5.848208904266357
2844,0.7152643203735352
2845,5.800313949584961
2846,0.39748477935791016
2847,-2.227869987487793
2848,5.816387176513672
2849,-5.882232189178467
2850,-2.153270721435547
2851,5.660608291625977
2852,1.3810513019561768
2853,-1.085127830505371
2854,9.997953414916992
2855,-1.2854572534561157
2856,-1.114518165588379
2857,9.732791900634766
2858,4.271257400512695
2859,-0.679966926574707
2860,10.745052337646484
2861,-0.9203550815582275
2862,-0.7502069473266602
2863,10.464553833007812
2864,4.504427909851074
2865,-2.119420051574707
2866,10.956474304199219
2867,-0.7461451292037964
2868,-2.0881404876708984
2869,10.753923416137695
2870,4.896120071411133
2871,-2.0658035278320312
2872,-0.8161211013793945
2873,-3.790750026702881
2874,-1.9254817962646484
2875,-0.9955978393554688
2876,-4.321567058563232
2877,-1.9061355590820312
2878,-1.038888931274414
2879,-4.322461128234863
2880,-1.8851556777954102
2881,-1.0785579681396484
2882,-4.325037479400635
2883,-1.908677101135254
2884,-1.0375690460205078
2885,-3.447094440460205
2886,-1.8771448135375977
2887,-1.0303049087524414
2888,-3.4459118843078613
2889,-1.8403730392456055
2890,-1.0519294738769531
2891,-3.4459807872772217
2892,-1.6033763885498047
2893,-1.1339874267578125
2894,-5.691642761230469
2895,-1.5525703430175781
2896,-1.2113828659057617
2897,-1.7774192094802856
2898,-2.003389358520508
2899,-0.44295406341552734
2900,-4.266137599945068
2901,-1.9964418411254883
2902,-0.4888801574707031
2903,-3.1321394443511963
2904,-1.1035566329956055
2905,0.48374176025390625
2906,-7.641427993774414
2907,-0.8295354843139648
2908,0.49190521240234375
2909,0.45475339889526367
2910,0.6745529174804688
2911,1.678079605102539
2912,-8.576787948608398
2913,0.7937049865722656
2914,1.859884262084961
2915,1.1494321823120117
2916,2.1419572830200195
2917,2.2363243103027344
2918,-8.390992164611816
2919,2.1184911727905273
2920,2.2921295166015625
2921,-0.42342209815979004
2922,2.4914703369140625
2923,2.326974868774414
2924,-9.106586456298828
2925,2.4886903762817383
2926,2.4330005645751953
2927,-0.44536519050598145
2928,2.53031063079834
2929,2.3242225646972656
2930,-9.097677230834961
2931,2.556960105895996
2932,2.6021194458007812
2933,-0.8607233762741089
2934,2.502448081970215
2935,2.520721435546875
2936,-8.399541854858398
2937,2.4046249389648438
2938,2.5044479370117188
2939,-0.6724202632904053
2940,0.7047891616821289
2941,6.021596908569336
2942,-5.8403215408325195
2943,0.6970643997192383
2944,5.596025466918945
2945,0.38991212844848633
2946,-2.2389440536499023
2947,5.956687927246094
2948,-5.8092145919799805
2949,-2.236114501953125
2950,5.65345573425293
2951,1.2339811325073242
2952,-1.0891971588134766
2953,9.999189376831055
2954,-1.422548532485962
2955,-1.1266117095947266
2956,9.718486785888672
2957,4.142219543457031
2958,-0.6814460754394531
2959,10.762632369995117
2960,-0.9894461631774902
2961,-0.7611484527587891
2962,10.455425262451172
2963,4.36962890625
2964,-2.1282854080200195
2965,10.95621109008789
2966,-0.7176260948181152
2967,-2.083958625793457
2968,10.723175048828125
2969,4.52557373046875
2970,-1.7851486206054688
2971,-1.770920753479004
2972,-4.808061599731445
2973,-1.600733757019043
2974,-1.8330307006835938
2975,-5.363807678222656
2976,-1.5820016860961914
2977,-1.8017244338989258
2978,-5.365320205688477
2979,-1.5614604949951172
2980,-1.7720041275024414
2981,-5.368049621582031
2982,-1.5799789428710938
2983,-1.8774194717407227
2984,-4.4642744064331055
2985,-1.5482282638549805
2986,-1.8443946838378906
2987,-4.463025093078613
2988,-1.510563850402832
2989,-1.8278932571411133
2990,-4.463472366333008
2991,-1.2986774444580078
2992,-1.4110832214355469
2993,-6.756954193115234
2994,-1.2429780960083008
2995,-1.5332088470458984
2996,-2.7236552238464355
2997,-1.762619972229004
2998,-1.2726011276245117
2999,-5.284031867980957
3000,-1.7496929168701172
3001,-1.333059310913086
3002,-4.113402366638184
3003,-0.9605245590209961
3004,0.3031949996948242
3005,-8.814775466918945
3006,-0.7098894119262695
3007,0.3100261688232422
3008,-0.02233719825744629
3009,0.6815929412841797
3010,2.1230640411376953
3011,-9.59961986541748
3012,0.7379913330078125
3013,2.205453872680664
3014,0.9239552021026611
3015,2.160435676574707
3016,3.7148399353027344
3017,-8.921480178833008
3018,1.9528160095214844
3019,3.2052764892578125
3020,-0.4372422695159912
3021,2.5673160552978516
3022,3.7052040100097656
3023,-9.447754859924316
3024,2.408726692199707
3025,3.911966323852539
3026,-0.3746194839477539
3027,2.541689872741699
3028,4.030956268310547
3029,-9.583491325378418
3030,2.374142646789551
3031,3.8212051391601562
3032,-0.8992753028869629
3033,2.424436569213867
3034,4.00712776184082
3035,-8.92375659942627
3036,2.23384952545166
3037,3.663707733154297
3038,-0.7152175903320312
3039,0.6733055114746094
3040,5.966350555419922
3041,-5.8515472412109375
3042,0.689661979675293
3043,5.502735137939453
3044,0.40186309814453125
3045,-2.3217945098876953
3046,5.982032775878906
3047,-5.78085994720459
3048,-2.2264041900634766
3049,5.648426055908203
3050,1.328054666519165
3051,-1.0880088806152344
3052,10.029045104980469
3053,-1.228784203529358
3054,-1.1320476531982422
3055,9.709772109985352
3056,4.546205520629883
3057,-0.6798934936523438
3058,10.764213562011719
3059,-0.7411521673202515
3060,-0.7781715393066406
3061,10.371761322021484
3062,4.803440093994141
3063,-2.1311845779418945
3064,10.982711791992188
3065,-0.5285131931304932
3066,-2.080759048461914
3067,10.714693069458008
3068,4.850142478942871
3069,-1.4202251434326172
3070,-2.4099607467651367
3071,-5.179550647735596
3072,-1.2126741409301758
3073,-2.492185592651367
3074,-5.686013698577881
3075,-1.1905879974365234
3076,-2.4485254287719727
3077,-5.687731742858887
3078,-1.1643743515014648
3079,-2.4030847549438477
3080,-5.6905083656311035
3081,-1.1980009078979492
3082,-2.515737533569336
3083,-4.773879051208496
3084,-1.1677379608154297
3085,-2.479320526123047
3086,-4.772564888000488
3087,-1.133230209350586
3088,-2.4504308700561523
3089,-4.773497581481934
3090,-0.9130945205688477
3091,-1.915689468383789
3092,-6.963543891906738
3093,-0.8695964813232422
3094,-2.0118236541748047
3095,-2.875314474105835
3096,-1.4268922805786133
3097,-1.928609848022461
3098,-5.615777015686035
3099,-1.4162216186523438
3100,-1.9690561294555664
3101,-4.425403594970703
3102,-0.7347946166992188
3103,0.1483631134033203
3104,-9.060818672180176
3105,-0.5392913818359375
3106,0.2701454162597656
3107,-0.10751152038574219
3108,0.6237668991088867
3109,2.4031620025634766
3110,-9.982291221618652
3111,0.6624898910522461
3112,2.3330078125
3113,0.865800142288208
3114,1.9853858947753906
3115,4.800119400024414
3116,-9.222273826599121
3117,1.809488296508789
3118,4.585565567016602
3119,-0.07962489128112793
3120,2.358395576477051
3121,5.228139877319336
3122,-9.701030731201172
3123,2.3081130981445312
3124,5.226093292236328
3125,0.11189699172973633
3126,2.352902412414551
3127,5.37628173828125
3128,-9.703546524047852
3129,2.3352127075195312
3130,5.191020965576172
3131,-0.4866347312927246
3132,2.263519287109375
3133,5.2237548828125
3134,-9.149458885192871
3135,2.1320505142211914
3136,4.959278106689453
3137,-0.37273526191711426
3138,0.6408786773681641
3139,5.83720588684082
3140,-5.8451385498046875
3141,0.6695318222045898
3142,5.4550018310546875
3143,0.3956930637359619
3144,-2.4014415740966797
3145,6.010190963745117
3146,-5.760234832763672
3147,-2.2700138092041016
3148,5.645965576171875
3149,1.3750932216644287
3150,-1.0908689498901367
3151,10.02885627746582
3152,-1.3624457120895386
3153,-1.1402997970581055
3154,9.653392791748047
3155,4.5580244064331055
3156,-0.685368537902832
3157,10.738672256469727
3158,-0.8905643224716187
3159,-0.7814416885375977
3160,10.23841667175293
3161,4.822583198547363
3162,-2.1320152282714844
3163,10.989364624023438
3164,-0.6770257949829102
3165,-2.0577497482299805
3166,10.688447952270508
3167,4.992208480834961
3168,-1.0735893249511719
3169,-2.958218574523926
3170,-5.537151336669922
3171,-0.8562726974487305
3172,-3.0468997955322266
3173,-6.081106662750244
3174,-0.8304338455200195
3175,-3.006484031677246
3176,-6.083024024963379
3177,-0.8004179000854492
3178,-2.9600772857666016
3179,-6.0860443115234375
3180,-0.8484792709350586
3181,-3.0519895553588867
3182,-5.145540237426758
3183,-0.8197193145751953
3184,-3.014716148376465
3185,-5.14438533782959
3186,-0.7880916595458984
3187,-2.982156753540039
3188,-5.145291328430176
3189,-0.5578041076660156
3190,-2.4767637252807617
3191,-7.549947738647461
3192,-0.5395345687866211
3193,-2.5280094146728516
3194,-3.3455073833465576
3195,-1.0867643356323242
3196,-2.5117673873901367
3197,-6.050027847290039
3198,-1.0832748413085938
3199,-2.532581329345703
3200,-4.827191352844238
3201,-0.4050149917602539
3202,0.1260080337524414
3203,-9.599031448364258
3204,-0.3726825714111328
3205,-0.0323333740234375
3206,-0.809175968170166
3207,0.6145610809326172
3208,2.828838348388672
3209,-10.854988098144531
3210,0.6021289825439453
3211,2.524677276611328
3212,0.22262310981750488
3213,1.332925796508789
3214,5.766748428344727
3215,-10.3637056350708
3216,1.146677017211914
3217,4.995475769042969
3218,-0.3540496826171875
3219,1.5165891647338867
3220,6.334856033325195
3221,-11.196422576904297
3222,1.3390626907348633
3223,5.621181488037109
3224,-0.44829225540161133
3225,1.4202337265014648
3226,6.3511962890625
3227,-11.0088529586792
3228,1.1604700088500977
3229,5.522542953491211
3230,-0.77489173412323
3231,1.3056297302246094
3232,6.234169006347656
3233,-10.270638465881348
3234,1.1374311447143555
3235,5.47833251953125
3236,-0.4983699321746826
3237,0.5811634063720703
3238,5.693927764892578
3239,-5.812201499938965
3240,0.5894193649291992
3241,5.285125732421875
3242,0.36662769317626953
3243,-2.477548599243164
3244,6.032064437866211
3245,-5.762672424316406
3246,-2.3161211013793945
3247,5.640729904174805
3248,1.3681395053863525
3249,-1.1057929992675781
3250,10.015462875366211
3251,-1.4377363920211792
3252,-1.1570539474487305
3253,9.469329833984375
3254,4.811468124389648
3255,-0.7250146865844727
3256,10.702081680297852
3257,-0.9773117303848267
3258,-0.7921409606933594
3259,10.176982879638672
3260,5.105105400085449
3261,-2.180476188659668
3262,10.986984252929688
3263,-0.7751147747039795
3264,-2.069826126098633
3265,10.649097442626953
3266,5.243585586547852
3267,-0.6649799346923828
3268,-3.3818159103393555
3269,-4.121438503265381
3270,-0.40607166290283203
3271,-3.5057220458984375
3272,-4.646770477294922
3273,-0.3781404495239258
3274,-3.4757022857666016
3275,-4.648138046264648
3276,-0.3497037887573242
3277,-3.402406692504883
3278,-4.648679256439209
3279,-0.41671276092529297
3280,-3.497176170349121
3281,-3.708904266357422
3282,-0.3960895538330078
3283,-3.462857246398926
3284,-3.7074203491210938
3285,-0.37471675872802734
3286,-3.392780303955078
3287,-3.709634780883789
3288,-0.1360483169555664
3289,-2.997138023376465
3290,-6.022058010101318
3291,-0.15413475036621094
3292,-3.008955955505371
3293,-1.774535894393921
3294,-0.6751775741577148
3295,-3.0090255737304688
3296,-4.618341445922852
3297,-0.688323974609375
3298,-3.016648292541504
3299,-3.381044387817383
3300,-0.06649208068847656
3301,-0.5467100143432617
3302,-8.476424217224121
3303,-0.13871383666992188
3304,-0.40370941162109375
3305,0.31702208518981934
3306,0.5582027435302734
3307,1.7848587036132812
3308,-11.278820991516113
3309,0.5247421264648438
3310,2.666994094848633
3311,0.9698343276977539
3312,0.5466318130493164
3313,3.095945358276367
3314,-13.814286231994629
3315,0.37335968017578125
3316,5.090065002441406
3317,0.12036681175231934
3318,0.6527013778686523
3319,3.2614688873291016
3320,-14.937610626220703
3321,0.43634033203125
3322,5.674861907958984
3323,0.261929988861084
3324,0.5544586181640625
3325,3.2649497985839844
3326,-14.612884521484375
3327,0.31787681579589844
3328,5.648475646972656
3329,-0.40628933906555176
3330,0.49370765686035156
3331,3.289134979248047
3332,-13.764156341552734
3333,0.32140445709228516
3334,5.4474639892578125
3335,-0.18397903442382812
3336,0.47861289978027344
3337,5.551259994506836
3338,-5.762546539306641
3339,0.4607734680175781
3340,5.229278564453125
3341,0.3175933361053467
3342,-2.4938135147094727
3343,6.029460906982422
3344,-5.809193134307861
3345,-2.347378730773926
3346,5.637386322021484
3347,0.40038204193115234
3348,-1.1405649185180664
3349,10.012350082397461
3350,-2.030858278274536
3351,-1.1606731414794922
3352,9.486932754516602
3353,2.5095112323760986
3354,-0.7631340026855469
3355,10.681638717651367
3356,-1.5795739889144897
3357,-0.8194561004638672
3358,10.175363540649414
3359,2.684293508529663
3360,-2.1994895935058594
3361,10.984346389770508
3362,-1.4916051626205444
3363,-2.0708580017089844
3364,10.649377822875977
3365,2.3253958225250244
3366,0.0040130615234375
3367,-3.785773277282715
3368,-4.717704772949219
3369,0.2792797088623047
3370,-3.846755027770996
3371,-5.277844429016113
3372,0.3029317855834961
3373,-3.805662155151367
3374,-5.280506134033203
3375,0.3250131607055664
3376,-3.758821487426758
3377,-5.282288074493408
3378,0.2655925750732422
3379,-3.8578319549560547
3380,-4.429805755615234
3381,0.2782773971557617
3382,-3.8261499404907227
3383,-4.428641319274902
3384,0.2902336120605469
3385,-3.7895021438598633
3386,-4.4309000968933105
3387,0.48931312561035156
3388,-3.296572685241699
3389,-6.668574333190918
3390,0.4571523666381836
3391,-3.3744049072265625
3392,-2.8865163326263428
3393,-0.07839393615722656
3394,-3.3871145248413086
3395,-5.192509174346924
3396,-0.1150503158569336
3397,-3.418545722961426
3398,-4.084711074829102
3399,0.28235912322998047
3400,-0.9810247421264648
3401,-8.901333808898926
3402,0.2090005874633789
3403,-0.9228458404541016
3404,-0.417163610458374
3405,0.2951831817626953
3406,2.307840347290039
3407,-10.55000114440918
3408,0.5100955963134766
3409,2.456663131713867
3410,0.38843202590942383
3411,-0.6773357391357422
3412,5.070507049560547
3413,-10.24042797088623
3414,-0.12483501434326172
3415,4.852558135986328
3416,-0.4099268913269043
3417,-0.7631654739379883
3418,5.662446975708008
3419,-10.95469856262207
3420,-0.16016769409179688
3421,5.399147033691406
3422,-0.005525827407836914
3423,-0.9649410247802734
3424,5.559202194213867
3425,-10.631484031677246
3426,-0.24417400360107422
3427,5.374427795410156
3428,-1.220679759979248
3429,-0.9399662017822266
3430,5.331480026245117
3431,-10.030905723571777
3432,-0.21383190155029297
3433,5.198831558227539
3434,-0.8527337312698364
3435,0.4820404052734375
3436,5.445730209350586
3437,-5.668700218200684
3438,0.41880226135253906
3439,5.164272308349609
3440,0.22597837448120117
3441,-2.4789609909057617
3442,6.014293670654297
3443,-5.808473587036133
3444,-2.442511558532715
3445,5.442146301269531
3446,0.8425960540771484
3447,-1.139145851135254
3448,10.014928817749023
3449,-2.2206125259399414
3450,-1.1792211532592773
3451,7.761310577392578
3452,2.960005044937134
3453,-0.7715854644775391
3454,10.676944732666016
3455,-1.796777606010437
3456,-0.8330326080322266
3457,7.962787628173828
3458,3.1443817615509033
3459,-2.198873519897461
3460,10.979820251464844
3461,-1.5921435356140137
3462,-1.659688949584961
3463,8.915914535522461
3464,2.919023275375366
3465,0.45386505126953125
3466,-3.713494300842285
3467,-3.8720171451568604
3468,0.6793708801269531
3469,-3.821359634399414
3470,-4.3070878982543945
3471,0.6899452209472656
3472,-3.755556106567383
3473,-4.308658599853516
3474,0.6989097595214844
3475,-3.7091064453125
3476,-4.309149265289307
3477,0.6666965484619141
3478,-3.8474884033203125
3479,-3.515117645263672
3480,0.6702117919921875
3481,-3.824441909790039
3482,-3.5147557258605957
3483,0.671417236328125
3484,-3.802151679992676
3485,-3.516667366027832
3486,0.8214168548583984
3487,-3.279987335205078
3488,-5.249823093414307
3489,0.7998676300048828
3490,-3.364119529724121
3491,-1.7102632522583008
3492,0.4281778335571289
3493,-3.327360153198242
3494,-4.195836544036865
3495,0.3938169479370117
3496,-3.3744077682495117
3497,-3.1665873527526855
3498,0.5947074890136719
3499,-1.1471481323242188
3500,-7.520391464233398
3501,0.599334716796875
3502,-1.1898326873779297
3503,0.6522300243377686
3504,0.20568466186523438
3505,1.6804962158203125
3506,-10.43853759765625
3507,0.1640777587890625
3508,2.0213699340820312
3509,1.5016028881072998
3510,-0.4163551330566406
3511,3.5589237213134766
3512,-10.964160919189453
3513,-1.258570671081543
3514,3.986257553100586
3515,0.13578009605407715
3516,-0.5266695022583008
3517,3.6831092834472656
3518,-11.875248908996582
3519,-1.5527353286743164
3520,4.361873626708984
3521,0.2573726177215576
3522,-0.5698471069335938
3523,4.410797119140625
3524,-11.597221374511719
3525,-1.5908117294311523
3526,4.363035202026367
3527,-0.6428420543670654
3528,-0.5310049057006836
3529,4.41438102722168
3530,-10.885037422180176
3531,-1.4562091827392578
3532,4.260601043701172
3533,-0.2727842330932617
3534,0.5083494186401367
3535,5.366485595703125
3536,-5.597052574157715
3537,0.4254302978515625
3538,5.043535232543945
3539,0.15222668647766113
3540,-2.424650192260742
3541,5.997198104858398
3542,-5.697460174560547
3543,-2.385526657104492
3544,4.7633056640625
3545,0.34831762313842773
3546,-1.1369848251342773
3547,10.023685455322266
3548,-2.3642759323120117
3549,-1.17681884765625
3550,8.03413200378418
3551,2.0461275577545166
3552,-0.7773704528808594
3553,10.688074111938477
3554,-1.9724829196929932
3555,-0.8310642242431641
3556,8.359109878540039
3557,2.1868479251861572
3558,-2.198122978210449
3559,10.979633331298828
3560,-1.7719411849975586
3561,-1.5619335174560547
3562,9.202531814575195
3563,2.1899006366729736
3564,0.8699789047241211
3565,-3.830005645751953
3566,-3.3404700756073
3567,1.088775634765625
3568,-3.8397960662841797
3569,-3.8266401290893555
3570,1.1057615280151367
3571,-3.7898197174072266
3572,-3.8279953002929688
3573,1.1192903518676758
3574,-3.7142982482910156
3575,-3.8282713890075684
3576,1.077256202697754
3577,-3.860487937927246
3578,-3.094675064086914
3579,1.0889835357666016
3580,-3.8336000442504883
3581,-3.094862222671509
3582,1.0995941162109375
3583,-3.811582565307617
3584,-3.096506357192993
3585,1.2484140396118164
3586,-3.258181571960449
3587,-5.006040573120117
3588,1.2510461807250977
3589,-3.3392333984375
3590,-1.7258563041687012
3591,0.7957077026367188
3592,-3.373323440551758
3593,-3.7398505210876465
3594,0.808380126953125
3595,-3.4201745986938477
3596,-2.7997727394104004
3597,0.7577352523803711
3598,-1.2725753784179688
3599,-7.273324012756348
3600,0.9600934982299805
3601,-1.179910659790039
3602,0.5803585052490234
3603,-0.2568550109863281
3604,1.4523754119873047
3605,-8.021008491516113
3606,-0.44437217712402344
3607,1.968801498413086
3608,1.1998169422149658
3609,-1.7569828033447266
3610,2.654071807861328
3611,-7.060482025146484
3612,-2.3229284286499023
3613,3.1552600860595703
3614,-0.0323026180267334
3615,-1.8268852233886719
3616,2.7538013458251953
3617,-7.755904197692871
3618,-2.565248489379883
3619,3.4098262786865234
3620,0.006159543991088867
3621,-1.8536386489868164
3622,3.0890960693359375
3623,-7.482208251953125
3624,-2.5720386505126953
3625,3.4088802337646484
3626,-1.05743408203125
3627,-1.7675752639770508
3628,3.138906478881836
3629,-6.924446105957031
3630,-2.4460554122924805
3631,3.3295364379882812
3632,-0.4406473636627197
3633,0.5111017227172852
3634,5.334402084350586
3635,-5.47550106048584
3636,0.475555419921875
3637,4.911428451538086
3638,0.028685331344604492
3639,-2.430575370788574
3640,5.9754638671875
3641,-5.666803359985352
3642,-2.1145410537719727
3643,3.666534423828125
3644,0.45480871200561523
3645,-1.1383886337280273
3646,10.023590087890625
3647,-2.5078134536743164
3648,-1.205068588256836
3649,5.951677322387695
3650,2.2786014080047607
3651,-0.7753257751464844
3652,10.703771591186523
3653,-2.121049404144287
3654,-0.9095554351806641
3655,6.235431671142578
3656,2.412909746170044
3657,-2.218611717224121
3658,10.99268913269043
3659,-1.8273358345031738
3660,-1.5939054489135742
3661,6.248401641845703
3662,2.4779598712921143
3663,1.6009149551391602
3664,-3.6012163162231445
3665,-4.337592124938965
3666,1.798508644104004
3667,-3.604538917541504
3668,-4.880666732788086
3669,1.8137664794921875
3670,-3.55618953704834
3671,-4.880484580993652
3672,1.8357305526733398
3673,-3.4938297271728516
3674,-4.878770351409912
3675,1.7953510284423828
3676,-3.6412553787231445
3677,-4.663608074188232
3678,1.8062734603881836
3679,-3.6217851638793945
3680,-4.66556453704834
3681,1.8254022598266602
3682,-3.5974559783935547
3683,-4.667618274688721
3684,1.7702436447143555
3685,-3.0912818908691406
3686,-5.893343925476074
3687,1.903264045715332
3688,-3.1694507598876953
3689,-4.791130065917969
3690,1.482914924621582
3691,-3.1853151321411133
3692,-4.552792549133301
3693,1.4792251586914062
3694,-3.2347288131713867
3695,-4.331482887268066
3696,0.7319831848144531
3697,-1.2594099044799805
3698,-7.499422073364258
3699,1.3398380279541016
3700,-1.3839397430419922
3701,-2.681752920150757
3702,-0.772125244140625
3703,0.46751976013183594
3704,-7.984413146972656
3705,-0.2995586395263672
3706,0.27365875244140625
3707,-1.8376739025115967
3708,-2.61319637298584
3709,0.42558956146240234
3710,-7.826017379760742
3711,-1.087874412536621
3712,0.8112039566040039
3713,-1.761603832244873
3714,-3.1712779998779297
3715,0.5689001083374023
3716,-8.613991737365723
3717,-1.0812549591064453
3718,0.7553653717041016
3719,-1.688201904296875
3720,-2.979060173034668
3721,0.6730499267578125
3722,-8.296041488647461
3723,-1.1394872665405273
3724,0.5459566116333008
3725,-2.4786760807037354
3726,-2.856199264526367
3727,0.7090988159179688
3728,-7.707646369934082
3729,-1.1672906875610352
3730,0.6341848373413086
3731,-2.04010009765625
3732,0.5156965255737305
3733,5.33161735534668
3734,-5.204306602478027
3735,0.5378494262695312
3736,4.683904647827148
3737,-0.24535322189331055
3738,-2.4275970458984375
3739,5.928434371948242
3740,-5.611908912658691
3741,-2.139481544494629
3742,3.9537200927734375
3743,0.3654825687408447
3744,-1.1421871185302734
3745,10.047086715698242
3746,-2.723168134689331
3747,-1.1346960067749023
3748,6.405925750732422
3749,4.224451065063477
3750,-0.7830524444580078
3751,10.742774963378906
3752,-2.335681676864624
3753,-0.7625188827514648
3754,6.624889373779297
3755,4.743475914001465
3756,-2.230304718017578
3757,10.994010925292969
3758,-1.804630160331726
3759,-1.4121932983398438
3760,7.059270858764648
3761,5.822933197021484
3762,2.2256240844726562
3763,-3.268338203430176
3764,-4.854295253753662
3765,2.437602996826172
3766,-3.465334892272949
3767,-5.176382541656494
3768,2.4217472076416016
3769,-3.321399688720703
3770,-5.1745405197143555
3771,2.4072275161743164
3772,-3.1829071044921875
3773,-5.172986030578613
3774,2.475006103515625
3775,-3.5308332443237305
3776,-5.0231781005859375
3777,2.4832515716552734
3778,-3.4705543518066406
3779,-5.025810241699219
3780,2.4924678802490234
3781,-3.416696548461914
3782,-5.027821063995361
3783,2.274031639099121
3784,-2.719162940979004
3785,-5.8126068115234375
3786,2.3818359375
3787,-3.0360593795776367
3788,-4.808450698852539
3789,1.9412345886230469
3790,-2.8702478408813477
3791,-4.888686180114746
3792,1.979257583618164
3793,-2.929976463317871
3794,-4.777862548828125
3795,1.413985252380371
3796,-1.2019586563110352
3797,-7.167267799377441
3798,1.2685413360595703
3799,-1.7933540344238281
3800,-2.882490634918213
3801,0.5533018112182617
3802,-0.15209484100341797
3803,-6.6204833984375
3804,-0.41228675842285156
3805,-1.882227897644043
3806,-2.4610958099365234
3807,-1.0138874053955078
3808,-1.0566234588623047
3809,-5.8415656089782715
3810,-1.8952293395996094
3811,-2.031622886657715
3812,-3.738471031188965
3813,-0.9301376342773438
3814,-1.1987724304199219
3815,-6.4556427001953125
3816,-2.19930362701416
3817,-2.2319726943969727
3818,-3.958244562149048
3819,-0.878575325012207
3820,-1.4804553985595703
3821,-6.413887977600098
3822,-2.2068166732788086
3823,-2.2163782119750977
3824,-4.81141996383667
3825,-0.8907451629638672
3826,-1.4131841659545898
3827,-5.825100898742676
3828,-2.111891746520996
3829,-2.024951934814453
3830,-4.1442766189575195
3831,0.5200576782226562
3832,5.236988067626953
3833,-5.007620334625244
3834,0.5317783355712891
3835,4.4394378662109375
3836,-0.44220542907714844
3837,-2.4110946655273438
3838,5.892673492431641
3839,-5.6353302001953125
3840,-2.2098312377929688
3841,4.258205413818359
3842,0.18071770668029785
3843,-1.1478404998779297
3844,10.061347961425781
3845,-3.5104992389678955
3846,-1.0739364624023438
3847,6.819877624511719
3848,4.624731063842773
3849,-0.7858638763427734
3850,10.802562713623047
3851,-3.19989013671875
3852,-0.6840457916259766
3853,7.02073860168457
3854,5.149083137512207
3855,-2.2485084533691406
3856,10.996259689331055
3857,-3.0392634868621826
3858,-1.3446016311645508
3859,7.710453033447266
3860,5.804019927978516
3861,2.7904624938964844
3862,-3.0745058059692383
3863,-7.05015754699707
3864,2.9973268508911133
3865,-3.2185964584350586
3866,-7.4366044998168945
3867,2.967212677001953
3868,-3.033461570739746
3869,-7.435177803039551
3870,2.937997817993164
3871,-2.868579864501953
3872,-7.434989929199219
3873,3.0578527450561523
3874,-3.382523536682129
3875,-7.109156608581543
3876,3.0692548751831055
3877,-3.326462745666504
3878,-7.111156463623047
3879,3.081216812133789
3880,-3.2787647247314453
3881,-7.112002372741699
3882,2.7275915145874023
3883,-2.326793670654297
3884,-8.103785514831543
3885,2.90283203125
3886,-2.797970771789551
3887,-6.637821197509766
3888,2.416126251220703
3889,-2.753170967102051
3890,-7.204815864562988
3891,2.4896440505981445
3892,-2.849005699157715
3893,-6.807559967041016
3894,1.6372489929199219
3895,-1.2649497985839844
3896,-9.466477394104004
3897,1.4673748016357422
3898,-1.9057550430297852
3899,-4.617637634277344
3900,0.4615011215209961
3901,-1.8727197647094727
3902,-9.720589637756348
3903,-0.49503231048583984
3904,-2.868955612182617
3905,-4.473966121673584
3906,-1.0684900283813477
3907,-2.973695755004883
3908,-9.936600685119629
3909,-1.9239177703857422
3910,-4.7379302978515625
3911,-5.7050275802612305
3912,-1.272658348083496
3913,-3.5561723709106445
3914,-11.113701820373535
3915,-2.1978654861450195
3916,-5.308574676513672
3917,-6.006457805633545
3918,-1.1412477493286133
3919,-3.809865951538086
3920,-10.796875953674316
3921,-2.1512393951416016
3922,-5.406583786010742
3923,-6.841587066650391
3924,-1.0800666809082031
3925,-3.583261489868164
3926,-9.906335830688477
3927,-2.0823240280151367
3928,-5.252073287963867
3929,-6.121091842651367
3930,0.5439958572387695
3931,5.006416320800781
3932,-5.043769836425781
3933,0.5252017974853516
3934,4.260675430297852
3935,-0.40585970878601074
3936,-2.3944263458251953
3937,5.831336975097656
3938,-6.505176544189453
3939,-2.225785255432129
3940,4.367708206176758
3941,-0.6682405471801758
3942,-1.1473464965820312
3943,10.075376510620117
3944,-3.1362805366516113
3945,-1.068678855895996
3946,7.228755950927734
3947,4.840456962585449
3948,-0.7850713729858398
3949,10.827621459960938
3950,-2.7034215927124023
3951,-0.6834869384765625
3952,7.429525375366211
3953,5.50370979309082
3954,-2.246236801147461
3955,10.988109588623047
3956,-3.0088372230529785
3957,-1.3904447555541992
3958,8.119882583618164
3959,6.4387054443359375
3960,2.989455223083496
3961,-3.1573991775512695
3962,-3.572575330734253
3963,3.1153697967529297
3964,-3.110044479370117
3965,-3.6199655532836914
3966,3.0774917602539062
3967,-2.969536781311035
3968,-3.6186211109161377
3969,3.041384696960449
3970,-2.8349437713623047
3971,-3.618849754333496
3972,3.1847944259643555
3973,-3.235675811767578
3974,-3.353750467300415
3975,3.100876808166504
3976,-3.238801956176758
3977,-3.3545773029327393
3978,3.098865509033203
3979,-3.213411331176758
3980,-3.3539795875549316
3981,2.8285655975341797
3982,-2.334260940551758
3983,-3.5182831287384033
3984,2.8693161010742188
3985,-2.8416337966918945
3986,-2.2539432048797607
3987,2.6189041137695312
3988,-2.966729164123535
3989,-3.4987268447875977
3990,2.696208953857422
3991,-3.0738449096679688
3992,-3.166951894760132
3993,2.0864028930664062
3994,-1.341827392578125
3995,-5.051578521728516
3996,1.3649864196777344
3997,-2.277157783508301
3998,-0.8844509124755859
3999,2.9221582412719727
4000,-1.3100166320800781
4001,-9.52324390411377
4002,-0.4257040023803711
4003,-3.9005212783813477
4004,0.6186602115631104
4005,3.7264461517333984
4006,-1.429478645324707
4007,-14.591694831848145
4008,-1.2143936157226562
4009,-6.515037536621094
4010,0.8596124649047852
4011,3.9796600341796875
4012,-1.6854639053344727
4013,-15.878427505493164
4014,-1.3600435256958008
4015,-7.21612024307251
4016,0.9875645637512207
4017,4.004728317260742
4018,-2.0174694061279297
4019,-15.75485610961914
4020,-1.2729721069335938
4021,-7.300402641296387
4022,0.3961822986602783
4023,3.9627819061279297
4024,-1.7292003631591797
4025,-14.765037536621094
4026,-1.2538137435913086
4027,-7.0928754806518555
4028,0.5539543628692627
4029,0.5640687942504883
4030,4.5621185302734375
4031,-5.147609233856201
4032,0.5154714584350586
4033,3.9642810821533203
4034,-0.30242490768432617
4035,-2.389094352722168
4036,5.769601821899414
4037,-7.008533477783203
4038,-2.234837532043457
4039,4.417133331298828
4040,-0.45297718048095703
4041,-1.1453466415405273
4042,10.08071517944336
4043,-4.7770233154296875
4044,-0.9679832458496094
4045,7.596309661865234
4046,4.470241546630859
4047,-0.7797155380249023
4048,10.828933715820312
4049,-4.41432523727417
4050,-0.5532493591308594
4051,7.811454772949219
4052,4.958243370056152
4053,-2.2196083068847656
4054,10.986181259155273
4055,-4.826157569885254
4056,-1.1357307434082031
4057,8.382928848266602
4058,5.392380714416504
4059,2.938608169555664
4060,-3.9429197311401367
4061,-2.1720964908599854
4062,3.111544609069824
4063,-3.684725761413574
4064,-2.355010747909546
4065,3.094609260559082
4066,-3.6090078353881836
4067,-2.3543996810913086
4068,3.0642271041870117
4069,-3.4775466918945312
4070,-2.3552091121673584
4071,3.122781753540039
4072,-3.728205680847168
4073,-1.868805170059204
4074,3.1063995361328125
4075,-3.6995534896850586
4076,-1.868752121925354
4077,3.0946311950683594
4078,-3.672334671020508
4079,-1.8697727918624878
4080,2.9249725341796875
4081,-3.0146665573120117
4082,-2.8393349647521973
4083,2.9482364654541016
4084,-3.212937355041504
4085,-0.6661586761474609
4086,2.7843093872070312
4087,-3.717190742492676
4088,-2.340178966522217
4089,2.786210060119629
4090,-3.7667694091796875
4091,-1.7266767024993896
4092,2.132899284362793
4093,-1.8399581909179688
4094,-4.5799689292907715
4095,1.6491241455078125
4096,-2.2935361862182617
4097,0.7128431797027588
4098,2.1195688247680664
4099,-1.9340896606445312
4100,-7.628726005554199
4101,0.17126750946044922
4102,-4.747992515563965
4103,1.2235469818115234
4104,2.7549991607666016
4105,-4.240741729736328
4106,-12.7962646484375
4107,-0.1416788101196289
4108,-7.2407636642456055
4109,0.5306599140167236
4110,2.97415828704834
4111,-4.965706825256348
4112,-13.722434997558594
4113,-0.09176349639892578
4114,-7.987154960632324
4115,0.5195214748382568
4116,3.156858444213867
4117,-4.981756210327148
4118,-14.722134590148926
4119,0.032550811767578125
4120,-7.99491024017334
4121,0.21519780158996582
4122,3.0265674591064453
4123,-4.72446346282959
4124,-12.87536907196045
4125,-0.0016155242919921875
4126,-7.732846736907959
4127,0.30530357360839844
4128,0.5812511444091797
4129,3.8556385040283203
4130,-5.127546310424805
4131,0.5323686599731445
4132,3.505125045776367
4133,-0.32187795639038086
4134,-2.3763351440429688
4135,5.700984954833984
4136,-6.66657018661499
4137,-2.1450271606445312
4138,4.626260757446289
4139,-1.5081546306610107
4140,-1.1443052291870117
4141,10.073984146118164
4142,-5.093173980712891
4143,-1.0088167190551758
4144,9.293455123901367
4145,0.42812061309814453
4146,-0.7789697647094727
4147,10.815196990966797
4148,-4.856425762176514
4149,-0.643794059753418
4150,9.94662094116211
4151,0.6091322898864746
4152,-2.191758155822754
4153,10.974813461303711
4154,-5.1160383224487305
4155,-1.6274995803833008
4156,10.156723022460938
4157,0.13088202476501465
4158,3.0347490310668945
4159,-4.445592880249023
4160,-2.492635488510132
4161,3.2597885131835938
4162,-4.026580810546875
4163,-2.7912442684173584
4164,3.2552318572998047
4165,-3.9663524627685547
4166,-2.790743112564087
4167,3.250476837158203
4168,-3.899810791015625
4169,-2.791764497756958
4170,3.269923210144043
4171,-4.026987075805664
4172,-2.1372487545013428
4173,3.2703981399536133
4174,-3.9711780548095703
4175,-2.136949300765991
4176,3.270549774169922
4177,-3.9253721237182617
4178,-2.1365368366241455
4179,3.120974540710449
4180,-3.3307857513427734
4181,-3.625852108001709
4182,3.157846450805664
4183,-3.449152946472168
4184,-0.6705217361450195
4185,2.814167022705078
4186,-4.350955963134766
4187,-2.788851261138916
4188,2.7890853881835938
4189,-4.366216659545898
4190,-1.9461804628372192
4191,2.3057308197021484
4192,-2.384357452392578
4193,-5.655094146728516
4194,1.8392677307128906
4195,-2.5504980087280273
4196,1.287785291671753
4197,1.5356683731079102
4198,-5.1241960525512695
4199,-6.963931083679199
4200,0.7539520263671875
4201,-4.839016914367676
4202,2.5149590969085693
4203,1.9328670501708984
4204,-7.404253005981445
4205,-5.986194610595703
4206,0.9455595016479492
4207,-7.812816143035889
4208,2.2297332286834717
4209,2.036815643310547
4210,-8.50101375579834
4211,-6.614293098449707
4212,1.4222068786621094
4213,-7.7004499435424805
4214,2.17024827003479
4215,2.1658458709716797
4216,-8.376054763793945
4217,-6.39967155456543
4218,1.4995365142822266
4219,-7.647103309631348
4220,2.0078322887420654
4221,2.0775442123413086
4222,-8.150649070739746
4223,-5.870658874511719
4224,1.4269695281982422
4225,-7.462193489074707
4226,2.022636651992798
4227,0.6253757476806641
4228,3.3002357482910156
4229,-5.167781352996826
4230,0.5322504043579102
4231,3.0568790435791016
4232,-0.2813408374786377
4233,-2.375429153442383
4234,5.605607986450195
4235,-6.450797080993652
4236,-2.1213645935058594
4237,4.644859313964844
4238,-1.3892523050308228
4239,-1.1448211669921875
4240,10.050182342529297
4241,-4.021645545959473
4242,-1.0502290725708008
4243,9.579648971557617
4244,0.9844698905944824
4245,-0.7790193557739258
4246,10.803409576416016
4247,-3.701472759246826
4248,-0.6897134780883789
4249,10.311325073242188
4250,1.235358476638794
4251,-2.1953306198120117
4252,10.955665588378906
4253,-4.029461860656738
4254,-1.802597999572754
4255,10.60992431640625
4256,0.8423953056335449
4257,3.621917724609375
4258,-4.779680252075195
4259,-2.7902207374572754
4260,3.8339881896972656
4261,-4.292957305908203
4262,-3.084808826446533
4263,3.8287363052368164
4264,-4.234654426574707
4265,-3.0846338272094727
4266,3.8222599029541016
4267,-4.179897308349609
4268,-3.085637092590332
4269,3.855134963989258
4270,-4.321743011474609
4271,-2.457864284515381
4272,3.8606224060058594
4273,-4.268898963928223
4274,-2.45727801322937
4275,3.8464975357055664
4276,-4.170520782470703
4277,-2.456648349761963
4278,3.675424575805664
4279,-3.702437400817871
4280,-3.8471031188964844
4281,3.689992904663086
4282,-3.6956214904785156
4283,-1.0366712808609009
4284,3.39424991607666
4285,-4.709056854248047
4286,-3.0604405403137207
4287,3.3738670349121094
4288,-4.725831985473633
4289,-2.249117851257324
4290,2.772555351257324
4291,-3.075803756713867
4292,-5.828632354736328
4293,2.237478256225586
4294,-3.120176315307617
4295,0.9651238918304443
4296,2.037419319152832
4297,-5.807904243469238
4298,-7.596768379211426
4299,1.3861379623413086
4300,-5.214173316955566
4301,2.382316827774048
4302,2.474808692932129
4303,-8.567214012145996
4304,-7.716197967529297
4305,1.9858341217041016
4306,-7.260107040405273
4307,2.245253324508667
4308,2.7440223693847656
4309,-8.9664888381958
4310,-8.523442268371582
4311,2.3547544479370117
4312,-7.657171726226807
4313,2.2127983570098877
4314,2.8841333389282227
4315,-8.887633323669434
4316,-8.291258811950684
4317,2.433995246887207
4318,-7.652772426605225
4319,2.0087358951568604
4320,2.7390222549438477
4321,-8.712258338928223
4322,-7.645275115966797
4323,2.3374223709106445
4324,-7.52828311920166
4325,2.0538437366485596
4326,0.656768798828125
4327,2.632537841796875
4328,-5.113605499267578
4329,0.5333805084228516
4330,2.3896446228027344
4331,-0.3340005874633789
4332,-2.1836986541748047
4333,5.366476058959961
4334,-6.319393157958984
4335,-1.8451147079467773
4336,4.614959716796875
4337,-1.838047742843628
4338,-1.1440801620483398
4339,9.961795806884766
4340,-4.154537677764893
4341,-1.059946060180664
4342,9.524229049682617
4343,0.5135791301727295
4344,-0.7783327102661133
4345,10.70058822631836
4346,-3.898841381072998
4347,-0.6909027099609375
4348,10.149234771728516
4349,0.7536675930023193
4350,-2.184279441833496
4351,10.898832321166992
4352,-4.641114234924316
4353,-1.83001708984375
4354,10.558271408081055
4355,0.16407418251037598
4356,3.932675361633301
4357,-4.7808942794799805
4358,-1.9089078903198242
4359,4.147707939147949
4360,-4.298504829406738
4361,-2.3395185470581055
4362,4.139615058898926
4363,-4.223274230957031
4364,-2.3392820358276367
4365,4.1321868896484375
4366,-4.159308433532715
4367,-2.3388583660125732
4368,4.162406921386719
4369,-4.329251289367676
4370,-1.7271192073822021
4371,4.165494918823242
4372,-4.274018287658691
4373,-1.7267380952835083
4374,4.164669036865234
4375,-4.208380699157715
4376,-1.7268234491348267
4377,4.003013610839844
4378,-3.696786880493164
4379,-3.399071455001831
4380,4.021215438842773
4381,-3.713992118835449
4382,-0.6721796989440918
4383,3.6780481338500977
4384,-4.6844329833984375
4385,-2.2317206859588623
4386,3.68060302734375
4387,-4.719902038574219
4388,-1.4507843255996704
4389,2.982166290283203
4390,-3.7085399627685547
4391,-5.2171173095703125
4392,2.781346321105957
4393,-2.7914371490478516
4394,1.001094102859497
4395,2.463958740234375
4396,-6.211315155029297
4397,-6.452349662780762
4398,2.0575037002563477
4399,-3.410961151123047
4400,1.810880422592163
4401,3.2046022415161133
4402,-8.398463249206543
4403,-5.6882405281066895
4404,2.766632080078125
4405,-4.1073808670043945
4406,1.143890619277954
4407,3.5117149353027344
4408,-8.770322799682617
4409,-6.232364654541016
4410,3.049327850341797
4411,-4.240354537963867
4412,1.1926591396331787
4413,3.6970558166503906
4414,-8.583558082580566
4415,-6.064538955688477
4416,3.1490917205810547
4417,-4.238470077514648
4418,0.8844516277313232
4419,3.6081676483154297
4420,-8.439494132995605
4421,-5.614433765411377
4422,3.065887451171875
4423,-4.181478500366211
4424,0.9544968605041504
4425,0.6560325622558594
4426,1.7716121673583984
4427,-4.777690887451172
4428,0.5251150131225586
4429,1.8993339538574219
4430,-0.667741060256958
4431,-1.2705392837524414
4432,4.654939651489258
4433,-7.249336242675781
4434,-1.6687393188476562
4435,4.644748687744141
4436,-1.7856419086456299
4437,-0.7924203872680664
4438,8.546796798706055
4439,-6.991844177246094
4440,-1.1626167297363281
4441,9.54100227355957
4442,-2.399818181991577
4443,-0.564295768737793
4444,8.971273422241211
4445,-6.921182632446289
4446,-0.8513507843017578
4447,10.183876037597656
4448,-2.518845796585083
4449,-1.0116310119628906
4450,9.77778434753418
4451,-7.595685005187988
4452,-2.045670509338379
4453,10.7347412109375
4454,-3.3254780769348145
4455,4.367293357849121
4456,-4.826385498046875
4457,-2.6422228813171387
4458,4.573055267333984
4459,-4.341312408447266
4460,-3.1269006729125977
4461,4.543735504150391
4462,-4.232574462890625
4463,-3.127044439315796
4464,4.524024963378906
4465,-4.160602569580078
4466,-3.1272194385528564
4467,4.5848388671875
4468,-4.345617294311523
4469,-2.4393866062164307
4470,4.566640853881836
4471,-4.247580528259277
4472,-2.4394733905792236
4473,4.556154251098633
4474,-4.180136680603027
4475,-2.439272403717041
4476,4.325679779052734
4477,-3.66702938079834
4478,-4.270301342010498
4479,4.391474723815918
4480,-3.6566152572631836
4481,-1.270700216293335
4482,4.092252731323242
4483,-4.716506004333496
4484,-3.019362688064575
4485,4.114280700683594
4486,-4.685495376586914
4487,-2.132335662841797
4488,3.2954864501953125
4489,-3.736248016357422
4490,-5.979458808898926
4491,3.075892448425293
4492,-2.851306915283203
4493,0.6838588714599609
4494,3.147677421569824
4495,-6.571481704711914
4496,-7.242433547973633
4497,2.418484687805176
4498,-2.7508888244628906
4499,3.3405702114105225
4500,4.186552047729492
4501,-8.1779203414917
4502,-7.1005048751831055
4503,2.9331769943237305
4504,-3.06793212890625
4505,5.076671600341797
4506,4.509286880493164
4507,-8.348673820495605
4508,-7.772727012634277
4509,3.119495391845703
4510,-3.1745996475219727
4511,5.611992835998535
4512,4.604162216186523
4513,-8.176172256469727
4514,-7.510628700256348
4515,3.2050933837890625
4516,-3.1400585174560547
4517,5.018467903137207
4518,4.512994766235352
4519,-8.020121574401855
4520,-7.00557804107666
4521,3.1358299255371094
4522,-3.1047887802124023
4523,4.873955726623535
4524,0.6421747207641602
4525,1.026890754699707
4526,-4.915401935577393
4527,0.5247364044189453
4528,1.3048896789550781
4529,-0.5312149524688721
4530,-1.4144363403320312
4531,4.383947372436523
4532,-6.914267539978027
4533,-1.397603988647461
4534,4.646450042724609
4535,-1.1785539388656616
4536,-0.7524566650390625
4537,8.311445236206055
4538,-5.0960588455200195
4539,-1.2545585632324219
4540,9.438644409179688
4541,0.43022966384887695
4542,-0.4389657974243164
4543,8.52064323425293
4544,-4.829795837402344
4545,-1.0680971145629883
4546,10.03370475769043
4547,0.5503504276275635
4548,-1.0348405838012695
4549,10.011886596679688
4550,-5.286888599395752
4551,-2.117039680480957
4552,10.76692008972168
4553,-0.17307019233703613
4554,4.716911315917969
4555,-4.480531692504883
4556,-2.3808696269989014
4557,4.895893096923828
4558,-4.056341171264648
4559,-2.7980995178222656
4560,4.873052597045898
4561,-3.972622871398926
4562,-2.7983169555664062
4563,4.8541717529296875
4564,-3.9100427627563477
4565,-2.7985622882843018
4566,4.9136810302734375
4567,-4.074167251586914
4568,-2.1789119243621826
4569,4.903282165527344
4570,-4.011591911315918
4571,-2.17923641204834
4572,4.894138336181641
4573,-3.9632482528686523
4574,-2.1785614490509033
4575,4.643383026123047
4576,-3.478818893432617
4577,-3.815981388092041
4578,4.669740676879883
4579,-3.512805938720703
4580,-1.0135449171066284
4581,4.461381912231445
4582,-4.499566078186035
4583,-2.7042901515960693
4584,4.453542709350586
4585,-4.487783432006836
4586,-1.8987655639648438
4587,3.711641311645508
4588,-3.817598342895508
4589,-5.775184154510498
4590,3.145275115966797
4591,-2.909876823425293
4592,1.0577425956726074
4593,3.7835521697998047
4594,-6.621818542480469
4595,-6.473583221435547
4596,2.5212106704711914
4597,-3.3522682189941406
4598,3.20865797996521
4599,4.794771194458008
4600,-7.507462978363037
4601,-4.655561447143555
4602,3.4586734771728516
4603,-3.454556465148926
4604,4.744321823120117
4605,5.166500091552734
4606,-7.754693984985352
4607,-5.065945625305176
4608,3.7325239181518555
4609,-3.272122383117676
4610,5.136361122131348
4611,5.160392761230469
4612,-7.499274730682373
4613,-4.778602600097656
4614,3.7898025512695312
4615,-3.284979820251465
4616,4.9111738204956055
4617,5.057834625244141
4618,-7.334407329559326
4619,-4.508416175842285
4620,3.733245849609375
4621,-3.391590118408203
4622,4.634202003479004
4623,0.6325578689575195
4624,0.18532943725585938
4625,-4.877157688140869
4626,0.43596744537353516
4627,0.3993797302246094
4628,-0.568389892578125
4629,-1.4924793243408203
4630,4.003589630126953
4631,-7.121135711669922
4632,-1.5037899017333984
4633,4.120855331420898
4634,-1.6386204957962036
4635,-1.0960407257080078
4636,8.56859016418457
4637,-5.939080715179443
4638,-1.4131221771240234
4639,9.346776962280273
4640,-0.5513536930084229
4641,-0.7582807540893555
4642,8.824119567871094
4643,-5.769366264343262
4644,-1.1912860870361328
4645,9.896183013916016
4646,-0.4685938358306885
4647,-1.2686281204223633
4648,10.01645278930664
4649,-6.726418495178223
4650,-2.1860275268554688
4651,10.759288787841797
4652,-1.4227409362792969
4653,5.012821197509766
4654,-3.9688501358032227
4655,-3.6869118213653564
4656,5.088724136352539
4657,-3.435375213623047
4658,-4.009335517883301
4659,5.071756362915039
4660,-3.40859317779541
4661,-4.009185314178467
4662,5.052947998046875
4663,-3.393874168395996
4664,-4.009230613708496
4665,5.072700500488281
4666,-3.398357391357422
4667,-3.566413402557373
4668,5.043727874755859
4669,-3.356325149536133
4670,-3.5672426223754883
4671,5.015207290649414
4672,-3.3189268112182617
4673,-3.563897132873535
4674,4.731014251708984
4675,-3.380417823791504
4676,-4.5750322341918945
4677,4.682929992675781
4678,-3.202977180480957
4679,-2.5534143447875977
4680,4.701337814331055
4681,-4.16731071472168
4682,-3.8330461978912354
4683,4.678613662719727
4684,-4.17227840423584
4685,-3.255133867263794
4686,3.7108869552612305
4687,-4.134626388549805
4688,-6.399631500244141
4689,3.326976776123047
4690,-2.893617630004883
4691,0.06964635848999023
4692,4.270999908447266
4693,-6.516482353210449
4694,-7.243480682373047
4695,2.997147560119629
4696,-3.0747928619384766
4697,2.1689064502716064
4698,5.251180648803711
4699,-6.873177528381348
4700,-6.475661277770996
4701,3.6844186782836914
4702,-3.2643136978149414
4703,3.7362396717071533
4704,5.616249084472656
4705,-7.171848773956299
4706,-7.105548858642578
4707,3.8739404678344727
4708,-3.0570554733276367
4709,4.212994575500488
4710,5.588582992553711
4711,-6.932069778442383
4712,-6.778000831604004
4713,3.8911495208740234
4714,-3.172220230102539
4715,3.7647063732147217
4716,5.522455215454102
4717,-6.865039825439453
4718,-6.350370407104492
4719,3.8647890090942383
4720,-3.3162097930908203
4721,3.5741770267486572
4722,0.6186952590942383
4723,-0.5660219192504883
4724,-4.954885482788086
4725,0.38724517822265625
4726,-0.2575054168701172
4727,-0.4913060665130615
4728,-1.4970111846923828
4729,3.221395492553711
4730,-6.850786209106445
4731,-1.4981670379638672
4732,3.463136672973633
4733,-0.5236401557922363
4734,-1.3579883575439453
4735,8.249013900756836
4736,-6.3479790687561035
4737,-1.5095911026000977
4738,8.561952590942383
4739,0.6589870452880859
4740,-1.0407094955444336
4741,8.581005096435547
4742,-6.242354393005371
4743,-1.2615337371826172
4744,9.079057693481445
4745,0.8628685474395752
4746,-1.5075950622558594
4747,10.062911987304688
4748,-7.476663589477539
4749,-2.212627410888672
4750,10.407857894897461
4751,0.41939806938171387
4752,5.308469772338867
4753,-2.375279426574707
4754,-7.4597978591918945
4755,5.23786735534668
4756,-1.5597848892211914
4757,-7.887408256530762
4758,5.200433731079102
4759,-1.547926902770996
4760,-7.8865203857421875
4761,5.162641525268555
4762,-1.5546865463256836
4763,-7.887521743774414
4764,5.251791000366211
4765,-1.5674028396606445
4766,-7.541708946228027
4767,5.221990585327148
4768,-1.5625381469726562
4769,-7.542779922485352
4770,5.187843322753906
4771,-1.5681171417236328
4772,-7.539836883544922
4773,4.75282096862793
4774,-1.8839874267578125
4775,-8.502035140991211
4776,4.766956329345703
4777,-1.7454309463500977
4778,-6.87923526763916
4779,5.073738098144531
4780,-2.9799604415893555
4781,-7.5481367111206055
4782,4.930253982543945
4783,-2.867279052734375
4784,-7.1003570556640625
4785,4.000360488891602
4786,-3.7655582427978516
4787,-9.266260147094727
4788,3.5024633407592773
4789,-2.6500978469848633
4790,-3.7098476886749268
4791,4.680267333984375
4792,-6.029899597167969
4793,-8.33167839050293
4794,3.447998046875
4795,-2.736077308654785
4796,-1.2575440406799316
4797,5.725442886352539
4798,-6.274545669555664
4799,-7.092134475708008
4800,3.9594688415527344
4801,-2.873612403869629
4802,1.874169111251831
4803,6.046884536743164
4804,-6.31083869934082
4805,-7.689291954040527
4806,4.053126335144043
4807,-2.769754409790039
4808,3.672212839126587
4809,5.971410751342773
4810,-6.10249137878418
4811,-7.426807403564453
4812,4.06141471862793
4813,-2.8197860717773438
4814,2.9912073612213135
4815,5.86041259765625
4816,-5.691692352294922
4817,-6.988670349121094
4818,4.0825605392456055
4819,-2.904642105102539
4820,2.030927896499634
4821,0.6524982452392578
4822,-0.9317607879638672
4823,-4.889254093170166
4824,0.40559959411621094
4825,-0.3811979293823242
4826,-0.5560245513916016
4827,0.7963752746582031
4828,0.32764434814453125
4829,-5.460671424865723
4830,-1.4479484558105469
4831,2.5443458557128906
4832,1.2676889896392822
4833,2.6621551513671875
4834,-0.01950550079345703
4835,-3.328587293624878
4836,-1.478835105895996
4837,7.406623840332031
4838,1.9096319675445557
4839,2.806199073791504
4840,-0.46339988708496094
4841,-3.001840829849243
4842,-1.2072029113769531
4843,7.794458389282227
4844,2.1212713718414307
4845,3.577322006225586
4846,0.22782516479492188
4847,-2.6929104328155518
4848,-2.154581069946289
4849,9.178672790527344
4850,1.8916475772857666
4851,5.278848648071289
4852,-1.2103767395019531
4853,-9.11701774597168
4854,5.1876068115234375
4855,-0.6084098815917969
4856,-9.487590789794922
4857,5.144964218139648
4858,-0.7475242614746094
4859,-9.486162185668945
4860,5.119997024536133
4861,-0.7799491882324219
4862,-9.486002922058105
4863,5.028165817260742
4864,-0.49094200134277344
4865,-9.479164123535156
4866,4.992753982543945
4867,-0.5044689178466797
4868,-9.48193359375
4869,4.957345962524414
4870,-0.5170297622680664
4871,-9.480403900146484
4872,4.8433074951171875
4873,-1.0371065139770508
4874,-9.516770362854004
4875,4.666269302368164
4876,-0.9632453918457031
4877,-9.40354061126709
4878,5.095972061157227
4879,-1.754103660583496
4880,-8.893068313598633
4881,5.053804397583008
4882,-1.7146291732788086
4883,-8.880420684814453
4884,4.294717788696289
4885,-3.443431854248047
4886,-9.261432647705078
4887,3.6521148681640625
4888,-2.511507034301758
4889,-6.230158805847168
4890,5.07354736328125
4891,-5.513993263244629
4892,-8.688837051391602
4893,3.5331106185913086
4894,-1.6467180252075195
4895,-2.5531110763549805
4896,5.862155914306641
4897,-5.334223747253418
4898,-8.000428199768066
4899,3.602069854736328
4900,-2.3125228881835938
4901,1.5120341777801514
4902,5.977649688720703
4903,-5.434537887573242
4904,-8.300373077392578
4905,3.5720720291137695
4906,-2.138535499572754
4907,2.2369439601898193
4908,5.828832626342773
4909,-5.210501670837402
4910,-8.045074462890625
4911,3.5539188385009766
4912,-2.4972753524780273
4913,1.6948764324188232
4914,5.764974594116211
4915,-4.993778228759766
4916,-7.934569358825684
4917,3.6069602966308594
4918,-2.7336225509643555
4919,1.4055297374725342
4920,1.0177001953125
4921,-1.054549217224121
4922,-4.45631742477417
4923,0.5162134170532227
4924,-0.5065422058105469
4925,-0.9916055202484131
4926,1.9300508499145508
4927,-0.6432809829711914
4928,-5.971477031707764
4929,-1.506296157836914
4930,1.332601547241211
4931,1.1376745700836182
4932,4.754217147827148
4933,-2.7700767517089844
4934,-6.660392761230469
4935,-1.4713478088378906
4936,5.495637893676758
4937,5.329099655151367
4938,4.895402908325195
4939,-3.448004722595215
4940,-6.58408260345459
4941,-1.016397476196289
4942,5.001726150512695
4943,5.916965484619141
4944,6.273740768432617
4945,-2.8772172927856445
4946,-6.997095108032227
4947,-1.5490140914916992
4948,6.400974273681641
4949,6.156346321105957
4950,4.567873001098633
4951,-1.3870553970336914
4952,-14.613064765930176
4953,4.564876556396484
4954,-1.075857162475586
4955,-14.962358474731445
4956,4.553442001342773
4957,-1.111964225769043
4958,-14.958293914794922
4959,4.543498992919922
4960,-1.115921974182129
4961,-14.960528373718262
4962,4.532388687133789
4963,-1.0942859649658203
4964,-14.8683443069458
4965,4.518682479858398
4966,-1.1230230331420898
4967,-14.871397972106934
4968,4.505285263061523
4969,-1.1501312255859375
4970,-14.871004104614258
4971,4.408781051635742
4972,-1.3346290588378906
4973,-14.160396575927734
4974,4.341207504272461
4975,-1.420022964477539
4976,-13.63615894317627
4977,4.443855285644531
4978,-1.7592487335205078
4979,-14.037614822387695
4980,4.444568634033203
4981,-1.8032684326171875
4982,-13.915228843688965
4983,3.9798946380615234
4984,-3.1555709838867188
4985,-12.768022537231445
4986,3.8781747817993164
4987,-2.5789871215820312
4988,-9.669053077697754
4989,4.890449523925781
4990,-4.645419120788574
4991,-12.435093879699707
4992,4.626825332641602
4993,-3.8408050537109375
4994,-9.232726097106934
4995,5.679647445678711
4996,-4.977155685424805
4997,-12.779958724975586
4998,5.187417984008789
4999,-3.954360008239746
5000,-10.26661205291748
5001,5.778814315795898
5002,-4.909950256347656
5003,-13.38526725769043
5004,5.2541351318359375
5005,-3.984476089477539
5006,-10.348370552062988
5007,5.681205749511719
5008,-4.741914749145508
5009,-13.335993766784668
5010,5.202915191650391
5011,-4.172006607055664
5012,-10.928815841674805
5013,5.661460876464844
5014,-4.673540115356445
5015,-12.753473281860352
5016,5.204952239990234
5017,-4.266155242919922
5018,-10.492846488952637
5019,0.9672117233276367
5020,-1.1784839630126953
5021,-4.394316673278809
5022,0.8915376663208008
5023,-1.1928949356079102
5024,-1.0583744049072266
5025,0.15696144104003906
5026,0.02112293243408203
5027,-7.530696868896484
5028,-0.017432212829589844
5029,-0.5442428588867188
5030,1.0430068969726562
5031,1.7397565841674805
5032,1.5113277435302734
5033,-5.5180277824401855
5034,2.700716018676758
5035,-0.49457359313964844
5036,4.42678165435791
5037,2.042764663696289
5038,1.2405376434326172
5039,-5.251703262329102
5040,3.0721511840820312
5041,-0.928593635559082
5042,4.887648582458496
5043,1.7234573364257812
5044,2.7698326110839844
5045,-6.048676490783691
5046,3.5153989791870117
5047,0.2924842834472656
5048,5.5017242431640625
5049,4.037601470947266
5050,-0.5206499099731445
5051,-16.075923919677734
5052,4.121048927307129
5053,-0.4442930221557617
5054,-16.388477325439453
5055,4.165766716003418
5056,-0.48542308807373047
5057,-16.387561798095703
5058,4.210566520690918
5059,-0.519012451171875
5060,-16.389253616333008
5061,3.9926624298095703
5062,-0.4768199920654297
5063,-16.694482803344727
5064,3.9551219940185547
5065,-0.5138072967529297
5066,-16.698040008544922
5067,3.919179916381836
5068,-0.5493955612182617
5069,-16.700666427612305
5070,4.311744689941406
5071,-0.9985685348510742
5072,-15.195672035217285
5073,3.8603076934814453
5074,-1.141728401184082
5075,-16.54287338256836
5076,4.034493446350098
5077,-0.9667282104492188
5078,-15.282644271850586
5079,3.923280715942383
5080,-0.9368200302124023
5081,-15.697127342224121
5082,4.4420928955078125
5083,-3.001626968383789
5084,-12.415075302124023
5085,3.0957717895507812
5086,-2.5645971298217773
5087,-12.976940155029297
5088,5.199932098388672
5089,-4.680817604064941
5090,-10.46996021270752
5091,4.533058166503906
5092,-3.718778610229492
5093,-12.059317588806152
5094,6.23377799987793
5095,-4.638389587402344
5096,-10.720338821411133
5097,2.643514633178711
5098,-2.415097236633301
5099,-12.800651550292969
5100,6.40461540222168
5101,-4.4255218505859375
5102,-13.041321754455566
5103,2.0634469985961914
5104,-2.1389923095703125
5105,-13.079326629638672
5106,6.283748626708984
5107,-4.205954551696777
5108,-11.072159767150879
5109,2.231088638305664
5110,-2.291804313659668
5111,-13.628801345825195
5112,6.229412078857422
5113,-4.244518280029297
5114,-10.446905136108398
5115,2.66599178314209
5116,-2.394662857055664
5117,-12.95203685760498
5118,1.206451416015625
5119,-1.5199670791625977
5120,-3.175058603286743
5121,0.8340835571289062
5122,-1.9147958755493164
5123,-2.273235559463501
5124,0.4015960693359375
5125,-1.013566017150879
5126,-7.152255058288574
5127,-0.5529251098632812
5128,-1.2686119079589844
5129,-5.238492965698242
5130,2.3186960220336914
5131,-0.33881187438964844
5132,-1.7382686138153076
5133,2.444456100463867
5134,2.380033493041992
5135,-1.1130034923553467
5136,2.556051254272461
5137,-0.3847846984863281
5138,-1.1372666358947754
5139,1.4735889434814453
5140,1.8795032501220703
5141,-0.6031160354614258
5142,3.0024356842041016
5143,-0.43914031982421875
5144,-1.7358592748641968
5145,0.5816640853881836
5146,2.9792823791503906
5147,-1.2159746885299683
5148,5.249109268188477
5149,2.0941104888916016
5150,-10.144347190856934
5151,5.0264129638671875
5152,2.2835235595703125
5153,-10.348955154418945
5154,5.001026153564453
5155,2.2669677734375
5156,-10.347773551940918
5157,4.977140426635742
5158,2.251951217651367
5159,-10.349327087402344
5160,5.032281875610352
5161,2.2960739135742188
5162,-9.736844062805176
5163,5.006420135498047
5164,2.2771072387695312
5165,-9.738975524902344
5166,4.980609893798828
5167,2.2660350799560547
5168,-9.738875389099121
5169,4.733282089233398
5170,1.8750133514404297
5171,-10.320989608764648
5172,4.699127197265625
5173,1.9021072387695312
5174,-7.476522445678711
5175,5.250375747680664
5176,1.6638469696044922
5177,-10.061173439025879
5178,5.269931793212891
5179,1.6636371612548828
5180,-9.261378288269043
5181,4.56251335144043
5182,-0.27652835845947266
5183,-10.720152854919434
5184,3.9711599349975586
5185,0.03312397003173828
5186,-4.206000804901123
5187,5.211467742919922
5188,-3.9520483016967773
5189,-11.231197357177734
5190,3.5573320388793945
5191,-2.3590574264526367
5192,-1.02622389793396
5193,6.483907699584961
5194,-5.768301010131836
5195,-11.043314933776855
5196,3.3453369140625
5197,-3.0119619369506836
5198,2.3169491291046143
5199,6.883491516113281
5200,-6.088203430175781
5201,-11.706496238708496
5202,3.178046226501465
5203,-2.667140007019043
5204,3.1093971729278564
5205,6.932952880859375
5206,-5.805164337158203
5207,-11.287740707397461
5208,3.2494144439697266
5209,-2.730367660522461
5210,2.57770037651062
5211,6.782991409301758
5212,-5.722585678100586
5213,-10.864331245422363
5214,3.328728675842285
5215,-2.8480796813964844
5216,2.216740369796753
5217,2.7401580810546875
5218,-3.4250898361206055
5219,-4.512411117553711
5220,2.5801477432250977
5221,-3.4816551208496094
5222,-0.9413924217224121
5223,-0.8838224411010742
5224,-3.2633657455444336
5225,-7.532578468322754
5226,-0.49835681915283203
5227,-3.9365434646606445
5228,-3.6893277168273926
5229,-0.8544454574584961
5230,1.5334968566894531
5231,-3.925436496734619
5232,-0.8651065826416016
5233,0.9039459228515625
5234,-0.518085241317749
5235,-0.6345119476318359
5236,1.8595657348632812
5237,-3.4363903999328613
5238,-0.6580734252929688
5239,1.4712982177734375
5240,-0.1237175464630127
5241,-1.5724248886108398
5242,3.1303367614746094
5243,-3.7015504837036133
5244,-1.5208864212036133
5245,2.0791683197021484
5246,-0.842400074005127
5247,5.248113632202148
5248,2.3984909057617188
5249,-12.88003158569336
5250,5.012546539306641
5251,2.5627384185791016
5252,-12.93400764465332
5253,4.9801177978515625
5254,2.5248565673828125
5255,-12.932561874389648
5256,4.947427749633789
5257,2.4852123260498047
5258,-12.933748245239258
5259,5.028728485107422
5260,2.6015548706054688
5261,-12.325997352600098
5262,5.004970550537109
5263,2.5897655487060547
5264,-12.328622817993164
5265,4.980876922607422
5266,2.5524158477783203
5267,-12.328694343566895
5268,4.6974639892578125
5269,2.0376739501953125
5270,-12.175196647644043
5271,4.699319839477539
5272,2.1334266662597656
5273,-9.364412307739258
5274,5.250522613525391
5275,1.9244155883789062
5276,-12.529731750488281
5277,5.2782745361328125
5278,1.9427928924560547
5279,-11.737622261047363
5280,4.510429382324219
5281,-0.2620363235473633
5282,-12.19247055053711
5283,4.106768608093262
5284,0.28502464294433594
5285,-5.512559413909912
5286,5.1795196533203125
5287,-3.928624153137207
5288,-12.705678939819336
5289,3.562405586242676
5290,-1.9579448699951172
5291,-1.975445032119751
5292,6.461008071899414
5293,-5.772509574890137
5294,-12.621849060058594
5295,3.164569854736328
5296,-2.7648582458496094
5297,1.440105676651001
5298,6.839366912841797
5299,-6.14964485168457
5300,-13.264653205871582
5301,2.950502395629883
5302,-2.5446548461914062
5303,2.3464109897613525
5304,6.910024642944336
5305,-5.913796424865723
5306,-12.99905014038086
5307,2.957016944885254
5308,-2.5788040161132812
5309,1.8269922733306885
5310,6.774341583251953
5311,-5.835959434509277
5312,-12.500731468200684
5313,3.053617477416992
5314,-2.669327735900879
5315,1.3728272914886475
5316,2.4539613723754883
5317,-3.4254674911499023
5318,-4.615392684936523
5319,2.5002565383911133
5320,-3.4123706817626953
5321,-0.8413186073303223
5322,-0.8712043762207031
5323,-3.8776025772094727
5324,-7.486773490905762
5325,-0.4668903350830078
5326,-4.678077697753906
5327,-2.763850450515747
5328,-0.8478012084960938
5329,0.5015926361083984
5330,-3.4655473232269287
5331,-0.8308658599853516
5332,0.2498464584350586
5333,1.336125135421753
5334,-0.5448341369628906
5335,0.6708908081054688
5336,-2.9770541191101074
5337,-0.5978593826293945
5338,0.7384319305419922
5339,1.821923017501831
5340,-1.4566097259521484
5341,1.90472412109375
5342,-2.851179838180542
5343,-1.4717025756835938
5344,1.601165771484375
5345,1.9376952648162842
5346,5.216165542602539
5347,2.976522445678711
5348,-4.194247245788574
5349,4.964757919311523
5350,3.0306739807128906
5351,-4.354615211486816
5352,4.9199676513671875
5353,2.970203399658203
5354,-4.354379653930664
5355,4.8735809326171875
5356,2.906726837158203
5357,-4.353835105895996
5358,5.0014495849609375
5359,3.1016807556152344
5360,-3.8432164192199707
5361,4.983299255371094
5362,3.0948944091796875
5363,-3.8441317081451416
5364,4.9627838134765625
5365,3.0739402770996094
5366,-3.8438751697540283
5367,4.640830993652344
5368,2.3631439208984375
5369,-4.526717662811279
5370,4.696250915527344
5371,2.55474853515625
5372,-2.2270402908325195
5373,5.234676361083984
5374,2.463611602783203
5375,-4.2324442863464355
5376,5.273527145385742
5377,2.5289363861083984
5378,-3.5812652111053467
5379,4.516351699829102
5380,0.07574272155761719
5381,-6.041287422180176
5382,4.231081962585449
5383,0.4431724548339844
5384,-0.03517627716064453
5385,5.137426376342773
5386,-3.6646690368652344
5387,-6.699033737182617
5388,4.12080192565918
5389,-1.9786977767944336
5390,1.514930009841919
5391,6.24705696105957
5392,-5.780152320861816
5393,-6.816693305969238
5394,4.216680526733398
5395,-3.445049285888672
5396,2.6665422916412354
5397,6.586788177490234
5398,-6.264847755432129
5399,-7.576016426086426
5400,4.2140350341796875
5401,-3.3619422912597656
5402,3.235304594039917
5403,6.680654525756836
5404,-6.07724666595459
5405,-6.98686408996582
5406,4.203219413757324
5407,-3.528848648071289
5408,2.5574395656585693
5409,6.539726257324219
5410,-5.932895660400391
5411,-6.5944929122924805
5412,4.222908020019531
5413,-3.588433265686035
5414,2.4631378650665283
5415,2.316868782043457
5416,-3.252420425415039
5417,-4.610817909240723
5418,2.352428436279297
5419,-3.2491636276245117
5420,-0.8459832668304443
5421,-0.5148754119873047
5422,-4.980920791625977
5423,-6.671055793762207
5424,-0.23628902435302734
5425,-5.412932395935059
5426,-2.023470878601074
5427,-0.8543710708618164
5428,-0.8029394149780273
5429,-4.534026145935059
5430,-0.6071224212646484
5431,-1.8571853637695312
5432,0.6383092403411865
5433,-0.5496931076049805
5434,-0.3226938247680664
5435,-4.262176036834717
5436,-0.20241165161132812
5437,-1.4694814682006836
5438,1.279242753982544
5439,-1.5416955947875977
5440,0.4781522750854492
5441,-3.460055351257324
5442,-1.0831966400146484
5443,-0.8377513885498047
5444,0.8017282485961914
5445,5.181297302246094
5446,3.4115962982177734
5447,-6.976044654846191
5448,4.909217834472656
5449,3.4597644805908203
5450,-7.202631950378418
5451,4.859764099121094
5452,3.403533935546875
5453,-7.201816558837891
5454,4.810766220092773
5455,3.342905044555664
5456,-7.201582908630371
5457,4.961071014404297
5458,3.5157852172851562
5459,-6.594635009765625
5460,4.94727897644043
5461,3.503019332885742
5462,-6.595170021057129
5463,4.929647445678711
5464,3.4741458892822266
5465,-6.595320701599121
5466,4.6167755126953125
5467,2.8008155822753906
5468,-7.239920616149902
5469,4.691474914550781
5470,2.9729690551757812
5471,-4.487916469573975
5472,5.205188751220703
5473,2.9321422576904297
5474,-6.919276237487793
5475,5.255647659301758
5476,2.997762680053711
5477,-6.139216423034668
5478,4.584480285644531
5479,0.4268054962158203
5480,-8.60312271118164
5481,4.334785461425781
5482,0.5393247604370117
5483,-1.3192713260650635
5484,5.084648132324219
5485,-3.3016414642333984
5486,-9.340510368347168
5487,4.110230445861816
5488,-2.015270233154297
5489,0.7877120971679688
5490,5.971504211425781
5491,-5.867475509643555
5492,-9.174612045288086
5493,4.022345542907715
5494,-4.532995223999023
5495,2.2059457302093506
5496,6.21568489074707
5497,-6.502691268920898
5498,-9.38326358795166
5499,3.992068290710449
5500,-4.72233772277832
5501,2.7920873165130615
5502,6.350183486938477
5503,-6.387455940246582
5504,-9.378582954406738
5505,3.9480085372924805
5506,-4.899842262268066
5507,1.8761928081512451
5508,6.224897384643555
5509,-6.20473575592041
5510,-9.038921356201172
5511,3.9673852920532227
5512,-4.837529182434082
5513,1.8779051303863525
5514,2.1085433959960938
5515,-3.26214599609375
5516,-5.15218448638916
5517,2.157259941101074
5518,-3.261180877685547
5519,-0.30178165435791016
5520,0.017864227294921875
5521,-6.985252857208252
5522,-7.540940284729004
5523,0.08403587341308594
5524,-7.133849620819092
5525,-1.0292809009552002
5526,-0.8543567657470703
5527,-2.3544788360595703
5528,-4.627392768859863
5529,-0.6378974914550781
5530,-2.706745147705078
5531,2.5361168384552
5532,-0.5576906204223633
5533,-1.6534204483032227
5534,-4.217128753662109
5535,-0.23112964630126953
5536,-1.9060907363891602
5537,2.9984776973724365
5538,-1.9278497695922852
5539,-0.650965690612793
5540,-3.4679975509643555
5541,-1.5434093475341797
5542,-1.9619684219360352
5543,3.3221213817596436
5544,5.176370620727539
5545,3.630643844604492
5546,1.9343063831329346
5547,4.910390853881836
5548,3.748992919921875
5549,1.8498446941375732
5550,4.863456726074219
5551,3.710674285888672
5552,1.8492686748504639
5553,4.817596435546875
5554,3.668651580810547
5555,1.848940134048462
5556,4.956079483032227
5557,3.7794876098632812
5558,2.388303518295288
5559,4.940044403076172
5560,3.7649364471435547
5561,2.3884847164154053
5562,4.920783996582031
5563,3.740489959716797
5564,2.3888766765594482
5565,4.617713928222656
5566,3.1988983154296875
5567,1.6078588962554932
5568,4.685720443725586
5569,3.2763404846191406
5570,3.9532206058502197
5571,5.198465347290039
5572,3.202199935913086
5573,1.8531510829925537
5574,5.240793228149414
5575,3.2313232421875
5576,2.524611711502075
5577,4.727746963500977
5578,1.1972904205322266
5579,-1.4993720054626465
5580,4.293194770812988
5581,0.7198820114135742
5582,5.722705841064453
5583,5.007585525512695
5584,-2.7573814392089844
5585,-2.482482671737671
5586,4.203474998474121
5587,-2.368687629699707
5588,5.768433570861816
5589,5.673921585083008
5590,-5.879039764404297
5591,-1.4491850137710571
5592,4.4981842041015625
5593,-5.646726608276367
5594,5.775609016418457
5595,5.928430557250977
5596,-6.6120500564575195
5597,-2.028343677520752
5598,4.569709777832031
5599,-5.956808090209961
5600,6.07668399810791
5601,6.012868881225586
5602,-6.536168098449707
5603,-1.373719334602356
5604,4.576822280883789
5605,-6.093408584594727
5606,5.461143493652344
5607,5.870641708374023
5608,-6.330234527587891
5609,-1.13347589969635
5610,4.568979263305664
5611,-6.000375747680664
5612,5.492441177368164
5613,2.226886749267578
5614,-3.211069107055664
5615,-5.152955055236816
5616,2.0239086151123047
5617,-3.108433723449707
5618,-0.29798245429992676
5619,1.1141138076782227
5620,-8.253016471862793
5621,-7.642287254333496
5622,0.7771663665771484
5623,-7.918258190155029
5624,-0.8657827377319336
5625,-0.7856721878051758
5626,-4.447369575500488
5627,-5.880871772766113
5628,-0.6624965667724609
5629,-4.419144630432129
5630,1.1763865947723389
5631,-0.6253299713134766
5632,-3.429337501525879
5633,-5.666876792907715
5634,-0.41622352600097656
5635,-3.4282093048095703
5636,1.8852574825286865
5637,-1.9258060455322266
5638,-3.9587392807006836
5639,-5.488628387451172
5640,-1.8852825164794922
5641,-4.335147857666016
5642,1.721635103225708
5643,5.163911819458008
5644,4.000297546386719
5645,-5.485312461853027
5646,4.893625259399414
5647,4.133090972900391
5648,-5.693075180053711
5649,4.842983245849609
5650,4.097774505615234
5651,-5.6923441886901855
5652,4.792842864990234
5653,4.059150695800781
5654,-5.692949295043945
5655,4.947591781616211
5656,4.166410446166992
5657,-5.108925819396973
5658,4.934345245361328
5659,4.158168792724609
5660,-5.1103057861328125
5661,4.917308807373047
5662,4.144598007202148
5663,-5.110166072845459
5664,4.599536895751953
5665,3.6337146759033203
5666,-5.669219017028809
5667,4.686641693115234
5668,3.746335983276367
5669,-2.832231044769287
5670,5.177684783935547
5671,3.565408706665039
5672,-5.4877166748046875
5673,5.229606628417969
5674,3.6084346771240234
5675,-4.732165336608887
5676,4.693075180053711
5677,1.3828353881835938
5678,-5.002286911010742
5679,4.610445022583008
5680,1.030508041381836
5681,1.1420390605926514
5682,4.747314453125
5683,-2.339858055114746
5684,-5.8629865646362305
5685,4.568071365356445
5686,-2.5272579193115234
5687,-1.1937894821166992
5688,5.348796844482422
5689,-5.842512130737305
5690,-4.967841625213623
5691,5.235931396484375
5692,-5.977255821228027
5693,-2.791478157043457
5694,5.542552947998047
5695,-6.595654487609863
5696,-4.003106594085693
5697,5.49407958984375
5698,-6.352560997009277
5699,-2.802374839782715
5700,5.646474838256836
5701,-6.440835952758789
5702,-2.799600601196289
5703,5.4505157470703125
5704,-6.478501319885254
5705,-3.7632198333740234
5706,5.541149139404297
5707,-6.267218589782715
5708,-4.40794038772583
5709,5.3570556640625
5710,-6.405491828918457
5711,-3.2355854511260986
5712,2.16378116607666
5713,-3.21826171875
5714,-5.354757308959961
5715,2.1119489669799805
5716,-3.12454891204834
5717,-0.09587907791137695
5718,1.6900405883789062
5719,-8.679646492004395
5720,-7.174671173095703
5721,1.7445192337036133
5722,-7.691996097564697
5723,0.42191457748413086
5724,-0.7458229064941406
5725,-5.731623649597168
5726,-4.725687026977539
5727,-0.5526895523071289
5728,-5.571222305297852
5729,3.3107950687408447
5730,-0.6994171142578125
5731,-4.751850128173828
5732,-4.550973892211914
5733,-0.4505043029785156
5734,-4.700976371765137
5735,3.5777108669281006
5736,-1.9138431549072266
5737,-6.208264350891113
5738,-3.794072151184082
5739,-1.8323612213134766
5740,-6.139717102050781
5741,3.5161335468292236
5742,5.154870986938477
5743,4.332052230834961
5744,-7.016151428222656
5745,4.891510009765625
5746,4.457492828369141
5747,-7.273314476013184
5748,4.843605041503906
5749,4.422861099243164
5750,-7.2724609375
5751,4.795810699462891
5752,4.3833770751953125
5753,-7.273245811462402
5754,4.938018798828125
5755,4.488868713378906
5756,-6.659959316253662
5757,4.922676086425781
5758,4.478992462158203
5759,-6.661321640014648
5760,4.90349006652832
5761,4.463991165161133
5762,-6.661089897155762
5763,4.599328994750977
5764,3.9688758850097656
5765,-6.61468505859375
5766,4.6852569580078125
5767,4.064878463745117
5768,-4.3730010986328125
5769,5.170419692993164
5770,3.9067134857177734
5771,-7.035174369812012
5772,5.214902877807617
5773,3.9564075469970703
5774,-6.250239849090576
5775,4.689229965209961
5776,1.6638412475585938
5777,-9.250645637512207
5778,4.575223922729492
5779,1.3145427703857422
5780,-0.36324048042297363
5781,4.740692138671875
5782,-2.2894697189331055
5783,-10.105934143066406
5784,4.563821792602539
5785,-2.426995277404785
5786,-1.874065637588501
5787,5.240411758422852
5788,-5.859958648681641
5789,-9.972620010375977
5790,4.946710586547852
5791,-6.173114776611328
5792,-2.4929895401000977
5793,5.467624664306641
5794,-6.570962905883789
5795,-10.83077335357666
5796,5.127567291259766
5797,-6.422473907470703
5798,-2.304915189743042
5799,5.571868896484375
5800,-6.517107009887695
5801,-10.02586841583252
5802,5.148128509521484
5803,-6.677007675170898
5804,-3.285003662109375
5805,5.427511215209961
5806,-6.321784973144531
5807,-9.664339065551758
5808,5.051431655883789
5809,-6.609463691711426
5810,-2.91489839553833
5811,2.24375057220459
5812,-3.2158031463623047
5813,-5.5399580001831055
5814,2.1618919372558594
5815,-3.13143253326416
5816,0.0897817611694336
5817,2.2525434494018555
5818,-8.674631118774414
5819,-7.130117416381836
5820,2.3003463745117188
5821,-7.916373252868652
5822,0.3871955871582031
5823,-0.5959453582763672
5824,-7.263225078582764
5825,-4.431315898895264
5826,-0.25623512268066406
5827,-6.753527641296387
5828,3.859541177749634
5829,-0.7277717590332031
5830,-6.348285675048828
5831,-4.3021063804626465
5832,-0.4723968505859375
5833,-6.086688995361328
5834,4.188166618347168
5835,-1.3461742401123047
5836,-8.977544784545898
5837,-3.818664073944092
5838,-1.4444646835327148
5839,-7.199025630950928
5840,4.107342720031738
5841,5.137325286865234
5842,4.599132537841797
5843,-6.999110221862793
5844,4.883489608764648
5845,4.704439163208008
5846,-7.384945869445801
5847,4.837440490722656
5848,4.665353775024414
5849,-7.385425567626953
5850,4.79118537902832
5851,4.624425888061523
5852,-7.385613441467285
5853,4.92744255065918
5854,4.74920654296875
5855,-6.67449426651001
5856,4.913185119628906
5857,4.744480133056641
5858,-6.674411773681641
5859,4.894674301147461
5860,4.735645294189453
5861,-6.673628330230713
5862,4.586313247680664
5863,4.190761566162109
5864,-7.57093620300293
5865,4.679893493652344
5866,4.315402984619141
5867,-4.816926002502441
5868,5.146903991699219
5869,4.146867752075195
5870,-7.206020355224609
5871,5.191272735595703
5872,4.238780975341797
5873,-6.284284591674805
5874,4.673112869262695
5875,1.7037696838378906
5876,-9.658439636230469
5877,4.588665008544922
5878,1.5950927734375
5879,-1.5202572345733643
5880,4.550941467285156
5881,-2.371823310852051
5882,-10.407608985900879
5883,4.445163726806641
5884,-2.175297737121582
5885,-1.340087890625
5886,5.127983093261719
5887,-5.863129615783691
5888,-10.135424613952637
5889,4.716709136962891
5890,-5.69273567199707
5891,-1.9090943336486816
5892,5.2914886474609375
5893,-6.557304382324219
5894,-11.17484188079834
5895,4.84446907043457
5896,-5.936866760253906
5897,-1.761136770248413
5898,5.414154052734375
5899,-6.489720344543457
5900,-10.5438814163208
5901,4.889286041259766
5902,-6.097428321838379
5903,-2.7822318077087402
5904,5.304347991943359
5905,-6.318121910095215
5906,-9.877761840820312
5907,4.810495376586914
5908,-6.019172668457031
5909,-2.3422744274139404
5910,2.290452003479004
5911,-3.2398500442504883
5912,-5.70374870300293
5913,2.2475786209106445
5914,-3.1448583602905273
5915,0.25400471687316895
5916,3.1195507049560547
5917,-8.728096961975098
5918,-6.488340854644775
5919,2.8678407669067383
5920,-7.429319381713867
5921,1.7748396396636963
5922,0.020850181579589844
5923,-8.783069610595703
5924,-4.81456995010376
5925,0.4913444519042969
5926,-8.046707153320312
5927,4.439204216003418
5928,-0.5968217849731445
5929,-8.256048202514648
5930,-4.672756195068359
5931,0.0671834945678711
5932,-7.144861221313477
5933,4.69046688079834
5934,-0.2827625274658203
5935,-11.072505950927734
5936,-5.22185754776001
5937,-0.19777584075927734
5938,-8.687830924987793
5939,4.412557601928711
5940,5.12114143371582
5941,4.811674118041992
5942,-7.433873176574707
5943,4.875568389892578
5944,4.939689636230469
5945,-7.711972236633301
5946,4.829568862915039
5947,4.906497955322266
5948,-7.710420608520508
5949,4.7805023193359375
5950,4.866888046264648
5951,-7.710714340209961
5952,4.9190216064453125
5953,4.980113983154297
5954,-7.091250419616699
5955,4.905311584472656
5956,4.976604461669922
5957,-7.092522621154785
5958,4.8870849609375
5959,4.971281051635742
5960,-7.09188175201416
5961,4.559537887573242
5962,4.472332000732422
5963,-7.79096794128418
5964,4.675384521484375
5965,4.586709976196289
5966,-5.13305139541626
5967,5.119558334350586
5968,4.364154815673828
5969,-7.480356216430664
5970,5.166709899902344
5971,4.431476593017578
5972,-6.677376747131348
5973,4.601715087890625
5974,1.8872737884521484
5975,-10.100255012512207
5976,4.588933944702148
5977,1.782480239868164
5978,-1.9912159442901611
5979,4.352344512939453
5980,-2.3095951080322266
5981,-10.755906105041504
5982,4.393976211547852
5983,-1.8570013046264648
5984,-1.3736038208007812
5985,4.808055877685547
5986,-5.795065879821777
5987,-10.56934928894043
5988,4.7204742431640625
5989,-5.239723205566406
5990,-2.4043753147125244
5991,4.817523956298828
5992,-6.565179824829102
5993,-11.622947692871094
5994,4.751256942749023
5995,-5.602932929992676
5996,-2.3075273036956787
5997,4.971508026123047
5998,-6.469550132751465
5999,-11.244574546813965
6000,4.822660446166992
6001,-5.763784408569336
6002,-3.249100685119629
6003,4.914655685424805
6004,-6.290711402893066
6005,-10.41772747039795
6006,4.733734130859375
6007,-5.675294876098633
6008,-2.8120152950286865
6009,2.2999095916748047
6010,-3.225094795227051
6011,-5.583428382873535
6012,2.5131940841674805
6013,-3.1259403228759766
6014,0.13396763801574707
6015,3.5123605728149414
6016,-8.330073356628418
6017,-6.74765682220459
6018,3.3659868240356445
6019,-7.418066501617432
6020,0.8844249248504639
6021,0.6954336166381836
6022,-10.222541809082031
6023,-5.439330577850342
6024,1.1096887588500977
6025,-9.000263214111328
6026,4.383085250854492
6027,0.05040168762207031
6028,-10.272012710571289
6029,-5.313764572143555
6030,0.6799144744873047
6031,-8.724029541015625
6032,4.712404251098633
6033,1.1427202224731445
6034,-12.526313781738281
6035,-6.491779327392578
6036,0.9040203094482422
6037,-10.13784408569336
6038,4.389962196350098
6039,5.067943572998047
6040,4.825508117675781
6041,-7.601530075073242
6042,4.8175048828125
6043,4.979894638061523
6044,-7.89719295501709
6045,4.771188735961914
6046,4.947412490844727
6047,-7.896871566772461
6048,4.719934463500977
6049,4.910726547241211
6050,-7.897604942321777
6051,4.861692428588867
6052,5.006992340087891
6053,-7.182059288024902
6054,4.852516174316406
6055,4.9888458251953125
6056,-7.182629585266113
6057,4.836742401123047
6058,4.973989486694336
6059,-7.182925224304199
6060,4.494758605957031
6061,4.5272979736328125
6062,-8.050724983215332
6063,4.620685577392578
6064,4.62860107421875
6065,-4.998109340667725
6066,5.050838470458984
6067,4.386358261108398
6068,-7.678260803222656
6069,5.104347229003906
6070,4.410419464111328
6071,-6.762368202209473
6072,4.540243148803711
6073,2.050251007080078
6074,-10.154358863830566
6075,4.523342132568359
6076,1.9510917663574219
6077,-1.6868277788162231
6078,4.269526481628418
6079,-2.1480321884155273
6080,-10.80222225189209
6081,4.368351936340332
6082,-1.6976709365844727
6083,-1.2399057149887085
6084,4.736124038696289
6085,-5.744925498962402
6086,-10.553863525390625
6087,4.762870788574219
6088,-5.314855575561523
6089,-1.6510095596313477
6090,4.760383605957031
6091,-6.5540771484375
6092,-11.552791595458984
6093,4.885932922363281
6094,-5.752472877502441
6095,-1.4664838314056396
6096,4.896055221557617
6097,-6.441664695739746
6098,-11.239092826843262
6099,4.913311004638672
6100,-5.960379600524902
6101,-2.3946025371551514
6102,4.843877792358398
6103,-6.2815093994140625
6104,-10.42174243927002
6105,4.79469108581543
6106,-5.850076675415039
6107,-2.0466995239257812
6108,2.317812919616699
6109,-3.221790313720703
6110,-5.644898414611816
6111,2.601226806640625
6112,-3.1024179458618164
6113,0.19476914405822754
6114,4.215262413024902
6115,-7.881556510925293
6116,-6.886183738708496
6117,4.3589067459106445
6118,-6.796523571014404
6119,2.017178773880005
6120,1.6941299438476562
6121,-10.764387130737305
6122,-5.742476940155029
6123,2.940183639526367
6124,-8.208755493164062
6125,6.110654830932617
6126,1.1326560974121094
6127,-10.98879623413086
6128,-5.612350940704346
6129,2.598921775817871
6130,-8.259038925170898
6131,6.500812530517578
6132,2.5735082626342773
6133,-12.845495223999023
6134,-6.682081699371338
6135,3.2804222106933594
6136,-9.1805419921875
6137,6.454809188842773
6138,4.929405212402344
6139,5.149890899658203
6140,-4.911983489990234
6141,4.673851013183594
6142,5.213491439819336
6143,-5.284336566925049
6144,4.635562896728516
6145,5.168918609619141
6146,-5.285677909851074
6147,4.593061447143555
6148,5.123106002807617
6149,-5.285635948181152
6150,4.696224212646484
6151,5.264101028442383
6152,-4.457340717315674
6153,4.676654815673828
6154,5.248445510864258
6155,-4.456739902496338
6156,4.652730941772461
6157,5.235944747924805
6158,-4.45806360244751
6159,4.393723487854004
6160,4.692768096923828
6161,-6.127511978149414
6162,4.465114593505859
6163,4.825826644897461
6164,-2.4976813793182373
6165,4.952629089355469
6166,4.70567512512207
6167,-5.205438613891602
6168,4.987512588500977
6169,4.773115158081055
6170,-4.143109321594238
6171,4.519617080688477
6172,2.3812484741210938
6173,-8.546589851379395
6174,4.484973907470703
6175,2.2591934204101562
6176,0.4708700180053711
6177,4.3068132400512695
6178,-1.456315040588379
6179,-9.476268768310547
6180,4.265228271484375
6181,-1.4609746932983398
6182,1.0673305988311768
6183,4.750247955322266
6184,-5.328880310058594
6185,-9.390241622924805
6186,4.563758850097656
6187,-5.037045478820801
6188,-0.49553871154785156
6189,4.833061218261719
6190,-6.157369613647461
6191,-10.398146629333496
6192,4.635774612426758
6193,-5.3784332275390625
6194,-0.11272716522216797
6195,4.95421028137207
6196,-6.105171203613281
6197,-10.079989433288574
6198,4.684818267822266
6199,-5.53104305267334
6200,-0.9257608652114868
6201,4.904352188110352
6202,-5.974635124206543
6203,-9.255980491638184
6204,4.609355926513672
6205,-5.43717098236084
6206,-0.787463903427124
6207,2.3394079208374023
6208,-3.004650115966797
6209,-5.758927822113037
6210,2.605602264404297
6211,-2.9697017669677734
6212,0.30984044075012207
6213,3.8826141357421875
6214,-7.419553279876709
6215,-7.512574195861816
6216,4.595653533935547
6217,-6.567037582397461
6218,1.4187285900115967
6219,2.82736873626709
6220,-11.466018676757812
6221,-7.34670352935791
6222,3.6207151412963867
6223,-8.761131286621094
6224,4.817740440368652
6225,2.3721494674682617
6226,-11.896002769470215
6227,-7.343531608581543
6228,3.3173646926879883
6229,-9.045957565307617
6230,5.119538307189941
6231,3.9715137481689453
6232,-13.041247367858887
6233,-9.225804328918457
6234,4.201803207397461
6235,-9.712576866149902
6236,4.685197830200195
6237,4.695499420166016
6238,5.331424713134766
6239,-4.968533039093018
6240,4.444511413574219
6241,5.417877197265625
6242,-5.357539653778076
6243,4.406362533569336
6244,5.373504638671875
6245,-5.358891487121582
6246,4.364725112915039
6247,5.327066421508789
6248,-5.358826160430908
6249,4.460721969604492
6250,5.468927383422852
6251,-4.5051374435424805
6252,4.437700271606445
6253,5.459436416625977
6254,-4.504837512969971
6255,4.412015914916992
6256,5.448564529418945
6257,-4.505946159362793
6258,4.15373420715332
6259,4.887006759643555
6260,-6.22462272644043
6261,4.216611862182617
6262,5.001096725463867
6263,-2.444589376449585
6264,4.727664947509766
6265,4.877296447753906
6266,-5.2630615234375
6267,4.761579513549805
6268,4.932823181152344
6269,-4.159632682800293
6270,4.35207462310791
6271,2.4409217834472656
6272,-8.39966106414795
6273,4.323065757751465
6274,2.4360275268554688
6275,0.5665173530578613
6276,4.23023796081543
6277,-1.3694372177124023
6278,-9.31364917755127
6279,4.249136924743652
6280,-0.9997739791870117
6281,1.2496635913848877
6282,4.667863845825195
6283,-4.951445579528809
6284,-9.152275085449219
6285,4.459526062011719
6286,-4.829584121704102
6287,-0.20662260055541992
6288,4.809598922729492
6289,-5.70473575592041
6290,-10.154020309448242
6291,4.51179313659668
6292,-5.2117919921875
6293,0.12381958961486816
6294,4.884500503540039
6295,-5.677326202392578
6296,-9.777826309204102
6297,4.5807647705078125
6298,-5.368929862976074
6299,-0.7396020889282227
6300,4.820215225219727
6301,-5.584691047668457
6302,-9.007533073425293
6303,4.52570915222168
6304,-5.379518508911133
6305,-0.5601787567138672
6306,2.3606481552124023
6307,-2.9680099487304688
6308,-5.742193222045898
6309,2.6042919158935547
6310,-2.826653480529785
6311,0.2950105667114258
6312,4.601078033447266
6313,-7.008257865905762
6314,-7.510002136230469
6315,4.666267395019531
6316,-5.858404159545898
6317,2.6432979106903076
6318,4.001513481140137
6319,-11.187042236328125
6320,-6.862392425537109
6321,4.3172807693481445
6322,-8.538164138793945
6323,5.992195129394531
6324,3.689803123474121
6325,-11.87628173828125
6326,-6.863038063049316
6327,4.079740524291992
6328,-8.975902557373047
6329,6.254829406738281
6330,5.15349006652832
6331,-12.321813583374023
6332,-8.89273738861084
6333,5.108724594116211
6334,-9.382043838500977
6335,5.622759819030762
6336,4.509084701538086
6337,5.4074554443359375
6338,-4.722936630249023
6339,4.251818656921387
6340,5.508754730224609
6341,-5.1623759269714355
6342,4.2098188400268555
6343,5.4673309326171875
6344,-5.162452220916748
6345,4.163760185241699
6346,5.423257827758789
6347,-5.161928176879883
6348,4.277763366699219
6349,5.548130035400391
6350,-4.340868949890137
6351,4.257421493530273
6352,5.535472869873047
6353,-4.341350555419922
6354,4.233842849731445
6355,5.521240234375
6356,-4.342006683349609
6357,3.930023193359375
6358,4.965349197387695
6359,-6.170090675354004
6360,4.016210556030273
6361,5.070405960083008
6362,-2.5541155338287354
6363,4.545080184936523
6364,4.951070785522461
6365,-5.051464080810547
6366,4.59660530090332
6367,4.983333587646484
6368,-3.995396614074707
6369,4.046415328979492
6370,2.4787540435791016
6371,-8.359917640686035
6372,4.231037139892578
6373,2.5491886138916016
6374,0.4753282070159912
6375,4.12221622467041
6376,-1.274458885192871
6377,-9.071920394897461
6378,4.258028984069824
6379,-0.6127872467041016
6380,1.480933427810669
6381,4.799341201782227
6382,-4.554991722106934
6383,-8.294677734375
6384,4.873807907104492
6385,-3.888096809387207
6386,-0.08486127853393555
6387,4.927839279174805
6388,-5.335569381713867
6389,-9.143514633178711
6390,5.093864440917969
6391,-4.48272705078125
6392,0.21777772903442383
6393,5.020566940307617
6394,-5.253180503845215
6395,-8.695454597473145
6396,5.193332672119141
6397,-4.468672752380371
6398,-0.536067008972168
6399,5.0135498046875
6400,-5.037940979003906
6401,-8.10390853881836
6402,5.047414779663086
6403,-4.364463806152344
6404,-0.4441978931427002
6405,2.3314504623413086
6406,-2.835190773010254
6407,-5.735843658447266
6408,2.6342859268188477
6409,-2.592679023742676
6410,0.28772544860839844
6411,5.0496063232421875
6412,-6.662899017333984
6413,-6.778895378112793
6414,5.094993591308594
6415,-5.838986396789551
6416,1.3584392070770264
6417,5.265649795532227
6418,-10.738207817077637
6419,-6.670931816101074
6420,5.302457809448242
6421,-10.228799819946289
6422,2.6717231273651123
6423,5.048608779907227
6424,-11.530412673950195
6425,-6.082101345062256
6426,5.135625839233398
6427,-10.975261688232422
6428,2.7204225063323975
6429,6.632162094116211
6430,-11.112137794494629
6431,-6.899500846862793
6432,6.496458053588867
6433,-10.731006622314453
6434,1.8377635478973389
6435,4.280096054077148
6436,5.4061737060546875
6437,-1.6956357955932617
6438,4.021933555603027
6439,5.54545783996582
6440,-1.957887887954712
6441,3.973189353942871
6442,5.511192321777344
6443,-1.958420753479004
6444,3.920567512512207
6445,5.471092224121094
6446,-1.958141565322876
6447,4.062524795532227
6448,5.570405960083008
6449,-1.2347208261489868
6450,4.045936584472656
6451,5.557445526123047
6452,-1.2353739738464355
6453,4.025883674621582
6454,5.542917251586914
6455,-1.2364908456802368
6456,3.686098098754883
6457,5.021694183349609
6458,-2.7002265453338623
6459,3.799382209777832
6460,5.131738662719727
6461,0.5072691440582275
6462,4.301933288574219
6463,4.993597030639648
6464,-1.9484719038009644
6465,4.368897438049316
6466,4.99763298034668
6467,-1.0141736268997192
6468,3.8033390045166016
6469,2.8122730255126953
6470,-5.039705276489258
6471,4.05026912689209
6472,2.7782649993896484
6473,2.8196747303009033
6474,4.023042678833008
6475,-0.6692724227905273
6476,-5.8817291259765625
6477,4.221902847290039
6478,-0.31165027618408203
6479,3.954848051071167
6480,4.949644088745117
6481,-3.183180809020996
6482,-5.033355712890625
6483,5.052711486816406
6484,-2.761887550354004
6485,2.6686365604400635
6486,5.140605926513672
6487,-3.7939271926879883
6488,-5.645849227905273
6489,5.320804595947266
6490,-3.129633903503418
6491,3.0537121295928955
6492,5.234764099121094
6493,-3.656355857849121
6494,-5.176024436950684
6495,5.336551666259766
6496,-3.1420669555664062
6497,2.309486150741577
6498,5.163810729980469
6499,-3.483687400817871
6500,-4.822996139526367
6501,5.25031852722168
6502,-3.1058006286621094
6503,2.3327691555023193
6504,2.342975616455078
6505,-2.723568916320801
6506,-5.643157482147217
6507,2.7185134887695312
6508,-2.364151954650879
6509,0.19524765014648438
6510,5.204627990722656
6511,-5.566227912902832
6512,-6.879093170166016
6513,5.39500617980957
6514,-5.156526565551758
6515,-1.525159478187561
6516,6.464282989501953
6517,-9.707074165344238
6518,-6.978954315185547
6519,6.169919967651367
6520,-8.958431243896484
6521,-1.130159854888916
6522,6.415981292724609
6523,-10.631227493286133
6524,-6.923951148986816
6525,6.110012054443359
6526,-9.593334197998047
6527,-1.095099925994873
6528,7.904958724975586
6529,-9.320262908935547
6530,-8.550203323364258
6531,7.109516143798828
6532,-9.314064979553223
6533,-2.210043430328369
6534,4.072720527648926
6535,5.445451736450195
6536,-1.6284358501434326
6537,3.8104381561279297
6538,5.556781768798828
6539,-1.9673278331756592
6540,3.7600860595703125
6541,5.515850067138672
6542,-1.967995524406433
6543,3.7066421508789062
6544,5.471128463745117
6545,-1.9680993556976318
6546,3.844672203063965
6547,5.5845947265625
6548,-1.182262897491455
6549,3.822660446166992
6550,5.566001892089844
6551,-1.1822556257247925
6552,3.7974119186401367
6553,5.545766830444336
6554,-1.1827634572982788
6555,3.4568729400634766
6556,5.0015106201171875
6557,-2.949955940246582
6558,3.561224937438965
6559,5.113126754760742
6560,0.5237860679626465
6561,4.103370666503906
6562,5.044578552246094
6563,-1.9732260704040527
6564,4.155961990356445
6565,5.053518295288086
6566,-0.9620999097824097
6567,3.6584854125976562
6568,2.851839065551758
6569,-5.582510471343994
6570,3.857661247253418
6571,2.803335189819336
6572,3.0042316913604736
6573,4.095857620239258
6574,-0.47568321228027344
6575,-6.725364685058594
6576,4.2207746505737305
6577,-0.1550273895263672
6578,4.285689353942871
6579,4.965522766113281
6580,-3.2718725204467773
6581,-5.980342864990234
6582,5.156047821044922
6583,-2.4749107360839844
6584,3.511215925216675
6585,5.12603759765625
6586,-3.8692092895507812
6587,-6.629629135131836
6588,5.376438140869141
6589,-2.837421417236328
6590,4.022218704223633
6591,5.219610214233398
6592,-3.759963035583496
6593,-6.169699668884277
6594,5.42572021484375
6595,-2.876206398010254
6596,3.257331132888794
6597,5.172237396240234
6598,-3.6082277297973633
6599,-5.76572322845459
6600,5.375795364379883
6601,-2.6435861587524414
6602,3.1746981143951416
6603,2.4165706634521484
6604,-2.760955810546875
6605,-5.658278465270996
6606,2.758397102355957
6607,-2.4075069427490234
6608,0.21011018753051758
6609,5.526376724243164
6610,-3.9429473876953125
6611,-6.725592613220215
6612,5.391298294067383
6613,-3.5374574661254883
6614,-1.2340368032455444
6615,7.534872055053711
6616,-8.090564727783203
6617,-6.475989818572998
6618,6.07440185546875
6619,-7.296530246734619
6620,-0.16666841506958008
6621,7.595129013061523
6622,-9.138494491577148
6623,-6.409690856933594
6624,6.014642715454102
6625,-7.771505355834961
6626,-0.1204538345336914
6627,8.947002410888672
6628,-7.752687454223633
6629,-7.802092552185059
6630,6.906038284301758
6631,-7.436094284057617
6632,-1.0116868019104004
6633,3.814824104309082
6634,5.689861297607422
6635,-4.002748489379883
6636,3.5333728790283203
6637,5.705596923828125
6638,-4.288377285003662
6639,3.483128547668457
6640,5.646745681762695
6641,-4.288682460784912
6642,3.4296464920043945
6643,5.582763671875
6644,-4.28878927230835
6645,3.5652198791503906
6646,5.750642776489258
6647,-3.61189603805542
6648,3.542923927307129
6649,5.727605819702148
6650,-3.61273193359375
6651,3.5187225341796875
6652,5.70216178894043
6653,-3.6130993366241455
6654,3.2352943420410156
6655,5.057199478149414
6656,-4.905563831329346
6657,3.346424102783203
6658,5.2021636962890625
6659,-1.893343210220337
6660,3.878753662109375
6661,5.284366607666016
6662,-4.1950225830078125
6663,3.9265594482421875
6664,5.317279815673828
6665,-3.3239283561706543
6666,3.5705432891845703
6667,2.9931182861328125
6668,-6.687277793884277
6669,3.7284698486328125
6670,3.127260208129883
6671,0.8424062728881836
6672,4.170489311218262
6673,-0.3941459655761719
6674,-7.116779327392578
6675,4.20326042175293
6676,0.13353824615478516
6677,2.2289416790008545
6678,4.981130599975586
6679,-2.8221092224121094
6680,-6.305742263793945
6681,5.137168884277344
6682,-1.8176794052124023
6683,3.397594690322876
6684,5.15339469909668
6685,-3.2673635482788086
6686,-7.00679874420166
6687,5.356027603149414
6688,-2.0343217849731445
6689,3.9266207218170166
6690,5.205574035644531
6691,-3.1240835189819336
6692,-6.613163948059082
6693,5.413112640380859
6694,-2.100039482116699
6695,3.1880624294281006
6696,5.158882141113281
6697,-3.0035743713378906
6698,-6.1417012214660645
6699,5.335567474365234
6700,-2.028400421142578
6701,2.891308069229126
6702,2.57747745513916
6703,-2.667452812194824
6704,-5.631574630737305
6705,2.828775405883789
6706,-1.968496322631836
6707,0.187485933303833
6708,5.5701141357421875
6709,-3.5977277755737305
6710,-6.74208927154541
6711,5.221853256225586
6712,-2.0856800079345703
6713,-0.8869285583496094
6714,8.182283401489258
6715,-7.556246280670166
6716,-6.880515098571777
6717,6.172548294067383
6718,-4.69826602935791
6719,0.1523442268371582
6720,8.481529235839844
6721,-7.735799789428711
6722,-6.907313346862793
6723,6.232686996459961
6724,-5.531214714050293
6725,0.2023792266845703
6726,9.245811462402344
6727,-5.601279258728027
6728,-8.616913795471191
6729,6.763986587524414
6730,-4.1364850997924805
6731,-0.6039972305297852
6732,3.7185401916503906
6733,5.710222244262695
6734,-4.509690284729004
6735,3.462212562561035
6736,5.714803695678711
6737,-4.884665489196777
6738,3.4178237915039062
6739,5.655548095703125
6740,-4.88190221786499
6741,3.368490219116211
6742,5.591270446777344
6743,-4.881287574768066
6744,3.491072654724121
6745,5.757087707519531
6746,-4.314032554626465
6747,3.4685401916503906
6748,5.732067108154297
6749,-4.322831630706787
6750,3.443338394165039
6751,5.697772979736328
6752,-4.322147369384766
6753,3.1652679443359375
6754,5.073125839233398
6755,-5.463177680969238
6756,3.276203155517578
6757,5.220785140991211
6758,-2.8870534896850586
6759,3.7778587341308594
6760,5.30787467956543
6761,-4.5855913162231445
6762,3.8221912384033203
6763,5.343894958496094
6764,-3.8702211380004883
6765,3.44773006439209
6766,3.0274486541748047
6767,-7.514208793640137
6768,3.706663131713867
6769,3.0029029846191406
6770,0.713127613067627
6771,4.224303245544434
6772,-0.14943504333496094
6773,-8.112822532653809
6774,4.537015914916992
6775,0.7389860153198242
6776,1.663543462753296
6777,5.106639862060547
6778,-2.7131595611572266
6779,-7.325087547302246
6780,6.154523849487305
6781,0.6970491409301758
6782,3.3743202686309814
6783,5.4199981689453125
6784,-3.2852439880371094
6785,-7.839964866638184
6786,6.445396423339844
6787,0.8875751495361328
6788,3.6015446186065674
6789,5.282297134399414
6790,-2.7137556076049805
6791,-6.995393753051758
6792,6.476259231567383
6793,0.9376935958862305
6794,2.653346300125122
6795,5.251197814941406
6796,-2.551088333129883
6797,-7.0396013259887695
6798,6.410261154174805
6799,0.8921175003051758
6800,2.5723769664764404
6801,2.673093795776367
6802,-2.5255584716796875
6803,-5.59206485748291
6804,2.900196075439453
6805,-1.8588409423828125
6806,0.14381814002990723
6807,5.722846984863281
6808,-2.5373029708862305
6809,-6.771158218383789
6810,5.460748672485352
6811,-1.6204605102539062
6812,-0.8803362846374512
6813,8.834127426147461
6814,-5.059165954589844
6815,-6.692080497741699
6816,7.332731246948242
6817,-3.647510528564453
6818,0.1621851921081543
6819,9.183660507202148
6820,-5.842344284057617
6821,-6.713940143585205
6822,7.511730194091797
6823,-4.355312347412109
6824,0.22303462028503418
6825,9.5294189453125
6826,-3.0110349655151367
6827,-8.641743659973145
6828,8.080574035644531
6829,-2.7834157943725586
6830,-0.8801727294921875
6831,3.558185577392578
6832,5.735694885253906
6833,-4.949593544006348
6834,3.3048505783081055
6835,5.722324371337891
6836,-5.324731349945068
6837,3.265676498413086
6838,5.661073684692383
6839,-5.323347091674805
6840,3.2228708267211914
6841,5.592903137207031
6842,-5.323101043701172
6843,3.3279571533203125
6844,5.76264762878418
6845,-4.620141983032227
6846,3.3072681427001953
6847,5.733217239379883
6848,-4.623960494995117
6849,3.2830333709716797
6850,5.69828987121582
6851,-4.623800277709961
6852,3.0539112091064453
6853,5.075473785400391
6854,-6.069144248962402
6855,3.1230106353759766
6856,5.214338302612305
6857,-3.0313191413879395
6858,3.6254711151123047
6859,5.330148696899414
6860,-5.175148010253906
6861,3.672393798828125
6862,5.35986328125
6863,-4.280126094818115
6864,3.361604690551758
6865,3.0188522338867188
6866,-7.703993797302246
6867,3.6043710708618164
6868,2.956064224243164
6869,0.048281192779541016
6870,4.264895439147949
6871,0.08005523681640625
6872,-8.17931079864502
6873,4.690408706665039
6874,1.6371898651123047
6875,2.0988833904266357
6876,5.358869552612305
6877,-1.7924308776855469
6878,-7.412130355834961
6879,6.340457916259766
6880,2.1816234588623047
6881,2.818308115005493
6882,5.908975601196289
6883,-2.355684280395508
6884,-8.108611106872559
6885,6.549524307250977
6886,2.549955368041992
6887,3.3437726497650146
6888,5.8912200927734375
6889,-2.0342559814453125
6890,-7.681002616882324
6891,6.565181732177734
6892,2.621347427368164
6893,2.5707314014434814
6894,5.713462829589844
6895,-1.9164953231811523
6896,-7.225990295410156
6897,6.500957489013672
6898,2.484769821166992
6899,2.464015245437622
6900,2.825275421142578
6901,-2.4969778060913086
6902,-5.544158458709717
6903,2.9016494750976562
6904,-1.9404172897338867
6905,0.10421180725097656
6906,5.995052337646484
6907,-1.8626422882080078
6908,-5.986344337463379
6909,5.10041618347168
6910,-1.7832221984863281
6911,-0.5178821086883545
6912,9.381242752075195
6913,-2.1670751571655273
6914,-6.304183483123779
6915,6.337591171264648
6916,-1.5646238327026367
6917,1.380859136581421
6918,9.755447387695312
6919,-2.411555290222168
6920,-6.288713455200195
6921,6.53618049621582
6922,-1.6963024139404297
6923,1.556910753250122
6924,9.875141143798828
6925,0.5344333648681641
6926,-8.089248657226562
6927,6.514289855957031
6928,-0.38210582733154297
6929,0.3841991424560547
6930,3.397920608520508
6931,5.916742324829102
6932,-7.631638526916504
6933,3.1598386764526367
6934,5.794683456420898
6935,-7.915519714355469
6936,3.130664825439453
6937,5.720970153808594
6938,-7.914599418640137
6939,3.0980377197265625
6940,5.636722564697266
6941,-7.9141340255737305
6942,3.172610282897949
6943,5.85462760925293
6944,-7.221884727478027
6945,3.1542701721191406
6946,5.828399658203125
6947,-7.224825859069824
6948,3.1330060958862305
6949,5.796228408813477
6950,-7.224381446838379
6951,2.971773147583008
6952,5.058465957641602
6953,-8.326236724853516
6954,3.0053272247314453
6955,5.230764389038086
6956,-5.305660724639893
6957,3.5049705505371094
6958,5.515972137451172
6959,-7.76065731048584
6960,3.5311269760131836
6961,5.603401184082031
6962,-6.876702308654785
6963,3.46475887298584
6964,2.901348114013672
6965,-9.16308307647705
6966,3.503260612487793
6967,3.263458251953125
6968,-1.9016557931900024
6969,4.404382705688477
6970,0.05439281463623047
6971,-10.063017845153809
6972,4.6484832763671875
6973,2.337554931640625
6974,1.7236077785491943
6975,5.810827255249023
6976,-1.1074342727661133
6977,-10.328437805175781
6978,6.169343948364258
6979,3.2700767517089844
6980,2.2354915142059326
6981,6.219989776611328
6982,-1.3458051681518555
6983,-11.341968536376953
6984,6.4109039306640625
6985,3.6692428588867188
6986,2.7870428562164307
6987,6.201061248779297
6988,-0.9358396530151367
6989,-11.142288208007812
6990,6.395380020141602
6991,3.7869796752929688
6992,2.0018832683563232
6993,6.071905136108398
6994,-0.8577756881713867
6995,-10.281807899475098
6996,6.331825256347656
6997,3.6874542236328125
6998,1.9477245807647705
6999,3.07601261138916
7000,-2.326962471008301
7001,-5.451403617858887
7002,2.9123268127441406
7003,-1.7149772644042969
7004,0.013063907623291016
7005,6.3512115478515625
7006,-1.4173555374145508
7007,-6.291012287139893
7008,4.354556083679199
7009,-1.6712417602539062
7010,0.7284760475158691
7011,8.656286239624023
7012,0.13068580627441406
7013,-7.207974433898926
7014,5.032539367675781
7015,-1.9305763244628906
7016,3.228576898574829
7017,9.421037673950195
7018,-0.09902572631835938
7019,-7.3459320068359375
7020,5.111051559448242
7021,-1.8997011184692383
7022,3.4259822368621826
7023,9.045135498046875
7024,2.077526092529297
7025,-9.194973945617676
7026,5.327447891235352
7027,-1.6827678680419922
7028,2.7525594234466553
7029,3.261185646057129
7030,5.891651153564453
7031,-9.469399452209473
7032,3.023447036743164
7033,5.707729339599609
7034,-9.83387565612793
7035,2.994913101196289
7036,5.615680694580078
7037,-9.832375526428223
7038,2.9696054458618164
7039,5.5172882080078125
7040,-9.832525253295898
7041,3.0368776321411133
7042,5.806234359741211
7043,-9.190034866333008
7044,3.021010398864746
7045,5.786657333374023
7046,-9.19404125213623
7047,3.0028200149536133
7048,5.760263442993164
7049,-9.193033218383789
7050,2.875835418701172
7051,4.919351577758789
7052,-10.269308090209961
7053,2.8949222564697266
7054,5.184671401977539
7055,-7.421259880065918
7056,3.3842926025390625
7057,5.442756652832031
7058,-9.554656028747559
7059,3.410048484802246
7060,5.570348739624023
7061,-8.719291687011719
7062,3.5188732147216797
7063,2.6925697326660156
7064,-10.296463012695312
7065,3.4738636016845703
7066,3.7239856719970703
7067,-3.936006546020508
7068,4.772356033325195
7069,0.27080821990966797
7070,-10.507651329040527
7071,4.612964630126953
7072,3.804443359375
7073,1.1966729164123535
7074,6.398441314697266
7075,-0.22124290466308594
7076,-10.815836906433105
7077,6.01417350769043
7078,4.809059143066406
7079,4.279675483703613
7080,6.79899787902832
7081,-0.45644569396972656
7082,-11.826616287231445
7083,6.155784606933594
7084,5.284084320068359
7085,5.211101531982422
7086,6.769535064697266
7087,0.025625228881835938
7088,-11.724475860595703
7089,6.183324813842773
7090,5.318883895874023
7091,4.361132621765137
7092,6.634973526000977
7093,0.08621025085449219
7094,-10.818702697753906
7095,6.135623931884766
7096,5.070619583129883
7097,4.098165512084961
7098,3.2485227584838867
7099,-2.316250801086426
7100,-5.166292667388916
7101,3.0493698120117188
7102,-1.194997787475586
7103,-0.27238893508911133
7104,6.223518371582031
7105,-1.1786298751831055
7106,-6.075494766235352
7107,4.773706436157227
7108,0.31849098205566406
7109,0.39330267906188965
7110,8.500831604003906
7111,0.2418966293334961
7112,-6.606419563293457
7113,6.1652374267578125
7114,1.4236087799072266
7115,2.6409456729888916
7116,8.900606155395508
7117,0.11505126953125
7118,-6.617733955383301
7119,6.454931259155273
7120,1.4505691528320312
7121,2.83864426612854
7122,9.014087677001953
7123,3.0446510314941406
7124,-8.469147682189941
7125,6.080043792724609
7126,2.6526126861572266
7127,2.3250062465667725
7128,3.185906410217285
7129,5.816690444946289
7130,-9.491589546203613
7131,2.944430351257324
7132,5.620800018310547
7133,-9.84597110748291
7134,2.9218826293945312
7135,5.522115707397461
7136,-9.845392227172852
7137,2.89778995513916
7138,5.416574478149414
7139,-9.846811294555664
7140,2.9450340270996094
7141,5.742362976074219
7142,-9.28339672088623
7143,2.9263439178466797
7144,5.731021881103516
7145,-9.286972999572754
7146,2.9060211181640625
7147,5.71380615234375
7148,-9.286410331726074
7149,2.83673095703125
7150,4.804548263549805
7151,-10.224174499511719
7152,2.848114013671875
7153,5.158716201782227
7154,-7.688032150268555
7155,3.3254165649414062
7156,5.3985748291015625
7157,-9.53581428527832
7158,3.3403491973876953
7159,5.556324005126953
7160,-8.800444602966309
7161,3.6140308380126953
7162,2.640165328979492
7163,-10.191018104553223
7164,3.4346466064453125
7165,4.136774063110352
7166,-4.580222129821777
7167,5.241044998168945
7168,0.631220817565918
7169,-10.273944854736328
7170,4.683383941650391
7171,4.604888916015625
7172,-1.0206879377365112
7173,6.790546417236328
7174,1.5543689727783203
7175,-10.793070793151855
7176,5.735866546630859
7177,5.789989471435547
7178,1.909583330154419
7179,7.125087738037109
7180,1.6598358154296875
7181,-12.013422012329102
7182,5.839973449707031
7183,6.282276153564453
7184,2.500408887863159
7185,7.013463973999023
7186,2.097911834716797
7187,-11.809499740600586
7188,5.875177383422852
7189,6.315620422363281
7190,1.3635308742523193
7191,6.927331924438477
7192,2.009857177734375
7193,-10.779762268066406
7194,5.834360122680664
7195,5.937286376953125
7196,1.6659257411956787
7197,3.4160070419311523
7198,-2.298306465148926
7199,-4.832271575927734
7200,3.250800132751465
7201,-0.8068313598632812
7202,-0.6097936630249023
7203,6.010578155517578
7204,-2.08730411529541
7205,-5.282718658447266
7206,4.47894287109375
7207,0.18108558654785156
7208,1.734830617904663
7209,6.446506500244141
7210,-0.6523885726928711
7211,-1.5200377702713013
7212,5.791830062866211
7213,0.21627044677734375
7214,4.409726142883301
7215,6.684108734130859
7216,-0.4619178771972656
7217,-1.0490292310714722
7218,6.0070037841796875
7219,0.11956596374511719
7220,4.702349662780762
7221,6.987432479858398
7222,0.5972604751586914
7223,-0.6759374141693115
7224,5.919742584228516
7225,0.9026727676391602
7226,4.77628231048584
7227,2.988347053527832
7228,5.76695442199707
7229,-9.153182029724121
7230,2.7758970260620117
7231,5.564268112182617
7232,-9.437505722045898
7233,2.770174980163574
7234,5.464740753173828
7235,-9.437010765075684
7236,2.764071464538574
7237,5.3557281494140625
7238,-9.43857192993164
7239,2.753605842590332
7240,5.6888580322265625
7241,-8.844877243041992
7242,2.7348289489746094
7243,5.678865432739258
7244,-8.847594261169434
7245,2.7162656784057617
7246,5.663656234741211
7247,-8.84615421295166
7248,2.787229537963867
7249,4.724618911743164
7250,-9.707114219665527
7251,2.7259044647216797
7252,5.118659973144531
7253,-7.029849052429199
7254,3.17586612701416
7255,5.384029388427734
7256,-9.167227745056152
7257,3.159602165222168
7258,5.565317153930664
7259,-8.390082359313965
7260,3.6641645431518555
7261,2.63494873046875
7262,-9.935529708862305
7263,3.3450584411621094
7264,4.1173858642578125
7265,-3.905935764312744
7266,5.550563812255859
7267,1.197286605834961
7268,-10.476519584655762
7269,4.61810302734375
7270,4.929012298583984
7271,-1.2603328227996826
7272,6.735725402832031
7273,3.078838348388672
7274,-11.544923782348633
7275,5.689807891845703
7276,6.528654098510742
7277,0.034876108169555664
7278,7.033660888671875
7279,3.4458961486816406
7280,-12.835291862487793
7281,5.498991012573242
7282,7.360027313232422
7283,0.5370652675628662
7284,6.892812728881836
7285,3.9126758575439453
7286,-12.459061622619629
7287,5.523853302001953
7288,7.358573913574219
7289,-0.3618800640106201
7290,6.7908935546875
7291,3.7552261352539062
7292,-11.483892440795898
7293,5.604160308837891
7294,6.961799621582031
7295,-0.2092432975769043
7296,3.797657012939453
7297,-2.2029008865356445
7298,-4.882144927978516
7299,3.445486068725586
7300,-0.7759256362915039
7301,-0.5616252422332764
7302,6.062915802001953
7303,-0.6386375427246094
7304,-5.798892021179199
7305,4.223720550537109
7306,-0.6984233856201172
7307,2.470827341079712
7308,7.01439094543457
7309,2.203470230102539
7310,-3.720055341720581
7311,5.60748291015625
7312,-0.9248323440551758
7313,5.782054901123047
7314,7.226692199707031
7315,2.3391952514648438
7316,-3.472259759902954
7317,5.590547561645508
7318,-0.3723001480102539
7319,6.15195369720459
7320,7.179450988769531
7321,4.173948287963867
7322,-4.3004631996154785
7323,5.540805816650391
7324,-1.8368597030639648
7325,6.312710762023926
7326,2.892629623413086
7327,5.736406326293945
7328,-8.581975936889648
7329,2.6948699951171875
7330,5.509159088134766
7331,-8.87810230255127
7332,2.697244644165039
7333,5.411890029907227
7334,-8.876840591430664
7335,2.702115058898926
7336,5.298469543457031
7337,-8.877039909362793
7338,2.6591386795043945
7339,5.633317947387695
7340,-8.307867050170898
7341,2.637944221496582
7342,5.623159408569336
7343,-8.310222625732422
7344,2.6152353286743164
7345,5.607879638671875
7346,-8.308645248413086
7347,2.7640037536621094
7348,4.683986663818359
7349,-9.262231826782227
7350,2.635146141052246
7351,5.063224792480469
7352,-6.691537857055664
7353,3.1137800216674805
7354,5.352359771728516
7355,-8.645455360412598
7356,3.0650224685668945
7357,5.566740036010742
7358,-7.901284217834473
7359,3.7074356079101562
7360,2.5426292419433594
7361,-9.576900482177734
7362,3.2826623916625977
7363,4.133781433105469
7364,-4.023501396179199
7365,5.72900390625
7366,2.268301010131836
7367,-10.15346908569336
7368,4.570302963256836
7369,5.5538177490234375
7370,-2.604534864425659
7371,6.587398529052734
7372,4.784780502319336
7373,-11.068680763244629
7374,5.046918869018555
7375,7.760810852050781
7376,-2.9103150367736816
7377,6.835857391357422
7378,5.249414443969727
7379,-12.232182502746582
7380,4.771390914916992
7381,8.28531265258789
7382,-2.7719502449035645
7383,6.646581649780273
7384,5.664848327636719
7385,-11.894861221313477
7386,4.748111724853516
7387,8.319814682006836
7388,-3.42539119720459
7389,6.549072265625
7390,5.388050079345703
7391,-11.00761604309082
7392,4.884271621704102
7393,8.111883163452148
7394,-3.1429193019866943
7395,4.160224914550781
7396,-2.1335248947143555
7397,-4.6815924644470215
7398,3.632457733154297
7399,-0.9321870803833008
7400,-0.761683464050293
7401,5.754327774047852
7402,0.4104461669921875
7403,-6.9434099197387695
7404,4.384028434753418
7405,0.16328811645507812
7406,1.8263661861419678
7407,7.243568420410156
7408,4.194766998291016
7409,-9.04326343536377
7410,5.478933334350586
7411,1.511587142944336
7412,4.2696123123168945
7413,7.622079849243164
7414,4.375982284545898
7415,-9.280826568603516
7416,5.681619644165039
7417,1.6803398132324219
7418,4.512262344360352
7419,7.247659683227539
7420,6.750064849853516
7421,-11.591766357421875
7422,5.298835754394531
7423,2.21875
7424,3.9322798252105713
7425,2.810213088989258
7426,5.704412460327148
7427,-8.148975372314453
7428,2.633975028991699
7429,5.473276138305664
7430,-8.549656867980957
7431,2.6510677337646484
7432,5.370811462402344
7433,-8.547719955444336
7434,2.666937828063965
7435,5.262981414794922
7436,-8.547530174255371
7437,2.5740442276000977
7438,5.57661247253418
7439,-7.907526016235352
7440,2.5421314239501953
7441,5.561521530151367
7442,-7.909069061279297
7443,2.511721611022949
7444,5.542734146118164
7445,-7.906912803649902
7446,2.76633358001709
7447,4.647245407104492
7448,-9.282458305358887
7449,2.5685691833496094
7450,4.9886016845703125
7451,-6.332396984100342
7452,3.043252944946289
7453,5.373119354248047
7454,-8.304442405700684
7455,2.9592294692993164
7456,5.585914611816406
7457,-7.462048530578613
7458,3.8539180755615234
7459,2.783140182495117
7460,-9.517242431640625
7461,3.264772415161133
7462,4.089784622192383
7463,-3.689607620239258
7464,5.721578598022461
7465,3.5881595611572266
7466,-10.149092674255371
7467,4.384778022766113
7468,5.909858703613281
7469,-1.6189168691635132
7470,6.561971664428711
7471,6.528705596923828
7472,-10.897284507751465
7473,4.26271915435791
7474,8.315744400024414
7475,-1.362302541732788
7476,6.290124893188477
7477,7.264226913452148
7478,-12.052494049072266
7479,3.9412031173706055
7480,8.713258743286133
7481,-1.1418704986572266
7482,5.8808135986328125
7483,7.512868881225586
7484,-11.806976318359375
7485,3.9622068405151367
7486,8.70517349243164
7487,-1.8814177513122559
7488,5.875225067138672
7489,7.28797721862793
7490,-10.884238243103027
7491,4.092062950134277
7492,8.535314559936523
7493,-1.6336325407028198
7494,4.718954086303711
7495,-1.9474258422851562
7496,-4.6867194175720215
7497,3.9496660232543945
7498,-1.0085248947143555
7499,-0.7573460340499878
7500,6.426383972167969
7501,1.4314632415771484
7502,-5.5750322341918945
7503,5.024295806884766
7504,2.0301132202148438
7505,-0.5761942863464355
7506,7.649250030517578
7507,5.693868637084961
7508,-5.3431267738342285
7509,6.506654739379883
7510,5.970300674438477
7511,0.3280644416809082
7512,7.938259124755859
7513,6.268030166625977
7514,-5.377882957458496
7515,6.870311737060547
7516,6.412679672241211
7517,0.3898963928222656
7518,7.394979476928711
7519,7.628938674926758
7520,-8.318211555480957
7521,6.200872421264648
7522,7.679039001464844
7523,-1.2456281185150146
7524,2.7538070678710938
7525,5.661556243896484
7526,-8.34119701385498
7527,2.5838708877563477
7528,5.415134429931641
7529,-8.876503944396973
7530,2.607236862182617
7531,5.320291519165039
7532,-8.874754905700684
7533,2.636138916015625
7534,5.219669342041016
7535,-8.87482738494873
7536,2.5092105865478516
7537,5.508655548095703
7538,-8.167614936828613
7539,2.485231399536133
7540,5.492883682250977
7541,-8.168689727783203
7542,2.471118927001953
7543,5.481391906738281
7544,-8.166305541992188
7545,2.8500185012817383
7546,4.639127731323242
7547,-9.965084075927734
7548,2.577906608581543
7549,4.952581405639648
7550,-6.698211669921875
7551,3.032562255859375
7552,5.399343490600586
7553,-8.603854179382324
7554,2.9096603393554688
7555,5.565486907958984
7556,-7.668401718139648
7557,4.224576950073242
7558,3.5367660522460938
7559,-9.987159729003906
7560,3.332402229309082
7561,4.282890319824219
7562,-4.3003435134887695
7563,5.48625373840332
7564,5.550371170043945
7565,-10.875039100646973
7566,4.036473274230957
7567,6.210474014282227
7568,-3.807748317718506
7569,4.766139984130859
7570,8.074220657348633
7571,-11.708209037780762
7572,3.643848419189453
7573,8.51597785949707
7574,-6.079291343688965
7575,4.451974868774414
7576,8.625499725341797
7577,-12.965977668762207
7578,3.2410736083984375
7579,8.867338180541992
7580,-6.265999794006348
7581,4.098773956298828
7582,8.550762176513672
7583,-12.80666446685791
7584,3.24503231048584
7585,8.834329605102539
7586,-6.984536170959473
7587,4.205194473266602
7588,8.350688934326172
7589,-11.740107536315918
7590,3.438840866088867
7591,8.68351936340332
7592,-6.422013282775879
7593,5.447729110717773
7594,-0.5729255676269531
7595,-4.630072593688965
7596,4.560831069946289
7597,-0.4118623733520508
7598,-0.8144404888153076
7599,6.752643585205078
7600,2.7110977172851562
7601,-5.847825050354004
7602,5.323162078857422
7603,3.2201709747314453
7604,-1.7136001586914062
7605,7.292448043823242
7606,7.771799087524414
7607,-5.347435474395752
7608,6.389575958251953
7609,8.207914352416992
7610,-1.0290989875793457
7611,7.620990753173828
7612,9.589426040649414
7613,-5.362066268920898
7614,6.667226791381836
7615,8.739709854125977
7616,-1.003283143043518
7617,6.8396453857421875
7618,9.648971557617188
7619,-7.708306312561035
7620,6.029827117919922
7621,10.16342544555664
7622,-2.7666823863983154
7623,2.6804351806640625
7624,5.642589569091797
7625,-9.038021087646484
7626,2.5878829956054688
7627,5.373935699462891
7628,-9.544116973876953
7629,2.6125030517578125
7630,5.284702301025391
7631,-9.542479515075684
7632,2.670041084289551
7633,5.189462661743164
7634,-9.542622566223145
7635,2.485611915588379
7636,5.472175598144531
7637,-8.9339017868042
7638,2.463986396789551
7639,5.463077545166016
7640,-8.93598461151123
7641,2.44832706451416
7642,5.456850051879883
7643,-8.934081077575684
7644,2.954313278198242
7645,4.607362747192383
7646,-10.311633110046387
7647,2.6052732467651367
7648,4.9249267578125
7649,-7.49820613861084
7650,3.011570930480957
7651,5.529170989990234
7652,-9.172511100769043
7653,2.878994941711426
7654,5.586797714233398
7655,-8.362658500671387
7656,4.363161087036133
7657,4.458627700805664
7658,-10.3477783203125
7659,3.3596067428588867
7660,4.52838134765625
7661,-4.731437683105469
7662,5.20313835144043
7663,6.994235992431641
7664,-11.12746524810791
7665,3.861074447631836
7666,6.632509231567383
7667,-4.635447025299072
7668,3.618206024169922
7669,8.62141227722168
7670,-11.764057159423828
7671,3.0983943939208984
7672,8.518455505371094
7673,-7.464268684387207
7674,3.3178415298461914
7675,8.861650466918945
7676,-12.956334114074707
7677,2.7618579864501953
7678,8.655109405517578
7679,-7.757638931274414
7680,3.067671775817871
7681,8.824178695678711
7682,-12.89847469329834
7683,2.754584312438965
7684,8.670623779296875
7685,-8.410441398620605
7686,3.3674163818359375
7687,8.596691131591797
7688,-11.820828437805176
7689,2.9356298446655273
7690,8.627628326416016
7691,-7.799123764038086
7692,6.048208236694336
7693,0.575596809387207
7694,-4.71607780456543
7695,5.200494766235352
7696,0.2138967514038086
7697,-0.7291001081466675
7698,6.741146087646484
7699,4.929468154907227
7700,-5.983502388000488
7701,5.954322814941406
7702,4.71204948425293
7703,-2.2560620307922363
7704,7.565174102783203
7705,10.037723541259766
7706,-5.563859939575195
7707,7.308172225952148
7708,9.579059600830078
7709,-1.4366817474365234
7710,7.889081954956055
7711,10.582073211669922
7712,-5.612751007080078
7713,7.718225479125977
7714,10.114400863647461
7715,-1.409300446510315
7716,6.837825775146484
7717,10.966899871826172
7718,-7.980961799621582
7719,6.81403923034668
7720,11.31669807434082
7721,-3.3026251792907715
7722,2.7393646240234375
7723,5.582742691040039
7724,-5.1904296875
7725,2.6101760864257812
7726,5.248434066772461
7727,-5.559286117553711
7728,2.6515655517578125
7729,5.149658203125
7730,-5.557456016540527
7731,2.6837568283081055
7732,5.077739715576172
7733,-5.556457042694092
7734,2.56976318359375
7735,5.272941589355469
7736,-4.974203109741211
7737,2.5620651245117188
7738,5.236055374145508
7739,-4.974996566772461
7740,2.5569868087768555
7741,5.210657119750977
7742,-4.973320007324219
7743,2.9814605712890625
7744,4.589298248291016
7745,-6.266095161437988
7746,2.756124496459961
7747,4.765625
7748,-3.5839524269104004
7749,3.052064895629883
7750,5.429573059082031
7751,-5.380184173583984
7752,2.9606447219848633
7753,5.481403350830078
7754,-4.600225448608398
7755,4.299006462097168
7756,4.949750900268555
7757,-7.176908493041992
7758,3.5076522827148438
7759,4.545442581176758
7760,-1.5515707731246948
7761,4.307373046875
7762,7.307155609130859
7763,-8.73857593536377
7764,3.8452301025390625
7765,6.64276123046875
7766,-0.8850874900817871
7767,2.929655075073242
7768,8.326610565185547
7769,-9.387468338012695
7770,2.822254180908203
7771,8.015003204345703
7772,-4.314700603485107
7773,2.5195817947387695
7774,8.465866088867188
7775,-10.364605903625488
7776,2.482419013977051
7777,8.083002090454102
7778,-3.4957003593444824
7779,2.4075403213500977
7780,8.296001434326172
7781,-10.210497856140137
7782,2.451035499572754
7783,8.122873306274414
7784,-4.5225324630737305
7785,2.601656913757324
7786,8.290008544921875
7787,-9.408896446228027
7788,2.6519699096679688
7789,8.139156341552734
7790,-4.531721115112305
7791,6.565492630004883
7792,0.6269588470458984
7793,-4.757112503051758
7794,6.103296279907227
7795,0.290771484375
7796,-0.688143253326416
7797,6.741771697998047
7798,5.368215560913086
7799,-5.589388847351074
7800,6.329566955566406
7801,4.495161056518555
7802,-1.3889131546020508
7803,7.353115081787109
7804,9.91861343383789
7805,-5.399864196777344
7806,7.094545364379883
7807,8.834943771362305
7808,-0.2994871139526367
7809,7.672433853149414
7810,10.42416763305664
7811,-5.4315643310546875
7812,7.3826141357421875
7813,9.507257461547852
7814,-0.2757117748260498
7815,6.577709197998047
7816,10.820764541625977
7817,-7.085119247436523
7818,6.585346221923828
7819,10.379098892211914
7820,-1.5613136291503906
7821,2.748135566711426
7822,5.571096420288086
7823,-5.32127571105957
7824,2.6481266021728516
7825,5.145172119140625
7826,-5.723227500915527
7827,2.6671085357666016
7828,5.06553840637207
7829,-5.72144889831543
7830,2.6817626953125
7831,5.007083892822266
7832,-5.720624923706055
7833,2.6264724731445312
7834,5.150230407714844
7835,-5.063211917877197
7836,2.625783920288086
7837,5.105411529541016
7838,-5.064121723175049
7839,2.623821258544922
7840,5.068273544311523
7841,-5.062171936035156
7842,2.9746809005737305
7843,4.5783233642578125
7844,-6.593040466308594
7845,2.8427467346191406
7846,4.680736541748047
7847,-3.578752279281616
7848,2.9867706298828125
7849,5.365194320678711
7850,-5.596109390258789
7851,2.9519224166870117
7852,5.407094955444336
7853,-4.720736980438232
7854,4.2565202713012695
7855,4.977165222167969
7856,-7.686004638671875
7857,3.6491832733154297
7858,4.593252182006836
7859,-1.3886078596115112
7860,3.8628110885620117
7861,7.658740997314453
7862,-8.98289680480957
7863,3.7080583572387695
7864,7.151582717895508
7865,-0.12729811668395996
7866,2.2999534606933594
7867,7.713039398193359
7868,-8.863606452941895
7869,2.427051544189453
7870,7.415668487548828
7871,-2.5346970558166504
7872,1.9448881149291992
7873,7.7832489013671875
7874,-9.74914836883545
7875,2.0273094177246094
7876,7.33796501159668
7877,-2.1122937202453613
7878,1.8738985061645508
7879,7.5124053955078125
7880,-9.553048133850098
7881,1.980240821838379
7882,7.283664703369141
7883,-1.976987361907959
7884,2.0643739700317383
7885,7.4580078125
7886,-8.843745231628418
7887,2.088136672973633
7888,7.257009506225586
7889,-2.4761154651641846
7890,7.124897003173828
7891,1.6007022857666016
7892,-4.887899398803711
7893,6.5869903564453125
7894,1.021254539489746
7895,-0.5615460872650146
7896,6.265842437744141
7897,6.492412567138672
7898,-5.607428550720215
7899,5.980281829833984
7900,5.690692901611328
7901,-0.8016453981399536
7902,7.560461044311523
7903,10.220624923706055
7904,-5.26356315612793
7905,7.114072799682617
7906,9.52553939819336
7907,0.3834505081176758
7908,7.940883636474609
7909,10.62714958190918
7910,-5.290642738342285
7911,7.7649993896484375
7912,10.410955429077148
7913,0.40749573707580566
7914,6.5767669677734375
7915,11.115161895751953
7916,-6.806017875671387
7917,6.60429573059082
7918,10.824892044067383
7919,-0.628547191619873
7920,2.788254737854004
7921,5.113862991333008
7922,-6.032796859741211
7923,2.728024482727051
7924,4.654212951660156
7925,-6.4107561111450195
7926,2.750246047973633
7927,4.601812362670898
7928,-6.409423351287842
7929,2.771559715270996
7930,4.562461853027344
7931,-6.409092903137207
7932,2.7010326385498047
7933,4.627079010009766
7934,-5.748746871948242
7935,2.703619956970215
7936,4.56610107421875
7937,-5.750009536743164
7938,2.7069358825683594
7939,4.51207160949707
7940,-5.748610496520996
7941,3.0387449264526367
7942,4.241153717041016
7943,-7.1215667724609375
7944,2.9155521392822266
7945,4.236915588378906
7946,-4.139796733856201
7947,3.048233985900879
7948,5.227384567260742
7949,-6.246538162231445
7950,3.013278007507324
7951,5.19282341003418
7952,-5.376120567321777
7953,4.351579666137695
7954,4.990118026733398
7955,-8.049864768981934
7956,3.684722900390625
7957,4.458627700805664
7958,-1.781996726989746
7959,3.7920007705688477
7960,7.361661911010742
7961,-9.09991455078125
7962,3.3447084426879883
7963,6.887958526611328
7964,-1.1183370351791382
7965,2.4097681045532227
7966,7.229057312011719
7967,-9.245821952819824
7968,2.0669660568237305
7969,6.921558380126953
7970,-2.8286783695220947
7971,1.8672266006469727
7972,7.240257263183594
7973,-10.391283988952637
7974,1.6517982482910156
7975,6.915462493896484
7976,-2.6608471870422363
7977,1.857656478881836
7978,6.923091888427734
7979,-10.139878273010254
7980,1.5826873779296875
7981,6.756172180175781
7982,-3.1589298248291016
7983,2.0105056762695312
7984,6.941230773925781
7985,-9.282288551330566
7986,1.7059612274169922
7987,6.782075881958008
7988,-3.042243242263794
7989,7.423286437988281
7990,2.3047523498535156
7991,-4.897843360900879
7992,6.732561111450195
7993,1.908426284790039
7994,-0.5515332221984863
7995,5.988914489746094
7996,6.476970672607422
7997,-5.538429260253906
7998,5.666349411010742
7999,6.054069519042969
8000,-0.797513484954834
8001,7.584131240844727
8002,10.168085098266602
8003,-4.80839729309082
8004,7.378583908081055
8005,9.820629119873047
8006,0.446331262588501
8007,8.039905548095703
8008,10.696342468261719
8009,-4.82684326171875
8010,7.824209213256836
8011,10.314956665039062
8012,0.45157313346862793
8013,6.640399932861328
8014,11.238937377929688
8015,-6.1309967041015625
8016,6.63079833984375
8017,10.951108932495117
8018,-0.3824591636657715
8019,2.8892822265625
8020,4.886163711547852
8021,-4.5041279792785645
8022,2.7957725524902344
8023,4.431522369384766
8024,-4.897442817687988
8025,2.8139076232910156
8026,4.378084182739258
8027,-4.896758079528809
8028,2.8322200775146484
8029,4.329502105712891
8030,-4.896921157836914
8031,2.7730417251586914
8032,4.418560028076172
8033,-4.15553092956543
8034,2.7751760482788086
8035,4.362297058105469
8036,-4.155572891235352
8037,2.7778024673461914
8038,4.307672500610352
8039,-4.1540846824646
8040,3.079054832458496
8041,4.0080718994140625
8042,-5.952034950256348
8043,2.968684196472168
8044,4.033378601074219
8045,-2.545245409011841
8046,3.1446075439453125
8047,5.08329963684082
8048,-4.864640712738037
8049,3.110684394836426
8050,5.038871765136719
8051,-3.8742876052856445
8052,4.344916343688965
8053,4.624090194702148
8054,-7.154961585998535
8055,3.8016223907470703
8056,4.326040267944336
8057,-0.5018391609191895
8058,3.6800670623779297
8059,6.862735748291016
8060,-8.745009422302246
8061,3.304022789001465
8062,6.892446517944336
8063,0.3961789608001709
8064,2.1568403244018555
8065,6.4941864013671875
8066,-8.723185539245605
8067,1.8276233673095703
8068,6.306116104125977
8069,-1.8393688201904297
8070,1.6956911087036133
8071,6.497381210327148
8072,-9.826607704162598
8073,1.4134521484375
8074,6.254289627075195
8075,-1.450435996055603
8076,1.6332731246948242
8077,6.185096740722656
8078,-9.436457633972168
8079,1.353459358215332
8080,6.064971923828125
8081,-2.2967283725738525
8082,1.9070758819580078
8083,6.1676025390625
8084,-8.66950511932373
8085,1.4669294357299805
8086,6.0818328857421875
8087,-2.1153807640075684
8088,7.632577896118164
8089,2.8409900665283203
8090,-5.077119827270508
8091,7.158254623413086
8092,2.609464645385742
8093,-0.37256622314453125
8094,5.825328826904297
8095,6.445981979370117
8096,-5.746360778808594
8097,5.5392913818359375
8098,6.353387832641602
8099,-0.38997912406921387
8100,7.576778411865234
8101,10.209524154663086
8102,-4.98493766784668
8103,7.425117492675781
8104,9.938528060913086
8105,0.5769901275634766
8106,8.085981369018555
8107,10.631240844726562
8108,-4.9711713790893555
8109,7.878000259399414
8110,10.352977752685547
8111,0.5626771450042725
8112,6.649299621582031
8113,11.297203063964844
8114,-6.2569098472595215
8115,6.622753143310547
8116,10.921186447143555
8117,-0.19075703620910645
8118,2.9036083221435547
8119,4.594602584838867
8120,-4.681126594543457
8121,2.850796699523926
8122,4.145008087158203
8123,-5.110075950622559
8124,2.873401641845703
8125,4.097774505615234
8126,-5.108745574951172
8127,2.892991065979004
8128,4.054656982421875
8129,-5.109163284301758
8130,2.829352378845215
8131,4.128984451293945
8132,-4.362358570098877
8133,2.834442138671875
8134,4.078540802001953
8135,-4.362125396728516
8136,2.8390684127807617
8137,4.030261993408203
8138,-4.359821796417236
8139,3.0893430709838867
8140,3.8118019104003906
8141,-6.1028242111206055
8142,2.995969772338867
8143,3.767881393432617
8144,-2.6572329998016357
8145,3.1349849700927734
8146,4.854923248291016
8147,-5.016627788543701
8148,3.112905502319336
8149,4.781658172607422
8150,-4.017682075500488
8151,4.327203750610352
8152,4.630638122558594
8153,-7.259665489196777
8154,3.9904165267944336
8155,4.175392150878906
8156,-0.2616713047027588
8157,3.4292678833007812
8158,7.072368621826172
8159,-8.450291633605957
8160,3.2581138610839844
8161,6.608442306518555
8162,1.083089828491211
8163,1.9941825866699219
8164,6.190500259399414
8165,-7.035341262817383
8166,1.8302021026611328
8167,5.787473678588867
8168,-0.2987706661224365
8169,1.5890932083129883
8170,5.8976898193359375
8171,-7.930917739868164
8172,1.4874982833862305
8173,5.66734504699707
8174,-0.019107341766357422
8175,1.576028823852539
8176,5.621147155761719
8177,-7.52961540222168
8178,1.4587764739990234
8179,5.468097686767578
8180,-0.37738895416259766
8181,1.8049383163452148
8182,5.69482421875
8183,-6.928546905517578
8184,1.561422348022461
8185,5.5118560791015625
8186,-0.4996781349182129
8187,7.750368118286133
8188,3.5778980255126953
8189,-5.245087623596191
8190,7.419332504272461
8191,3.080087661743164
8192,-0.2059011459350586
8193,5.697612762451172
8194,6.637235641479492
8195,-5.722618103027344
8196,5.515169143676758
8197,6.217531204223633
8198,0.4691917896270752
8199,7.560834884643555
8200,10.232316970825195
8201,-4.532168865203857
8202,7.425724029541016
8203,10.033636093139648
8204,0.9760966300964355
8205,8.092126846313477
8206,10.660846710205078
8207,-4.48613977432251
8208,7.879066467285156
8209,10.459909439086914
8210,0.7786424160003662
8211,6.757257461547852
8212,11.218435287475586
8213,-5.454798221588135
8214,6.739423751831055
8215,11.03346061706543
8216,0.31920552253723145
8217,3.004528045654297
8218,4.289813995361328
8219,-4.612858295440674
8220,2.921018600463867
8221,3.8705902099609375
8222,-5.074894905090332
8223,2.934429168701172
8224,3.8212127685546875
8225,-5.073960304260254
8226,2.9414758682250977
8227,3.7673683166503906
8228,-5.074955463409424
8229,2.902754783630371
8230,3.870668411254883
8231,-4.272003173828125
8232,2.9016847610473633
8233,3.8259925842285156
8234,-4.271823406219482
8235,2.8993453979492188
8236,3.776611328125
8237,-4.269992828369141
8238,3.2203197479248047
8239,3.4940414428710938
8240,-6.1324872970581055
8241,3.1161842346191406
8242,3.477245330810547
8243,-2.4463138580322266
8244,3.2212114334106445
8245,4.526487350463867
8246,-4.975951671600342
8247,3.201662063598633
8248,4.499919891357422
8249,-3.9049251079559326
8250,4.443243026733398
8251,4.365503311157227
8252,-7.265798568725586
8253,4.228769302368164
8254,4.077142715454102
8255,-0.05466771125793457
8256,3.561394691467285
8257,6.673307418823242
8258,-8.438362121582031
8259,3.2807321548461914
8260,6.182529449462891
8261,1.0444295406341553
8262,1.9662590026855469
8263,5.68848991394043
8264,-7.026577949523926
8265,1.9604177474975586
8266,5.427999496459961
8267,-0.4587235450744629
8268,1.521845817565918
8269,5.381174087524414
8270,-7.996870994567871
8271,1.5859003067016602
8272,5.235298156738281
8273,-0.38414645195007324
8274,1.6193695068359375
8275,5.119955062866211
8276,-7.679414749145508
8277,1.5886659622192383
8278,5.05181884765625
8279,-0.5624239444732666
8280,1.8210391998291016
8281,5.185674667358398
8282,-6.959381103515625
8283,1.7032365798950195
8284,5.110754013061523
8285,-0.6437914371490479
8286,7.928905487060547
8287,3.8812618255615234
8288,-5.363864421844482
8289,7.641181945800781
8290,3.494138717651367
8291,-0.08504748344421387
8292,5.6154327392578125
8293,6.628810882568359
8294,-5.730624198913574
8295,5.471057891845703
8296,6.2646636962890625
8297,1.0423564910888672
8298,7.588018417358398
8299,10.212141036987305
8300,-4.782055854797363
8301,7.431247711181641
8302,9.86155891418457
8303,2.2411129474639893
8304,8.104681015014648
8305,10.676525115966797
8306,-4.729911804199219
8307,7.877340316772461
8308,10.420246124267578
8309,2.243441343307495
8310,6.687381744384766
8311,11.253089904785156
8312,-5.782680511474609
8313,6.63653564453125
8314,11.019847869873047
8315,1.8141605854034424
8316,3.036688804626465
8317,3.824859619140625
8318,-4.735771179199219
8319,2.965120315551758
8320,3.3859939575195312
8321,-5.1951141357421875
8322,2.97420597076416
8323,3.330352783203125
8324,-5.194305419921875
8325,2.971628189086914
8326,3.2640953063964844
8327,-5.195469856262207
8328,2.9473581314086914
8329,3.3846664428710938
8330,-4.373715877532959
8331,2.944978713989258
8332,3.336925506591797
8333,-4.373826503753662
8334,2.9403467178344727
8335,3.2839317321777344
8336,-4.372629165649414
8337,3.32979679107666
8338,2.9332523345947266
8339,-6.162847518920898
8340,3.1821699142456055
8341,2.9872608184814453
8342,-2.4072964191436768
8343,3.248641014099121
8344,4.045797348022461
8345,-5.063991069793701
8346,3.234132766723633
8347,4.047983169555664
8348,-3.975431203842163
8349,4.561979293823242
8350,4.151193618774414
8351,-7.369179725646973
8352,4.284574508666992
8353,3.987152099609375
8354,-0.0055997371673583984
8355,3.755152702331543
8356,6.091520309448242
8357,-8.110516548156738
8358,3.344045639038086
8359,5.800148010253906
8360,0.844412088394165
8361,2.329256057739258
8362,5.500118255615234
8363,-5.935063362121582
8364,2.126664161682129
8365,5.154024124145508
8366,-1.278298258781433
8367,1.7971525192260742
8368,5.155029296875
8369,-6.810992240905762
8370,1.7112560272216797
8371,4.9474334716796875
8372,-1.402392864227295
8373,1.7785491943359375
8374,4.759990692138672
8375,-6.671605110168457
8376,1.7309818267822266
8377,4.801563262939453
8378,-1.6565660238265991
8379,2.044078826904297
8380,4.9267425537109375
8381,-5.911689758300781
8382,1.8601703643798828
8383,4.832401275634766
8384,-1.4921681880950928
8385,8.023307800292969
8386,4.142845153808594
8387,-5.391820907592773
8388,7.674400329589844
8389,3.7763614654541016
8390,-0.05612802505493164
8391,5.573814392089844
8392,6.655981063842773
8393,-5.758694171905518
8394,5.400014877319336
8395,6.269889831542969
8396,1.4458634853363037
8397,7.536571502685547
8398,9.921056747436523
8399,-4.881561279296875
8400,7.332160949707031
8401,9.639854431152344
8402,3.1936237812042236
8403,8.069931030273438
8404,10.499685287475586
8405,-4.820449352264404
8406,7.769512176513672
8407,10.144783020019531
8408,3.303999662399292
8409,6.656055450439453
8410,11.282417297363281
8411,-5.6895751953125
8412,6.5210723876953125
8413,11.005607604980469
8414,2.976951837539673
8415,3.0803489685058594
8416,3.578533172607422
8417,-4.6558122634887695
8418,3.01080322265625
8419,3.1461029052734375
8420,-5.110467910766602
8421,3.0431909561157227
8422,3.0895767211914062
8423,-5.110002517700195
8424,3.074443817138672
8425,3.026559829711914
8426,-5.111573219299316
8427,2.9817495346069336
8428,3.157777786254883
8429,-4.293909549713135
8430,2.9935359954833984
8431,3.120725631713867
8432,-4.293946266174316
8433,3.0037355422973633
8434,3.0803146362304688
8435,-4.292927265167236
8436,3.5287256240844727
8437,2.7168407440185547
8438,-6.046680927276611
8439,3.359555244445801
8440,2.768514633178711
8441,-2.293745994567871
8442,3.2681427001953125
8443,3.756227493286133
8444,-4.950511932373047
8445,3.259235382080078
8446,3.7687625885009766
8447,-3.860238552093506
8448,4.722417831420898
8449,4.1149444580078125
8450,-7.251700401306152
8451,4.363304138183594
8452,3.5327529907226562
8453,0.04153633117675781
8454,3.9022464752197266
8455,5.723718643188477
8456,-8.44975471496582
8457,3.4352073669433594
8458,5.349802017211914
8459,1.8093740940093994
8460,2.466456413269043
8461,5.177099227905273
8462,-7.328866958618164
8463,2.2277603149414062
8464,4.9959869384765625
8465,0.400773286819458
8466,1.9288835525512695
8467,4.840997695922852
8468,-8.302872657775879
8469,1.8174095153808594
8470,4.670145034790039
8471,0.4042360782623291
8472,1.9322471618652344
8473,4.48640251159668
8474,-8.05232048034668
8475,1.8457937240600586
8476,4.465456008911133
8477,-0.125166654586792
8478,2.1876487731933594
8479,4.684122085571289
8480,-7.27842903137207
8481,1.9524917602539062
8482,4.565578460693359
8483,0.10764575004577637
8484,8.086275100708008
8485,4.211450576782227
8486,-5.37961483001709
8487,7.772418975830078
8488,4.008321762084961
8489,-0.06783318519592285
8490,5.556676864624023
8491,6.660604476928711
8492,-5.645749568939209
8493,5.662017822265625
8494,6.403207778930664
8495,1.2740051746368408
8496,7.4459991455078125
8497,9.755102157592773
8498,-3.8304781913757324
8499,7.35978889465332
8500,9.71000862121582
8501,2.963157892227173
8502,8.021127700805664
8503,10.476127624511719
8504,-3.6558823585510254
8505,7.847301483154297
8506,10.326059341430664
8507,3.0853946208953857
8508,6.612110137939453
8509,11.0845947265625
8510,-3.9693825244903564
8511,6.501420974731445
8512,11.030595779418945
8513,2.7607624530792236
8514,3.2128162384033203
8515,3.156656265258789
8516,-4.558633327484131
8517,3.210169792175293
8518,2.682649612426758
8519,-5.02223539352417
8520,3.252717971801758
8521,2.6328773498535156
8522,-5.021958351135254
8523,3.2959184646606445
8524,2.553873062133789
8525,-5.02348518371582
8526,3.171236038208008
8527,2.702390670776367
8528,-4.228137493133545
8529,3.1877098083496094
8530,2.6748275756835938
8531,-4.228029251098633
8532,3.2087297439575195
8533,2.633474349975586
8534,-4.227411270141602
8535,3.731722831726074
8536,2.2831153869628906
8537,-5.973659515380859
8538,3.5774574279785156
8539,2.339296340942383
8540,-2.336135149002075
8541,3.435540199279785
8542,3.2893142700195312
8543,-4.861156940460205
8544,3.413975715637207
8545,3.312225341796875
8546,-3.8011786937713623
8547,4.838127136230469
8548,3.6774654388427734
8549,-7.190099716186523
8550,4.626459121704102
8551,3.170520782470703
8552,-0.043869972229003906
8553,3.985945701599121
8554,5.493888854980469
8555,-8.535232543945312
8556,3.5872764587402344
8557,5.1204376220703125
8558,1.4569947719573975
8559,2.5798444747924805
8560,4.746999740600586
8561,-7.645981788635254
8562,2.465024948120117
8563,4.852775573730469
8564,0.2396395206451416
8565,2.0051307678222656
8566,4.432464599609375
8567,-8.61733627319336
8568,2.0378427505493164
8569,4.226572036743164
8570,-0.009185075759887695
8571,2.110931396484375
8572,4.14533805847168
8573,-8.359380722045898
8574,2.075328826904297
8575,4.0070343017578125
8576,-0.5038492679595947
8577,2.296497344970703
8578,4.274192810058594
8579,-7.595394134521484
8580,2.1881160736083984
8581,4.2497406005859375
8582,-0.09824728965759277
8583,8.06369400024414
8584,4.213878631591797
8585,-5.355196475982666
8586,7.859333038330078
8587,4.064502716064453
8588,-0.09222722053527832
8589,5.53251838684082
8590,6.592531204223633
8591,-5.754426956176758
8592,5.641094207763672
8593,6.324575424194336
8594,0.9705119132995605
8595,7.40571403503418
8596,9.790088653564453
8597,-4.1830620765686035
8598,7.322246551513672
8599,9.701303482055664
8600,2.555988073348999
8601,7.989879608154297
8602,10.504007339477539
8603,-4.048425674438477
8604,7.795391082763672
8605,10.226028442382812
8606,2.6748926639556885
8607,6.579954147338867
8608,11.032642364501953
8609,-4.568665027618408
8610,6.469821929931641
8611,10.893638610839844
8612,2.1782515048980713
8613,3.449568748474121
8614,2.9327144622802734
8615,-4.147531509399414
8616,3.4387340545654297
8617,2.502115249633789
8618,-4.657203674316406
8619,3.479076385498047
8620,2.4252586364746094
8621,-4.656689643859863
8622,3.5131959915161133
8623,2.3807449340820312
8624,-4.65805721282959
8625,3.404171943664551
8626,2.5015220642089844
8627,-3.891901969909668
8628,3.4193811416625977
8629,2.4772281646728516
8630,-3.8922739028930664
8631,3.437051773071289
8632,2.402435302734375
8633,-3.8919119834899902
8634,3.91373348236084
8635,2.165040969848633
8636,-5.744760513305664
8637,3.7717409133911133
8638,2.126300811767578
8639,-2.237348794937134
8640,3.6905078887939453
8641,3.019489288330078
8642,-4.476247787475586
8643,3.6641149520874023
8644,3.027132034301758
8645,-3.461238384246826
8646,4.925411224365234
8647,3.346437454223633
8648,-7.157659530639648
8649,4.857599258422852
8650,2.683513641357422
8651,0.22060847282409668
8652,4.034461975097656
8653,5.202775955200195
8654,-8.643819808959961
8655,3.7812414169311523
8656,4.7478790283203125
8657,2.9146125316619873
8658,2.8070669174194336
8659,4.567712783813477
8660,-7.774560928344727
8661,2.6339778900146484
8662,4.459871292114258
8663,3.1467154026031494
8664,2.3181943893432617
8665,4.298210144042969
8666,-8.604732513427734
8667,2.2278995513916016
8668,3.851377487182617
8669,3.401749849319458
8670,2.339472770690918
8671,3.9890079498291016
8672,-8.40424919128418
8673,2.229860305786133
8674,3.6602745056152344
8675,2.942631959915161
8676,2.5777587890625
8677,4.12751579284668
8678,-7.720731735229492
8679,2.3341054916381836
8680,3.7960052490234375
8681,2.9338719844818115
8682,8.074281692504883
8683,4.3292999267578125
8684,-5.349325180053711
8685,7.9511260986328125
8686,4.117839813232422
8687,-0.0983877182006836
8688,5.506895065307617
8689,6.618135452270508
8690,-4.970111846923828
8691,5.996339797973633
8692,6.5741119384765625
8693,1.1620209217071533
8694,7.348335266113281
8695,9.654794692993164
8696,-2.0752272605895996
8697,7.418689727783203
8698,9.871278762817383
8699,2.5736196041107178
8700,7.86945915222168
8701,10.278858184814453
8702,-1.7626745700836182
8703,7.960992813110352
8704,10.483680725097656
8705,2.6854922771453857
8706,6.562604904174805
8707,10.947807312011719
8708,-1.6805119514465332
8709,6.667140960693359
8710,11.00173568725586
8711,2.460200548171997
