,0
0,-1.2980241775512695
1,-7.966204643249512
2,-4.916154861450195
3,-1.2080059051513672
4,-8.440361976623535
5,-5.5695929527282715
6,-1.1622400283813477
7,-8.467660903930664
8,-5.571012496948242
9,-1.1226396560668945
10,-8.494674682617188
11,-5.573197364807129
12,-1.2152690887451172
13,-8.451921463012695
14,-4.558374881744385
15,-1.1747312545776367
16,-8.49011516571045
17,-4.556072235107422
18,-1.140716552734375
19,-8.532110214233398
20,-4.556560516357422
21,-0.7447643280029297
22,-8.541783332824707
23,-7.313477993011475
24,-0.7622003555297852
25,-8.590861320495605
26,-2.732041120529175
27,-1.099435806274414
28,-7.647064208984375
29,-5.414115905761719
30,-1.1140689849853516
31,-7.639946937561035
32,-4.090450763702393
33,-0.17945098876953125
34,-6.9747114181518555
35,-9.030744552612305
36,-0.1276988983154297
37,-7.052718162536621
38,-0.5439126491546631
39,-0.6192407608032227
40,-10.331167221069336
41,-12.802718162536621
42,-0.5174932479858398
43,-9.814356803894043
44,3.1859540939331055
45,-0.46059226989746094
46,-13.772469520568848
47,-14.050402641296387
48,-0.08727455139160156
49,-11.528814315795898
50,3.602612018585205
51,-0.46717262268066406
52,-14.140010833740234
53,-15.278888702392578
54,0.049910545349121094
55,-11.971202850341797
56,3.5558557510375977
57,-0.37471675872802734
58,-14.14107894897461
59,-14.943746566772461
60,0.09992218017578125
61,-12.07522201538086
62,3.029876708984375
63,-0.3759346008300781
64,-13.990976333618164
65,-13.984288215637207
66,0.023576736450195312
67,-11.946211814880371
68,3.3031492233276367
69,0.12480354309082031
70,0.4103813171386719
71,-5.8704328536987305
72,0.0
73,0.0
74,0.0
75,-0.06827831268310547
76,5.713342666625977
77,-3.1240761280059814
78,-0.020081520080566406
79,5.1915130615234375
80,2.4669952392578125
81,0.25136470794677734
82,10.417633056640625
83,-0.5397610664367676
84,0.2627372741699219
85,9.23956298828125
86,5.8269548416137695
87,0.6188640594482422
88,10.940744400024414
89,-0.3520829677581787
90,0.5549430847167969
91,10.160755157470703
92,6.090706825256348
93,-0.5837392807006836
94,12.164337158203125
95,-2.6192386150360107
96,-0.4548368453979492
97,10.821187973022461
98,4.444042682647705
99,-1.4383859634399414
100,-7.960212707519531
101,-5.060216426849365
102,-1.3515205383300781
103,-8.417089462280273
104,-5.65464973449707
105,-1.3098554611206055
106,-8.445899963378906
107,-5.656580448150635
108,-1.2704601287841797
109,-8.4725341796875
110,-5.659358978271484
111,-1.3590145111083984
112,-8.413774490356445
113,-4.685308456420898
114,-1.3235788345336914
115,-8.442756652832031
116,-4.683853626251221
117,-1.2889223098754883
118,-8.474224090576172
119,-4.684539794921875
120,-0.8636379241943359
121,-8.49318790435791
122,-7.320844650268555
123,-0.9069957733154297
124,-8.525274276733398
125,-2.8957467079162598
126,-1.2166996002197266
127,-7.646068572998047
128,-5.5327558517456055
129,-1.2455558776855469
130,-7.638822555541992
131,-4.265347480773926
132,-0.2311868667602539
133,-6.9541778564453125
134,-9.095565795898438
135,-0.20563697814941406
136,-7.048633575439453
137,-0.7846779823303223
138,-0.8433704376220703
139,-10.307342529296875
140,-12.812113761901855
141,-0.7699289321899414
142,-9.973852157592773
143,1.450190544128418
144,-0.9981822967529297
145,-14.069034576416016
146,-13.90764045715332
147,-0.8756504058837891
148,-13.38122272491455
149,-0.7010176181793213
150,-1.103245735168457
151,-14.89664077758789
152,-15.08027458190918
153,-0.9440689086914062
154,-14.151472091674805
155,-0.9819198846817017
156,-1.0562105178833008
157,-14.972930908203125
158,-14.641885757446289
159,-0.9355611801147461
160,-14.179397583007812
161,-1.6545408964157104
162,-1.0153627395629883
163,-14.629426956176758
164,-13.789094924926758
165,-0.9529571533203125
166,-14.057355880737305
167,-1.126889705657959
168,0.17088985443115234
169,0.4116630554199219
170,-5.85477876663208
171,0.036454200744628906
172,-0.06245613098144531
173,-0.015975236892700195
174,-0.032527923583984375
175,5.721929550170898
176,-3.581839084625244
177,0.01618671417236328
178,4.877958297729492
179,2.2270255088806152
180,0.2675161361694336
181,10.464677810668945
182,-1.4233486652374268
183,0.38223934173583984
184,8.089761734008789
185,5.128593444824219
186,0.6369438171386719
187,11.022594451904297
188,-1.315468430519104
189,0.6667413711547852
190,8.648597717285156
191,5.323892593383789
192,-0.5457735061645508
193,12.177896499633789
194,-3.7677066326141357
195,-0.07905101776123047
196,9.127880096435547
197,3.817440986633301
198,-1.654494285583496
199,-7.919015884399414
200,-5.488212585449219
201,-1.549264907836914
202,-8.357833862304688
203,-6.068223476409912
204,-1.5092716217041016
205,-8.39014720916748
206,-6.07038688659668
207,-1.4490461349487305
208,-8.430777549743652
209,-6.072947978973389
210,-1.5550432205200195
211,-8.362464904785156
212,-5.115200996398926
213,-1.5070066452026367
214,-8.402504920959473
215,-5.115457534790039
216,-1.466547966003418
217,-8.453380584716797
218,-5.117992877960205
219,-1.0428657531738281
220,-8.472651481628418
221,-7.670649528503418
222,-1.0948286056518555
223,-8.507157325744629
224,-3.3560664653778076
225,-1.4074087142944336
226,-7.643628120422363
227,-5.956080436706543
228,-1.4373245239257812
229,-7.6373186111450195
230,-4.709506511688232
231,-0.36087703704833984
232,-6.947002410888672
233,-9.525012969970703
234,-0.32209014892578125
235,-7.049520492553711
236,-1.0506830215454102
237,-1.2327280044555664
238,-10.246865272521973
239,-13.475738525390625
240,-1.1651430130004883
241,-9.911627769470215
242,1.560279369354248
243,-1.6950416564941406
244,-14.286446571350098
245,-14.703469276428223
246,-1.7895622253417969
247,-12.200072288513184
248,-0.001386880874633789
249,-1.8467321395874023
250,-15.02308464050293
251,-15.894347190856934
252,-1.7794485092163086
253,-12.882343292236328
254,-0.08376359939575195
255,-1.811020851135254
256,-15.111486434936523
257,-15.427245140075684
258,-1.80523681640625
259,-13.03953742980957
260,-0.9086198806762695
261,-1.7644424438476562
262,-14.934528350830078
263,-14.56832218170166
264,-1.8576078414916992
265,-12.792730331420898
266,-0.4542262554168701
267,0.23810577392578125
268,0.41056060791015625
269,-5.856334686279297
270,0.15230846405029297
271,-0.18277359008789062
272,-0.014358758926391602
273,0.04300117492675781
274,5.714042663574219
275,-4.292358875274658
276,0.09217262268066406
277,3.7961978912353516
278,2.8950514793395996
279,0.30785274505615234
280,10.461532592773438
281,-2.8122856616973877
282,0.44518375396728516
283,7.61553955078125
284,6.682558059692383
285,0.6791372299194336
286,11.035345077514648
287,-2.800509214401245
288,0.7103166580200195
289,8.128398895263672
290,6.980438232421875
291,-0.5183229446411133
292,12.181194305419922
293,-5.475700855255127
294,0.0733642578125
295,8.62448501586914
296,5.732322692871094
297,-1.7969579696655273
298,-7.643303871154785
299,-5.531059265136719
300,-1.7272748947143555
301,-8.052350997924805
302,-6.091706275939941
303,-1.692941665649414
304,-8.083313941955566
305,-6.093567848205566
306,-1.6545419692993164
307,-8.124602317810059
308,-6.0955023765563965
309,-1.7309885025024414
310,-8.059813499450684
311,-5.14120626449585
312,-1.6967334747314453
313,-8.096274375915527
314,-5.141374588012695
315,-1.6655120849609375
316,-8.148319244384766
317,-5.1437273025512695
318,-1.2523689270019531
319,-8.245699882507324
320,-7.6502766609191895
321,-1.2780685424804688
322,-8.280787467956543
323,-3.3358311653137207
324,-1.562856674194336
325,-7.452695846557617
326,-5.988000869750977
327,-1.5921401977539062
328,-7.444762229919434
329,-4.741241931915283
330,-0.5309410095214844
331,-6.916696548461914
332,-9.59062671661377
333,-0.4096851348876953
334,-7.020296096801758
335,-1.0150145292282104
336,-1.614943504333496
337,-10.127819061279297
338,-13.715044975280762
339,-1.4779987335205078
340,-9.743721008300781
341,1.9085445404052734
342,-2.3729734420776367
343,-14.144882202148438
344,-15.007758140563965
345,-2.0114002227783203
346,-11.458318710327148
347,0.7805571556091309
348,-2.5931568145751953
349,-14.988913536071777
350,-16.253082275390625
351,-1.9935131072998047
352,-12.018656730651855
353,0.7309317588806152
354,-2.5777626037597656
355,-15.047607421875
356,-15.77207088470459
357,-1.9989242553710938
358,-12.175186157226562
359,-0.05077171325683594
360,-2.50264835357666
361,-14.907241821289062
362,-14.877679824829102
363,-2.2655820846557617
364,-12.74454116821289
365,0.3528618812561035
366,0.44739532470703125
367,0.4103984832763672
368,-5.871590614318848
369,0.3439159393310547
370,-0.19182205200195312
371,0.0006780624389648438
372,0.10833454132080078
373,5.713825225830078
374,-4.403609275817871
375,0.16357994079589844
376,3.8958053588867188
377,2.8883814811706543
378,0.3424358367919922
379,10.463035583496094
380,-3.002225875854492
381,0.43920135498046875
382,8.87533950805664
383,6.591373443603516
384,0.7188262939453125
385,11.077241897583008
386,-3.002239227294922
387,0.714752197265625
388,9.17119026184082
389,6.945010185241699
390,-0.48613548278808594
391,12.155302047729492
392,-5.735065460205078
393,0.004275321960449219
394,9.390361785888672
395,5.488678932189941
396,-1.9011430740356445
397,-7.0710248947143555
398,-5.691223621368408
399,-1.8482236862182617
400,-7.497676849365234
401,-6.195366859436035
402,-1.8121328353881836
403,-7.536049842834473
404,-6.196691513061523
405,-1.7764596939086914
406,-7.576303482055664
407,-6.198107719421387
408,-1.8537702560424805
409,-7.505836486816406
410,-5.261541366577148
411,-1.8226251602172852
412,-7.549746513366699
413,-5.2618303298950195
414,-1.7926225662231445
415,-7.601108551025391
416,-5.263792037963867
417,-1.3914365768432617
418,-7.7242584228515625
419,-7.620049953460693
420,-1.4228792190551758
421,-7.745506286621094
422,-3.3425753116607666
423,-1.6318645477294922
424,-6.95998477935791
425,-6.103178024291992
426,-1.659860610961914
427,-6.952663421630859
428,-4.875538349151611
429,-0.5817842483520508
430,-6.474176406860352
431,-9.768159866333008
432,-0.5023508071899414
433,-6.65110969543457
434,-0.965893030166626
435,-2.113833427429199
436,-9.279927253723145
437,-13.870087623596191
438,-2.0495986938476562
439,-9.366437911987305
440,1.1294665336608887
441,-3.1370553970336914
442,-12.882455825805664
443,-15.212470054626465
444,-2.9578142166137695
445,-11.624549865722656
446,-1.7326000928878784
447,-3.483578681945801
448,-13.633140563964844
449,-16.551769256591797
450,-3.2252883911132812
451,-12.341923713684082
452,-1.8854666948318481
453,-3.452951431274414
454,-13.81773567199707
455,-15.954885482788086
456,-3.300626754760742
457,-12.615459442138672
458,-2.8076112270355225
459,-3.3470001220703125
460,-13.629104614257812
461,-15.037787437438965
462,-3.1950998306274414
463,-12.692697525024414
464,-2.2513179779052734
465,0.7460737228393555
466,0.5097751617431641
467,-5.980090141296387
468,0.6340522766113281
469,-0.11257171630859375
470,0.10840511322021484
471,0.1803741455078125
472,5.716093063354492
473,-4.997624397277832
474,0.24709606170654297
475,4.080608367919922
476,2.245967388153076
477,0.42412471771240234
478,10.462930679321289
479,-3.8991599082946777
480,0.44677066802978516
481,9.325170516967773
482,4.839035987854004
483,0.794367790222168
484,11.143438339233398
485,-3.9383983612060547
486,0.7304906845092773
487,10.06379508972168
488,4.9881720542907715
489,-0.48875904083251953
490,12.160512924194336
491,-6.633986473083496
492,-0.04296398162841797
493,10.851911544799805
494,3.170015811920166
495,-2.007279396057129
496,-5.979687690734863
497,-5.834216117858887
498,-2.0081787109375
499,-6.435447692871094
500,-6.379652976989746
501,-1.9773435592651367
502,-6.473362922668457
503,-6.381448745727539
504,-1.9478750228881836
505,-6.505786895751953
506,-6.383049964904785
507,-2.0074644088745117
508,-6.483075141906738
509,-5.462719917297363
510,-1.978743553161621
511,-6.556368827819824
512,-5.463639259338379
513,-1.9544124603271484
514,-6.6241865158081055
515,-5.4665021896362305
516,-1.5863027572631836
517,-6.7019453048706055
518,-7.970095634460449
519,-1.609147071838379
520,-6.775394439697266
521,-3.811923027038574
522,-1.7613487243652344
523,-5.819291114807129
524,-6.312441825866699
525,-1.7714776992797852
526,-5.8341827392578125
527,-5.10552978515625
528,-0.8410091400146484
529,-5.47451114654541
530,-10.116178512573242
531,-0.49383068084716797
532,-6.026897430419922
533,-1.3717081546783447
534,-2.8561649322509766
535,-7.408194541931152
536,-13.700333595275879
537,-2.2848215103149414
538,-7.635097503662109
539,0.7443344593048096
540,-4.497563362121582
541,-9.13853645324707
542,-14.157519340515137
543,-3.934946060180664
544,-9.040153503417969
545,-1.3640539646148682
546,-4.995378017425537
547,-9.411664962768555
548,-15.439164161682129
549,-3.6857213973999023
550,-9.915522575378418
551,-1.4040509462356567
552,-5.013222694396973
553,-9.794474601745605
554,-14.892937660217285
555,-3.7908430099487305
556,-10.067375183105469
557,-2.326172351837158
558,-4.804742813110352
559,-9.654457092285156
560,-13.959373474121094
561,-3.785236358642578
562,-9.774686813354492
563,-1.8443832397460938
564,1.1946516036987305
565,1.0738983154296875
566,-5.976351737976074
567,1.1526784896850586
568,0.1486053466796875
569,0.10443377494812012
570,0.2442035675048828
571,5.8122406005859375
572,-5.132478713989258
573,0.2989826202392578
574,3.405698776245117
575,3.9180731773376465
576,0.5624046325683594
577,10.592571258544922
578,-3.8388030529022217
579,0.4772329330444336
580,6.232025146484375
581,8.304938316345215
582,0.8448753356933594
583,11.319698333740234
584,-3.839958906173706
585,0.7299680709838867
586,6.774517059326172
587,8.696662902832031
588,-0.40161800384521484
589,12.073673248291016
590,-5.942797660827637
591,-0.06525230407714844
592,6.252815246582031
593,8.284404754638672
594,-1.9401721954345703
595,-5.226302146911621
596,-5.251696586608887
597,-1.9235992431640625
598,-5.601806640625
599,-5.715070724487305
600,-1.892878532409668
601,-5.626448631286621
602,-5.716587066650391
603,-1.864659309387207
604,-5.645543098449707
605,-5.718121528625488
606,-1.9235572814941406
607,-5.67344856262207
608,-4.898378372192383
609,-1.8946151733398438
610,-5.748241424560547
611,-4.8997955322265625
612,-1.8711652755737305
613,-5.813891410827637
614,-4.902697563171387
615,-1.5189952850341797
616,-5.8404083251953125
617,-7.190506935119629
618,-1.5418462753295898
619,-5.955500602722168
620,-3.499927043914795
621,-1.6989507675170898
622,-5.094692230224609
623,-5.7046403884887695
624,-1.7132158279418945
625,-5.131656646728516
626,-4.6255645751953125
627,-0.8042564392089844
628,-4.537513732910156
629,-9.357664108276367
630,-0.4824981689453125
631,-5.17384147644043
632,-1.0913524627685547
633,-2.7081785202026367
634,-5.757719993591309
635,-13.71260929107666
636,-1.975137710571289
637,-6.953408241271973
638,2.126659870147705
639,-4.271884918212891
640,-6.841091156005859
641,-15.74732494354248
642,-2.8632564544677734
643,-8.857927322387695
644,2.187650203704834
645,-4.39235782623291
646,-8.038748741149902
647,-17.172895431518555
648,-2.7568540573120117
649,-9.507669448852539
650,2.5085020065307617
651,-4.316280364990234
652,-8.193099021911621
653,-16.49510955810547
654,-2.8640966415405273
655,-9.671350479125977
656,1.6837844848632812
657,-4.490166664123535
658,-7.419960975646973
659,-15.546914100646973
660,-2.852802276611328
661,-9.248676300048828
662,1.8514509201049805
663,1.5091419219970703
664,1.3839759826660156
665,-5.974091529846191
666,1.46282958984375
667,0.7514286041259766
668,0.10317063331604004
669,0.2681407928466797
670,5.875825881958008
671,-4.7805376052856445
672,0.3366527557373047
673,4.0447540283203125
674,5.298291206359863
675,0.5973682403564453
676,10.670707702636719
677,-3.286186456680298
678,1.109816551208496
679,6.079433441162109
680,10.802650451660156
681,0.9155817031860352
682,11.493413925170898
683,-3.2319655418395996
684,1.380436897277832
685,6.480581283569336
686,11.354520797729492
687,-0.3931093215942383
688,11.996875762939453
689,-5.665867328643799
690,0.5697450637817383
691,6.447731018066406
692,11.370989799499512
693,-1.9058618545532227
694,-3.7199153900146484
695,-4.697623252868652
696,-1.9149198532104492
697,-4.017963409423828
698,-5.2087812423706055
699,-1.8891735076904297
700,-4.064375877380371
701,-5.210893154144287
702,-1.8633623123168945
703,-4.110212326049805
704,-5.2117204666137695
705,-1.91705322265625
706,-4.059326171875
707,-4.369128704071045
708,-1.8954057693481445
709,-4.127813339233398
710,-4.3694047927856445
711,-1.8748226165771484
712,-4.191860198974609
713,-4.371129989624023
714,-1.563429832458496
715,-4.459754943847656
716,-6.7107720375061035
717,-1.5815763473510742
718,-4.50887393951416
719,-2.924466609954834
720,-1.6717596054077148
721,-3.67641544342041
722,-5.158359050750732
723,-1.686758041381836
724,-3.711946487426758
725,-4.054866790771484
726,-0.8420696258544922
727,-3.524393081665039
728,-8.965248107910156
729,-0.46973609924316406
730,-4.201043128967285
731,-0.407670259475708
732,-2.9921035766601562
733,-3.146153450012207
734,-12.0803861618042
735,-1.8735475540161133
736,-4.499030113220215
737,2.1193385124206543
738,-4.937369346618652
739,-3.0338878631591797
740,-11.906255722045898
741,-2.99160099029541
742,-4.99655818939209
743,1.607548713684082
744,-5.466771125793457
745,-2.7938709259033203
746,-13.159428596496582
747,-3.069364547729492
748,-5.482841491699219
749,2.47995662689209
750,-5.426389217376709
751,-3.108663558959961
752,-12.456524848937988
753,-3.211461067199707
754,-5.510113716125488
755,0.9221153259277344
756,-5.238690376281738
757,-3.1790084838867188
758,-11.660992622375488
759,-3.2159175872802734
760,-5.205096244812012
761,1.1449017524719238
762,1.783616065979004
763,1.7090587615966797
764,-5.970266342163086
765,1.7092809677124023
766,1.2150897979736328
767,0.09952592849731445
768,0.28806018829345703
769,5.909252166748047
770,-4.552030563354492
771,0.35649681091308594
772,5.148504257202148
773,2.65317964553833
774,0.6748285293579102
775,10.666200637817383
776,-1.4342955350875854
777,0.9689044952392578
778,9.442018508911133
779,6.439681053161621
780,1.0373907089233398
781,11.506013870239258
782,-1.21909761428833
783,1.2398748397827148
784,10.025760650634766
785,6.778154373168945
786,-0.3787832260131836
787,11.86186408996582
788,-2.7090702056884766
789,0.1462259292602539
790,10.09506607055664
791,6.14534854888916
792,-1.8901691436767578
793,-2.6886348724365234
794,-2.937511444091797
795,-1.9548759460449219
796,-2.9478721618652344
797,-3.5364043712615967
798,-1.9448871612548828
799,-2.9700307846069336
800,-3.5377039909362793
801,-1.9433565139770508
802,-3.0313854217529297
803,-3.5372824668884277
804,-1.9495372772216797
805,-3.050694465637207
806,-2.6632983684539795
807,-1.9356184005737305
808,-3.1306066513061523
809,-2.663817882537842
810,-1.9224529266357422
811,-3.206460952758789
812,-2.6655819416046143
813,-1.7253246307373047
814,-3.447113037109375
815,-5.2714691162109375
816,-1.6964902877807617
817,-3.5955209732055664
818,-1.3546521663665771
819,-1.677938461303711
820,-2.6558837890625
821,-3.48384952545166
822,-1.6805009841918945
823,-2.752513885498047
824,-2.3452036380767822
825,-0.986846923828125
826,-2.8238792419433594
827,-7.998905181884766
828,-0.4910259246826172
829,-3.7464237213134766
830,1.2297539710998535
831,-2.9226207733154297
832,-1.4151439666748047
833,-10.295007705688477
834,-1.0262508392333984
835,-2.0098047256469727
836,3.3097705841064453
837,-4.624085426330566
838,0.07876396179199219
839,-8.401690483093262
840,-2.7926559448242188
841,-0.9709949493408203
842,2.71683406829834
843,-5.136863708496094
844,0.6006221771240234
845,-9.31600570678711
846,-2.7306289672851562
847,-1.0933990478515625
848,3.113208770751953
849,-5.169644832611084
850,0.4625415802001953
851,-8.552181243896484
852,-2.83660888671875
853,-1.0929107666015625
854,2.1152472496032715
855,-5.003208637237549
856,0.38198089599609375
857,-8.094783782958984
858,-2.841611862182617
859,-0.9334964752197266
860,2.2986741065979004
861,1.9298229217529297
862,2.0178050994873047
863,-6.058482646942139
864,1.851694107055664
865,1.4957828521728516
866,0.1889505386352539
867,0.26192665100097656
868,6.044452667236328
869,-4.715906620025635
870,0.35207462310791016
871,5.589944839477539
872,1.3533377647399902
873,0.7375087738037109
874,10.733373641967773
875,-1.7222501039505005
876,0.8948326110839844
877,10.028968811035156
878,4.708564281463623
879,1.0819101333618164
880,11.564254760742188
881,-1.5992618799209595
882,1.157792091369629
883,10.918333053588867
884,5.019242763519287
885,-0.36799144744873047
886,11.863752365112305
887,-2.9341626167297363
888,-0.08271503448486328
889,11.139261245727539
890,4.320725440979004
891,-1.8971776962280273
892,-1.9595756530761719
893,-2.956026077270508
894,-1.9964990615844727
895,-2.297366142272949
896,-3.5651586055755615
897,-1.9937896728515625
898,-2.3480968475341797
899,-3.565627098083496
900,-1.9925470352172852
901,-2.3955516815185547
902,-3.564732551574707
903,-1.9932689666748047
904,-2.333393096923828
905,-2.6949074268341064
906,-1.9853582382202148
907,-2.3960399627685547
908,-2.695869207382202
909,-1.9774703979492188
910,-2.459630012512207
911,-2.6973328590393066
912,-1.804880142211914
913,-2.8265151977539062
914,-5.206207275390625
915,-1.8013067245483398
916,-2.924480438232422
917,-1.297209620475769
918,-1.6826896667480469
919,-1.9410943984985352
920,-3.4611401557922363
921,-1.6877059936523438
922,-1.9753303527832031
923,-2.3224644660949707
924,-1.0057697296142578
925,-2.318777084350586
926,-7.991256237030029
927,-0.6645574569702148
928,-2.805307388305664
929,1.5910801887512207
930,-2.7261486053466797
931,0.4007701873779297
932,-9.637367248535156
933,-1.903660774230957
934,-0.04960823059082031
935,2.903125762939453
936,-4.158868789672852
937,2.838357925415039
938,-8.17333984375
939,-3.372117042541504
940,2.3950119018554688
941,1.4854469299316406
942,-4.773318290710449
943,3.635927200317383
944,-9.13163948059082
945,-3.5989322662353516
946,3.111043930053711
947,1.958282470703125
948,-4.566452980041504
949,3.5550289154052734
950,-8.404695510864258
951,-3.680710792541504
952,3.148571014404297
953,0.8338398933410645
954,-4.461906433105469
955,3.3654556274414062
956,-7.871235370635986
957,-3.5822553634643555
958,3.050424575805664
959,0.9953548908233643
960,2.079843521118164
961,2.072277069091797
962,-6.137351036071777
963,1.949605941772461
964,1.6761856079101562
965,0.2681119441986084
966,0.2538614273071289
967,6.111988067626953
968,-5.101566791534424
969,0.3351621627807617
970,5.827531814575195
971,1.0105807781219482
972,0.7646017074584961
973,10.817148208618164
974,-2.184535026550293
975,0.8454656600952148
976,10.27375602722168
977,4.3043670654296875
978,1.1234569549560547
979,11.63039779663086
980,-1.9180513620376587
981,1.121037483215332
982,11.103872299194336
983,4.617084980010986
984,-0.3702411651611328
985,11.807485580444336
986,-3.076709270477295
987,-0.1812572479248047
988,11.213018417358398
989,4.146014213562012
990,-1.8945493698120117
991,-1.5130500793457031
992,-2.514998435974121
993,-1.9763383865356445
994,-1.8747997283935547
995,-3.2432165145874023
996,-1.9698314666748047
997,-1.9111452102661133
998,-3.245069742202759
999,-1.9644899368286133
1000,-1.9479026794433594
1001,-3.2457456588745117
1002,-1.9761028289794922
1003,-1.9189825057983398
1004,-2.35357403755188
1005,-1.9684381484985352
1006,-1.9796524047851562
1007,-2.3534045219421387
1008,-1.9619836807250977
1009,-2.039139747619629
1010,-2.3537893295288086
1011,-1.7617921829223633
1012,-2.313486099243164
1013,-5.07229471206665
1014,-1.763199806213379
1015,-2.476003646850586
1016,-1.0395647287368774
1017,-1.6594572067260742
1018,-1.5157337188720703
1019,-3.030942440032959
1020,-1.6589031219482422
1021,-1.544672966003418
1022,-1.8576751947402954
1023,-0.9852819442749023
1024,-1.523451805114746
1025,-7.8386077880859375
1026,-0.6513519287109375
1027,-2.471011161804199
1028,2.4757585525512695
1029,-1.823227882385254
1030,1.946981430053711
1031,-8.720376968383789
1032,-0.747894287109375
1033,0.8103065490722656
1034,3.9809041023254395
1035,-2.3957176208496094
1036,5.163793563842773
1037,-5.909853458404541
1038,-1.6358776092529297
1039,3.6456966400146484
1040,2.8834633827209473
1041,-2.374058723449707
1042,6.050981521606445
1043,-6.584751605987549
1044,-1.8874835968017578
1045,3.9379711151123047
1046,3.457347869873047
1047,-2.3763675689697266
1048,6.071807861328125
1049,-5.835636138916016
1050,-2.01016902923584
1051,4.015180587768555
1052,2.4986066818237305
1053,-2.3850955963134766
1054,5.802028656005859
1055,-5.530296325683594
1056,-1.9230480194091797
1057,3.984731674194336
1058,2.4661693572998047
1059,2.0877418518066406
1060,2.304058074951172
1061,-6.209562301635742
1062,2.1409034729003906
1063,1.7076091766357422
1064,0.3410525321960449
1065,0.24741268157958984
1066,6.125553131103516
1067,-4.9594526290893555
1068,0.32692718505859375
1069,5.675302505493164
1070,2.5542588233947754
1071,0.7984600067138672
1072,10.807472229003906
1073,-2.151862144470215
1074,0.8233623504638672
1075,10.130565643310547
1076,4.777757167816162
1077,1.1520004272460938
1078,11.612726211547852
1079,-1.8734148740768433
1080,1.0991125106811523
1081,10.864038467407227
1082,5.058926105499268
1083,-0.36472511291503906
1084,11.690652847290039
1085,-2.3901634216308594
1086,-0.1967601776123047
1087,11.083648681640625
1088,5.995576858520508
1089,-1.8752269744873047
1090,-1.0283231735229492
1091,-2.64434814453125
1092,-1.9616289138793945
1093,-1.2842321395874023
1094,-3.3104705810546875
1095,-1.954360008239746
1096,-1.3075037002563477
1097,-3.312079906463623
1098,-1.9488496780395508
1099,-1.3313179016113281
1100,-3.3128294944763184
1101,-1.9640235900878906
1102,-1.3332796096801758
1103,-2.454242467880249
1104,-1.9537811279296875
1105,-1.4331579208374023
1106,-2.454130172729492
1107,-1.9475364685058594
1108,-1.508047103881836
1109,-2.455413818359375
1110,-1.7683172225952148
1111,-1.7023210525512695
1112,-5.065615653991699
1113,-1.7649717330932617
1114,-1.9325675964355469
1115,-1.1884288787841797
1116,-1.6345710754394531
1117,-1.1120882034301758
1118,-3.157179117202759
1119,-1.6305503845214844
1120,-1.1837587356567383
1121,-2.031114101409912
1122,-0.9624967575073242
1123,-0.9090728759765625
1124,-7.911645889282227
1125,-0.6307506561279297
1126,-2.1926889419555664
1127,2.1489672660827637
1128,-0.6604013442993164
1129,2.661121368408203
1130,-8.8112154006958
1131,0.3074178695678711
1132,0.4466724395751953
1133,3.7160935401916504
1134,-0.347686767578125
1135,5.73063850402832
1136,-5.626542568206787
1137,0.3527412414550781
1138,3.2926979064941406
1139,3.0875048637390137
1140,-0.2198772430419922
1141,6.528295516967773
1142,-6.167171001434326
1143,0.3848733901977539
1144,3.8257102966308594
1145,3.684314727783203
1146,-0.18487262725830078
1147,6.600547790527344
1148,-5.616656303405762
1149,0.2890443801879883
1150,3.9519805908203125
1151,2.863521099090576
1152,-0.2196817398071289
1153,6.338705062866211
1154,-5.3323235511779785
1155,0.2737741470336914
1156,3.772319793701172
1157,2.725917339324951
1158,2.2254514694213867
1159,2.347686767578125
1160,-6.233386039733887
1161,2.2660579681396484
1162,1.7411918640136719
1163,0.364778995513916
1164,0.24286270141601562
1165,6.139863967895508
1166,-4.969602584838867
1167,0.33010005950927734
1168,5.653959274291992
1169,1.9898524284362793
1170,0.8363819122314453
1171,10.801057815551758
1172,-2.1141443252563477
1173,0.8193750381469727
1174,10.223712921142578
1175,4.4623942375183105
1176,1.1902151107788086
1177,11.598926544189453
1178,-1.8170149326324463
1179,1.1062393188476562
1180,11.010852813720703
1181,4.690848350524902
1182,-0.33487510681152344
1183,11.685665130615234
1184,-2.341951608657837
1185,-0.2177133560180664
1186,11.22822380065918
1187,4.350971698760986
1188,-1.9177579879760742
1189,-0.4688072204589844
1190,-3.4708924293518066
1191,-2.049856185913086
1192,-0.7437095642089844
1193,-3.9571003913879395
1194,-2.0475635528564453
1195,-0.7837886810302734
1196,-3.957632541656494
1197,-2.048314094543457
1198,-0.8188323974609375
1199,-3.9581360816955566
1200,-2.041998863220215
1201,-0.7983512878417969
1202,-3.072617769241333
1203,-2.0345678329467773
1204,-0.8586483001708984
1205,-3.0721874237060547
1206,-2.024409294128418
1207,-0.9537601470947266
1208,-3.0725955963134766
1209,-1.9009428024291992
1210,-1.2178802490234375
1211,-5.235734939575195
1212,-1.8827762603759766
1213,-1.4122629165649414
1214,-1.3581327199935913
1215,-1.6833276748657227
1216,-0.5557861328125
1217,-3.970031261444092
1218,-1.6685857772827148
1219,-0.5989952087402344
1220,-2.817725419998169
1221,-0.942326545715332
1222,-0.5472221374511719
1223,-8.328190803527832
1224,-0.6139345169067383
1225,-1.2982177734375
1226,1.5195603370666504
1227,0.39072418212890625
1228,2.448894500732422
1229,-9.345766067504883
1230,0.8833951950073242
1231,0.8890743255615234
1232,1.9597182273864746
1233,1.3886642456054688
1234,5.140277862548828
1235,-6.845464706420898
1236,1.807316780090332
1237,3.2844295501708984
1238,0.08878517150878906
1239,1.742584228515625
1240,5.519079208374023
1241,-7.6139936447143555
1242,1.9976110458374023
1243,3.907724380493164
1244,0.32695651054382324
1245,1.7233524322509766
1246,5.627593994140625
1247,-7.265872001647949
1248,1.9563188552856445
1249,3.998088836669922
1250,-0.47850918769836426
1251,1.5829906463623047
1252,5.470176696777344
1253,-6.664586067199707
1254,1.892075538635254
1255,3.736083984375
1256,-0.3021969795227051
1257,2.2521963119506836
1258,2.320371627807617
1259,-6.213668346405029
1260,2.361907958984375
1261,1.6965999603271484
1262,0.3450474739074707
1263,0.3953218460083008
1264,5.970798492431641
1265,-4.914017677307129
1266,0.5559320449829102
1267,5.0897369384765625
1268,3.0996017456054688
1269,0.873173713684082
1270,10.515083312988281
1271,-1.7469003200531006
1272,1.3302240371704102
1273,8.205097198486328
1274,6.544086456298828
1275,1.1923246383666992
1276,11.345935821533203
1277,-1.478348731994629
1278,1.7215509414672852
1279,8.70009994506836
1280,6.806117057800293
1281,-0.27233314514160156
1282,11.581907272338867
1283,-2.3787732124328613
1284,0.45165252685546875
1285,9.841379165649414
1286,6.508471488952637
1287,-1.9564590454101562
1288,0.11151123046875
1289,-4.7811713218688965
1290,-2.129728317260742
1291,-0.19641685485839844
1292,-5.248963356018066
1293,-2.1288013458251953
1294,-0.24840545654296875
1295,-5.2496538162231445
1296,-2.130207061767578
1297,-0.2973003387451172
1298,-5.250540733337402
1299,-2.127272605895996
1300,-0.23381805419921875
1301,-4.357124328613281
1302,-2.1266345977783203
1303,-0.2994728088378906
1304,-4.357004642486572
1305,-2.1231393814086914
1306,-0.40035247802734375
1307,-4.358633041381836
1308,-1.9660224914550781
1309,-0.8003997802734375
1310,-6.6168365478515625
1311,-1.9711475372314453
1312,-0.9723901748657227
1313,-2.628605842590332
1314,-1.7110280990600586
1315,0.01758575439453125
1316,-5.257584095001221
1317,-1.6984472274780273
1318,-0.0013885498046875
1319,-4.086824417114258
1320,-0.8590335845947266
1321,-0.13333702087402344
1322,-9.015190124511719
1323,-0.6051034927368164
1324,-1.346695899963379
1325,0.2923462390899658
1326,1.0470027923583984
1327,1.6686992645263672
1328,-9.90533447265625
1329,1.5297250747680664
1330,-0.45015716552734375
1331,0.939521074295044
1332,2.6487274169921875
1333,3.22113037109375
1334,-8.226101875305176
1335,2.8140134811401367
1336,1.6730709075927734
1337,-0.61415696144104
1338,2.990446090698242
1339,3.271800994873047
1340,-9.140411376953125
1341,2.989809036254883
1342,2.181232452392578
1343,-0.40012121200561523
1344,2.9885473251342773
1345,3.267934799194336
1346,-8.463835716247559
1347,2.9643211364746094
1348,2.258127212524414
1349,-1.1903655529022217
1350,2.8711929321289062
1351,3.2555370330810547
1352,-7.9442033767700195
1353,2.818838119506836
1354,2.1107425689697266
1355,-1.000855803489685
1356,2.4401330947875977
1357,2.2669715881347656
1358,-6.212230682373047
1359,2.3709917068481445
1360,1.6258106231689453
1361,0.34318995475769043
1362,0.5671920776367188
1363,5.923864364624023
1364,-4.863821029663086
1365,0.7196788787841797
1366,5.103588104248047
1367,2.8657732009887695
1368,0.916172981262207
1369,10.441274642944336
1370,-1.7031214237213135
1371,1.5196123123168945
1372,7.873527526855469
1373,6.506542205810547
1374,1.252664566040039
1375,11.284845352172852
1376,-1.4439711570739746
1377,1.8818349838256836
1378,8.268112182617188
1379,6.841538429260254
1380,-0.17776775360107422
1381,11.500373840332031
1382,-2.4044885635375977
1383,0.7215900421142578
1384,9.410247802734375
1385,6.625713348388672
1386,-1.9916858673095703
1387,0.4096508026123047
1388,-3.6856348514556885
1389,-2.156643867492676
1390,0.0482177734375
1391,-4.181283473968506
1392,-2.154942512512207
1393,0.011447906494140625
1394,-4.180729866027832
1395,-2.1555652618408203
1396,-0.024784088134765625
1397,-4.181798934936523
1398,-2.1555347442626953
1399,-0.019372940063476562
1400,-3.214691638946533
1401,-2.1540136337280273
1402,-0.09846115112304688
1403,-3.2147014141082764
1404,-2.15354061126709
1405,-0.18140792846679688
1406,-3.2162601947784424
1407,-1.9736156463623047
1408,-0.4745674133300781
1409,-5.817863464355469
1410,-1.9812040328979492
1411,-0.6625308990478516
1412,-1.5144647359848022
1413,-1.7603025436401367
1414,0.3215980529785156
1415,-4.290269374847412
1416,-1.7443714141845703
1417,0.2800483703613281
1418,-3.023090362548828
1419,-0.7342338562011719
1420,-0.0834503173828125
1421,-8.213396072387695
1422,-0.5975990295410156
1423,-0.835357666015625
1424,0.9534206390380859
1425,1.4117431640625
1426,0.3890113830566406
1427,-10.060258865356445
1428,1.4267339706420898
1429,-0.8352012634277344
1430,2.818150043487549
1431,3.1037187576293945
1432,1.196329116821289
1433,-10.686225891113281
1434,2.8765382766723633
1435,0.9930381774902344
1436,3.424497604370117
1437,3.4907331466674805
1438,0.2646198272705078
1439,-11.617015838623047
1440,3.3591718673706055
1441,1.0174694061279297
1442,3.99861478805542
1443,3.494257926940918
1444,0.2812614440917969
1445,-11.310914993286133
1446,3.320368766784668
1447,1.083475112915039
1448,3.4382524490356445
1449,3.31925106048584
1450,0.7448081970214844
1451,-10.586172103881836
1452,3.1470956802368164
1453,1.7821121215820312
1454,3.207791328430176
1455,2.618429183959961
1456,2.1667823791503906
1457,-6.222036361694336
1458,2.549985885620117
1459,1.5773792266845703
1460,0.35373497009277344
1461,0.6935949325561523
1462,5.762958526611328
1463,-5.041016101837158
1464,0.817317008972168
1465,5.269739151000977
1466,1.3315238952636719
1467,0.9828004837036133
1468,10.353290557861328
1469,-1.7873599529266357
1470,1.4261140823364258
1471,9.603620529174805
1472,4.511132717132568
1473,1.2570991516113281
1474,11.119194030761719
1475,-1.542115330696106
1476,1.7268590927124023
1477,10.321956634521484
1478,4.766222953796387
1479,-0.1706714630126953
1480,11.405956268310547
1481,-2.575064182281494
1482,0.29311561584472656
1483,10.563425064086914
1484,4.18367862701416
1485,-1.9814691543579102
1486,0.6051559448242188
1487,-4.709555149078369
1488,-2.132047653198242
1489,0.2269763946533203
1490,-5.229557991027832
1491,-2.1292057037353516
1492,0.20298194885253906
1493,-5.228384494781494
1494,-2.1284971237182617
1495,0.1707935333251953
1496,-5.228758811950684
1497,-2.130793571472168
1498,0.1911029815673828
1499,-4.271345138549805
1500,-2.1291379928588867
1501,0.13332366943359375
1502,-4.271858215332031
1503,-2.128451347351074
1504,0.05181884765625
1505,-4.272137641906738
1506,-1.9440431594848633
1507,-0.11693191528320312
1508,-6.721144199371338
1509,-1.9585018157958984
1510,-0.27784156799316406
1511,-2.391657829284668
1512,-1.748673439025879
1513,0.5539779663085938
1514,-5.223711013793945
1515,-1.7335491180419922
1516,0.5278301239013672
1517,-3.970393657684326
1518,-0.651118278503418
1519,0.014171600341796875
1520,-8.597646713256836
1521,-0.6236486434936523
1522,-0.6191425323486328
1523,0.12578105926513672
1524,1.270573616027832
1525,-0.4708442687988281
1526,-12.011293411254883
1527,1.1232976913452148
1528,-1.2283010482788086
1529,3.8694920539855957
1530,2.8435487747192383
1531,-2.337510108947754
1532,-15.017251014709473
1533,2.4140138626098633
1534,-2.22104549407959
1535,7.328088760375977
1536,3.058772087097168
1537,-2.9558658599853516
1538,-16.164113998413086
1539,2.779080390930176
1540,-2.8507556915283203
1541,8.360457420349121
1542,3.0864381790161133
1543,-3.0293378829956055
1544,-15.908771514892578
1545,2.789743423461914
1546,-3.03249454498291
1547,7.884732246398926
1548,2.9907588958740234
1549,-2.72052001953125
1550,-15.000526428222656
1551,2.6819896697998047
1552,-2.618832588195801
1553,7.264636039733887
1554,2.7172183990478516
1555,2.042816162109375
1556,-6.254032135009766
1557,2.5710859298706055
1558,1.5632076263427734
1559,0.3864891529083252
1560,0.7939977645874023
1561,5.658790588378906
1562,-5.213669300079346
1563,0.8853607177734375
1564,5.272233963012695
1565,1.5959258079528809
1566,1.0204858779907227
1567,10.301054000854492
1568,-2.378431558609009
1569,1.3573637008666992
1570,9.87713623046875
1571,4.352662563323975
1572,1.3032312393188477
1573,11.099298477172852
1574,-2.102860689163208
1575,1.7064332962036133
1576,10.652727127075195
1577,4.549323081970215
1578,-0.1302165985107422
1579,11.320581436157227
1580,-3.1846768856048584
1581,0.10074234008789062
1582,10.837860107421875
1583,3.8423948287963867
1584,-1.8880367279052734
1585,0.9729232788085938
1586,-3.8566668033599854
1587,-2.0898380279541016
1588,0.5828571319580078
1589,-4.397205829620361
1590,-2.098388671875
1591,0.5234622955322266
1592,-4.397411346435547
1593,-2.1090736389160156
1594,0.4659080505371094
1595,-4.40031623840332
1596,-2.079766273498535
1597,0.5760936737060547
1598,-3.455080986022949
1599,-2.082040786743164
1600,0.5109939575195312
1601,-3.454200506210327
1602,-2.0868701934814453
1603,0.4416980743408203
1604,-3.4538021087646484
1605,-1.9245948791503906
1606,-0.00734710693359375
1607,-5.894326210021973
1608,-1.9433174133300781
1609,-0.036136627197265625
1610,-1.6580621004104614
1611,-1.6275815963745117
1612,0.7899169921875
1613,-4.3566741943359375
1614,-1.6158456802368164
1615,0.8218765258789062
1616,-3.1227622032165527
1617,-0.6250095367431641
1618,-0.170013427734375
1619,-7.716001033782959
1620,-0.6053981781005859
1621,-0.3858356475830078
1622,0.7663094997406006
1623,1.0056514739990234
1624,-1.8840065002441406
1625,-8.739715576171875
1626,1.0585603713989258
1627,-1.7024974822998047
1628,3.09092378616333
1629,2.267106056213379
1630,-4.532256126403809
1631,-9.144852638244629
1632,2.126620292663574
1633,-4.336681365966797
1634,2.7772650718688965
1635,2.593459129333496
1636,-5.3227386474609375
1637,-9.992040634155273
1638,2.5237131118774414
1639,-5.1067705154418945
1640,3.0456089973449707
1641,2.61385440826416
1642,-5.341640472412109
1643,-9.981815338134766
1644,2.4156665802001953
1645,-5.163692474365234
1646,2.8577027320861816
1647,2.4937047958374023
1648,-5.013208389282227
1649,-9.164335250854492
1650,2.267930030822754
1651,-4.887693405151367
1652,2.671947956085205
1653,2.782106399536133
1654,1.8327999114990234
1655,-6.270478248596191
1656,2.6981849670410156
1657,1.5417137145996094
1658,0.40472936630249023
1659,0.8984556198120117
1660,5.572546005249023
1661,-5.6545491218566895
1662,0.9680080413818359
1663,5.293910980224609
1664,0.9431595802307129
1665,1.036590576171875
1666,10.29709243774414
1667,-3.255134344100952
1668,1.2713985443115234
1669,10.01791763305664
1670,3.3361878395080566
1671,1.2854242324829102
1672,11.11968994140625
1673,-3.0462870597839355
1674,1.6612052917480469
1675,10.794605255126953
1676,3.487610340118408
1677,-0.11935234069824219
1678,11.34657096862793
1679,-4.245482444763184
1680,-0.00010585784912109375
1681,10.990310668945312
1682,2.751621723175049
1683,-1.6944341659545898
1684,1.1065235137939453
1685,-3.4043638706207275
1686,-1.9170761108398438
1687,0.6945152282714844
1688,-3.9431028366088867
1689,-1.9287090301513672
1690,0.6261959075927734
1691,-3.943700075149536
1692,-1.9434480667114258
1693,0.5610923767089844
1694,-3.946690559387207
1695,-1.909952163696289
1696,0.6957626342773438
1697,-3.04606556892395
1698,-1.9148454666137695
1699,0.6311416625976562
1700,-3.0449109077453613
1701,-1.9229965209960938
1702,0.5665206909179688
1703,-3.043717384338379
1704,-1.81683349609375
1705,0.06920623779296875
1706,-5.463446617126465
1707,-1.8214082717895508
1708,0.08484458923339844
1709,-1.4018123149871826
1710,-1.429891586303711
1711,0.8545818328857422
1712,-3.913968563079834
1713,-1.4211292266845703
1714,0.8889961242675781
1715,-2.734445571899414
1716,-0.5532245635986328
1717,-0.2813568115234375
1718,-7.270218849182129
1719,-0.4165210723876953
1720,-0.34541893005371094
1721,0.7731812000274658
1722,0.7888975143432617
1723,-2.753523826599121
1724,-8.1947603225708
1725,0.9249629974365234
1726,-2.5640201568603516
1727,1.9992051124572754
1728,1.7647638320922852
1729,-5.719457626342773
1730,-8.13458251953125
1731,1.6880407333374023
1732,-5.393836975097656
1733,0.7565517425537109
1734,2.036396026611328
1735,-6.307137489318848
1736,-8.960082054138184
1737,2.093167304992676
1738,-6.075371742248535
1739,0.8546581268310547
1740,2.096308708190918
1741,-6.332449913024902
1742,-8.86695671081543
1743,2.0100297927856445
1744,-6.0895233154296875
1745,0.49466872215270996
1746,1.987722396850586
1747,-6.076652526855469
1748,-8.111936569213867
1749,1.8912086486816406
1750,-5.906826019287109
1751,0.546579122543335
1752,2.858896255493164
1753,1.7639293670654297
1754,-6.269504547119141
1755,2.8929262161254883
1756,1.5285797119140625
1757,0.4032597541809082
1758,0.945404052734375
1759,5.465959548950195
1760,-5.740242004394531
1761,1.050339698791504
1762,5.291961669921875
1763,0.9283130168914795
1764,1.0262537002563477
1765,10.280927658081055
1766,-3.6335182189941406
1767,1.2240829467773438
1768,9.988256454467773
1769,2.9409990310668945
1770,1.281815528869629
1771,11.126808166503906
1772,-3.4762494564056396
1773,1.5677709579467773
1774,10.769737243652344
1775,3.0488948822021484
1776,-0.13037776947021484
1777,11.16335678100586
1778,-4.6803975105285645
1779,-0.05338001251220703
1780,10.881645202636719
1781,2.3841090202331543
1782,-1.5496253967285156
1783,1.0940532684326172
1784,-3.3028950691223145
1785,-1.7572708129882812
1786,0.6901435852050781
1787,-3.84456729888916
1788,-1.7676658630371094
1789,0.6314849853515625
1790,-3.844888210296631
1791,-1.7798709869384766
1792,0.577423095703125
1793,-3.8474783897399902
1794,-1.750290870666504
1795,0.6677379608154297
1796,-2.967313051223755
1797,-1.7535762786865234
1798,0.5952606201171875
1799,-2.966073989868164
1800,-1.7589406967163086
1801,0.5235614776611328
1802,-2.964740753173828
1803,-1.6720666885375977
1804,0.14168930053710938
1805,-5.393309116363525
1806,-1.6573867797851562
1807,0.08024406433105469
1808,-1.4181241989135742
1809,-1.305734634399414
1810,0.8607063293457031
1811,-3.8263933658599854
1812,-1.2800102233886719
1813,0.8635787963867188
1814,-2.6724469661712646
1815,-0.5031843185424805
1816,-0.23871231079101562
1817,-7.155126571655273
1818,-0.23877906799316406
1819,-0.4297924041748047
1820,0.6742277145385742
1821,0.7348365783691406
1822,-2.935922622680664
1823,-8.10972785949707
1824,0.9163846969604492
1825,-2.8997268676757812
1826,1.597982406616211
1827,1.5473709106445312
1828,-5.942532539367676
1829,-8.07629108428955
1830,1.5699357986450195
1831,-5.665631294250488
1832,0.2069716453552246
1833,1.8263578414916992
1834,-6.559416770935059
1835,-8.920276641845703
1836,1.962233543395996
1837,-6.35643196105957
1838,0.27812719345092773
1839,1.8746070861816406
1840,-6.611468315124512
1841,-8.80884075164795
1842,1.8757991790771484
1843,-6.495241165161133
1844,-0.11145663261413574
1845,1.7922792434692383
1846,-6.404480934143066
1847,-8.049479484558105
1848,1.7707586288452148
1849,-6.276611328125
1850,-0.015740633010864258
1851,2.9360971450805664
1852,1.7569828033447266
1853,-6.242938041687012
1854,3.021927833557129
1855,1.526815414428711
1856,0.3762092590332031
1857,0.9671287536621094
1858,5.35468864440918
1859,-5.636209487915039
1860,1.0875844955444336
1861,5.23040771484375
1862,0.9466226100921631
1863,1.0195283889770508
1864,10.248540878295898
1865,-3.473087787628174
1866,1.1905221939086914
1867,9.950326919555664
1868,3.098541736602783
1869,1.273350715637207
1870,11.113229751586914
1871,-3.3174352645874023
1872,1.4617538452148438
1873,10.730186462402344
1874,3.2219014167785645
1875,-0.13869762420654297
1876,10.968635559082031
1877,-4.51414155960083
1878,-0.09093666076660156
1879,10.816024780273438
1880,2.6007742881774902
1881,-1.4597206115722656
1882,0.9812755584716797
1883,-3.364745855331421
1884,-1.6412544250488281
1885,0.6046829223632812
1886,-3.9146904945373535
1887,-1.650008201599121
1888,0.5428886413574219
1889,-3.915419101715088
1890,-1.6601591110229492
1891,0.4880828857421875
1892,-3.9181461334228516
1893,-1.6366605758666992
1894,0.5977077484130859
1895,-3.0221827030181885
1896,-1.640334129333496
1897,0.5310401916503906
1898,-3.0210120677948
1899,-1.645400047302246
1900,0.4669818878173828
1901,-3.020009994506836
1902,-1.5552568435668945
1903,0.03798103332519531
1904,-5.4362592697143555
1905,-1.540853500366211
1906,0.0070343017578125
1907,-1.3897098302841187
1908,-1.1818504333496094
1909,0.7610511779785156
1910,-3.8710739612579346
1911,-1.1594762802124023
1912,0.7878055572509766
1913,-2.697268009185791
1914,-0.3922920227050781
1915,-0.28978729248046875
1916,-7.288448810577393
1917,-0.21482276916503906
1918,-0.4551582336425781
1919,0.7212707996368408
1920,0.9660787582397461
1921,-2.714273452758789
1922,-8.219257354736328
1923,1.0878276824951172
1924,-2.7799177169799805
1925,1.343172550201416
1926,2.013101577758789
1927,-5.46949577331543
1928,-7.9769792556762695
1929,1.8944215774536133
1930,-5.267256736755371
1931,-0.42139410972595215
1932,2.3444557189941406
1933,-6.1176862716674805
1934,-8.800851821899414
1935,2.3723649978637695
1936,-6.003966331481934
1937,-0.40354466438293457
1938,2.403256416320801
1939,-6.167028427124023
1940,-8.705787658691406
1941,2.299589157104492
1942,-6.040256500244141
1943,-0.7937922477722168
1944,2.31973934173584
1945,-5.921174049377441
1946,-7.958187580108643
1947,2.1888580322265625
1948,-5.833028793334961
1949,-0.6641201972961426
1950,3.0242652893066406
1951,1.7627677917480469
1952,-6.283832550048828
1953,3.0365514755249023
1954,1.5526695251464844
1955,0.417194128036499
1956,0.9688444137573242
1957,5.317533493041992
1958,-6.030284881591797
1959,1.0525150299072266
1960,5.2146453857421875
1961,0.8228709697723389
1962,1.016183853149414
1963,10.246086120605469
1964,-4.000820636749268
1965,1.1733789443969727
1966,9.91581916809082
1967,2.9096617698669434
1968,1.2668733596801758
1969,11.063940048217773
1970,-3.865267753601074
1971,1.3739919662475586
1972,10.683126449584961
1973,3.01682710647583
1974,-0.14226341247558594
1975,10.90916633605957
1976,-5.1776628494262695
1977,-0.12225627899169922
1978,10.778778076171875
1979,2.331780433654785
1980,-1.3241291046142578
1981,0.6467876434326172
1982,-3.9651412963867188
1983,-1.5331315994262695
1984,0.2958335876464844
1985,-4.427906036376953
1986,-1.538966178894043
1987,0.2299785614013672
1988,-4.4284467697143555
1989,-1.5466032028198242
1990,0.1747760772705078
1991,-4.430863380432129
1992,-1.536086082458496
1993,0.3100910186767578
1994,-3.598672866821289
1995,-1.5431327819824219
1996,0.2648487091064453
1997,-3.5976502895355225
1998,-1.5510787963867188
1999,0.22420310974121094
2000,-3.596787929534912
2001,-1.4586572647094727
2002,-0.20145606994628906
2003,-5.450860977172852
2004,-1.4577522277832031
2005,-0.16886329650878906
2006,-1.798332929611206
2007,-1.0757074356079102
2008,0.46521949768066406
2009,-4.298698425292969
2010,-1.0668363571166992
2011,0.5030097961425781
2012,-3.2150869369506836
2013,-0.32355403900146484
2014,-0.30093955993652344
2015,-7.496860027313232
2016,-0.1922311782836914
2017,-0.5393409729003906
2018,0.6904668807983398
2019,1.3259429931640625
2020,-2.516486167907715
2021,-8.727161407470703
2022,1.4009466171264648
2023,-2.222743034362793
2024,2.1988492012023926
2025,2.817037582397461
2026,-4.3144731521606445
2027,-8.528705596923828
2028,2.659961700439453
2029,-4.634456634521484
2030,2.756381034851074
2031,3.2190122604370117
2032,-4.813626289367676
2033,-9.445154190063477
2034,3.191962242126465
2035,-5.169116973876953
2036,3.2518129348754883
2037,3.308680534362793
2038,-4.840027809143066
2039,-9.231388092041016
2040,3.203357696533203
2041,-4.974620819091797
2042,2.8688502311706543
2043,3.1710081100463867
2044,-4.612460136413574
2045,-8.425793647766113
2046,3.011873245239258
2047,-4.913730621337891
2048,2.6067323684692383
2049,2.9926366806030273
2050,1.8857498168945312
2051,-6.260552406311035
2052,2.966320037841797
2053,1.6181373596191406
2054,0.393085241317749
2055,0.9354343414306641
2056,5.30162239074707
2057,-5.896642684936523
2058,1.0283288955688477
2059,5.208761215209961
2060,0.8982784748077393
2061,1.009622573852539
2062,10.176061630249023
2063,-3.5888874530792236
2064,1.1621942520141602
2065,9.869640350341797
2066,3.145493507385254
2067,1.258218765258789
2068,10.978124618530273
2069,-3.3994808197021484
2070,1.312067985534668
2071,10.637418746948242
2072,3.2828798294067383
2073,-0.14652729034423828
2074,10.882726669311523
2075,-4.593007564544678
2076,-0.1346893310546875
2077,10.75125503540039
2078,2.6882805824279785
2079,-1.296651840209961
2080,0.4865550994873047
2081,-3.349914073944092
2082,-1.476609230041504
2083,0.1262989044189453
2084,-3.82780122756958
2085,-1.4792242050170898
2086,0.06267547607421875
2087,-3.8281455039978027
2088,-1.4844722747802734
2089,0.008083343505859375
2090,-3.829641103744507
2091,-1.4768171310424805
2092,0.12685394287109375
2093,-2.902233123779297
2094,-1.4786262512207031
2095,0.0697479248046875
2096,-2.900977373123169
2097,-1.483560562133789
2098,0.016561508178710938
2099,-2.901059627532959
2100,-1.3723793029785156
2101,-0.38656044006347656
2102,-5.225948810577393
2103,-1.384760856628418
2104,-0.39408111572265625
2105,-1.0919126272201538
2106,-1.0637388229370117
2107,0.3161811828613281
2108,-3.8319528102874756
2109,-1.0559749603271484
2110,0.3416900634765625
2111,-2.6243157386779785
2112,-0.2790403366088867
2113,-0.3646373748779297
2114,-7.550301551818848
2115,-0.09011363983154297
2116,-0.6803016662597656
2117,1.3629779815673828
2118,1.6761484146118164
2119,-1.3260269165039062
2120,-9.39419937133789
2121,1.8242883682250977
2122,-1.2560625076293945
2123,2.531947612762451
2124,3.4793920516967773
2125,-2.0453901290893555
2126,-10.36530876159668
2127,3.679755210876465
2128,-1.6277484893798828
2129,2.3252205848693848
2130,4.003113746643066
2131,-2.198636054992676
2132,-11.250509262084961
2133,4.143784523010254
2134,-1.5865116119384766
2135,2.744083881378174
2136,4.082079887390137
2137,-2.14437198638916
2138,-11.012874603271484
2139,4.194455146789551
2140,-1.3893556594848633
2141,2.2252140045166016
2142,3.9162492752075195
2143,-2.0244874954223633
2144,-10.278121948242188
2145,4.029910087585449
2146,-1.43328857421875
2147,2.09657621383667
2148,2.94866943359375
2149,1.9574737548828125
2150,-6.259380340576172
2151,3.0096845626831055
2152,1.7407360076904297
2153,0.39188051223754883
2154,0.9121198654174805
2155,5.292470932006836
2156,-6.221926689147949
2157,1.001755714416504
2158,5.2073822021484375
2159,0.5522975921630859
2160,1.004714012145996
2161,10.043386459350586
2162,-4.082141399383545
2163,1.1373357772827148
2164,9.846599578857422
2165,2.519313335418701
2166,1.2494087219238281
2167,10.860734939575195
2168,-3.9066808223724365
2169,1.2771978378295898
2170,10.601640701293945
2171,2.6304054260253906
2172,-0.15015792846679688
2173,10.871917724609375
2174,-5.012160778045654
2175,-0.14230823516845703
2176,10.75578498840332
2177,2.0089783668518066
2178,-1.1827020645141602
2179,0.05310821533203125
2180,-2.852896213531494
2181,-1.3494367599487305
2182,-0.29589080810546875
2183,-3.341001510620117
2184,-1.3493938446044922
2185,-0.3656635284423828
2186,-3.3413302898406982
2187,-1.3505172729492188
2188,-0.4409904479980469
2189,-3.342183828353882
2190,-1.3518199920654297
2191,-0.2882881164550781
2192,-2.4396800994873047
2193,-1.3520631790161133
2194,-0.3502616882324219
2195,-2.4384591579437256
2196,-1.3537349700927734
2197,-0.4237804412841797
2198,-2.439310312271118
2199,-1.2070541381835938
2200,-0.9928932189941406
2201,-4.818819522857666
2202,-1.2255306243896484
2203,-0.9924774169921875
2204,-0.7542150020599365
2205,-0.9596576690673828
2206,-0.11867332458496094
2207,-3.3847858905792236
2208,-0.9578485488891602
2209,-0.081085205078125
2210,-2.2000489234924316
2211,-0.12746429443359375
2212,-0.5696830749511719
2213,-7.551472187042236
2214,0.13547992706298828
2215,-1.0810728073120117
2216,1.611985683441162
2217,1.6919183731079102
2218,-0.028675079345703125
2219,-9.445268630981445
2220,2.0919952392578125
2221,-0.7559261322021484
2222,2.2894749641418457
2223,3.4401960372924805
2224,1.9466438293457031
2225,-9.774791717529297
2226,3.6987905502319336
2227,0.8111648559570312
2228,1.029787540435791
2229,3.957953453063965
2230,2.3153152465820312
2231,-10.449262619018555
2232,4.122862815856934
2233,1.2838096618652344
2234,1.2377676963806152
2235,3.9697141647338867
2236,2.513059616088867
2237,-10.006492614746094
2238,4.002684593200684
2239,1.6455745697021484
2240,0.5877811908721924
2241,3.7716169357299805
2242,2.3695735931396484
2243,-9.538389205932617
2244,3.8304262161254883
2245,1.6249065399169922
2246,0.6887915134429932
2247,2.9900379180908203
2248,2.131439208984375
2249,-6.084657192230225
2250,2.989839553833008
2251,1.8518714904785156
2252,0.21365714073181152
2253,0.7701635360717773
2254,5.263494491577148
2255,-6.0463786125183105
2256,0.8137350082397461
2257,5.2090911865234375
2258,0.3837308883666992
2259,1.0257291793823242
2260,9.46104621887207
2261,-3.728154182434082
2262,1.0664739608764648
2263,9.837785720825195
2264,2.2390260696411133
2265,1.72674560546875
2266,9.011751174926758
2267,-3.5298144817352295
2268,1.2388458251953125
2269,10.579198837280273
2270,2.330608367919922
2271,-0.020936965942382812
2272,10.55006217956543
2273,-4.423286437988281
2274,-0.13785743713378906
2275,10.757492065429688
2276,1.6671233177185059
2277,-0.9518299102783203
2278,-0.95001220703125
2279,-5.40571403503418
2280,-1.0970039367675781
2281,-1.3389816284179688
2282,-5.905833721160889
2283,-1.0919313430786133
2284,-1.408726692199707
2285,-5.907470703125
2286,-1.0878887176513672
2287,-1.4779510498046875
2288,-5.909580707550049
2289,-1.103745460510254
2290,-1.3263578414916992
2291,-5.062729835510254
2292,-1.102285385131836
2293,-1.384312629699707
2294,-5.062211036682129
2295,-1.102797508239746
2296,-1.439859390258789
2297,-5.062530517578125
2298,-0.8920803070068359
2299,-1.9606266021728516
2300,-7.030065536499023
2301,-0.9135599136352539
2302,-1.930659294128418
2303,-3.2087154388427734
2304,-0.6990852355957031
2305,-1.029256820678711
2306,-5.729168891906738
2307,-0.7082605361938477
2308,-0.9886598587036133
2309,-4.6201066970825195
2310,0.22525691986083984
2311,-0.9353675842285156
2312,-9.235031127929688
2313,0.4308891296386719
2314,-1.6847896575927734
2315,0.17716336250305176
2316,1.5942840576171875
2317,1.549448013305664
2318,-10.078645706176758
2319,1.831808090209961
2320,0.195220947265625
2321,1.0031359195709229
2322,2.7527828216552734
2323,4.93658447265625
2324,-8.576858520507812
2325,2.9969024658203125
2326,2.9926395416259766
2327,-0.49831652641296387
2328,3.1446943283081055
2329,5.594987869262695
2330,-9.404596328735352
2331,3.3200674057006836
2332,3.564882278442383
2333,-0.3760542869567871
2334,3.390660285949707
2335,5.976005554199219
2336,-9.036675453186035
2337,3.259455680847168
2338,3.699563980102539
2339,-1.1852012872695923
2340,3.318305015563965
2341,5.762657165527344
2342,-8.3662109375
2343,3.147397994995117
2344,3.4716453552246094
2345,-0.8854248523712158
2346,2.9427061080932617
2347,2.4574813842773438
2348,-5.928981781005859
2349,2.98093318939209
2350,1.952667236328125
2351,0.05999422073364258
2352,0.5544500350952148
2353,5.273355484008789
2354,-4.794480323791504
2355,0.8089475631713867
2356,3.4948291778564453
2357,4.186395645141602
2358,0.9825553894042969
2359,9.60736083984375
2360,-1.1079622507095337
2361,2.029205322265625
2362,5.761466979980469
2363,7.902063369750977
2364,1.4655561447143555
2365,9.447628021240234
2366,-0.7460272312164307
2367,2.432816505432129
2368,5.96403694152832
2369,8.252846717834473
2370,-0.0997314453125
2371,10.650157928466797
2372,-1.0352195501327515
2373,1.5890083312988281
2374,7.299800872802734
2375,8.499040603637695
2376,-0.5530338287353516
2377,-2.1765689849853516
2378,-4.842610836029053
2379,-0.6842889785766602
2380,-2.5796890258789062
2381,-5.5247721672058105
2382,-0.6686811447143555
2383,-2.6328115463256836
2384,-5.526028633117676
2385,-0.6447105407714844
2386,-2.7066478729248047
2387,-5.5241522789001465
2388,-0.6956548690795898
2389,-2.5514564514160156
2390,-4.938199520111084
2391,-0.6881914138793945
2392,-2.5826282501220703
2393,-4.944578170776367
2394,-0.6832141876220703
2395,-2.6120080947875977
2396,-4.9511613845825195
2397,-0.3677816390991211
2398,-3.053900718688965
2399,-6.191523551940918
2400,-0.42783260345458984
2401,-2.986996650695801
2402,-2.8271923065185547
2403,-0.29020023345947266
2404,-2.1015872955322266
2405,-4.914034843444824
2406,-0.3038196563720703
2407,-2.051571846008301
2408,-3.919975757598877
2409,0.5948944091796875
2410,-1.6472482681274414
2411,-9.034818649291992
2412,0.7982196807861328
2413,-2.060215950012207
2414,1.0978751182556152
2415,1.2392406463623047
2416,1.9424190521240234
2417,-9.193167686462402
2418,1.2783031463623047
2419,1.3974170684814453
2420,1.0260741710662842
2421,0.5054101943969727
2422,4.980686187744141
2423,-7.251359462738037
2424,0.719447135925293
2425,4.5213165283203125
2426,0.0035686492919921875
2427,0.4007577896118164
2428,5.914577484130859
2429,-8.039556503295898
2430,0.5784549713134766
2431,5.271036148071289
2432,0.12963008880615234
2433,0.31064319610595703
2434,5.927055358886719
2435,-7.466571807861328
2436,0.47237396240234375
2437,5.452037811279297
2438,-0.7319803237915039
2439,0.34582042694091797
2440,5.612205505371094
2441,-6.984387397766113
2442,0.7043037414550781
2443,5.205747604370117
2444,-0.42583417892456055
2445,2.9090747833251953
2446,2.676321029663086
2447,-5.9247660636901855
2448,2.947333335876465
2449,2.3284873962402344
2450,0.0562899112701416
2451,0.2619638442993164
2452,5.287174224853516
2453,-4.957501411437988
2454,0.46176719665527344
2455,4.253229141235352
2456,1.2920217514038086
2457,0.8861675262451172
2458,9.670196533203125
2459,-1.8680671453475952
2460,1.0990839004516602
2461,8.719806671142578
2462,3.452678680419922
2463,1.305246353149414
2464,9.94387435913086
2465,-1.6835269927978516
2466,1.489675521850586
2467,9.577363967895508
2468,3.639781951904297
2469,-0.1916646957397461
2470,10.699831008911133
2471,-2.4417386054992676
2472,0.1865997314453125
2473,9.575115203857422
2474,3.215461254119873
2475,-0.13627147674560547
2476,-2.964287757873535
2477,-1.3825366497039795
2478,-0.1854696273803711
2479,-3.408092498779297
2480,-2.12656569480896
2481,-0.16240215301513672
2482,-3.4330406188964844
2483,-2.127657890319824
2484,-0.13626861572265625
2485,-3.4637250900268555
2486,-2.128133773803711
2487,-0.185333251953125
2488,-3.446688652038574
2489,-1.4171463251113892
2490,-0.16327381134033203
2491,-3.4971065521240234
2492,-1.4179617166519165
2493,-0.1400442123413086
2494,-3.5515317916870117
2495,-1.4185363054275513
2496,0.1705760955810547
2497,-3.626344680786133
2498,-4.078840255737305
2499,0.17650604248046875
2500,-3.732874870300293
2501,-0.8432216644287109
2502,0.07559680938720703
2503,-2.74615478515625
2504,-1.982400894165039
2505,0.07653999328613281
2506,-2.755655288696289
2507,-1.0356138944625854
2508,0.7194099426269531
2509,-1.5419387817382812
2510,-6.680512428283691
2511,1.4063081741333008
2512,-2.7203750610351562
2513,1.660398006439209
2514,-0.13383769989013672
2515,1.4009876251220703
2516,-7.272879123687744
2517,1.9847021102905273
2518,-0.9688615798950195
2519,5.966756820678711
2520,-1.5216350555419922
2521,3.208433151245117
2522,-4.112192630767822
2523,1.2773561477661133
2524,-0.29711151123046875
2525,9.915511131286621
2526,-1.8825359344482422
2527,3.7824230194091797
2528,-4.303473472595215
2529,1.2626323699951172
2530,-0.3621807098388672
2531,10.94322681427002
2532,-2.0064125061035156
2533,3.608213424682617
2534,-3.8589420318603516
2535,1.1248397827148438
2536,-0.37940406799316406
2537,10.507486343383789
2538,-1.8889074325561523
2539,3.4566173553466797
2540,-3.809861183166504
2541,1.1621122360229492
2542,-0.3168201446533203
2543,9.854649543762207
2544,2.717146873474121
2545,3.2946434020996094
2546,-5.788188934326172
2547,2.9431562423706055
2548,2.72882080078125
2549,-0.08242106437683105
2550,0.01729297637939453
2551,5.451332092285156
2552,-5.005419731140137
2553,0.18451213836669922
2554,4.807931900024414
2555,-0.27695274353027344
2556,0.8175983428955078
2557,9.710750579833984
2558,-2.2668564319610596
2559,0.8085899353027344
2560,9.215387344360352
2561,1.1321425437927246
2562,1.180558204650879
2563,9.994792938232422
2564,-1.9672183990478516
2565,1.1917343139648438
2566,9.98507308959961
2567,1.294419765472412
2568,-0.2582225799560547
2569,10.717082977294922
2570,-1.8188844919204712
2571,-0.13419818878173828
2572,10.162134170532227
2573,1.239696979522705
2574,0.3636188507080078
2575,-3.9142684936523438
2576,-2.6061084270477295
2577,0.4412059783935547
2578,-4.363015174865723
2579,-3.4270567893981934
2580,0.4649629592895508
2581,-4.369351387023926
2582,-3.4259731769561768
2583,0.4958047866821289
2584,-4.360898971557617
2585,-3.424619197845459
2586,0.4539222717285156
2587,-4.408831596374512
2588,-2.6910202503204346
2589,0.48624229431152344
2590,-4.446683883666992
2591,-2.6919772624969482
2592,0.5236787796020508
2593,-4.475749969482422
2594,-2.691115617752075
2595,0.7942438125610352
2596,-4.335794448852539
2597,-5.1000237464904785
2598,0.8487586975097656
2599,-4.476173400878906
2600,-1.7240885496139526
2601,0.5251216888427734
2602,-3.590451240539551
2603,-3.1571171283721924
2604,0.537628173828125
2605,-3.615981101989746
2606,-2.2466959953308105
2607,0.9619369506835938
2608,-1.9644155502319336
2609,-6.99219274520874
2610,1.6486291885375977
2611,-2.826457977294922
2612,0.6056201457977295
2613,-0.7424736022949219
2614,-0.46686744689941406
2615,-7.816872596740723
2616,0.49273204803466797
2617,-1.521296501159668
2618,2.938260078430176
2619,-2.356818199157715
2620,-0.8258342742919922
2621,-5.966359615325928
2622,-1.58880615234375
2623,-1.494582176208496
2624,2.434187412261963
2625,-2.916499137878418
2626,-0.859039306640625
2627,-5.879129409790039
2628,-1.5201187133789062
2629,-2.1382570266723633
2630,2.307384967803955
2631,-2.8547754287719727
2632,-1.3636722564697266
2633,-3.9880638122558594
2634,-1.9823799133300781
2635,-2.2158212661743164
2636,1.4654860496520996
2637,-2.6662464141845703
2638,-1.3312053680419922
2639,-5.60929536819458
2640,-1.9228620529174805
2641,-1.9336347579956055
2642,1.9922304153442383
2643,2.4640941619873047
2644,3.6488895416259766
2645,-5.695008277893066
2646,2.7315521240234375
2647,3.091909408569336
2648,-0.17487645149230957
2649,-0.32944297790527344
2650,5.594919204711914
2651,-5.079545974731445
2652,-0.1613788604736328
2653,5.129638671875
2654,-0.015147686004638672
2655,0.7292652130126953
2656,9.721931457519531
2657,-2.2733774185180664
2658,0.7180814743041992
2659,9.495235443115234
2660,2.5946474075317383
2661,1.118626594543457
2662,10.149272918701172
2663,-1.8910163640975952
2664,1.0867681503295898
2665,10.198429107666016
2666,2.700009346008301
2667,-0.3254203796386719
2668,10.724267959594727
2669,-1.534036636352539
2670,-0.24254131317138672
2671,10.243888854980469
2672,2.105485439300537
2673,0.8408880233764648
2674,-4.829009056091309
2675,-6.227110385894775
2676,0.9657917022705078
2677,-5.216670036315918
2678,-6.763781547546387
2679,0.9984598159790039
2680,-5.203070640563965
2681,-6.76375150680542
2682,1.034071922302246
2683,-5.183582305908203
2684,-6.765895843505859
2685,0.9542264938354492
2686,-5.265292167663574
2687,-5.949680328369141
2688,0.9839382171630859
2689,-5.25059700012207
2690,-5.94970178604126
2691,1.0127792358398438
2692,-5.254693984985352
2693,-5.948821067810059
2694,1.374323844909668
2695,-4.927247047424316
2696,-7.885672569274902
2697,1.358475685119629
2698,-5.037961959838867
2699,-4.219715118408203
2700,0.9716606140136719
2701,-4.399715423583984
2702,-6.556787014007568
2703,0.9532880783081055
2704,-4.412700653076172
2705,-5.493219375610352
2706,1.421828269958496
2707,-2.650263786315918
2708,-9.446364402770996
2709,1.71405029296875
2710,-3.2409591674804688
2711,-1.831327199935913
2712,-0.5166873931884766
2713,-3.501241683959961
2714,-11.289841651916504
2715,-0.10726165771484375
2716,-3.669081687927246
2717,-0.5257327556610107
2718,-1.7925071716308594
2719,-5.984684944152832
2720,-11.185168266296387
2721,-1.5054197311401367
2722,-5.758115768432617
2723,-2.0268304347991943
2724,-2.0552310943603516
2725,-6.370414733886719
2726,-12.462706565856934
2727,-1.7016448974609375
2728,-6.283509254455566
2729,-2.3172755241394043
2730,-1.8698301315307617
2731,-6.496492385864258
2732,-11.971029281616211
2733,-1.6504583358764648
2734,-6.382686614990234
2735,-2.9829416275024414
2736,-1.8073348999023438
2737,-6.381954193115234
2738,-11.0966157913208
2739,-1.603647232055664
2740,-6.21787166595459
2741,-2.4053421020507812
2742,2.2553539276123047
2743,3.633554458618164
2744,-5.614772796630859
2745,2.3457698822021484
2746,3.054208755493164
2747,-0.2540879249572754
2748,-0.46207618713378906
2749,5.749177932739258
2750,-4.702216625213623
2751,-0.2623128890991211
2752,5.224712371826172
2753,0.4673018455505371
2754,0.6454315185546875
2755,9.739017486572266
2756,-0.818389892578125
2757,0.6190414428710938
2758,9.443197250366211
2759,4.755448341369629
2760,1.0164642333984375
2761,10.209234237670898
2762,-0.32869386672973633
2763,0.9978485107421875
2764,10.151863098144531
2765,5.202925682067871
2766,-0.43851280212402344
2767,10.729528427124023
2768,0.12041091918945312
2769,-0.3426809310913086
2770,10.150806427001953
2771,5.263040542602539
2772,1.4833688735961914
2773,-5.930143356323242
2774,-5.148674964904785
2775,1.6645450592041016
2776,-6.166536331176758
2777,-5.6781206130981445
2778,1.6893682479858398
2779,-6.136014938354492
2780,-5.678817272186279
2781,1.7152433395385742
2782,-6.102083206176758
2783,-5.680660247802734
2784,1.6723365783691406
2785,-6.198241233825684
2786,-4.838469505310059
2787,1.700577735900879
2788,-6.186315536499023
2789,-4.837843894958496
2790,1.7302274703979492
2791,-6.173549652099609
2792,-4.837260723114014
2793,1.9231195449829102
2794,-5.619330406188965
2795,-7.019848823547363
2796,1.9746265411376953
2797,-5.7476911544799805
2798,-3.23984694480896
2799,1.5039796829223633
2800,-5.469789505004883
2801,-5.558807849884033
2802,1.5030555725097656
2803,-5.490766525268555
2804,-4.464137077331543
2805,1.612905502319336
2806,-3.4718189239501953
2807,-8.796296119689941
2808,2.122401237487793
2809,-3.9393510818481445
2810,-0.9965345859527588
2811,-0.06598472595214844
2812,-6.123922348022461
2813,-11.35708999633789
2814,0.9448614120483398
2815,-5.850590705871582
2816,1.1696982383728027
2817,-0.41796016693115234
2818,-9.319252967834473
2819,-12.17807388305664
2820,0.016600608825683594
2821,-7.799429893493652
2822,0.49804115295410156
2823,-0.4367246627807617
2824,-9.555025100708008
2825,-13.423776626586914
2826,0.2136974334716797
2827,-8.7439603805542
2828,0.6394846439361572
2829,-0.3207082748413086
2830,-9.63347053527832
2831,-13.036426544189453
2832,0.05932044982910156
2833,-8.39371395111084
2834,-0.013458967208862305
2835,-0.3268566131591797
2836,-9.597884178161621
2837,-12.093393325805664
2838,0.07151222229003906
2839,-8.228009223937988
2840,0.1861119270324707
2841,1.9917716979980469
2842,3.409038543701172
2843,-5.648530960083008
2844,2.0890655517578125
2845,2.7851638793945312
2846,-0.219618558883667
2847,-0.6087837219238281
2848,5.751123428344727
2849,-4.777772903442383
2850,-0.31221580505371094
2851,5.184492111206055
2852,0.7656965255737305
2853,0.555943489074707
2854,9.755090713500977
2855,-1.421314001083374
2856,0.6668205261230469
2857,8.177389144897461
2858,4.750805377960205
2859,0.9417343139648438
2860,10.236988067626953
2861,-1.2048206329345703
2862,1.012497901916504
2863,8.601999282836914
2864,5.138401031494141
2865,-0.48184680938720703
2866,10.740703582763672
2867,-1.3837019205093384
2868,-0.055649757385253906
2869,9.045856475830078
2870,5.399614334106445
2871,2.38002872467041
2872,-6.894030570983887
2873,-5.515984058380127
2874,2.6139659881591797
2875,-6.821171760559082
2876,-6.01415491104126
2877,2.6316089630126953
2878,-6.762795448303223
2879,-6.014870643615723
2880,2.64337158203125
2881,-6.716490745544434
2882,-6.0170440673828125
2883,2.6077823638916016
2884,-6.863681793212891
2885,-5.19126033782959
2886,2.6208229064941406
2887,-6.83536434173584
2888,-5.190662860870361
2889,2.6297178268432617
2890,-6.81577205657959
2891,-5.189729690551758
2892,2.630934715270996
2893,-6.227540016174316
2894,-7.400025367736816
2895,2.7024621963500977
2896,-6.305453300476074
2897,-3.6538801193237305
2898,2.332151412963867
2899,-6.510190963745117
2900,-5.962551116943359
2901,2.31050968170166
2902,-6.564419746398926
2903,-4.879430770874023
2904,1.9747467041015625
2905,-4.538028717041016
2906,-9.000479698181152
2907,2.2258214950561523
2908,-4.840137481689453
2909,-1.5398449897766113
2910,1.1166629791259766
2911,-8.225974082946777
2912,-11.179224014282227
2913,1.498967170715332
2914,-7.949902534484863
2915,0.02300095558166504
2916,1.9817628860473633
2917,-11.281060218811035
2918,-11.278865814208984
2919,1.939950942993164
2920,-10.22258186340332
2921,-1.397767186164856
2922,2.2023983001708984
2923,-11.976574897766113
2924,-12.503372192382812
2925,2.215015411376953
2926,-10.912062644958496
2927,-1.6125856637954712
2928,2.425980567932129
2929,-11.921958923339844
2930,-12.108555793762207
2931,2.352771759033203
2932,-10.79875659942627
2933,-2.0929462909698486
2934,2.3649654388427734
2935,-11.676671981811523
2936,-11.192564964294434
2937,2.318539619445801
2938,-10.653675079345703
2939,-1.7279030084609985
2940,1.728398323059082
2941,3.013856887817383
2942,-5.694692611694336
2943,1.781545639038086
2944,2.174196243286133
2945,-0.17360901832580566
2946,-0.6462163925170898
2947,5.688596725463867
2948,-4.513745307922363
2949,-0.25293731689453125
2950,4.562919616699219
2951,1.2605690956115723
2952,0.5230245590209961
2953,9.721475601196289
2954,-2.198763847351074
2955,0.48868656158447266
2956,8.025484085083008
2957,4.40762996673584
2958,0.9272680282592773
2959,10.30286979675293
2960,-2.1123626232147217
2961,0.7674236297607422
2962,8.440523147583008
2963,4.712884426116943
2964,-0.5033760070800781
2965,10.790864944458008
2966,-2.503413438796997
2967,-0.11929988861083984
2968,9.208648681640625
2969,4.71596097946167
2970,3.269320487976074
2971,-7.2941083908081055
2972,-5.236838340759277
2973,3.474673271179199
2974,-7.18563175201416
2975,-5.759261131286621
2976,3.4778318405151367
2977,-7.140181541442871
2978,-5.759988784790039
2979,3.474738121032715
2980,-7.09605598449707
2981,-5.761910438537598
2982,3.473727226257324
2983,-7.204444885253906
2984,-4.9503583908081055
2985,3.4793386459350586
2986,-7.17296028137207
2987,-4.948984146118164
2988,3.480433464050293
2989,-7.139199256896973
2990,-4.94841194152832
2991,3.347844123840332
2992,-6.656742095947266
2993,-7.250820159912109
2994,3.3936548233032227
2995,-6.664884567260742
2996,-3.535010814666748
2997,3.1766929626464844
2998,-7.05003547668457
2999,-5.717166900634766
3000,3.167586326599121
3001,-7.090147018432617
3002,-4.6389055252075195
3003,2.424182891845703
3004,-5.162777900695801
3005,-9.0169038772583
3006,2.568695068359375
3007,-5.37185001373291
3008,-1.4724392890930176
3009,2.625441551208496
3010,-8.89695930480957
3011,-11.488286018371582
3012,2.6337175369262695
3013,-8.624431610107422
3014,-0.2402191162109375
3015,3.74855899810791
3016,-11.119119644165039
3017,-12.196549415588379
3018,3.399918556213379
3019,-10.603697776794434
3020,-2.078244209289551
3021,4.051907539367676
3022,-11.697042465209961
3023,-13.426971435546875
3024,3.7781496047973633
3025,-10.906354904174805
3026,-2.318075656890869
3027,4.265017509460449
3028,-11.65155029296875
3029,-13.063852310180664
3030,3.822464942932129
3031,-10.929498672485352
3032,-2.942840337753296
3033,4.183110237121582
3034,-11.383672714233398
3035,-12.142053604125977
3036,3.654679298400879
3037,-10.904247283935547
3038,-2.470609188079834
3039,1.3602705001831055
3040,1.7924747467041016
3041,-5.718723773956299
3042,1.4733552932739258
3043,0.9946823120117188
3044,-0.14870357513427734
3045,-0.5820045471191406
3046,5.424924850463867
3047,-4.411271572113037
3048,0.43846797943115234
3049,1.7480964660644531
3050,4.075891971588135
3051,0.4579582214355469
3052,9.507247924804688
3053,-2.512514114379883
3054,0.6962957382202148
3055,4.921415328979492
3056,7.826629638671875
3057,0.8883380889892578
3058,10.222923278808594
3059,-2.4614105224609375
3060,0.9607439041137695
3061,5.308237075805664
3062,8.153212547302246
3063,-0.49317169189453125
3064,10.799005508422852
3065,-4.028460502624512
3066,0.45476722717285156
3067,6.136341094970703
3068,7.699187278747559
3069,4.1120405197143555
3070,-7.724030494689941
3071,-5.835314750671387
3072,4.303727149963379
3073,-7.250942230224609
3074,-6.2891435623168945
3075,4.29708194732666
3076,-7.197782516479492
3077,-6.290218353271484
3078,4.285212516784668
3079,-7.155869483947754
3080,-6.292062759399414
3081,4.3071184158325195
3082,-7.286842346191406
3083,-5.542999267578125
3084,4.306519508361816
3085,-7.251323699951172
3086,-5.541085243225098
3087,4.300484657287598
3088,-7.221035957336426
3089,-5.538808822631836
3090,4.010989189147949
3091,-6.8503570556640625
3092,-7.550615310668945
3093,4.048727989196777
3094,-6.805032730102539
3095,-4.121922492980957
3096,3.876236915588379
3097,-7.551296234130859
3098,-6.2455291748046875
3099,3.878048896789551
3100,-7.601953506469727
3101,-5.252352714538574
3102,2.9170303344726562
3103,-6.219987869262695
3104,-9.230762481689453
3105,2.977916717529297
3106,-6.471575736999512
3107,-2.31706166267395
3108,4.160250663757324
3109,-9.45071029663086
3110,-11.84219741821289
3111,3.9766664505004883
3112,-9.605927467346191
3113,-1.3019094467163086
3114,5.908921241760254
3115,-10.706509590148926
3116,-13.146065711975098
3117,5.209427833557129
3118,-10.60246467590332
3119,-2.9229726791381836
3120,6.538830757141113
3121,-11.160152435302734
3122,-14.365254402160645
3123,5.907073020935059
3124,-10.585420608520508
3125,-3.1483871936798096
3126,6.604901313781738
3127,-10.821147918701172
3128,-13.971693992614746
3129,5.816464424133301
3130,-10.53328800201416
3131,-3.698798894882202
3132,6.287816047668457
3133,-10.830377578735352
3134,-13.089216232299805
3135,5.6154890060424805
3136,-10.597570419311523
3137,-3.2612123489379883
3138,1.0179662704467773
3139,-0.11127471923828125
3140,-5.663501739501953
3141,1.184769630432129
3142,-0.5610637664794922
3143,-0.20390892028808594
3144,-0.530491828918457
3145,4.297658920288086
3146,-4.730538368225098
3147,0.022459983825683594
3148,2.783069610595703
3149,1.072960376739502
3150,0.10062217712402344
3151,8.950817108154297
3152,-3.677790641784668
3153,0.1993579864501953
3154,6.479074478149414
3155,3.4953532218933105
3156,0.5638389587402344
3157,9.632326126098633
3158,-3.60854434967041
3159,0.644627571105957
3160,6.992969512939453
3161,3.6597070693969727
3162,-0.6333103179931641
3163,10.789377212524414
3164,-5.704981803894043
3165,0.12787818908691406
3166,8.502567291259766
3167,2.1925950050354004
3168,4.895585060119629
3169,-7.510594367980957
3170,-4.868101596832275
3171,5.007332801818848
3172,-7.10723876953125
3173,-5.186541557312012
3174,4.9872941970825195
3175,-7.079933166503906
3176,-5.188029766082764
3177,4.956852912902832
3178,-7.008920669555664
3179,-5.188817024230957
3180,5.0139265060424805
3181,-7.090576171875
3182,-4.529660224914551
3183,4.995099067687988
3184,-7.058306694030762
3185,-4.528337478637695
3186,4.9688825607299805
3187,-6.981863975524902
3188,-4.524211406707764
3189,4.578282356262207
3190,-6.828494071960449
3191,-6.3526611328125
3192,4.6197404861450195
3193,-6.735677719116211
3194,-3.3052351474761963
3195,4.595517158508301
3196,-7.585967063903809
3197,-5.306716442108154
3198,4.612431526184082
3199,-7.546180725097656
3200,-4.469274520874023
3201,3.3497724533081055
3202,-6.7110395431518555
3203,-8.19242000579834
3204,3.405146598815918
3205,-6.762778282165527
3206,-1.4457565546035767
3207,4.692660331726074
3208,-9.363258361816406
3209,-10.79410171508789
3210,4.5606584548950195
3211,-9.466983795166016
3212,-0.3833122253417969
3213,6.528597831726074
3214,-9.580398559570312
3215,-11.765427589416504
3216,6.255570411682129
3217,-9.767284393310547
3218,-1.5498783588409424
3219,6.944674491882324
3220,-9.761894226074219
3221,-12.894718170166016
3222,6.631424903869629
3223,-9.576354026794434
3224,-1.6695048809051514
3225,6.933228492736816
3226,-9.456010818481445
3227,-12.481317520141602
3228,6.640286445617676
3229,-9.557788848876953
3230,-2.0901854038238525
3231,6.798199653625488
3232,-9.498247146606445
3233,-11.687752723693848
3234,6.5096330642700195
3235,-9.683443069458008
3236,-1.830591082572937
3237,0.8231563568115234
3238,-1.4829378128051758
3239,-5.669760227203369
3240,1.0402946472167969
3241,-1.6760568618774414
3242,-0.19866371154785156
3243,-0.7897968292236328
3244,2.6579666137695312
3245,-5.5096282958984375
3246,-0.2864704132080078
3247,2.1899471282958984
3248,0.006413936614990234
3249,-0.044320106506347656
3250,7.3472442626953125
3251,-4.315418720245361
3252,0.044356346130371094
3253,6.452974319458008
3254,2.2297487258911133
3255,0.44045066833496094
3256,7.609325408935547
3257,-4.1639485359191895
3258,0.5211782455444336
3259,6.67228889465332
3260,2.3919529914855957
3261,-0.6123800277709961
3262,9.634708404541016
3263,-5.800698280334473
3264,-0.3034076690673828
3265,8.531574249267578
3266,1.0049965381622314
3267,5.47744083404541
3268,-6.830785751342773
3269,-6.468152046203613
3270,5.486292839050293
3271,-6.454107284545898
3272,-6.9512200355529785
3273,5.454375267028809
3274,-6.427309989929199
3275,-6.951594829559326
3276,5.421795845031738
3277,-6.3931779861450195
3278,-6.952612400054932
3279,5.484574317932129
3280,-6.475258827209473
3281,-6.204518795013428
3282,5.453320503234863
3283,-6.461629867553711
3284,-6.204270839691162
3285,5.423428535461426
3286,-6.437359809875488
3287,-6.201462745666504
3288,4.979327201843262
3289,-6.386889457702637
3290,-8.277274131774902
3291,5.032912254333496
3292,-6.336530685424805
3293,-4.825651168823242
3294,5.181130409240723
3295,-7.043881416320801
3296,-6.927245616912842
3297,5.199149131774902
3298,-7.026236534118652
3299,-5.938961982727051
3300,3.7865400314331055
3301,-6.917291641235352
3302,-9.75776195526123
3303,3.8591203689575195
3304,-6.744376182556152
3305,-2.804600238800049
3306,5.177292823791504
3307,-9.49917984008789
3308,-11.851458549499512
3309,5.179257392883301
3310,-9.305290222167969
3311,-1.7231340408325195
3312,7.061764717102051
3313,-9.30893611907959
3314,-13.065958976745605
3315,6.944823265075684
3316,-9.663490295410156
3317,-2.2903497219085693
3318,7.540297508239746
3319,-9.26335620880127
3320,-14.27946662902832
3321,7.386012077331543
3322,-9.37735652923584
3323,-2.3445677757263184
3324,7.489747047424316
3325,-9.044014930725098
3326,-13.928253173828125
3327,7.376084327697754
3328,-9.337923049926758
3329,-2.7505831718444824
3330,7.410885810852051
3331,-9.065192222595215
3332,-13.02257251739502
3333,7.204537391662598
3334,-9.492960929870605
3335,-2.550309181213379
3336,0.894221305847168
3337,-2.3309249877929688
3338,-5.66599178314209
3339,1.0485095977783203
3340,-2.4017562866210938
3341,-0.20361995697021484
3342,-1.32147216796875
3343,0.729705810546875
3344,-6.575136184692383
3345,-0.8087615966796875
3346,0.5832386016845703
3347,0.3622608184814453
3348,-0.20590877532958984
3349,4.9845428466796875
3350,-3.824308395385742
3351,-0.1661529541015625
3352,4.621015548706055
3353,3.0240159034729004
3354,0.2540569305419922
3355,5.12493896484375
3356,-3.813854455947876
3357,0.33046817779541016
3358,4.745935440063477
3359,3.2345709800720215
3360,-0.5898666381835938
3361,7.514739990234375
3362,-4.688714027404785
3363,-0.38138771057128906
3364,7.192453384399414
3365,2.2748193740844727
3366,5.766997337341309
3367,-6.440080642700195
3368,-4.599539756774902
3369,5.747586250305176
3370,-6.08846378326416
3371,-5.000750541687012
3372,5.717358589172363
3373,-6.066120147705078
3374,-5.000842094421387
3375,5.669304847717285
3376,-6.029212951660156
3377,-5.002188205718994
3378,5.758223533630371
3379,-6.103615760803223
3380,-4.198853015899658
3381,5.737139701843262
3382,-6.089420318603516
3383,-4.199077129364014
3384,5.708622932434082
3385,-6.056910514831543
3386,-4.198581695556641
3387,5.315062522888184
3388,-6.026189804077148
3389,-6.2407684326171875
3390,5.368350028991699
3391,-5.978763580322266
3392,-2.5723841190338135
3393,5.480299949645996
3394,-6.681514739990234
3395,-5.066013336181641
3396,5.521794319152832
3397,-6.639402389526367
3398,-4.015721321105957
3399,4.212555885314941
3400,-6.831911087036133
3401,-8.517290115356445
3402,4.243988990783691
3403,-6.576604843139648
3404,-0.38730287551879883
3405,5.567399024963379
3406,-9.317983627319336
3407,-10.731420516967773
3408,5.326275825500488
3409,-8.811714172363281
3410,0.10618424415588379
3411,7.380505561828613
3412,-9.832069396972656
3413,-11.935050964355469
3414,6.92849063873291
3415,-9.5720796585083
3416,-2.154191017150879
3417,7.787327766418457
3418,-9.900457382202148
3419,-13.768564224243164
3420,7.417101860046387
3421,-9.467803001403809
3422,-1.9124375581741333
3423,7.839018821716309
3424,-9.515091896057129
3425,-13.185370445251465
3426,7.410494804382324
3427,-9.284337997436523
3428,-2.6335198879241943
3429,7.696255683898926
3430,-9.608160018920898
3431,-11.791372299194336
3432,7.328230857849121
3433,-9.465768814086914
3434,-2.422489643096924
3435,0.987823486328125
3436,-2.7968215942382812
3437,-5.711717128753662
3438,1.0702447891235352
3439,-2.7779130935668945
3440,-0.15549135208129883
3441,-1.838871955871582
3442,-1.5467853546142578
3443,-8.095101356506348
3444,-1.261098861694336
3445,-1.4429998397827148
3446,-0.4313163757324219
3447,-0.526280403137207
3448,2.5835094451904297
3449,-4.452539920806885
3450,-0.49589061737060547
3451,2.403165817260742
3452,2.3342032432556152
3453,-0.04216289520263672
3454,2.718923568725586
3455,-4.065664291381836
3456,0.005208015441894531
3457,2.5083160400390625
3458,2.531736373901367
3459,-0.7169485092163086
3460,5.120185852050781
3461,-4.218259334564209
3462,-0.5992698669433594
3463,5.107297897338867
3464,2.2596421241760254
3465,5.8819990158081055
3466,-6.135970115661621
3467,-7.839788913726807
3468,5.844454765319824
3469,-5.885677337646484
3470,-8.233046531677246
3471,5.806698799133301
3472,-5.799688339233398
3473,-8.232324600219727
3474,5.765135765075684
3475,-5.745453834533691
3476,-8.234427452087402
3477,5.9001569747924805
3478,-5.956791877746582
3479,-7.434362411499023
3480,5.878016471862793
3481,-5.884182929992676
3482,-7.434844970703125
3483,5.865225791931152
3484,-5.860140800476074
3485,-7.433568954467773
3486,5.446122169494629
3487,-5.738278388977051
3488,-9.305352210998535
3489,5.536257743835449
3490,-5.899340629577637
3491,-5.664552688598633
3492,5.609953880310059
3493,-6.2579193115234375
3494,-8.20053482055664
3495,5.664839744567871
3496,-6.2502641677856445
3497,-7.1474199295043945
3498,4.286623954772949
3499,-6.301436424255371
3500,-11.19809341430664
3501,4.520138740539551
3502,-6.346518516540527
3503,-3.3073620796203613
3504,5.2900190353393555
3505,-9.018672943115234
3506,-13.759994506835938
3507,5.454028129577637
3508,-9.118945121765137
3509,-2.585052967071533
3510,7.3119707107543945
3511,-10.861043930053711
3512,-14.773077964782715
3513,7.156167030334473
3514,-10.980985641479492
3515,-4.238492488861084
3516,7.6171979904174805
3517,-11.438592910766602
3518,-16.244613647460938
3519,7.538632392883301
3520,-11.327974319458008
3521,-4.1058502197265625
3522,7.8530378341674805
3523,-11.160581588745117
3524,-15.587526321411133
3525,7.6821489334106445
3526,-11.417840957641602
3527,-4.7217912673950195
3528,7.682267189025879
3529,-11.091951370239258
3530,-14.621647834777832
3531,7.483534812927246
3532,-11.181467056274414
3533,-4.5650177001953125
3534,1.0397567749023438
3535,-2.8897647857666016
3536,-5.770992279052734
3537,1.1861448287963867
3538,-3.2127761840820312
3539,-0.09681200981140137
3540,-1.7818107604980469
3541,-4.00124454498291
3542,-7.17012357711792
3543,-1.2410449981689453
3544,-3.8875198364257812
3545,0.2606332302093506
3546,-0.8795652389526367
3547,0.3086357116699219
3548,-3.0257325172424316
3549,-0.7964725494384766
3550,-0.062381744384765625
3551,4.295073509216309
3552,-0.38934993743896484
3553,0.5951805114746094
3554,-2.398629665374756
3555,-0.2698955535888672
3556,0.1398468017578125
3557,4.61299991607666
3558,-1.3610820770263672
3559,2.370473861694336
3560,-1.11379075050354
3561,-1.2450799942016602
3562,2.2222957611083984
3563,5.188100814819336
3564,6.125260353088379
3565,-5.016368865966797
3566,-8.790199279785156
3567,6.099486351013184
3568,-4.515159606933594
3569,-9.184772491455078
3570,6.039841651916504
3571,-4.455181121826172
3572,-9.183670043945312
3573,5.989800453186035
3574,-4.433441162109375
3575,-9.185523986816406
3576,6.137080192565918
3577,-4.540639877319336
3578,-8.461599349975586
3579,6.12210750579834
3580,-4.520240783691406
3581,-8.462615966796875
3582,6.103764533996582
3583,-4.51519775390625
3584,-8.460723876953125
3585,5.646243095397949
3586,-4.669528961181641
3587,-10.18510913848877
3588,5.748629570007324
3589,-4.687979698181152
3590,-6.892996311187744
3591,5.829529762268066
3592,-5.360589981079102
3593,-9.095394134521484
3594,5.886082649230957
3595,-5.415122985839844
3596,-8.147695541381836
3597,4.40352725982666
3598,-6.0116424560546875
3599,-11.800686836242676
3600,4.782803535461426
3601,-5.983086585998535
3602,-4.26858377456665
3603,5.209891319274902
3604,-9.28130054473877
3605,-13.50990104675293
3606,5.489649772644043
3607,-9.17784309387207
3608,-3.1242141723632812
3609,6.933066368103027
3610,-11.711090087890625
3611,-13.619844436645508
3612,6.9748029708862305
3613,-11.386201858520508
3614,-4.340518474578857
3615,7.2212934494018555
3616,-12.315877914428711
3617,-14.943672180175781
3618,7.500479698181152
3619,-11.792972564697266
3620,-4.173381328582764
3621,7.416979789733887
3622,-12.106968879699707
3623,-14.37476634979248
3624,7.4853925704956055
3625,-11.926742553710938
3626,-4.873518466949463
3627,7.313693046569824
3628,-11.919456481933594
3629,-13.470842361450195
3630,7.370959281921387
3631,-11.787068367004395
3632,-4.67653751373291
3633,0.8772106170654297
3634,-3.0416736602783203
3635,-5.777819633483887
3636,1.2163820266723633
3637,-3.287637710571289
3638,-0.09024548530578613
3639,-1.4542760848999023
3640,-6.510100364685059
3641,-5.127580642700195
3642,-0.9137840270996094
3643,-6.299400329589844
3644,2.7984981536865234
3645,-1.545969009399414
3646,-1.7019596099853516
3647,-1.7657816410064697
3648,-1.1598129272460938
3649,-2.162607192993164
3650,5.793708801269531
3651,-1.268564224243164
3652,-1.0060691833496094
3653,-1.2549312114715576
3654,-0.703277587890625
3655,-1.5249710083007812
3656,6.084231376647949
3657,-2.443182945251465
3658,-0.6042518615722656
3659,0.5992932319641113
3660,-1.633711814880371
3661,-1.2677230834960938
3662,7.382753372192383
3663,6.021811485290527
3664,-4.096705436706543
3665,-7.8653154373168945
3666,6.0115556716918945
3667,-3.476062774658203
3668,-8.210540771484375
3669,5.955439567565918
3670,-3.4317073822021484
3671,-8.210506439208984
3672,5.910300254821777
3673,-3.4113779067993164
3674,-8.212271690368652
3675,6.039746284484863
3676,-3.4865636825561523
3677,-7.546982288360596
3678,6.028552055358887
3679,-3.4645490646362305
3680,-7.5481367111206055
3681,6.015685081481934
3682,-3.449570655822754
3683,-7.545829772949219
3684,5.563630104064941
3685,-3.6019134521484375
3686,-9.013842582702637
3687,5.667189598083496
3688,-3.604903221130371
3689,-5.943148612976074
3690,5.750048637390137
3691,-4.39759635925293
3692,-8.091777801513672
3693,5.7880353927612305
3694,-4.454350471496582
3695,-7.212764739990234
3696,4.348757743835449
3697,-5.471346855163574
3698,-10.680984497070312
3699,4.671755790710449
3700,-5.247320175170898
3701,-3.3981449604034424
3702,4.702980995178223
3703,-8.846989631652832
3704,-12.643280982971191
3705,5.0946245193481445
3706,-8.97146987915039
3707,-2.324821949005127
3708,6.104538917541504
3709,-11.588693618774414
3710,-13.500901222229004
3711,6.312136650085449
3712,-11.413956642150879
3713,-3.6130170822143555
3714,6.413243293762207
3715,-12.212454795837402
3716,-14.325348854064941
3717,6.7085065841674805
3718,-11.650463104248047
3719,-3.4056718349456787
3720,6.542153358459473
3721,-12.07408332824707
3722,-13.903361320495605
3723,6.826685905456543
3724,-11.427583694458008
3725,-4.2609357833862305
3726,6.428322792053223
3727,-11.890608787536621
3728,-13.164899826049805
3729,6.606427192687988
3730,-11.75577163696289
3731,-3.9826278686523438
3732,0.8361454010009766
3733,-3.049917221069336
3734,-5.646718978881836
3735,1.1774616241455078
3736,-3.2946109771728516
3737,-0.2171773910522461
3738,-0.33571815490722656
3739,-8.126216888427734
3740,-6.080633163452148
3741,0.47292041778564453
3742,-7.585367202758789
3743,0.9891726970672607
3744,-1.9392690658569336
3745,-4.473963737487793
3746,-2.2312822341918945
3747,-1.3414373397827148
3748,-4.930055618286133
3749,5.269201278686523
3750,-1.9471626281738281
3751,-3.5459251403808594
3752,-1.819097638130188
3753,-1.4668502807617188
3754,-4.009799957275391
3755,5.3616533279418945
3756,-3.0351791381835938
3757,-4.476027488708496
3758,-0.5273077487945557
3759,-2.3054447174072266
3760,-4.765887260437012
3761,6.008244514465332
3762,5.626236915588379
3763,-2.9649696350097656
3764,-7.907290935516357
3765,5.6131696701049805
3766,-2.394855499267578
3767,-8.32192611694336
3768,5.575057029724121
3769,-2.377068519592285
3770,-8.322249412536621
3771,5.536084175109863
3772,-2.3701171875
3773,-8.323368072509766
3774,5.634320259094238
3775,-2.380094528198242
3776,-7.638312339782715
3777,5.618285179138184
3778,-2.354302406311035
3779,-7.641037464141846
3780,5.597229957580566
3781,-2.337778091430664
3782,-7.640153408050537
3783,5.239060401916504
3784,-2.37701416015625
3785,-9.02244758605957
3786,5.313084602355957
3787,-2.3055877685546875
3788,-5.912539005279541
3789,5.377266883850098
3790,-3.1075973510742188
3791,-8.103351593017578
3792,5.395600318908691
3793,-3.1246728897094727
3794,-7.20109224319458
3795,4.098837852478027
3796,-4.067424774169922
3797,-10.821557998657227
3798,4.256110191345215
3799,-3.686616897583008
3800,-3.0392425060272217
3801,3.9054555892944336
3802,-7.856195449829102
3803,-12.294655799865723
3804,3.602787971496582
3805,-6.998259544372559
3806,-2.0891976356506348
3807,4.698473930358887
3808,-10.927364349365234
3809,-11.955348014831543
3810,2.9397287368774414
3811,-11.024192810058594
3812,-3.5081069469451904
3813,4.926085472106934
3814,-11.696102142333984
3815,-13.127023696899414
3816,3.0667724609375
3817,-11.04731559753418
3818,-3.1910767555236816
3819,5.135222434997559
3820,-11.520644187927246
3821,-12.249763488769531
3822,3.104541778564453
3823,-10.688352584838867
3824,-4.266691207885742
3825,5.063654899597168
3826,-11.287721633911133
3827,-11.611223220825195
3828,3.0343074798583984
3829,-11.116929054260254
3830,-3.9643611907958984
3831,0.6968564987182617
3832,-3.11423397064209
3833,-5.6254401206970215
3834,1.0751113891601562
3835,-3.075892448425293
3836,-0.238969087600708
3837,0.8707609176635742
3838,-8.766768455505371
3839,-6.9469146728515625
3840,2.358372688293457
3841,-6.909145355224609
3842,0.009660005569458008
3843,-1.7005958557128906
3844,-7.471229553222656
3845,-1.7758674621582031
3846,1.1560640335083008
3847,-8.841354370117188
3848,2.3336195945739746
3849,-1.9311399459838867
3850,-6.806685447692871
3851,-1.1768057346343994
3852,0.4784736633300781
3853,-9.116498947143555
3854,2.509045124053955
3855,-2.5868425369262695
3856,-9.238204956054688
3857,-0.44717884063720703
3858,0.9367570877075195
3859,-10.071687698364258
3860,2.3085265159606934
3861,5.588658332824707
3862,-1.3698196411132812
3863,-5.031116485595703
3864,5.502470970153809
3865,-0.9405040740966797
3866,-5.529382705688477
3867,5.468344688415527
3868,-0.9364833831787109
3869,-5.530449867248535
3870,5.435595512390137
3871,-0.9384670257568359
3872,-5.530229568481445
3873,5.508648872375488
3874,-0.9314193725585938
3875,-4.737778663635254
3876,5.481436729431152
3877,-0.9161510467529297
3878,-4.738412857055664
3879,5.454403877258301
3880,-0.9015598297119141
3881,-4.73783016204834
3882,5.1130876541137695
3883,-1.042710304260254
3884,-6.709962368011475
3885,5.128108024597168
3886,-0.9622049331665039
3887,-3.1079561710357666
3888,5.373730659484863
3889,-1.6361255645751953
3890,-5.420807838439941
3891,5.3838396072387695
3892,-1.63677978515625
3893,-4.378293037414551
3894,3.9727163314819336
3895,-2.96408748626709
3896,-9.114351272583008
3897,3.9908323287963867
3898,-2.738091468811035
3899,-0.24559688568115234
3900,3.282395362854004
3901,-6.394316673278809
3902,-9.742179870605469
3903,3.043044090270996
3904,-5.9345855712890625
3905,0.7183332443237305
3906,3.5741662979125977
3907,-10.325393676757812
3908,-9.101173400878906
3909,2.994821548461914
3910,-9.49936580657959
3911,-0.7709846496582031
3912,3.6624574661254883
3913,-11.501846313476562
3914,-10.129940032958984
3915,3.0747671127319336
3916,-9.938006401062012
3917,-0.3963048458099365
3918,3.8309106826782227
3919,-11.09554386138916
3920,-9.301164627075195
3921,3.331305503845215
3922,-10.410504341125488
3923,-1.4854226112365723
3924,3.7884206771850586
3925,-11.002487182617188
3926,-8.779674530029297
3927,3.227482795715332
3928,-10.395739555358887
3929,-1.244615912437439
3930,0.7595920562744141
3931,-3.4430789947509766
3932,-5.783272743225098
3933,0.9310617446899414
3934,-3.195951461791992
3935,-0.0771183967590332
3936,2.066830635070801
3937,-8.6021728515625
3938,-6.768737316131592
3939,2.1302385330200195
3940,-7.979290962219238
3941,0.3594014644622803
3942,-0.9412679672241211
3943,-9.24206256866455
3944,-2.6721489429473877
3945,-0.2465381622314453
3946,-9.204618453979492
3947,3.0556507110595703
3948,-1.4879560470581055
3949,-8.934638023376465
3950,-2.2060658931732178
3951,-0.9111146926879883
3952,-8.90374755859375
3953,3.2925424575805664
3954,-1.1255559921264648
3955,-11.366373062133789
3956,-2.136171340942383
3957,-0.8372278213500977
3958,-10.651079177856445
3959,2.8888325691223145
3960,5.463677406311035
3961,-0.050647735595703125
3962,-5.490818023681641
3963,5.496830940246582
3964,0.4143390655517578
3965,-6.05617618560791
3966,5.387362480163574
3967,0.24809646606445312
3968,-6.057493209838867
3969,5.3350629806518555
3970,0.22772979736328125
3971,-6.0577778816223145
3972,5.447903633117676
3973,0.41210174560546875
3974,-5.238742828369141
3975,5.374587059020996
3976,0.4039154052734375
3977,-5.239655494689941
3978,5.311112403869629
3979,0.3901042938232422
3980,-5.239919185638428
3981,4.881422996520996
3982,0.04783058166503906
3983,-7.346197128295898
3984,4.8192644119262695
3985,0.1745166778564453
3986,-3.693682909011841
3987,5.260439872741699
3988,-0.4466266632080078
3989,-5.9406304359436035
3990,5.28975772857666
3991,-0.4581623077392578
3992,-4.855169296264648
3993,3.7570600509643555
3994,-2.099104881286621
3995,-9.425275802612305
3996,3.493891716003418
3997,-2.0499134063720703
3998,-0.9246394634246826
3999,3.151376724243164
4000,-6.103700637817383
4001,-10.25446605682373
4002,2.878267288208008
4003,-5.739389419555664
4004,0.1010441780090332
4005,3.5618810653686523
4006,-9.918481826782227
4007,-10.174722671508789
4008,3.3187456130981445
4009,-9.143243789672852
4010,-1.2711355686187744
4011,3.594283103942871
4012,-11.226957321166992
4013,-11.301677703857422
4014,3.382939338684082
4015,-9.73746395111084
4016,-1.0485659837722778
4017,3.742009162902832
4018,-10.904090881347656
4019,-10.589530944824219
4020,3.4269819259643555
4021,-10.358478546142578
4022,-2.0637521743774414
4023,3.70065975189209
4024,-10.99139404296875
4025,-9.926935195922852
4026,3.4076013565063477
4027,-10.208442687988281
4028,-1.7335903644561768
4029,0.7599067687988281
4030,-3.7693395614624023
4031,-5.878144264221191
4032,0.8425817489624023
4033,-3.6261234283447266
4034,0.015484333038330078
4035,2.9698123931884766
4036,-7.682424545288086
4037,-6.614286422729492
4038,2.968031883239746
4039,-7.54744815826416
4040,-0.05469775199890137
4041,0.6379098892211914
4042,-10.123908996582031
4043,-2.5601296424865723
4044,0.6546154022216797
4045,-10.006461143493652
4046,2.908756732940674
4047,0.059760093688964844
4048,-10.191906929016113
4049,-2.1254019737243652
4050,-0.04296684265136719
4051,-9.91639518737793
4052,3.149035930633545
4053,1.039189338684082
4054,-12.153586387634277
4055,-2.347929000854492
4056,0.8628749847412109
4057,-12.040081977844238
4058,2.4088335037231445
4059,4.766541481018066
4060,0.8743782043457031
4061,-4.4061994552612305
4062,4.593510627746582
4063,1.3804092407226562
4064,-5.004437446594238
4065,4.537856101989746
4066,1.380655288696289
4067,-5.005853652954102
4068,4.495776176452637
4069,1.3746166229248047
4070,-5.006032943725586
4071,4.586764335632324
4072,1.3628768920898438
4073,-4.200531005859375
4074,4.533804893493652
4075,1.362579345703125
4076,-4.201834201812744
4077,4.488215446472168
4078,1.3500289916992188
4079,-4.202441215515137
4080,4.075873374938965
4081,1.2477130889892578
4082,-6.531310558319092
4083,4.017754554748535
4084,1.3592643737792969
4085,-2.866579055786133
4086,4.4971418380737305
4087,0.5148887634277344
4088,-4.911893844604492
4089,4.510149955749512
4090,0.49268531799316406
4091,-3.8459270000457764
4092,3.1936254501342773
4093,-1.0377674102783203
4094,-8.576297760009766
4095,3.049422264099121
4096,-1.4796333312988281
4097,-0.3469977378845215
4098,2.8965377807617188
4099,-4.482939720153809
4100,-8.896595001220703
4101,2.6894826889038086
4102,-5.00948429107666
4103,0.5628435611724854
4104,3.566298484802246
4105,-7.792308807373047
4106,-8.461170196533203
4107,3.143374443054199
4108,-7.926181793212891
4109,-0.6749417781829834
4110,3.6355295181274414
4111,-8.61341381072998
4112,-9.42288589477539
4113,3.3420610427856445
4114,-8.14848518371582
4115,-0.4333069324493408
4116,3.807063102722168
4117,-8.573025703430176
4118,-8.788208961486816
4119,3.487494468688965
4120,-8.30986213684082
4121,-1.3568357229232788
4122,3.762984275817871
4123,-8.30846118927002
4124,-8.218791007995605
4125,3.442896842956543
4126,-8.280808448791504
4127,-1.087838888168335
4128,0.7790126800537109
4129,-3.7679052352905273
4130,-5.770678997039795
4131,0.8421545028686523
4132,-3.811079978942871
4133,-0.09589934349060059
4134,3.6966352462768555
4135,-7.149229049682617
4136,-5.810041427612305
4137,3.8208742141723633
4138,-6.405911445617676
4139,-1.0635149478912354
4140,2.4193592071533203
4141,-10.152206420898438
4142,-2.563202381134033
4143,2.3861513137817383
4144,-9.928909301757812
4145,0.707777738571167
4146,2.02878475189209
4147,-10.656501770019531
4148,-2.212014675140381
4149,2.0009727478027344
4150,-10.28135871887207
4151,0.8167550563812256
4152,3.27449893951416
4153,-11.279478073120117
4154,-3.1889946460723877
4155,2.950960159301758
4156,-11.342686653137207
4157,-0.2663559913635254
4158,3.77359676361084
4159,2.1551589965820312
4160,-4.78489875793457
4161,3.5169496536254883
4162,2.603231430053711
4163,-5.341840744018555
4164,3.483405113220215
4165,2.6063308715820312
4166,-5.342023849487305
4167,3.451188087463379
4168,2.594654083251953
4169,-5.341901779174805
4170,3.5154123306274414
4171,2.591451644897461
4172,-4.646929740905762
4173,3.481318473815918
4174,2.5853939056396484
4175,-4.649004936218262
4176,3.391240119934082
4177,2.6790409088134766
4178,-4.650062561035156
4179,3.0720033645629883
4180,2.292604446411133
4181,-6.741631507873535
4182,3.05783748626709
4183,2.4295997619628906
4184,-3.502408742904663
4185,3.616818428039551
4186,1.7338104248046875
4187,-5.2291364669799805
4188,3.6198911666870117
4189,1.7089996337890625
4190,-4.312071323394775
4191,2.6532115936279297
4192,-0.38625526428222656
4193,-8.434062957763672
4194,2.5975446701049805
4195,-0.6788654327392578
4196,-0.8566253185272217
4197,3.0588693618774414
4198,-3.3725967407226562
4199,-8.516853332519531
4200,2.9797487258911133
4201,-3.9425792694091797
4202,-0.3557567596435547
4203,3.9227800369262695
4204,-6.148571968078613
4205,-7.910983085632324
4206,3.385807991027832
4207,-6.053656578063965
4208,-0.92305588722229
4209,3.9780702590942383
4210,-6.61106014251709
4211,-8.831659317016602
4212,3.6336488723754883
4213,-6.122499465942383
4214,-0.620750904083252
4215,4.1679487228393555
4216,-6.53400993347168
4217,-8.237455368041992
4218,3.6924848556518555
4219,-6.156041145324707
4220,-1.64643394947052
4221,4.156378746032715
4222,-6.369365692138672
4223,-7.6992878913879395
4224,3.466752052307129
4225,-6.215685844421387
4226,-1.4582113027572632
4227,0.6004209518432617
4228,-3.524704933166504
4229,-5.511615753173828
4230,0.7156801223754883
4231,-3.51798152923584
4232,-0.35927891731262207
4233,3.9509077072143555
4234,-4.716914176940918
4235,-5.520120620727539
4236,4.120186805725098
4237,-5.234484672546387
4238,-1.4963597059249878
4239,3.9004335403442383
4240,-9.22063159942627
4241,-2.730259895324707
4242,3.693047523498535
4243,-9.237586975097656
4244,-0.484790563583374
4245,3.7469186782836914
4246,-9.982538223266602
4247,-2.461483955383301
4248,3.5530691146850586
4249,-9.827279090881348
4250,-0.45216941833496094
4251,4.9279890060424805
4252,-9.645066261291504
4253,-3.6607649326324463
4254,4.536314964294434
4255,-10.070512771606445
4256,-1.6530715227127075
4257,2.9239234924316406
4258,3.006624221801758
4259,-6.995087146759033
4260,2.6394338607788086
4261,3.3872032165527344
4262,-7.695836067199707
4263,2.6026811599731445
4264,3.366971969604492
4265,-7.696357250213623
4266,2.571279525756836
4267,3.3390655517578125
4268,-7.697192192077637
4269,2.6198911666870117
4270,3.4351673126220703
4271,-6.9287028312683105
4272,2.582571029663086
4273,3.4210681915283203
4274,-6.9304304122924805
4275,2.546259880065918
4276,3.4131546020507812
4277,-6.929708480834961
4278,2.248934745788574
4279,2.937610626220703
4280,-9.168657302856445
4281,2.2285232543945312
4282,3.0675411224365234
4283,-5.647365093231201
4284,2.809494972229004
4285,2.4899826049804688
4286,-7.414388179779053
4287,2.807644844055176
4288,2.5047779083251953
4289,-6.394989013671875
4290,2.383167266845703
4291,0.028738021850585938
4292,-10.092879295349121
4293,2.252208709716797
4294,0.19010353088378906
4295,-2.6776938438415527
4296,3.1760635375976562
4297,-2.4619998931884766
4298,-9.426826477050781
4299,2.9965076446533203
4300,-1.8167381286621094
4301,-1.388392448425293
4302,4.480776786804199
4303,-3.4468345642089844
4304,-7.930378437042236
4305,3.6430864334106445
4306,-2.219266891479492
4307,-2.702742338180542
4308,4.779389381408691
4309,-3.6457862854003906
4310,-8.970663070678711
4311,3.7938756942749023
4312,-2.1067419052124023
4313,-2.6241400241851807
4314,4.7781877517700195
4315,-3.6277952194213867
4316,-8.638388633728027
4317,3.898491859436035
4318,-2.13425350189209
4319,-3.6777729988098145
4320,4.676299095153809
4321,-3.3994245529174805
4322,-7.81513786315918
4323,3.8121252059936523
4324,-2.241842269897461
4325,-3.1702630519866943
4326,0.4878101348876953
4327,-3.776616096496582
4328,-5.497461318969727
4329,0.6218938827514648
4330,-3.3603200912475586
4331,-0.366382360458374
4332,3.5066537857055664
4333,-2.8471670150756836
4334,-6.28055477142334
4335,3.782862663269043
4336,-2.6365966796875
4337,-0.7892494201660156
4338,5.416960716247559
4339,-7.339812278747559
4340,-4.437973976135254
4341,5.140713691711426
4342,-7.407733917236328
4343,1.232853889465332
4344,5.538514137268066
4345,-7.945457458496094
4346,-4.307258605957031
4347,5.325865745544434
4348,-7.838574409484863
4349,1.3418631553649902
4350,6.514834403991699
4351,-8.617377281188965
4352,-6.162684440612793
4353,6.1507673263549805
4354,-7.815352439880371
4355,0.04793572425842285
4356,1.6227569580078125
4357,1.0294265747070312
4358,-5.131668567657471
4359,1.4769964218139648
4360,1.376546859741211
4361,-5.407211780548096
4362,1.4872922897338867
4363,1.3676261901855469
4364,-5.406513214111328
4365,1.4982061386108398
4366,1.35919189453125
4367,-5.404163360595703
4368,1.4904136657714844
4369,1.391611099243164
4370,-5.767519950866699
4371,1.5066041946411133
4372,1.3995208740234375
4373,-5.770564079284668
4374,1.5217342376708984
4375,1.4143695831298828
4376,-5.774215221405029
4377,1.7033615112304688
4378,1.2760086059570312
4379,-5.514827728271484
4380,1.7591447830200195
4381,1.3533172607421875
4382,-6.3289313316345215
4383,1.8647575378417969
4384,0.7311553955078125
4385,-4.977615833282471
4386,1.8714218139648438
4387,0.7967090606689453
4388,-5.446464538574219
4389,2.6859025955200195
4390,0.20327186584472656
4391,-5.484675407409668
4392,2.530919075012207
4393,0.0926055908203125
4394,-5.162141799926758
4395,3.569125175476074
4396,-0.48681640625
4397,-5.703774452209473
4398,3.075028419494629
4399,-0.4010124206542969
4400,-6.157309532165527
4401,4.261357307434082
4402,-0.24489974975585938
4403,-6.977380275726318
4404,3.719965934753418
4405,0.32119178771972656
4406,-7.581036567687988
4407,4.411499977111816
4408,-0.2935333251953125
4409,-7.701488018035889
4410,3.78328800201416
4411,0.4672832489013672
4412,-8.163969993591309
4413,4.263710975646973
4414,-0.2553291320800781
4415,-7.817751884460449
4416,3.8330507278442383
4417,0.4660320281982422
4418,-8.510554313659668
4419,4.231583595275879
4420,-0.2220630645751953
4421,-7.101319789886475
4422,3.840786933898926
4423,0.42470741271972656
4424,-7.775274753570557
4425,1.3694324493408203
4426,-3.9129695892333984
4427,-3.116455316543579
4428,1.1673145294189453
4429,-3.5933427810668945
4430,-2.7617225646972656
4431,3.216090202331543
4432,-1.080824851989746
4433,-4.816334247589111
4434,3.3920164108276367
4435,-1.4937705993652344
4436,-3.722102642059326
4437,5.4576520919799805
4438,-0.49835205078125
4439,-4.083347320556641
4440,5.52457332611084
4441,-0.6993045806884766
4442,-3.6069958209991455
4443,5.775588035583496
4444,-0.5423469543457031
4445,-4.1062164306640625
4446,5.828793525695801
4447,-0.7150382995605469
4448,-3.683917999267578
4449,6.497191429138184
4450,-0.3834342956542969
4451,-6.757006645202637
4452,6.557324409484863
4453,-0.6162586212158203
4454,-5.859035491943359
4455,2.385115623474121
4456,-1.0849475860595703
4457,-17.162273406982422
4458,2.5236968994140625
4459,-1.391164779663086
4460,-17.30906867980957
4461,2.5440902709960938
4462,-1.3818435668945312
4463,-17.30793571472168
4464,2.696719169616699
4465,-1.4618234634399414
4466,-17.311695098876953
4467,2.3311195373535156
4468,-1.4175262451171875
4469,-17.384098052978516
4470,2.235598564147949
4471,-1.6487541198730469
4472,-17.387008666992188
4473,2.181756019592285
4474,-1.475956916809082
4475,-17.389190673828125
4476,2.7789268493652344
4477,-1.8383283615112305
4478,-15.446113586425781
4479,1.978804588317871
4480,-1.8494415283203125
4481,-15.773247718811035
4482,2.274648666381836
4483,-1.1652336120605469
4484,-16.199554443359375
4485,2.1377944946289062
4486,-1.2933015823364258
4487,-16.313247680664062
4488,2.98557186126709
4489,-1.9023046493530273
4490,-11.93497371673584
4491,0.989588737487793
4492,-1.4052448272705078
4493,-12.359830856323242
4494,3.289719581604004
4495,-0.44952964782714844
4496,-7.989856243133545
4497,1.33544921875
4498,1.1327362060546875
4499,-10.273601531982422
4500,3.0130796432495117
4501,-0.3150348663330078
4502,-4.726561069488525
4503,2.280606269836426
4504,3.0640926361083984
4505,-9.410966873168945
4506,2.9719066619873047
4507,-0.2109050750732422
4508,-4.407791614532471
4509,2.4195375442504883
4510,3.731599807739258
4511,-9.633548736572266
4512,2.974612236022949
4513,-0.1809253692626953
4514,-4.684370994567871
4515,2.529611587524414
4516,3.6291732788085938
4517,-10.10659122467041
4518,2.916830062866211
4519,-0.21124267578125
4520,-4.654880046844482
4521,2.5512142181396484
4522,3.3099136352539062
4523,-9.508733749389648
4524,2.6241579055786133
4525,0.811676025390625
4526,-2.9384586811065674
4527,1.3340225219726562
4528,1.1231632232666016
4529,-2.9283933639526367
4530,3.80928897857666
4531,2.222738265991211
4532,-10.21701717376709
4533,0.5255622863769531
4534,2.3717174530029297
4535,-10.256723403930664
4536,5.317797660827637
4537,5.603389739990234
4538,-5.316118240356445
4539,1.3541088104248047
4540,3.584177017211914
4541,-3.369330644607544
4542,5.271832466125488
4543,5.804039001464844
4544,-4.863495349884033
4545,1.5315227508544922
4546,3.532655715942383
4547,-2.642314910888672
4548,5.089842796325684
4549,7.167438507080078
4550,-7.57286262512207
4551,1.5469856262207031
4552,4.739213943481445
4553,-4.294374942779541
4554,2.472372055053711
4555,-0.6164798736572266
4556,-18.65679168701172
4557,2.7421016693115234
4558,-0.5116043090820312
4559,-18.755971908569336
4560,2.8101463317871094
4561,-0.4948577880859375
4562,-18.756010055541992
4563,2.8895769119262695
4564,-0.47777748107910156
4565,-18.758243560791016
4566,2.52023983001709
4567,-0.626953125
4568,-18.71364974975586
4569,2.44415283203125
4570,-0.9502773284912109
4571,-18.717010498046875
4572,2.4327611923217773
4573,-0.9605417251586914
4574,-18.720455169677734
4575,2.910736083984375
4576,-0.5645408630371094
4577,-16.7431640625
4578,2.345759391784668
4579,-1.165884017944336
4580,-16.600637435913086
4581,2.553598403930664
4582,-0.3696117401123047
4583,-17.650850296020508
4584,2.3302698135375977
4585,-0.6827716827392578
4586,-17.617284774780273
4587,3.2795801162719727
4588,-0.279937744140625
4589,-13.91811466217041
4590,1.4848718643188477
4591,-1.071183204650879
4592,-12.60421371459961
4593,2.518622398376465
4594,2.155172348022461
4595,-13.875186920166016
4596,1.3196172714233398
4597,1.170989990234375
4598,-11.125075340270996
4599,1.3979473114013672
4600,3.056528091430664
4601,-15.01378059387207
4602,1.046285629272461
4603,3.435436248779297
4604,-11.641345024108887
4605,1.128748893737793
4606,3.4925155639648438
4607,-15.75618839263916
4608,0.8478002548217773
4609,4.001365661621094
4610,-12.21233081817627
4611,1.0805063247680664
4612,3.1068496704101562
4613,-15.994060516357422
4614,0.9281911849975586
4615,4.112009048461914
4616,-12.823857307434082
4617,1.1452627182006836
4618,2.9431209564208984
4619,-15.10226058959961
4620,1.073979377746582
4621,3.90472412109375
4622,-11.88376235961914
4623,3.092752456665039
4624,1.0708942413330078
4625,-3.3005151748657227
4626,1.9018878936767578
4627,1.0592155456542969
4628,-2.563836097717285
4629,3.4793806076049805
4630,4.157932281494141
4631,-7.498334884643555
4632,0.7566537857055664
4633,2.7349987030029297
4634,-8.64991569519043
4635,4.546027183532715
4636,8.208356857299805
4637,-3.4587082862854004
4638,1.3264274597167969
4639,4.263086318969727
4640,-1.3409870862960815
4641,4.738642692565918
4642,8.743358612060547
4643,-3.194474220275879
4644,1.4929418563842773
4645,4.281097412109375
4646,-0.6528022289276123
4647,4.031367301940918
4648,9.506017684936523
4649,-6.28704833984375
4650,1.297896385192871
4651,5.479381561279297
4652,-2.4209604263305664
4653,3.3757505416870117
4654,0.5464210510253906
4655,-19.034469604492188
4656,3.425349235534668
4657,0.6469821929931641
4658,-19.10364532470703
4659,3.4268369674682617
4660,0.7015113830566406
4661,-19.103961944580078
4662,3.420487403869629
4663,0.7630538940429688
4664,-19.10784149169922
4665,3.424321174621582
4666,0.4771137237548828
4667,-19.078258514404297
4668,3.416579246520996
4669,0.40250587463378906
4670,-19.08124351501465
4671,3.4128122329711914
4672,0.3363494873046875
4673,-19.083478927612305
4674,3.3015260696411133
4675,0.7842178344726562
4676,-17.117246627807617
4677,3.3289880752563477
4678,0.24354934692382812
4679,-17.03628921508789
4680,3.2660608291625977
4681,0.6917171478271484
4682,-18.03026008605957
4683,3.2705297470092773
4684,0.4960956573486328
4685,-18.014442443847656
4686,2.9839439392089844
4687,1.461212158203125
4688,-14.541642189025879
4689,3.2404661178588867
4690,-0.35811614990234375
4691,-12.18586540222168
4692,1.7316627502441406
4693,3.7829246520996094
4694,-14.882786750793457
4695,4.066746711730957
4696,0.9250869750976562
4697,-10.181406021118164
4698,1.086996078491211
4699,5.867704391479492
4700,-15.610222816467285
4701,4.621481895446777
4702,0.6597080230712891
4703,-8.742319107055664
4704,0.7749414443969727
4705,6.502729415893555
4706,-16.656509399414062
4707,4.860600471496582
4708,0.7264652252197266
4709,-8.697183609008789
4710,0.7062854766845703
4711,6.344850540161133
4712,-16.646682739257812
4713,4.765685081481934
4714,0.47148895263671875
4715,-9.33090591430664
4716,0.6732368469238281
4717,6.002880096435547
4718,-15.633941650390625
4719,4.627764701843262
4720,0.4791221618652344
4721,-8.89818000793457
4722,3.270277976989746
4723,2.2895870208740234
4724,-4.274161338806152
4725,2.958890914916992
4726,1.4699440002441406
4727,-1.592470407485962
4728,2.938547134399414
4729,5.806737899780273
4730,-7.013685703277588
4731,1.2310113906860352
4732,3.040111541748047
4733,-1.4932396411895752
4734,3.9606733322143555
4735,9.755157470703125
4736,-3.8415138721466064
4737,1.320113182067871
4738,5.839483261108398
4739,5.799670219421387
4740,4.225350379943848
4741,10.400321960449219
4742,-3.6322765350341797
4743,1.4899177551269531
4744,6.551506042480469
4745,6.45958137512207
4746,3.29007625579834
4747,10.687910079956055
4748,-6.255333423614502
4749,0.6082143783569336
4750,6.90106201171875
4751,4.912961006164551
4752,3.6705007553100586
4753,2.0924072265625
4754,-17.476776123046875
4755,3.7563905715942383
4756,2.171506881713867
4757,-17.558332443237305
4758,3.75148868560791
4759,2.2385005950927734
4760,-17.559345245361328
4761,3.7421693801879883
4762,2.310342788696289
4763,-17.561199188232422
4764,3.740126609802246
4765,1.9484634399414062
4766,-17.53357696533203
4767,3.7294416427612305
4768,1.8618507385253906
4769,-17.537755966186523
4770,3.71945858001709
4771,1.7652149200439453
4772,-17.540729522705078
4773,3.606135368347168
4774,2.2127017974853516
4775,-15.922292709350586
4776,3.561394691467285
4777,1.5256328582763672
4778,-15.929887771606445
4779,3.4772748947143555
4780,2.1912479400634766
4781,-16.676677703857422
4782,3.486752510070801
4783,1.9372310638427734
4784,-16.68120574951172
4785,3.105539321899414
4786,2.7649288177490234
4787,-13.650062561035156
4788,2.980868339538574
4789,0.8373985290527344
4790,-11.072698593139648
4791,1.9932870864868164
4792,4.791709899902344
4793,-13.40056324005127
4794,2.9264612197875977
4795,2.2345409393310547
4796,-8.371103286743164
4797,1.1778459548950195
4798,5.891517639160156
4799,-14.935644149780273
4800,3.22141170501709
4801,3.1414756774902344
4802,-6.621682167053223
4803,0.9614810943603516
4804,6.287267684936523
4805,-16.123321533203125
4806,2.763277053833008
4807,3.2268714904785156
4808,-6.610671043395996
4809,0.9195537567138672
4810,5.900398254394531
4811,-16.288848876953125
4812,2.6616430282592773
4813,3.2983341217041016
4814,-7.410279273986816
4815,0.9733638763427734
4816,5.713441848754883
4817,-15.066448211669922
4818,2.7490739822387695
4819,3.3461551666259766
4820,-6.840489864349365
4821,3.253129005432129
4822,3.444692611694336
4823,-4.116800785064697
4824,2.686121940612793
4825,2.1971397399902344
4826,-1.7452971935272217
4827,2.4803524017333984
4828,6.05708122253418
4829,-9.685017585754395
4830,1.0857410430908203
4831,2.694873809814453
4832,-6.392311096191406
4833,3.613295555114746
4834,9.419822692871094
4835,-6.247088432312012
4836,0.834019660949707
4837,6.066263198852539
4838,-0.10873651504516602
4839,3.936049461364746
4840,10.137393951416016
4841,-5.982264995574951
4842,0.9179868698120117
4843,6.810705184936523
4844,-0.3932473659515381
4845,2.991715431213379
4846,10.696966171264648
4847,-8.660257339477539
4848,-0.07530593872070312
4849,6.81097412109375
4850,-2.923379421234131
4851,3.4451608657836914
4852,1.8731498718261719
4853,-15.947612762451172
4854,3.626734733581543
4855,1.817586898803711
4856,-16.20378875732422
4857,3.6325807571411133
4858,1.8647632598876953
4859,-16.205326080322266
4860,3.634152412414551
4861,1.9196395874023438
4862,-16.20730209350586
4863,3.604039192199707
4864,1.5783348083496094
4865,-15.967008590698242
4866,3.5981550216674805
4867,1.5609855651855469
4868,-15.969878196716309
4869,3.587019920349121
4870,1.5519371032714844
4871,-15.97432804107666
4872,3.4284543991088867
4873,2.1671791076660156
4874,-15.359712600708008
4875,3.3210878372192383
4876,1.705190658569336
4877,-14.283373832702637
4878,3.3857221603393555
4879,2.1044750213623047
4880,-15.421202659606934
4881,3.3639936447143555
4882,1.8311576843261719
4883,-15.116968154907227
4884,3.1033935546875
4885,2.857881546020508
4886,-13.57616901397705
4887,2.871293067932129
4888,1.3269290924072266
4889,-9.905451774597168
4890,2.1737899780273438
4891,5.226312637329102
4892,-13.559767723083496
4893,2.442607879638672
4894,3.1870479583740234
4895,-8.06766414642334
4896,1.0991706848144531
4897,5.32349967956543
4898,-14.552130699157715
4899,1.5613651275634766
4900,4.596370697021484
4901,-8.067112922668457
4902,0.7391557693481445
4903,5.5953521728515625
4904,-15.63245677947998
4905,1.2839298248291016
4906,4.938686370849609
4907,-8.201423645019531
4908,0.7158679962158203
4909,5.101924896240234
4910,-15.652406692504883
4911,1.2818059921264648
4912,4.951545715332031
4913,-8.95112419128418
4914,0.8550739288330078
4915,4.999912261962891
4916,-14.5803804397583
4917,1.418259620666504
4918,4.87031364440918
4919,-8.307304382324219
4920,3.1763553619384766
4921,4.290666580200195
4922,-4.254055976867676
4923,2.759763717651367
4924,3.0410213470458984
4925,-1.6072500944137573
4926,2.316311836242676
4927,6.161550521850586
4928,-7.2967915534973145
4929,1.293501853942871
4930,2.505788803100586
4931,-2.0563955307006836
4932,3.628361701965332
4933,9.642141342163086
4934,-5.049679756164551
4935,-0.051192283630371094
4936,5.316720962524414
4937,2.0260233879089355
4938,3.891045570373535
4939,10.211528778076172
4940,-5.081387519836426
4941,-0.23122310638427734
4942,5.668889999389648
4943,2.325209617614746
4944,2.872206687927246
4945,10.664360046386719
4946,-7.573428153991699
4947,-0.9576520919799805
4948,4.2680206298828125
4949,0.426530122756958
