,0
0,-0.15878963470458984
1,-6.02806282043457
2,-14.452988624572754
3,0.3114910125732422
4,-6.1962080001831055
5,-15.42855453491211
6,0.5265483856201172
7,-6.1908159255981445
8,-15.431011199951172
9,0.6452455520629883
10,-6.174983978271484
11,-15.433216094970703
12,0.22948074340820312
13,-6.212464332580566
14,-13.467960357666016
15,0.26354503631591797
16,-6.206128120422363
17,-13.470407485961914
18,0.2876548767089844
19,-6.197875022888184
20,-13.47507095336914
21,1.290196418762207
22,-5.9568376541137695
23,-18.082767486572266
24,0.8644495010375977
25,-5.989953994750977
26,-9.198186874389648
27,0.03014373779296875
28,-5.712677955627441
29,-15.244586944580078
30,-0.11651611328125
31,-5.725888252258301
32,-12.67750358581543
33,2.0378313064575195
34,-4.591923713684082
35,-23.004901885986328
36,0.14323806762695312
37,-4.583551406860352
38,-3.750431537628174
39,-1.7907085418701172
40,-6.660330772399902
41,-29.23094940185547
42,-2.511434555053711
43,-6.57960319519043
44,-0.5083479881286621
45,-4.7391357421875
46,-8.699777603149414
47,-30.92770004272461
48,-4.969803810119629
49,-8.383357048034668
50,-5.95714807510376
51,-5.443573951721191
52,-9.214644432067871
53,-33.66701889038086
54,-5.664159774780273
55,-8.723320007324219
56,-6.9813313484191895
57,-5.3555145263671875
58,-9.250198364257812
59,-32.89552307128906
60,-5.454687118530273
61,-8.886141777038574
62,-8.765029907226562
63,-5.069765090942383
64,-9.066956520080566
65,-30.766944885253906
66,-5.245650291442871
67,-8.67728042602539
68,-7.123453140258789
69,1.2554636001586914
70,0.15475940704345703
71,-12.92049503326416
72,0.0
73,0.0
74,0.0
75,1.0886669158935547
76,3.5540895462036133
77,-8.68598461151123
78,0.19552326202392578
79,2.982710838317871
80,7.631434440612793
81,1.561598777770996
82,6.522261619567871
83,-3.7561304569244385
84,0.19912242889404297
85,5.531327247619629
86,17.741130828857422
87,2.178280830383301
88,6.988306999206543
89,-3.6122450828552246
90,0.8598060607910156
91,6.02255916595459
92,18.54510498046875
93,-1.4377679824829102
94,7.310473442077637
95,-10.363009452819824
96,-2.6948251724243164
97,6.347067832946777
98,15.121006965637207
99,-0.17882156372070312
100,-5.977289199829102
101,-15.877448081970215
102,0.31081199645996094
103,-6.186615943908691
104,-16.880722045898438
105,0.5107479095458984
106,-6.180207252502441
107,-16.882478713989258
108,0.6440820693969727
109,-6.167573928833008
110,-16.884845733642578
111,0.22265052795410156
112,-6.203580856323242
113,-14.961481094360352
114,0.2589445114135742
115,-6.199640274047852
116,-14.964449882507324
117,0.28577327728271484
118,-6.193850517272949
119,-14.967954635620117
120,1.2908954620361328
121,-5.9562883377075195
122,-19.381092071533203
123,0.8518524169921875
124,-5.989577293395996
125,-10.667943954467773
126,0.029847145080566406
127,-5.660737037658691
128,-16.580894470214844
129,-0.1260519027709961
130,-5.675602912902832
131,-14.064397811889648
132,2.20412540435791
133,-4.555325508117676
134,-23.824050903320312
135,0.15308761596679688
136,-4.580334663391113
137,-5.373479843139648
138,-1.757075309753418
139,-6.621644973754883
140,-29.766948699951172
141,-2.5086355209350586
142,-6.547178268432617
143,-1.9180564880371094
144,-4.696303367614746
145,-8.699563026428223
146,-31.564334869384766
147,-4.980316162109375
148,-8.385894775390625
149,-6.824699878692627
150,-5.41053581237793
151,-9.215916633605957
152,-34.31970977783203
153,-5.679380416870117
154,-8.768634796142578
155,-8.017248153686523
156,-5.294971466064453
157,-9.251214981079102
158,-33.64794158935547
159,-5.494045257568359
160,-8.889392852783203
161,-9.77497673034668
162,-5.038775444030762
163,-9.084810256958008
164,-31.45720672607422
165,-5.249678611755371
166,-8.709003448486328
167,-7.982522964477539
168,1.2924776077270508
169,0.1991109848022461
170,-12.618337631225586
171,0.015581130981445312
172,0.009158134460449219
173,-0.3020448684692383
174,1.0864343643188477
175,3.5744733810424805
176,-6.957675933837891
177,0.18467998504638672
178,3.0016469955444336
179,7.555802345275879
180,1.387563705444336
181,6.535597801208496
182,-0.77606201171875
183,0.24518299102783203
184,5.537091255187988
185,17.708934783935547
186,2.1251535415649414
187,7.025586128234863
188,-0.46172285079956055
189,0.9069366455078125
190,6.031426429748535
191,18.54000473022461
192,-1.4530363082885742
193,7.311713218688965
194,-6.71677827835083
195,-2.6213274002075195
196,6.328253746032715
197,15.470953941345215
198,-0.2482748031616211
199,-5.971282005310059
200,-16.21111297607422
201,0.2998542785644531
202,-6.186491012573242
203,-17.282970428466797
204,0.5025463104248047
205,-6.179705619812012
206,-17.284168243408203
207,0.641749382019043
208,-6.166975975036621
209,-17.284461975097656
210,0.1707935333251953
211,-6.203566551208496
212,-15.413041114807129
213,0.1936483383178711
214,-6.1996355056762695
215,-15.41730785369873
216,0.210479736328125
217,-6.193975448608398
218,-15.422739028930664
219,1.2881860733032227
220,-5.9550275802612305
221,-19.44845962524414
222,0.7550983428955078
223,-5.992918014526367
224,-11.000955581665039
225,0.013683319091796875
226,-5.641375541687012
227,-16.732440948486328
228,-0.20477581024169922
229,-5.6641950607299805
230,-14.294900894165039
231,2.276017189025879
232,-4.515851020812988
233,-23.770153045654297
234,0.13785934448242188
235,-4.552371978759766
236,-5.496903419494629
237,-1.9223051071166992
238,-6.532447814941406
239,-29.74099349975586
240,-2.4297122955322266
241,-4.486618995666504
242,-1.7515864372253418
243,-5.474573135375977
244,-8.578157424926758
245,-30.661746978759766
246,-5.069156646728516
247,-4.513470649719238
248,-5.594741344451904
249,-6.289000988006592
250,-9.090234756469727
251,-33.24758529663086
252,-5.720125198364258
253,-4.609188079833984
254,-6.479551315307617
255,-5.859829902648926
256,-9.092517852783203
257,-32.66234588623047
258,-5.591174125671387
259,-4.666234970092773
260,-8.537607192993164
261,-5.756935119628906
262,-8.989506721496582
263,-30.61142349243164
264,-5.355894088745117
265,-4.567661285400391
266,-6.769612789154053
267,1.3705730438232422
268,0.30407142639160156
269,-12.201358795166016
270,0.019911766052246094
271,0.09626388549804688
272,-0.7208490371704102
273,1.0973854064941406
274,3.590052604675293
275,-5.617486000061035
276,0.1642627716064453
277,3.0104970932006836
278,7.555575370788574
279,1.3826541900634766
280,6.534335136413574
281,1.394604206085205
282,0.2581157684326172
283,5.521441459655762
284,17.885650634765625
285,2.1289119720458984
286,7.02547550201416
287,1.8091888427734375
288,0.9494047164916992
289,6.025975227355957
290,18.805992126464844
291,-1.4550628662109375
292,7.312142372131348
293,-3.9713315963745117
294,-2.603693962097168
295,6.331236839294434
296,16.526065826416016
297,-0.29128456115722656
298,-5.968596458435059
299,-15.680266380310059
300,0.24996471405029297
301,-6.186733245849609
302,-16.80136489868164
303,0.4594602584838867
304,-6.179825782775879
305,-16.802074432373047
306,0.6068973541259766
307,-6.1670684814453125
308,-16.800724029541016
309,0.10518360137939453
310,-6.203869819641113
311,-15.098867416381836
312,0.12574386596679688
313,-6.199953079223633
314,-15.104842185974121
315,0.1430349349975586
316,-6.194463729858398
317,-15.112555503845215
318,1.2723093032836914
319,-5.954906463623047
320,-18.549753189086914
321,0.6947870254516602
322,-5.99314022064209
323,-10.792070388793945
324,-0.007943153381347656
325,-5.635174751281738
326,-15.965996742248535
327,-0.23390960693359375
328,-5.657779693603516
329,-13.718441009521484
330,2.2931394577026367
331,-4.499509811401367
332,-22.355640411376953
333,0.12072277069091797
334,-4.553188323974609
335,-5.419553756713867
336,-1.9222745895385742
337,-6.492623329162598
338,-27.6231689453125
339,-2.2530345916748047
340,-4.537842750549316
341,-1.0826802253723145
342,-4.984374046325684
343,-8.167299270629883
344,-27.814449310302734
345,-5.065315246582031
346,-4.8441267013549805
347,-4.3652567863464355
348,-5.738985061645508
349,-8.70730209350586
350,-30.043258666992188
351,-5.700654029846191
352,-4.977768898010254
353,-5.201319694519043
354,-5.2961931228637695
355,-8.78825569152832
356,-29.675323486328125
357,-5.590232849121094
358,-5.081996917724609
359,-7.261264801025391
360,-5.102828025817871
361,-8.584531784057617
362,-27.82256317138672
363,-5.355154037475586
364,-4.974127769470215
365,-5.531273365020752
366,1.4974966049194336
367,0.3200569152832031
368,-12.090296745300293
369,0.02188396453857422
370,0.10909557342529297
371,-0.8334074020385742
372,1.1042137145996094
373,3.6008119583129883
374,-5.499153137207031
375,0.160888671875
376,3.017144203186035
377,7.568591117858887
378,1.3989763259887695
379,6.509430885314941
380,1.1324701309204102
381,0.2588043212890625
382,5.4988813400268555
383,18.10906219482422
384,2.170797348022461
385,7.0131940841674805
386,1.4980792999267578
387,0.969477653503418
388,6.021349906921387
389,19.073043823242188
390,-1.4161720275878906
391,7.309699058532715
392,-4.276123523712158
393,-2.591731071472168
394,6.331513404846191
395,16.97014617919922
396,-0.3869161605834961
397,-5.923977851867676
398,-13.484848022460938
399,0.14542675018310547
400,-6.1645307540893555
401,-14.495511054992676
402,0.3628501892089844
403,-6.15889835357666
404,-14.497344017028809
405,0.5276155471801758
406,-6.148719787597656
407,-14.493657112121582
408,-0.03886222839355469
409,-6.179844856262207
410,-12.76516056060791
411,-0.02888202667236328
412,-6.177130699157715
413,-12.769758224487305
414,-0.016859054565429688
415,-6.174202919006348
416,-12.777616500854492
417,1.2626466751098633
418,-5.943289756774902
419,-16.018226623535156
420,0.5968589782714844
421,-5.981566429138184
422,-8.234256744384766
423,-0.037331581115722656
424,-5.572365760803223
425,-13.731840133666992
426,-0.2723369598388672
427,-5.603093147277832
428,-11.482938766479492
429,2.314938545227051
430,-4.489954948425293
431,-20.616369247436523
432,0.14767837524414062
433,-4.543318748474121
434,-2.4533557891845703
435,-2.4016780853271484
436,-6.24664306640625
437,-25.68671417236328
438,-1.8723678588867188
439,-3.509967803955078
440,1.2339515686035156
441,-5.173163414001465
442,-7.75761079788208
443,-24.259258270263672
444,-4.893176078796387
445,-2.478700637817383
446,-1.9570121765136719
447,-5.9823408126831055
448,-8.281543731689453
449,-26.221656799316406
450,-5.577402114868164
451,-2.2607412338256836
452,-2.3925442695617676
453,-5.5280046463012695
454,-8.344459533691406
455,-25.61513900756836
456,-5.523412704467773
457,-2.244169235229492
458,-4.387036323547363
459,-5.232830047607422
460,-8.095636367797852
461,-24.121273040771484
462,-5.217796325683594
463,-2.2766876220703125
464,-3.033536195755005
465,1.6639766693115234
466,0.3380708694458008
467,-12.06285572052002
468,0.1068878173828125
469,0.1264352798461914
470,-0.8625521659851074
471,1.1045351028442383
472,3.6108388900756836
473,-5.895340442657471
474,0.1547222137451172
475,3.0282201766967773
476,7.284200668334961
477,1.3976917266845703
478,6.509573936462402
479,0.14009714126586914
480,0.25867176055908203
481,5.498623847961426
482,17.298809051513672
483,2.170527458190918
484,7.013134956359863
485,0.443692684173584
486,0.9693641662597656
487,6.019440650939941
488,18.229904174804688
489,-1.4094743728637695
490,7.310059547424316
491,-5.262265205383301
492,-2.563108444213867
493,6.330718040466309
494,16.926109313964844
495,-0.49648094177246094
496,-5.865418434143066
497,-11.503850936889648
498,0.05201435089111328
499,-6.133257865905762
500,-12.775352478027344
501,0.23911476135253906
502,-6.130714416503906
503,-12.777685165405273
504,0.3931732177734375
505,-6.1255903244018555
506,-12.774223327636719
507,-0.14172744750976562
508,-6.143618583679199
509,-10.784316062927246
510,-0.12509632110595703
511,-6.143302917480469
512,-10.786925315856934
513,-0.10300636291503906
514,-6.144665718078613
515,-10.793598175048828
516,1.2340736389160156
517,-5.942085266113281
518,-15.391965866088867
519,0.5604972839355469
520,-5.9755048751831055
521,-6.536382675170898
522,-0.09985733032226562
523,-5.50948429107666
524,-12.165555953979492
525,-0.3408670425415039
526,-5.527031898498535
527,-9.58777904510498
528,2.3121767044067383
529,-4.490604400634766
530,-20.278106689453125
531,0.31995582580566406
532,-4.50518798828125
533,-0.5329484939575195
534,-2.537198066711426
535,-6.126485824584961
536,-25.420459747314453
537,-1.719344139099121
538,-3.5169897079467773
539,3.217782974243164
540,-6.147117614746094
541,-7.628118515014648
542,-24.361305236816406
543,-4.877030372619629
544,-2.69747257232666
545,-0.293241024017334
546,-7.098506927490234
547,-8.020771026611328
548,-26.48314666748047
549,-5.533537864685059
550,-2.5816831588745117
551,-0.5768527984619141
552,-6.489043712615967
553,-8.067286491394043
554,-25.715290069580078
555,-5.502751350402832
556,-2.6169023513793945
557,-2.6653902530670166
558,-6.278809070587158
559,-7.8975677490234375
560,-24.147342681884766
561,-5.2049713134765625
562,-2.6293678283691406
563,-1.412653923034668
564,1.7540464401245117
565,0.3360414505004883
566,-12.09520149230957
567,0.20809650421142578
568,0.1256542205810547
569,-0.8290290832519531
570,1.1052799224853516
571,3.6040868759155273
572,-6.212952136993408
573,0.15359115600585938
574,3.023392677307129
575,7.290060043334961
576,1.4065437316894531
577,6.507294654846191
578,-0.05102252960205078
579,0.2541770935058594
580,5.498539924621582
581,17.271400451660156
582,2.173032760620117
583,7.000235557556152
584,0.21713733673095703
585,0.9584236145019531
586,6.00992488861084
587,18.196582794189453
588,-1.4028310775756836
589,7.362351417541504
590,-6.052309036254883
591,-2.5578250885009766
592,6.312159538269043
593,16.691917419433594
594,-0.6102762222290039
595,-5.868603706359863
596,-12.214387893676758
597,-0.022774696350097656
598,-6.150458335876465
599,-13.497913360595703
600,0.15017032623291016
601,-6.152182579040527
602,-13.501115798950195
603,0.304290771484375
604,-6.1548871994018555
605,-13.499759674072266
606,-0.22873783111572266
607,-6.155835151672363
608,-11.474405288696289
609,-0.2031717300415039
610,-6.157541275024414
611,-11.475738525390625
612,-0.14980316162109375
613,-6.1650390625
614,-11.48216438293457
615,1.2066936492919922
616,-5.992670059204102
617,-16.11771011352539
618,0.5620670318603516
619,-6.017526626586914
620,-7.06956148147583
621,-0.1965160369873047
622,-5.513131141662598
623,-12.898134231567383
624,-0.4410886764526367
625,-5.530644416809082
626,-10.238919258117676
627,2.229681968688965
628,-4.585371017456055
629,-20.911819458007812
630,1.069563865661621
631,-4.5077972412109375
632,-0.736210823059082
633,-3.2725019454956055
634,-5.674388885498047
635,-25.091487884521484
636,0.9827136993408203
637,-2.458062171936035
638,3.1134490966796875
639,-6.473424434661865
640,-6.716560363769531
641,-18.61605453491211
642,0.7987117767333984
643,-0.6845235824584961
644,-0.024665355682373047
645,-7.403314113616943
646,-6.99455451965332
647,-19.837371826171875
648,0.8187990188598633
649,-0.12625694274902344
650,-0.2836446762084961
651,-6.796122074127197
652,-7.047839164733887
653,-19.419191360473633
654,0.7322158813476562
655,-0.13495254516601562
656,-2.0673413276672363
657,-6.388479709625244
658,-6.862942695617676
659,-18.34209632873535
660,0.8214778900146484
661,-0.32198619842529297
662,-0.9521527290344238
663,1.941269874572754
664,0.32112789154052734
665,-12.368133544921875
666,0.44749927520751953
667,0.12414169311523438
668,-0.5624203681945801
669,1.1122245788574219
670,3.593369483947754
671,-4.913242340087891
672,0.14741134643554688
673,3.0233545303344727
674,9.773346900939941
675,1.4074087142944336
676,6.502758979797363
677,2.6510772705078125
678,0.1819906234741211
679,5.498833656311035
680,21.30556869506836
681,2.1730737686157227
682,6.989300727844238
683,3.1315460205078125
684,0.8809547424316406
685,5.996251106262207
686,22.36487579345703
687,-1.4025506973266602
688,7.369183540344238
689,-2.5721678733825684
690,-2.5680084228515625
691,6.308728218078613
692,20.792232513427734
693,-0.6436100006103516
694,-5.841986656188965
695,-12.119415283203125
696,-0.04502391815185547
697,-6.14603328704834
698,-13.568535804748535
699,0.12232398986816406
700,-6.149345397949219
701,-13.572341918945312
702,0.2755441665649414
703,-6.153578758239746
704,-13.571416854858398
705,-0.2554349899291992
706,-6.150023460388184
707,-11.486019134521484
708,-0.20783519744873047
709,-6.15480899810791
710,-11.486032485961914
711,-0.15353870391845703
712,-6.163700103759766
713,-11.492376327514648
714,1.2038822174072266
715,-5.992274284362793
716,-16.451553344726562
717,0.5673179626464844
718,-6.017643928527832
719,-7.230489253997803
720,-0.23303508758544922
721,-5.4828901290893555
722,-12.902154922485352
723,-0.47275543212890625
724,-5.511075973510742
725,-10.182868957519531
726,2.20803165435791
727,-4.58882999420166
728,-21.231678009033203
729,1.2439870834350586
730,-4.495660781860352
731,-0.8231935501098633
732,-3.3963193893432617
733,-5.560978889465332
734,-24.44519805908203
735,1.6338624954223633
736,-2.564589500427246
737,2.9094552993774414
738,-6.251735687255859
739,-6.766445159912109
740,-16.660308837890625
741,1.5060796737670898
742,-0.7466011047363281
743,-0.19735336303710938
744,-7.121411323547363
745,-7.084168434143066
746,-17.7447509765625
747,1.5768918991088867
748,-0.20567607879638672
749,-0.4909234046936035
750,-6.606526851654053
751,-7.136235237121582
752,-17.53155517578125
753,1.5311641693115234
754,-0.2214984893798828
755,-2.1313815116882324
756,-6.230093955993652
757,-6.944524765014648
758,-16.41905403137207
759,1.5839195251464844
760,-0.40677833557128906
761,-1.064870834350586
762,1.98358154296875
763,0.3206968307495117
764,-12.465950012207031
765,0.5428371429443359
766,0.12574195861816406
767,-0.4650230407714844
768,1.1122312545776367
769,3.5825929641723633
770,-5.526553630828857
771,0.13442039489746094
772,3.023037910461426
773,10.379271507263184
774,1.3832721710205078
775,6.497838020324707
776,1.0753588676452637
777,0.07681941986083984
778,5.510603904724121
779,22.237857818603516
780,2.136383056640625
781,6.959429740905762
782,1.429236888885498
783,0.7207736968994141
784,5.9865217208862305
785,23.298187255859375
786,-1.4734020233154297
787,7.373299598693848
788,-4.555528163909912
789,-2.60513973236084
790,6.30722713470459
791,21.481971740722656
792,-0.8834257125854492
793,-5.835134506225586
794,-11.94243049621582
795,-0.3094816207885742
796,-6.140931129455566
797,-13.367164611816406
798,-0.16866016387939453
799,-6.143746376037598
800,-13.372072219848633
801,-0.0077495574951171875
802,-6.148343086242676
803,-13.371940612792969
804,-0.4381284713745117
805,-6.146074295043945
806,-11.227871894836426
807,-0.36518192291259766
808,-6.151182174682617
809,-11.226238250732422
810,-0.28806018829345703
811,-6.160512924194336
812,-11.23151969909668
813,0.9744434356689453
814,-5.991603851318359
815,-16.47834587097168
816,0.5401926040649414
817,-6.017450332641602
818,-6.853384017944336
819,-0.43891048431396484
820,-5.486666679382324
821,-12.78474235534668
822,-0.6196746826171875
823,-5.510987281799316
824,-9.974929809570312
825,1.9217491149902344
826,-4.588813781738281
827,-21.16508674621582
828,1.377854347229004
829,-4.450192451477051
830,-0.6485896110534668
831,-3.855942726135254
832,-4.641410827636719
833,-25.04033660888672
834,2.2418394088745117
835,-2.3191165924072266
836,2.6097002029418945
837,-8.500962257385254
838,-5.167641639709473
839,-21.620525360107422
840,2.4398317337036133
841,-0.37437915802001953
842,-0.404541015625
843,-10.009773254394531
844,-5.190079689025879
845,-23.365882873535156
846,2.4553022384643555
847,0.2185068130493164
848,-0.7119936943054199
849,-9.932385444641113
850,-5.421415328979492
851,-22.75079345703125
852,2.353365898132324
853,0.23874187469482422
854,-2.3820624351501465
855,-9.146209716796875
856,-5.274283409118652
857,-21.29738998413086
858,2.3635034561157227
859,-0.03806114196777344
860,-1.2799367904663086
861,2.153679847717285
862,0.21727466583251953
863,-12.674418449401855
864,0.7310419082641602
865,0.08487606048583984
866,-0.25620317459106445
867,1.1121587753295898
868,3.503586769104004
869,-5.618806838989258
870,0.12845611572265625
871,3.015751838684082
872,9.81775188446045
873,1.3671741485595703
874,6.4957990646362305
875,0.37835216522216797
876,0.020448684692382812
877,5.528145790100098
878,21.142623901367188
879,2.1168975830078125
880,6.951449394226074
881,0.6854953765869141
882,0.6379270553588867
883,5.983098030090332
884,22.160297393798828
885,-1.4764776229858398
886,7.37374210357666
887,-5.263881683349609
888,-2.6098804473876953
889,6.30056095123291
890,19.862743377685547
891,-0.9107666015625
892,-5.8323869705200195
893,-11.775613784790039
894,-0.3440704345703125
895,-6.139104843139648
896,-13.227845191955566
897,-0.21410465240478516
898,-6.142104148864746
899,-13.233144760131836
900,-0.07241630554199219
901,-6.146991729736328
902,-13.233800888061523
903,-0.4510688781738281
904,-6.144105911254883
905,-11.085411071777344
906,-0.3774747848510742
907,-6.149385452270508
908,-11.08398151397705
909,-0.3010997772216797
910,-6.158823013305664
911,-11.089971542358398
912,0.9053525924682617
913,-5.991291046142578
914,-16.522411346435547
915,0.5369491577148438
916,-6.017203330993652
917,-6.899816036224365
918,-0.4541902542114258
919,-5.49104118347168
920,-12.695381164550781
921,-0.6240139007568359
922,-5.514860153198242
923,-9.893561363220215
924,1.8611202239990234
925,-4.589007377624512
926,-21.126079559326172
927,1.324422836303711
928,-4.433429718017578
929,-0.7513566017150879
930,-3.55856990814209
931,-4.168906211853027
932,-24.268264770507812
933,1.7972354888916016
934,-2.191338539123535
935,2.3206348419189453
936,-8.018980979919434
937,-4.730666160583496
938,-20.566770553588867
939,2.076260566711426
940,-0.2278575897216797
941,-1.103686809539795
942,-9.13897705078125
943,-4.542441368103027
944,-21.984376907348633
945,2.155010223388672
946,0.3109464645385742
947,-1.410900592803955
948,-8.907564163208008
949,-4.7840166091918945
950,-21.456262588500977
951,2.0320167541503906
952,0.3325796127319336
953,-3.0440499782562256
954,-8.274935722351074
955,-4.688043594360352
956,-20.206871032714844
957,2.010251045227051
958,0.09636974334716797
959,-1.985494613647461
960,2.196019172668457
961,0.1883983612060547
962,-12.674172401428223
963,0.7594842910766602
964,0.06943893432617188
965,-0.25638246536254883
966,1.1121044158935547
967,3.4553709030151367
968,-6.687407493591309
969,0.037380218505859375
970,3.007988929748535
971,9.08780574798584
972,1.3401708602905273
973,6.428463935852051
974,0.369110107421875
975,-0.04670429229736328
976,5.518465995788574
977,20.21556854248047
978,2.1069488525390625
979,6.921629905700684
980,0.5627331733703613
981,0.514277458190918
982,5.927338600158691
983,21.15512466430664
984,-1.4762592315673828
985,7.313164710998535
986,-5.730922222137451
987,-2.6382293701171875
988,6.269652366638184
989,19.41326904296875
990,-1.1334600448608398
991,-5.801170349121094
992,-12.207813262939453
993,-0.6255531311035156
994,-6.121835708618164
995,-13.97673225402832
996,-0.5012807846069336
997,-6.124323844909668
998,-13.982465744018555
999,-0.3651437759399414
1000,-6.132025718688965
1001,-13.982568740844727
1002,-0.6921882629394531
1003,-6.1265974044799805
1004,-11.654867172241211
1005,-0.6026792526245117
1006,-6.131686210632324
1007,-11.650404930114746
1008,-0.5092363357543945
1009,-6.141450881958008
1010,-11.652467727661133
1011,0.7322874069213867
1012,-5.9751129150390625
1013,-17.81549835205078
1014,0.45688724517822266
1015,-6.004295349121094
1016,-7.6648430824279785
1017,-0.6798553466796875
1018,-5.483279228210449
1019,-13.443307876586914
1020,-0.8155937194824219
1021,-5.496598243713379
1022,-10.387996673583984
1023,1.819462776184082
1024,-4.5750932693481445
1025,-22.74762725830078
1026,1.2677011489868164
1027,-4.373661994934082
1028,-1.1408700942993164
1029,-3.7108945846557617
1030,-3.5366153717041016
1031,-25.133522033691406
1032,1.5562286376953125
1033,-2.6543941497802734
1034,2.2216196060180664
1035,-8.518967628479004
1036,-3.285808563232422
1037,-22.765426635742188
1038,-0.08971405029296875
1039,-1.0736618041992188
1040,-1.3361601829528809
1041,-9.993501663208008
1042,-3.1390867233276367
1043,-24.540386199951172
1044,-0.08630561828613281
1045,-0.7845001220703125
1046,-1.7540555000305176
1047,-10.045065879821777
1048,-3.4026451110839844
1049,-23.981822967529297
1050,-0.3629741668701172
1051,-0.7620639801025391
1052,-3.5820653438568115
1053,-9.373425483703613
1054,-3.26529598236084
1055,-22.49295425415039
1056,-0.2430887222290039
1057,-0.8505449295043945
1058,-2.3073363304138184
1059,2.384921073913574
1060,0.14563655853271484
1061,-12.68618106842041
1062,0.8362903594970703
1063,0.04363250732421875
1064,-0.24282550811767578
1065,1.1132698059082031
1066,3.388331413269043
1067,-7.517728328704834
1068,-0.08394718170166016
1069,2.96071720123291
1070,7.951634407043457
1071,1.3413820266723633
1072,6.390385627746582
1073,0.015842437744140625
1074,-0.08974456787109375
1075,5.476523399353027
1076,20.011394500732422
1077,2.1069040298461914
1078,6.889300346374512
1079,0.31600427627563477
1080,0.4591398239135742
1081,5.840601921081543
1082,21.126453399658203
1083,-1.4595270156860352
1084,7.3000993728637695
1085,-5.652785301208496
1086,-2.64127254486084
1087,6.235415458679199
1088,18.762046813964844
1089,-1.6416893005371094
1090,-5.76255989074707
1091,-12.382862091064453
1092,-1.1596126556396484
1093,-6.101503372192383
1094,-14.027986526489258
1095,-1.0371322631835938
1096,-6.105840682983398
1097,-14.034503936767578
1098,-0.8945417404174805
1099,-6.11574649810791
1100,-14.035619735717773
1101,-1.1775245666503906
1102,-6.1049604415893555
1103,-11.68067741394043
1104,-1.0659713745117188
1105,-6.111660003662109
1106,-11.677953720092773
1107,-0.9410009384155273
1108,-6.123892784118652
1109,-11.68323802947998
1110,0.3072500228881836
1111,-5.964970588684082
1112,-17.961355209350586
1113,0.13382339477539062
1114,-5.9976301193237305
1115,-8.041613578796387
1116,-1.2052745819091797
1117,-5.453129768371582
1118,-13.54640007019043
1119,-1.2803401947021484
1120,-5.45540714263916
1121,-10.414651870727539
1122,1.7540159225463867
1123,-4.5479583740234375
1124,-22.677001953125
1125,0.8342676162719727
1126,-4.315204620361328
1127,-1.4211249351501465
1128,-3.6220130920410156
1129,-3.2823190689086914
1130,-23.983089447021484
1131,-2.8907623291015625
1132,-3.1422061920166016
1133,1.9976739883422852
1134,-8.64401912689209
1135,-3.0592756271362305
1136,-20.786069869995117
1137,-7.598692893981934
1138,-2.38480281829834
1139,-0.7166376113891602
1140,-9.870038032531738
1141,-2.806976318359375
1142,-22.518505096435547
1143,-7.808803081512451
1144,-2.02203369140625
1145,-0.7778372764587402
1146,-9.95643424987793
1147,-3.019045829772949
1148,-21.763065338134766
1149,-8.079227447509766
1150,-2.003668785095215
1151,-2.8153629302978516
1152,-9.359657287597656
1153,-3.0206308364868164
1154,-20.36343002319336
1155,-7.803368091583252
1156,-1.9779939651489258
1157,-1.785090446472168
1158,2.4607324600219727
1159,0.13612747192382812
1160,-12.310964584350586
1161,0.8467731475830078
1162,0.04084491729736328
1163,-0.6057133674621582
1164,1.0835418701171875
1165,3.387059211730957
1166,-8.113578796386719
1167,-0.17462921142578125
1168,2.951592445373535
1169,6.820915222167969
1170,1.3161849975585938
1171,6.3530683517456055
1172,-1.6601066589355469
1173,-0.09221744537353516
1174,5.465628623962402
1175,16.07375717163086
1176,2.106307029724121
1177,6.870057106018066
1178,-1.3187675476074219
1179,0.4450235366821289
1180,5.785475730895996
1181,16.856739044189453
1182,-1.3980741500854492
1183,7.271721839904785
1184,-6.01469612121582
1185,-2.688593864440918
1186,6.2197771072387695
1187,14.690939903259277
1188,-1.9872064590454102
1189,-5.7308197021484375
1190,-14.94929313659668
1191,-1.507887840270996
1192,-6.060315132141113
1193,-16.51455307006836
1194,-1.3982868194580078
1195,-6.063889503479004
1196,-16.51754379272461
1197,-1.2556467056274414
1198,-6.0727434158325195
1199,-16.518535614013672
1200,-1.51336669921875
1201,-6.061030387878418
1202,-14.189934730529785
1203,-1.4063901901245117
1204,-6.065132141113281
1205,-14.188424110412598
1206,-1.2950477600097656
1207,-6.073186874389648
1208,-14.19326400756836
1209,-0.1742382049560547
1210,-5.918347358703613
1211,-20.190345764160156
1212,-0.24325275421142578
1213,-5.95052433013916
1214,-10.116567611694336
1215,-1.5678300857543945
1216,-5.423517227172852
1217,-16.107833862304688
1218,-1.6419792175292969
1219,-5.422637939453125
1220,-13.100433349609375
1221,1.3289270401000977
1222,-4.444618225097656
1223,-24.327884674072266
1224,0.30910491943359375
1225,-4.2177734375
1226,-2.615963935852051
1227,-3.249476432800293
1228,-2.252300262451172
1229,-24.582725524902344
1230,-2.4079504013061523
1231,-2.472881317138672
1232,-0.062075138092041016
1233,-8.23429012298584
1234,-1.044693946838379
1235,-20.786060333251953
1236,-6.069533348083496
1237,-0.696721076965332
1238,-3.391284227371216
1239,-9.296236991882324
1240,-0.6423568725585938
1241,-22.387727737426758
1242,-6.69171142578125
1243,-0.46700477600097656
1244,-3.444209575653076
1245,-9.060983657836914
1246,-0.8481655120849609
1247,-22.127910614013672
1248,-6.83452033996582
1249,-0.3350648880004883
1250,-5.464976787567139
1251,-8.538640975952148
1252,-0.8883466720581055
1253,-20.535106658935547
1254,-6.511194229125977
1255,-0.3458118438720703
1256,-4.428692817687988
1257,2.5275678634643555
1258,0.13710689544677734
1259,-12.329182624816895
1260,0.8374099731445312
1261,0.034839630126953125
1262,-0.5884795188903809
1263,0.8982133865356445
1264,3.3336362838745117
1265,-9.822454452514648
1266,-0.4852895736694336
1267,2.8743486404418945
1268,5.544721603393555
1269,1.2987289428710938
1270,6.259812355041504
1271,-3.446551561355591
1272,-0.11052417755126953
1273,5.436997413635254
1274,15.606963157653809
1275,2.1061315536499023
1276,6.802031517028809
1277,-3.133563995361328
1278,0.4349498748779297
1279,5.743844032287598
1280,16.428016662597656
1281,-1.3725309371948242
1282,7.238602638244629
1283,-8.158695220947266
1284,-2.704543113708496
1285,6.193167686462402
1286,14.566412925720215
1287,-2.0232315063476562
1288,-5.6992692947387695
1289,-16.797672271728516
1290,-1.560215950012207
1291,-6.022732734680176
1292,-18.349151611328125
1293,-1.459402084350586
1294,-6.024566650390625
1295,-18.35123634338379
1296,-1.3458127975463867
1297,-6.029848098754883
1298,-18.351640701293945
1299,-1.5627832412719727
1300,-6.025267601013184
1301,-16.082948684692383
1302,-1.4616060256958008
1303,-6.029315948486328
1304,-16.084056854248047
1305,-1.357619285583496
1306,-6.03639030456543
1307,-16.090679168701172
1308,-0.32145118713378906
1309,-5.880613327026367
1310,-21.79730224609375
1311,-0.3618297576904297
1312,-5.922021865844727
1313,-11.817524909973145
1314,-1.6063528060913086
1315,-5.388874053955078
1316,-17.82318115234375
1317,-1.6758909225463867
1318,-5.384225845336914
1319,-14.904230117797852
1320,1.0445423126220703
1321,-4.3854265213012695
1322,-25.858272552490234
1323,0.08849430084228516
1324,-4.202395439147949
1325,-3.8071978092193604
1326,-2.874055862426758
1327,-2.0380592346191406
1328,-24.652099609375
1329,-2.6670827865600586
1330,-2.409872055053711
1331,-0.9932670593261719
1332,-7.898425102233887
1333,-1.0227327346801758
1334,-21.98285675048828
1335,-6.453108787536621
1336,-0.7833738327026367
1337,-4.708459854125977
1338,-9.164791107177734
1339,-0.6387767791748047
1340,-23.771034240722656
1341,-7.368465900421143
1342,-0.6085348129272461
1343,-4.922189712524414
1344,-8.676458358764648
1345,-0.8772659301757812
1346,-23.459518432617188
1347,-7.472166061401367
1348,-0.5241012573242188
1349,-7.050631046295166
1350,-8.206720352172852
1351,-0.9103384017944336
1352,-21.747634887695312
1353,-7.050699234008789
1354,-0.5229578018188477
1355,-5.808807849884033
1356,2.597609519958496
1357,0.1383047103881836
1358,-12.340766906738281
1359,0.8710622787475586
1360,0.03074169158935547
1361,-0.5758309364318848
1362,0.8478069305419922
1363,3.3171873092651367
1364,-9.302024841308594
1365,-0.5519208908081055
1366,2.8459978103637695
1367,5.555791854858398
1368,1.2927532196044922
1369,6.207213401794434
1370,-2.9077093601226807
1371,-0.1254434585571289
1372,5.404038429260254
1373,16.281261444091797
1374,2.1030235290527344
1375,6.742083549499512
1376,-2.595860719680786
1377,0.42511940002441406
1378,5.674653053283691
1379,17.097774505615234
1380,-1.3856534957885742
1381,7.185881614685059
1382,-7.95058536529541
1383,-2.7190351486206055
1384,6.123475074768066
1385,16.003894805908203
1386,-2.1761245727539062
1387,-5.580748558044434
1388,-18.537626266479492
1389,-1.683222770690918
1390,-5.89005184173584
1391,-19.952960968017578
1392,-1.5879011154174805
1393,-5.885819435119629
1394,-19.9537353515625
1395,-1.492706298828125
1396,-5.881558418273926
1397,-19.956859588623047
1398,-1.7186603546142578
1399,-5.902541160583496
1400,-17.906455993652344
1401,-1.6418352127075195
1402,-5.9043073654174805
1403,-17.907461166381836
1404,-1.5676794052124023
1405,-5.909049034118652
1406,-17.91201400756836
1407,-0.4780111312866211
1408,-5.682202339172363
1409,-22.970172882080078
1410,-0.6661863327026367
1411,-5.756402015686035
1412,-13.9556245803833
1413,-1.7426834106445312
1414,-5.261378288269043
1415,-19.377979278564453
1416,-1.8289775848388672
1417,-5.2668256759643555
1418,-16.746307373046875
1419,0.7982778549194336
1420,-3.9977712631225586
1421,-25.770389556884766
1422,-0.04709053039550781
1423,-4.118429183959961
1424,-6.355104446411133
1425,-0.4116353988647461
1426,-1.4125652313232422
1427,-24.680835723876953
1428,-2.3369007110595703
1429,-1.9837150573730469
1430,-2.120898723602295
1431,-3.8140268325805664
1432,0.4223957061767578
1433,-21.631919860839844
1434,-5.456958770751953
1435,-0.26587581634521484
1436,-4.474125862121582
1437,-4.599861145019531
1438,0.828761100769043
1439,-23.30272674560547
1440,-6.234197616577148
1441,0.06422996520996094
1442,-4.652143478393555
1443,-5.05485725402832
1444,0.6719217300415039
1445,-23.341014862060547
1446,-6.3059186935424805
1447,0.09969234466552734
1448,-6.686885356903076
1449,-4.684272766113281
1450,0.5608854293823242
1451,-21.517749786376953
1452,-5.9162797927856445
1453,0.02920055389404297
1454,-5.497335910797119
1455,2.5910139083862305
1456,0.2637786865234375
1457,-12.053702354431152
1458,0.9707784652709961
1459,0.04790019989013672
1460,-0.8588104248046875
1461,0.5616273880004883
1462,3.3167943954467773
1463,-7.140420913696289
1464,-0.7627410888671875
1465,2.7976160049438477
1466,5.667646408081055
1467,1.269312858581543
1468,6.182517051696777
1469,0.5443973541259766
1470,-0.10422611236572266
1471,5.313044548034668
1472,16.180416107177734
1473,2.0882930755615234
1474,6.69736385345459
1475,1.0581283569335938
1476,0.4289731979370117
1477,5.588942527770996
1478,17.066940307617188
1479,-1.3859519958496094
1480,7.146365165710449
1481,-2.9488258361816406
1482,-2.712569236755371
1483,6.061720848083496
1484,16.049793243408203
1485,-2.329366683959961
1486,-5.506521224975586
1487,-19.55508041381836
1488,-1.8443794250488281
1489,-5.808350563049316
1490,-20.97015380859375
1491,-1.7516412734985352
1492,-5.8004302978515625
1493,-20.970996856689453
1494,-1.6650123596191406
1495,-5.792050361633301
1496,-20.97473907470703
1497,-1.8783693313598633
1498,-5.8154401779174805
1499,-18.89312744140625
1500,-1.8022136688232422
1501,-5.816183090209961
1502,-18.894184112548828
1503,-1.7306528091430664
1504,-5.818092346191406
1505,-18.89907455444336
1506,-0.6628751754760742
1507,-5.5859375
1508,-23.93114471435547
1509,-0.8118982315063477
1510,-5.666685104370117
1511,-14.80484676361084
1512,-1.9131011962890625
1513,-5.166505813598633
1514,-20.36756134033203
1515,-1.9963150024414062
1516,-5.171590805053711
1517,-17.707979202270508
1518,0.6242790222167969
1519,-3.855412483215332
1520,-26.744976043701172
1521,-0.18671131134033203
1522,-4.03188419342041
1523,-6.960007667541504
1524,-0.12556934356689453
1525,-1.2796354293823242
1526,-24.83737564086914
1527,-2.153689384460449
1528,-1.8726654052734375
1529,-2.413548469543457
1530,-3.324774742126465
1531,0.599818229675293
1532,-22.26393699645996
1533,-4.990660667419434
1534,-0.18864917755126953
1535,-4.538405895233154
1536,-4.127932548522949
1537,1.0056676864624023
1538,-24.061798095703125
1539,-5.773292541503906
1540,0.1338939666748047
1541,-4.674716949462891
1542,-4.526512145996094
1543,0.9381780624389648
1544,-23.99893569946289
1545,-5.83514928817749
1546,0.17690181732177734
1547,-6.6592326164245605
1548,-4.219640731811523
1549,0.7415571212768555
1550,-22.13553237915039
1551,-5.434571266174316
1552,0.1128702163696289
1553,-5.5098700523376465
1554,2.6092615127563477
1555,0.34248924255371094
1556,-12.028697967529297
1557,1.1255922317504883
1558,0.07361602783203125
1559,-0.8834919929504395
1560,0.3967857360839844
1561,3.317938804626465
1562,-6.183607578277588
1563,-0.8073253631591797
1564,2.7934789657592773
1565,5.843648910522461
1566,1.255990982055664
1567,6.1886796951293945
1568,1.556532859802246
1569,-0.06303691864013672
1570,5.281859397888184
1571,16.598304748535156
1572,2.0813980102539062
1573,6.708937644958496
1574,2.084090232849121
1575,0.46356678009033203
1576,5.572173118591309
1577,17.59335708618164
1578,-1.390995979309082
1579,7.065728187561035
1580,-1.9587616920471191
1581,-2.710787773132324
1582,6.00270938873291
1583,17.315093994140625
1584,-2.665848731994629
1585,-5.097185134887695
1586,-17.229202270507812
1587,-2.255476951599121
1588,-5.405045509338379
1589,-18.799724578857422
1590,-2.186033248901367
1591,-5.401124954223633
1592,-18.797870635986328
1593,-2.0914926528930664
1594,-5.401385307312012
1595,-18.807594299316406
1596,-2.252652168273926
1597,-5.417247772216797
1598,-16.492820739746094
1599,-2.1795711517333984
1600,-5.41512393951416
1601,-16.48996353149414
1602,-2.1223344802856445
1603,-5.416290283203125
1604,-16.495426177978516
1605,-1.1781196594238281
1606,-5.223811149597168
1607,-23.587474822998047
1608,-1.1891374588012695
1609,-5.292529106140137
1610,-13.179765701293945
1611,-2.2225770950317383
1612,-4.80959415435791
1613,-18.794025421142578
1614,-2.3121719360351562
1615,-4.785094261169434
1616,-15.806466102600098
1617,0.3520021438598633
1618,-3.644317626953125
1619,-24.800018310546875
1620,-0.20746898651123047
1621,-3.72397518157959
1622,-6.102322101593018
1623,1.420964241027832
1624,-1.0866508483886719
1625,-22.627094268798828
1626,0.3959665298461914
1627,-1.5332450866699219
1628,-1.9474806785583496
1629,0.9353656768798828
1630,0.8995428085327148
1631,-19.26595687866211
1632,0.26787567138671875
1633,0.16875171661376953
1634,-3.356996774673462
1635,1.1469154357910156
1636,1.4020357131958008
1637,-20.677207946777344
1638,0.3147010803222656
1639,0.5089683532714844
1640,-3.1287715435028076
1641,0.6993522644042969
1642,1.469283103942871
1643,-20.731422424316406
1644,0.023088455200195312
1645,0.5490446090698242
1646,-4.5611677169799805
1647,0.6390781402587891
1648,1.2421636581420898
1649,-19.132896423339844
1650,0.09003829956054688
1651,0.43858909606933594
1652,-4.024237632751465
1653,2.8064069747924805
1654,0.42766571044921875
1655,-12.045162200927734
1656,1.4355993270874023
1657,0.1567840576171875
1658,-0.8729033470153809
1659,0.05091285705566406
1660,3.3245058059692383
1661,-11.045717239379883
1662,-1.339859962463379
1663,2.773756980895996
1664,6.01627254486084
1665,1.241236686706543
1666,6.1944074630737305
1667,-7.362885475158691
1668,-0.06187915802001953
1669,5.2392778396606445
1670,16.885814666748047
1671,2.081766128540039
1672,6.710410118103027
1673,-7.217650890350342
1674,0.4504060745239258
1675,5.526494026184082
1676,17.8426513671875
1677,-1.3912725448608398
1678,7.077509880065918
1679,-11.731271743774414
1680,-2.6816539764404297
1681,5.992789268493652
1682,17.611995697021484
1683,-2.8738279342651367
1684,-4.951807975769043
1685,-16.5535831451416
1686,-2.4862871170043945
1687,-5.264422416687012
1688,-18.000289916992188
1689,-2.4123525619506836
1690,-5.260490417480469
1691,-18.000804901123047
1692,-2.3404054641723633
1693,-5.259066581726074
1694,-18.006595611572266
1695,-2.4870214462280273
1696,-5.265941619873047
1697,-15.805766105651855
1698,-2.414109230041504
1699,-5.267312049865723
1700,-15.804642677307129
1701,-2.3553543090820312
1702,-5.270044326782227
1703,-15.809979438781738
1704,-1.4068613052368164
1705,-5.107354164123535
1706,-21.794700622558594
1707,-1.445399284362793
1708,-5.169546127319336
1709,-12.045171737670898
1710,-2.4220571517944336
1711,-4.677013397216797
1712,-17.76069450378418
1713,-2.4784603118896484
1714,-4.657259941101074
1715,-14.925348281860352
1716,0.27404212951660156
1717,-3.6011199951171875
1718,-24.510101318359375
1719,-0.4024648666381836
1720,-3.5746612548828125
1721,-5.206075668334961
1722,2.099268913269043
1723,-1.116241455078125
1724,-23.582916259765625
1725,0.6674623489379883
1726,-1.301741600036621
1727,-1.5045604705810547
1728,1.4187192916870117
1729,1.0623292922973633
1730,-20.689327239990234
1731,1.146249771118164
1732,0.5497274398803711
1733,-3.3670642375946045
1734,1.6147851943969727
1735,1.5873022079467773
1736,-22.341812133789062
1737,1.2132625579833984
1738,0.9494619369506836
1739,-3.182249069213867
1740,1.2069177627563477
1741,1.6343107223510742
1742,-22.25662612915039
1743,0.9636220932006836
1744,1.018599510192871
1745,-4.7250165939331055
1746,1.162215232849121
1747,1.4208383560180664
1748,-20.523700714111328
1749,1.0427055358886719
1750,0.874842643737793
1751,-4.044979572296143
1752,2.9610414505004883
1753,0.46503543853759766
1754,-12.076948165893555
1755,1.5166339874267578
1756,0.23318958282470703
1757,-0.8443055152893066
1758,0.007590293884277344
1759,3.3250627517700195
1760,-11.373636245727539
1761,-1.459559440612793
1762,2.7789106369018555
1763,6.1165924072265625
1764,1.2004804611206055
1765,6.206259727478027
1766,-7.234358310699463
1767,-0.06263160705566406
1768,5.2526445388793945
1769,17.027706146240234
1770,2.076228141784668
1771,6.712187767028809
1772,-7.031615734100342
1773,0.44960498809814453
1774,5.551634788513184
1775,17.97730255126953
1776,-1.3850879669189453
1777,7.073073387145996
1778,-11.68344497680664
1779,-2.6492156982421875
1780,6.004185676574707
1781,17.47563934326172
1782,-2.788783073425293
1783,-4.700336456298828
1784,-16.248245239257812
1785,-2.391084671020508
1786,-4.82607364654541
1787,-17.636632919311523
1788,-2.2749576568603516
1789,-4.8140363693237305
1790,-17.637943267822266
1791,-2.2276525497436523
1792,-4.793428421020508
1793,-17.641483306884766
1794,-2.3886003494262695
1795,-4.859009742736816
1796,-15.531118392944336
1797,-2.2608232498168945
1798,-4.869924545288086
1799,-15.531721115112305
1800,-2.2084054946899414
1801,-4.869851112365723
1802,-15.538299560546875
1803,-1.4551982879638672
1804,-4.559731483459473
1805,-21.072689056396484
1806,-1.4126863479614258
1807,-4.667211532592773
1808,-11.740538597106934
1809,-2.474032402038574
1810,-4.377747535705566
1811,-17.29235076904297
1812,-2.5222415924072266
1813,-4.377147674560547
1814,-14.558370590209961
1815,-0.1592540740966797
1816,-3.074005126953125
1817,-23.951717376708984
1818,-0.5087480545043945
1819,-3.2635984420776367
1820,-4.786318778991699
1821,2.290133476257324
1822,-0.9896268844604492
1823,-22.614986419677734
1824,1.2775611877441406
1825,-1.1894893646240234
1826,-1.1967535018920898
1827,3.543595314025879
1828,0.686793327331543
1829,-20.045581817626953
1830,2.259119987487793
1831,0.3518533706665039
1832,-2.507138252258301
1833,4.044140815734863
1834,1.1158723831176758
1835,-21.662368774414062
1836,2.612492561340332
1837,0.6933774948120117
1838,-2.1564249992370605
1839,3.8914880752563477
1840,1.1478242874145508
1841,-21.745075225830078
1842,2.5030298233032227
1843,0.8001775741577148
1844,-3.626080274581909
1845,3.5690622329711914
1846,0.9765958786010742
1847,-19.958927154541016
1848,2.414608955383301
1849,0.6044197082519531
1850,-3.1128835678100586
1851,3.091977119445801
1852,0.8635549545288086
1853,-12.149606704711914
1854,1.7906646728515625
1855,0.5475854873657227
1856,-0.7598276138305664
1857,-0.3117218017578125
1858,3.4459714889526367
1859,-10.165450096130371
1860,-1.6381340026855469
1861,2.817429542541504
1862,6.2607221603393555
1863,1.071579933166504
1864,6.211630821228027
1865,-5.171229362487793
1866,-0.06619071960449219
1867,5.261330604553223
1868,17.58989715576172
1869,2.0588455200195312
1870,6.719208717346191
1871,-5.378675937652588
1872,0.43183231353759766
1873,5.561041831970215
1874,18.671215057373047
1875,-1.3806705474853516
1876,7.080353736877441
1877,-6.549493789672852
1878,-2.5913496017456055
1879,6.011656761169434
1880,19.049575805664062
1881,-2.9828128814697266
1882,-4.511727333068848
1883,-16.143390655517578
1884,-2.599982261657715
1885,-4.6727447509765625
1886,-17.46727752685547
1887,-2.5343379974365234
1888,-4.655048370361328
1889,-17.46829605102539
1890,-2.3801822662353516
1891,-4.663134574890137
1892,-17.469871520996094
1893,-2.5881099700927734
1894,-4.694231033325195
1895,-15.4668607711792
1896,-2.5092697143554688
1897,-4.6921539306640625
1898,-15.469151496887207
1899,-2.338070869445801
1900,-4.720636367797852
1901,-15.474946022033691
1902,-1.6457805633544922
1903,-4.47529411315918
1904,-20.721790313720703
1905,-1.6152915954589844
1906,-4.570294380187988
1907,-11.666177749633789
1908,-2.645669937133789
1909,-4.219921112060547
1910,-17.04933738708496
1911,-2.6753835678100586
1912,-4.224246025085449
1913,-14.41820240020752
1914,-0.34043216705322266
1915,-2.9401187896728516
1916,-23.942398071289062
1917,-0.616154670715332
1918,-3.1481237411499023
1919,-4.607453346252441
1920,2.0256147384643555
1921,-0.9212465286254883
1922,-23.433517456054688
1923,1.3706674575805664
1924,-1.1078996658325195
1925,-0.5469794273376465
1926,3.979659080505371
1927,0.6531286239624023
1928,-20.739891052246094
1929,2.5737924575805664
1930,0.3229789733886719
1931,-0.9595808982849121
1932,4.585097312927246
1933,1.0786066055297852
1934,-22.564525604248047
1935,3.0068864822387695
1936,0.6694307327270508
1937,-0.369842529296875
1938,4.325102806091309
1939,1.1636285781860352
1940,-21.83447265625
1941,2.633265495300293
1942,0.7464494705200195
1943,-1.8816099166870117
1944,4.027583122253418
1945,1.0498476028442383
1946,-20.412240982055664
1947,2.7490358352661133
1948,0.5557966232299805
1949,-1.5663657188415527
1950,3.151120185852051
1951,0.9377985000610352
1952,-12.545379638671875
1953,2.0147876739501953
1954,0.6217145919799805
1955,-0.35002946853637695
1956,-0.5708646774291992
1957,3.505436897277832
1958,-10.651180267333984
1959,-1.6869325637817383
1960,2.819685935974121
1961,7.416975021362305
1962,1.075479507446289
1963,6.279170036315918
1964,-4.881631374359131
1965,-0.14087581634521484
1966,5.280224800109863
1967,19.218814849853516
1968,2.0444746017456055
1969,6.73129940032959
1970,-4.562219142913818
1971,0.2985391616821289
1972,5.5722455978393555
1973,20.33887481689453
1974,-1.3744316101074219
1975,7.083430290222168
1976,-6.808202266693115
1977,-2.5865793228149414
1978,6.008965492248535
1979,20.488224029541016
1980,-3.2428245544433594
1981,-3.929570198059082
1982,-17.582382202148438
1983,-2.872523307800293
1984,-4.120317459106445
1985,-18.784643173217773
1986,-2.788334846496582
1987,-4.054882049560547
1988,-18.785701751708984
1989,-2.627161979675293
1990,-4.063558578491211
1991,-18.790576934814453
1992,-2.9132261276245117
1993,-4.1463727951049805
1994,-16.842201232910156
1995,-2.866581916809082
1996,-4.144289016723633
1997,-16.841705322265625
1998,-2.803135871887207
1999,-4.152915000915527
2000,-16.842529296875
2001,-1.8792848587036133
2002,-3.8919124603271484
2003,-21.301549911499023
2004,-2.169881820678711
2005,-3.9389753341674805
2006,-12.633523941040039
2007,-2.8791093826293945
2008,-3.6182212829589844
2009,-18.29913902282715
2010,-2.957338333129883
2011,-3.582076072692871
2012,-15.78281307220459
2013,-0.14810562133789062
2014,-2.4715728759765625
2015,-23.700321197509766
2016,-1.1797542572021484
2017,-2.63494873046875
2018,-6.593624114990234
2019,3.7652482986450195
2020,-0.9546136856079102
2021,-22.691638946533203
2022,1.951730728149414
2023,-0.9693727493286133
2024,-2.275094985961914
2025,6.59768009185791
2026,0.6556062698364258
2027,-21.245426177978516
2028,4.003752708435059
2029,0.3436622619628906
2030,-3.180654525756836
2031,7.936667442321777
2032,0.9996709823608398
2033,-22.937618255615234
2034,4.658015251159668
2035,0.6431007385253906
2036,-2.5033679008483887
2037,7.5737714767456055
2038,1.139988899230957
2039,-22.68130111694336
2040,4.463479042053223
2041,0.6956682205200195
2042,-3.751551866531372
2043,6.970332145690918
2044,1.054072380065918
2045,-21.065702438354492
2046,4.357836723327637
2047,0.5892181396484375
2048,-3.6150596141815186
2049,3.3963918685913086
2050,1.2169256210327148
2051,-12.362171173095703
2052,1.8875312805175781
2053,0.8916006088256836
2054,-0.5293083190917969
2055,-1.1039009094238281
2056,3.5847997665405273
2057,-12.840238571166992
2058,-2.2681102752685547
2059,2.8497629165649414
2060,1.0181374549865723
2061,1.0761642456054688
2062,6.295418739318848
2063,-7.800749778747559
2064,-0.21090316772460938
2065,5.296296119689941
2066,8.715985298156738
2067,2.0452451705932617
2068,6.736802101135254
2069,-7.327646732330322
2070,0.4680490493774414
2071,5.582592964172363
2072,9.435160636901855
2073,-1.346928596496582
2074,7.090668678283691
2075,-9.194192886352539
2076,-2.5489091873168945
2077,6.025397300720215
2078,9.48701286315918
2079,-3.537623405456543
2080,-3.843733787536621
2081,-18.356101989746094
2082,-3.185932159423828
2083,-4.003816604614258
2084,-19.488189697265625
2085,-3.0496444702148438
2086,-3.9822654724121094
2087,-19.489316940307617
2088,-2.9312238693237305
2089,-3.966226577758789
2090,-19.49463653564453
2091,-3.252582550048828
2092,-4.026451110839844
2093,-17.634864807128906
2094,-3.2063703536987305
2095,-4.018794059753418
2096,-17.634140014648438
2097,-3.1554460525512695
2098,-4.01418399810791
2099,-17.63424301147461
2100,-2.155135154724121
2101,-3.726851463317871
2102,-21.715871810913086
2103,-2.4402246475219727
2104,-3.8301925659179688
2105,-13.50716781616211
2106,-3.11740779876709
2107,-3.516146659851074
2108,-18.98314094543457
2109,-3.2173404693603516
2110,-3.512531280517578
2111,-16.592918395996094
2112,-0.3291807174682617
2113,-2.3012619018554688
2114,-23.702808380126953
2115,-1.415085792541504
2116,-2.517526626586914
2117,-7.378396987915039
2118,3.972661018371582
2119,-0.9537630081176758
2120,-22.97265625
2121,2.236905097961426
2122,-1.0920429229736328
2123,-2.8979744911193848
2124,6.912356376647949
2125,0.5999746322631836
2126,-21.519798278808594
2127,4.644278526306152
2128,0.28765201568603516
2129,-3.7678093910217285
2130,8.159749031066895
2131,0.9044389724731445
2132,-23.342021942138672
2133,5.377898216247559
2134,0.5828332901000977
2135,-3.0754361152648926
2136,7.931763648986816
2137,1.0308904647827148
2138,-22.953079223632812
2139,5.1656084060668945
2140,0.6309890747070312
2141,-4.231267929077148
2142,7.381865501403809
2143,0.9452428817749023
2144,-21.274049758911133
2145,5.027514457702637
2146,0.5390501022338867
2147,-4.204814910888672
2148,3.558609962463379
2149,1.2340288162231445
2150,-12.232532501220703
2151,1.8123807907104492
2152,0.8624563217163086
2153,-0.6584944725036621
2154,-1.3862714767456055
2155,3.583010673522949
2156,-12.043302536010742
2157,-2.349367141723633
2158,2.8886117935180664
2159,0.09832429885864258
2160,1.0774145126342773
2161,6.297249794006348
2162,-6.014781475067139
2163,-0.2966194152832031
2164,5.299355506896973
2165,8.055350303649902
2166,2.0460071563720703
2167,6.736701011657715
2168,-5.46410608291626
2169,0.4745616912841797
2170,5.59023380279541
2171,8.807126998901367
2172,-1.345606803894043
2173,7.0955400466918945
2174,-7.508533477783203
2175,-2.5419530868530273
2176,6.075984001159668
2177,8.793876647949219
2178,-3.2927989959716797
2179,-3.4420719146728516
2180,-13.909341812133789
2181,-2.8583669662475586
2182,-3.528923988342285
2183,-15.059799194335938
2184,-2.755329132080078
2185,-3.5112791061401367
2186,-15.061278343200684
2187,-2.662522315979004
2188,-3.4960193634033203
2189,-15.065404891967773
2190,-2.918074607849121
2191,-3.613384246826172
2192,-13.503819465637207
2193,-2.8620481491088867
2194,-3.620295524597168
2195,-13.501895904541016
2196,-2.7787485122680664
2197,-3.5739946365356445
2198,-13.500520706176758
2199,-1.8635663986206055
2200,-3.2602291107177734
2201,-18.00326156616211
2202,-2.067904472351074
2203,-3.4168691635131836
2204,-11.365970611572266
2205,-2.9823684692382812
2206,-3.059062957763672
2207,-14.871312141418457
2208,-2.9220218658447266
2209,-3.09609317779541
2210,-12.891051292419434
2211,-0.47335243225097656
2212,-1.7267036437988281
2213,-19.270248413085938
2214,-1.164515495300293
2215,-2.2163381576538086
2216,-6.59947395324707
2217,4.664441108703613
2218,-1.0573902130126953
2219,-19.18716049194336
2220,3.6623125076293945
2221,-1.3814630508422852
2222,-2.252450942993164
2223,8.118741035461426
2224,0.1627063751220703
2225,-19.631694793701172
2226,6.33231258392334
2227,-0.20882129669189453
2228,0.1551504135131836
2229,9.072737693786621
2230,0.3813772201538086
2231,-21.044944763183594
2232,7.0818681716918945
2233,0.1746654510498047
2234,0.4785332679748535
2235,8.90664005279541
2236,0.5040206909179688
2237,-21.53034210205078
2238,7.032942771911621
2239,0.2160320281982422
2240,-0.5100035667419434
2241,8.321362495422363
2242,0.39797306060791016
2243,-19.80055046081543
2244,6.810957908630371
2245,0.05222034454345703
2246,-0.1461048126220703
2247,3.5703630447387695
2248,1.6754827499389648
2249,-11.890277862548828
2250,2.0718564987182617
2251,1.1772642135620117
2252,-0.9986610412597656
2253,-1.883601188659668
2254,3.630620002746582
2255,-11.108916282653809
2256,-2.6361494064331055
2257,3.0380735397338867
2258,0.07361698150634766
2259,0.9421195983886719
2260,6.340144157409668
2261,-5.96782112121582
2262,-0.40065479278564453
2263,5.328579902648926
2264,7.834957122802734
2265,2.0137434005737305
2266,6.744185447692871
2267,-4.283076763153076
2268,0.5265884399414062
2269,5.592436790466309
2270,8.56653118133545
2271,-1.3911151885986328
2272,7.098702430725098
2273,-2.971350908279419
2274,-2.452028274536133
2275,6.127699851989746
2276,9.25903606414795
2277,-2.395979881286621
2278,-3.452765464782715
2279,-14.200738906860352
2280,-2.0235137939453125
2281,-3.5657882690429688
2282,-15.386964797973633
2283,-1.8667640686035156
2284,-3.4745302200317383
2285,-15.389307022094727
2286,-1.8740873336791992
2287,-3.4527416229248047
2288,-15.392847061157227
2289,-1.6678590774536133
2290,-3.5483036041259766
2291,-13.739498138427734
2292,-1.6279067993164062
2293,-3.53408145904541
2294,-13.737449645996094
2295,-1.5802297592163086
2296,-3.5113582611083984
2297,-13.736831665039062
2298,-1.6418027877807617
2299,-3.130854606628418
2300,-18.100475311279297
2301,-1.127284049987793
2302,-3.156190872192383
2303,-11.270563125610352
2304,-2.9234085083007812
2305,-3.2117252349853516
2306,-15.052818298339844
2307,-2.9124460220336914
2308,-3.237823486328125
2309,-12.98037338256836
2310,-0.5420255661010742
2311,-1.6927213668823242
2312,-20.00883674621582
2313,-1.005854606628418
2314,-2.0495615005493164
2315,-6.324292182922363
2316,4.601136207580566
2317,-1.1483182907104492
2318,-20.42736053466797
2319,4.122248649597168
2320,-1.4689931869506836
2321,-1.9439806938171387
2322,8.374077796936035
2323,0.035762786865234375
2324,-19.860614776611328
2325,6.888598442077637
2326,-0.5171089172363281
2327,1.3737525939941406
2328,9.597514152526855
2329,0.27553749084472656
2330,-21.756816864013672
2331,7.759381294250488
2332,-0.20470809936523438
2333,1.9597434997558594
2334,9.379597663879395
2335,0.3793678283691406
2336,-22.395687103271484
2337,7.677289009094238
2338,-0.17078208923339844
2339,0.752415657043457
2340,9.037400245666504
2341,0.3525247573852539
2342,-20.398622512817383
2343,7.410780906677246
2344,-0.28502559661865234
2345,1.0142850875854492
2346,3.6765260696411133
2347,1.8352556228637695
2348,-11.937530517578125
2349,2.3638505935668945
2350,1.2474069595336914
2351,-0.9547557830810547
2352,-1.9616098403930664
2353,3.6804590225219727
2354,-10.68282699584961
2355,-2.7676401138305664
2356,3.0453786849975586
2357,1.0649499893188477
2358,0.9395103454589844
2359,6.340359687805176
2360,-2.1205148696899414
2361,-0.5537319183349609
2362,5.331250190734863
2363,9.55768871307373
2364,2.0126829147338867
2365,6.735163688659668
2366,-0.6881179809570312
2367,0.031133651733398438
2368,5.560919761657715
2369,10.389176368713379
2370,-1.3789997100830078
2371,7.100401878356934
2372,0.2591423988342285
2373,-2.4549789428710938
2374,6.10221004486084
2375,11.160820960998535
2376,-3.548480987548828
2377,-2.5738563537597656
2378,-14.376087188720703
2379,-3.0754566192626953
2380,-2.71645450592041
2381,-15.567806243896484
2382,-2.964474678039551
2383,-2.6857872009277344
2384,-15.571444511413574
2385,-2.907015800476074
2386,-2.668576240539551
2387,-15.57424259185791
2388,-2.9886770248413086
2389,-2.763169288635254
2390,-13.903564453125
2391,-2.911195755004883
2392,-2.774277687072754
2393,-13.902327537536621
2394,-2.8337316513061523
2395,-2.7874088287353516
2396,-13.903717041015625
2397,-2.2925968170166016
2398,-2.546818733215332
2399,-18.176586151123047
2400,-2.1108102798461914
2401,-2.6668214797973633
2402,-10.85554313659668
2403,-3.3224592208862305
2404,-2.328740119934082
2405,-15.118247032165527
2406,-3.377941131591797
2407,-2.352153778076172
2408,-13.077526092529297
2409,-0.6432561874389648
2410,-1.2355098724365234
2411,-21.02208709716797
2412,-1.1962013244628906
2413,-1.784052848815918
2414,-5.878157615661621
2415,4.100771903991699
2416,-0.9485788345336914
2417,-26.67669677734375
2418,3.6081151962280273
2419,-1.5998001098632812
2420,2.778212547302246
2421,8.096976280212402
2422,-0.19149208068847656
2423,-34.155277252197266
2424,6.423617362976074
2425,-1.0253324508666992
2426,9.586737632751465
2427,9.217036247253418
2428,-0.113555908203125
2429,-36.7702751159668
2430,7.156743049621582
2431,-0.9325180053710938
2432,10.822222709655762
2433,8.988539695739746
2434,-0.049880027770996094
2435,-36.87422180175781
2436,7.179409980773926
2437,-1.0173254013061523
2438,9.661406517028809
2439,8.552128791809082
2440,-0.03134632110595703
2441,-34.41495132446289
2442,6.775174140930176
2443,-0.903071403503418
2444,9.345173835754395
2445,3.6156606674194336
2446,2.178297996520996
2447,-12.535287857055664
2448,2.2045326232910156
2449,1.518813133239746
2450,-0.35283994674682617
2451,-2.053511619567871
2452,3.830521583557129
2453,-12.111066818237305
2454,-3.0432043075561523
2455,3.075150489807129
2456,2.109807014465332
2457,0.9097442626953125
2458,6.3603105545043945
2459,-2.3875722885131836
2460,-0.6587629318237305
2461,5.337651252746582
2462,11.226971626281738
2463,1.9989557266235352
2464,6.734358787536621
2465,-1.235525131225586
2466,0.06684684753417969
2467,5.566836357116699
2468,11.888968467712402
2469,-1.3786802291870117
2470,7.1008806228637695
2471,-1.5778660774230957
2472,-2.4491634368896484
2473,6.117280006408691
2474,14.50574779510498
2475,-3.9531497955322266
2476,-2.5164308547973633
2477,-11.958318710327148
2478,-3.534054756164551
2479,-2.6697463989257812
2480,-13.225685119628906
2481,-3.4489946365356445
2482,-2.640078544616699
2483,-13.227476119995117
2484,-3.385605812072754
2485,-2.612217903137207
2486,-13.230938911437988
2487,-3.5039100646972656
2488,-2.748591423034668
2489,-11.502861976623535
2490,-3.4148168563842773
2491,-2.7697811126708984
2492,-11.501197814941406
2493,-3.319066047668457
2494,-2.779214859008789
2495,-11.502397537231445
2496,-2.716374397277832
2497,-2.5066652297973633
2498,-16.3939208984375
2499,-2.5167484283447266
2500,-2.6867923736572266
2501,-8.77595329284668
2502,-3.5784177780151367
2503,-2.2542171478271484
2504,-12.971046447753906
2505,-3.6246747970581055
2506,-2.3138914108276367
2507,-10.762960433959961
2508,-0.9031896591186523
2509,-1.0818214416503906
2510,-18.93727684020996
2511,-1.093099594116211
2512,-1.7697563171386719
2513,-5.200647354125977
2514,3.41629695892334
2515,-0.9269371032714844
2516,-24.903995513916016
2517,4.048035621643066
2518,-1.713963508605957
2519,2.9081153869628906
2520,7.679501533508301
2521,-0.2828369140625
2522,-30.029220581054688
2523,7.096198081970215
2524,-1.5740432739257812
2525,7.688161849975586
2526,8.794312477111816
2527,-0.30086517333984375
2528,-32.226173400878906
2529,7.664965629577637
2530,-1.2981691360473633
2531,8.45765495300293
2532,8.675211906433105
2533,-0.2635936737060547
2534,-32.43083190917969
2535,7.645726203918457
2536,-1.339691162109375
2537,7.523093223571777
2538,8.263916969299316
2539,-0.2199716567993164
2540,-30.287734985351562
2541,7.449618339538574
2542,-1.3005456924438477
2543,7.449522972106934
2544,3.645585060119629
2545,2.2703733444213867
2546,-12.543779373168945
2547,2.32340145111084
2548,1.6237592697143555
2549,-0.34607791900634766
2550,-2.188852310180664
2551,3.901473045349121
2552,-11.352216720581055
2553,-3.253647804260254
2554,3.132706642150879
2555,3.1152496337890625
2556,0.8515844345092773
2557,6.360323905944824
2558,-2.38250732421875
2559,-0.6901893615722656
2560,5.3380231857299805
2561,12.600066184997559
2562,1.9681243896484375
2563,6.736550331115723
2564,-1.3002023696899414
2565,0.09393310546875
2566,5.5597734451293945
2567,13.409533500671387
2568,-1.4035186767578125
2569,7.104325294494629
2570,-0.857201099395752
2571,-2.438082695007324
2572,6.121762275695801
2573,15.0021390914917
2574,-4.091139793395996
2575,-2.4763174057006836
2576,-8.426513671875
2577,-3.7016372680664062
2578,-2.656357765197754
2579,-9.761333465576172
2580,-3.629131317138672
2581,-2.635708808898926
2582,-9.763154983520508
2583,-3.569087028503418
2584,-2.614896774291992
2585,-9.767463684082031
2586,-3.660482406616211
2587,-2.7118492126464844
2588,-8.057891845703125
2589,-3.5641746520996094
2590,-2.728196144104004
2591,-8.055302619934082
2592,-3.4126319885253906
2593,-2.756699562072754
2594,-8.056718826293945
2595,-2.8385801315307617
2596,-2.5090723037719727
2597,-13.734023094177246
2598,-2.5813913345336914
2599,-2.6804676055908203
2600,-6.179579734802246
2601,-3.6275596618652344
2602,-2.2140064239501953
2603,-9.764389991760254
2604,-3.6543102264404297
2605,-2.274813652038574
2606,-7.565854072570801
2607,-1.0468177795410156
2608,-1.1391544342041016
2609,-17.133533477783203
2610,-1.0055017471313477
2611,-1.6751317977905273
2612,-3.254807233810425
2613,3.145094871520996
2614,-0.887481689453125
2615,-20.62350082397461
2616,4.44551944732666
2617,-1.7257490158081055
2618,2.580411911010742
2619,7.575928688049316
2620,-0.30548858642578125
2621,-27.31033706665039
2622,7.176976203918457
2623,-1.5515556335449219
2624,4.777630805969238
2625,8.210671424865723
2626,-0.506866455078125
2627,-29.13910675048828
2628,8.034785270690918
2629,-1.3282976150512695
2630,5.124056816101074
2631,8.629122734069824
2632,-0.3361387252807617
2633,-30.43027114868164
2634,7.913897514343262
2635,-1.398930549621582
2636,4.23372745513916
2637,8.263237953186035
2638,-0.28051090240478516
2639,-28.512760162353516
2640,7.647126197814941
2641,-1.362351417541504
2642,4.441014289855957
2643,3.69229793548584
2644,2.2711076736450195
2645,-12.537412643432617
2646,2.506405830383301
2647,1.6648283004760742
2648,-0.353363037109375
2649,-2.241832733154297
2650,3.9030065536499023
2651,-10.395747184753418
2652,-3.2626304626464844
2653,3.1886472702026367
2654,3.226933479309082
2655,0.7118034362792969
2656,6.3661909103393555
2657,-1.3415827751159668
2658,-0.7002487182617188
2659,5.341046333312988
2660,12.513287544250488
2661,1.875361442565918
2662,6.741311073303223
2663,-0.25145959854125977
2664,0.12565135955810547
2665,5.555508613586426
2666,13.402131080627441
2667,-1.481886863708496
2668,7.105463981628418
2669,0.1341843605041504
2670,-2.462397575378418
2671,6.120049476623535
2672,14.751648902893066
2673,-4.107082366943359
2674,-2.3123598098754883
2675,-11.009078979492188
2676,-3.578754425048828
2677,-2.469477653503418
2678,-12.32516098022461
2679,-3.489025115966797
2680,-2.4519224166870117
2681,-12.327306747436523
2682,-3.408477783203125
2683,-2.4353208541870117
2684,-12.329723358154297
2685,-3.589204788208008
2686,-2.5161380767822266
2687,-10.57033920288086
2688,-3.5024900436401367
2689,-2.5234899520874023
2690,-10.569091796875
2691,-3.395596504211426
2692,-2.53652286529541
2693,-10.572965621948242
2694,-2.6537437438964844
2695,-2.290745735168457
2696,-15.774893760681152
2697,-2.5685653686523438
2698,-2.4065799713134766
2699,-7.799529075622559
2700,-3.669947624206543
2701,-2.030284881591797
2702,-12.030952453613281
2703,-3.73429012298584
2704,-2.0579872131347656
2705,-9.774632453918457
2706,-0.8242006301879883
2707,-0.9112777709960938
2708,-19.226009368896484
2709,-1.2069101333618164
2710,-1.3776655197143555
2711,-3.3053500652313232
2712,4.117676734924316
2713,-0.6377496719360352
2714,-21.7874755859375
2715,3.446782112121582
2716,-1.1710386276245117
2717,2.785824775695801
2718,7.199213981628418
2719,-0.043761253356933594
2720,-26.209632873535156
2721,5.852873802185059
2722,-1.0182952880859375
2723,6.633455276489258
2724,7.909819602966309
2725,-0.007513999938964844
2726,-28.170398712158203
2727,6.653500556945801
2728,-0.9355840682983398
2729,7.3445844650268555
2730,7.8750410079956055
2731,0.0682821273803711
2732,-28.684207916259766
2733,6.573456764221191
2734,-0.9596109390258789
2735,6.231172561645508
2736,7.534455299377441
2737,0.08344554901123047
2738,-26.65213394165039
2739,6.310976982116699
2740,-0.91326904296875
2741,6.302624702453613
2742,3.629584312438965
2743,2.4135255813598633
2744,-12.541736602783203
2745,2.374709129333496
2746,1.8543882369995117
2747,-0.3482050895690918
2748,-2.386338233947754
2749,3.89827823638916
2750,-10.521059036254883
2751,-3.2045373916625977
2752,3.2542600631713867
2753,3.3220748901367188
2754,0.5795440673828125
2755,6.36722469329834
2756,-1.0327486991882324
2757,-0.7380714416503906
2758,5.374030113220215
2759,11.52082347869873
2760,1.7814788818359375
2761,6.7434492111206055
2762,0.21712493896484375
2763,0.06627559661865234
2764,5.604323387145996
2765,12.336644172668457
2766,-1.5432510375976562
2767,7.103390693664551
2768,1.3177294731140137
2769,-2.4605932235717773
2770,6.152888298034668
2771,13.78071117401123
2772,-3.876882553100586
2773,-2.3121118545532227
2774,-12.315449714660645
2775,-3.377377510070801
2776,-2.4831905364990234
2777,-13.403969764709473
2778,-3.2913856506347656
2779,-2.4602832794189453
2780,-13.40580940246582
2781,-3.2127609252929688
2782,-2.4392213821411133
2783,-13.413175582885742
2784,-3.386683464050293
2785,-2.518813133239746
2786,-12.099838256835938
2787,-3.311068534851074
2788,-2.523683547973633
2789,-12.099205017089844
2790,-3.2232275009155273
2791,-2.527996063232422
2792,-12.096132278442383
2793,-2.462080955505371
2794,-2.2952489852905273
2795,-16.155309677124023
2796,-2.4221181869506836
2797,-2.3925418853759766
2798,-9.789815902709961
2799,-3.464961051940918
2800,-2.055966377258301
2801,-13.169675827026367
2802,-3.545612335205078
2803,-2.064798355102539
2804,-11.425909042358398
2805,-0.6754140853881836
2806,-0.7837142944335938
2807,-19.9974422454834
2808,-1.1515722274780273
2809,-1.1365833282470703
2810,-5.131259918212891
2811,4.566946983337402
2812,0.05588817596435547
2813,-19.739389419555664
2814,3.281743049621582
2815,-0.04911327362060547
2816,-0.8202686309814453
2817,6.763108253479004
2818,1.6369504928588867
2819,-17.836671829223633
2820,4.6867170333862305
2821,0.9275655746459961
2822,-0.45873117446899414
2823,7.698306083679199
2824,1.971451759338379
2825,-18.8770751953125
2826,5.186335563659668
2827,1.1536378860473633
2828,-0.03827190399169922
2829,7.233193397521973
2830,2.073798179626465
2831,-19.028743743896484
2832,5.074463844299316
2833,1.2162752151489258
2834,-1.2626104354858398
2835,6.801089286804199
2836,2.006688117980957
2837,-17.794116973876953
2838,4.932021141052246
2839,1.1528596878051758
2840,-0.9489274024963379
2841,3.7423830032348633
2842,2.5522356033325195
2843,-11.972057342529297
2844,2.417109489440918
2845,1.976344108581543
2846,-0.9162325859069824
2847,-2.5138139724731445
2848,3.9236974716186523
2849,-10.505428314208984
2850,-3.4070005416870117
2851,3.308711051940918
2852,3.145768165588379
2853,0.5240707397460938
2854,6.3643903732299805
2855,-1.4171838760375977
2856,-1.0018482208251953
2857,5.34488582611084
2858,10.934021949768066
2859,1.7232675552368164
2860,6.702725410461426
2861,-0.45285654067993164
2862,0.016307830810546875
2863,5.535128593444824
2864,11.718384742736816
2865,-1.6135387420654297
2866,7.096810340881348
2867,-0.10911941528320312
2868,-2.5522117614746094
2869,6.1052751541137695
2870,13.465338706970215
2871,-3.7543582916259766
2872,-2.2109193801879883
2873,-12.861883163452148
2874,-3.2607650756835938
2875,-2.403644561767578
2876,-14.04556655883789
2877,-3.1789512634277344
2878,-2.3867197036743164
2879,-14.047809600830078
2880,-3.103708267211914
2881,-2.369063377380371
2882,-14.053516387939453
2883,-3.2651243209838867
2884,-2.430840492248535
2885,-12.438882827758789
2886,-3.1887264251708984
2887,-2.4340009689331055
2888,-12.437934875488281
2889,-3.1045026779174805
2890,-2.4358911514282227
2891,-12.436957359313965
2892,-2.3587474822998047
2893,-2.2210378646850586
2894,-16.992271423339844
2895,-2.3202714920043945
2896,-2.312723159790039
2897,-9.751046180725098
2898,-3.355780601501465
2899,-1.971548080444336
2900,-13.78620719909668
2901,-3.421523094177246
2902,-1.9846563339233398
2903,-11.695959091186523
2904,-0.5953044891357422
2905,-0.7683134078979492
2906,-20.10790252685547
2907,-1.107417106628418
2908,-1.0085783004760742
2909,-5.110116958618164
2910,4.506476402282715
2911,0.12787532806396484
2912,-19.147815704345703
2913,3.247115135192871
2914,0.2486867904663086
2915,-1.2222790718078613
2916,6.639107704162598
2917,1.6988840103149414
2918,-16.473098754882812
2919,4.44565486907959
2920,1.3824586868286133
2921,-2.3457565307617188
2922,7.347638130187988
2923,2.07625675201416
2924,-17.49393653869629
2925,4.883862495422363
2926,1.659703254699707
2927,-2.1301870346069336
2928,6.845746040344238
2929,2.2136106491088867
2930,-17.61349105834961
2931,4.665379524230957
2932,1.702916145324707
2933,-3.380011796951294
2934,6.561554908752441
2935,2.0861196517944336
2936,-16.38125991821289
2937,4.567461967468262
2938,1.6063222885131836
2939,-2.9096033573150635
2940,3.752406120300293
2941,2.589266777038574
2942,-11.900307655334473
2943,2.393599510192871
2944,2.0373315811157227
2945,-0.9883441925048828
2946,-2.63253116607666
2947,3.910445213317871
2948,-11.50070571899414
2949,-3.4410133361816406
2950,3.2976560592651367
2951,2.9411869049072266
2952,0.4851961135864258
2953,6.364598274230957
2954,-3.3972115516662598
2955,-1.0628080368041992
2956,5.3106489181518555
2957,9.841341972351074
2958,1.688673973083496
2959,6.686614036560059
2960,-2.417118549346924
2961,0.03846454620361328
2962,5.5188093185424805
2963,10.502104759216309
2964,-1.6967582702636719
2965,7.077065467834473
2966,-1.5542306900024414
2967,-2.6007556915283203
2968,6.0787248611450195
2969,12.080588340759277
2970,-3.627243995666504
2971,-2.365492820739746
2972,-14.568517684936523
2973,-3.14047908782959
2974,-2.5599851608276367
2975,-15.704360008239746
2976,-3.057736396789551
2977,-2.555088996887207
2978,-15.707521438598633
2979,-2.978365898132324
2980,-2.5422935485839844
2981,-15.712878227233887
2982,-3.146132469177246
2983,-2.5705432891845703
2984,-13.779247283935547
2985,-3.070216178894043
2986,-2.564389228820801
2987,-13.777362823486328
2988,-2.988661766052246
2989,-2.570620536804199
2990,-13.77606201171875
2991,-2.233186721801758
2992,-2.3530120849609375
2993,-18.20397186279297
2994,-2.2042150497436523
2995,-2.405031204223633
2996,-9.880301475524902
2997,-3.2421016693115234
2998,-2.103395462036133
2999,-15.411860466003418
3000,-3.3060503005981445
3001,-2.109842300415039
3002,-12.913713455200195
3003,-0.5259122848510742
3004,-0.9316740036010742
3005,-21.477752685546875
3006,-1.1790361404418945
3007,-1.1243629455566406
3008,-4.937666893005371
3009,3.9646081924438477
3010,0.5574846267700195
3011,-20.361343383789062
3012,1.6957855224609375
3013,0.5906505584716797
3014,-1.2779831886291504
3015,4.805907249450684
3016,2.2356157302856445
3017,-19.1805477142334
3018,2.1444616317749023
3019,1.8307085037231445
3020,-4.145336151123047
3021,5.1409711837768555
3022,2.6782636642456055
3023,-20.656707763671875
3024,2.037806510925293
3025,2.034102439880371
3026,-3.986001491546631
3027,4.328354835510254
3028,2.629389762878418
3029,-20.65195655822754
3030,2.166476249694824
3031,2.152132987976074
3032,-5.665653228759766
3033,4.6216020584106445
3034,2.516934394836426
3035,-19.08043670654297
3036,2.1530447006225586
3037,2.0495214462280273
3038,-4.917440414428711
3039,3.5511255264282227
3040,2.5483179092407227
3041,-11.981764793395996
3042,2.1919374465942383
3043,2.0526342391967773
3044,-0.9001460075378418
3045,-2.7694597244262695
3046,3.8987855911254883
3047,-14.731426239013672
3048,-3.6755409240722656
3049,3.3054094314575195
3050,3.1913843154907227
3051,0.4080543518066406
3052,6.343178749084473
3053,-7.00584077835083
3054,-1.3443117141723633
3055,5.237015724182129
3056,10.568428993225098
3057,1.6091184616088867
3058,6.637145042419434
3059,-6.172121047973633
3060,-0.5471096038818359
3061,5.409270286560059
3062,11.26929759979248
3063,-1.747370719909668
3064,7.050869941711426
3065,-7.095924377441406
3066,-2.81658935546875
3067,6.004330635070801
3068,11.904459953308105
3069,-3.552273750305176
3070,-2.4929885864257812
3071,-16.020315170288086
3072,-3.0775327682495117
3073,-2.683757781982422
3074,-17.23788833618164
3075,-2.9866886138916016
3076,-2.672602653503418
3077,-17.240276336669922
3078,-2.9030847549438477
3079,-2.658092498779297
3080,-17.24518585205078
3081,-3.079432487487793
3082,-2.6861047744750977
3083,-15.136394500732422
3084,-3.001988410949707
3085,-2.676616668701172
3086,-15.134440422058105
3087,-2.914388656616211
3088,-2.6697311401367188
3089,-15.133293151855469
3090,-2.1884403228759766
3091,-2.433823585510254
3092,-19.99286651611328
3093,-2.130068778991699
3094,-2.474353790283203
3095,-10.660796165466309
3096,-3.1677303314208984
3097,-2.2228775024414062
3098,-16.940887451171875
3099,-3.234437942504883
3100,-2.2089338302612305
3101,-14.204994201660156
3102,-0.441558837890625
3103,-0.9514398574829102
3104,-22.980751037597656
3105,-1.219649314880371
3106,-1.138688087463379
3107,-5.005246162414551
3108,3.584841728210449
3109,0.6164569854736328
3110,-22.387035369873047
3111,1.1986303329467773
3112,0.6272916793823242
3113,-1.1080083847045898
3114,4.686213493347168
3115,2.387364387512207
3116,-20.14462661743164
3117,1.4624834060668945
3118,1.9462080001831055
3119,-2.9873833656311035
3120,4.9986467361450195
3121,2.801968574523926
3122,-21.532405853271484
3123,1.5102729797363281
3124,2.1723031997680664
3125,-2.6228411197662354
3126,4.101729393005371
3127,2.79836368560791
3128,-21.872108459472656
3129,1.6218194961547852
3130,2.2130861282348633
3131,-4.357199192047119
3132,4.258477210998535
3133,2.66007137298584
3134,-20.233022689819336
3135,1.6751413345336914
3136,2.16463565826416
3137,-3.7378480434417725
3138,3.4299116134643555
3139,2.5683202743530273
3140,-12.1793794631958
3141,1.9207048416137695
3142,2.085751533508301
3143,-0.699923038482666
3144,-2.825716972351074
3145,3.902287483215332
3146,-13.973013877868652
3147,-3.735931396484375
3148,3.306027412414551
3149,2.930941581726074
3150,0.3864469528198242
3151,6.268450736999512
3152,-6.44022274017334
3153,-1.2602863311767578
3154,5.24410343170166
3155,10.932452201843262
3156,1.5733318328857422
3157,6.568127632141113
3158,-5.602946758270264
3159,-0.5106754302978516
3160,5.427973747253418
3161,11.69507884979248
3162,-1.678126335144043
3163,7.051487922668457
3164,-6.25797176361084
3165,-2.8682851791381836
3166,5.994816780090332
3167,12.224757194519043
3168,-3.044610023498535
3169,-2.751476287841797
3170,-16.23265266418457
3171,-2.522219657897949
3172,-2.941465377807617
3173,-17.53927230834961
3174,-2.4293432235717773
3175,-2.9272289276123047
3176,-17.54168701171875
3177,-2.340757369995117
3178,-2.9145164489746094
3179,-17.546756744384766
3180,-2.5349464416503906
3181,-2.9476518630981445
3182,-15.486945152282715
3183,-2.4613237380981445
3184,-2.9417457580566406
3185,-15.486393928527832
3186,-2.3905715942382812
3187,-2.9383087158203125
3188,-15.487464904785156
3189,-1.5744132995605469
3190,-2.718080520629883
3191,-20.612985610961914
3192,-1.5378026962280273
3193,-2.763247489929199
3194,-11.417221069335938
3195,-2.778752326965332
3196,-2.484294891357422
3197,-17.242019653320312
3198,-2.8419599533081055
3199,-2.485780715942383
3200,-14.568517684936523
3201,-0.1478443145751953
3202,-1.0947132110595703
3203,-23.695606231689453
3204,-0.9932947158813477
3205,-1.3597221374511719
3206,-5.488372802734375
3207,1.7200689315795898
3208,1.1040563583374023
3209,-21.475637435913086
3210,0.8682394027709961
3211,0.5241556167602539
3212,-2.6464614868164062
3213,0.8887033462524414
3214,2.404538154602051
3215,-13.961076736450195
3216,0.8590145111083984
3217,1.9582796096801758
3218,-4.259859561920166
3219,1.200784683227539
3220,2.72658634185791
3221,-14.869258880615234
3222,0.8493051528930664
3223,2.2541627883911133
3224,-4.120771884918213
3225,0.8580036163330078
3226,2.658015251159668
3227,-15.19155502319336
3228,0.7898750305175781
3229,2.219578742980957
3230,-5.5425591468811035
3231,0.9447622299194336
3232,2.547764778137207
3233,-13.911576271057129
3234,0.8710575103759766
3235,2.1358633041381836
3236,-4.917176246643066
3237,3.4186830520629883
3238,2.4400815963745117
3239,-12.208504676818848
3240,1.9153194427490234
3241,1.9541845321655273
3242,-0.6711874008178711
3243,-2.7283334732055664
3244,3.90108585357666
3245,-13.32136344909668
3246,-3.7072677612304688
3247,3.288752555847168
3248,3.179546356201172
3249,0.37862586975097656
3250,6.198451042175293
3251,-6.084176540374756
3252,-1.2054548263549805
3253,5.211905479431152
3254,11.541377067565918
3255,1.5666475296020508
3256,6.512572288513184
3257,-4.839054584503174
3258,-0.4064350128173828
3259,5.4036054611206055
3260,12.336859703063965
3261,-1.6723365783691406
3262,7.003996849060059
3263,-3.317730188369751
3264,-2.8814496994018555
3265,5.966855049133301
3266,12.773039817810059
3267,-2.690241813659668
3268,-2.8782167434692383
3269,-16.306110382080078
3270,-2.1945724487304688
3271,-3.0620861053466797
3272,-17.638708114624023
3273,-2.112790107727051
3274,-3.0474767684936523
3275,-17.640850067138672
3276,-2.033717155456543
3277,-3.033236503601074
3278,-17.646221160888672
3279,-2.214077949523926
3280,-3.0681591033935547
3281,-15.595423698425293
3282,-2.1467247009277344
3283,-3.061481475830078
3284,-15.595181465148926
3285,-2.0851192474365234
3286,-3.0553951263427734
3287,-15.595830917358398
3288,-1.2666873931884766
3289,-2.838973045349121
3290,-20.770858764648438
3291,-1.2758245468139648
3292,-2.8857879638671875
3293,-11.627113342285156
3294,-2.4426307678222656
3295,-2.601146697998047
3296,-17.33325958251953
3297,-2.507046699523926
3298,-2.6076250076293945
3299,-14.676863670349121
3300,0.2763500213623047
3301,-1.1453752517700195
3302,-23.594219207763672
3303,-0.8857107162475586
3304,-1.3778085708618164
3305,-5.801501750946045
3306,1.5141897201538086
3307,1.1459054946899414
3308,-20.513408660888672
3309,0.8262453079223633
3310,0.5631818771362305
3311,-2.8729898929595947
3312,0.8088932037353516
3313,2.443375587463379
3314,-12.591035842895508
3315,0.8845834732055664
3316,1.9317846298217773
3317,-3.9972054958343506
3318,1.1081485748291016
3319,2.741793632507324
3320,-13.329816818237305
3321,0.8703651428222656
3322,2.2129297256469727
3323,-3.742781400680542
3324,0.8447360992431641
3325,2.65822696685791
3326,-13.605733871459961
3327,0.7360811233520508
3328,2.1721296310424805
3329,-5.079641819000244
3330,0.8809757232666016
3331,2.5429372787475586
3332,-12.51147174835205
3333,0.8095817565917969
3334,2.0849008560180664
3335,-4.6017937660217285
3336,3.411707878112793
3337,2.3927927017211914
3338,-12.210395812988281
3339,1.8522462844848633
3340,1.9143152236938477
3341,-0.6705722808837891
3342,-2.629336357116699
3343,3.9146738052368164
3344,-14.641729354858398
3345,-3.8045225143432617
3346,3.243222236633301
3347,2.842473030090332
3348,0.3891172409057617
3349,6.178898811340332
3350,-5.840332508087158
3351,-1.2882490158081055
3352,5.094174385070801
3353,10.700228691101074
3354,1.5699329376220703
3355,6.497921943664551
3356,-4.736264228820801
3357,-0.45394134521484375
3358,5.327715873718262
3359,11.476553916931152
3360,-1.6714859008789062
3361,6.992600440979004
3362,-3.890728235244751
3363,-2.9210424423217773
3364,5.886237144470215
3365,12.472517967224121
3366,-1.7832937240600586
3367,-2.911121368408203
3368,-17.119234085083008
3369,-1.0856475830078125
3370,-3.0900163650512695
3371,-18.373077392578125
3372,-0.9809627532958984
3373,-3.066329002380371
3374,-18.37451171875
3375,-0.8795738220214844
3376,-3.0372819900512695
3377,-18.37862777709961
3378,-1.2515830993652344
3379,-3.0883331298828125
3380,-16.4888916015625
3381,-1.2084150314331055
3382,-3.0715627670288086
3383,-16.492815017700195
3384,-1.175689697265625
3385,-3.0590248107910156
3386,-16.49628257751465
3387,-0.2024860382080078
3388,-2.9096078872680664
3389,-20.914794921875
3390,-0.4078330993652344
3391,-2.953488349914551
3392,-12.530645370483398
3393,-1.5368471145629883
3394,-2.6731386184692383
3395,-17.877859115600586
3396,-1.6659526824951172
3397,-2.6768312454223633
3398,-15.450075149536133
3399,1.0130624771118164
3400,-1.2365942001342773
3401,-23.707420349121094
3402,-0.8463954925537109
3403,-1.556391716003418
3404,-6.45671272277832
3405,0.120758056640625
3406,1.0494165420532227
3407,-20.972213745117188
3408,-2.2927417755126953
3409,0.06890392303466797
3410,-2.9674479961395264
3411,-4.294569969177246
3412,1.764256477355957
3413,-17.09078598022461
3414,-5.720553398132324
3415,1.2152090072631836
3416,-4.43946647644043
3417,-5.3799543380737305
3418,1.9697580337524414
3419,-18.420196533203125
3420,-6.793769836425781
3421,1.416947364807129
3422,-4.5720534324646
3423,-5.433719635009766
3424,1.818772315979004
3425,-18.509910583496094
3426,-6.959099292755127
3427,1.4131803512573242
3428,-6.2255754470825195
3429,-5.000587463378906
3430,1.7370023727416992
3431,-17.02843475341797
3432,-6.3907551765441895
3433,1.3414525985717773
3434,-5.235279083251953
3435,3.370150566101074
3436,2.2968835830688477
3437,-12.06028938293457
3438,1.5283069610595703
3439,1.8065004348754883
3440,-0.8292632102966309
3441,-2.836679458618164
3442,3.9136838912963867
3443,-13.53126335144043
3444,-4.1995849609375
3445,3.0773210525512695
3446,0.9755029678344727
3447,0.39328670501708984
3448,6.175675392150879
3449,-5.213204383850098
3450,-1.380997657775879
3451,5.02541446685791
3452,9.005216598510742
3453,1.5624866485595703
3454,6.471331596374512
3455,-4.192476272583008
3456,-0.6904144287109375
3457,5.302243232727051
3458,9.907559394836426
3459,-1.6801538467407227
3460,6.970669746398926
3461,-3.4174983501434326
3462,-2.974514961242676
3463,5.831606864929199
3464,11.311299324035645
3465,-1.0681352615356445
3466,-3.0408620834350586
3467,-17.329471588134766
3468,-0.49875545501708984
3469,-3.206719398498535
3470,-18.63034439086914
3471,-0.40006160736083984
3472,-3.154904365539551
3473,-18.6307373046875
3474,-0.2626323699951172
3475,-3.1064205169677734
3476,-18.633331298828125
3477,-0.6187896728515625
3478,-3.2175378799438477
3479,-16.650585174560547
3480,-0.5968332290649414
3481,-3.1888294219970703
3482,-16.654102325439453
3483,-0.5778255462646484
3484,-3.1610164642333984
3485,-16.657424926757812
3486,0.3360729217529297
3487,-2.9540042877197266
3488,-21.275951385498047
3489,-0.0076656341552734375
3490,-2.9916582107543945
3491,-12.52808952331543
3492,-0.9293746948242188
3493,-2.694814682006836
3494,-18.128093719482422
3495,-1.0558013916015625
3496,-2.7149057388305664
3497,-15.589384078979492
3498,1.3884563446044922
3499,-1.300943374633789
3500,-24.33586883544922
3501,-0.788853645324707
3502,-1.6598730087280273
3503,-6.180496692657471
3504,-0.24139976501464844
3505,0.9012746810913086
3506,-23.08307647705078
3507,-2.4078073501586914
3508,-0.13841819763183594
3509,-2.320047378540039
3510,-4.586870193481445
3511,1.6211481094360352
3512,-17.293792724609375
3513,-6.089849948883057
3514,0.9317140579223633
3515,-3.4565422534942627
3516,-5.6630706787109375
3517,1.776484489440918
3518,-18.627925872802734
3519,-7.034702301025391
3520,1.0758905410766602
3521,-3.329850673675537
3522,-5.635176658630371
3523,1.643113136291504
3524,-19.70665740966797
3525,-7.101245880126953
3526,1.0748682022094727
3527,-5.013836860656738
3528,-5.264440536499023
3529,1.5773916244506836
3530,-17.896577835083008
3531,-6.599400043487549
3532,1.029252052307129
3533,-4.2433762550354
3534,3.307969093322754
3535,2.2339468002319336
3536,-12.067581176757812
3537,1.3331880569458008
3538,1.738224983215332
3539,-0.8217878341674805
3540,-2.7208986282348633
3541,3.9011220932006836
3542,-15.970918655395508
3543,-4.066807746887207
3544,3.077578544616699
3545,0.2915315628051758
3546,0.3929767608642578
3547,6.160582542419434
3548,-7.373712539672852
3549,-1.3293743133544922
3550,5.056426048278809
3551,8.216599464416504
3552,1.517195701599121
3553,6.468619346618652
3554,-6.291347503662109
3555,-0.6142711639404297
3556,5.3100786209106445
3557,9.09355640411377
3558,-1.711033821105957
3559,6.967909812927246
3560,-5.471295356750488
3561,-3.0317649841308594
3562,5.8502092361450195
3563,10.408839225769043
3564,0.31171703338623047
3565,-3.860671043395996
3566,-15.26218318939209
3567,1.0185680389404297
3568,-3.9435386657714844
3569,-16.67168426513672
3570,1.1090431213378906
3571,-3.8974924087524414
3572,-16.669414520263672
3573,1.202291488647461
3574,-3.8525238037109375
3575,-16.670848846435547
3576,0.9502201080322266
3577,-3.9559850692749023
3578,-14.631844520568848
3579,0.9915056228637695
3580,-3.931757926940918
3581,-14.638286590576172
3582,1.0313377380371094
3583,-3.908536911010742
3584,-14.636853218078613
3585,1.6603412628173828
3586,-3.5605669021606445
3587,-19.041051864624023
3588,1.4905109405517578
3589,-3.6302061080932617
3590,-10.195577621459961
3591,0.3163633346557617
3592,-3.497683525085449
3593,-16.044572830200195
3594,0.21737194061279297
3595,-3.5754318237304688
3596,-13.49445915222168
3597,1.732285499572754
3598,-1.737919807434082
3599,-22.93828582763672
3600,-0.09152793884277344
3601,-2.174818992614746
3602,-3.1501357555389404
3603,-1.5382051467895508
3604,0.048198699951171875
3605,-17.82036590576172
3606,-2.571197509765625
3607,-1.031275749206543
3608,-3.197124481201172
3609,-2.481431007385254
3610,-0.7330026626586914
3611,-5.739128112792969
3612,-4.408779144287109
3613,-0.9324836730957031
3614,-9.938074111938477
3615,-2.705502510070801
3616,-0.8711280822753906
3617,-6.1073317527771
3618,-4.961060523986816
3619,-0.944920539855957
3620,-10.372041702270508
3621,-2.441096305847168
3622,-1.0248603820800781
3623,-6.743300437927246
3624,-4.579502105712891
3625,-1.0692996978759766
3626,-11.026962280273438
3627,-2.305767059326172
3628,-0.9627094268798828
3629,-5.658917427062988
3630,-4.307417869567871
3631,-1.035888671875
3632,-10.45794677734375
3633,3.216851234436035
3634,2.005763053894043
3635,-12.449959754943848
3636,1.2547121047973633
3637,1.553593635559082
3638,-0.4423074722290039
3639,-2.6041717529296875
3640,3.8659257888793945
3641,-15.254890441894531
3642,-3.8804588317871094
3643,3.0443735122680664
3644,0.8135180473327637
3645,0.40610218048095703
3646,6.156641960144043
3647,-7.632678508758545
3648,-1.280287742614746
3649,5.0783491134643555
3650,10.054486274719238
3651,1.4599761962890625
3652,6.4616193771362305
3653,-6.695868968963623
3654,-0.5359926223754883
3655,5.288342475891113
3656,11.19600772857666
3657,-1.719346046447754
3658,6.969046592712402
3659,-6.634074687957764
3660,-3.084197998046875
3661,5.8447980880737305
3662,12.763228416442871
3663,0.3431978225708008
3664,-3.9368438720703125
3665,-13.733720779418945
3666,0.9803638458251953
3667,-4.050995826721191
3668,-15.247048377990723
3669,1.0531177520751953
3670,-4.018581390380859
3671,-15.245819091796875
3672,1.1463890075683594
3673,-3.986006736755371
3674,-15.248557090759277
3675,0.9445085525512695
3676,-4.067163467407227
3677,-13.116432189941406
3678,0.9877920150756836
3679,-4.051609039306641
3680,-13.121341705322266
3681,1.0286951065063477
3682,-4.034702301025391
3683,-13.120137214660645
3684,1.652449607849121
3685,-3.696413040161133
3686,-18.11116600036621
3687,1.5507707595825195
3688,-3.776797294616699
3689,-8.845829010009766
3690,0.3994274139404297
3691,-3.5690956115722656
3692,-14.691611289978027
3693,0.31821632385253906
3694,-3.6222658157348633
3695,-12.017576217651367
3696,1.8074226379394531
3697,-1.8820724487304688
3698,-22.230918884277344
3699,0.14765548706054688
3700,-2.3007326126098633
3701,-2.1738762855529785
3702,-1.725076675415039
3703,-0.06354522705078125
3704,-17.215776443481445
3705,-2.740327835083008
3706,-1.2202329635620117
3707,-3.5737907886505127
3708,-2.8162879943847656
3709,-0.8462562561035156
3710,-5.056926727294922
3711,-4.240508079528809
3712,-1.3728113174438477
3713,-10.799325942993164
3714,-3.1011085510253906
3715,-0.9954862594604492
3716,-5.3560075759887695
3717,-4.648137092590332
3718,-1.5066003799438477
3719,-11.248497009277344
3720,-2.7223615646362305
3721,-1.1868810653686523
3722,-5.7869720458984375
3723,-4.1948442459106445
3724,-1.6290435791015625
3725,-11.65957260131836
3726,-2.538938522338867
3727,-1.1117706298828125
3728,-4.870604515075684
3729,-3.975400924682617
3730,-1.5434160232543945
3731,-11.21744155883789
3732,3.1330270767211914
3733,1.9540643692016602
3734,-12.62425422668457
3735,1.1650896072387695
3736,1.4777860641479492
3737,-0.2694277763366699
3738,-2.6003332138061523
3739,3.821866035461426
3740,-15.458337783813477
3741,-3.938261032104492
3742,2.938422203063965
3743,1.466996192932129
3744,0.3611116409301758
3745,6.128907203674316
3746,-7.862661361694336
3747,-1.3316974639892578
3748,5.028668403625488
3749,10.429120063781738
3750,1.3962059020996094
3751,6.441323280334473
3752,-6.911839962005615
3753,-0.6124658584594727
3754,5.28958797454834
3755,11.382845878601074
3756,-1.761765480041504
3757,6.9622087478637695
3758,-6.546074390411377
3759,-3.2209014892578125
3760,5.848828315734863
3761,12.810935020446777
3762,1.9894208908081055
3763,-4.554468154907227
3764,-12.60647964477539
3765,2.6511411666870117
3766,-4.614138603210449
3767,-13.694158554077148
3768,2.726983070373535
3769,-4.581500053405762
3770,-13.697032928466797
3771,2.7953004837036133
3772,-4.551548004150391
3773,-13.700937271118164
3774,2.600785255432129
3775,-4.619913101196289
3776,-11.637022018432617
3777,2.637820243835449
3778,-4.593410491943359
3779,-11.637794494628906
3780,2.6669816970825195
3781,-4.571135520935059
3782,-11.638567924499512
3783,3.2595739364624023
3784,-4.170519828796387
3785,-15.967174530029297
3786,3.086228370666504
3787,-4.225150108337402
3788,-6.835814476013184
3789,1.8337602615356445
3790,-4.200148582458496
3791,-13.40727710723877
3792,1.7551088333129883
3793,-4.219554901123047
3794,-10.762950897216797
3795,2.7504892349243164
3796,-2.5951309204101562
3797,-20.912540435791016
3798,1.2073774337768555
3799,-2.7953338623046875
3800,-0.8628778457641602
3801,-0.7382659912109375
3802,-2.0428543090820312
3803,-19.122089385986328
3804,-2.341014862060547
3805,-2.939088821411133
3806,1.3739314079284668
3807,-3.178478240966797
3808,-2.8427228927612305
3809,-16.356945037841797
3810,-4.780738830566406
3811,-3.4750232696533203
3812,-5.199711799621582
3813,-3.847865104675293
3814,-3.0376176834106445
3815,-19.252912521362305
3816,-5.306305885314941
3817,-3.7670822143554688
3818,-6.927393436431885
3819,-3.5275087356567383
3820,-3.243906021118164
3821,-18.073524475097656
3822,-5.152901649475098
3823,-3.8581161499023438
3824,-9.121325492858887
3825,-3.2754058837890625
3826,-3.15921688079834
3827,-15.845934867858887
3828,-4.98384952545166
3829,-3.739156723022461
3830,-6.5098090171813965
3831,3.112502098083496
3832,1.5118341445922852
3833,-12.927318572998047
3834,1.181020736694336
3835,1.1736860275268555
3836,0.029823780059814453
3837,-2.6292715072631836
3838,3.6768617630004883
3839,-16.42180633544922
3840,-3.8497114181518555
3841,2.8608484268188477
3842,1.1472516059875488
3843,0.2301321029663086
3844,6.081357002258301
3845,-7.297122001647949
3846,-1.3380002975463867
3847,5.0243425369262695
3848,11.768647193908691
3849,1.2668523788452148
3850,6.408347129821777
3851,-6.220307350158691
3852,-0.7320632934570312
3853,5.273871421813965
3854,13.094710350036621
3855,-1.8542680740356445
3856,6.961455345153809
3857,-6.589600086212158
3858,-3.2960805892944336
3859,5.849129676818848
3860,13.508587837219238
3861,2.002984046936035
3862,-4.5723981857299805
3863,-11.578554153442383
3864,2.6590566635131836
3865,-4.660295486450195
3866,-12.661855697631836
3867,2.7211923599243164
3868,-4.6291399002075195
3869,-12.66566276550293
3870,2.780797004699707
3871,-4.600137710571289
3872,-12.66978931427002
3873,2.6368837356567383
3874,-4.68256950378418
3875,-10.63032341003418
3876,2.6748743057250977
3877,-4.668059349060059
3878,-10.630366325378418
3879,2.7086400985717773
3880,-4.654923439025879
3881,-10.632526397705078
3882,3.2494935989379883
3883,-4.276405334472656
3884,-14.975547790527344
3885,3.1371240615844727
3886,-4.378080368041992
3887,-5.884459018707275
3888,1.9063215255737305
3889,-4.22054386138916
3890,-12.334924697875977
3891,1.8266992568969727
3892,-4.247147560119629
3893,-9.702990531921387
3894,3.028395652770996
3895,-2.746784210205078
3896,-19.189563751220703
3897,1.801316261291504
3898,-2.937681198120117
3899,-0.0026764869689941406
3900,-0.17114830017089844
3901,-1.8609733581542969
3902,-24.07746124267578
3903,-2.124600410461426
3904,-2.4038000106811523
3905,6.799317359924316
3906,-2.3273696899414062
3907,-2.425792694091797
3908,-29.04656982421875
3909,-2.924361228942871
3910,-2.6433095932006836
3911,9.050540924072266
3912,-2.794046401977539
3913,-2.6569175720214844
3914,-31.78728485107422
3915,-3.2319021224975586
3916,-2.8599491119384766
3917,9.598116874694824
3918,-2.50229549407959
3919,-2.886688232421875
3920,-31.179622650146484
3921,-3.2098045349121094
3922,-2.9391727447509766
3923,8.087775230407715
3924,-2.3622817993164062
3925,-2.766942024230957
3926,-29.005264282226562
3927,-3.112898826599121
3928,-2.832573890686035
3929,8.3740873336792
3930,2.9925336837768555
3931,1.3750982284545898
3932,-12.896766662597656
3933,1.0025501251220703
3934,1.0401697158813477
3935,0.0006103515625
3936,-2.557002067565918
3937,3.6748437881469727
3938,-17.28264617919922
3939,-3.8977489471435547
3940,2.842320442199707
3941,-0.902106761932373
3942,0.25103759765625
3943,6.072077751159668
3944,-7.215113639831543
3945,-1.4230842590332031
3946,5.008469581604004
3947,10.792140007019043
3948,1.297109603881836
3949,6.3992414474487305
3950,-6.106582164764404
3951,-0.8334369659423828
3952,5.289109230041504
3953,12.0682954788208
3954,-1.846200942993164
3955,6.963479042053223
3956,-7.68480110168457
3957,-3.405707359313965
3958,5.857682228088379
3959,11.457650184631348
3960,3.7265024185180664
3961,-4.820624351501465
3962,-18.82501792907715
3963,4.34847354888916
3964,-4.8016510009765625
3965,-19.78763198852539
3966,4.399445533752441
3967,-4.749241828918457
3968,-19.789833068847656
3969,4.45047664642334
3970,-4.697248458862305
3971,-19.797462463378906
3972,4.306027412414551
3973,-4.8770294189453125
3974,-18.17546844482422
3975,4.307156562805176
3976,-4.879758834838867
3977,-18.17693328857422
3978,4.307929039001465
3979,-4.88232421875
3980,-18.177509307861328
3981,4.5546064376831055
3982,-4.439019203186035
3983,-20.13435935974121
3984,4.337420463562012
3985,-4.644487380981445
3986,-12.94248104095459
3987,3.3281240463256836
3988,-4.512101173400879
3989,-18.787199020385742
3990,3.16787052154541
3991,-4.639247894287109
3992,-16.7014217376709
3993,3.3318490982055664
3994,-2.9746313095092773
3995,-22.10512924194336
3996,2.2996206283569336
3997,-3.561796188354492
3998,-3.4790399074554443
3999,0.667877197265625
4000,-1.7642288208007812
4001,-23.437454223632812
4002,-0.8365507125854492
4003,-3.0955190658569336
4004,3.671754837036133
4005,-0.16008949279785156
4006,-1.708608627319336
4007,-19.570838928222656
4008,0.24021530151367188
4009,-3.860576629638672
4010,3.180020332336426
4011,-0.2528810501098633
4012,-1.6632709503173828
4013,-20.937355041503906
4014,0.46040821075439453
4015,-4.072113037109375
4016,3.530284881591797
4017,0.10414981842041016
4018,-1.818089485168457
4019,-21.86212921142578
4020,0.7173500061035156
4021,-4.0931596755981445
4022,2.781083106994629
4023,0.16383075714111328
4024,-1.8091678619384766
4025,-19.733863830566406
4026,0.6684284210205078
4027,-4.00699520111084
4028,2.822568893432617
4029,2.1942672729492188
4030,0.9226980209350586
4031,-12.955041885375977
4032,0.5382719039916992
4033,0.5867223739624023
4034,0.06315755844116211
4035,-2.5542783737182617
4036,3.531825065612793
4037,-17.124460220336914
4038,-4.005154609680176
4039,2.6407289505004883
4040,-0.3057069778442383
4041,0.14563655853271484
4042,5.960793495178223
4043,-8.60629653930664
4044,-1.5876388549804688
4045,4.934563636779785
4046,12.6630277633667
4047,1.206350326538086
4048,6.278956413269043
4049,-7.6584601402282715
4050,-0.9542102813720703
4051,5.2392988204956055
4052,14.101935386657715
4053,-1.9180374145507812
4054,6.965975761413574
4055,-10.223871231079102
4056,-3.6029958724975586
4057,5.833338737487793
4058,13.074664115905762
4059,3.9861860275268555
4060,-5.190385818481445
4061,-18.259607315063477
4062,4.604081153869629
4063,-5.109307289123535
4064,-19.001930236816406
4065,4.6548357009887695
4066,-5.064643859863281
4067,-19.00399398803711
4068,4.875855445861816
4069,-5.014077186584473
4070,-19.016233444213867
4071,4.482611656188965
4072,-5.171065330505371
4073,-18.03697395324707
4074,4.451390266418457
4075,-5.172554969787598
4076,-18.033376693725586
4077,4.406302452087402
4078,-5.180126190185547
4079,-18.023141860961914
4080,4.936570167541504
4081,-4.676072120666504
4082,-17.880128860473633
4083,4.6785173416137695
4084,-4.868985176086426
4085,-10.519730567932129
4086,3.763606071472168
4087,-4.879434585571289
4088,-17.521137237548828
4089,3.612137794494629
4090,-4.962103843688965
4091,-15.869340896606445
4092,3.916903495788574
4093,-3.336106300354004
4094,-20.027000427246094
4095,2.247561454772949
4096,-3.8023853302001953
4097,-2.4640963077545166
4098,2.8701696395874023
4099,-1.7629566192626953
4100,-19.637832641601562
4101,0.5933094024658203
4102,-3.564281463623047
4103,2.7695016860961914
4104,1.968918800354004
4105,-1.1399917602539062
4106,-14.759140014648438
4107,2.0257863998413086
4108,-4.031737327575684
4109,3.672478675842285
4110,2.0045289993286133
4111,-1.073960304260254
4112,-15.803537368774414
4113,2.338057518005371
4114,-4.196860313415527
4115,3.674017906188965
4116,2.00107479095459
4117,-1.1915979385375977
4118,-16.325777053833008
4119,2.555466651916504
4120,-4.1499786376953125
4121,3.1753768920898438
4122,1.9711408615112305
4123,-1.1712722778320312
4124,-14.780560493469238
4125,2.4656286239624023
4126,-4.082140922546387
4127,3.2925548553466797
4128,1.9307737350463867
4129,0.7291936874389648
4130,-12.869213104248047
4131,0.19541168212890625
4132,0.40983104705810547
4133,-0.023031234741210938
4134,-2.5313234329223633
4135,3.419522285461426
4136,-16.013702392578125
4137,-4.034934043884277
4138,2.538731575012207
4139,-1.3431477546691895
4140,0.11303234100341797
4141,5.894848823547363
4142,-7.366166591644287
4143,-1.5952301025390625
4144,4.872052192687988
4145,10.118668556213379
4146,1.0978116989135742
4147,6.1952314376831055
4148,-6.467855453491211
4149,-0.9075698852539062
4150,5.16188907623291
4151,11.258450508117676
4152,-1.9398221969604492
4153,6.941094398498535
4154,-8.392555236816406
4155,-3.5525379180908203
4156,5.837668418884277
4157,9.768280982971191
4158,5.398772239685059
4159,-5.806241989135742
4160,-9.723690032958984
4161,6.02346134185791
4162,-5.765113830566406
4163,-10.700889587402344
4164,6.0748701095581055
4165,-5.7262468338012695
4166,-10.702327728271484
4167,6.143813133239746
4168,-5.685598373413086
4169,-10.70509147644043
4170,5.972857475280762
4171,-5.799468040466309
4172,-9.001445770263672
4173,5.983563423156738
4174,-5.786874771118164
4175,-8.999300956726074
4176,5.993008613586426
4177,-5.774697303771973
4178,-8.996191024780273
4179,6.051529884338379
4180,-5.384243011474609
4181,-12.72659683227539
4182,6.058232307434082
4183,-5.464452743530273
4184,-4.591140270233154
4185,4.992371559143066
4186,-5.552593231201172
4187,-10.338371276855469
4188,4.916367530822754
4189,-5.608763694763184
4190,-8.078686714172363
4191,4.2841901779174805
4192,-4.492905616760254
4193,-17.3502254486084
4194,3.192502021789551
4195,-4.514647483825684
4196,0.9389944076538086
4197,2.7530393600463867
4198,-5.818327903747559
4199,-18.80251121520996
4200,1.8313751220703125
4201,-5.182579040527344
4202,4.939159393310547
4203,3.007391929626465
4204,-7.159128189086914
4205,-13.901016235351562
4206,3.6107587814331055
4207,-6.571166038513184
4208,5.2658233642578125
4209,3.4431276321411133
4210,-7.615309238433838
4211,-15.342808723449707
4212,4.1204118728637695
4213,-6.919865608215332
4214,4.773347854614258
4215,3.4973344802856445
4216,-7.235390663146973
4217,-15.354995727539062
4218,3.809849739074707
4219,-7.063817977905273
4220,4.533869743347168
4221,3.4678659439086914
4222,-7.130006790161133
4223,-13.852740287780762
4224,3.7659311294555664
4225,-6.972498893737793
4226,4.843232154846191
4227,1.1686363220214844
4228,-0.31900978088378906
4229,-12.831089973449707
4230,0.09892845153808594
4231,-0.3626260757446289
4232,-0.06206226348876953
4233,-2.5007076263427734
4234,2.9565114974975586
4235,-15.782967567443848
4236,-3.9352188110351562
4237,2.23507022857666
4238,-0.5314526557922363
4239,0.027449607849121094
4240,5.823088645935059
4241,-12.01709270477295
4242,-1.9014368057250977
4243,4.869254112243652
4244,7.435738563537598
4245,0.9780111312866211
4246,6.094965934753418
4247,-11.680307388305664
4248,-1.2354145050048828
4249,5.162751197814941
4250,8.057001113891602
4251,-1.962860107421875
4252,6.917113304138184
4253,-15.598871231079102
4254,-3.863478660583496
4255,5.83260440826416
4256,5.63121223449707
4257,6.189009666442871
4258,-6.039735794067383
4259,-8.768861770629883
4260,6.710417747497559
4261,-5.938565254211426
4262,-9.700987815856934
4263,6.864018440246582
4264,-5.864542007446289
4265,-9.700824737548828
4266,6.922410011291504
4267,-5.811635971069336
4268,-9.704349517822266
4269,6.579556465148926
4270,-6.010552406311035
4271,-7.953813076019287
4272,6.536665916442871
4273,-6.014391899108887
4274,-7.954132080078125
4275,6.50070858001709
4276,-6.011762619018555
4277,-7.954324722290039
4278,6.843697547912598
4279,-5.502041816711426
4280,-11.707101821899414
4281,6.819159507751465
4282,-5.6355791091918945
4283,-3.61376690864563
4284,5.909823417663574
4285,-5.779850959777832
4286,-9.410223960876465
4287,5.757397651672363
4288,-5.859906196594238
4289,-7.117968559265137
4290,5.727849006652832
4291,-4.503722190856934
4292,-15.705231666564941
4293,3.47011661529541
4294,-4.677908897399902
4295,1.6834392547607422
4296,4.196516990661621
4297,-6.208810806274414
4298,-16.4827880859375
4299,2.1159305572509766
4300,-6.1314239501953125
4301,8.300464630126953
4302,5.854748725891113
4303,-7.431372165679932
4304,-8.986851692199707
4305,4.569649696350098
4306,-7.066760063171387
4307,13.797499656677246
4308,6.317706108093262
4309,-7.723848342895508
4310,-9.562158584594727
4311,5.1859235763549805
4312,-7.3586506843566895
4313,13.959139823913574
4314,6.5431718826293945
4315,-7.492194175720215
4316,-9.713188171386719
4317,5.3790483474731445
4318,-7.237943649291992
4319,14.44157886505127
4320,6.334395408630371
4321,-7.366249084472656
4322,-8.939030647277832
4323,5.292840003967285
4324,-7.149056434631348
4325,13.679154396057129
4326,1.2419376373291016
4327,-0.4480466842651367
4328,-12.48625373840332
4329,-0.27522754669189453
4330,-0.649907112121582
4331,-0.41824960708618164
4332,-2.4882373809814453
4333,2.7932138442993164
4334,-15.76654052734375
4335,-3.895580291748047
4336,2.0992822647094727
4337,-2.8882558345794678
4338,-0.11322784423828125
4339,5.746382713317871
4340,-9.341464042663574
4341,-2.150296211242676
4342,4.844765663146973
4343,4.698766708374023
4344,0.8071117401123047
4345,6.0332536697387695
4346,-8.64255428314209
4347,-1.5573949813842773
4348,5.098773002624512
4349,5.350975036621094
4350,-2.069024085998535
4351,6.879410743713379
4352,-11.847627639770508
4353,-4.053384780883789
4354,5.809342384338379
4355,2.91787052154541
4356,6.423663139343262
4357,-5.802878379821777
4358,-7.881426811218262
4359,6.99312686920166
4360,-5.853760719299316
4361,-8.533257484436035
4362,6.95333194732666
4363,-5.714447975158691
4364,-8.533803939819336
4365,6.996575355529785
4366,-5.683420181274414
4367,-8.539040565490723
4368,6.914090156555176
4369,-5.885488510131836
4370,-7.1847429275512695
4371,6.8933000564575195
4372,-5.882608413696289
4373,-7.183145523071289
4374,6.877772331237793
4375,-5.874046325683594
4376,-7.180660724639893
4377,6.833743095397949
4378,-5.403765678405762
4379,-9.874128341674805
4380,6.703459739685059
4381,-5.519631385803223
4382,-3.579834461212158
4383,6.2676191329956055
4384,-5.672915458679199
4385,-8.239729881286621
4386,5.97055721282959
4387,-5.730683326721191
4388,-6.458109378814697
4389,5.355555534362793
4390,-4.883733749389648
4391,-13.501270294189453
4392,3.6928415298461914
4393,-4.821734428405762
4394,1.2017998695373535
4395,6.030707359313965
4396,-6.68973445892334
4397,-14.546370506286621
4398,3.7040605545043945
4399,-6.731184005737305
4400,6.404297828674316
4401,8.558993339538574
4402,-7.521910190582275
4403,-9.159466743469238
4404,6.738495826721191
4405,-7.14921760559082
4406,9.410652160644531
4407,9.33789348602295
4408,-7.730767726898193
4409,-9.84913444519043
4410,7.55423641204834
4411,-7.25234842300415
4412,9.51108169555664
4413,9.25084400177002
4414,-7.528133869171143
4415,-9.295758247375488
4416,7.7900590896606445
4417,-7.130170822143555
4418,9.560267448425293
4419,8.916152000427246
4420,-7.4579362869262695
4421,-8.893668174743652
4422,7.596123695373535
4423,-7.135551452636719
4424,9.193050384521484
4425,-0.20121002197265625
4426,-1.0534753799438477
4427,-12.20241928100586
4428,-0.9943199157714844
4429,-1.0801048278808594
4430,-0.7101011276245117
4431,-2.485902786254883
4432,2.2045297622680664
4433,-14.741181373596191
4434,-3.585916519165039
4435,1.9463205337524414
4436,-1.4219398498535156
4437,-0.695134162902832
4438,5.421883583068848
4439,-11.722489356994629
4440,-2.387025833129883
4441,4.787959098815918
4442,2.405674934387207
4443,0.16750717163085938
4444,5.652522087097168
4445,-11.508407592773438
4446,-1.8200674057006836
4447,5.078269004821777
4448,2.6312198638916016
4449,-2.106008529663086
4450,6.757210731506348
4451,-14.924776077270508
4452,-4.287833213806152
4453,5.792511940002441
4454,0.22777748107910156
4455,6.448233604431152
4456,-6.06633186340332
4457,-9.649504661560059
4458,7.01871395111084
4459,-6.027892112731934
4460,-10.460735321044922
4461,7.071656227111816
4462,-5.969753265380859
4463,-10.462369918823242
4464,7.131566047668457
4465,-5.930968284606934
4466,-10.466377258300781
4467,6.9216718673706055
4468,-6.061932563781738
4469,-8.692381858825684
4470,6.9057111740112305
4471,-6.05197811126709
4472,-8.692337989807129
4473,6.890549659729004
4474,-6.039986610412598
4475,-8.69161605834961
4476,7.125088691711426
4477,-5.623255729675293
4478,-12.235851287841797
4479,6.848902702331543
4480,-5.753211975097656
4481,-4.04559326171875
4482,6.211209297180176
4483,-5.928373336791992
4484,-10.162751197814941
4485,5.9900922775268555
4486,-5.925235748291016
4487,-7.850241661071777
4488,5.671608924865723
4489,-4.979780197143555
4490,-16.077342987060547
4491,4.040947914123535
4492,-5.007680892944336
4493,1.1889476776123047
4494,6.835310935974121
4495,-6.1926469802856445
4496,-17.29247283935547
4497,3.489882469177246
4498,-5.813477516174316
4499,9.87662410736084
4500,8.184544563293457
4501,-6.928008079528809
4502,-13.087326049804688
4503,5.022454261779785
4504,-6.304309844970703
4505,15.491541862487793
4506,8.66772747039795
4507,-7.087911605834961
4508,-14.187359809875488
4509,5.431796073913574
4510,-6.3651018142700195
4511,16.647846221923828
4512,8.6022310256958
4513,-6.981105804443359
4514,-13.888130187988281
4515,5.656861305236816
4516,-6.3594770431518555
4517,15.755976676940918
4518,8.406384468078613
4519,-6.918670654296875
4520,-12.936647415161133
4521,5.569083213806152
4522,-6.37429141998291
4523,15.124218940734863
4524,-0.1755533218383789
4525,-1.2254247665405273
4526,-12.36255168914795
4527,-1.0153617858886719
4528,-1.4684782028198242
4529,-0.5504798889160156
4530,-2.5640554428100586
4531,1.860774040222168
4532,-15.676098823547363
4533,-3.402956008911133
4534,1.5234670639038086
4535,-0.3368263244628906
4536,-1.082932472229004
4537,5.161776542663574
4538,-12.492895126342773
4539,-2.442117691040039
4540,4.507035255432129
4541,6.392364501953125
4542,-0.08161354064941406
4543,5.3928022384643555
4544,-12.078227996826172
4545,-1.8045663833618164
4546,4.965945243835449
4547,6.951459884643555
4548,-2.0879030227661133
4549,6.703856468200684
4550,-15.87760066986084
4551,-4.123047828674316
4552,5.670805931091309
4553,5.108620643615723
4554,5.2020063400268555
4555,-5.519858360290527
4556,-1.414207935333252
4557,5.584212303161621
4558,-5.474474906921387
4559,-1.6322364807128906
4560,5.607634544372559
4561,-5.42490291595459
4562,-1.6342082023620605
4563,5.632102012634277
4564,-5.3918256759643555
4565,-1.640580177307129
4566,5.502778053283691
4567,-5.506064414978027
4568,-0.22820234298706055
4569,5.467520713806152
4570,-5.498538970947266
4571,-0.22734498977661133
4572,5.432614326477051
4573,-5.490060806274414
4574,-0.22354841232299805
4575,5.436308860778809
4576,-5.112024307250977
4577,-2.671433448791504
4578,5.21103572845459
4579,-5.2291460037231445
4580,3.810546875
4581,4.8167619705200195
4582,-5.3199262619018555
4583,-1.8149027824401855
4584,4.495806694030762
4585,-5.385082244873047
4586,0.025803565979003906
4587,4.536190986633301
4588,-4.371906280517578
4589,-7.78230619430542
4590,3.1362714767456055
4591,-4.587944030761719
4592,6.6663007736206055
4593,7.054085731506348
4594,-5.504420280456543
4595,-14.93503189086914
4596,3.177830696105957
4597,-5.905644416809082
4598,12.93494701385498
4599,10.086310386657715
4600,-6.471220970153809
4601,-16.371883392333984
4602,4.794699668884277
4603,-7.024476051330566
4604,18.56704330444336
4605,10.950940132141113
4606,-6.571771621704102
4607,-17.774253845214844
4608,5.241663932800293
4609,-7.190451622009277
4610,19.779094696044922
4611,10.88547420501709
4612,-6.610226631164551
4613,-16.187969207763672
4614,5.43662166595459
4615,-7.156085968017578
4616,19.295616149902344
4617,10.498381614685059
4618,-6.59793758392334
4619,-16.07193374633789
4620,5.294936180114746
4621,-7.142733573913574
4622,18.34246826171875
4623,-1.6121015548706055
4624,-1.1539077758789062
4625,-11.863431930541992
4626,-2.837368965148926
4627,-1.134455680847168
4628,-1.0464558601379395
4629,-3.285154342651367
4630,1.093815803527832
4631,-18.836597442626953
4632,-3.7554197311401367
4633,1.0967950820922852
4634,-0.4658322334289551
4635,-1.6279010772705078
4636,4.382987022399902
4637,-20.586345672607422
4638,-2.631124496459961
4639,3.9393014907836914
4640,3.5813522338867188
4641,-0.6396627426147461
4642,4.484726905822754
4643,-20.56995391845703
4644,-1.9848546981811523
4645,4.031649589538574
4646,3.937652587890625
4647,-2.1476869583129883
4648,6.153292655944824
4649,-24.73859405517578
4650,-3.864940643310547
4651,5.4841814041137695
4652,1.6693763732910156
4653,5.4340009689331055
4654,-5.212616920471191
4655,-6.782578945159912
4656,5.951630592346191
4657,-5.227023124694824
4658,-7.129744529724121
4659,5.9652509689331055
4660,-5.173169136047363
4661,-7.132481575012207
4662,5.98728084564209
4663,-5.139052391052246
4664,-7.137371063232422
4665,5.915308952331543
4666,-5.260890007019043
4667,-5.960095405578613
4668,5.893406867980957
4669,-5.253168106079102
4670,-5.960380554199219
4671,5.6284990310668945
4672,-5.225323677062988
4673,-5.958306789398193
4674,5.4283857345581055
4675,-4.876534461975098
4676,-7.440957546234131
4677,5.238228797912598
4678,-4.9748640060424805
4679,-1.9474568367004395
4680,5.15671443939209
4681,-5.020735740661621
4682,-6.945405960083008
4683,4.785275459289551
4684,-5.108138084411621
4685,-5.383589744567871
4686,4.063347816467285
4687,-4.131694793701172
4688,-10.480939865112305
4689,2.5796728134155273
4690,-4.468517303466797
4691,3.0382986068725586
4692,6.202178001403809
4693,-4.569570541381836
4694,-14.701289176940918
4695,2.94313907623291
4696,-5.208831787109375
4697,4.488856315612793
4698,8.716032981872559
4699,-5.134598731994629
4700,-16.9156494140625
4701,4.307896614074707
4702,-5.905487060546875
4703,10.40672779083252
4704,9.393841743469238
4705,-5.177117347717285
4706,-18.33038330078125
4707,4.6899919509887695
4708,-6.006533622741699
4709,10.989731788635254
4710,9.416581153869629
4711,-5.2640790939331055
4712,-16.95879364013672
4713,4.7830610275268555
4714,-6.0246992111206055
4715,12.385581016540527
4716,9.16327953338623
4717,-5.248573303222656
4718,-16.723682403564453
4719,4.666394233703613
4720,-6.008267402648926
4721,10.649703025817871
4722,-1.9136905670166016
4723,-1.0663471221923828
4724,-10.068531036376953
4725,-3.2773542404174805
4726,-1.0038042068481445
4727,-2.8353164196014404
4728,-3.3862972259521484
4729,1.0084466934204102
4730,-17.851539611816406
4731,-3.7762393951416016
4732,1.171128273010254
4733,-2.630908727645874
4734,-1.679459571838379
4735,4.092087745666504
4736,-19.674819946289062
4737,-2.722749710083008
4738,3.76015567779541
4739,0.18917608261108398
4740,-0.9006195068359375
4741,4.261624336242676
4742,-19.714298248291016
4743,-2.1985416412353516
4744,3.7781076431274414
4745,0.48708248138427734
4746,-2.1351985931396484
4747,5.681326866149902
4748,-23.784423828125
4749,-3.7039260864257812
4750,5.202553749084473
4751,-1.9496498107910156
4752,6.950259208679199
4753,-5.3588762283325195
4754,3.9218740463256836
4755,7.405325889587402
4756,-5.275357246398926
4757,4.080860137939453
4758,7.479424476623535
4759,-5.247615814208984
4760,4.076178550720215
4761,7.553112983703613
4762,-5.224842071533203
4763,4.06988525390625
4764,7.161818504333496
4765,-5.285275459289551
4766,5.0122480392456055
4767,7.06081485748291
4768,-5.275238037109375
4769,5.013988494873047
4770,6.927733421325684
4771,-5.257399559020996
4772,5.013331413269043
4773,7.157599449157715
4774,-5.0452680587768555
4775,4.579236030578613
4776,6.3774919509887695
4777,-5.072024345397949
4778,8.762350082397461
4779,6.566174507141113
4780,-5.28253173828125
4781,4.063210487365723
4782,6.250720024108887
4783,-5.321019172668457
4784,5.228738784790039
4785,5.949664115905762
4786,-4.994072914123535
4787,-2.36344575881958
4788,2.8557538986206055
4789,-4.760587692260742
4790,11.421334266662598
4791,7.748299598693848
4792,-5.856301307678223
4793,-12.886045455932617
4794,2.2777318954467773
4795,-4.496622085571289
4796,14.557068824768066
4797,9.730929374694824
4798,-7.341334342956543
4799,-20.18779754638672
4800,2.197469711303711
4801,-4.847219467163086
4802,15.43175983428955
4803,10.439637184143066
4804,-7.629051208496094
4805,-22.639446258544922
4806,2.027764320373535
4807,-5.119318962097168
4808,16.408401489257812
4809,10.369162559509277
4810,-7.680837631225586
4811,-20.596784591674805
4812,2.354233741760254
4813,-4.947539329528809
4814,15.18030834197998
4815,10.016465187072754
4816,-7.600832462310791
4817,-19.73116111755371
4818,2.4195127487182617
4819,-4.881831169128418
4820,14.948466300964355
4821,-0.850214958190918
4822,-2.359267234802246
4823,-10.577014923095703
4824,-2.246150016784668
4825,-2.4486083984375
4826,-2.3254356384277344
4827,-4.755311012268066
4828,-0.2913942337036133
4829,-18.804166793823242
4830,-5.346078872680664
4831,-0.34053802490234375
4832,-4.849998474121094
4833,-1.862955093383789
4834,2.511237144470215
4835,-14.854743003845215
4836,-2.6344757080078125
4837,2.269425392150879
4838,-0.432098388671875
4839,-0.8038320541381836
4840,2.388363838195801
4841,-14.385009765625
4842,-2.177427291870117
4843,2.2579641342163086
4844,0.05516815185546875
4845,-2.1201553344726562
4846,4.054076194763184
4847,-17.174083709716797
4848,-3.157280921936035
4849,3.767683982849121
4850,-2.7004473209381104
4851,9.681668281555176
4852,-5.578347206115723
4853,11.361491203308105
4854,10.083781242370605
4855,-5.379785537719727
4856,12.012394905090332
4857,10.081509590148926
4858,-5.335641860961914
4859,12.012068748474121
4860,10.064568519592285
4861,-5.298587799072266
4862,12.007025718688965
4863,9.838969230651855
4864,-5.467138290405273
4865,13.210164070129395
4866,9.778861045837402
4867,-5.451651573181152
4868,13.207524299621582
4869,9.697590827941895
4870,-5.436811447143555
4871,13.208844184875488
4872,9.622967720031738
4873,-5.0692338943481445
4874,13.493636131286621
4875,8.77495288848877
4876,-5.23240852355957
4877,18.782413482666016
4878,9.011670112609863
4879,-5.485627174377441
4880,11.696093559265137
4881,8.7642240524292
4882,-5.574861526489258
4883,13.1920804977417
4884,8.31347942352295
4885,-4.973452568054199
4886,5.370227813720703
4887,4.450133323669434
4888,-5.302574157714844
4889,21.424388885498047
4890,9.993325233459473
4891,-6.239894866943359
4892,-4.3184051513671875
4893,2.925116539001465
4894,-6.151528358459473
4895,20.58651351928711
4896,12.093937873840332
4897,-7.5730366706848145
4898,-9.282147407531738
4899,3.184321403503418
4900,-7.801157474517822
4901,17.272239685058594
4902,12.490437507629395
4903,-7.835410118103027
4904,-11.642756462097168
4905,4.431143760681152
4906,-7.649003028869629
4907,17.023876190185547
4908,12.63232135772705
4909,-7.7860589027404785
4910,-10.329705238342285
4911,4.938199043273926
4912,-7.599093437194824
4913,17.340744018554688
4914,12.28995418548584
4915,-7.723730564117432
4916,-9.03904914855957
4917,4.8991498947143555
4918,-7.546133518218994
4919,17.045391082763672
4920,-0.2835865020751953
4921,-2.7999496459960938
4922,-10.898466110229492
4923,-1.8495864868164062
4924,-2.8876848220825195
4925,-1.9923672676086426
4926,-5.135313034057617
4927,-0.39736270904541016
4928,-19.50450897216797
4929,-5.954196453094482
4930,-0.7182855606079102
4931,-5.598628044128418
4932,-2.0477399826049805
4933,2.4058008193969727
4934,-13.561521530151367
4935,-2.512669563293457
4936,1.9884614944458008
4937,-2.917541027069092
4938,-1.0990056991577148
4939,2.357834815979004
4940,-12.951391220092773
4941,-1.9607620239257812
4942,2.027897834777832
4943,-2.6928014755249023
4944,-2.117852210998535
4945,3.9865541458129883
4946,-15.57374095916748
4947,-2.5811777114868164
4948,3.5777788162231445
4949,-6.375779628753662
4950,9.467757225036621
4951,-5.360084533691406
4952,5.149408340454102
4953,9.857264518737793
4954,-5.238711357116699
4955,5.780068397521973
4956,9.893355369567871
4957,-5.179712295532227
4958,5.7299299240112305
4959,10.264513969421387
4960,-5.144062042236328
4961,5.676400184631348
4962,9.6640043258667
4963,-5.329317092895508
4964,3.1379079818725586
4965,9.57529354095459
4966,-5.304590225219727
4967,3.130819320678711
4968,9.488163948059082
4969,-5.295618057250977
4970,3.112076759338379
4971,9.452902793884277
4972,-4.9525041580200195
4973,0.3523564338684082
4974,8.824950218200684
4975,-5.053823471069336
4976,-2.8557703495025635
4977,8.935290336608887
4978,-5.1801042556762695
4979,1.2882976531982422
4980,8.719868659973145
4981,-5.250964164733887
4982,5.050553321838379
4983,7.4604902267456055
4984,-5.397926330566406
4985,-4.881634712219238
4986,5.277825355529785
4987,-5.057018280029297
4988,1.9426212310791016
4989,8.722088813781738
4990,-6.8706865310668945
4991,-12.180534362792969
4992,3.880934715270996
4993,-4.6943359375
4994,4.607624053955078
4995,10.563742637634277
4996,-7.934260368347168
4997,-11.944189071655273
4998,3.794041633605957
4999,-2.905369758605957
5000,7.760708808898926
5001,11.015120506286621
5002,-8.164947509765625
5003,-13.478782653808594
5004,4.094477653503418
5005,-2.2248573303222656
5006,9.692032814025879
5007,11.118388175964355
5008,-8.1292142868042
5009,-12.459775924682617
5010,4.428412437438965
5011,-2.328310966491699
5012,8.588231086730957
5013,10.922490119934082
5014,-7.998112678527832
5015,-11.596759796142578
5016,4.481074333190918
5017,-2.612356185913086
5018,7.877963066101074
5019,-0.10539913177490234
5020,-3.0878477096557617
5021,-11.078398704528809
5022,-1.5282154083251953
5023,-2.9892091751098633
5024,-1.8157548904418945
5025,-6.283132553100586
5026,-1.8045997619628906
5027,-18.01955223083496
5028,-6.95950174331665
5029,-2.043628692626953
5030,-3.91778302192688
5031,-2.6896867752075195
5032,1.0019330978393555
5033,-10.547039031982422
5034,-3.220916748046875
5035,0.7541589736938477
5036,1.826045036315918
5037,-1.619832992553711
5038,0.817469596862793
5039,-9.476655960083008
5040,-2.314767837524414
5041,0.6528425216674805
5042,2.42873477935791
5043,-2.3488731384277344
5044,2.450535774230957
5045,-8.864105224609375
5046,-2.652358055114746
5047,2.2137041091918945
5048,0.6531901359558105
5049,10.051106452941895
5050,-5.300378799438477
5051,12.1453275680542
5052,10.497221946716309
5053,-5.127208709716797
5054,12.152482032775879
5055,10.51267147064209
5056,-5.076817512512207
5057,12.149441719055176
5058,10.54860782623291
5059,-5.044162750244141
5060,12.142037391662598
5061,10.362025260925293
5062,-5.19635009765625
5063,12.950667381286621
5064,10.285872459411621
5065,-5.179040908813477
5066,12.954033851623535
5067,9.979079246520996
5068,-5.194164276123047
5069,12.952832221984863
5070,9.963072776794434
5071,-4.846709251403809
5072,11.183192253112793
5073,9.423554420471191
5074,-4.967171669006348
5075,14.94809627532959
5076,9.360764503479004
5077,-5.104116439819336
5078,11.624157905578613
5079,9.102717399597168
5080,-5.131280899047852
5081,12.88585376739502
5082,8.411385536193848
5083,-5.36656379699707
5084,3.081070899963379
5085,5.526253700256348
5086,-4.627769470214844
5087,14.577136039733887
5088,9.151633262634277
5089,-7.55539608001709
5090,-0.4481534957885742
5091,3.74368953704834
5092,-3.586637496948242
5093,9.843003273010254
5094,11.835700035095215
5095,-8.612424850463867
5096,1.009077548980713
5097,3.466444969177246
5098,-1.1112232208251953
5099,6.144899368286133
5100,11.651135444641113
5101,-8.98539924621582
5102,-0.4471621513366699
5103,3.822535514831543
5104,-0.4630727767944336
5105,6.438767433166504
5106,11.629715919494629
5107,-8.82332992553711
5108,0.8005757331848145
5109,4.390185356140137
5110,-0.5669088363647461
5111,5.638069152832031
5112,11.407374382019043
5113,-8.702300071716309
5114,1.5059595108032227
5115,4.223700523376465
5116,-1.0346508026123047
5117,6.0308122634887695
5118,0.047626495361328125
5119,-3.151063919067383
5120,-11.118906021118164
5121,-1.3340282440185547
5122,-2.9456987380981445
5123,-1.7801685333251953
5124,-6.666102409362793
5125,-1.933004379272461
5126,-18.786476135253906
5127,-7.493810653686523
5128,-2.1761465072631836
5129,-5.557391166687012
5130,-2.8711938858032227
5131,0.9432268142700195
5132,-10.06576919555664
5133,-3.5824813842773438
5134,0.5785865783691406
5135,1.8839702606201172
5136,-1.789433479309082
5137,0.7403631210327148
5138,-8.905138969421387
5139,-2.618584632873535
5140,0.6218662261962891
5141,2.729434013366699
5142,-2.481464385986328
5143,2.3601388931274414
5144,-8.990912437438965
5145,-2.6786603927612305
5146,2.11367130279541
5147,1.8082704544067383
5148,10.571682929992676
5149,-5.202177047729492
5150,12.36215877532959
5151,10.899632453918457
5152,-5.076581954956055
5153,12.435919761657715
5154,10.893790245056152
5155,-5.031042098999023
5156,12.433833122253418
5157,10.978949546813965
5158,-4.995721817016602
5159,12.429909706115723
5160,10.786816596984863
5161,-5.130939483642578
5162,13.631333351135254
5163,10.719731330871582
5164,-5.118101119995117
5165,13.628283500671387
5166,10.575615882873535
5167,-5.16396427154541
5168,13.622435569763184
5169,10.466757774353027
5170,-4.793231010437012
5171,11.651883125305176
5172,9.919455528259277
5173,-4.932406425476074
5174,16.94904327392578
5175,9.95624828338623
5176,-5.081113815307617
5177,11.855277061462402
5178,9.675263404846191
5179,-5.120246887207031
5180,13.398852348327637
5181,8.901019096374512
5182,-5.070873260498047
5183,3.2549896240234375
5184,5.240473747253418
5185,-4.549623489379883
5186,17.88048553466797
5187,8.756413459777832
5188,-7.3820695877075195
5189,-2.3491969108581543
5190,3.37728214263916
5191,-4.580348014831543
5192,17.763137817382812
5193,10.181294441223145
5194,-9.149024963378906
5195,-4.208612442016602
5196,4.1742048263549805
5197,-5.672811508178711
5198,15.628905296325684
5199,10.401360511779785
5200,-9.575328826904297
5201,-6.069723606109619
5202,4.909539222717285
5203,-5.775230407714844
5204,15.503769874572754
5205,10.412482261657715
5206,-9.450907707214355
5207,-4.518013954162598
5208,5.17543888092041
5209,-5.930194854736328
5210,15.17126750946045
5211,10.299038887023926
5212,-9.35987663269043
5213,-3.6491918563842773
5214,5.025057792663574
5215,-5.956027030944824
5216,15.246312141418457
5217,0.09950447082519531
5218,-3.0321760177612305
5219,-11.194722175598145
5220,-1.2188005447387695
5221,-2.99617862701416
5222,-1.7049918174743652
5223,-7.019944190979004
5224,-3.3636560440063477
5225,-19.15967559814453
5226,-8.700983047485352
5227,-3.791423797607422
5228,-7.209576606750488
5229,-4.040270805358887
5230,-0.21306800842285156
5231,-10.709800720214844
5232,-5.034048080444336
5233,-0.5754194259643555
5234,0.3260331153869629
5235,-3.010356903076172
5236,-0.13489913940429688
5237,-9.487807273864746
5238,-3.7550506591796875
5239,-0.41616249084472656
5240,1.1266264915466309
5241,-4.07254695892334
5242,1.1115236282348633
5243,-10.113717079162598
5244,-4.923770904541016
5245,0.7984113693237305
5246,0.43618202209472656
5247,11.81373119354248
5248,-5.039430618286133
5249,7.487786293029785
5250,11.95881175994873
5251,-4.670458793640137
5252,7.517098426818848
5253,11.91210651397705
5254,-4.644282341003418
5255,7.51375675201416
5256,11.876673698425293
5257,-4.627285957336426
5258,7.507926940917969
5259,11.7957124710083
5260,-4.646082878112793
5261,8.602206230163574
5262,11.734831809997559
5263,-4.614131927490234
5264,8.598601341247559
5265,11.661234855651855
5266,-4.612923622131348
5267,8.594168663024902
5268,11.121920585632324
5269,-4.572876930236816
5270,7.130598068237305
5271,10.770781517028809
5272,-4.447556495666504
5273,11.984835624694824
5274,11.208754539489746
5275,-5.006199836730957
5276,7.18482780456543
5277,11.013545036315918
5278,-5.080414772033691
5279,8.596918106079102
5280,9.283255577087402
5281,-4.83756160736084
5282,0.4282341003417969
5283,5.896761894226074
5284,-4.4703369140625
5285,13.982916831970215
5286,8.740912437438965
5287,-6.953782081604004
5288,-3.1623587608337402
5289,4.248715400695801
5290,-5.871700286865234
5291,15.498393058776855
5292,9.489863395690918
5293,-9.017826080322266
5294,-3.475644111633301
5295,5.193005561828613
5296,-8.003572463989258
5297,14.086640357971191
5298,9.636858940124512
5299,-9.382125854492188
5300,-5.016980171203613
5301,6.154284477233887
5302,-8.256969451904297
5303,14.187132835388184
5304,9.694680213928223
5305,-9.133186340332031
5306,-3.530897617340088
5307,6.263314247131348
5308,-8.458671569824219
5309,13.164668083190918
5310,9.507906913757324
5311,-9.017051696777344
5312,-2.8641695976257324
5313,6.091069221496582
5314,-8.415285110473633
5315,13.422856330871582
5316,0.2170734405517578
5317,-2.989861488342285
5318,-11.090396881103516
5319,-1.006378173828125
5320,-3.0616655349731445
5321,-1.8081917762756348
5322,-7.74132776260376
5323,-3.4233474731445312
5324,-19.02267837524414
5325,-8.610295295715332
5326,-3.5471200942993164
5327,-5.162467956542969
5328,-4.15617561340332
5329,-0.2573204040527344
5330,-10.914648056030273
5331,-4.9721832275390625
5332,-0.4932088851928711
5333,1.5806102752685547
5334,-3.142671585083008
5335,-0.15218734741210938
5336,-9.59979248046875
5337,-3.7555465698242188
5338,-0.38255786895751953
5339,2.2917299270629883
5340,-4.311896324157715
5341,1.0267438888549805
5342,-9.857207298278809
5343,-5.099527359008789
5344,0.7822580337524414
5345,1.3475852012634277
5346,12.818963050842285
5347,-5.031522750854492
5348,5.494378089904785
5349,13.069870948791504
5350,-4.5780229568481445
5351,5.2297868728637695
5352,12.819962501525879
5353,-4.604981422424316
5354,5.227128028869629
5355,12.828680992126465
5356,-4.5808563232421875
5357,5.227972984313965
5358,13.021023750305176
5359,-4.561100959777832
5360,6.552913665771484
5361,12.975777626037598
5362,-4.525235176086426
5363,6.5489397048950195
5364,12.917956352233887
5365,-4.508171081542969
5366,6.543272018432617
5367,11.89929485321045
5368,-4.374463081359863
5369,4.441167831420898
5370,12.02634334564209
5371,-4.3341875076293945
5372,10.297602653503418
5373,11.876534461975098
5374,-4.946428298950195
5375,5.116769790649414
5376,11.773232460021973
5377,-5.01207160949707
5378,6.819314956665039
5379,9.859601020812988
5380,-4.595807075500488
5381,-1.8487420082092285
5382,7.061629295349121
5383,-4.458587646484375
5384,13.08039379119873
5385,7.903494834899902
5386,-6.223202705383301
5387,-5.532423973083496
5388,4.16269588470459
5389,-5.989345550537109
5390,15.109026908874512
5391,7.581208229064941
5392,-8.378743171691895
5393,-4.662461280822754
5394,4.483057975769043
5395,-8.150440216064453
5396,13.050749778747559
5397,6.778775215148926
5398,-8.803862571716309
5399,-5.827131748199463
5400,5.5428876876831055
5401,-8.35844612121582
5402,13.262402534484863
5403,6.999341011047363
5404,-8.690847396850586
5405,-4.539138317108154
5406,5.388009071350098
5407,-8.415471076965332
5408,12.140145301818848
5409,6.9882402420043945
5410,-8.581417083740234
5411,-4.018759727478027
5412,5.230484962463379
5413,-8.349417686462402
5414,12.46446704864502
5415,0.3086376190185547
5416,-2.9074106216430664
5417,-11.177274703979492
5418,-0.9161529541015625
5419,-3.1531248092651367
5420,-1.7243294715881348
5421,-6.447424411773682
5422,-5.613698959350586
5423,-16.222129821777344
5424,-7.494952201843262
5425,-5.813327789306641
5426,-4.65130090713501
5427,-5.77149772644043
5428,-1.8669958114624023
5429,-15.12684440612793
5430,-6.198587417602539
5431,-2.4741592407226562
5432,-0.5477886199951172
5433,-5.190478324890137
5434,-1.337320327758789
5435,-15.054740905761719
5436,-5.352477073669434
5437,-1.8560771942138672
5438,-0.5034584999084473
5439,-8.260969161987305
5440,-0.6397037506103516
5441,-14.043630599975586
5442,-8.056434631347656
5443,-1.2256145477294922
5444,-0.3878016471862793
5445,13.296612739562988
5446,-4.665038108825684
5447,8.330018043518066
5448,13.629483222961426
5449,-4.242931365966797
5450,7.779820442199707
5451,13.54749584197998
5452,-4.2388811111450195
5453,7.776425361633301
5454,13.486929893493652
5455,-4.217494010925293
5456,7.777663230895996
5457,13.614714622497559
5458,-4.216387748718262
5459,9.12072467803955
5460,13.554766654968262
5461,-4.177616119384766
5462,9.117045402526855
5463,13.493199348449707
5464,-4.151456832885742
5465,9.111528396606445
5466,12.651871681213379
5467,-4.053471565246582
5468,5.822686195373535
5469,12.629277229309082
5470,-3.990497589111328
5471,11.734835624694824
5472,12.451830863952637
5473,-4.668246269226074
5474,7.592452049255371
5475,12.448105812072754
5476,-4.677690505981445
5477,9.303913116455078
5478,10.17299747467041
5479,-4.4658203125
5480,-1.2815494537353516
5481,7.596014976501465
5482,-4.367920875549316
5483,14.36144733428955
5484,7.603487968444824
5485,-5.958993911743164
5486,-2.868156671524048
5487,4.237175941467285
5488,-5.845871925354004
5489,17.27090835571289
5490,6.768553733825684
5491,-8.195985794067383
5492,0.42073917388916016
5493,4.18894100189209
5494,-8.01624584197998
5495,16.229961395263672
5496,6.157305717468262
5497,-8.696414947509766
5498,-0.32786083221435547
5499,5.179015159606934
5500,-8.331260681152344
5501,16.778697967529297
5502,6.413201332092285
5503,-8.551088333129883
5504,0.7060275077819824
5505,5.119288444519043
5506,-8.41181755065918
5507,15.186278343200684
5508,6.447447776794434
5509,-8.367890357971191
5510,1.0640673637390137
5511,4.882330894470215
5512,-8.278643608093262
5513,15.547141075134277
5514,0.3764991760253906
5515,-2.9583511352539062
5516,-11.251612663269043
5517,-0.8310003280639648
5518,-3.1370983123779297
5519,-1.6490559577941895
5520,-6.045341491699219
5521,-5.800434112548828
5522,-14.290069580078125
5523,-6.856780052185059
5524,-5.710677146911621
5525,-2.4146156311035156
5526,-6.114373207092285
5527,-2.1207351684570312
5528,-14.152833938598633
5529,-6.521556377410889
5530,-2.5023813247680664
5531,0.12281608581542969
5532,-5.5284929275512695
5533,-1.5379104614257812
5534,-14.067212104797363
5535,-5.681424140930176
5536,-2.0823192596435547
5537,0.08958244323730469
5538,-9.256938934326172
5539,-0.955143928527832
5540,-13.518871307373047
5541,-8.468994140625
5542,-1.339609146118164
5543,0.08785104751586914
5544,12.1554536819458
5545,-4.241157531738281
5546,10.942730903625488
5547,12.423487663269043
5548,-3.8579282760620117
5549,10.368132591247559
5550,12.387831687927246
5551,-3.84847354888916
5552,10.367053031921387
5553,12.357281684875488
5554,-3.838625907897949
5555,10.369402885437012
5556,12.380860328674316
5557,-3.832940101623535
5558,11.785550117492676
5559,12.369555473327637
5560,-3.742140769958496
5561,11.783207893371582
5562,12.31006145477295
5563,-3.7111454010009766
5564,11.777405738830566
5565,11.715903282165527
5566,-3.7721118927001953
5567,7.320225715637207
5568,11.435364723205566
5569,-3.6074132919311523
5570,13.554791450500488
5571,11.495963096618652
5572,-4.302797317504883
5573,9.59536075592041
5574,11.4522066116333
5575,-4.288507461547852
5576,11.416268348693848
5577,9.886570930480957
5578,-4.400343894958496
5579,-0.1909952163696289
5580,6.81862735748291
5581,-3.741636276245117
5582,14.449027061462402
5583,7.167252540588379
5584,-5.751773834228516
5585,-2.7940497398376465
5586,3.8901243209838867
5587,-5.325972557067871
5588,16.74850845336914
5589,4.540438652038574
5590,-8.011622428894043
5591,-2.0854344367980957
5592,2.8268651962280273
5593,-7.087654113769531
5594,16.731449127197266
5595,4.176886558532715
5596,-8.499748229980469
5597,-2.737496852874756
5598,3.1749067306518555
5599,-7.286876201629639
5600,17.386371612548828
5601,4.366324424743652
5602,-8.494791030883789
5603,-1.9613304138183594
5604,3.2618494033813477
5605,-7.496806621551514
5606,16.01873779296875
5607,4.253209114074707
5608,-8.287796020507812
5609,-1.5568127632141113
5610,3.168654441833496
5611,-7.457058906555176
5612,16.170982360839844
5613,0.40311527252197266
5614,-3.072878837585449
5615,-11.131399154663086
5616,-0.7357921600341797
5617,-2.9073400497436523
5618,-1.7813282012939453
5619,-2.3716535568237305
5620,-6.820539474487305
5621,-12.651140213012695
5622,-3.4919118881225586
5623,-6.155301094055176
5624,-0.06781768798828125
5625,-6.888062477111816
5626,-4.060418128967285
5627,-21.505565643310547
5628,-6.825004577636719
5629,-3.946685791015625
5630,-8.753684997558594
5631,-7.308114528656006
5632,-3.2448501586914062
5633,-22.315105438232422
5634,-6.793850898742676
5635,-3.2855939865112305
5636,-9.93528938293457
5637,-10.1346435546875
5638,-4.226545333862305
5639,-21.052654266357422
5640,-9.257795333862305
5641,-3.7791337966918945
5642,-10.201533317565918
5643,12.56432056427002
5644,-4.053731918334961
5645,9.041996955871582
5646,12.770291328430176
5647,-3.7180233001708984
5648,8.267497062683105
5649,12.741374015808105
5650,-3.7064008712768555
5651,8.264714241027832
5652,12.715485572814941
5653,-3.696908950805664
5654,8.265515327453613
5655,12.703856468200684
5656,-3.6896133422851562
5657,9.728928565979004
5658,12.635493278503418
5659,-3.640641212463379
5660,9.727416038513184
5661,12.454136848449707
5662,-3.600818634033203
5663,9.722582817077637
5664,11.983317375183105
5665,-3.658158302307129
5666,5.153921127319336
5667,11.708806037902832
5668,-3.4533777236938477
5669,11.595747947692871
5670,11.772517204284668
5671,-4.168910026550293
5672,7.787323951721191
5673,11.733708381652832
5674,-4.157064437866211
5675,9.668120384216309
5676,9.872624397277832
5677,-4.343616485595703
5678,-1.9755983352661133
5679,6.9544172286987305
5680,-3.637801170349121
5681,13.732548713684082
5682,6.998669624328613
5683,-5.689117431640625
5684,-3.188995838165283
5685,3.846247673034668
5686,-5.240100860595703
5687,15.837924003601074
5688,4.181689262390137
5689,-7.985300540924072
5690,-1.0020017623901367
5691,2.646937370300293
5692,-7.24265193939209
5693,15.690093040466309
5694,3.884873390197754
5695,-8.497026443481445
5696,-1.7137765884399414
5697,2.9093198776245117
5698,-7.466771125793457
5699,16.348934173583984
5700,4.086857795715332
5701,-8.434788703918457
5702,-0.9335575103759766
5703,3.2350759506225586
5704,-7.943965435028076
5705,15.069819450378418
5706,4.013455390930176
5707,-8.229501724243164
5708,-0.4711942672729492
5709,3.0326662063598633
5710,-7.827752113342285
5711,15.158041954040527
5712,0.3196287155151367
5713,-3.13277530670166
5714,-11.161230087280273
5715,-0.5852489471435547
5716,-2.9340896606445312
5717,-1.746457576751709
5718,-2.0553207397460938
5719,-6.738716125488281
5720,-12.138998031616211
5721,-2.42166805267334
5722,-6.257380485534668
5723,1.520869255065918
5724,-7.12386417388916
5725,-4.024139404296875
5726,-18.260896682739258
5727,-5.952271461486816
5728,-3.9684410095214844
5729,-4.078457832336426
5730,-7.253718376159668
5731,-3.303980827331543
5732,-18.65856170654297
5733,-5.754758834838867
5734,-3.395594596862793
5735,-4.716773986816406
5736,-10.096360206604004
5737,-4.000341415405273
5738,-17.705326080322266
5739,-8.065221786499023
5740,-3.813589096069336
5741,-4.612837791442871
5742,11.092720985412598
5743,-3.987567901611328
5744,6.690587043762207
5745,11.460036277770996
5746,-3.722929000854492
5747,6.161604881286621
5748,11.43302059173584
5749,-3.7037458419799805
5750,6.159841537475586
5751,11.403573036193848
5752,-3.6888132095336914
5753,6.161032676696777
5754,11.422011375427246
5755,-3.7152099609375
5756,7.590506553649902
5757,11.369145393371582
5758,-3.685511589050293
5759,7.588635444641113
5760,11.271491050720215
5761,-3.6616668701171875
5762,7.583599090576172
5763,10.802620887756348
5764,-3.554798126220703
5765,3.9612340927124023
5766,10.655314445495605
5767,-3.467190742492676
5768,10.308100700378418
5769,10.504504203796387
5770,-4.016657829284668
5771,5.7565202713012695
5772,10.439635276794434
5773,-4.019498825073242
5774,7.608118057250977
5775,8.95426082611084
5776,-4.0261335372924805
5777,-3.009079694747925
5778,6.2485551834106445
5779,-3.4275693893432617
5780,12.683959007263184
5781,5.311999320983887
5782,-5.59477424621582
5783,-5.152335166931152
5784,3.3878564834594727
5785,-5.073620796203613
5786,14.128926277160645
5787,2.906399726867676
5788,-7.656177043914795
5789,-4.329067230224609
5790,2.2640180587768555
5791,-7.0942182540893555
5792,13.397955894470215
5793,2.5233945846557617
5794,-8.201818466186523
5795,-5.435970306396484
5796,1.857400894165039
5797,-7.410775661468506
5798,13.8692045211792
5799,3.019843101501465
5800,-8.228372573852539
5801,-4.51133918762207
5802,2.2825937271118164
5803,-7.576983451843262
5804,12.916214942932129
5805,3.0173463821411133
5806,-8.070830345153809
5807,-3.8161137104034424
5808,1.7818164825439453
5809,-7.178773880004883
5810,12.90617847442627
5811,0.16939258575439453
5812,-3.1016998291015625
5813,-11.199960708618164
5814,-0.7298488616943359
5815,-2.911013603210449
5816,-1.7032341957092285
5817,0.44094276428222656
5818,-6.702386856079102
5819,-12.11843490600586
5820,-0.004439353942871094
5821,-6.194302558898926
5822,1.1293697357177734
5823,-7.162079334259033
5824,-6.092082977294922
5825,-17.740406036376953
5826,-5.813570022583008
5827,-5.751405715942383
5828,-4.439591407775879
5829,-8.04578971862793
5830,-5.6172380447387695
5831,-18.131763458251953
5832,-6.382927894592285
5833,-5.3399200439453125
5834,-5.118406772613525
5835,-8.798145294189453
5836,-7.467960357666016
5837,-17.62641716003418
5838,-7.697246551513672
5839,-6.675420761108398
5840,-5.770269393920898
5841,11.44257640838623
5842,-3.9917821884155273
5843,-0.2613692283630371
5844,11.941252708435059
5845,-3.7060976028442383
5846,-1.5883746147155762
5847,11.87656307220459
5848,-3.678241729736328
5849,-1.5931763648986816
5850,11.80092716217041
5851,-3.6560354232788086
5852,-1.595855712890625
5853,12.097529411315918
5854,-3.719003677368164
5855,0.43352746963500977
5856,11.674601554870605
5857,-3.656597137451172
5858,0.4332394599914551
5859,11.621134757995605
5860,-3.6201553344726562
5861,0.43030500411987305
5862,11.032904624938965
5863,-3.445049285888672
5864,-5.17327356338501
5865,11.034850120544434
5866,-3.418355941772461
5867,3.6665916442871094
5868,10.748148918151855
5869,-3.9571571350097656
5870,-1.5460233688354492
5871,10.72588062286377
5872,-3.9796266555786133
5873,1.061607837677002
5874,8.570294380187988
5875,-3.77341365814209
5876,-11.513435363769531
5877,6.6922197341918945
5878,-3.3086776733398438
5879,9.314632415771484
5880,4.615006446838379
5881,-5.4919233322143555
5882,-11.979308128356934
5883,3.34377384185791
5884,-5.103841781616211
5885,11.560786247253418
5886,2.4285287857055664
5887,-7.576824188232422
5888,-7.821272373199463
5889,2.1591367721557617
5890,-7.15229606628418
5891,9.885794639587402
5892,2.0123682022094727
5893,-8.143694877624512
5894,-9.233298301696777
5895,1.8923540115356445
5896,-7.365173816680908
5897,10.535487174987793
5898,2.5386781692504883
5899,-8.14944076538086
5900,-8.06954288482666
5901,2.1709909439086914
5902,-7.475803375244141
5903,8.601202964782715
5904,2.527712821960449
5905,-7.97401762008667
5906,-7.165674209594727
5907,1.87274169921875
5908,-7.35547399520874
5909,8.974156379699707
5910,-0.2741708755493164
5911,-3.0686254501342773
5912,-11.775327682495117
5913,-0.783625602722168
5914,-2.904062271118164
5915,-1.1303606033325195
5916,0.7532224655151367
5917,-6.66892147064209
5918,-13.083937644958496
5919,0.7888622283935547
5920,-6.274065017700195
5921,0.7674598693847656
5922,-7.378925323486328
5923,-6.0887250900268555
5924,-10.83914852142334
5925,-5.529416084289551
5926,-5.828442573547363
5927,1.5008597373962402
5928,-8.442710876464844
5929,-5.595150947570801
5930,-10.22176742553711
5931,-6.278980731964111
5932,-5.417640686035156
5933,1.6742982864379883
5934,-8.573554992675781
5935,-7.612667083740234
5936,-9.073495864868164
5937,-7.100008487701416
5938,-6.920354843139648
5939,1.4808282852172852
5940,8.89664363861084
5941,-3.6937923431396484
5942,7.668695449829102
5943,9.287810325622559
5944,-3.4684715270996094
5945,7.121953010559082
5946,9.32780933380127
5947,-3.444581985473633
5948,7.120548248291016
5949,9.347672462463379
5950,-3.4231929779052734
5951,7.12126350402832
5952,9.197039604187012
5953,-3.4567689895629883
5954,8.410582542419434
5955,9.057665824890137
5956,-3.420779228210449
5957,8.409198760986328
5958,9.02042293548584
5959,-3.388975143432617
5960,8.39719009399414
5961,9.041172981262207
5962,-3.210582733154297
5963,4.7924957275390625
5964,8.71817684173584
5965,-3.1546106338500977
5966,10.631060600280762
5967,8.496224403381348
5968,-3.6800622940063477
5969,6.7111921310424805
5970,8.413554191589355
5971,-3.6887855529785156
5972,8.403485298156738
5973,8.164460182189941
5974,-3.592963218688965
5975,-2.452864646911621
5976,5.941075325012207
5977,-3.0353832244873047
5978,12.056384086608887
5979,3.7468786239624023
5980,-5.115715026855469
5981,-6.429381370544434
5982,2.1320505142211914
5983,-4.412753105163574
5984,12.84774112701416
5985,1.7822351455688477
5986,-7.000650405883789
5987,-7.476567268371582
5988,0.12621021270751953
5989,-5.803217887878418
5990,12.490534782409668
5991,1.070054054260254
5992,-6.98114013671875
5993,-8.420987129211426
5994,-0.20820331573486328
5995,-5.905692100524902
5996,13.037331581115723
5997,1.2026081085205078
5998,-6.895934104919434
5999,-7.805146217346191
6000,-0.23586750030517578
6001,-6.0922956466674805
6002,11.847399711608887
6003,1.260930061340332
6004,-6.764387130737305
6005,-7.0446600914001465
6006,-0.11886119842529297
6007,-6.098896026611328
6008,11.977179527282715
6009,-0.5306510925292969
6010,-3.3180923461914062
6011,-11.60644245147705
6012,-1.354543685913086
6013,-2.9091434478759766
6014,-1.3134050369262695
6015,2.1810779571533203
6016,-6.682677268981934
6017,-13.112817764282227
6018,2.410738945007324
6019,-5.387803077697754
6020,3.936551094055176
6021,-6.578227996826172
6022,-7.450541019439697
6023,-21.84091567993164
6024,-2.968808174133301
6025,-5.898354530334473
6026,1.278712272644043
6027,-7.002779960632324
6028,-7.170956611633301
6029,-22.574871063232422
6030,-4.345300674438477
6031,-5.624025344848633
6032,0.8112931251525879
6033,-6.790640354156494
6034,-8.815926551818848
6035,-23.601383209228516
6036,-3.748446464538574
6037,-6.902970314025879
6038,-0.003547191619873047
6039,8.074122428894043
6040,-3.4695911407470703
6041,6.039249420166016
6042,8.521151542663574
6043,-3.3081865310668945
6044,5.427957534790039
6045,8.585989952087402
6046,-3.2895402908325195
6047,5.426648139953613
6048,8.636454582214355
6049,-3.2731504440307617
6050,5.427434921264648
6051,8.372237205505371
6052,-3.2839221954345703
6053,6.6035356521606445
6054,8.300810813903809
6055,-3.2527456283569336
6056,6.602420806884766
6057,8.260106086730957
6058,-3.22000789642334
6059,6.593039512634277
6060,8.50034236907959
6061,-3.0772504806518555
6062,3.068449020385742
6063,8.052655220031738
6064,-2.9799184799194336
6065,8.680794715881348
6066,7.743752479553223
6067,-3.4400386810302734
6068,5.106379508972168
6069,7.611771583557129
6070,-3.437443733215332
6071,6.6498565673828125
6072,7.475172996520996
6073,-3.4692420959472656
6074,-3.330033779144287
6075,5.719229698181152
6076,-2.567561149597168
6077,10.807291984558105
6078,3.71370792388916
6079,-4.956611633300781
6080,-6.078856468200684
6081,1.8799982070922852
6082,-3.3716249465942383
6083,10.54223346710205
6084,1.6186542510986328
6085,-6.839411735534668
6086,-5.7316060066223145
6087,-0.02791118621826172
6088,-4.276477813720703
6089,10.443768501281738
6090,0.5704832077026367
6091,-6.7861433029174805
6092,-6.315526485443115
6093,-0.38231754302978516
6094,-4.301383972167969
6095,10.963961601257324
6096,0.6051063537597656
6097,-6.748495101928711
6098,-5.699594497680664
6099,-0.3900938034057617
6100,-4.496265411376953
6101,9.94758129119873
6102,0.7295026779174805
6103,-6.6197614669799805
6104,-5.336418628692627
6105,-0.22297000885009766
6106,-4.528102874755859
6107,10.064591407775879
6108,-0.6327838897705078
6109,-3.3881874084472656
6110,-11.056684494018555
6111,-1.5700874328613281
6112,-2.891969680786133
6113,-1.877448558807373
6114,2.320115089416504
6115,-6.616243362426758
6116,-11.07636833190918
6117,2.1950788497924805
6118,-5.119084358215332
6119,2.554372787475586
6120,-6.038413047790527
6121,-7.3769850730896
6122,-18.98911476135254
6123,-2.7542858123779297
6124,-6.092744827270508
6125,-4.2801032066345215
6126,-6.217644691467285
6127,-7.3732194900512695
6128,-19.586578369140625
6129,-4.03817081451416
6130,-5.925383567810059
6131,-5.213892936706543
6132,-6.065948009490967
6133,-8.621830940246582
6134,-20.010482788085938
6135,-3.6705827713012695
6136,-7.012635231018066
6137,-6.139458179473877
6138,8.190106391906738
6139,-3.0662717819213867
6140,3.632246971130371
6141,8.54835033416748
6142,-2.849323272705078
6143,2.789931297302246
6144,8.58215618133545
6145,-2.8416643142700195
6146,2.7910280227661133
6147,8.611250877380371
6148,-2.8391342163085938
6149,2.7903528213500977
6150,8.448943138122559
6151,-2.823920249938965
6152,4.033041000366211
6153,8.390379905700684
6154,-2.8001298904418945
6155,4.033573150634766
6156,8.353472709655762
6157,-2.7825822830200195
6158,4.0258588790893555
6159,8.370970726013184
6160,-2.6845808029174805
6161,0.13297510147094727
6162,8.076521873474121
6163,-2.6116504669189453
6164,6.033707618713379
6165,7.813931465148926
6166,-3.098055839538574
6167,2.578458786010742
6168,7.693678855895996
6169,-3.065669059753418
6170,4.2448015213012695
6171,6.619683265686035
6172,-3.1710777282714844
6173,-5.777317523956299
6174,5.474055290222168
6175,-2.402155876159668
6176,8.529712677001953
6177,2.8774194717407227
6178,-4.429935455322266
6179,-10.950052261352539
6180,1.5578222274780273
6181,-2.2041854858398438
6182,9.47478199005127
6183,1.8050146102905273
6184,-5.275343894958496
6185,-14.438730239868164
6186,0.6088085174560547
6187,-2.424907684326172
6188,8.969888687133789
6189,1.3382148742675781
6190,-5.411980628967285
6191,-15.697748184204102
6192,0.3949470520019531
6193,-2.2630739212036133
6194,9.559159278869629
6195,1.4570293426513672
6196,-5.338629722595215
6197,-14.833864212036133
6198,0.5731658935546875
6199,-2.494011878967285
6200,8.481680870056152
6201,1.5530529022216797
6202,-5.270784378051758
6203,-14.108623504638672
6204,0.6585111618041992
6205,-2.611135482788086
6206,8.517840385437012
6207,-0.8600435256958008
6208,-3.4661808013916016
6209,-11.394611358642578
6210,-1.8104524612426758
6211,-3.1112680435180664
6212,-1.5412073135375977
6213,4.135258674621582
6214,-6.327235221862793
6215,-12.093002319335938
6216,3.376338005065918
6217,-5.56072998046875
6218,0.2381596565246582
6219,-1.1093053817749023
6220,-8.250515937805176
6221,-13.682798385620117
6222,-0.9045028686523438
6223,-8.150472640991211
6224,-2.358151435852051
6225,-2.7571115493774414
6226,-8.580263137817383
6227,-13.641040802001953
6228,-2.0002317428588867
6229,-8.36125373840332
6230,-2.7026526927948
6231,0.23041248321533203
6232,-9.559042930603027
6233,-14.158553123474121
6234,0.4159832000732422
6235,-9.348958969116211
6236,-3.9200165271759033
6237,8.199036598205566
6238,-2.9224300384521484
6239,2.1412744522094727
6240,8.638558387756348
6241,-2.6634273529052734
6242,1.321702480316162
6243,8.660727500915527
6244,-2.647078514099121
6245,1.322199821472168
6246,8.68177318572998
6247,-2.635676383972168
6248,1.3193244934082031
6249,8.549052238464355
6250,-2.6474695205688477
6251,2.7357702255249023
6252,8.477107048034668
6253,-2.6183042526245117
6254,2.736527442932129
6255,8.423571586608887
6256,-2.596064567565918
6257,2.7313613891601562
6258,8.355320930480957
6259,-2.4578046798706055
6260,-1.1864838600158691
6261,8.128436088562012
6262,-2.410017967224121
6263,5.257013320922852
6264,7.869990348815918
6265,-2.9837303161621094
6266,1.191211223602295
6267,7.707335472106934
6268,-2.948948860168457
6269,3.0529966354370117
6270,6.449372291564941
6271,-2.9091148376464844
6272,-7.054868698120117
6273,5.345698356628418
6274,-2.2472009658813477
6275,8.456920623779297
6276,2.537478446960449
6277,-4.159781455993652
6278,-11.272218704223633
6279,1.5302133560180664
6280,-2.0630435943603516
6281,9.932721138000488
6282,1.7537479400634766
6283,-5.015261650085449
6284,-12.304141998291016
6285,0.9820947647094727
6286,-1.9362459182739258
6287,10.9369535446167
6288,1.4621953964233398
6289,-5.228458404541016
6290,-13.251595497131348
6291,0.8531064987182617
6292,-1.7030267715454102
6293,12.008002281188965
6294,1.6796693801879883
6295,-5.1356048583984375
6296,-12.498279571533203
6297,1.0132789611816406
6298,-1.8881721496582031
6299,11.221022605895996
6300,1.75775146484375
6301,-5.045529365539551
6302,-11.922346115112305
6303,0.9759912490844727
6304,-2.0306568145751953
6305,10.663084983825684
6306,-1.0527400970458984
6307,-3.568110466003418
6308,-11.635454177856445
6309,-2.059316635131836
6310,-3.3074827194213867
6311,-1.2974934577941895
6312,4.391484260559082
6313,-6.21516227722168
6314,-11.631021499633789
6315,3.00722599029541
6316,-5.540038108825684
6317,0.3506035804748535
6318,-0.41208839416503906
6319,-8.409095764160156
6320,-12.412129402160645
6321,-0.6102638244628906
6322,-8.168722152709961
6323,-1.8102965354919434
6324,-2.0606985092163086
6325,-8.589685440063477
6326,-12.332849502563477
6327,-1.5691957473754883
6328,-8.40987777709961
6329,-2.166393280029297
6330,0.6607389450073242
6331,-9.569323539733887
6332,-12.524906158447266
6333,0.4135293960571289
6334,-9.31325912475586
6335,-3.2608368396759033
6336,7.583086967468262
6337,-2.27817440032959
6338,2.791741371154785
6339,7.764983177185059
6340,-2.0862512588500977
6341,1.8018341064453125
6342,7.759902000427246
6343,-2.028111457824707
6344,1.8039913177490234
6345,7.749619483947754
6346,-2.006375312805176
6347,1.8033905029296875
6348,7.718201637268066
6349,-2.0675315856933594
6350,3.209834098815918
6351,7.675986289978027
6352,-1.9966135025024414
6353,3.207082748413086
6354,7.636702537536621
6355,-1.9625930786132812
6356,3.1994781494140625
6357,7.437216758728027
6358,-1.8838262557983398
6359,-1.0268702507019043
6360,7.218230247497559
6361,-1.8251018524169922
6362,5.3457231521606445
6363,7.220955848693848
6364,-2.386005401611328
6365,1.664097785949707
6366,7.124741554260254
6367,-2.365023612976074
6368,3.5418996810913086
6369,5.653460502624512
6370,-2.317750930786133
6371,-6.957451343536377
6372,4.16249942779541
6373,-2.2104272842407227
6374,8.378421783447266
6375,2.7327051162719727
6376,-3.8121986389160156
6377,-10.764213562011719
6378,1.5504417419433594
6379,-2.8496789932250977
6380,9.554852485656738
6381,2.5176591873168945
6382,-4.66346549987793
6383,-12.018011093139648
6384,1.2249422073364258
6385,-3.225735664367676
6386,8.948110580444336
6387,2.263503074645996
6388,-4.941761016845703
6389,-12.867609024047852
6390,1.0510225296020508
6391,-3.841035842895508
6392,9.692753791809082
6393,2.444991111755371
6394,-4.900672912597656
6395,-12.233918190002441
6396,1.3177480697631836
6397,-3.963465690612793
6398,8.368721008300781
6399,2.479586601257324
6400,-4.801568984985352
6401,-11.74102783203125
6402,1.4585514068603516
6403,-3.8441152572631836
6404,8.341200828552246
6405,-1.6071243286132812
6406,-3.521787643432617
6407,-11.639020919799805
6408,-2.254166603088379
6409,-3.5342092514038086
6410,-1.2935361862182617
6411,5.660504341125488
6412,-5.653506278991699
6413,-12.100292205810547
6414,4.726628303527832
6415,-4.9695892333984375
6416,-0.8086977005004883
6417,2.9291906356811523
6418,-7.937891006469727
6419,-12.921759605407715
6420,2.71646785736084
6421,-7.6568779945373535
6422,-3.8477771282196045
6423,1.7444515228271484
6424,-8.212514877319336
6425,-12.863075256347656
6426,1.858567237854004
6427,-7.92244815826416
6428,-4.3795366287231445
6429,4.113896369934082
6430,-8.96204948425293
6431,-12.877276420593262
6432,3.6561384201049805
6433,-8.49763298034668
6434,-6.565683364868164
6435,7.528092384338379
6436,-2.2241735458374023
6437,1.5421943664550781
6438,7.825627326965332
6439,-1.9066009521484375
6440,0.5248527526855469
6441,7.811980247497559
6442,-1.8860712051391602
6443,0.5249481201171875
6444,7.7705278396606445
6445,-1.8083486557006836
6446,0.5230569839477539
6447,7.79025936126709
6448,-1.8900423049926758
6449,1.9735479354858398
6450,7.751725196838379
6451,-1.8599004745483398
6452,1.9708013534545898
6453,7.68887996673584
6454,-1.7712335586547852
6455,1.96258544921875
6456,7.3836870193481445
6457,-1.6606731414794922
6458,-2.166156768798828
6459,7.1944169998168945
6460,-1.6598501205444336
6461,4.417240142822266
6462,7.147639274597168
6463,-2.1799745559692383
6464,0.5566787719726562
6465,7.083247184753418
6466,-2.1598711013793945
6467,2.481114387512207
6468,5.4029741287231445
6469,-2.1361284255981445
6470,-7.947071075439453
6471,4.244795799255371
6472,-2.106764793395996
6473,7.841944694519043
6474,2.983212471008301
6475,-4.03155517578125
6476,-11.216804504394531
6477,1.699249267578125
6478,-3.2290706634521484
6479,8.8366117477417
6480,2.8845701217651367
6481,-5.144026756286621
6482,-11.593311309814453
6483,1.9392032623291016
6484,-4.564014434814453
6485,7.187994956970215
6486,2.491095542907715
6487,-5.460609436035156
6488,-12.534244537353516
6489,1.9100513458251953
6490,-5.155872344970703
6491,7.685502052307129
6492,2.493861198425293
6493,-5.397607803344727
6494,-11.837323188781738
6495,2.251034736633301
6496,-5.270482063293457
6497,6.218384742736816
6498,2.4877939224243164
6499,-5.282024383544922
6500,-11.29615592956543
6501,2.3468542098999023
6502,-5.120736122131348
6503,6.464028358459473
6504,-1.633091926574707
6505,-3.698441505432129
6506,-11.653865814208984
6507,-2.0632448196411133
6508,-3.731797218322754
6509,-1.2771453857421875
6510,5.858687400817871
6511,-5.536092758178711
6512,-11.868976593017578
6513,5.294493675231934
6514,-4.860531806945801
6515,-0.8823633193969727
6516,3.043787956237793
6517,-8.141997337341309
6518,-11.119131088256836
6519,3.2083234786987305
6520,-7.8187994956970215
6521,-2.9070794582366943
6522,1.807389259338379
6523,-8.308911323547363
6524,-10.916385650634766
6525,2.271803855895996
6526,-8.06247329711914
6527,-3.297142505645752
6528,4.096104621887207
6529,-9.278274536132812
6530,-10.955602645874023
6531,4.224381446838379
6532,-8.847858428955078
6533,-5.109941482543945
6534,6.798892021179199
6535,-1.3404779434204102
6536,-0.6404480934143066
6537,6.919159889221191
6538,-1.044936180114746
6539,-1.8071532249450684
6540,6.873047828674316
6541,-1.0012493133544922
6542,-1.8095054626464844
6543,6.846005439758301
6544,-0.9750852584838867
6545,-1.8138947486877441
6546,6.877318382263184
6547,-1.0391902923583984
6548,-0.13383913040161133
6549,6.799874305725098
6550,-0.9849624633789062
6551,-0.13680791854858398
6552,6.660981178283691
6553,-0.9832305908203125
6554,-0.14128446578979492
6555,6.320313453674316
6556,-0.9748945236206055
6557,-5.074810028076172
6558,6.1041364669799805
6559,-0.9503040313720703
6560,2.567770004272461
6561,6.36751651763916
6562,-1.4697961807250977
6563,-1.7513628005981445
6564,6.322295188903809
6565,-1.4708452224731445
6566,0.46426963806152344
6567,4.525023460388184
6568,-1.700460433959961
6569,-10.145642280578613
6570,3.3083887100219727
6571,-1.8828239440917969
6572,6.891447067260742
6573,2.6769399642944336
6574,-3.3029050827026367
6575,-10.772546768188477
6576,1.6052579879760742
6577,-3.413693428039551
6578,8.264899253845215
6579,3.020815849304199
6580,-3.941560745239258
6581,-7.438844203948975
6582,3.162703514099121
6583,-4.582607269287109
6584,4.983838081359863
6585,2.7813119888305664
6586,-4.193731307983398
6587,-8.085850715637207
6588,3.4000978469848633
6589,-4.9797258377075195
6590,5.4251909255981445
6591,2.8678388595581055
6592,-4.1274614334106445
6593,-7.510434150695801
6594,3.987067222595215
6595,-5.037975311279297
6596,3.7553396224975586
6597,2.85329532623291
6598,-4.048773765563965
6599,-7.070761203765869
6600,4.015946388244629
6601,-4.927410125732422
6602,4.118260383605957
6603,-1.8714752197265625
6604,-3.768016815185547
6605,-11.95174789428711
6606,-2.4386844635009766
6607,-3.9883995056152344
6608,-0.9624190330505371
6609,6.473320960998535
6610,-5.346453666687012
6611,-11.575227737426758
6612,4.839282035827637
6613,-4.628633499145508
6614,-1.1918725967407227
6615,7.881222724914551
6616,-7.112939834594727
6617,-9.19915771484375
6618,7.432084083557129
6619,-7.149783134460449
6620,-2.1435599327087402
6621,7.384438514709473
6622,-7.503713130950928
6623,-8.943840026855469
6624,7.3096418380737305
6625,-7.591731071472168
6626,-2.4224185943603516
6627,10.360611915588379
6628,-7.181267738342285
6629,-10.60519790649414
6630,10.01734447479248
6631,-7.187911033630371
6632,-5.075735569000244
6633,6.43643856048584
6634,-1.3744335174560547
6635,-0.26816844940185547
6636,6.5292863845825195
6637,-1.058720588684082
6638,-1.0390934944152832
6639,6.519303321838379
6640,-1.032700538635254
6641,-1.0410594940185547
6642,6.528159141540527
6643,-1.0102367401123047
6644,-1.042940616607666
6645,6.361680030822754
6646,-1.097416877746582
6647,0.44820594787597656
6648,6.308102607727051
6649,-1.0741767883300781
6650,0.4465961456298828
6651,6.250611305236816
6652,-1.064361572265625
6653,0.4464864730834961
6654,6.014992713928223
6655,-0.9098482131958008
6656,-3.2646000385284424
6657,5.707432746887207
6658,-0.8735141754150391
6659,3.7146387100219727
6660,5.977959632873535
6661,-1.4330921173095703
6662,-1.2361397743225098
6663,5.904263496398926
6664,-1.4417591094970703
6665,0.5825247764587402
6666,4.6121110916137695
6667,-1.4623394012451172
6668,-8.941021919250488
6669,2.659895896911621
6670,-1.5359258651733398
6671,7.268223762512207
6672,3.040036201477051
6673,-3.2568416595458984
6674,-11.707313537597656
6675,1.2607402801513672
6676,-3.1480913162231445
6677,8.999095916748047
6678,3.1737051010131836
6679,-4.175260543823242
6680,-12.77362060546875
6681,3.0471906661987305
6682,-4.299546241760254
6683,7.037195205688477
6684,2.952633857727051
6685,-4.395319938659668
6686,-13.957290649414062
6687,3.2493505477905273
6688,-4.510797500610352
6689,7.574420928955078
6690,3.0726709365844727
6691,-4.352659225463867
6692,-13.11465835571289
6693,3.834975242614746
6694,-4.627472877502441
6695,6.135831832885742
6696,3.054409980773926
6697,-4.290580749511719
6698,-12.469919204711914
6699,3.87099552154541
6700,-4.580695152282715
6701,6.32004451751709
6702,-1.6913623809814453
6703,-3.9979467391967773
6704,-12.12138843536377
6705,-2.4977827072143555
6706,-4.121722221374512
6707,-0.7945423126220703
6708,6.626158714294434
6709,-5.219246864318848
6710,-11.96705436706543
6711,5.0200090408325195
6712,-4.515641212463379
6713,-1.0959539413452148
6714,6.938967704772949
6715,-7.710642337799072
6716,-10.96609115600586
6717,6.91446590423584
6718,-7.49806022644043
6719,-2.229531764984131
6720,6.050320625305176
6721,-8.15827465057373
6722,-10.732151985168457
6723,6.522137641906738
6724,-7.991392612457275
6725,-2.5993435382843018
6726,9.14682674407959
6727,-8.257577896118164
6728,-11.761754989624023
6729,8.98601245880127
6730,-7.955510139465332
6731,-4.758040428161621
6732,5.990984916687012
6733,-0.33222484588623047
6734,-5.554100036621094
6735,5.687752723693848
6736,-0.01899433135986328
6737,-6.707108497619629
6738,5.615786552429199
6739,-0.00432586669921875
6740,-6.70824670791626
6741,5.547245979309082
6742,0.004221916198730469
6743,-6.713212013244629
6744,5.721674919128418
6745,-0.04350757598876953
6746,-4.87823486328125
6747,5.610552787780762
6748,0.012475967407226562
6749,-4.880467414855957
6750,5.551581382751465
6751,0.029913902282714844
6752,-4.880285263061523
6753,4.833542823791504
6754,-0.013444900512695312
6755,-9.516904830932617
6756,4.836525917053223
6757,0.047095298767089844
6758,-1.240278720855713
6759,5.350247383117676
6760,-0.5330581665039062
6761,-6.5228071212768555
6762,5.35629940032959
6763,-0.5295171737670898
6764,-4.144804954528809
6765,3.371048927307129
6766,-1.0966691970825195
6767,-14.103841781616211
6768,2.741532325744629
6769,-1.1827716827392578
6770,3.881291389465332
6771,2.58835506439209
6772,-3.2210311889648438
6773,-12.010787963867188
6774,1.3641414642333984
6775,-3.014986991882324
6776,5.471185684204102
6777,3.257237434387207
6778,-3.953915596008301
6779,-3.0862061977386475
6780,3.41573429107666
6781,-3.666372299194336
6782,1.533952236175537
6783,3.2312726974487305
6784,-4.204991340637207
6785,-3.3891348838806152
6786,3.6765222549438477
6787,-3.8766050338745117
6788,1.6303796768188477
6789,3.3747262954711914
6790,-4.040752410888672
6791,-3.132990598678589
6792,4.051098823547363
6793,-3.797067642211914
6794,0.1820969581604004
6795,3.283991813659668
6796,-3.9408998489379883
6797,-2.763789176940918
6798,4.059897422790527
6799,-3.713998794555664
6800,0.7255001068115234
6801,-2.0403213500976562
6802,-4.067141532897949
6803,-12.143569946289062
6804,-2.2621870040893555
6805,-4.110136985778809
6806,-0.7629399299621582
6807,5.765280723571777
6808,-3.945188522338867
6809,-12.163361549377441
6810,5.370511054992676
6811,-3.7248620986938477
6812,-1.0250983238220215
6813,9.882613182067871
6814,-6.176862716674805
6815,-9.594127655029297
6816,10.12778377532959
6817,-6.142428398132324
6818,-1.0571379661560059
6819,10.005255699157715
6820,-6.598875045776367
6821,-9.316337585449219
6822,10.152390480041504
6823,-6.615758895874023
6824,-1.2691688537597656
6825,12.41951847076416
6826,-6.849124908447266
6827,-11.601274490356445
6828,12.218104362487793
6829,-6.203982353210449
6830,-3.7073681354522705
6831,5.272599220275879
6832,-0.31926536560058594
6833,-3.6054272651672363
6834,5.145501136779785
6835,-0.007517814636230469
6836,-4.904073715209961
6837,5.1000165939331055
6838,0.00823974609375
6839,-4.90540885925293
6840,5.065224647521973
6841,0.021484375
6842,-4.909162521362305
6843,5.131590843200684
6844,-0.00406646728515625
6845,-3.007455348968506
6846,5.065617561340332
6847,0.021310806274414062
6848,-3.00929856300354
6849,5.020339012145996
6850,0.0409088134765625
6851,-3.0122992992401123
6852,4.444840431213379
6853,0.05919933319091797
6854,-8.406517028808594
6855,4.324193000793457
6856,0.10747432708740234
6857,0.1974177360534668
6858,4.798378944396973
6859,-0.5248603820800781
6860,-4.777454853057861
6861,4.760226249694824
6862,-0.5373353958129883
6863,-2.298834800720215
6864,2.9052324295043945
6865,-1.0931367874145508
6866,-13.7457275390625
6867,2.125192642211914
6868,-1.051717758178711
6869,5.336792945861816
6870,2.933152198791504
6871,-3.2570457458496094
6872,-12.831048965454102
6873,1.434727668762207
6874,-2.9928674697875977
6875,6.668065071105957
6876,4.332100868225098
6877,-3.7676525115966797
6878,-5.537567615509033
6879,4.496617317199707
6880,-3.6156139373779297
6881,2.5788745880126953
6882,4.748600959777832
6883,-3.908628463745117
6884,-6.196598052978516
6885,4.974164009094238
6886,-3.756429672241211
6887,2.895144462585449
6888,4.752560615539551
6889,-3.6933393478393555
6890,-5.612156391143799
6891,5.425967216491699
6892,-3.6856307983398438
6893,1.290243148803711
6894,4.599053382873535
6895,-3.63681697845459
6896,-5.1567606925964355
6897,5.382880210876465
6898,-3.6405105590820312
6899,1.708897590637207
6900,-1.689828872680664
6901,-4.375738143920898
6902,-12.572818756103516
6903,-2.119410514831543
6904,-4.317185401916504
6905,-0.3260011672973633
6906,6.716204643249512
6907,-3.5265073776245117
6908,-12.583345413208008
6909,5.889876365661621
6910,-3.5470399856567383
6911,-0.7392115592956543
6912,10.018219947814941
6913,-6.119309425354004
6914,-10.419242858886719
6915,9.903946876525879
6916,-6.21479606628418
6917,0.31026744842529297
6918,10.155936241149902
6919,-6.666695594787598
6920,-10.149504661560059
6921,9.837265968322754
6922,-6.576479911804199
6923,0.16576051712036133
6924,12.527815818786621
6925,-6.019207000732422
6926,-12.170305252075195
6927,12.250470161437988
6928,-5.843930244445801
6929,-3.1146974563598633
6930,3.793715476989746
6931,0.4867706298828125
6932,-7.519498348236084
6933,3.5692625045776367
6934,0.8278322219848633
6935,-8.995440483093262
6936,3.5271825790405273
6937,0.8276987075805664
6938,-8.999406814575195
6939,3.4459238052368164
6940,0.8394804000854492
6941,-9.005457878112793
6942,3.516037940979004
6943,0.830082893371582
6944,-7.096505641937256
6945,3.4390172958374023
6946,0.8336935043334961
6947,-7.096776485443115
6948,3.3006296157836914
6949,0.8604269027709961
6950,-7.09568977355957
6951,2.878140449523926
6952,0.6670722961425781
6953,-12.591545104980469
6954,2.5941381454467773
6955,0.7542428970336914
6956,-3.9554390907287598
6957,3.461897850036621
6958,0.18053340911865234
6959,-8.684194564819336
6960,3.4131555557250977
6961,0.17303943634033203
6962,-6.184623718261719
6963,2.28048038482666
6964,-0.8067798614501953
6965,-16.93762969970703
6966,1.5671186447143555
6967,-0.7819232940673828
6968,2.0533199310302734
6969,2.8060216903686523
6970,-3.115178108215332
6971,-14.78074836730957
6972,1.5422592163085938
6973,-2.754427909851074
6974,4.008228302001953
6975,3.3671579360961914
6976,-3.700094223022461
6977,-5.93284273147583
6978,4.249997138977051
6979,-3.157724380493164
6980,0.841275691986084
6981,3.4208078384399414
6982,-3.863161087036133
6983,-6.515419960021973
6984,4.700697898864746
6985,-3.254511833190918
6986,1.2992286682128906
6987,3.4119997024536133
6988,-3.7571678161621094
6989,-6.181138038635254
6990,5.099461555480957
6991,-3.1666688919067383
6992,-0.4175148010253906
6993,3.458676338195801
6994,-3.686918258666992
6995,-5.637953758239746
6996,5.038092613220215
6997,-3.1323442459106445
6998,-0.06085538864135742
6999,-1.6096277236938477
7000,-4.549481391906738
7001,-12.520700454711914
7002,-2.0231542587280273
7003,-4.321681022644043
7004,-0.3720269203186035
7005,5.502408027648926
7006,-2.552064895629883
7007,-11.817741394042969
7008,5.310421943664551
7009,-2.359485626220703
7010,-0.2529740333557129
7011,11.958353996276855
7012,-3.9637575149536133
7013,-7.90486478805542
7014,11.488801002502441
7015,-3.940741539001465
7016,2.5228567123413086
7017,12.6482515335083
7018,-4.656635284423828
7019,-7.6559014320373535
7020,12.327141761779785
7021,-4.20208740234375
7022,2.515069007873535
7023,14.299235343933105
7024,-2.6410322189331055
7025,-11.138160705566406
7026,13.179726600646973
7027,-2.7202253341674805
7028,-1.1011133193969727
7029,3.364710807800293
7030,0.584930419921875
7031,-8.226302146911621
7032,3.1688146591186523
7033,0.8472986221313477
7034,-9.74809455871582
7035,3.156674385070801
7036,0.8548402786254883
7037,-9.750203132629395
7038,3.1435422897338867
7039,0.8605871200561523
7040,-9.755836486816406
7041,3.0618581771850586
7042,0.8557672500610352
7043,-7.696835517883301
7044,2.978909492492676
7045,0.8685789108276367
7046,-7.697112560272217
7047,2.8954458236694336
7048,0.8817548751831055
7049,-7.6957173347473145
7050,2.6056737899780273
7051,0.7835931777954102
7052,-13.43010139465332
7053,2.2549009323120117
7054,0.8416547775268555
7055,-4.135619163513184
7056,3.029709815979004
7057,0.24924278259277344
7058,-9.407424926757812
7059,2.9495668411254883
7060,0.23066997528076172
7061,-6.714915752410889
7062,1.8434410095214844
7063,-0.6321649551391602
7064,-18.082473754882812
7065,0.8936271667480469
7066,-0.5618400573730469
7067,2.132535934448242
7068,2.6561975479125977
7069,-3.009449005126953
7070,-16.586252212524414
7071,1.3590898513793945
7072,-2.6793298721313477
7073,2.638546943664551
7074,3.337222099304199
7075,-3.543933868408203
7076,-6.523929595947266
7077,3.832596778869629
7078,-3.2606325149536133
7079,-3.7837815284729004
7080,3.4235944747924805
7081,-3.876009941101074
7082,-7.08831787109375
7083,4.135771751403809
7084,-3.474001884460449
7085,-3.817793846130371
7086,3.457404136657715
7087,-3.6888961791992188
7088,-6.743358612060547
7089,4.483263969421387
7090,-3.3681793212890625
7091,-5.33918571472168
7092,3.344296455383301
7093,-3.6364879608154297
7094,-6.195448875427246
7095,4.455685615539551
7096,-3.2738418579101562
7097,-4.7000932693481445
7098,-1.1155691146850586
7099,-4.492691993713379
7100,-12.868668556213379
7101,-1.5632648468017578
7102,-4.43386173248291
7103,-0.016147136688232422
7104,6.000128746032715
7105,-2.5011167526245117
7106,-11.577127456665039
7107,5.35257625579834
7108,-2.463350296020508
7109,0.7365837097167969
7110,12.389620780944824
7111,-3.4228734970092773
7112,-6.7819013595581055
7113,11.809441566467285
7114,-3.5024919509887695
7115,4.56557559967041
7116,13.642529487609863
7117,-3.7545509338378906
7118,-6.445601940155029
7119,12.992180824279785
7120,-3.7811594009399414
7121,4.652212142944336
7122,14.690526008605957
7123,-2.114381790161133
7124,-9.663663864135742
7125,13.7437162399292
7126,-2.3220300674438477
7127,1.421961784362793
7128,0.8158063888549805
7129,1.5462236404418945
7130,-14.060338973999023
7131,0.5045814514160156
7132,1.7991018295288086
7133,-15.085898399353027
7134,0.45324039459228516
7135,1.8017053604125977
7136,-15.08509349822998
7137,0.46972179412841797
7138,1.6960172653198242
7139,-15.087343215942383
7140,0.6149587631225586
7141,1.787522315979004
7142,-13.294656753540039
7143,0.5969610214233398
7144,1.7898225784301758
7145,-13.297554016113281
7146,0.5844488143920898
7147,1.7919321060180664
7148,-13.292595863342285
7149,-0.22679996490478516
7150,1.445878028869629
7151,-16.272857666015625
7152,0.19026470184326172
7153,1.6814184188842773
7154,-8.12777042388916
7155,0.7457199096679688
7156,1.1278657913208008
7157,-14.301399230957031
7158,0.8615531921386719
7159,1.2427053451538086
7160,-11.957712173461914
7161,0.9431266784667969
7162,-0.1975698471069336
7163,-19.172054290771484
7164,0.13779258728027344
7165,0.3168325424194336
7166,0.579411506652832
7167,2.465085029602051
7168,-2.1336565017700195
7169,-16.384408950805664
7170,1.9319686889648438
7171,-1.062911033630371
7172,4.747035980224609
7173,3.356869697570801
7174,-2.561476707458496
7175,-6.524372577667236
7176,5.861514091491699
7177,-0.9493741989135742
7178,10.354506492614746
7179,3.534235954284668
7180,-2.689727783203125
7181,-6.898011684417725
7182,6.760062217712402
7183,-0.8650684356689453
7184,12.077094078063965
7185,3.476534843444824
7186,-2.556727409362793
7187,-6.771256446838379
7188,7.939963340759277
7189,-0.5847806930541992
7190,10.15721607208252
7191,3.364377021789551
7192,-2.5038938522338867
7193,-6.263544082641602
7194,6.608504295349121
7195,-0.8718080520629883
7196,9.608668327331543
7197,0.006178855895996094
7198,-4.1676225662231445
7199,-13.171728134155273
7200,-0.5926685333251953
7201,-4.084611892700195
7202,0.29464054107666016
7203,5.455473899841309
7204,-1.1062908172607422
7205,-11.778151512145996
7206,5.0358781814575195
7207,-0.9835939407348633
7208,2.9229469299316406
7209,11.65714168548584
7210,-0.9342269897460938
7211,-8.349563598632812
7212,10.820225715637207
7213,-0.9384164810180664
7214,8.381327629089355
7215,12.575909614562988
7216,-1.2116670608520508
7217,-8.07066535949707
7218,12.188822746276855
7219,-1.120462417602539
7220,8.665946006774902
7221,12.707274436950684
7222,0.35767078399658203
7223,-10.858783721923828
7224,12.067839622497559
7225,0.3636627197265625
7226,5.459146499633789
7227,0.5046882629394531
7228,1.4645261764526367
7229,-13.304145812988281
7230,0.17521190643310547
7231,1.7610597610473633
7232,-14.731799125671387
7233,0.16230106353759766
7234,1.7657976150512695
7235,-14.730388641357422
7236,0.11606597900390625
7237,1.7638025283813477
7238,-14.729676246643066
7239,0.14683914184570312
7240,1.759455680847168
7241,-12.778043746948242
7242,0.11086845397949219
7243,1.7631254196166992
7244,-12.782995223999023
7245,0.029343605041503906
7246,1.772994041442871
7247,-12.782482147216797
7248,-0.28589725494384766
7249,1.588547706604004
7250,-17.42786407470703
7251,-0.4068746566772461
7252,1.6185522079467773
7253,-8.538960456848145
7254,0.5064697265625
7255,1.1554765701293945
7256,-14.065788269042969
7257,0.45283985137939453
7258,1.1653642654418945
7259,-11.497232437133789
7260,0.11338615417480469
7261,-0.2219552993774414
7262,-21.27320098876953
7263,-0.7591438293457031
7264,0.154632568359375
7265,-0.8043308258056641
7266,2.715846061706543
7267,-1.8668346405029297
7268,-21.328800201416016
7269,2.8478212356567383
7270,-0.6811275482177734
7271,2.955198287963867
7272,5.105572700500488
7273,-1.7777948379516602
7274,-15.777839660644531
7275,7.917149543762207
7276,-0.4609527587890625
7277,0.4018092155456543
7278,5.662348747253418
7279,-1.8609466552734375
7280,-17.35948944091797
7281,8.763646125793457
7282,-0.3264341354370117
7283,0.8587994575500488
7284,5.564276695251465
7285,-1.7072582244873047
7286,-16.976001739501953
7287,9.044646263122559
7288,-0.3483114242553711
7289,-1.413339614868164
7290,5.374159812927246
7291,-1.6799068450927734
7292,-15.603419303894043
7293,8.535977363586426
7294,-0.43781280517578125
7295,-0.6674213409423828
7296,0.8668651580810547
7297,-4.11606502532959
7298,-13.466659545898438
7299,0.15579509735107422
7300,-3.908228874206543
7301,0.5817065238952637
7302,5.532830238342285
7303,-1.0145864486694336
7304,-11.907888412475586
7305,4.8091020584106445
7306,-0.8674507141113281
7307,2.9013185501098633
7308,11.680642127990723
7309,-0.9104700088500977
7310,-8.327198028564453
7311,11.184813499450684
7312,-0.5943698883056641
7313,7.5446014404296875
7314,12.566988945007324
7315,-1.1181631088256836
7316,-8.063267707824707
7317,12.512700080871582
7318,-0.8496084213256836
7319,7.74901008605957
7320,12.12614917755127
7321,0.4864492416381836
7322,-11.359842300415039
7323,11.985129356384277
7324,0.4795980453491211
7325,4.6678314208984375
7326,-0.6833219528198242
7327,1.2528085708618164
7328,-9.055509567260742
7329,-1.0313396453857422
7330,1.4607629776000977
7331,-10.844898223876953
7332,-0.9359836578369141
7333,1.4050836563110352
7334,-10.843083381652832
7335,-0.8711776733398438
7336,1.388066291809082
7337,-10.839892387390137
7338,-1.2726316452026367
7339,1.4772424697875977
7340,-9.357583999633789
7341,-1.3604516983032227
7342,1.4729795455932617
7343,-9.36142349243164
7344,-1.5710830688476562
7345,1.4758977890014648
7346,-9.360773086547852
7347,-0.9201688766479492
7348,1.1960935592651367
7349,-15.262986183166504
7350,-1.9106712341308594
7351,1.2807512283325195
7352,-8.520142555236816
7353,-0.4901762008666992
7354,0.9702844619750977
7355,-10.264059066772461
7356,-0.7233009338378906
7357,0.979853630065918
7358,-8.298215866088867
7359,1.2202911376953125
7360,-0.2510833740234375
7361,-17.933040618896484
7362,-2.378019332885742
7363,0.08777046203613281
7364,-2.007866859436035
7365,3.0733118057250977
7366,-1.2800960540771484
7367,-21.217416763305664
7368,-1.5200529098510742
7369,-0.553619384765625
7370,6.758426666259766
7371,4.412636756896973
7372,-0.5034303665161133
7373,-5.484344959259033
7374,0.8021326065063477
7375,0.31145763397216797
7376,13.603577613830566
7377,4.274977684020996
7378,-0.4553976058959961
7379,-6.3714704513549805
7380,0.9643764495849609
7381,0.5192079544067383
7382,15.0545072555542
7383,3.61586856842041
7384,-0.3542146682739258
7385,-6.627989292144775
7386,1.1799211502075195
7387,0.5578632354736328
7388,12.985421180725098
7389,3.6739072799682617
7390,-0.34214019775390625
7391,-5.476194381713867
7392,1.2593650817871094
7393,0.5073070526123047
7394,12.944130897521973
7395,2.290999412536621
7396,-3.766648292541504
7397,-13.390853881835938
7398,0.23700237274169922
7399,-3.779094696044922
7400,0.4824094772338867
7401,4.826174736022949
7402,-0.15842914581298828
7403,-12.383848190307617
7404,4.4263505935668945
7405,-0.3080739974975586
7406,0.2195591926574707
7407,9.948315620422363
7408,1.2492895126342773
7409,-9.355144500732422
7410,8.211302757263184
7411,1.0046510696411133
7412,4.90671443939209
7413,10.704285621643066
7414,1.2415590286254883
7415,-9.06537914276123
7416,9.21168041229248
7417,0.9853391647338867
7418,5.076887130737305
7419,9.449238777160645
7420,2.4231691360473633
7421,-15.089509010314941
7422,8.525422096252441
7423,2.219498634338379
7424,3.83298397064209
7425,-1.0599355697631836
7426,1.288832664489746
7427,-7.523458480834961
7428,-1.2902946472167969
7429,1.4264726638793945
7430,-9.43109130859375
7431,-1.1697206497192383
7432,1.421778678894043
7433,-9.428533554077148
7434,-1.0567541122436523
7435,1.3765954971313477
7436,-9.42453670501709
7437,-1.6033697128295898
7438,1.4144868850708008
7439,-8.216917991638184
7440,-1.7333669662475586
7441,1.4030828475952148
7442,-8.221153259277344
7443,-1.9513463973999023
7444,1.3931779861450195
7445,-8.221030235290527
7446,-1.128213882446289
7447,1.2106904983520508
7448,-14.625676155090332
7449,-2.3112239837646484
7450,1.2235841751098633
7451,-9.12866497039795
7452,-0.807368278503418
7453,1.0529394149780273
7454,-8.974559783935547
7455,-1.2170219421386719
7456,1.0178823471069336
7457,-7.3579559326171875
7458,1.3321866989135742
7459,-0.14760971069335938
7460,-17.179235458374023
7461,-2.982607841491699
7462,-0.07840633392333984
7463,-3.7525792121887207
7464,3.143122673034668
7465,-1.4139938354492188
7466,-18.995716094970703
7467,-2.1853504180908203
7468,-0.8163080215454102
7469,6.466793060302734
7470,4.383517265319824
7471,-0.895359992980957
7472,-3.8240270614624023
7473,-0.2956991195678711
7474,0.27649784088134766
7475,13.4855318069458
7476,4.257235527038574
7477,-0.9448843002319336
7478,-4.452905178070068
7479,-0.12941551208496094
7480,0.5367307662963867
7481,14.809691429138184
7482,3.546605110168457
7483,-0.8179788589477539
7484,-4.578885555267334
7485,0.039318084716796875
7486,0.5622673034667969
7487,13.250641822814941
7488,3.5402612686157227
7489,-0.7791461944580078
7490,-3.758720636367798
7491,0.1331043243408203
7492,0.48093414306640625
7493,13.041600227355957
7494,3.034003257751465
7495,-3.5815420150756836
7496,-13.020814895629883
7497,0.8198909759521484
7498,-3.7342939376831055
7499,0.13939380645751953
7500,4.943938255310059
7501,-0.057066917419433594
7502,-11.983787536621094
7503,2.927992820739746
7504,-0.5558576583862305
7505,2.009108543395996
7506,9.887812614440918
7507,1.1939401626586914
7508,-8.3646240234375
7509,6.866698265075684
7510,0.7883424758911133
7511,9.24327564239502
7512,10.936091423034668
7513,1.1885786056518555
7514,-8.106019973754883
7515,7.491726875305176
7516,0.8097009658813477
7517,9.801222801208496
7518,9.673808097839355
7519,2.355217933654785
7520,-12.947686195373535
7521,7.969790458679199
7522,1.728297233581543
7523,6.877293586730957
7524,-2.3704452514648438
7525,1.5181379318237305
7526,-10.254807472229004
7527,-2.6519622802734375
7528,1.601832389831543
7529,-11.959320068359375
7530,-2.5515642166137695
7531,1.5868539810180664
7532,-11.95193099975586
7533,-2.446718215942383
7534,1.5588960647583008
7535,-11.946785926818848
7536,-2.9789180755615234
7537,1.6181230545043945
7538,-10.855789184570312
7539,-3.078251838684082
7540,1.5917730331420898
7541,-10.860557556152344
7542,-3.229095458984375
7543,1.5544652938842773
7544,-10.857519149780273
7545,-2.388317108154297
7546,1.321568489074707
7547,-16.732757568359375
7548,-3.3763227462768555
7549,1.2808465957641602
7550,-11.628045082092285
7551,-1.9868173599243164
7552,1.2739763259887695
7553,-11.586514472961426
7554,-2.2786197662353516
7555,1.2305402755737305
7556,-10.142921447753906
7557,1.0918664932250977
7558,-0.0813140869140625
7559,-18.18097686767578
7560,-3.6553354263305664
7561,0.18890762329101562
7562,-7.211345195770264
7563,3.581355094909668
7564,-1.1239242553710938
7565,-17.232059478759766
7566,-4.247458457946777
7567,0.7195806503295898
7568,1.4816694259643555
7569,5.062239646911621
7570,-1.7721338272094727
7571,-13.58222484588623
7572,-4.423953056335449
7573,2.3946657180786133
7574,11.20478343963623
7575,4.982979774475098
7576,-2.048802375793457
7577,-15.200650215148926
7578,-5.026650428771973
7579,2.8543901443481445
7580,14.549494743347168
7581,4.659611701965332
7582,-2.0060462951660156
7583,-15.467363357543945
7584,-4.545903205871582
7585,2.832756996154785
7586,11.660439491271973
7587,4.491473197937012
7588,-1.8382339477539062
7589,-13.762626647949219
7590,-4.099876403808594
7591,2.6540212631225586
7592,11.615422248840332
7593,3.1749868392944336
7594,-2.410128593444824
7595,-12.255523681640625
7596,0.8143587112426758
7597,-2.8209218978881836
7598,-0.6359367370605469
7599,4.880419731140137
7600,0.7405004501342773
7601,-11.9757661819458
7602,1.5374336242675781
7603,-0.4487285614013672
7604,2.8408126831054688
7605,8.192170143127441
7606,2.9952173233032227
7607,-9.16340446472168
7608,5.577460289001465
7609,0.5787258148193359
7610,10.013442039489746
7611,9.0153226852417
7612,3.232903480529785
7613,-8.89700984954834
7614,6.989535331726074
7615,0.662684440612793
7616,10.622780799865723
7617,9.027012825012207
7618,4.081999778747559
7619,-14.478970527648926
7620,4.9505109786987305
7621,1.122817039489746
7622,7.399680137634277
7623,-2.683070182800293
7624,1.4608983993530273
7625,-9.906745910644531
7626,-2.9780101776123047
7627,1.608881950378418
7628,-11.693063735961914
7629,-2.8771915435791016
7630,1.6076154708862305
7631,-11.687030792236328
7632,-2.7150449752807617
7633,1.5919809341430664
7634,-11.684152603149414
7635,-3.2611589431762695
7636,1.5669546127319336
7637,-10.723562240600586
7638,-3.3869924545288086
7639,1.5210142135620117
7640,-10.728099822998047
7641,-3.482330322265625
7642,1.485215187072754
7643,-10.725293159484863
7644,-2.546860694885254
7645,1.3564023971557617
7646,-16.748626708984375
7647,-3.6599998474121094
7648,1.2293787002563477
7649,-12.327863693237305
7650,-2.194973945617676
7651,1.2729692459106445
7652,-11.36397933959961
7653,-2.5578088760375977
7654,1.181971549987793
7655,-10.103921890258789
7656,0.7463397979736328
7657,0.10940361022949219
7658,-18.168991088867188
7659,-3.5957412719726562
7660,0.03799247741699219
7661,-8.352132797241211
7662,3.629021644592285
7663,-0.946812629699707
7664,-15.700756072998047
7665,-3.7715682983398438
7666,0.7048578262329102
7667,0.9849915504455566
7668,5.08095645904541
7669,-1.5390615463256836
7670,-12.60258960723877
7671,-3.989988327026367
7672,1.968398094177246
7673,9.687949180603027
7674,5.0940141677856445
7675,-1.735128402709961
7676,-14.97195816040039
7677,-4.357196807861328
7678,2.273453712463379
7679,11.355748176574707
7680,4.880131721496582
7681,-1.7495412826538086
7682,-12.312065124511719
7683,-4.0548858642578125
7684,2.211453437805176
7685,9.342792510986328
7686,4.920474052429199
7687,-1.6783885955810547
7688,-11.482406616210938
7689,-3.6991806030273438
7690,2.105771064758301
7691,9.431659698486328
7692,3.7100210189819336
7693,-2.285922050476074
7694,-11.369157791137695
7695,1.3283462524414062
7696,-2.4844369888305664
7697,-1.520627498626709
7698,4.5671186447143555
7699,0.8945741653442383
7700,-11.934893608093262
7701,1.595651626586914
7702,0.7082405090332031
7703,-2.1119465827941895
7704,7.907256126403809
7705,3.046332359313965
7706,-9.57101058959961
7707,5.5394792556762695
7708,2.6285409927368164
7709,1.1253156661987305
7710,8.93047046661377
7711,3.3671560287475586
7712,-9.326546669006348
7713,6.716984748840332
7714,2.947136878967285
7715,1.229628562927246
7716,7.964198112487793
7717,4.1752824783325195
7718,-15.01418399810791
7719,4.469870567321777
7720,3.5785322189331055
7721,-3.5634186267852783
7722,-3.428980827331543
7723,1.422379493713379
7724,-17.315383911132812
7725,-3.7584686279296875
7726,1.418747901916504
7727,-19.098613739013672
7728,-3.6820945739746094
7729,1.4104719161987305
7730,-19.095592498779297
7731,-3.537555694580078
7732,1.4227228164672852
7733,-19.0942440032959
7734,-3.9707889556884766
7735,1.3851423263549805
7736,-17.951372146606445
7737,-4.093269348144531
7738,1.3342599868774414
7739,-17.960186004638672
7740,-4.173235893249512
7741,1.297938346862793
7742,-17.96066665649414
7743,-3.4314517974853516
7744,1.1445131301879883
7745,-22.988746643066406
7746,-4.287038803100586
7747,1.0086145401000977
7748,-17.642436981201172
7749,-2.942913055419922
7750,1.2238264083862305
7751,-18.338253021240234
7752,-3.2727832794189453
7753,1.1549367904663086
7754,-16.813859939575195
7755,0.42082691192626953
7756,0.21369266510009766
7757,-22.750198364257812
7758,-3.7239513397216797
7759,-0.1083831787109375
7760,-12.37681770324707
7761,3.715836524963379
7762,-0.5688600540161133
7763,-17.548925399780273
7764,-2.0397281646728516
7765,-0.6203460693359375
7766,-4.517786502838135
7767,4.895432472229004
7768,-0.8505887985229492
7769,-10.787651062011719
7770,-2.0714025497436523
7771,-0.23794841766357422
7772,0.26398134231567383
7773,5.202570915222168
7774,-1.055710792541504
7775,-12.216278076171875
7776,-4.0312700271606445
7777,-0.11649608612060547
7778,0.7735238075256348
7779,4.762272834777832
7780,-1.0248603820800781
7781,-11.676285743713379
7782,-2.7574033737182617
7783,-0.15334796905517578
7784,-1.3841209411621094
7785,4.755751609802246
7786,-0.951873779296875
7787,-10.46188735961914
7788,-2.0830745697021484
7789,-0.19743061065673828
7790,-0.4224815368652344
7791,4.10849666595459
7792,-1.8587837219238281
7793,-10.920902252197266
7794,1.9443998336791992
7795,-1.9953365325927734
7796,-1.9662213325500488
7797,4.280339241027832
7798,1.598759651184082
7799,-12.829902648925781
7800,0.48554229736328125
7801,1.460404396057129
7802,-5.019696235656738
7803,6.97127628326416
7804,4.339739799499512
7805,-10.751930236816406
7806,4.397156715393066
7807,4.06118106842041
7808,-1.9807376861572266
7809,8.860030174255371
7810,4.664788246154785
7811,-10.720874786376953
7812,6.102326393127441
7813,4.304282188415527
7814,-1.9341330528259277
7815,5.324162483215332
7816,5.385998725891113
7817,-17.238258361816406
7818,3.231745719909668
7819,4.991925239562988
7820,-7.308642387390137
7821,-3.310636520385742
7822,1.3663644790649414
7823,-13.3077392578125
7824,-3.658212661743164
7825,1.3843793869018555
7826,-14.888888359069824
7827,-3.5971832275390625
7828,1.3699102401733398
7829,-14.884613990783691
7830,-3.52529239654541
7831,1.359696388244629
7832,-14.883240699768066
7833,-3.883021354675293
7834,1.3394651412963867
7835,-13.663028717041016
7836,-3.9606447219848633
7837,1.3000516891479492
7838,-13.669743537902832
7839,-4.028358459472656
7840,1.264225959777832
7841,-13.669350624084473
7842,-3.453744888305664
7843,1.0966672897338867
7844,-19.1824893951416
7845,-4.135411262512207
7846,0.964634895324707
7847,-13.592555046081543
7848,-2.9255332946777344
7849,1.1765775680541992
7850,-14.587470054626465
7851,-3.1453943252563477
7852,1.1430463790893555
7853,-12.979166030883789
7854,-0.1311168670654297
7855,0.31078052520751953
7856,-20.551767349243164
7857,-3.543020248413086
7858,-0.15824127197265625
7859,-9.433530807495117
7860,3.223391532897949
7861,-0.5858745574951172
7862,-18.34210968017578
7863,-1.5357418060302734
7864,-0.9253530502319336
7865,-1.7317814826965332
7866,5.123185157775879
7867,-0.9591388702392578
7868,-12.159307479858398
7869,-0.6115503311157227
7870,-0.49108123779296875
7871,3.5423946380615234
7872,5.509890556335449
7873,-0.9667072296142578
7874,-13.294832229614258
7875,-1.291727066040039
7876,-0.3370370864868164
7877,4.24560546875
7878,5.252018928527832
7879,-0.8871049880981445
7880,-13.192008972167969
7881,-0.5860424041748047
7882,-0.35867786407470703
7883,2.4695005416870117
7884,5.213038444519043
7885,-0.9422473907470703
7886,-12.127199172973633
7887,-0.3473997116088867
7888,-0.40047550201416016
7889,2.9308347702026367
7890,4.528988838195801
7891,-1.4909467697143555
7892,-10.923604965209961
7893,2.388411521911621
7894,-1.724410057067871
7895,-1.9661521911621094
7896,4.2574262619018555
7897,1.7590150833129883
7898,-12.893068313598633
7899,0.06022167205810547
7900,1.3044805526733398
7901,-3.7074949741363525
7902,6.791388511657715
7903,4.584458351135254
7904,-12.455833435058594
7905,3.9647016525268555
7906,3.8149423599243164
7907,-0.854276180267334
7908,8.011553764343262
7909,4.9730424880981445
7910,-12.613929748535156
7911,5.10739803314209
7912,4.118922233581543
7913,-0.8849344253540039
7914,4.782258033752441
7915,5.6470232009887695
7916,-18.22213363647461
7917,1.9991483688354492
7918,4.541018486022949
7919,-4.225179672241211
7920,-3.885883331298828
7921,1.4472436904907227
7922,-17.034343719482422
7923,-4.110095024108887
7924,1.354832649230957
7925,-18.60902214050293
7926,-4.007966995239258
7927,1.343836784362793
7928,-18.60497283935547
7929,-3.850069046020508
7930,1.3238859176635742
7931,-18.605880737304688
7932,-4.385324478149414
7933,1.3198976516723633
7934,-17.494112014770508
7935,-4.5204362869262695
7936,1.2501192092895508
7937,-17.50262451171875
7938,-4.585955619812012
7939,1.2137975692749023
7940,-17.50421142578125
7941,-3.60530948638916
7942,1.0410585403442383
7943,-21.76218032836914
7944,-4.562347412109375
7945,0.8938817977905273
7946,-16.610797882080078
7947,-3.236311912536621
7948,1.2751588821411133
7949,-17.800453186035156
7950,-3.586833953857422
7951,1.2012510299682617
7952,-16.32406234741211
7953,-0.02351665496826172
7954,0.5436153411865234
7955,-20.83747100830078
7956,-4.077784538269043
7957,-0.10361194610595703
7958,-10.983092308044434
7959,3.293055534362793
7960,0.3258075714111328
7961,-16.628753662109375
7962,-2.907843589782715
7963,-0.036459922790527344
7964,-0.06685256958007812
7965,2.6306962966918945
7966,1.3496694564819336
7967,-8.440857887268066
7968,-2.9552602767944336
7969,1.2957544326782227
7970,4.832310676574707
7971,2.7387781143188477
7972,1.718886375427246
7973,-9.518510818481445
7974,-3.2433671951293945
7975,1.5815916061401367
7976,5.765826225280762
7977,2.2247114181518555
7978,1.3373346328735352
7979,-10.230834007263184
7980,-2.9526844024658203
7981,1.606257438659668
7982,2.799337387084961
7983,2.1972103118896484
7984,1.281153678894043
7985,-8.691576957702637
7986,-2.684539794921875
7987,1.5388288497924805
7988,4.187922477722168
7989,5.2174882888793945
7990,-0.9463253021240234
7991,-10.791162490844727
7992,2.592787742614746
7993,-1.1804561614990234
7994,-2.1002345085144043
7995,3.3886613845825195
7996,2.400912284851074
7997,-13.002449035644531
7998,-0.07772254943847656
7999,1.7643327713012695
8000,-4.366204261779785
8001,5.9860124588012695
8002,4.592730522155762
8003,-10.811594009399414
8004,3.692376136779785
8005,4.317111015319824
8006,-0.5647091865539551
8007,7.460677146911621
8008,5.006775856018066
8009,-10.542852401733398
8010,5.03623104095459
8011,4.5432329177856445
8012,-0.39446163177490234
8013,3.9828310012817383
8014,5.568493843078613
8015,-14.270967483520508
8016,2.5475683212280273
8017,5.2335309982299805
8018,-3.765953540802002
8019,-3.971865653991699
8020,1.3131837844848633
8021,-14.02680778503418
8022,-4.272585868835449
8023,1.2918462753295898
8024,-15.639443397521973
8025,-4.19838809967041
8026,1.2823724746704102
8027,-15.636065483093262
8028,-4.122322082519531
8029,1.2729005813598633
8030,-15.637688636779785
8031,-4.478670120239258
8032,1.227433204650879
8033,-14.286310195922852
8034,-4.556419372558594
8035,1.1770563125610352
8036,-14.292257308959961
8037,-4.6228790283203125
8038,1.136094093322754
8039,-14.292160034179688
8040,-3.9996490478515625
8041,0.977046012878418
8042,-19.55693817138672
8043,-4.670450210571289
8044,0.8149938583374023
8045,-13.359719276428223
8046,-3.4821577072143555
8047,1.1556596755981445
8048,-15.134136199951172
8049,-3.6899375915527344
8050,1.1051607131958008
8051,-13.358762741088867
8052,-0.8239803314208984
8053,0.5601167678833008
8054,-20.250843048095703
8055,-3.8430871963500977
8056,-0.18010330200195312
8057,-7.721663951873779
8058,3.2524595260620117
8059,0.19818782806396484
8060,-16.420703887939453
8061,-2.6408252716064453
8062,-0.09556388854980469
8063,0.4236154556274414
8064,2.5488405227661133
8065,0.9865827560424805
8066,-7.838405609130859
8067,-3.162567138671875
8068,1.1922807693481445
8069,12.482747077941895
8070,2.4473485946655273
8071,1.1719865798950195
8072,-8.610086441040039
8073,-3.608715057373047
8074,1.4941129684448242
8075,14.13278865814209
8076,1.8575315475463867
8077,1.1270742416381836
8078,-8.958858489990234
8079,-3.5303802490234375
8080,1.5016565322875977
8081,12.2559232711792
8082,1.8781652450561523
8083,1.0679826736450195
8084,-7.8934783935546875
8085,-3.2126569747924805
8086,1.432124137878418
8087,12.04260540008545
8088,5.126761436462402
8089,-0.5039606094360352
8090,-10.989320755004883
8091,3.001927375793457
8092,-0.8875951766967773
8093,-1.8911781311035156
8094,2.808629035949707
8095,2.3759870529174805
8096,-13.324480056762695
8097,0.08432292938232422
8098,1.8187055587768555
8099,-3.8416638374328613
8100,5.922797203063965
8101,4.717839241027832
8102,-10.813472747802734
8103,3.6630983352661133
8104,4.049500465393066
8105,-0.30553627014160156
8106,7.233948707580566
8107,5.046414375305176
8108,-10.542686462402344
8109,4.9112749099731445
8110,4.349921226501465
8111,-0.0407719612121582
8112,4.130660057067871
8113,5.599835395812988
8114,-13.425251007080078
8115,2.5823354721069336
8116,5.014670372009277
8117,-1.304978370666504
8118,-4.208003044128418
8119,1.0941267013549805
8120,-11.671598434448242
8121,-4.513571739196777
8122,1.0443391799926758
8123,-13.099554061889648
8124,-4.457178115844727
8125,1.0384130477905273
8126,-13.096942901611328
8127,-4.399651527404785
8128,1.0326852798461914
8129,-13.097282409667969
8130,-4.63925838470459
8131,0.993159294128418
8132,-11.784059524536133
8133,-4.701711654663086
8134,0.9213876724243164
8135,-11.789308547973633
8136,-4.723316192626953
8137,0.8878755569458008
8138,-11.790294647216797
8139,-4.084848403930664
8140,0.7719850540161133
8141,-16.94073486328125
8142,-4.5054473876953125
8143,0.6319513320922852
8144,-10.538949012756348
8145,-3.737603187561035
8146,0.9803838729858398
8147,-12.684429168701172
8148,-3.869004249572754
8149,0.8925790786743164
8150,-10.979310989379883
8151,-0.9439611434936523
8152,0.6214084625244141
8153,-19.05579948425293
8154,-2.933211326599121
8155,-0.25778675079345703
8156,-5.972721099853516
8157,3.082583427429199
8158,0.9441957473754883
8159,-16.123485565185547
8160,-2.039196014404297
8161,0.32942867279052734
8162,5.615781784057617
8163,3.653897285461426
8164,0.6818761825561523
8165,-7.964507102966309
8166,-2.845874786376953
8167,1.5689725875854492
8168,12.79440975189209
8169,3.8663206100463867
8170,0.5371303558349609
8171,-8.78214168548584
8172,-3.3177032470703125
8173,1.778254508972168
8174,14.429667472839355
8175,3.71195125579834
8176,0.4943094253540039
8177,-9.003106117248535
8178,-3.223465919494629
8179,1.8386659622192383
8180,12.757033348083496
8181,3.6031198501586914
8182,0.561981201171875
8183,-7.977208137512207
8184,-2.944690704345703
8185,1.8235807418823242
8186,12.27355670928955
8187,5.659991264343262
8188,0.11620521545410156
8189,-11.890951156616211
8190,4.375136375427246
8191,-0.45686912536621094
8192,-0.9932060241699219
8193,2.4727888107299805
8194,2.3354063034057617
8195,-13.037336349487305
8196,-0.010918617248535156
8197,1.5426664352416992
8198,0.5595579147338867
8199,5.5960283279418945
8200,4.70674991607666
8201,-7.439144134521484
8202,3.4305601119995117
8203,3.790452003479004
8204,5.011102676391602
8205,6.876839637756348
8206,5.008742332458496
8207,-6.897764682769775
8208,4.603903770446777
8209,4.1482954025268555
8210,5.321982383728027
8211,3.713068962097168
8212,5.614935874938965
8213,-9.153011322021484
8214,1.9014644622802734
8215,4.643948554992676
8216,3.6152801513671875
8217,-4.351775169372559
8218,1.0533475875854492
8219,-8.700942993164062
8220,-4.721539497375488
8221,0.9691228866577148
8222,-10.216899871826172
8223,-4.678772926330566
8224,0.9638814926147461
8225,-10.216070175170898
8226,-4.631099700927734
8227,0.9577741622924805
8228,-10.220785140991211
8229,-4.834014892578125
8230,0.9141759872436523
8231,-8.86323070526123
8232,-4.867546081542969
8233,0.8600378036499023
8234,-8.86772346496582
8235,-4.880744934082031
8236,0.8233442306518555
8237,-8.870864868164062
8238,-4.332932472229004
8239,0.6862821578979492
8240,-14.50739860534668
8241,-4.635524749755859
8242,0.5261545181274414
8243,-8.278529167175293
8244,-3.828702926635742
8245,0.9709806442260742
8246,-9.957509994506836
8247,-3.871511459350586
8248,0.9061212539672852
8249,-8.197370529174805
8250,-1.1090002059936523
8251,0.6742353439331055
8252,-16.636695861816406
8253,-2.7227725982666016
8254,-0.2779531478881836
8255,-2.83976411819458
8256,2.6089582443237305
8257,1.0807828903198242
8258,-11.849542617797852
8259,-2.0349950790405273
8260,0.8247060775756836
8261,6.339606285095215
8262,0.5951099395751953
8263,1.4192094802856445
8264,-2.5827295780181885
8265,-3.5294065475463867
8266,2.075259208679199
8267,10.567486763000488
8268,0.054085731506347656
8269,1.2144804000854492
8270,-3.042800188064575
8271,-4.011660575866699
8272,2.337225914001465
8273,11.683688163757324
8274,-0.3954296112060547
8275,1.0549612045288086
8276,-3.4502410888671875
8277,-4.0249834060668945
8278,2.3344812393188477
8279,10.142325401306152
8280,-0.29134464263916016
8281,1.048039436340332
8282,-2.5920238494873047
8283,-3.773509979248047
8284,2.3042078018188477
8285,10.04456615447998
8286,5.7211198806762695
8287,0.36089134216308594
8288,-12.132220268249512
8289,4.775856971740723
8290,-0.2037334442138672
8291,-0.7575211524963379
8292,2.351130485534668
8293,2.535862922668457
8294,-13.19842529296875
8295,-0.23041629791259766
8296,1.3194074630737305
8297,5.068225860595703
8298,5.483523368835449
8299,4.712496757507324
8300,-7.490516185760498
8301,2.886654853820801
8302,3.596743583679199
8303,11.336264610290527
8304,6.756686210632324
8305,5.012194633483887
8306,-7.392452239990234
8307,3.9901552200317383
8308,3.9183740615844727
8309,11.823639869689941
8310,3.58383846282959
8311,5.699784278869629
8312,-11.093839645385742
8313,1.3648223876953125
8314,4.5346479415893555
8315,10.830498695373535
8316,-4.816728591918945
8317,0.8655672073364258
8318,-14.13785457611084
8319,-5.123418807983398
8320,0.8387212753295898
8321,-15.643035888671875
8322,-5.027375221252441
8323,0.8366250991821289
8324,-15.640168190002441
8325,-4.940404891967773
8326,0.8313913345336914
8327,-15.642866134643555
8328,-5.268184661865234
8329,0.8026895523071289
8330,-14.164199829101562
8331,-5.281904220581055
8332,0.7626523971557617
8333,-14.171969413757324
8334,-5.284503936767578
8335,0.7439661026000977
8336,-14.175970077514648
8337,-4.385345458984375
8338,0.6418733596801758
8339,-19.35140037536621
8340,-4.807234764099121
8341,0.4359712600708008
8342,-12.663445472717285
8343,-4.1743316650390625
8344,0.8004350662231445
8345,-15.216772079467773
8346,-4.254646301269531
8347,0.7490091323852539
8348,-13.289239883422852
8349,-0.6063566207885742
8350,0.49958133697509766
8351,-19.867826461791992
8352,-2.820990562438965
8353,-0.34520435333251953
8354,-7.281235694885254
8355,2.760045051574707
8356,1.4310712814331055
8357,-16.120647430419922
8358,-2.848259925842285
8359,0.5701694488525391
8360,2.4151363372802734
8361,-0.7196855545043945
8362,2.093817710876465
8363,-10.729029655456543
8364,-5.422450065612793
8365,1.6111841201782227
8366,6.047842979431152
8367,-1.3853263854980469
8368,2.3056211471557617
8369,-12.498224258422852
8370,-6.661986351013184
8371,1.7484197616577148
8372,6.482259750366211
8373,-1.8853235244750977
8374,2.092097282409668
8375,-12.953847885131836
8376,-6.189424514770508
8377,1.843247413635254
8378,4.697620391845703
8379,-1.6591520309448242
8380,1.9853315353393555
8381,-10.967488288879395
8382,-5.7541046142578125
8383,1.866013526916504
8384,5.465693473815918
8385,5.709321022033691
8386,0.5463390350341797
8387,-12.110902786254883
8388,4.160412788391113
8389,-0.16666507720947266
8390,-0.7789664268493652
8391,1.7493438720703125
8392,2.7055368423461914
8393,-13.17973518371582
8394,-0.9429225921630859
8395,1.1289548873901367
8396,6.093731880187988
8397,5.3014116287231445
8398,4.792967796325684
8399,-8.441617012023926
8400,2.4761266708374023
8401,3.742447853088379
8402,15.271000862121582
8403,6.66709041595459
8404,5.063170433044434
8405,-8.120347023010254
8406,2.8780012130737305
8407,3.886042594909668
8408,16.097637176513672
8409,3.439873695373535
8410,5.682129859924316
8411,-10.987091064453125
8412,0.965785026550293
8413,4.4850358963012695
8414,15.355376243591309
8415,-4.567514419555664
8416,0.7650346755981445
8417,-12.07139778137207
8418,-4.828797340393066
8419,0.7716665267944336
8420,-13.55650520324707
8421,-4.7577104568481445
8422,0.765721321105957
8423,-13.55444622039795
8424,-4.685449600219727
8425,0.7567071914672852
8426,-13.555803298950195
8427,-4.956380844116211
8428,0.7712984085083008
8429,-12.111431121826172
8430,-4.969625473022461
8431,0.7520322799682617
8432,-12.117000579833984
8433,-5.002486228942871
8434,0.7174768447875977
8435,-12.11886978149414
8436,-4.147411346435547
8437,0.5821342468261719
8438,-17.19982147216797
8439,-4.604511260986328
8440,0.32333850860595703
8441,-10.662965774536133
8442,-3.924165725708008
8443,0.7175493240356445
8444,-13.136149406433105
8445,-4.026474952697754
8446,0.6553583145141602
8447,-11.250689506530762
8448,-0.6861724853515625
8449,0.47222423553466797
8450,-18.84981346130371
8451,-2.570880889892578
8452,-0.39617443084716797
8453,-5.527797222137451
8454,2.555068016052246
8455,1.5830926895141602
8456,-17.126815795898438
8457,-3.304192543029785
8458,0.6742067337036133
8459,2.9524927139282227
8460,-1.2107200622558594
8461,2.18424129486084
8462,-14.392120361328125
8463,-6.036439895629883
8464,1.701167106628418
8465,5.3948469161987305
8466,-1.8003482818603516
8467,2.4243669509887695
8468,-16.31307601928711
8469,-7.092632293701172
8470,1.7652044296264648
8471,5.680049896240234
8472,-2.3768692016601562
8473,2.2630815505981445
8474,-16.578733444213867
8475,-7.205021381378174
8476,1.830653190612793
8477,3.927459716796875
8478,-2.183413505554199
8479,2.10256290435791
8480,-14.591455459594727
8481,-6.919271945953369
8482,1.786982536315918
8483,4.758008003234863
8484,5.686541557312012
8485,0.646479606628418
8486,-12.094072341918945
8487,4.565640449523926
8488,-0.07673454284667969
8489,-0.7959704399108887
8490,1.403172492980957
8491,2.7210588455200195
8492,-12.335556030273438
8493,-0.5453004837036133
8494,1.285294532775879
8495,5.081920623779297
8496,5.09151554107666
8497,4.781449317932129
8498,-7.23994779586792
8499,2.73824405670166
8500,3.806828498840332
8501,12.952067375183105
8502,6.445124626159668
8503,5.107377052307129
8504,-6.794260025024414
8505,3.282628059387207
8506,4.00319766998291
8507,13.605883598327637
8508,3.321303367614746
8509,5.680785179138184
8510,-9.123908996582031
8511,1.3261756896972656
8512,4.551457405090332
8513,12.469223976135254
8514,-4.72084903717041
8515,0.7130670547485352
8516,-17.890064239501953
8517,-4.843353271484375
8518,0.6140680313110352
8519,-19.158531188964844
8520,-4.679010391235352
8521,0.5919075012207031
8522,-19.154537200927734
8523,-4.568015098571777
8524,0.5734539031982422
8525,-19.156539916992188
8526,-5.054058074951172
8527,0.6007909774780273
8528,-17.65569305419922
8529,-5.080965995788574
8530,0.5750741958618164
8531,-17.66263198852539
8532,-5.104719161987305
8533,0.5343170166015625
8534,-17.66462516784668
8535,-3.9328813552856445
8536,0.3178863525390625
8537,-21.405075073242188
8538,-4.594766616821289
8539,0.11112689971923828
8540,-14.552350044250488
8541,-4.087469100952148
8542,0.6192989349365234
8543,-18.37480926513672
8544,-4.265704154968262
8545,0.5636768341064453
8546,-16.391666412353516
8547,-0.2822284698486328
8548,0.3275032043457031
8549,-21.800039291381836
8550,-2.585299491882324
8551,-0.41443634033203125
8552,-8.405056953430176
8553,2.631220817565918
8554,1.3976621627807617
8555,-26.76580810546875
8556,-3.5848560333251953
8557,0.34845638275146484
8558,1.8214874267578125
8559,-1.3139352798461914
8560,2.0872583389282227
8561,-32.706138610839844
8562,-6.7131757736206055
8563,1.1104192733764648
8564,6.104177474975586
8565,-1.8844423294067383
8566,2.3845720291137695
8567,-35.805389404296875
8568,-7.539978981018066
8569,1.255356788635254
8570,6.619525909423828
8571,-2.366342544555664
8572,2.233954429626465
8573,-35.52842330932617
8574,-7.624687194824219
8575,1.2547788619995117
8576,4.893085479736328
8577,-2.261996269226074
8578,2.0572919845581055
8579,-32.941123962402344
8580,-7.282608509063721
8581,1.2560510635375977
8582,5.436344146728516
8583,5.8733930587768555
8584,0.6307439804077148
8585,-12.080071449279785
8586,4.344346046447754
8587,0.036124229431152344
8588,-0.810826301574707
8589,1.244990348815918
8590,2.8070554733276367
8591,-11.56661319732666
8592,-0.6090307235717773
8593,1.582249641418457
8594,6.1037139892578125
8595,4.830002784729004
8596,4.785998344421387
8597,-6.445072650909424
8598,2.728940010070801
8599,3.900834083557129
8600,14.745049476623535
8601,6.235682487487793
8602,5.13407039642334
8603,-5.922133445739746
8604,3.4786672592163086
8605,4.232325553894043
8606,15.530587196350098
8607,3.061190605163574
8608,5.635903358459473
8609,-8.275907516479492
8610,1.2923383712768555
8611,4.747454643249512
8612,14.762858390808105
8613,-4.679475784301758
8614,0.679356575012207
8615,-16.735355377197266
8616,-4.783411026000977
8617,0.4814119338989258
8618,-18.03287124633789
8619,-4.675067901611328
8620,0.46535587310791016
8621,-18.02948760986328
8622,-4.540718078613281
8623,0.46634864807128906
8624,-18.031978607177734
8625,-4.961609840393066
8626,0.41094493865966797
8627,-16.603973388671875
8628,-4.976238250732422
8629,0.3393869400024414
8630,-16.610637664794922
8631,-4.986346244812012
8632,0.27593135833740234
8633,-16.611095428466797
8634,-3.8578100204467773
8635,0.19018840789794922
8636,-20.667526245117188
8637,-4.490780830383301
8638,-0.11441993713378906
8639,-14.193950653076172
8640,-3.9302234649658203
8641,0.5598783493041992
8642,-17.411287307739258
8643,-4.094783782958984
8644,0.5192451477050781
8645,-15.541008949279785
8646,-0.2278270721435547
8647,0.2853078842163086
8648,-20.963394165039062
8649,-2.380887985229492
8650,-0.5243501663208008
8651,-8.720016479492188
8652,2.7248525619506836
8653,1.5280218124389648
8654,-21.031837463378906
8655,-3.4555110931396484
8656,0.2493734359741211
8657,0.8638420104980469
8658,-1.2735176086425781
8659,2.094223976135254
8660,-19.009525299072266
8661,-6.756927967071533
8662,0.9362630844116211
8663,4.647907257080078
8664,-1.7726545333862305
8665,2.377964973449707
8666,-20.930194854736328
8667,-7.436554908752441
8668,1.1457853317260742
8669,4.994876861572266
8670,-2.348438262939453
8671,2.1878271102905273
8672,-21.05255126953125
8673,-7.344233512878418
8674,1.2086877822875977
8675,3.2071447372436523
8676,-2.270991325378418
8677,2.053582191467285
8678,-19.155046463012695
8679,-6.8876166343688965
8680,1.2576360702514648
8681,4.035279273986816
8682,6.0134172439575195
8683,0.7751054763793945
8684,-11.93574333190918
8685,4.45969295501709
8686,0.0672750473022461
8687,-0.9581384658813477
8688,1.129995346069336
8689,2.8663320541381836
8690,-11.561141967773438
8691,-0.5038661956787109
8692,1.5929365158081055
8693,4.525603294372559
8694,4.747693061828613
8695,4.690167427062988
8696,-4.710152626037598
8697,2.623471260070801
8698,3.7429800033569336
8699,13.549635887145996
8700,6.145298957824707
8701,5.0308122634887695
8702,-3.969550609588623
8703,3.1018877029418945
8704,3.956549644470215
8705,14.41239070892334
8706,3.241997718811035
8707,5.563963890075684
8708,-5.3855204582214355
8709,1.1908979415893555
8710,4.537711143493652
8711,13.891295433044434
8712,-5.061189651489258
8713,0.20433902740478516
8714,-17.218320846557617
8715,-5.149420738220215
8716,-0.06205940246582031
8717,-18.46193504333496
8718,-5.051177978515625
8719,-0.08143424987792969
8720,-18.459896087646484
8721,-4.942866325378418
8722,-0.10005378723144531
8723,-18.464797973632812
8724,-5.309737205505371
8725,-0.10991573333740234
8726,-16.877958297729492
8727,-5.299450874328613
8728,-0.15579891204833984
8729,-16.885591506958008
8730,-5.2808122634887695
8731,-0.20242691040039062
8732,-16.88663101196289
8733,-4.101037979125977
8734,-0.3954029083251953
8735,-20.935428619384766
8736,-4.5544023513793945
8737,-0.5210428237915039
8738,-13.788188934326172
8739,-4.440008163452148
8740,0.22321701049804688
8741,-17.865230560302734
8742,-4.538013458251953
8743,0.20116138458251953
8744,-15.785263061523438
8745,-0.14192962646484375
8746,0.1824789047241211
8747,-21.46178436279297
8748,-2.457859992980957
8749,-0.656951904296875
8750,-8.44467544555664
8751,2.7564287185668945
8752,1.1573305130004883
8753,-22.359912872314453
8754,-4.025548934936523
8755,0.07207107543945312
8756,1.2766656875610352
8757,-0.7262840270996094
8758,1.7986516952514648
8759,-22.71075439453125
8760,-7.238649845123291
8761,0.7110528945922852
8762,5.55766487121582
8763,-1.4001741409301758
8764,2.083653450012207
8765,-25.127220153808594
8766,-8.21417236328125
8767,0.8435850143432617
8768,6.131694793701172
8769,-2.007338523864746
8770,1.875504493713379
8771,-25.27511978149414
8772,-8.169840812683105
8773,0.8654298782348633
8774,4.411374092102051
8775,-1.7510347366333008
8776,1.765894889831543
8777,-22.962848663330078
8778,-7.742135047912598
8779,0.8820638656616211
8780,4.969099998474121
8781,5.903353691101074
8782,0.6691179275512695
8783,-11.84727954864502
8784,4.164948463439941
8785,0.09368896484375
8786,-1.0479578971862793
8787,1.0329742431640625
8788,2.7837953567504883
8789,-11.580314636230469
8790,-1.0722169876098633
8791,1.3971757888793945
8792,3.7622833251953125
8793,4.733962059020996
8794,4.640107154846191
8795,-4.458376884460449
8796,1.9377355575561523
8797,3.580632209777832
8798,12.640362739562988
8799,5.991900444030762
8800,4.8986921310424805
8801,-3.5362370014190674
8802,2.610590934753418
8803,3.8816022872924805
8804,13.49356746673584
8805,3.2868337631225586
8806,5.586745262145996
8807,-4.448127746582031
8808,0.8956222534179688
8809,4.482748985290527
8810,13.29866886138916
8811,-4.735041618347168
8812,0.07137680053710938
8813,-18.457565307617188
8814,-4.8288421630859375
8815,-0.1499013900756836
8816,-19.672447204589844
8817,-4.725734710693359
8818,-0.15473461151123047
8819,-19.670495986938477
8820,-4.618642807006836
8821,-0.1610240936279297
8822,-19.676742553710938
8823,-4.991450309753418
8824,-0.21785449981689453
8825,-18.129383087158203
8826,-5.020454406738281
8827,-0.2692394256591797
8828,-18.137466430664062
8829,-5.01430606842041
8830,-0.31699371337890625
8831,-18.139301300048828
8832,-3.8539295196533203
8833,-0.41581153869628906
8834,-22.06888198852539
8835,-4.413078308105469
8836,-0.5975008010864258
8837,-15.107991218566895
8838,-4.097845077514648
8839,0.122100830078125
8840,-19.078311920166016
8841,-4.274985313415527
8842,0.0836343765258789
8843,-17.06511688232422
8844,0.04179573059082031
8845,0.11618614196777344
8846,-22.793827056884766
8847,-2.3990116119384766
8848,-0.7794179916381836
8849,-9.615694046020508
8850,2.8077592849731445
8851,1.206833839416504
8852,-23.470352172851562
8853,-4.1407575607299805
8854,-0.0034427642822265625
8855,-0.4463348388671875
8856,-0.7665796279907227
8857,1.8340044021606445
8858,-22.018692016601562
8859,-7.432903289794922
8860,0.6285324096679688
8861,3.5780906677246094
8862,-1.4451608657836914
8863,2.1850881576538086
8864,-24.12012481689453
8865,-8.838292121887207
8866,0.7114982604980469
8867,3.9347267150878906
8868,-1.956674575805664
8869,1.9777250289916992
8870,-24.178287506103516
8871,-8.728363037109375
8872,0.7375802993774414
8873,2.344132423400879
8874,-1.7625713348388672
8875,1.8203001022338867
8876,-22.150341033935547
8877,-8.006200790405273
8878,0.7574319839477539
8879,3.0357351303100586
8880,5.920254707336426
8881,0.727198600769043
8882,-11.840486526489258
8883,3.996647834777832
8884,0.11913299560546875
8885,-1.0549416542053223
8886,1.0708847045898438
8887,2.8110570907592773
8888,-13.591119766235352
8889,-1.0986003875732422
8890,1.5745267868041992
8891,3.3293514251708984
8892,4.749894142150879
8893,4.645455360412598
8894,-4.414970397949219
8895,2.161604881286621
8896,3.6990537643432617
8897,11.620697975158691
8898,5.998579978942871
8899,4.882777214050293
8900,-3.310966730117798
8901,2.69393253326416
8902,3.874558448791504
8903,12.510918617248535
8904,3.3112077713012695
8905,5.615246772766113
8906,-3.9515349864959717
8907,1.0469160079956055
8908,4.450247764587402
8909,12.515686988830566
8910,-4.39694881439209
8911,-0.32415103912353516
8912,-18.629531860351562
8913,-4.474534034729004
8914,-0.5249481201171875
8915,-19.832271575927734
8916,-4.366469383239746
8917,-0.5422248840332031
8918,-19.829090118408203
8919,-4.250497817993164
8920,-0.5626144409179688
8921,-19.834003448486328
8922,-4.659872055053711
8923,-0.5648050308227539
8924,-18.33713722229004
8925,-4.710005760192871
8926,-0.608708381652832
8927,-18.346790313720703
8928,-4.716800689697266
8929,-0.6462373733520508
8930,-18.349977493286133
8931,-3.539820671081543
8932,-0.857396125793457
8933,-22.165912628173828
8934,-4.20561408996582
8935,-0.9141979217529297
8936,-15.397627830505371
8937,-3.750225067138672
8938,-0.29816627502441406
8939,-19.23169708251953
8940,-4.006260871887207
8941,-0.31446075439453125
8942,-17.272476196289062
8943,0.1605367660522461
8944,-0.2725696563720703
8945,-22.682086944580078
8946,-2.4675331115722656
8947,-1.0847501754760742
8948,-10.132001876831055
8949,2.699936866760254
8950,0.8165006637573242
8951,-21.605426788330078
8952,-4.849636077880859
8953,-0.1161203384399414
8954,-2.9007468223571777
8955,-0.2946195602416992
8956,1.4920225143432617
8957,-18.359230041503906
8958,-7.5327839851379395
8959,0.5300559997558594
8960,-2.1998343467712402
8961,-0.8837881088256836
8962,1.7252302169799805
8963,-20.06710433959961
8964,-8.328476905822754
8965,0.6400766372680664
8966,-2.409844398498535
8967,-1.262192726135254
8968,1.540003776550293
8969,-20.35613441467285
8970,-8.249757766723633
8971,0.6549720764160156
8972,-4.123278617858887
8973,-1.1313886642456055
8974,1.3766565322875977
8975,-18.511878967285156
8976,-7.895204544067383
8977,0.6579275131225586
8978,-2.895498037338257
8979,5.553717613220215
8980,0.38147830963134766
8981,-11.75452995300293
8982,3.7199907302856445
8983,-0.11928176879882812
8984,-1.143934726715088
8985,0.705388069152832
8986,2.51468563079834
8987,-15.211602210998535
8988,-0.9376010894775391
8989,1.6372003555297852
8990,1.0375442504882812
8991,4.547833442687988
8992,4.396328926086426
8993,-5.863007545471191
8994,2.287381172180176
8995,3.549750328063965
8996,10.860514640808105
8997,5.974167823791504
8998,4.701163291931152
8999,-4.938255786895752
9000,3.0465707778930664
9001,3.7373247146606445
9002,11.029105186462402
9003,3.289361000061035
9004,5.526360511779785
9005,-6.09174108505249
9006,1.0372018814086914
9007,4.486252784729004
9008,9.416081428527832
9009,-4.432494163513184
9010,-0.5042619705200195
9011,-20.182613372802734
9012,-4.509859085083008
9013,-0.7069921493530273
9014,-21.37173080444336
9015,-4.3995361328125
9016,-0.7148895263671875
9017,-21.367904663085938
9018,-4.2797698974609375
9019,-0.7211894989013672
9020,-21.371540069580078
9021,-4.702178001403809
9022,-0.7692699432373047
9023,-19.850597381591797
9024,-4.716426849365234
9025,-0.8101892471313477
9026,-19.861499786376953
9027,-4.712506294250488
9028,-0.8440217971801758
9029,-19.86576271057129
9030,-3.616093635559082
9031,-0.9775104522705078
9032,-23.586109161376953
9033,-4.198263168334961
9034,-1.1114797592163086
9035,-16.69054412841797
9036,-3.775811195373535
9037,-0.5087213516235352
9038,-20.753210067749023
9039,-3.9877052307128906
9040,-0.5406608581542969
9041,-18.755966186523438
9042,0.23117923736572266
9043,-0.4241313934326172
9044,-23.788097381591797
9045,-2.5140600204467773
9046,-1.1899070739746094
9047,-11.243941307067871
9048,2.440972328186035
9049,0.6149282455444336
9050,-22.2329158782959
9051,-5.178415298461914
9052,-0.17216014862060547
9053,-3.8849804401397705
9054,-0.12787914276123047
9055,1.5474939346313477
9056,-18.480915069580078
9057,-7.51526403427124
9058,0.5025129318237305
9059,-3.4809439182281494
9060,-0.717381477355957
9061,1.8591012954711914
9062,-20.054428100585938
9063,-8.170477867126465
9064,0.6322412490844727
9065,-3.938652276992798
9066,-1.1988353729248047
9067,1.6198415756225586
9068,-20.56741714477539
9069,-8.14851188659668
9070,0.6310930252075195
9071,-5.735499858856201
9072,-1.0564022064208984
9073,1.5001153945922852
9074,-18.688201904296875
9075,-7.849100112915039
9076,0.6161928176879883
9077,-4.24000358581543
9078,5.536581993103027
9079,0.31118297576904297
9080,-11.71133041381836
9081,3.5012826919555664
9082,-0.11341667175292969
9083,-1.188612461090088
9084,0.8344049453735352
9085,2.491602897644043
9086,-15.754578590393066
9087,-1.4255094528198242
9088,1.520707130432129
9089,-2.5989127159118652
9090,4.654562950134277
9091,4.454459190368652
9092,-5.954028129577637
9093,1.8861513137817383
9094,3.6671857833862305
9095,4.859380722045898
9096,5.971678733825684
9097,4.655743598937988
9098,-5.436408996582031
9099,2.85678768157959
9100,3.863173484802246
9101,5.378978729248047
9102,3.3089094161987305
9103,5.55684757232666
9104,-8.341609954833984
9105,0.8561868667602539
9106,4.472048759460449
9107,3.8213319778442383
9108,-4.29038143157959
9109,-1.4124183654785156
9110,-24.87332534790039
9111,-4.272686958312988
9112,-1.6943531036376953
9113,-25.92092514038086
9114,-4.159994125366211
9115,-1.7094717025756836
9116,-25.916645050048828
9117,-4.041370391845703
9118,-1.7273530960083008
9119,-25.921520233154297
9120,-4.49549674987793
9121,-1.6802778244018555
9122,-24.342281341552734
9123,-4.50978946685791
9124,-1.6935338973999023
9125,-24.35382080078125
9126,-4.49696159362793
9127,-1.7597360610961914
9128,-24.35738754272461
9129,-3.395199775695801
9130,-1.8164310455322266
9131,-27.106781005859375
9132,-4.042564392089844
9133,-1.880082130432129
9134,-20.06462860107422
9135,-3.6585397720336914
9136,-1.3741693496704102
9137,-25.039981842041016
9138,-3.8836193084716797
9139,-1.3215551376342773
9140,-22.988880157470703
9141,0.27861595153808594
9142,-1.0886335372924805
9143,-25.67510223388672
9144,-2.9044227600097656
9145,-1.435434341430664
9146,-13.98256778717041
9147,3.198512077331543
9148,-0.505040168762207
9149,-23.39377212524414
9150,-5.247123718261719
9151,-0.23081302642822266
9152,-6.087915897369385
9153,4.580527305603027
9154,0.6869401931762695
9155,-20.531599044799805
9156,-7.356841087341309
9157,0.4687213897705078
9158,-3.561958074569702
9159,5.2144880294799805
9160,0.9325799942016602
9161,-21.868030548095703
9162,-8.099138259887695
9163,0.585484504699707
9164,-3.5034635066986084
9165,4.935013771057129
9166,1.0351552963256836
9167,-23.12171173095703
9168,-8.008970260620117
9169,0.6065597534179688
9170,-5.345329284667969
9171,4.611191749572754
9172,1.006535530090332
9173,-21.021738052368164
9174,-7.655930995941162
9175,0.6100988388061523
9176,-4.302257537841797
9177,5.3347673416137695
9178,0.08341121673583984
9179,-11.299942016601562
9180,3.4446210861206055
9181,-0.17086410522460938
9182,-1.5981807708740234
9183,0.6845216751098633
9184,2.3062868118286133
9185,-17.433868408203125
9186,-1.2641401290893555
9187,1.7855596542358398
9188,-5.48859977722168
9189,4.589922904968262
9190,4.398253440856934
9191,-10.485847473144531
9192,2.1699142456054688
9193,3.71340274810791
9194,1.4065194129943848
9195,5.952942848205566
9196,4.586489677429199
9197,-9.982203483581543
9198,2.9091997146606445
9199,3.7441396713256836
9200,1.952256202697754
9201,3.282526969909668
9202,5.519007682800293
9203,-13.918659210205078
9204,0.7293119430541992
9205,4.487977027893066
9206,0.24588584899902344
9207,-4.291452407836914
9208,-1.5665464401245117
9209,-18.939983367919922
9210,-4.371516227722168
9211,-1.8309946060180664
9212,-20.186277389526367
9213,-4.285041809082031
9214,-1.841771125793457
9215,-20.183513641357422
9216,-4.110373497009277
9217,-1.8842220306396484
9218,-20.187063217163086
9219,-4.500250816345215
9220,-1.842860221862793
9221,-18.68115234375
9222,-4.495013236999512
9223,-1.8605756759643555
9224,-18.689266204833984
9225,-4.481463432312012
9226,-1.885300636291504
9227,-18.691286087036133
9228,-3.4527034759521484
9229,-2.013486862182617
9230,-24.234027862548828
9231,-3.980587959289551
9232,-2.005460739135742
9233,-16.484272003173828
9234,-3.650456428527832
9235,-1.5395679473876953
9236,-19.56999969482422
9237,-3.8135929107666016
9238,-1.4927539825439453
9239,-17.59952163696289
9240,0.05741596221923828
9241,-1.4347658157348633
9242,-23.297161102294922
9243,-2.7956647872924805
9244,-1.561370849609375
9245,-10.311084747314453
9246,3.279505729675293
9247,-0.9017438888549805
9248,-22.17701530456543
9249,-4.982908248901367
9250,-0.3770866394042969
9251,-2.559138536453247
9252,4.544680595397949
9253,0.12832927703857422
9254,-18.536630630493164
9255,-7.0742597579956055
9256,0.45124340057373047
9257,0.1728372573852539
9258,5.084710121154785
9259,0.3521270751953125
9260,-19.67813491821289
9261,-7.94108247756958
9262,0.5421476364135742
9263,0.538210391998291
9264,4.752276420593262
9265,0.42704105377197266
9266,-20.55327033996582
9267,-7.761636734008789
9268,0.577244758605957
9269,-1.0382366180419922
9270,4.416018486022949
9271,0.3010063171386719
9272,-18.909936904907227
9273,-7.492844581604004
9274,0.599151611328125
9275,-0.4544548988342285
9276,5.2504472732543945
9277,0.1470203399658203
9278,-11.342290878295898
9279,3.3236780166625977
9280,-0.09014034271240234
9281,-1.556793212890625
9282,0.6604719161987305
9283,2.2546186447143555
9284,-16.02297592163086
9285,-1.0236177444458008
9286,1.8697576522827148
9287,-2.9984002113342285
9288,4.6318159103393555
9289,4.474434852600098
9290,-10.064632415771484
9291,2.3376150131225586
9292,3.7557172775268555
9293,4.750240325927734
9294,5.9488630294799805
9295,4.631291389465332
9296,-9.52930736541748
9297,3.0576906204223633
9298,3.7262792587280273
9299,5.684107780456543
9300,3.347598075866699
9301,5.549481391906738
9302,-12.476217269897461
9303,0.920710563659668
9304,4.538336753845215
9305,5.749666213989258
