,0
0,-0.8591318130493164
1,-7.841604709625244
2,-3.792362928390503
3,-0.7178926467895508
4,-8.12696361541748
5,-4.264252662658691
6,-0.69189453125
7,-8.119451522827148
8,-4.26474142074585
9,-0.6636505126953125
10,-8.111632347106934
11,-4.265380859375
12,-0.7091846466064453
13,-8.13273811340332
14,-3.4054818153381348
15,-0.6800470352172852
16,-8.125534057617188
17,-3.405824899673462
18,-0.6485166549682617
19,-8.11505126953125
20,-3.407461404800415
21,-0.38657188415527344
22,-7.970750331878662
23,-5.498499870300293
24,-0.3905181884765625
25,-7.936473369598389
26,-1.6240297555923462
27,-0.746006965637207
28,-7.536166191101074
29,-4.16293478012085
30,-0.7486343383789062
31,-7.519586563110352
32,-3.041492223739624
33,-0.05803680419921875
34,-6.756290435791016
35,-7.680845260620117
36,-0.1503458023071289
37,-6.22119665145874
38,0.6203641891479492
39,-1.0971183776855469
40,-8.973737716674805
41,-11.828476905822754
42,-1.113581657409668
43,-8.543791770935059
44,3.9269003868103027
45,-1.9113855361938477
46,-11.598424911499023
47,-13.685341835021973
48,-1.8956756591796875
49,-10.825462341308594
50,4.327300548553467
51,-1.9637765884399414
52,-12.211828231811523
53,-14.785558700561523
54,-1.67938232421875
55,-11.190729141235352
56,4.530888557434082
57,-1.8617477416992188
58,-12.260404586791992
59,-14.316761016845703
60,-1.905064582824707
61,-11.45213794708252
62,3.9017081260681152
63,-1.854207992553711
64,-12.059015274047852
65,-13.554641723632812
66,-1.907841682434082
67,-11.324752807617188
68,4.001159191131592
69,0.059624671936035156
70,-0.0856332778930664
71,-5.30536413192749
72,0.0
73,0.0
74,0.0
75,0.13196086883544922
76,4.965120315551758
77,-3.935703754425049
78,0.08649635314941406
79,4.866483688354492
80,0.7300031185150146
81,0.4113330841064453
82,9.648096084594727
83,-2.469763994216919
84,0.3840150833129883
85,9.45449447631836
86,2.6807007789611816
87,0.6810235977172852
88,10.159181594848633
89,-2.40903902053833
90,0.6300687789916992
91,10.072271347045898
92,2.784480571746826
93,-0.3300180435180664
94,10.998306274414062
95,-4.624022006988525
96,-0.40984344482421875
97,10.705995559692383
98,0.9439888000488281
99,-0.8583412170410156
100,-7.776644229888916
101,-3.7769181728363037
102,-0.7171392440795898
103,-8.109748840332031
104,-4.247398376464844
105,-0.6900300979614258
106,-8.108268737792969
107,-4.247838973999023
108,-0.6611394882202148
109,-8.104219436645508
110,-4.248288154602051
111,-0.7087469100952148
112,-8.112674713134766
113,-3.3756155967712402
114,-0.6790847778320312
115,-8.112211227416992
116,-3.3764495849609375
117,-0.6474676132202148
118,-8.106966018676758
119,-3.3781919479370117
120,-0.3861360549926758
121,-7.970966339111328
122,-5.497554779052734
123,-0.3914222717285156
124,-7.9366326332092285
125,-1.5724232196807861
126,-0.7451372146606445
127,-7.50165319442749
128,-4.156808853149414
129,-0.7486286163330078
130,-7.480594158172607
131,-3.023932456970215
132,-0.029504776000976562
133,-6.735477447509766
134,-7.748733997344971
135,-0.153594970703125
136,-6.226339817047119
137,0.7000701427459717
138,-1.0823249816894531
139,-8.967229843139648
140,-11.828370094299316
141,-1.084543228149414
142,-8.545480728149414
143,4.089615821838379
144,-1.8855476379394531
145,-11.61430549621582
146,-13.57800006866455
147,-1.8884925842285156
148,-10.885541915893555
149,4.608705997467041
150,-1.9468164443969727
151,-12.29053020477295
152,-14.638943672180176
153,-1.8190879821777344
154,-11.37238883972168
155,4.833329200744629
156,-1.8616695404052734
157,-12.311752319335938
158,-14.221388816833496
159,-1.9050359725952148
160,-11.54243278503418
161,4.206671237945557
162,-1.8541507720947266
163,-12.075788497924805
164,-13.461587905883789
165,-1.9078216552734375
166,-11.38123893737793
167,4.2805280685424805
168,0.07532596588134766
169,-0.08866691589355469
170,-5.37946081161499
171,-0.016725540161132812
172,-0.0024003982543945312
173,0.07264566421508789
174,0.13234615325927734
175,4.941934585571289
176,-4.077502250671387
177,0.0705099105834961
178,4.866361618041992
179,0.777857780456543
180,0.41557788848876953
181,9.650869369506836
182,-2.6374118328094482
183,0.38197803497314453
184,9.447196960449219
185,2.746469497680664
186,0.6866464614868164
187,10.16790771484375
188,-2.572333335876465
189,0.630030632019043
190,10.070001602172852
191,2.8479223251342773
192,-0.2757892608642578
193,10.998727798461914
194,-4.870993614196777
195,-0.28501319885253906
196,10.69967269897461
197,1.00339674949646
198,-0.8452701568603516
199,-7.764098644256592
200,-3.777691602706909
201,-0.7019796371459961
202,-8.109428405761719
203,-4.245166778564453
204,-0.6706066131591797
205,-8.108247756958008
206,-4.245611667633057
207,-0.6402511596679688
208,-8.104363441467285
209,-4.245967864990234
210,-0.6965608596801758
211,-8.111408233642578
212,-3.3753249645233154
213,-0.6651573181152344
214,-8.111431121826172
215,-3.376217842102051
216,-0.6342248916625977
217,-8.106643676757812
218,-3.377979040145874
219,-0.37421226501464844
220,-7.974372386932373
221,-5.472862243652344
222,-0.3881950378417969
223,-7.939745903015137
224,-1.571617841720581
225,-0.7368173599243164
226,-7.487219333648682
227,-4.156788349151611
228,-0.7444429397583008
229,-7.4632415771484375
230,-3.0257654190063477
231,-0.029771804809570312
232,-6.726016521453857
233,-7.762385368347168
234,-0.1606464385986328
235,-6.22967004776001
236,0.7095117568969727
237,-1.1022653579711914
238,-8.935203552246094
239,-11.701910972595215
240,-1.145981788635254
241,-8.515235900878906
242,4.035639762878418
243,-1.9926042556762695
244,-11.473730087280273
245,-13.248642921447754
246,-2.005415916442871
247,-10.78183364868164
248,4.404006481170654
249,-2.0688047409057617
250,-12.261771202087402
251,-14.282687187194824
252,-2.055614471435547
253,-11.302384376525879
254,4.584826946258545
255,-1.9888181686401367
256,-12.280452728271484
257,-13.901790618896484
258,-2.054511070251465
259,-11.49014949798584
260,3.9516987800598145
261,-1.9884986877441406
262,-11.985815048217773
263,-13.144413948059082
264,-2.0500659942626953
265,-11.227116584777832
266,4.061440467834473
267,0.08785152435302734
268,-0.08524131774902344
269,-5.390866279602051
270,-0.022582054138183594
271,0.005824089050292969
272,0.08330988883972168
273,0.13344192504882812
274,4.944524765014648
275,-4.0983710289001465
276,0.05782794952392578
277,4.87957763671875
278,0.8070056438446045
279,0.41976165771484375
280,9.651866912841797
281,-2.682572841644287
282,0.37875938415527344
283,9.399763107299805
284,2.8076677322387695
285,0.6922979354858398
286,10.174863815307617
287,-2.6211366653442383
288,0.6285953521728516
289,10.056224822998047
290,2.909379482269287
291,-0.2469472885131836
292,10.998411178588867
293,-4.977908134460449
294,-0.21524906158447266
295,10.657360076904297
296,1.0687015056610107
297,-0.8470067977905273
298,-7.664560794830322
299,-3.806743621826172
300,-0.7059049606323242
301,-8.076881408691406
302,-4.261044502258301
303,-0.6746654510498047
304,-8.08172607421875
305,-4.261355400085449
306,-0.6430654525756836
307,-8.083866119384766
308,-4.261320114135742
309,-0.7022294998168945
310,-8.074350357055664
311,-3.392975091934204
312,-0.6723823547363281
313,-8.077909469604492
314,-3.3941900730133057
315,-0.6411609649658203
316,-8.077825546264648
317,-3.3960368633270264
318,-0.3819398880004883
319,-7.970376491546631
320,-5.461513519287109
321,-0.4078245162963867
322,-7.932614326477051
323,-1.5669994354248047
324,-0.7385425567626953
325,-7.377404689788818
326,-4.1645965576171875
327,-0.7477655410766602
328,-7.356255531311035
329,-3.036672353744507
330,-0.03755760192871094
331,-6.626473426818848
332,-7.765820503234863
333,-0.2163839340209961
334,-6.194371700286865
335,0.7619137763977051
336,-1.194565773010254
337,-8.733322143554688
338,-12.089147567749023
339,-1.3839006423950195
340,-8.199411392211914
341,4.409422397613525
342,-2.1445789337158203
343,-10.955744743347168
344,-14.584512710571289
345,-2.304647445678711
346,-10.124080657958984
347,5.503933906555176
348,-2.2879600524902344
349,-11.71017837524414
350,-15.708381652832031
351,-2.4146595001220703
352,-10.630695343017578
353,5.856419563293457
354,-2.244304656982422
355,-11.781039237976074
356,-15.35360336303711
357,-2.382579803466797
358,-10.75385856628418
359,5.20234489440918
360,-2.218878746032715
361,-11.502542495727539
362,-14.512762069702148
363,-2.353499412536621
364,-10.582014083862305
365,5.191351413726807
366,0.10499000549316406
367,-0.058434486389160156
368,-5.399980545043945
369,-0.027892112731933594
370,0.061125755310058594
371,0.09193754196166992
372,0.1412944793701172
373,4.9444732666015625
374,-4.084842205047607
375,0.057633399963378906
376,4.906896591186523
377,0.869774341583252
378,0.4345273971557617
379,9.652467727661133
380,-2.519829273223877
381,0.3787498474121094
382,9.40580940246582
383,2.9561691284179688
384,0.7017755508422852
385,10.180452346801758
386,-2.4325146675109863
387,0.6285905838012695
388,10.068933486938477
389,3.065500259399414
390,-0.1896038055419922
391,10.993083953857422
392,-4.784469127655029
393,-0.17783546447753906
394,10.65750503540039
395,1.202735185623169
396,-0.8361644744873047
397,-7.658452033996582
398,-3.8114395141601562
399,-0.7002735137939453
400,-8.065593719482422
401,-4.260443687438965
402,-0.6708297729492188
403,-8.070151329040527
404,-4.260744094848633
405,-0.6409721374511719
406,-8.072486877441406
407,-4.260622501373291
408,-0.6944961547851562
409,-8.062314987182617
410,-3.3918275833129883
411,-0.6643943786621094
412,-8.063940048217773
413,-3.393044948577881
414,-0.632960319519043
415,-8.062402725219727
416,-3.3948426246643066
417,-0.3842496871948242
418,-7.949635028839111
419,-5.426342964172363
420,-0.40297794342041016
421,-7.8976030349731445
422,-1.5253970623016357
423,-0.7361955642700195
424,-7.346076965332031
425,-4.166728496551514
426,-0.7404842376708984
427,-7.333817481994629
428,-3.038151502609253
429,-0.08593940734863281
430,-6.5113115310668945
431,-7.7645440101623535
432,-0.21361255645751953
433,-6.045814514160156
434,0.8591127395629883
435,-1.4425020217895508
436,-8.265777587890625
437,-12.052501678466797
438,-1.612447738647461
439,-7.817563533782959
440,4.353145599365234
441,-2.4907875061035156
442,-10.37091064453125
443,-14.354124069213867
444,-2.7559804916381836
445,-9.437485694885254
446,4.958530426025391
447,-2.7265520095825195
448,-11.030317306518555
449,-15.519611358642578
450,-2.9170665740966797
451,-9.878612518310547
452,5.341160297393799
453,-2.675724983215332
454,-11.081365585327148
455,-15.108359336853027
456,-2.8646955490112305
457,-9.984834671020508
458,4.459277153015137
459,-2.6278934478759766
460,-10.7555570602417
461,-14.261882781982422
462,-2.8100242614746094
463,-9.846036911010742
464,4.561339378356934
465,0.11112308502197266
466,0.0020418167114257812
467,-5.399568557739258
468,0.004206657409667969
469,0.1357593536376953
470,0.09138607978820801
471,0.14769554138183594
472,4.950891494750977
473,-3.9357995986938477
474,0.06619930267333984
475,4.933555603027344
476,1.0640616416931152
477,0.44707775115966797
478,9.688554763793945
479,-2.0828304290771484
480,0.3812570571899414
481,9.442466735839844
482,3.3881874084472656
483,0.706517219543457
484,10.217889785766602
485,-1.9727468490600586
486,0.6299190521240234
487,10.096624374389648
488,3.532777786254883
489,-0.19289112091064453
490,10.982385635375977
491,-4.263070106506348
492,-0.19098854064941406
493,10.628572463989258
494,1.6905293464660645
495,-0.8267192840576172
496,-7.661016941070557
497,-3.658480167388916
498,-0.6954526901245117
499,-8.06077766418457
500,-4.0907440185546875
501,-0.6664896011352539
502,-8.063995361328125
503,-4.091190338134766
504,-0.6368942260742188
505,-8.06544303894043
506,-4.0907087326049805
507,-0.6910848617553711
508,-8.058897018432617
509,-3.2297778129577637
510,-0.6618309020996094
511,-8.060101509094238
512,-3.230787754058838
513,-0.630915641784668
514,-8.05845832824707
515,-3.232520580291748
516,-0.38130855560302734
517,-7.931422710418701
518,-5.227183818817139
519,-0.4020538330078125
520,-7.885143280029297
521,-1.3774839639663696
522,-0.732574462890625
523,-7.327225208282471
524,-4.0136566162109375
525,-0.736515998840332
526,-7.315222263336182
527,-2.899258613586426
528,-0.08489799499511719
529,-6.429606914520264
530,-7.61268424987793
531,-0.21884727478027344
532,-5.9511003494262695
533,1.0055217742919922
534,-1.405954360961914
535,-8.107011795043945
536,-11.539685249328613
537,-1.6184968948364258
538,-7.5633087158203125
539,4.336018085479736
540,-2.5170717239379883
541,-10.1820068359375
542,-13.421492576599121
543,-2.7513246536254883
544,-9.073734283447266
545,4.859452247619629
546,-2.7721023559570312
547,-10.810083389282227
548,-14.563807487487793
549,-2.914740562438965
550,-9.458210945129395
551,5.177623271942139
552,-2.7228050231933594
553,-10.847918510437012
554,-14.166360855102539
555,-2.9205493927001953
556,-9.536117553710938
557,4.392439842224121
558,-2.6737899780273438
559,-10.576126098632812
560,-13.326749801635742
561,-2.8254013061523438
562,-9.441056251525879
563,4.4874982833862305
564,0.14093780517578125
565,0.015265464782714844
566,-5.374557018280029
567,0.005789756774902344
568,0.159423828125
569,0.06610274314880371
570,0.14746379852294922
571,4.951446533203125
572,-3.887967348098755
573,0.0660562515258789
574,4.93364143371582
575,1.0332093238830566
576,0.4513063430786133
577,9.676008224487305
578,-2.0617618560791016
579,0.3850841522216797
580,9.442092895507812
581,3.268380641937256
582,0.7053813934326172
583,10.192338943481445
584,-1.959333896636963
585,0.6300239562988281
586,10.08035659790039
587,3.4033474922180176
588,-0.19227123260498047
589,10.932838439941406
590,-4.205658912658691
591,-0.1940298080444336
592,10.61406135559082
593,1.5564827919006348
594,-0.8177490234375
595,-7.503592014312744
596,-3.6531171798706055
597,-0.6898527145385742
598,-7.911932468414307
599,-4.093912124633789
600,-0.6611080169677734
601,-7.911147117614746
602,-4.094508647918701
603,-0.6317224502563477
604,-7.911555767059326
605,-4.094110488891602
606,-0.6855087280273438
607,-7.92620325088501
608,-3.2407493591308594
609,-0.6557035446166992
610,-7.932180881500244
611,-3.241560935974121
612,-0.6238422393798828
613,-7.938633441925049
614,-3.243165969848633
615,-0.3653984069824219
616,-7.768702507019043
617,-5.223949432373047
618,-0.3634967803955078
619,-7.777750015258789
620,-1.3834812641143799
621,-0.7171497344970703
622,-7.1189775466918945
623,-4.005160331726074
624,-0.7215442657470703
625,-7.118553161621094
626,-2.904597520828247
627,-0.0861825942993164
628,-5.965747356414795
629,-7.515579700469971
630,-0.1295909881591797
631,-5.639512538909912
632,0.9951350688934326
633,-1.885188102722168
634,-6.02016019821167
635,-9.714201927185059
636,-1.6595401763916016
637,-5.677946090698242
638,2.727792739868164
639,-3.300662040710449
640,-7.183221340179443
641,-9.58883285522461
642,-3.1452178955078125
643,-6.744853973388672
644,1.1038384437561035
645,-3.6132001876831055
646,-7.668862819671631
647,-10.568482398986816
648,-3.3544254302978516
649,-7.194462776184082
650,1.0520238876342773
651,-3.5233898162841797
652,-7.938141345977783
653,-10.205564498901367
654,-3.3916330337524414
655,-7.199138164520264
656,0.1904599666595459
657,-3.432858467102051
658,-7.619394779205322
659,-9.468430519104004
660,-3.316920280456543
661,-7.107874393463135
662,0.634472131729126
663,0.21758460998535156
664,0.18485641479492188
665,-5.287897109985352
666,0.03150367736816406
667,0.32714271545410156
668,-0.018934965133666992
669,0.15529441833496094
670,4.966453552246094
671,-4.130730152130127
672,0.07945728302001953
673,4.945802688598633
674,0.8673207759857178
675,0.4538440704345703
676,9.684751510620117
677,-2.4367334842681885
678,0.39224720001220703
679,9.459171295166016
680,2.7919554710388184
681,0.704737663269043
682,10.275117874145508
683,-2.368992328643799
684,0.6311540603637695
685,10.116830825805664
686,2.8940234184265137
687,-0.3212738037109375
688,10.963006973266602
689,-4.55942964553833
690,-0.3198051452636719
691,10.59792709350586
692,1.2052350044250488
693,-0.7999820709228516
694,-7.469841480255127
695,-3.324901580810547
696,-0.6761980056762695
697,-7.863919258117676
698,-3.812084197998047
699,-0.6487159729003906
700,-7.868478298187256
701,-3.8128483295440674
702,-0.6212339401245117
703,-7.872057914733887
704,-3.8125431537628174
705,-0.66790771484375
706,-7.8744611740112305
707,-2.9769158363342285
708,-0.6342496871948242
709,-7.884829998016357
710,-2.9765753746032715
711,-0.5984115600585938
712,-7.8936872482299805
713,-2.9775590896606445
714,-0.35103511810302734
715,-7.726184368133545
716,-5.016083717346191
717,-0.30343055725097656
718,-7.730194568634033
719,-1.2756187915802002
720,-0.6958847045898438
721,-7.082077980041504
722,-3.692974090576172
723,-0.6929960250854492
724,-7.07795524597168
725,-2.6128485202789307
726,-0.12318897247314453
727,-5.890689373016357
728,-7.178094387054443
729,-0.004139900207519531
730,-5.520139217376709
731,1.1507740020751953
732,-1.9240379333496094
733,-5.889172077178955
734,-9.127729415893555
735,-1.6876306533813477
736,-5.707034587860107
737,2.8447413444519043
738,-3.395737648010254
739,-7.103041172027588
740,-8.852251052856445
741,-3.1688737869262695
742,-6.501201629638672
743,1.2827763557434082
744,-3.7104320526123047
745,-7.659984111785889
746,-9.757675170898438
747,-3.4258041381835938
748,-6.9198384284973145
749,1.2723875045776367
750,-3.6163129806518555
751,-7.854067325592041
752,-9.388534545898438
753,-3.4848718643188477
754,-7.0609893798828125
755,0.45236897468566895
756,-3.5073957443237305
757,-7.618960380554199
758,-8.72401237487793
759,-3.378058433532715
760,-6.863056659698486
761,0.8379969596862793
762,0.23976421356201172
763,0.24412918090820312
764,-5.207521438598633
765,0.10094833374023438
766,0.37018680572509766
767,-0.09944677352905273
768,0.1620025634765625
769,5.000701904296875
770,-4.233753204345703
771,0.10414505004882812
772,4.971075057983398
773,0.5788662433624268
774,0.45547962188720703
775,9.712057113647461
776,-2.7827749252319336
777,0.3982086181640625
778,9.476800918579102
779,2.297694206237793
780,0.7032871246337891
781,10.370536804199219
782,-2.7418010234832764
783,0.6305360794067383
784,10.14561653137207
785,2.3911867141723633
786,-0.34964466094970703
787,10.959371566772461
788,-4.879080772399902
789,-0.40905094146728516
790,10.533416748046875
791,0.7289547920227051
792,-0.7898130416870117
793,-7.355356216430664
794,-3.2373509407043457
795,-0.6712913513183594
796,-7.7363104820251465
797,-3.760684013366699
798,-0.6464052200317383
799,-7.743827819824219
800,-3.7619378566741943
801,-0.6205348968505859
802,-7.750652313232422
803,-3.761648416519165
804,-0.6553926467895508
805,-7.749138355255127
806,-2.9559991359710693
807,-0.6191501617431641
808,-7.765076637268066
809,-2.9559578895568848
810,-0.5799760818481445
811,-7.780837059020996
812,-2.9569406509399414
813,-0.35747623443603516
814,-7.618786811828613
815,-5.013401508331299
816,-0.2739858627319336
817,-7.6517653465271
818,-1.3051872253417969
819,-0.6830472946166992
820,-6.971916198730469
821,-3.60603404045105
822,-0.6685323715209961
823,-6.963869571685791
824,-2.5687828063964844
825,-0.19930553436279297
826,-5.708850383758545
827,-7.235771179199219
828,0.12032032012939453
829,-5.450291633605957
830,1.1525585651397705
831,-1.8447589874267578
832,-4.480857849121094
833,-8.936263084411621
834,-1.4515714645385742
835,-4.14384651184082
836,3.0130152702331543
837,-3.4302072525024414
838,-4.924149513244629
839,-8.27077865600586
840,-3.07297420501709
841,-4.581098556518555
842,2.4982566833496094
843,-3.883450508117676
844,-5.200305938720703
845,-9.007833480834961
846,-3.1429738998413086
847,-5.139016151428223
848,2.606584072113037
849,-3.8617076873779297
850,-5.522322654724121
851,-8.715646743774414
852,-3.2047882080078125
853,-5.287075042724609
854,1.818049430847168
855,-3.703364372253418
856,-5.338637828826904
857,-8.11604118347168
858,-3.1265687942504883
859,-5.0853166580200195
860,2.100923538208008
861,0.2602968215942383
862,0.3063650131225586
863,-5.178210258483887
864,0.23631763458251953
865,0.3691539764404297
866,-0.12741732597351074
867,0.16550064086914062
868,5.02869987487793
869,-4.201013565063477
870,0.12994384765625
871,4.9738616943359375
872,0.6144547462463379
873,0.456787109375
874,9.711654663085938
875,-2.70991849899292
876,0.4098243713378906
877,9.47288703918457
878,2.3614048957824707
879,0.7029647827148438
880,10.369407653808594
881,-2.6582517623901367
882,0.6310758590698242
883,10.136016845703125
884,2.456765651702881
885,-0.34629058837890625
886,10.91451644897461
887,-4.633924961090088
888,-0.4102764129638672
889,10.453500747680664
890,0.8129873275756836
891,-0.8797922134399414
892,-7.19546365737915
893,-3.3231310844421387
894,-0.7520084381103516
895,-7.615974426269531
896,-3.775975227355957
897,-0.7225246429443359
898,-7.628373146057129
899,-3.7755162715911865
900,-0.6914768218994141
901,-7.641342639923096
902,-3.7744929790496826
903,-0.7452945709228516
904,-7.631354331970215
905,-3.0053441524505615
906,-0.7090606689453125
907,-7.6539225578308105
908,-3.005647897720337
909,-0.6664257049560547
910,-7.678299903869629
911,-3.0068678855895996
912,-0.40752315521240234
913,-7.5206122398376465
914,-5.276721000671387
915,-0.3336629867553711
916,-7.564801216125488
917,-1.3277177810668945
918,-0.7413301467895508
919,-6.824962139129639
920,-3.671488046646118
921,-0.7389507293701172
922,-6.815065383911133
923,-2.6251344680786133
924,-0.19325637817382812
925,-5.5840535163879395
926,-7.6083221435546875
927,0.1531352996826172
928,-5.312486171722412
929,1.4211087226867676
930,-1.816366195678711
931,-3.4085512161254883
932,-8.994110107421875
933,-1.3247108459472656
934,-2.948113441467285
935,2.6230616569519043
936,-3.30996036529541
937,-2.6233139038085938
938,-8.362781524658203
939,-3.005831718444824
940,-1.9666481018066406
941,0.679095983505249
942,-3.7238779067993164
943,-2.536630630493164
944,-9.311506271362305
945,-3.0925331115722656
946,-1.4581022262573242
947,0.6869568824768066
948,-3.745427131652832
949,-2.717837333679199
950,-8.921599388122559
951,-3.16806697845459
952,-1.5443086624145508
953,-0.2166118621826172
954,-3.5955724716186523
955,-2.6911697387695312
956,-8.17068099975586
957,-3.03909969329834
958,-1.946702003479004
959,0.21912908554077148
960,0.28011131286621094
961,0.4444112777709961
962,-5.187198162078857
963,0.30709075927734375
964,0.43651866912841797
965,-0.11879205703735352
966,0.18249034881591797
967,5.193264007568359
968,-4.044924736022949
969,0.1792898178100586
970,5.082422256469727
971,1.0560486316680908
972,0.4605245590209961
973,9.787784576416016
974,-2.060582399368286
975,0.42504310607910156
976,9.562320709228516
977,3.1491971015930176
978,0.7020969390869141
979,10.405250549316406
980,-1.9426112174987793
981,0.631108283996582
982,10.20706558227539
983,3.295536518096924
984,-0.3447103500366211
985,10.901163101196289
986,-3.806187629699707
987,-0.4054298400878906
988,10.486400604248047
989,1.766012191772461
990,-1.0834569931030273
991,-7.04722785949707
992,-2.7736761569976807
993,-0.9820480346679688
994,-7.499321937561035
995,-3.3603782653808594
996,-0.9569215774536133
997,-7.508301258087158
998,-3.361536741256714
999,-0.9297637939453125
1000,-7.517007827758789
1001,-3.3613338470458984
1002,-0.964930534362793
1003,-7.518617153167725
1004,-2.464963436126709
1005,-0.9272785186767578
1006,-7.541665077209473
1007,-2.464592933654785
1008,-0.8870019912719727
1009,-7.566376686096191
1010,-2.466289520263672
1011,-0.6010837554931641
1012,-7.384268283843994
1013,-5.030003547668457
1014,-0.5234451293945312
1015,-7.445955276489258
1016,-0.9466567039489746
1017,-0.9433040618896484
1018,-6.6506147384643555
1019,-3.2722551822662354
1020,-0.9376211166381836
1021,-6.647637844085693
1022,-2.1074180603027344
1023,-0.2524881362915039
1024,-5.469516754150391
1025,-7.495734214782715
1026,0.13760852813720703
1027,-5.163968086242676
1028,1.8206286430358887
1029,-1.3062143325805664
1030,-2.746230125427246
1031,-8.396478652954102
1032,-0.5671453475952148
1033,-2.0407943725585938
1034,2.9204459190368652
1035,-2.644826889038086
1036,-0.622410774230957
1037,-7.203161239624023
1038,-1.968043327331543
1039,-0.09155082702636719
1040,1.5199685096740723
1041,-3.0379419326782227
1042,-0.06428050994873047
1043,-7.960563659667969
1044,-2.038299560546875
1045,0.8107118606567383
1046,1.644174575805664
1047,-3.152440071105957
1048,-0.17584800720214844
1049,-7.725495338439941
1050,-2.140422821044922
1051,0.8140726089477539
1052,0.7837667465209961
1053,-2.9990415573120117
1054,-0.28793907165527344
1055,-7.042962551116943
1056,-2.252211570739746
1057,0.2580232620239258
1058,1.0983166694641113
1059,0.3280487060546875
1060,0.6558704376220703
1061,-5.186677932739258
1062,0.46236419677734375
1063,0.6575031280517578
1064,-0.11925673484802246
1065,0.22317123413085938
1066,5.345500946044922
1067,-4.20768928527832
1068,0.24266910552978516
1069,5.221014022827148
1070,0.777254581451416
1071,0.4830160140991211
1072,9.961894989013672
1073,-2.566181182861328
1074,0.4570455551147461
1075,9.739959716796875
1076,2.2110214233398438
1077,0.7090377807617188
1078,10.56743049621582
1079,-2.4866716861724854
1080,0.6338529586791992
1081,10.419872283935547
1082,2.279649257659912
1083,-0.3699941635131836
1084,11.106742858886719
1085,-4.013664245605469
1086,-0.40488719940185547
1087,10.533876419067383
1088,0.9978635311126709
1089,-1.154871940612793
1090,-6.916727542877197
1091,-2.653993844985962
1092,-1.0453205108642578
1093,-7.401227951049805
1094,-3.261502265930176
1095,-1.014653205871582
1096,-7.419394016265869
1097,-3.2630982398986816
1098,-0.9825115203857422
1099,-7.436960220336914
1100,-3.263237953186035
1101,-1.039790153503418
1102,-7.40895938873291
1103,-2.327451467514038
1104,-1.0030336380004883
1105,-7.435818672180176
1106,-2.3266046047210693
1107,-0.9642658233642578
1108,-7.46366024017334
1109,-2.3279809951782227
1110,-0.663182258605957
1111,-7.34871244430542
1112,-4.940130233764648
1113,-0.6116199493408203
1114,-7.386536121368408
1115,-0.7457327842712402
1116,-0.9856882095336914
1117,-6.55479097366333
1118,-3.17185640335083
1119,-0.9893789291381836
1120,-6.54736852645874
1121,-1.959815502166748
1122,-0.2803001403808594
1123,-5.483016490936279
1124,-7.491907596588135
1125,0.11761951446533203
1126,-5.1623334884643555
1127,2.11301851272583
1128,-1.1942415237426758
1129,-2.674407958984375
1130,-8.64039134979248
1131,-0.4445524215698242
1132,-2.0266571044921875
1133,3.1560416221618652
1134,-2.489476203918457
1135,-0.53363037109375
1136,-7.710854530334473
1137,-1.6942739486694336
1138,0.026590347290039062
1139,1.8156795501708984
1140,-2.832686424255371
1141,-0.08551597595214844
1142,-8.55682373046875
1143,-1.7127466201782227
1144,0.8981971740722656
1145,1.9740524291992188
1146,-2.938688278198242
1147,-0.14360427856445312
1148,-8.198107719421387
1149,-1.8275184631347656
1150,0.8862323760986328
1151,1.0904338359832764
1152,-2.772700309753418
1153,-0.23163318634033203
1154,-7.506415367126465
1155,-1.985823631286621
1156,0.4378499984741211
1157,1.3883109092712402
1158,0.37271976470947266
1159,0.6601829528808594
1160,-5.190431118011475
1161,0.5413036346435547
1162,0.6658859252929688
1163,-0.11473274230957031
1164,0.24317455291748047
1165,5.360601425170898
1166,-4.223101615905762
1167,0.26895904541015625
1168,5.262277603149414
1169,0.7874538898468018
1170,0.49683475494384766
1171,9.961612701416016
1172,-2.5634822845458984
1173,0.47502613067626953
1174,9.730649948120117
1175,2.3411002159118652
1176,0.7326383590698242
1177,10.61174201965332
1178,-2.470942974090576
1179,0.6627187728881836
1180,10.407243728637695
1181,2.426523208618164
1182,-0.3855628967285156
1183,11.10439682006836
1184,-3.901522159576416
1185,-0.4015083312988281
1186,10.591777801513672
1187,1.1040534973144531
1188,-1.8691320419311523
1189,-5.327138900756836
1190,-2.2680299282073975
1191,-1.788741111755371
1192,-5.818838119506836
1193,-2.7700722217559814
1194,-1.7562494277954102
1195,-5.8271379470825195
1196,-2.770334243774414
1197,-1.7243900299072266
1198,-5.835836887359619
1199,-2.7706334590911865
1200,-1.7794160842895508
1201,-5.824341297149658
1202,-1.8872754573822021
1203,-1.7421627044677734
1204,-5.835336208343506
1205,-1.8865280151367188
1206,-1.7061405181884766
1207,-5.851408958435059
1208,-1.8883320093154907
1209,-1.3992643356323242
1210,-5.7976155281066895
1211,-4.308510780334473
1212,-1.3343334197998047
1213,-5.881752014160156
1214,-0.3642842769622803
1215,-1.6522407531738281
1216,-5.041830062866211
1217,-2.790869951248169
1218,-1.641160011291504
1219,-5.013491630554199
1220,-1.6436253786087036
1221,-0.7035894393920898
1222,-4.330291748046875
1223,-6.867598056793213
1224,-0.22025299072265625
1225,-4.139896392822266
1226,1.9468646049499512
1227,-0.28949642181396484
1228,-1.999410629272461
1229,-9.008901596069336
1230,0.48064708709716797
1231,-1.8817100524902344
1232,2.987459659576416
1233,0.11518573760986328
1234,0.20101451873779297
1235,-8.900840759277344
1236,0.6994562149047852
1237,0.027399063110351562
1238,2.087280750274658
1239,0.1512918472290039
1240,0.7007970809936523
1241,-9.407857894897461
1242,1.0336828231811523
1243,0.49979114532470703
1244,1.9959063529968262
1245,0.15996360778808594
1246,0.7173852920532227
1247,-8.244855880737305
1248,0.8260774612426758
1249,0.5061635971069336
1250,1.4971833229064941
1251,0.18880176544189453
1252,0.3901176452636719
1253,-8.662545204162598
1254,0.6543741226196289
1255,0.2742328643798828
1256,1.6609773635864258
1257,0.6076164245605469
1258,1.0250511169433594
1259,-5.4247660636901855
1260,0.8213958740234375
1261,0.9939155578613281
1262,0.1172792911529541
1263,0.20580577850341797
1264,5.410194396972656
1265,-4.789589881896973
1266,0.26088809967041016
1267,5.271291732788086
1268,0.5130834579467773
1269,0.525944709777832
1270,10.117033004760742
1271,-3.4117093086242676
1272,0.49732494354248047
1273,9.844757080078125
1274,2.0050711631774902
1275,0.7702903747558594
1276,10.709894180297852
1277,-3.326749801635742
1278,0.7016916275024414
1279,10.465337753295898
1280,2.0796446800231934
1281,-0.4997587203979492
1282,11.294622421264648
1283,-4.793699741363525
1284,-0.4211139678955078
1285,10.752523422241211
1286,0.8186497688293457
1287,-1.997060775756836
1288,-5.119045257568359
1289,-2.5706191062927246
1290,-1.9382429122924805
1291,-5.599297523498535
1292,-3.07926869392395
1293,-1.9084663391113281
1294,-5.609272480010986
1295,-3.0797815322875977
1296,-1.8795270919799805
1297,-5.6217145919799805
1298,-3.079874277114868
1299,-1.932962417602539
1300,-5.612627029418945
1301,-2.199241876602173
1302,-1.9005708694458008
1303,-5.630825042724609
1304,-2.1988906860351562
1305,-1.8690061569213867
1306,-5.655409336090088
1307,-2.2007715702056885
1308,-1.5431718826293945
1309,-5.538483619689941
1310,-4.503143787384033
1311,-1.5057296752929688
1312,-5.617617607116699
1313,-0.5899419784545898
1314,-1.8148880004882812
1315,-4.815382957458496
1316,-3.0441062450408936
1317,-1.8057928085327148
1318,-4.799320220947266
1319,-1.9033203125
1320,-0.8427286148071289
1321,-4.148689270019531
1322,-7.0184125900268555
1323,-0.43988704681396484
1324,-4.062318801879883
1325,1.936746597290039
1326,-0.1438455581665039
1327,-2.129884719848633
1328,-9.927689552307129
1329,0.43356895446777344
1330,-1.8842344284057617
1331,3.2683491706848145
1332,0.34990406036376953
1333,-0.07909584045410156
1334,-12.108954429626465
1335,0.9419918060302734
1336,-0.26114749908447266
1337,2.8601622581481934
1338,0.6013383865356445
1339,0.38201045989990234
1340,-13.211359977722168
1341,1.0230302810668945
1342,0.05715370178222656
1343,3.2192440032958984
1344,0.4832267761230469
1345,0.3928556442260742
1346,-12.745272636413574
1347,0.9256563186645508
1348,0.14559364318847656
1349,2.5234498977661133
1350,0.43323612213134766
1351,0.2862558364868164
1352,-11.981207847595215
1353,0.8695278167724609
1354,0.0081329345703125
1355,2.5392513275146484
1356,0.929966926574707
1357,1.1178808212280273
1358,-5.507174015045166
1359,1.023329734802246
1360,1.0682086944580078
1361,0.20242094993591309
1362,0.18969154357910156
1363,5.457712173461914
1364,-4.907403945922852
1365,0.25112438201904297
1366,5.294473648071289
1367,0.49274206161499023
1368,0.5603580474853516
1369,10.154251098632812
1370,-3.4888508319854736
1371,0.5267038345336914
1372,9.84865951538086
1373,1.9395384788513184
1374,0.8545923233032227
1375,10.881462097167969
1376,-3.4148054122924805
1377,0.7561178207397461
1378,10.48989486694336
1379,2.0054731369018555
1380,-0.5479707717895508
1381,11.26303482055664
1382,-4.901732444763184
1383,-0.4197559356689453
1384,10.746891021728516
1385,0.787909746170044
1386,-2.2860727310180664
1387,-3.9003915786743164
1388,-3.1266865730285645
1389,-2.221273422241211
1390,-4.327053070068359
1391,-3.590467691421509
1392,-2.19565486907959
1393,-4.336977005004883
1394,-3.590074300765991
1395,-2.162966728210449
1396,-4.360367774963379
1397,-3.5899977684020996
1398,-2.2266807556152344
1399,-4.346345901489258
1400,-2.647550582885742
1401,-2.2010908126831055
1402,-4.373113632202148
1403,-2.647369623184204
1404,-2.178180694580078
1405,-4.405509948730469
1406,-2.649412155151367
1407,-1.8372907638549805
1408,-4.277397155761719
1409,-4.8748779296875
1410,-1.847243309020996
1411,-4.3455963134765625
1412,-0.6019546985626221
1413,-2.1243762969970703
1414,-3.60311222076416
1415,-3.5907669067382812
1416,-2.13153076171875
1417,-3.5987186431884766
1418,-2.3665030002593994
1419,-1.0770750045776367
1420,-3.023740768432617
1421,-7.181957721710205
1422,-0.8522481918334961
1423,-2.7733030319213867
1424,1.8489179611206055
1425,0.1842975616455078
1426,-2.063530921936035
1427,-11.789261817932129
1428,0.5457963943481445
1429,-1.624192237854004
1430,5.147849082946777
1431,1.3680505752563477
1432,-0.9585151672363281
1433,-16.320892333984375
1434,1.4581098556518555
1435,-0.651606559753418
1436,7.825807571411133
1437,1.6317434310913086
1438,-0.7846460342407227
1439,-17.59731674194336
1440,1.6822690963745117
1441,-0.561009407043457
1442,8.751832008361816
1443,1.5605669021606445
1444,-0.7245874404907227
1445,-17.215518951416016
1446,1.551274299621582
1447,-0.41100597381591797
1448,8.197301864624023
1449,1.4757375717163086
1450,-0.7366905212402344
1451,-16.27568817138672
1452,1.4962854385375977
1453,-0.42759227752685547
1454,7.703251838684082
1455,1.1296796798706055
1456,1.5453128814697266
1457,-5.747490882873535
1458,1.1638402938842773
1459,1.4712190628051758
1460,0.443897008895874
1461,0.12340736389160156
1462,5.514242172241211
1463,-5.612640380859375
1464,0.2344369888305664
1465,5.291633605957031
1466,0.11642885208129883
1467,0.5685596466064453
1468,10.13720703125
1469,-4.034639358520508
1470,0.5462636947631836
1471,9.842174530029297
1472,2.0274343490600586
1473,0.8736438751220703
1474,10.832496643066406
1475,-3.893334150314331
1476,0.8376617431640625
1477,10.490663528442383
1478,2.13040828704834
1479,-0.5321588516235352
1480,11.259733200073242
1481,-5.130641937255859
1482,-0.37126827239990234
1483,10.750768661499023
1484,1.0825083255767822
1485,-2.4855566024780273
1486,-2.211162567138672
1487,-3.3914942741394043
1488,-2.409573554992676
1489,-2.6461095809936523
1490,-3.8124492168426514
1491,-2.3830175399780273
1492,-2.6642799377441406
1493,-3.8127174377441406
1494,-2.355240821838379
1495,-2.686563491821289
1496,-3.813676118850708
1497,-2.408039093017578
1498,-2.667440414428711
1499,-2.9514951705932617
1500,-2.382566452026367
1501,-2.6946592330932617
1502,-2.9513556957244873
1503,-2.3580074310302734
1504,-2.726555824279785
1505,-2.9524335861206055
1506,-2.031397819519043
1507,-2.678508758544922
1508,-4.914773941040039
1509,-2.0370140075683594
1510,-2.7217206954956055
1511,-0.972387433052063
1512,-2.3033618927001953
1513,-1.9605340957641602
1514,-3.7845325469970703
1515,-2.30545711517334
1516,-1.9610939025878906
1517,-2.6552140712738037
1518,-1.168625831604004
1519,-1.6213502883911133
1520,-6.824460983276367
1521,-0.9395904541015625
1522,-1.3093719482421875
1523,1.5046939849853516
1524,0.335968017578125
1525,-2.061248779296875
1526,-11.123311042785645
1527,0.7480440139770508
1528,-1.3715667724609375
1529,4.98400354385376
1530,1.7612533569335938
1531,-1.8867292404174805
1532,-14.29810619354248
1533,1.6578845977783203
1534,-1.1384468078613281
1535,7.208203315734863
1536,2.122694969177246
1537,-1.444920539855957
1538,-15.503169059753418
1539,1.9070281982421875
1540,-1.1097707748413086
1541,7.92500114440918
1542,2.1196556091308594
1543,-1.7447986602783203
1544,-15.32099723815918
1545,2.161149024963379
1546,-0.9390554428100586
1547,7.437355041503906
1548,2.050806999206543
1549,-1.7936649322509766
1550,-14.333377838134766
1551,1.707468032836914
1552,-0.8579559326171875
1553,7.096779823303223
1554,1.4098749160766602
1555,2.023737907409668
1556,-5.770997047424316
1557,1.4176769256591797
1558,2.067915916442871
1559,0.4698061943054199
1560,0.021495819091796875
1561,5.765106201171875
1562,-5.644330978393555
1563,0.10155677795410156
1564,5.579643249511719
1565,-0.36325931549072266
1566,0.5749530792236328
1567,10.126644134521484
1568,-3.653036594390869
1569,0.5463199615478516
1570,9.839080810546875
1571,1.262620449066162
1572,0.8793344497680664
1573,10.827239990234375
1574,-3.795856475830078
1575,0.8450946807861328
1576,10.482564926147461
1577,1.346614122390747
1578,-0.4396800994873047
1579,11.233810424804688
1580,-4.246232986450195
1581,-0.3610382080078125
1582,10.829730987548828
1583,0.471951961517334
1584,-2.558079719543457
1585,-0.5586681365966797
1586,-4.094246864318848
1587,-2.5152502059936523
1588,-1.0215673446655273
1589,-4.485012531280518
1590,-2.4919919967651367
1591,-1.0591011047363281
1592,-4.485401153564453
1593,-2.473525047302246
1594,-1.0891542434692383
1595,-4.486887454986572
1596,-2.511490821838379
1597,-1.0283851623535156
1598,-3.64247989654541
1599,-2.485569953918457
1600,-1.0686769485473633
1601,-3.64201021194458
1602,-2.4656190872192383
1603,-1.1027021408081055
1604,-3.6425294876098633
1605,-2.1764583587646484
1606,-1.15118408203125
1607,-5.380579948425293
1608,-2.1705217361450195
1609,-1.1924018859863281
1610,-1.572347640991211
1611,-2.3593873977661133
1612,-0.40358829498291016
1613,-4.418513774871826
1614,-2.3455276489257812
1615,-0.3762540817260742
1616,-3.3118338584899902
1617,-1.1527099609375
1618,-0.4854393005371094
1619,-6.931025505065918
1620,-0.9705667495727539
1621,-0.18451786041259766
1622,0.9333767890930176
1623,0.38877201080322266
1624,-2.0706663131713867
1625,-10.858962059020996
1626,0.619145393371582
1627,-0.6355724334716797
1628,4.538208484649658
1629,1.812678337097168
1630,-3.1283416748046875
1631,-13.759310722351074
1632,1.5434942245483398
1633,0.036034584045410156
1634,6.474656105041504
1635,2.1999197006225586
1636,-3.5026350021362305
1637,-14.922504425048828
1638,1.7990045547485352
1639,0.13997650146484375
1640,7.181133270263672
1641,2.316512107849121
1642,-3.5119075775146484
1643,-14.809826850891113
1644,1.8020391464233398
1645,0.13031005859375
1646,6.645593643188477
1647,2.195429801940918
1648,-3.3010053634643555
1649,-13.823650360107422
1650,1.6246070861816406
1651,0.23026084899902344
1652,6.334041595458984
1653,1.5313024520874023
1654,2.59279727935791
1655,-5.733861923217773
1656,1.5440092086791992
1657,2.7401599884033203
1658,0.4324951171875
1659,-0.1551046371459961
1660,6.08635139465332
1661,-5.333264350891113
1662,-0.04519844055175781
1663,5.920633316040039
1664,-0.07451200485229492
1665,0.5771169662475586
1666,10.117012023925781
1667,-2.831684112548828
1668,0.5467910766601562
1669,9.838459014892578
1670,2.5893049240112305
1671,0.8915071487426758
1672,10.810638427734375
1673,-2.6067283153533936
1674,0.8540124893188477
1675,10.468299865722656
1676,2.7711620330810547
1677,-0.4252176284790039
1678,11.219505310058594
1679,-3.4638123512268066
1680,-0.33158397674560547
1681,10.823774337768555
1682,2.1820645332336426
1683,-2.387618064880371
1684,-0.4240131378173828
1685,-3.001579761505127
1686,-2.389126777648926
1687,-0.7960758209228516
1688,-3.4082000255584717
1689,-2.3755292892456055
1690,-0.8073596954345703
1691,-3.4085328578948975
1692,-2.359988212585449
1693,-0.8268365859985352
1694,-3.4109320640563965
1695,-2.376767158508301
1696,-0.8278036117553711
1697,-2.6378376483917236
1698,-2.3538312911987305
1699,-0.8603267669677734
1700,-2.6371889114379883
1701,-2.3348445892333984
1702,-0.8846616744995117
1703,-2.6374237537384033
1704,-2.1020565032958984
1705,-0.9477596282958984
1706,-4.474864959716797
1707,-2.059157371520996
1708,-1.065516471862793
1709,-0.9805231094360352
1710,-2.1938419342041016
1711,-0.2961692810058594
1712,-3.370421886444092
1713,-2.1737804412841797
1714,-0.30287933349609375
1715,-2.3677785396575928
1716,-1.1845588684082031
1717,-0.36780738830566406
1718,-6.210305213928223
1719,-0.8959817886352539
1720,-0.18392086029052734
1721,1.4009060859680176
1722,0.36112022399902344
1723,-1.9969329833984375
1724,-8.028356552124023
1725,0.5785350799560547
1726,-0.4801034927368164
1727,4.454690456390381
1728,1.798166275024414
1729,-3.4982128143310547
1730,-9.916625022888184
1731,1.5971040725708008
1732,-0.497161865234375
1733,5.456232070922852
1734,2.183009147644043
1735,-4.06453800201416
1736,-10.789167404174805
1737,1.735011100769043
1738,0.24965858459472656
1739,5.99589729309082
1740,2.297621726989746
1741,-4.000566482543945
1742,-10.82491683959961
1743,1.6917858123779297
1744,0.23222923278808594
1745,5.432496070861816
1746,2.1935606002807617
1747,-3.7873706817626953
1748,-9.984996795654297
1749,1.5846319198608398
1750,0.17920494079589844
1751,5.2531843185424805
1752,1.508026123046875
1753,2.637087821960449
1754,-5.696104526519775
1755,1.6370344161987305
1756,2.7063980102539062
1757,0.39409661293029785
1758,-0.24181652069091797
1759,6.134159088134766
1760,-5.670659065246582
1761,-0.07688713073730469
1762,5.992807388305664
1763,-0.017757892608642578
1764,0.5723114013671875
1765,10.107603073120117
1766,-3.586909294128418
1767,0.5463180541992188
1768,9.878246307373047
1769,1.887108325958252
1770,0.8939151763916016
1771,10.775754928588867
1772,-3.3700218200683594
1773,0.8712158203125
1774,10.461090087890625
1775,1.9998974800109863
1776,-0.3843231201171875
1777,11.211360931396484
1778,-3.8784677982330322
1779,-0.2415485382080078
1780,10.866556167602539
1781,1.8404064178466797
1782,-2.46738338470459
1783,0.7017402648925781
1784,-3.210481643676758
1785,-2.4518604278564453
1786,0.28397369384765625
1787,-3.644432544708252
1788,-2.4333152770996094
1789,0.2669858932495117
1790,-3.6452479362487793
1791,-2.4142208099365234
1792,0.24628067016601562
1793,-3.6494808197021484
1794,-2.441425323486328
1795,0.2571239471435547
1796,-2.826436996459961
1797,-2.4151954650878906
1798,0.22523880004882812
1799,-2.8252336978912354
1800,-2.389127731323242
1801,0.1900615692138672
1802,-2.8252997398376465
1803,-2.117961883544922
1804,0.16047382354736328
1805,-4.849043369293213
1806,-2.0858116149902344
1807,0.07173347473144531
1808,-1.1415977478027344
1809,-2.289966583251953
1810,0.8854894638061523
1811,-3.6479127407073975
1812,-2.265303611755371
1813,0.8811616897583008
1814,-2.5769689083099365
1815,-1.1412773132324219
1816,0.832554817199707
1817,-6.530859470367432
1818,-0.9587688446044922
1819,0.9343729019165039
1820,0.9146687984466553
1821,0.5358877182006836
1822,-0.8083572387695312
1823,-7.880132675170898
1824,0.6154918670654297
1825,-0.30702972412109375
1826,1.8545551300048828
1827,1.9129104614257812
1828,-2.6256580352783203
1829,-8.74177360534668
1830,1.7498235702514648
1831,-1.5609350204467773
1832,0.256195068359375
1833,2.2698822021484375
1834,-3.1151247024536133
1835,-9.615715980529785
1836,2.141636848449707
1837,-1.9635934829711914
1838,0.23219633102416992
1839,2.3177576065063477
1840,-3.161503791809082
1841,-9.622154235839844
1842,2.0521726608276367
1843,-1.8477115631103516
1844,-0.07283520698547363
1845,2.1929636001586914
1846,-2.9463109970092773
1847,-8.782134056091309
1848,1.9495725631713867
1849,-1.9049253463745117
1850,0.05972719192504883
1851,1.555476188659668
1852,3.6057376861572266
1853,-5.71065616607666
1854,1.562047004699707
1855,3.4844913482666016
1856,0.4108560085296631
1857,-0.4488687515258789
1858,6.448442459106445
1859,-5.57893705368042
1860,-0.44699764251708984
1861,6.306209564208984
1862,0.05824089050292969
1863,0.5680313110351562
1864,10.145414352416992
1865,-2.561976671218872
1866,0.5105524063110352
1867,9.897258758544922
1868,2.412102222442627
1869,0.8906087875366211
1870,10.755870819091797
1871,-2.225778102874756
1872,0.8593339920043945
1873,10.456260681152344
1874,2.600240707397461
1875,-0.3829336166381836
1876,11.236568450927734
1877,-2.744168996810913
1878,-0.27802467346191406
1879,10.979888916015625
1880,2.3613204956054688
1881,-2.532843589782715
1882,0.641474723815918
1883,-3.12384033203125
1884,-2.495598793029785
1885,0.2972297668457031
1886,-3.5612518787384033
1887,-2.474087715148926
1888,0.28768253326416016
1889,-3.5619382858276367
1890,-2.4487485885620117
1891,0.2678213119506836
1892,-3.5653629302978516
1893,-2.487070083618164
1894,0.27489185333251953
1895,-2.747116804122925
1896,-2.457162857055664
1897,0.2389669418334961
1898,-2.745943069458008
1899,-2.42893123626709
1900,0.2082042694091797
1901,-2.745746374130249
1902,-2.1265745162963867
1903,0.17760181427001953
1904,-4.828436851501465
1905,-2.104351043701172
1906,0.11665725708007812
1907,-1.1399441957473755
1908,-2.3592281341552734
1909,0.8237209320068359
1910,-3.593073606491089
1911,-2.353888511657715
1912,0.8159809112548828
1913,-2.5319128036499023
1914,-1.1683549880981445
1915,0.8830499649047852
1916,-6.617319107055664
1917,-0.9764528274536133
1918,0.958369255065918
1919,0.7833335399627686
1920,0.47926807403564453
1921,-0.5521068572998047
1922,-7.582640647888184
1923,0.5997829437255859
1924,-0.21988487243652344
1925,1.4322223663330078
1926,1.8323822021484375
1927,-2.2846221923828125
1928,-7.867484092712402
1929,1.8157882690429688
1930,-1.7304353713989258
1931,-0.1008458137512207
1932,2.2059335708618164
1933,-2.810032844543457
1934,-8.668329238891602
1935,2.2551889419555664
1936,-2.2143468856811523
1937,-0.13640236854553223
1938,2.260664939880371
1939,-2.790681838989258
1940,-8.654447555541992
1941,2.228260040283203
1942,-1.9940910339355469
1943,-0.4806962013244629
1944,2.1480722427368164
1945,-2.575741767883301
1946,-7.891156196594238
1947,2.0849781036376953
1948,-1.904189109802246
1949,-0.3161137104034424
1950,1.5037450790405273
1951,3.5904369354248047
1952,-5.702654838562012
1953,1.5491695404052734
1954,3.612102508544922
1955,0.40150928497314453
1956,-0.5399541854858398
1957,6.475725173950195
1958,-5.687432289123535
1959,-0.5037412643432617
1960,6.412754058837891
1961,0.0439000129699707
1962,0.5481338500976562
1963,10.137285232543945
1964,-2.66241192817688
1965,0.4961528778076172
1966,9.899078369140625
1967,2.0401692390441895
1968,0.8804521560668945
1969,10.714956283569336
1970,-2.4449081420898438
1971,0.8471384048461914
1972,10.4541015625
1973,2.1587557792663574
1974,-0.3596467971801758
1975,11.220499038696289
1976,-3.1212193965911865
1977,-0.28078651428222656
1978,10.985055923461914
1979,1.9368796348571777
1980,-2.4802370071411133
1981,0.47582054138183594
1982,-3.1842000484466553
1983,-2.4293127059936523
1984,0.1262950897216797
1985,-3.6231932640075684
1986,-2.408031463623047
1987,0.12009239196777344
1988,-3.6237964630126953
1989,-2.3852081298828125
1990,0.11630535125732422
1991,-3.6266512870788574
1992,-2.4189453125
1993,0.09797096252441406
1994,-2.813929319381714
1995,-2.389890670776367
1996,0.07127761840820312
1997,-2.8125362396240234
1998,-2.3612146377563477
1999,0.04970741271972656
2000,-2.812396764755249
2001,-2.075948715209961
2002,0.08067035675048828
2003,-4.940700054168701
2004,-2.0393104553222656
2005,-0.012708663940429688
2006,-1.2675468921661377
2007,-2.3126649856567383
2008,0.680171012878418
2009,-3.670400857925415
2010,-2.3046865463256836
2011,0.6715259552001953
2012,-2.608766794204712
2013,-1.120030403137207
2014,1.0140161514282227
2015,-6.817434787750244
2016,-0.9407186508178711
2017,1.0695714950561523
2018,0.6994268894195557
2019,0.8121919631958008
2020,0.5580720901489258
2021,-7.9647722244262695
2022,0.8336553573608398
2023,0.7320795059204102
2024,1.3604841232299805
2025,2.4579038619995117
2026,-0.008739471435546875
2027,-8.143269538879395
2028,2.2614212036132812
2029,0.26801395416259766
2030,0.09923744201660156
2031,2.848271369934082
2032,-0.083740234375
2033,-8.833263397216797
2034,2.705763816833496
2035,0.217864990234375
2036,0.17888116836547852
2037,2.865300178527832
2038,0.0026311874389648438
2039,-8.763603210449219
2040,2.7474775314331055
2041,0.5035181045532227
2042,-0.23598599433898926
2043,2.7449636459350586
2044,0.12668991088867188
2045,-8.117368698120117
2046,2.6030473709106445
2047,0.5199556350708008
2048,-0.13530468940734863
2049,1.556797981262207
2050,3.9429779052734375
2051,-5.500019550323486
2052,1.5228996276855469
2053,3.8664112091064453
2054,0.19870662689208984
2055,-0.6257009506225586
2056,6.51746940612793
2057,-5.352701663970947
2058,-0.5572319030761719
2059,6.483251571655273
2060,-0.018761634826660156
2061,0.5236797332763672
2062,10.055419921875
2063,-1.8820631504058838
2064,0.469879150390625
2065,9.842824935913086
2066,2.3033580780029297
2067,0.8790283203125
2068,10.596624374389648
2069,-1.551969051361084
2070,0.8247890472412109
2071,10.33173942565918
2072,2.470552921295166
2073,-0.2973003387451172
2074,11.180059432983398
2075,-1.790243148803711
2076,-0.2659435272216797
2077,10.999055862426758
2078,2.2844815254211426
2079,-2.40578556060791
2080,-0.07897567749023438
2081,-4.0769243240356445
2082,-2.354853630065918
2083,-0.5411472320556641
2084,-4.496135711669922
2085,-2.3324670791625977
2086,-0.5607481002807617
2087,-4.497013092041016
2088,-2.308487892150879
2089,-0.5823507308959961
2090,-4.49899959564209
2091,-2.3457841873168945
2092,-0.5580835342407227
2093,-3.7013344764709473
2094,-2.317446708679199
2095,-0.5871353149414062
2096,-3.700700044631958
2097,-2.289531707763672
2098,-0.618351936340332
2099,-3.7017722129821777
2100,-2.0005760192871094
2101,-0.6663541793823242
2102,-5.726140975952148
2103,-1.979283332824707
2104,-0.7147493362426758
2105,-2.1630518436431885
2106,-2.235039710998535
2107,0.11768722534179688
2108,-4.53252649307251
2109,-2.2266225814819336
2110,0.12121295928955078
2111,-3.4916138648986816
2112,-0.8667821884155273
2113,0.5329818725585938
2114,-7.619957447052002
2115,-0.9013071060180664
2116,0.6597385406494141
2117,-0.15922284126281738
2118,0.9614191055297852
2119,1.8507556915283203
2120,-8.298263549804688
2121,0.8039283752441406
2122,1.967620849609375
2123,0.42229461669921875
2124,2.3435773849487305
2125,3.7245044708251953
2126,-8.673519134521484
2127,1.9461793899536133
2128,3.6746273040771484
2129,-0.5017962455749512
2130,2.68973445892334
2131,4.051275253295898
2132,-9.43455696105957
2133,2.212801933288574
2134,3.962678909301758
2135,-0.3707735538482666
2136,2.589653968811035
2137,4.360160827636719
2138,-9.17833137512207
2139,2.244269371032715
2140,4.182792663574219
2141,-0.9471666812896729
2142,2.4787721633911133
2143,4.271677017211914
2144,-8.574464797973633
2145,2.1287269592285156
2146,4.069883346557617
2147,-0.7963345050811768
2148,1.4819765090942383
2149,3.839109420776367
2150,-5.244705677032471
2151,1.355668067932129
2152,3.8836193084716797
2153,-0.05686521530151367
2154,-0.7070302963256836
2155,6.6031036376953125
2156,-5.580996036529541
2157,-0.7524967193603516
2158,6.508256912231445
2159,-0.3880898952484131
2160,0.5229759216308594
2161,10.05763053894043
2162,-2.8440849781036377
2163,0.4067220687866211
2164,9.795248031616211
2165,1.9396719932556152
2166,0.9068326950073242
2167,10.614788055419922
2168,-2.5792236328125
2169,0.7733850479125977
2170,10.312437057495117
2171,2.1125736236572266
2172,-0.2879629135131836
2173,11.177635192871094
2174,-2.660961627960205
2175,-0.3019828796386719
2176,11.014379501342773
2177,1.9644150733947754
2178,-2.0786733627319336
2179,-0.6283597946166992
2180,-4.009845733642578
2181,-2.0270566940307617
2182,-0.9669895172119141
2183,-4.4731221199035645
2184,-2.0029478073120117
2185,-0.9702739715576172
2186,-4.473797798156738
2187,-1.973984718322754
2188,-0.9858732223510742
2189,-4.475088596343994
2190,-2.0232629776000977
2191,-0.9809494018554688
2192,-3.6566920280456543
2193,-1.9972114562988281
2194,-0.9993534088134766
2195,-3.6564979553222656
2196,-1.9667558670043945
2197,-1.0385322570800781
2198,-3.657116413116455
2199,-1.6574983596801758
2200,-0.9703178405761719
2201,-5.721653938293457
2202,-1.6507482528686523
2203,-1.0123672485351562
2204,-2.069714307785034
2205,-1.9184293746948242
2206,-0.30852794647216797
2207,-4.460772514343262
2208,-1.9289932250976562
2209,-0.33214473724365234
2210,-3.392176389694214
2211,-0.6114463806152344
2212,0.10686683654785156
2213,-7.682638168334961
2214,-0.6713895797729492
2215,0.19805049896240234
2216,0.1495828628540039
2217,0.4301424026489258
2218,3.1542510986328125
2219,-8.402368545532227
2220,0.21552562713623047
2221,2.828737258911133
2222,0.8000032901763916
2223,0.20404529571533203
2224,6.0522003173828125
2225,-7.390641212463379
2226,0.11992073059082031
2227,5.695955276489258
2228,-0.35047459602355957
2229,0.21727561950683594
2230,6.733129501342773
2231,-8.10897445678711
2232,0.07673835754394531
2233,6.269586563110352
2234,-0.2517850399017334
2235,0.03186511993408203
2236,6.7756500244140625
2237,-7.747293949127197
2238,-0.0038385391235351562
2239,6.263187408447266
2240,-0.9452649354934692
2241,0.013705253601074219
2242,6.509197235107422
2243,-7.2318115234375
2244,0.013507843017578125
2245,6.140459060668945
2246,-0.7028937339782715
2247,1.4516515731811523
2248,3.7610244750976562
2249,-5.223747253417969
2250,1.3377647399902344
2251,3.6836795806884766
2252,-0.07627606391906738
2253,-0.8816251754760742
2254,6.628889083862305
2255,-5.5079731941223145
2256,-0.9680147171020508
2257,6.42363166809082
2258,-0.7972562313079834
2259,0.5189323425292969
2260,10.064132690429688
2261,-2.63588809967041
2262,0.37097835540771484
2263,9.735845565795898
2264,1.7553911209106445
2265,0.9040546417236328
2266,10.617441177368164
2267,-2.3247480392456055
2268,0.7647838592529297
2269,10.27122688293457
2270,1.9585528373718262
2271,-0.2882375717163086
2272,11.188175201416016
2273,-2.570943832397461
2274,-0.29985713958740234
2275,11.007863998413086
2276,1.6320557594299316
2277,-2.0191755294799805
2278,-0.8427677154541016
2279,-4.1966352462768555
2280,-1.9654474258422852
2281,-1.1640901565551758
2282,-4.655534744262695
2283,-1.9410028457641602
2284,-1.1656913757324219
2285,-4.656218528747559
2286,-1.9134645462036133
2287,-1.1706933975219727
2288,-4.657442092895508
2289,-1.9557781219482422
2290,-1.1645879745483398
2291,-3.8395583629608154
2292,-1.9242620468139648
2293,-1.186661720275879
2294,-3.839137554168701
2295,-1.8878774642944336
2296,-1.2395925521850586
2297,-3.8399643898010254
2298,-1.5597143173217773
2299,-1.1555662155151367
2300,-5.861080169677734
2301,-1.5316791534423828
2302,-1.2221240997314453
2303,-2.2368695735931396
2304,-1.8564300537109375
2305,-0.43618202209472656
2306,-4.631004810333252
2307,-1.860611915588379
2308,-0.47655296325683594
2309,-3.5703461170196533
2310,-0.5566396713256836
2311,0.05227375030517578
2312,-7.959123611450195
2313,-0.503819465637207
2314,0.025041580200195312
2315,0.16803979873657227
2316,0.2651033401489258
2317,3.245912551879883
2318,-8.524560928344727
2319,0.1326427459716797
2320,2.9542083740234375
2321,0.7124230861663818
2322,-0.008934974670410156
2323,6.128101348876953
2324,-7.403583526611328
2325,-0.06516361236572266
2326,5.664390563964844
2327,-0.6901757717132568
2328,-0.017752647399902344
2329,6.753313064575195
2330,-8.145459175109863
2331,-0.15061473846435547
2332,6.35093879699707
2333,-0.6813454627990723
2334,-0.1991100311279297
2335,6.772907257080078
2336,-7.895168304443359
2337,-0.20828914642333984
2338,6.307371139526367
2339,-1.3745906352996826
2340,-0.20308208465576172
2341,6.528514862060547
2342,-7.281957149505615
2343,-0.1942005157470703
2344,6.161325454711914
2345,-1.0536410808563232
2346,1.429168701171875
2347,3.822845458984375
2348,-5.169106483459473
2349,1.334610939025879
2350,3.6818923950195312
2351,-0.13152790069580078
2352,-0.9424505233764648
2353,6.579694747924805
2354,-5.112646579742432
2355,-0.9725446701049805
2356,6.36945915222168
2357,-0.5883145332336426
2358,0.5188446044921875
2359,10.093511581420898
2360,-2.0326220989227295
2361,0.35052013397216797
2362,9.650693893432617
2363,1.7898125648498535
2364,0.9024057388305664
2365,10.612785339355469
2366,-1.7000609636306763
2367,0.7579278945922852
2368,10.170248031616211
2369,1.9821834564208984
2370,-0.27519702911376953
2371,11.185770034790039
2372,-1.8978346586227417
2373,-0.247161865234375
2374,10.98138427734375
2375,1.6266698837280273
2376,-0.8429737091064453
2377,-3.6952648162841797
2378,-3.1189348697662354
2379,-0.636876106262207
2380,-3.9875879287719727
2381,-3.5486040115356445
2382,-0.598179817199707
2383,-3.967942237854004
2384,-3.548208475112915
2385,-0.5576086044311523
2386,-3.9467601776123047
2387,-3.5486364364624023
2388,-0.6429872512817383
2389,-3.979891777038574
2390,-2.7560811042785645
2391,-0.6132850646972656
2392,-3.961954116821289
2393,-2.755798578262329
2394,-0.5815658569335938
2395,-3.94854736328125
2396,-2.7557735443115234
2397,-0.27709102630615234
2398,-3.577434539794922
2399,-4.6360883712768555
2400,-0.3185291290283203
2401,-3.619584083557129
2402,-1.048554539680481
2403,-0.769587516784668
2404,-3.294382095336914
2405,-3.509298324584961
2406,-0.7778759002685547
2407,-3.289724349975586
2408,-2.4701666831970215
2409,-0.17360210418701172
2410,-1.5553913116455078
2411,-7.0264692306518555
2412,-0.35329627990722656
2413,-1.193526268005371
2414,1.0476810932159424
2415,-1.6280899047851562
2416,-0.3828277587890625
2417,-8.339364051818848
2418,-1.7056512832641602
2419,-0.27152061462402344
2420,1.5419011116027832
2421,-3.0833749771118164
2422,-1.0840387344360352
2423,-7.779761791229248
2424,-3.0848236083984375
2425,-0.9999513626098633
2426,0.5051944255828857
2427,-3.460416793823242
2428,-1.1450023651123047
2429,-8.73006534576416
2430,-3.4085769653320312
2431,-1.2260923385620117
2432,0.5481317043304443
2433,-3.4141950607299805
2434,-1.4582672119140625
2435,-8.313953399658203
2436,-3.4434432983398438
2437,-1.4189653396606445
2438,-0.027570009231567383
2439,-3.3335771560668945
2440,-1.4912729263305664
2441,-7.649786472320557
2442,-3.354069709777832
2443,-1.3725166320800781
2444,0.19336152076721191
2445,1.3442468643188477
2446,3.7242298126220703
2447,-5.255064010620117
2448,1.1395330429077148
2449,3.607433319091797
2450,-0.04605412483215332
2451,-0.9399728775024414
2452,6.533174514770508
2453,-5.970168113708496
2454,-0.9360055923461914
2455,6.339776992797852
2456,-0.49927830696105957
2457,0.5189428329467773
2458,10.11689567565918
2459,-3.9056038856506348
2460,0.37799739837646484
2461,9.69944953918457
2462,1.6295876502990723
2463,0.9009943008422852
2464,10.61747932434082
2465,-3.58902645111084
2466,0.7826900482177734
2467,10.180845260620117
2468,1.8358936309814453
2469,-0.2774066925048828
2470,11.188535690307617
2471,-3.738292694091797
2472,-0.19245433807373047
2473,10.90829849243164
2474,1.2816863059997559
2475,-0.6696758270263672
2476,-3.9613399505615234
2477,-3.7192678451538086
2478,-0.4834623336791992
2479,-4.21292781829834
2480,-4.18140983581543
2481,-0.4519510269165039
2482,-4.193485260009766
2483,-4.181859493255615
2484,-0.4042177200317383
2485,-4.18581485748291
2486,-4.182860851287842
2487,-0.48685646057128906
2488,-4.229062080383301
2489,-3.3512086868286133
2490,-0.46080493927001953
2491,-4.221543312072754
2492,-3.350964307785034
2493,-0.4163169860839844
2494,-4.227142333984375
2495,-3.3508405685424805
2496,-0.14024639129638672
2497,-3.873835563659668
2498,-5.141753196716309
2499,-0.1587200164794922
2500,-3.9315872192382812
2501,-1.4571231603622437
2502,-0.615290641784668
2503,-3.573152542114258
2504,-4.038116931915283
2505,-0.633540153503418
2506,-3.5857505798339844
2507,-2.966148853302002
2508,-0.058051109313964844
2509,-1.871053695678711
2510,-7.356409072875977
2511,-0.07450008392333984
2512,-1.6373558044433594
2513,0.8839986324310303
2514,-1.8119096755981445
2515,-0.8330755233764648
2516,-8.357403755187988
2517,-1.795644760131836
2518,-0.7654218673706055
2519,1.3282642364501953
2520,-3.2355947494506836
2521,-1.7405433654785156
2522,-7.942445278167725
2523,-3.153986930847168
2524,-1.4754629135131836
2525,-0.9140584468841553
2526,-3.633193016052246
2527,-2.1684131622314453
2528,-8.985357284545898
2529,-3.509256362915039
2530,-1.8579864501953125
2531,-1.0942628383636475
2532,-3.546553611755371
2533,-2.415450096130371
2534,-8.548685073852539
2535,-3.4954404830932617
2536,-2.0653181076049805
2537,-1.8523235321044922
2538,-3.4237842559814453
2539,-2.24562931060791
2540,-7.7957763671875
2541,-3.3780670166015625
2542,-1.9062728881835938
2543,-1.339016318321228
2544,1.170882225036621
2545,3.5780906677246094
2546,-5.279668807983398
2547,1.1005926132202148
2548,3.462291717529297
2549,-0.021615028381347656
2550,-0.9012308120727539
2551,6.604831695556641
2552,-5.254645824432373
2553,-0.851689338684082
2554,6.318336486816406
2555,0.16729283332824707
2556,0.5186433792114258
2557,10.228096008300781
2558,-2.707261323928833
2559,0.3779010772705078
2560,9.714178085327148
2561,3.2420620918273926
2562,0.9032564163208008
2563,10.755245208740234
2564,-2.367304563522339
2565,0.7824411392211914
2566,10.271055221557617
2567,3.5641770362854004
2568,-0.32855796813964844
2569,11.299079895019531
2570,-2.553670644760132
2571,-0.19988727569580078
2572,10.7994384765625
2573,3.0228943824768066
2574,-0.2548494338989258
2575,-4.866069793701172
2576,-0.3950629234313965
2577,-0.051482200622558594
2578,-5.089995384216309
2579,-0.8906471729278564
2580,-0.026391029357910156
2581,-5.074191093444824
2582,-0.890229344367981
2583,0.0016202926635742188
2584,-5.0594892501831055
2585,-0.890941858291626
2586,-0.04387092590332031
2587,-5.098507881164551
2588,-0.04476761817932129
2589,-0.015424728393554688
2590,-5.090909957885742
2591,-0.04465627670288086
2592,0.017049789428710938
2593,-5.086338996887207
2594,-0.04557633399963379
2595,0.18773460388183594
2596,-4.69456672668457
2597,-2.5109148025512695
2598,0.23455142974853516
2599,-4.762248992919922
2600,1.2741367816925049
2601,-0.3026914596557617
2602,-4.437142372131348
2603,-0.9489117860794067
2604,-0.3229990005493164
2605,-4.437847137451172
2606,0.14382123947143555
2607,0.018357276916503906
2608,-3.2305288314819336
2609,-5.070255279541016
2610,0.45453643798828125
2611,-2.546316146850586
2612,2.994786262512207
2613,-1.587656021118164
2614,-4.198545455932617
2615,-5.729100227355957
2616,-0.9428367614746094
2617,-2.7828006744384766
2618,4.984555244445801
2619,-2.2914981842041016
2620,-6.0977959632873535
2621,-3.6580114364624023
2622,-1.6965351104736328
2623,-4.566399574279785
2624,4.929089546203613
2625,-2.543063163757324
2626,-6.44980001449585
2627,-4.2147111892700195
2628,-1.8061866760253906
2629,-5.036317825317383
2630,5.118447303771973
2631,-2.3552284240722656
2632,-6.560036659240723
2633,-3.9841322898864746
2634,-1.813553810119629
2635,-5.27937126159668
2636,4.68297815322876
2637,-2.264982223510742
2638,-6.298990726470947
2639,-3.5168139934539795
2640,-1.8231725692749023
2641,-5.133708953857422
2642,4.698918342590332
2643,1.0031614303588867
2644,2.9590187072753906
2645,-5.297058582305908
2646,1.0337209701538086
2647,2.917560577392578
2648,-0.009680986404418945
2649,-0.9410858154296875
2650,6.575658798217773
2651,-5.295945167541504
2652,-0.850245475769043
2653,6.291748046875
2654,0.3036012649536133
2655,0.4295320510864258
2656,10.21636962890625
2657,-5.971678733825684
2658,0.34766674041748047
2659,9.652799606323242
2660,0.5300137996673584
2661,0.8261985778808594
2662,10.744880676269531
2663,-5.943600654602051
2664,0.6722917556762695
2665,10.222270965576172
2666,0.518287181854248
2667,-0.5001192092895508
2668,11.301761627197266
2669,-6.2023468017578125
2670,-0.1952648162841797
2671,10.970104217529297
2672,0.09060883522033691
2673,0.3936595916748047
2674,-6.573381423950195
2675,-2.018799304962158
2676,0.6283512115478516
2677,-6.611323833465576
2678,-2.4505856037139893
2679,0.6591386795043945
2680,-6.57375431060791
2681,-2.4506423473358154
2682,0.6946582794189453
2683,-6.5366621017456055
2684,-2.45166277885437
2685,0.605921745300293
2686,-6.609841346740723
2687,-1.6150187253952026
2688,0.621251106262207
2689,-6.575813293457031
2690,-1.6146966218948364
2691,0.6399421691894531
2692,-6.539038181304932
2693,-1.6154661178588867
2694,0.7814235687255859
2695,-6.114911079406738
2696,-3.643815517425537
2697,0.725128173828125
2698,-6.111783027648926
2699,0.11791396141052246
2700,0.3510303497314453
2701,-6.2409987449646
2702,-2.440351724624634
2703,0.30617237091064453
2704,-6.250201225280762
2705,-1.3550530672073364
2706,0.6090402603149414
2707,-4.809130668640137
2708,-6.017355918884277
2709,0.34108924865722656
2710,-4.277683258056641
2711,1.9869260787963867
2712,-1.0883026123046875
2713,-7.020555019378662
2714,-8.891691207885742
2715,-0.7110776901245117
2716,-6.549914836883545
2717,3.3537464141845703
2718,-1.2362174987792969
2719,-9.117830276489258
2720,-9.716073989868164
2721,-1.0236730575561523
2722,-8.785938262939453
2723,3.2761592864990234
2724,-1.2726917266845703
2725,-9.161215782165527
2726,-10.81738567352295
2727,-1.0018806457519531
2728,-8.953786849975586
2729,3.7967138290405273
2730,-1.572610855102539
2731,-9.236424446105957
2732,-10.370659828186035
2733,-1.0115299224853516
2734,-8.957930564880371
2735,3.4534802436828613
2736,-1.4644546508789062
2737,-9.206839561462402
2738,-9.608609199523926
2739,-1.0442371368408203
2740,-8.938228607177734
2741,2.9861068725585938
2742,0.7814750671386719
2743,1.6534814834594727
2744,-5.309128761291504
2745,0.6710357666015625
2746,1.8463621139526367
2747,0.0029184818267822266
2748,-0.8838939666748047
2749,6.0977935791015625
2750,-5.52937126159668
2751,-0.8067026138305664
2752,5.975744247436523
2753,-0.7350131273269653
2754,0.37644195556640625
2755,9.950220108032227
2756,-4.594085693359375
2757,0.33466434478759766
2758,9.658863067626953
2759,0.6102879047393799
2760,0.7892131805419922
2761,10.410425186157227
2762,-4.4296393394470215
2763,0.6602134704589844
2764,10.221094131469727
2765,0.7051527500152588
2766,-0.4788503646850586
2767,11.312763214111328
2768,-5.089699745178223
2769,-0.20028209686279297
2770,11.077703475952148
2771,-0.2920370101928711
2772,0.8543510437011719
2773,-8.199735641479492
2774,-3.2238898277282715
2775,1.0781526565551758
2776,-8.236021041870117
2777,-3.58480167388916
2778,1.1039838790893555
2779,-8.195464134216309
2780,-3.5854198932647705
2781,1.1303329467773438
2782,-8.147714614868164
2783,-3.585613250732422
2784,1.0776300430297852
2785,-8.233808517456055
2786,-2.876190423965454
2787,1.099334716796875
2788,-8.197198867797852
2789,-2.876587390899658
2790,1.119399070739746
2791,-8.157712936401367
2792,-2.877363920211792
2793,1.271230697631836
2794,-7.68372917175293
2795,-3.7818963527679443
2796,1.2365779876708984
2797,-7.695436000823975
2798,-0.9832508563995361
2799,0.8709030151367188
2800,-7.845288276672363
2801,-3.3638367652893066
2802,0.8518762588500977
2803,-7.851688385009766
2804,-2.4607808589935303
2805,1.0426645278930664
2806,-6.197047710418701
2807,-6.210902214050293
2808,0.7203502655029297
2809,-5.91208553314209
2810,1.2632105350494385
2811,0.8269147872924805
2812,-8.185087203979492
2813,-11.850494384765625
2814,-0.1197509765625
2815,-5.550933837890625
2816,4.451205730438232
2817,0.7197036743164062
2818,-9.976792335510254
2819,-15.66508960723877
2820,-0.8529853820800781
2821,-5.779509544372559
2822,6.610136032104492
2823,0.6884593963623047
2824,-10.3985013961792
2825,-16.8530216217041
2826,-0.7447042465209961
2827,-5.764949798583984
2828,7.249335289001465
2829,0.7084598541259766
2830,-10.175114631652832
2831,-16.42782211303711
2832,-0.7570362091064453
2833,-5.747045040130615
2834,6.4654388427734375
2835,0.7122058868408203
2836,-10.136357307434082
2837,-15.620694160461426
2838,-0.7879924774169922
2839,-5.768237113952637
2840,6.319855690002441
2841,0.29254817962646484
2842,0.26122570037841797
2843,-5.214201927185059
2844,0.2181558609008789
2845,0.3982200622558594
2846,-0.08779621124267578
2847,-0.8445768356323242
2848,5.113798141479492
2849,-5.359354019165039
2850,-0.7800359725952148
2851,4.93995475769043
2852,-0.6167628765106201
2853,0.18195056915283203
2854,9.419929504394531
2855,-4.157638072967529
2856,0.15361499786376953
2857,9.196544647216797
2858,1.0831937789916992
2859,0.5204553604125977
2860,9.789377212524414
2861,-4.011945724487305
2862,0.4687061309814453
2863,9.555572509765625
2864,1.1999287605285645
2865,-0.4759359359741211
2866,11.105493545532227
2867,-5.436384201049805
2868,-0.3908214569091797
2869,10.822717666625977
2870,-0.2022256851196289
2871,1.0128850936889648
2872,-8.110186576843262
2873,-3.042551279067993
2874,1.2325563430786133
2875,-8.162530899047852
2876,-3.462775707244873
2877,1.2713384628295898
2878,-8.111403465270996
2879,-3.4634270668029785
2880,1.3099937438964844
2881,-8.05952262878418
2882,-3.464839458465576
2883,1.184391975402832
2884,-8.206877708435059
2885,-2.7268097400665283
2886,1.1899423599243164
2887,-8.190112113952637
2888,-2.7268989086151123
2889,1.199885368347168
2890,-8.171903610229492
2891,-2.7275025844573975
2892,1.4515256881713867
2893,-7.593450546264648
2894,-4.088170528411865
2895,1.3358821868896484
2896,-7.714710235595703
2897,-0.9874022006988525
2898,1.017007827758789
2899,-7.712643623352051
2900,-3.327430009841919
2901,0.9345674514770508
2902,-7.747560501098633
2903,-2.3672661781311035
2904,1.349527359008789
2905,-6.269936561584473
2906,-6.42775297164917
2907,0.8257265090942383
2908,-6.098928928375244
2909,1.211259126663208
2910,1.0966005325317383
2911,-8.475786209106445
2912,-10.521464347839355
2913,0.39106273651123047
2914,-8.285784721374512
2915,4.161594867706299
2916,0.8914060592651367
2917,-10.411511421203613
2918,-9.48361587524414
2919,0.5152826309204102
2920,-10.31104564666748
2921,5.547787666320801
2922,0.8530387878417969
2923,-10.842798233032227
2924,-10.116617202758789
2925,0.5634746551513672
2926,-10.710029602050781
2927,5.686066627502441
2928,0.8957195281982422
2929,-10.850069999694824
2930,-9.706647872924805
2931,0.6734457015991211
2932,-10.66183090209961
2933,5.259856224060059
2934,0.896143913269043
2935,-10.667596817016602
2936,-9.330950736999512
2937,0.6524028778076172
2938,-10.44637680053711
2939,5.2767415046691895
2940,0.13263797760009766
2941,0.07460212707519531
2942,-5.19843053817749
2943,0.009555816650390625
2944,0.09811019897460938
2945,-0.10395026206970215
2946,-0.8243179321289062
2947,4.89030647277832
2948,-5.215066909790039
2949,-0.7734203338623047
2950,4.696107864379883
2951,-0.09037470817565918
2952,0.13343429565429688
2953,9.27897834777832
2954,-3.9874019622802734
2955,0.05258941650390625
2956,8.88441276550293
2957,1.2125306129455566
2958,0.4290428161621094
2959,9.659101486206055
2960,-3.8496761322021484
2961,0.35877323150634766
2962,9.339103698730469
2963,1.3848490715026855
2964,-0.5121850967407227
2965,10.971202850341797
2966,-5.299870491027832
2967,-0.5437231063842773
2968,10.374862670898438
2969,0.2391512393951416
2970,2.112668991088867
2971,-9.280718803405762
2972,-0.5023272037506104
2973,2.243450164794922
2974,-9.19154167175293
2975,-1.0614862442016602
2976,2.229461669921875
2977,-9.154010772705078
2978,-1.0605405569076538
2979,2.212477684020996
2980,-9.1156587600708
2981,-1.0606269836425781
2982,2.34316349029541
2983,-9.12834644317627
2984,-0.6566323041915894
2985,2.38399600982666
2986,-9.067880630493164
2987,-0.6573292016983032
2988,2.4207639694213867
2989,-9.010589599609375
2990,-0.6576926708221436
2991,2.2318973541259766
2992,-8.763026237487793
2993,-2.7295355796813965
2994,2.454901695251465
2995,-8.648685455322266
2996,-0.8369162082672119
2997,1.9881696701049805
2998,-8.999306678771973
2999,-1.0125415325164795
3000,2.109640121459961
3001,-8.892561912536621
3002,-0.4915273189544678
3003,1.3230972290039062
3004,-7.546508312225342
3005,-4.848602294921875
3006,1.9202795028686523
3007,-7.444596767425537
3008,0.5046474933624268
3009,0.6791954040527344
3010,-6.935329914093018
3011,-6.851410865783691
3012,2.093228340148926
3013,-9.395508766174316
3014,2.282479763031006
3015,0.5648269653320312
3016,-7.204877853393555
3017,-8.110467910766602
3018,2.0043296813964844
3019,-11.489666938781738
3020,3.4335532188415527
3021,0.5409708023071289
3022,-7.260895729064941
3023,-8.80278205871582
3024,2.0612382888793945
3025,-11.78169059753418
3026,3.430767059326172
3027,0.606165885925293
3028,-7.3129658699035645
3029,-8.525060653686523
3030,1.9777307510375977
3031,-11.7909517288208
3032,2.7506089210510254
3033,0.6054925918579102
3034,-7.2598652839660645
3035,-8.040079116821289
3036,1.9579992294311523
3037,-11.724568367004395
3038,3.2168259620666504
3039,-0.2217426300048828
3040,-2.430753707885742
3041,-5.06200647354126
3042,0.2756690979003906
3043,-1.9444408416748047
3044,-0.2431964874267578
3045,-1.8278446197509766
3046,1.7621994018554688
3047,-6.68375825881958
3048,-1.4341745376586914
3049,1.4473133087158203
3050,-1.2433230876922607
3051,-0.5491056442260742
3052,5.40416145324707
3053,-4.935545444488525
3054,-0.6739253997802734
3055,5.182851791381836
3056,0.3611021041870117
3057,-0.21321868896484375
3058,5.438318252563477
3059,-4.668857574462891
3060,-0.2594738006591797
3061,5.267724990844727
3062,0.5270781517028809
3063,-0.9312038421630859
3064,7.695995330810547
3065,-5.375419616699219
3066,-0.9917964935302734
3067,7.376646041870117
3068,-0.559633731842041
3069,2.085629463195801
3070,-8.92819595336914
3071,0.40500760078430176
3072,2.2284927368164062
3073,-9.014873504638672
3074,-0.08831548690795898
3075,2.2109756469726562
3076,-9.004953384399414
3077,-0.08713078498840332
3078,2.183856964111328
3079,-9.005637168884277
3080,-0.08707714080810547
3081,2.3132429122924805
3082,-8.965291023254395
3083,0.43334174156188965
3084,2.349289894104004
3085,-8.92471694946289
3086,0.43194103240966797
3087,2.3856964111328125
3088,-8.883089065551758
3089,0.4309201240539551
3090,2.23745059967041
3091,-8.724349975585938
3092,-1.8293335437774658
3093,2.465315818786621
3094,-8.559284210205078
3095,0.5442783832550049
3096,1.9967765808105469
3097,-8.69517707824707
3098,-0.17962050437927246
3099,2.077359199523926
3100,-8.628108978271484
3101,0.5020158290863037
3102,1.5719308853149414
3103,-7.371181011199951
3104,-4.60784387588501
3105,1.9856433868408203
3106,-7.082812309265137
3107,1.557558536529541
3108,0.7810869216918945
3109,-6.323615074157715
3110,-7.790705680847168
3111,1.972559928894043
3112,-9.285881042480469
3113,4.322096347808838
3114,0.42999744415283203
3115,-6.288735389709473
3116,-10.682106018066406
3117,2.1466455459594727
3118,-11.299335479736328
3119,6.858208656311035
3120,0.07842445373535156
3121,-6.236791610717773
3122,-11.43751335144043
3123,2.1641769409179688
3124,-11.666937828063965
3125,7.322253227233887
3126,0.5925693511962891
3127,-6.3285088539123535
3128,-11.141352653503418
3129,2.183135986328125
3130,-11.70183277130127
3131,6.891996383666992
3132,0.5210103988647461
3133,-6.313812255859375
3134,-10.627159118652344
3135,2.173539161682129
3136,-11.582930564880371
3137,6.696066856384277
3138,-0.4428739547729492
3139,-2.3348617553710938
3140,-5.0803728103637695
3141,0.008540153503417969
3142,-2.1293697357177734
3143,-0.2323777675628662
3144,-2.0367813110351562
3145,1.519937515258789
3146,-6.212738990783691
3147,-1.6144037246704102
3148,1.365290641784668
3149,-1.1986422538757324
3150,-0.6536273956298828
3151,5.172765731811523
3152,-5.7726569175720215
3153,-0.7435407638549805
3154,4.917285919189453
3155,0.18360590934753418
3156,-0.2332286834716797
3157,5.185491561889648
3158,-5.655550956726074
3159,-0.3864288330078125
3160,5.007316589355469
3161,0.1997997760772705
3162,-0.9074668884277344
3163,7.53325080871582
3164,-6.085056781768799
3165,-1.0797882080078125
3166,7.066379547119141
3167,-0.7009649276733398
3168,2.25604248046875
3169,-9.492794036865234
3170,-1.5365021228790283
3171,2.479050636291504
3172,-9.562106132507324
3173,-1.9725215435028076
3174,2.4881467819213867
3175,-9.530790328979492
3176,-1.9728960990905762
3177,2.496830940246582
3178,-9.500300407409668
3179,-1.9720485210418701
3180,2.507988929748535
3181,-9.548697471618652
3182,-1.147535800933838
3183,2.5330915451049805
3184,-9.507590293884277
3185,-1.1512811183929443
3186,2.5569162368774414
3187,-9.466764450073242
3188,-1.154078483581543
3189,2.599043846130371
3190,-9.068288803100586
3191,-3.336472988128662
3192,2.6576223373413086
3193,-9.01878547668457
3194,0.33316755294799805
3195,2.156895637512207
3196,-9.156929969787598
3197,-1.9817909002304077
3198,2.179123878479004
3199,-9.130365371704102
3200,-0.9095463752746582
3201,2.066007614135742
3202,-7.5688066482543945
3203,-5.795238971710205
3204,2.227794647216797
3205,-7.183788299560547
3206,1.518080711364746
3207,1.5303525924682617
3208,-9.489775657653809
3209,-8.635891914367676
3210,1.7673406600952148
3211,-9.212112426757812
3212,4.0422139167785645
3213,1.5699262619018555
3214,-11.70145034790039
3215,-9.251914978027344
3216,1.940643310546875
3217,-12.065378189086914
3218,4.9487528800964355
3219,1.4617834091186523
3220,-12.22989559173584
3221,-9.944645881652832
3222,1.921433448791504
3223,-12.635080337524414
3224,5.216936111450195
3225,1.6978158950805664
3226,-12.0594482421875
3227,-9.601183891296387
3228,1.9529743194580078
3229,-12.65829849243164
3230,4.7357378005981445
3231,1.6985044479370117
3232,-11.950176239013672
3233,-9.121190071105957
3234,1.9794855117797852
3235,-12.382451057434082
3236,4.7104973793029785
3237,-0.3145265579223633
3238,-2.8856287002563477
3239,-5.115148544311523
3240,-0.12084293365478516
3241,-2.7390594482421875
3242,-0.19479107856750488
3243,-2.6875715255737305
3244,-0.829005241394043
3245,-6.601846694946289
3246,-2.1074676513671875
3247,-0.8459463119506836
3248,-0.3080437183380127
3249,-1.300309181213379
3250,2.7214221954345703
3251,-3.5817692279815674
3252,-1.4024715423583984
3253,2.68996524810791
3254,1.976320743560791
3255,-0.9319677352905273
3256,2.852323532104492
3257,-3.1426985263824463
3258,-1.1184883117675781
3259,2.9914474487304688
3260,2.1326160430908203
3261,-1.7087774276733398
3262,4.732564926147461
3263,-2.7957496643066406
3264,-1.8781042098999023
3265,4.58787727355957
3266,1.9306373596191406
3267,2.4450674057006836
3268,-9.551729202270508
3269,-1.3950804471969604
3270,2.701634407043457
3271,-9.629825592041016
3272,-1.8827091455459595
3273,2.7218313217163086
3274,-9.589689254760742
3275,-1.8826889991760254
3276,2.742671012878418
3277,-9.5435152053833
3278,-1.8821207284927368
3279,2.717411994934082
3280,-9.628796577453613
3281,-1.0777522325515747
3282,2.747378349304199
3283,-9.589437484741211
3284,-1.0795748233795166
3285,2.777590751647949
3286,-9.542820930480957
3287,-1.0808100700378418
3288,2.8769311904907227
3289,-9.005681037902832
3290,-3.298170566558838
3291,2.900010108947754
3292,-8.981698989868164
3293,0.3192565441131592
3294,2.347707748413086
3295,-9.177413940429688
3296,-1.8685873746871948
3297,2.3416852951049805
3298,-9.170522689819336
3299,-0.8190996646881104
3300,2.3402204513549805
3301,-7.544582366943359
3302,-5.897893905639648
3303,2.239124298095703
3304,-7.302280426025391
3305,2.4376368522644043
3306,1.5644664764404297
3307,-9.442178726196289
3308,-8.63571548461914
3309,1.375192642211914
3310,-7.547184467315674
3311,6.000653266906738
3312,1.1491727828979492
3313,-11.969993591308594
3314,-7.232114791870117
3315,0.8907947540283203
3316,-9.53770637512207
3317,8.255476951599121
3318,1.0452442169189453
3319,-12.555054664611816
3320,-7.763548851013184
3321,0.833531379699707
3322,-10.003926277160645
3323,9.00327205657959
3324,1.1933002471923828
3325,-12.627747535705566
3326,-7.2183074951171875
3327,0.7968130111694336
3328,-10.121967315673828
3329,8.530806541442871
3330,1.1858024597167969
3331,-12.293089866638184
3332,-6.984024524688721
3333,0.8136005401611328
3334,-9.917072296142578
3335,8.106592178344727
3336,-0.23734283447265625
3337,-3.2408447265625
3338,-5.316877365112305
3339,-0.19125843048095703
3340,-3.3871402740478516
3341,0.010161399841308594
3342,-2.8726768493652344
3343,-4.080223083496094
3344,-6.634819030761719
3345,-2.507962226867676
3346,-4.394039154052734
3347,0.07906174659729004
3348,-2.3490867614746094
3349,0.04188346862792969
3350,-3.0932743549346924
3351,-2.347792625427246
3352,-0.1895580291748047
3353,2.9632039070129395
3354,-1.9458017349243164
3355,0.5710525512695312
3356,-2.587618350982666
3357,-1.9743642807006836
3358,0.44017791748046875
3359,3.199070930480957
3360,-3.1393566131591797
3361,1.5912446975708008
3362,-1.5047905445098877
3363,-3.1208362579345703
3364,1.352524757385254
3365,3.6692137718200684
3366,2.3565855026245117
3367,-9.512096405029297
3368,-1.9042142629623413
3369,2.6201677322387695
3370,-9.553503036499023
3371,-2.4997425079345703
3372,2.6455888748168945
3373,-9.506453514099121
3374,-2.500379800796509
3375,2.671597480773926
3376,-9.457242965698242
3377,-2.5006330013275146
3378,2.6173200607299805
3379,-9.562077522277832
3380,-1.7078797817230225
3381,2.641514778137207
3382,-9.52052116394043
3383,-1.7089704275131226
3384,2.6687936782836914
3385,-9.473576545715332
3386,-1.7092339992523193
3387,2.803025245666504
3388,-8.898460388183594
3389,-3.966000556945801
3390,2.8064451217651367
3391,-8.906113624572754
3392,-0.43549299240112305
3393,2.283733367919922
3394,-9.037069320678711
3395,-2.3583998680114746
3396,2.265331268310547
3397,-9.050829887390137
3398,-1.315844178199768
3399,2.2564897537231445
3400,-7.524312973022461
3401,-6.244729995727539
3402,2.292512893676758
3403,-7.204174041748047
3404,2.1791152954101562
3405,1.2664308547973633
3406,-9.396001815795898
3407,-7.822383403778076
3408,1.3192577362060547
3409,-8.877777099609375
3410,3.6218113899230957
3411,0.3746681213378906
3412,-11.903456687927246
3413,-6.2675700187683105
3414,0.3221397399902344
3415,-11.080127716064453
3416,2.694185256958008
3417,0.1604328155517578
3418,-12.653556823730469
3419,-6.9060893058776855
3420,0.2521018981933594
3421,-11.680819511413574
3422,2.8830394744873047
3423,0.3368797302246094
3424,-12.793777465820312
3425,-6.346545696258545
3426,0.25563716888427734
3427,-11.9769868850708
3428,2.170543670654297
3429,0.3922891616821289
3430,-12.326986312866211
3431,-5.998866081237793
3432,0.23695755004882812
3433,-11.602482795715332
3434,2.3604230880737305
3435,-0.3057365417480469
3436,-3.703166961669922
3437,-5.329525947570801
3438,-0.15202903747558594
3439,-3.334688186645508
3440,0.022881507873535156
3441,-2.4132919311523438
3442,-7.016120910644531
3443,-5.226263999938965
3444,-2.0579042434692383
3445,-6.305297374725342
3446,0.9199092388153076
3447,-3.066448211669922
3448,-2.7516679763793945
3449,-2.550839424133301
3450,-3.0416879653930664
3451,-2.899052619934082
3452,3.0778555870056152
3453,-2.982454299926758
3454,-1.8980579376220703
3455,-2.146462917327881
3456,-2.976236343383789
3457,-1.9954137802124023
3458,3.30806827545166
3459,-4.373967170715332
3460,-2.808957099914551
3461,-1.1800732612609863
3462,-4.26478385925293
3463,-2.936185836791992
3464,3.5701589584350586
3465,2.394963264465332
3466,-9.269039154052734
3467,-1.932445764541626
3468,2.6458845138549805
3469,-9.336125373840332
3470,-2.525275945663452
3471,2.6750059127807617
3472,-9.284018516540527
3473,-2.525952100753784
3474,2.700892448425293
3475,-9.238734245300293
3476,-2.526365280151367
3477,2.639266014099121
3478,-9.352041244506836
3479,-1.7549333572387695
3480,2.6652956008911133
3481,-9.309067726135254
3482,-1.7556092739105225
3483,2.6900548934936523
3484,-9.26980209350586
3485,-1.7555363178253174
3486,2.8219404220581055
3487,-8.723808288574219
3488,-3.9516654014587402
3489,2.816678047180176
3490,-8.743120193481445
3491,-0.5047972202301025
3492,2.3142099380493164
3493,-8.827570915222168
3494,-2.3620951175689697
3495,2.2914133071899414
3496,-8.854490280151367
3497,-1.323498249053955
3498,2.3213911056518555
3499,-7.390050411224365
3500,-6.192556381225586
3501,2.2633562088012695
3502,-7.025005340576172
3503,1.9324922561645508
3504,1.1374835968017578
3505,-9.300215721130371
3506,-7.556750297546387
3507,1.1626596450805664
3508,-8.784791946411133
3509,3.270366668701172
3510,0.28478336334228516
3511,-11.67691707611084
3512,-6.654253005981445
3513,0.17319679260253906
3514,-11.096380233764648
3515,2.454742431640625
3516,0.060591697692871094
3517,-12.645904541015625
3518,-7.350136756896973
3519,0.13680076599121094
3520,-11.405187606811523
3521,2.673692226409912
3522,0.2138528823852539
3523,-12.738916397094727
3524,-6.732137203216553
3525,0.1351776123046875
3526,-11.909952163696289
3527,2.032161235809326
3528,0.26586437225341797
3529,-12.310376167297363
3530,-6.380160331726074
3531,0.12438583374023438
3532,-11.642696380615234
3533,2.147508144378662
3534,-0.26865196228027344
3535,-3.7044992446899414
3536,-5.299435615539551
3537,-0.11100578308105469
3538,-3.349395751953125
3539,-0.007352352142333984
3540,-2.3082876205444336
3541,-7.0238471031188965
3542,-4.91166877746582
3543,-1.8944034576416016
3544,-6.430612564086914
3545,1.0327973365783691
3546,-3.1656370162963867
3547,-2.761026382446289
3548,-2.970376968383789
3549,-3.0201406478881836
3550,-3.0785675048828125
3551,2.905674934387207
3552,-3.109935760498047
3553,-1.9801206588745117
3554,-2.636864423751831
3555,-3.0473337173461914
3556,-2.137457847595215
3557,3.1196322441101074
3558,-4.369617462158203
3559,-2.8498897552490234
3560,-1.9521164894104004
3561,-4.188488006591797
3562,-3.065484046936035
3563,3.366234302520752
3564,2.727328300476074
3565,-8.808530807495117
3566,-2.704704523086548
3567,2.930556297302246
3568,-8.204092979431152
3569,-3.1134939193725586
3570,2.9379072189331055
3571,-8.103034973144531
3572,-3.114445924758911
3573,2.9443235397338867
3574,-8.001943588256836
3575,-3.1155898571014404
3576,2.931429862976074
3577,-8.267511367797852
3578,-2.379903793334961
3579,2.9390077590942383
3580,-8.209848403930664
3581,-2.380530834197998
3582,2.948744773864746
3583,-8.13896369934082
3584,-2.3806302547454834
3585,2.892104148864746
3586,-7.390377044677734
3587,-4.046900749206543
3588,2.922478675842285
3589,-7.563333511352539
3590,-0.7083879709243774
3591,2.5471982955932617
3592,-8.757640838623047
3593,-3.000739336013794
3594,2.5401620864868164
3595,-8.670368194580078
3596,-2.029914379119873
3597,2.03945255279541
3598,-7.114935398101807
3599,-6.147733211517334
3600,2.028092384338379
3601,-6.680873394012451
3602,1.7497811317443848
3603,0.5739707946777344
3604,-8.892841339111328
3605,-7.404216289520264
3606,0.6462717056274414
3607,-8.214324951171875
3608,2.3566160202026367
3609,0.0926961898803711
3610,-10.705154418945312
3611,-7.015875816345215
3612,-0.04841804504394531
3613,-10.685017585754395
3614,0.5712502002716064
3615,-0.02374553680419922
3616,-11.38131332397461
3617,-7.809542655944824
3618,0.06433963775634766
3619,-11.121161460876465
3620,0.7193500995635986
3621,0.11549663543701172
3622,-11.470519065856934
3623,-7.246616363525391
3624,0.09730720520019531
3625,-11.404901504516602
3626,-0.05907011032104492
3627,0.1482391357421875
3628,-11.156183242797852
3629,-6.805793285369873
3630,0.0719594955444336
3631,-11.15138053894043
3632,0.17265939712524414
3633,-0.6481723785400391
3634,-3.842289924621582
3635,-5.244001388549805
3636,-0.5761680603027344
3637,-3.923402786254883
3638,-0.060573577880859375
3639,-0.12326812744140625
3640,-8.713613510131836
3641,-5.439752578735352
3642,-0.4723834991455078
3643,-8.185348510742188
3644,0.41628026962280273
3645,-2.7308197021484375
3646,-8.099021911621094
3647,-3.62912917137146
3648,-2.7479114532470703
3649,-8.059823989868164
3650,1.68119478225708
3651,-3.010181427001953
3652,-7.54924201965332
3653,-3.451359510421753
3654,-3.016329765319824
3655,-7.570894718170166
3656,1.7863273620605469
3657,-3.316619873046875
3658,-10.340778350830078
3659,-3.902052164077759
3660,-3.2837085723876953
3661,-10.007198333740234
3662,1.2615840435028076
3663,2.7641191482543945
3664,-8.470893859863281
3665,-2.9109766483306885
3666,2.989926338195801
3667,-7.908563613891602
3668,-3.334989309310913
3669,3.002882957458496
3670,-7.82253885269165
3671,-3.3358402252197266
3672,3.0129919052124023
3673,-7.739532470703125
3674,-3.3368210792541504
3675,2.986098289489746
3676,-7.936949729919434
3677,-2.6328768730163574
3678,2.9954423904418945
3679,-7.871105194091797
3680,-2.6334071159362793
3681,3.0031652450561523
3682,-7.803918838500977
3683,-2.6339385509490967
3684,2.9712648391723633
3685,-7.120434761047363
3686,-4.234855651855469
3687,2.977574348449707
3688,-7.219399929046631
3689,-1.0785903930664062
3690,2.559908866882324
3691,-8.545700073242188
3692,-3.217620849609375
3693,2.5521345138549805
3694,-8.505245208740234
3695,-2.2962162494659424
3696,1.9912567138671875
3697,-6.7972612380981445
3698,-6.275014877319336
3699,1.9294366836547852
3700,-6.542497634887695
3701,1.4012556076049805
3702,0.5772686004638672
3703,-8.35378360748291
3704,-7.572242736816406
3705,0.579014778137207
3706,-8.097046852111816
3707,2.078948497772217
3708,0.10241031646728516
3709,-10.622461318969727
3710,-7.053310394287109
3711,0.07198238372802734
3712,-10.503264427185059
3713,0.3179144859313965
3714,-0.039488792419433594
3715,-11.304920196533203
3716,-7.797881126403809
3717,0.036876678466796875
3718,-10.845008850097656
3719,0.3813803195953369
3720,0.09196758270263672
3721,-11.294350624084473
3722,-7.299501419067383
3723,0.1501941680908203
3724,-11.119279861450195
3725,-0.34484052658081055
3726,0.11779308319091797
3727,-11.08730697631836
3728,-6.849526405334473
3729,0.12941741943359375
3730,-10.950551986694336
3731,-0.06243419647216797
3732,-0.7215995788574219
3733,-4.048376083374023
3734,-5.208432197570801
3735,-0.7025585174560547
3736,-4.141568183898926
3737,-0.09588909149169922
3738,-0.10385417938232422
3739,-9.00357437133789
3740,-5.460919380187988
3741,-0.23623180389404297
3742,-8.509936332702637
3743,0.30670619010925293
3744,-2.708865165710449
3745,-8.612924575805664
3746,-3.6238276958465576
3747,-2.694171905517578
3748,-8.442925453186035
3749,1.4055166244506836
3750,-3.029608726501465
3751,-7.985311031341553
3752,-3.4042067527770996
3753,-3.018970489501953
3754,-7.779651641845703
3755,1.4813027381896973
3756,-3.142274856567383
3757,-10.671496391296387
3758,-3.6027262210845947
3759,-3.1814279556274414
3760,-10.311934471130371
3761,1.0289819240570068
3762,2.999934196472168
3763,-6.187027931213379
3764,-5.425258636474609
3765,3.1078691482543945
3766,-5.623331069946289
3767,-5.746631145477295
3768,3.0480260848999023
3769,-5.5259928703308105
3770,-5.7473931312561035
3771,3.012906074523926
3772,-5.447194576263428
3773,-5.749225616455078
3774,3.147698402404785
3775,-5.731537342071533
3776,-5.113986015319824
3777,3.147049903869629
3778,-5.7298502922058105
3779,-5.1153645515441895
3780,3.144820213317871
3781,-5.731976509094238
3782,-5.11497688293457
3783,2.7004690170288086
3784,-5.208038330078125
3785,-6.090197563171387
3786,2.9009695053100586
3787,-5.526084899902344
3788,-3.2356173992156982
3789,2.5922060012817383
3790,-6.324152946472168
3791,-5.514020919799805
3792,2.7426137924194336
3793,-6.305455684661865
3794,-4.681954383850098
3795,1.5383853912353516
3796,-5.910519599914551
3797,-7.312337875366211
3798,1.8817758560180664
3799,-6.12689733505249
3800,-0.4888155460357666
3801,0.34029579162597656
3802,-7.545888423919678
3803,-8.14661979675293
3804,0.8186931610107422
3805,-7.632771968841553
3806,-0.12471866607666016
3807,0.15161991119384766
3808,-10.479060173034668
3809,-8.44040584564209
3810,0.9411401748657227
3811,-8.843155860900879
3812,-2.708925724029541
3813,-0.006690025329589844
3814,-11.161205291748047
3815,-9.529138565063477
3816,1.0876779556274414
3817,-8.860153198242188
3818,-2.7537012100219727
3819,0.25623512268066406
3820,-11.067075729370117
3821,-9.208049774169922
3822,1.1659355163574219
3823,-9.03455924987793
3824,-3.4616756439208984
3825,0.38460731506347656
3826,-10.825736045837402
3827,-8.360815048217773
3828,1.0927343368530273
3829,-9.109031677246094
3830,-3.0573275089263916
3831,-1.0692548751831055
3832,-4.129150390625
3833,-5.102400779724121
3834,-0.8291234970092773
3835,-4.313745498657227
3836,-0.19866108894348145
3837,0.5628862380981445
3838,-8.51536750793457
3839,-6.476616859436035
3840,0.6736459732055664
3841,-8.709874153137207
3842,-0.6605485677719116
3843,-2.0797834396362305
3844,-9.670681953430176
3845,-5.01106071472168
3846,-1.9461240768432617
3847,-9.693901062011719
3848,0.06475234031677246
3849,-2.4965925216674805
3850,-9.446745872497559
3851,-4.832963943481445
3852,-2.733395576477051
3853,-9.425387382507324
3854,0.09023427963256836
3855,-1.7716426849365234
3856,-11.811030387878418
3857,-5.460460662841797
3858,-1.8154487609863281
3859,-11.591547966003418
3860,-0.6054437160491943
3861,1.3231391906738281
3862,-5.616244316101074
3863,-0.4362001419067383
3864,1.3898792266845703
3865,-5.407381057739258
3866,-0.6390910148620605
3867,1.4136810302734375
3868,-5.363670825958252
3869,-0.6379241943359375
3870,1.437516212463379
3871,-5.321070194244385
3872,-0.6379590034484863
3873,1.3300762176513672
3874,-5.4893341064453125
3875,-0.3212761878967285
3876,1.3174924850463867
3877,-5.497777462005615
3878,-0.32309889793395996
3879,1.3043394088745117
3880,-5.504329204559326
3881,-0.32523584365844727
3882,1.532857894897461
3883,-5.1294403076171875
3884,-0.8784396648406982
3885,1.3484086990356445
3886,-5.469164848327637
3887,0.6219346523284912
3888,1.3949642181396484
3889,-5.828454971313477
3890,-0.47824716567993164
3891,1.267660140991211
3892,-5.696109771728516
3893,-0.05578112602233887
3894,1.473806381225586
3895,-5.174820899963379
3896,-1.9155930280685425
3897,0.9244089126586914
3898,-6.19395637512207
3899,1.18723464012146
3900,1.1969518661499023
3901,-6.478716850280762
3902,-2.2198171615600586
3903,0.2827587127685547
3904,-8.222277641296387
3905,0.11845135688781738
3906,1.423508644104004
3907,-6.889585018157959
3908,-1.1561458110809326
3909,0.7168960571289062
3910,-9.210041046142578
3911,-2.799626588821411
3912,1.4016246795654297
3913,-7.03132438659668
3914,-1.2480063438415527
3915,0.7043466567993164
3916,-9.258829116821289
3917,-2.8743679523468018
3918,1.394963264465332
3919,-6.919122695922852
3920,-1.175255298614502
3921,0.9319601058959961
3922,-9.187122344970703
3923,-3.174818754196167
3924,1.4080381393432617
3925,-6.9051737785339355
3926,-1.1098225116729736
3927,1.0011520385742188
3928,-9.20623779296875
3929,-2.9931185245513916
3930,-1.0600471496582031
3931,-4.660836219787598
3932,-4.298478603363037
3933,-1.3176307678222656
3934,-5.2641496658325195
3935,-1.0111559629440308
3936,1.302591323852539
3937,-7.262422561645508
3938,-5.923738956451416
3939,0.8707561492919922
3940,-8.504663467407227
3941,-2.3480045795440674
3942,-0.4689178466796875
3943,-9.85371208190918
3944,-7.188591003417969
3945,-0.8651857376098633
3946,-10.41173267364502
3947,-5.722107887268066
3948,-0.8975391387939453
3949,-10.013678550720215
3950,-7.400180816650391
3951,-1.2992315292358398
3952,-10.262920379638672
3953,-6.17318058013916
3954,-0.2143993377685547
3955,-11.692477226257324
3956,-8.190881729125977
3957,-0.946263313293457
3958,-11.743824005126953
3959,-7.224961280822754
3960,1.4869298934936523
3961,-0.6864938735961914
3962,-4.116257667541504
3963,1.3175735473632812
3964,-0.26247501373291016
3965,-4.576111316680908
3966,1.2876358032226562
3967,-0.2825746536254883
3968,-4.5775299072265625
3969,1.2570466995239258
3970,-0.32550716400146484
3971,-4.579253196716309
3972,1.3173637390136719
3973,-0.2754831314086914
3974,-3.806699275970459
3975,1.2885026931762695
3976,-0.30028533935546875
3977,-3.8064377307891846
3978,1.2597284317016602
3979,-0.3421964645385742
3980,-3.806256055831909
3981,0.9183549880981445
3982,-0.5794200897216797
3983,-5.669394493103027
3984,0.9190464019775391
3985,-0.5422048568725586
3986,-2.225525379180908
3987,1.3783512115478516
3988,-1.0479917526245117
3989,-4.5016398429870605
3990,1.384678840637207
3991,-1.0575838088989258
3992,-3.5012753009796143
3993,0.6647281646728516
3994,-2.604853630065918
3995,-7.508552074432373
3996,0.32338809967041016
3997,-2.6354236602783203
3998,0.21545791625976562
3999,0.5972681045532227
4000,-5.5400285720825195
4001,-7.570163249969482
4002,0.3955650329589844
4003,-5.257475852966309
4004,0.9204304218292236
4005,1.7052288055419922
4006,-6.670536994934082
4007,-5.692998886108398
4008,1.3130884170532227
4009,-6.2235612869262695
4010,-0.7093898057937622
4011,1.9702186584472656
4012,-6.756237983703613
4013,-6.365834712982178
4014,1.4925193786621094
4015,-6.216081619262695
4016,-0.7694271802902222
4017,2.030048370361328
4018,-6.506472587585449
4019,-6.172714710235596
4020,1.6003475189208984
4021,-6.138494968414307
4022,-1.423000454902649
4023,1.908442497253418
4024,-6.41061544418335
4025,-5.594661712646484
4026,1.6412944793701172
4027,-6.209253311157227
4028,-1.0657217502593994
4029,-0.8552379608154297
4030,-7.3728108406066895
4031,-5.028439521789551
4032,-1.0041999816894531
4033,-7.111340522766113
4034,-0.2744121551513672
4035,1.4144105911254883
4036,-6.261255741119385
4037,-4.637924671173096
4038,0.7838726043701172
4039,-5.427811145782471
4040,2.1072607040405273
4041,0.47296905517578125
4042,-9.90730094909668
4043,-1.0792638063430786
4044,0.2770957946777344
4045,-9.302778244018555
4046,3.9216670989990234
4047,0.04590129852294922
4048,-10.250853538513184
4049,-0.6774308681488037
4050,-0.07003211975097656
4051,-9.847380638122559
4052,4.0514092445373535
4053,1.199955940246582
4054,-10.7474365234375
4055,-0.08739876747131348
4056,0.7238588333129883
4057,-9.99721908569336
4058,4.101751327514648
4059,0.8147792816162109
4060,-3.111334800720215
4061,-2.45334529876709
4062,0.996495246887207
4063,-2.7347211837768555
4064,-2.815032720565796
4065,1.004490852355957
4066,-2.7567644119262695
4067,-2.8155109882354736
4068,0.9409751892089844
4069,-2.9867448806762695
4070,-2.814941167831421
4071,0.924626350402832
4072,-2.6479110717773438
4073,-2.7665674686431885
4074,0.9239101409912109
4075,-2.6589345932006836
4076,-2.7669944763183594
4077,0.9209423065185547
4078,-2.659860610961914
4079,-2.768955945968628
4080,0.8834371566772461
4081,-3.152066230773926
4082,-3.378432273864746
4083,0.7669143676757812
4084,-2.7896270751953125
4085,-2.961629867553711
4086,0.8110437393188477
4087,-3.208073616027832
4088,-2.499997854232788
4089,0.7221212387084961
4090,-3.1260576248168945
4091,-2.4402523040771484
4092,0.8779525756835938
4093,-4.226655960083008
4094,-3.5932564735412598
4095,0.12028884887695312
4096,-3.3140573501586914
4097,-2.525142192840576
4098,1.577199935913086
4099,-5.195652008056641
4100,-3.935532331466675
4101,0.5198764801025391
4102,-3.912447929382324
4103,-3.956752061843872
4104,2.5530920028686523
4105,-5.503976345062256
4106,-4.474800109863281
4107,1.3091297149658203
4108,-4.636085510253906
4109,-5.988528251647949
4110,2.909682273864746
4111,-5.701892852783203
4112,-5.152021408081055
4113,1.443150520324707
4114,-4.707588195800781
4115,-6.583359718322754
4116,3.149508476257324
4117,-5.650278091430664
4118,-5.044637680053711
4119,1.529256820678711
4120,-4.896414756774902
4121,-6.838623523712158
4122,2.595322608947754
4123,-5.423692226409912
4124,-4.502157211303711
4125,1.5242338180541992
4126,-4.943271636962891
4127,-6.188595294952393
4128,-0.3398284912109375
4129,-7.6777143478393555
4130,-2.957826614379883
4131,-0.7904262542724609
4132,-7.217052459716797
4133,-2.3549301624298096
4134,1.1249103546142578
4135,-3.4545488357543945
4136,-2.750164031982422
4137,0.5571479797363281
4138,-2.9663190841674805
4139,-1.310725450515747
4140,1.1736822128295898
4141,-4.6900835037231445
4142,-1.0034629106521606
4143,1.036829948425293
4144,-4.873907089233398
4145,0.8699264526367188
4146,1.1354951858520508
4147,-5.18638801574707
4148,-0.7093265056610107
4149,1.103419303894043
4150,-5.440588474273682
4151,1.122678279876709
4152,1.5215673446655273
4153,-3.8553285598754883
4154,-1.0154942274093628
4155,1.345743179321289
4156,-4.384952545166016
4157,1.2780113220214844
4158,0.9012374877929688
4159,-3.8076162338256836
4160,-2.136451005935669
4161,0.9736528396606445
4162,-3.442929267883301
4163,-2.487337350845337
4164,0.9813432693481445
4165,-3.421142578125
4166,-2.4872303009033203
4167,0.9643697738647461
4168,-3.410787582397461
4169,-2.487159252166748
4170,0.9491920471191406
4171,-3.5532798767089844
4172,-2.195075511932373
4173,0.9389266967773438
4174,-3.5339317321777344
4175,-2.195899486541748
4176,0.9274015426635742
4177,-3.5121469497680664
4178,-2.197986125946045
4179,0.8841733932495117
4180,-3.284576416015625
4181,-3.2063465118408203
4182,0.7827587127685547
4183,-3.201735496520996
4184,-1.924251914024353
4185,0.8082952499389648
4186,-3.832322120666504
4187,-2.3006479740142822
4188,0.7799921035766602
4189,-3.8456106185913086
4190,-1.9128865003585815
4191,0.512603759765625
4192,-3.7163686752319336
4193,-3.6949777603149414
4194,0.2242441177368164
4195,-3.516739845275879
4196,-1.3476078510284424
4197,1.2735929489135742
4198,-3.880537986755371
4199,-4.661555767059326
4200,1.3322944641113281
4201,-4.086565971374512
4202,-2.0887246131896973
4203,1.9096078872680664
4204,-4.0741777420043945
4205,-4.825395584106445
4206,2.1596879959106445
4207,-4.729042053222656
4208,-4.135702133178711
4209,1.940709114074707
4210,-4.181740760803223
4211,-5.609167575836182
4212,2.3245925903320312
4213,-4.82171630859375
4214,-4.447893142700195
4215,1.9363136291503906
4216,-4.174923896789551
4217,-5.416599273681641
4218,2.294674873352051
4219,-4.92381477355957
4220,-4.898022651672363
4221,1.8682575225830078
4222,-4.172121047973633
4223,-4.614038944244385
4224,2.238802909851074
4225,-4.955387115478516
4226,-4.393335819244385
4227,-0.18137264251708984
4228,-7.4636969566345215
4229,-3.5983846187591553
4230,-0.5038204193115234
4231,-7.252137184143066
4232,-1.714202642440796
4233,1.1663951873779297
4234,-3.2094478607177734
4235,-3.4608101844787598
4236,1.3296899795532227
4237,-3.178253173828125
4238,-1.718517780303955
4239,2.0531673431396484
4240,-5.866643905639648
4241,-3.119009017944336
4242,2.250189781188965
4243,-6.310349941253662
4244,-1.4966665506362915
4245,2.12300968170166
4246,-6.36704158782959
4247,-3.064915180206299
4248,2.2870378494262695
4249,-6.889563083648682
4250,-1.4652979373931885
4251,2.3887109756469727
4252,-4.586947441101074
4253,-3.3189473152160645
4254,2.328902244567871
4255,-5.8755412101745605
4256,-1.5587327480316162
4257,0.04268074035644531
4258,-3.1680564880371094
4259,5.0687174797058105
4260,-0.022650718688964844
4261,-3.0196876525878906
4262,5.59287166595459
4263,-0.06552505493164062
4264,-3.019284248352051
4265,5.590816497802734
4266,-0.1099386215209961
4267,-3.0215272903442383
4268,5.591977119445801
4269,0.09500408172607422
4270,-3.0494117736816406
4271,5.586220741271973
4272,0.13095855712890625
4273,-3.0551538467407227
4274,5.585391998291016
4275,0.16446781158447266
4276,-3.0624895095825195
4277,5.582348823547363
4278,-0.23845672607421875
4279,-3.1866798400878906
4280,6.912504196166992
4281,0.1974811553955078
4282,-3.2667551040649414
4283,6.926809310913086
4284,-0.04289054870605469
4285,-3.35467529296875
4286,5.42620849609375
4287,0.08867740631103516
4288,-3.3664236068725586
4289,5.414125442504883
4290,-0.5556526184082031
4291,-3.8511743545532227
4292,4.781496524810791
4293,0.26929187774658203
4294,-4.094264984130859
4295,5.656894683837891
4296,-1.1141300201416016
4297,-3.7943010330200195
4298,2.016590118408203
4299,1.0810279846191406
4300,-4.004900932312012
4301,2.6877284049987793
4302,-1.094156265258789
4303,-3.104269027709961
4304,0.3186960220336914
4305,0.3357362747192383
4306,-3.7901525497436523
4307,0.8943843841552734
4308,-1.1451520919799805
4309,-2.9611454010009766
4310,-0.07982826232910156
4311,0.19248390197753906
4312,-3.9002132415771484
4313,0.6151390075683594
4314,-1.0676145553588867
4315,-2.92132568359375
4316,0.03630256652832031
4317,0.1396770477294922
4318,-3.762803077697754
4319,0.7557201385498047
4320,-1.0113983154296875
4321,-3.0052671432495117
4322,0.33776235580444336
4323,0.1886119842529297
4324,-3.7701902389526367
4325,0.9102532863616943
4326,-0.4871959686279297
4327,-6.113545894622803
4328,-3.2922582626342773
4329,-0.033138275146484375
4330,-6.7709503173828125
4331,-2.020540952682495
4332,0.20160961151123047
4333,-1.8199653625488281
4334,-6.3079447746276855
4335,1.1869478225708008
4336,-3.086181640625
4337,-5.076149940490723
4338,1.4442558288574219
4339,-1.7107038497924805
4340,-13.037446975708008
4341,2.6750364303588867
4342,-2.274423599243164
4343,-12.157244682312012
4344,1.4380378723144531
4345,-2.095667839050293
4346,-13.838329315185547
4347,2.749199867248535
4348,-2.5046348571777344
4349,-13.015108108520508
4350,1.9523983001708984
4351,-1.09307861328125
4352,-15.710229873657227
4353,3.38271427154541
4354,-1.1377239227294922
4355,-15.152360916137695
4356,-3.4237585067749023
4357,-1.5100946426391602
4358,-3.308295488357544
4359,-3.6302976608276367
4360,-1.8045873641967773
4361,-3.780571222305298
4362,-3.6270151138305664
4363,-1.8483810424804688
4364,-3.781932830810547
4365,-3.623882293701172
4366,-1.8847780227661133
4367,-3.7830708026885986
4368,-3.632723808288574
4369,-1.7932977676391602
4370,-3.0080714225769043
4371,-3.6313552856445312
4372,-1.831660270690918
4373,-3.0085291862487793
4374,-3.6314268112182617
4375,-1.864680290222168
4376,-3.009843349456787
4377,-3.448075294494629
4378,-2.386542320251465
4379,-4.974954605102539
4380,-3.4720020294189453
4381,-2.396571159362793
4382,-1.5378179550170898
4383,-3.167963981628418
4384,-1.7333059310913086
4385,-3.693966865539551
4386,-3.164189338684082
4387,-1.6993694305419922
4388,-2.690495491027832
4389,-2.218451499938965
4390,-3.007229804992676
4391,-7.062180042266846
4392,-2.165316581726074
4393,-2.87514591217041
4394,1.099273920059204
4395,-0.4303913116455078
4396,-1.2101097106933594
4397,-7.11604118347168
4398,-0.5817985534667969
4399,-1.260746955871582
4400,2.0629148483276367
4401,-0.11722087860107422
4402,1.4068279266357422
4403,-5.089465618133545
4404,-0.39723873138427734
4405,0.9488706588745117
4406,0.25961971282958984
4407,0.011228561401367188
4408,2.0066776275634766
4409,-5.586235523223877
4410,-0.3162117004394531
4411,1.61871337890625
4412,0.35579991340637207
4413,-0.2622499465942383
4414,1.9783906936645508
4415,-5.380019664764404
4416,-0.5281085968017578
4417,1.6293039321899414
4418,-0.25958800315856934
4419,-0.3189105987548828
4420,1.6790132522583008
4421,-4.9434919357299805
4422,-0.5398874282836914
4423,1.5039558410644531
4424,-0.07470178604125977
4425,0.8610095977783203
4426,-3.2644805908203125
4427,-5.300837516784668
4428,0.6696853637695312
4429,-2.9308223724365234
4430,0.002221345901489258
4431,0.704986572265625
4432,1.8752098083496094
4433,-6.194746494293213
4434,-0.21756267547607422
4435,1.3258581161499023
4436,0.8467082977294922
4437,2.3828678131103516
4438,5.700155258178711
4439,-5.449337959289551
4440,1.2259960174560547
4441,3.3571529388427734
4442,2.3655948638916016
4443,2.818558692932129
4444,6.043615341186523
4445,-5.397504806518555
4446,1.6025419235229492
4447,3.4431228637695312
4448,2.478346824645996
4449,1.7929620742797852
4450,7.462501525878906
4451,-6.517606735229492
4452,1.0201892852783203
4453,5.142461776733398
4454,2.2231359481811523
4455,-3.4261837005615234
4456,-1.5062141418457031
4457,-4.400405406951904
4458,-3.6327381134033203
4459,-1.8022193908691406
4460,-4.905200004577637
4461,-3.6292972564697266
4462,-1.8442726135253906
4463,-4.906850814819336
4464,-3.6263275146484375
4465,-1.879190444946289
4466,-4.908882141113281
4467,-3.6349449157714844
4468,-1.7933578491210938
4469,-4.090381622314453
4470,-3.633212089538574
4471,-1.8321619033813477
4472,-4.090884208679199
4473,-3.6332950592041016
4474,-1.865976333618164
4475,-4.092329025268555
4476,-3.446504592895508
4477,-2.368043899536133
4478,-6.155026912689209
4479,-3.471994400024414
4480,-2.3908920288085938
4481,-2.5182902812957764
4482,-3.167973518371582
4483,-1.7043418884277344
4484,-4.80202054977417
4485,-3.164236068725586
4486,-1.6836843490600586
4487,-3.7418007850646973
4488,-2.153562545776367
4489,-2.8900279998779297
4490,-8.079069137573242
4491,-2.1653194427490234
4492,-2.880438804626465
4493,0.3109250068664551
4494,-0.36397457122802734
4495,-1.0688953399658203
4496,-8.15892505645752
4497,-0.5519542694091797
4498,-1.3101434707641602
4499,1.2793009281158447
4500,-0.07921123504638672
4501,1.4771575927734375
4502,-5.959094047546387
4503,-0.3266563415527344
4504,0.9565143585205078
4505,-0.5630879402160645
4506,0.015869140625
4507,2.062106132507324
4508,-6.547656059265137
4509,-0.25385570526123047
4510,1.5446052551269531
4511,-0.4836888313293457
4512,-0.2460927963256836
4513,2.0816164016723633
4514,-6.310935020446777
4515,-0.38686561584472656
4516,1.6230697631835938
4517,-1.1986337900161743
4518,-0.30684375762939453
4519,1.808441162109375
4520,-5.809150695800781
4521,-0.38878917694091797
4522,1.4701385498046875
4523,-0.9341950416564941
4524,0.8742837905883789
4525,-3.229804039001465
4526,-5.285027503967285
4527,0.6634283065795898
4528,-2.9330291748046875
4529,-0.012353181838989258
4530,0.7202472686767578
4531,1.8767366409301758
4532,-5.900727272033691
4533,-0.31319618225097656
4534,1.117995262145996
4535,1.247861385345459
4536,2.369441032409668
4537,5.714483261108398
4538,-4.820453643798828
4539,1.0308513641357422
4540,3.125204086303711
4541,3.046448230743408
4542,2.7923784255981445
4543,6.061653137207031
4544,-4.7444257736206055
4545,1.4021921157836914
4546,3.2567977905273438
4547,3.1844143867492676
4548,1.786179542541504
4549,7.503730773925781
4550,-5.97058629989624
4551,0.7496786117553711
4552,4.678300857543945
4553,2.8479785919189453
4554,-3.2357444763183594
4555,-1.9654617309570312
4556,-2.3471035957336426
4557,-3.3317270278930664
4558,-2.3324337005615234
4559,-2.953158378601074
4560,-3.317782402038574
4561,-2.347543716430664
4562,-2.953664779663086
4563,-3.3046579360961914
4564,-2.359851837158203
4565,-2.953660011291504
4566,-3.329928398132324
4567,-2.3737993240356445
4568,-2.321237325668335
4569,-3.313915252685547
4570,-2.417088508605957
4571,-2.3218820095062256
4572,-3.300145149230957
4573,-2.459662437438965
4574,-2.3215975761413574
4575,-3.061673164367676
4576,-2.608835220336914
4577,-4.52424430847168
4578,-3.068075180053711
4579,-2.782862663269043
4580,-1.7369401454925537
4581,-3.0051307678222656
4582,-1.9038095474243164
4583,-2.81127667427063
4584,-2.9898576736450195
4585,-1.942561149597168
4586,-1.9869239330291748
4587,-1.9529857635498047
4588,-1.298452377319336
4589,-6.410182952880859
4590,-1.8406286239624023
4591,-2.47756290435791
4592,0.7509286403656006
4593,-1.269857406616211
4594,1.511941909790039
4595,-6.916708469390869
4596,-0.6508960723876953
4597,-0.6716413497924805
4598,3.3945822715759277
4599,-2.0035953521728516
4600,3.8157711029052734
4601,-5.965574264526367
4602,-1.0039424896240234
4603,1.437260627746582
4604,3.6862306594848633
4605,-2.162853240966797
4606,4.500677108764648
4607,-6.703904628753662
4608,-1.1014156341552734
4609,1.6548175811767578
4610,4.153045654296875
4611,-2.33396053314209
4612,4.238822937011719
4613,-6.302640914916992
4614,-1.2370052337646484
4615,1.8887243270874023
4616,3.3052453994750977
4617,-2.253209114074707
4618,4.040718078613281
4619,-5.791996955871582
4620,-1.216440200805664
4621,1.8797645568847656
4622,3.3725428581237793
4623,0.8772220611572266
4624,-0.13304710388183594
4625,-5.241433620452881
4626,0.7498416900634766
4627,-0.8608951568603516
4628,-0.053457021713256836
4629,0.44341182708740234
4630,5.001842498779297
4631,-5.586576461791992
4632,-0.025504112243652344
4633,3.3910484313964844
4634,-0.9036209583282471
4635,1.1235952377319336
4636,8.003728866577148
4637,-3.8013978004455566
4638,0.9448099136352539
4639,6.260602951049805
4640,0.35143136978149414
4641,1.4358367919921875
4642,8.340211868286133
4643,-3.5714755058288574
4644,1.2341794967651367
4645,6.530912399291992
4646,0.4845540523529053
4647,0.5093069076538086
4648,9.461328506469727
4649,-4.540331840515137
4650,0.5676975250244141
4651,7.27531623840332
4652,-0.45966243743896484
4653,-3.1308164596557617
4654,-2.0361509323120117
4655,-1.3794478178024292
4656,-3.2293052673339844
4657,-2.405686378479004
4658,-1.9754023551940918
4659,-3.2147579193115234
4660,-2.436664581298828
4661,-1.97623872756958
4662,-3.201138496398926
4663,-2.4689464569091797
4664,-1.9774327278137207
4665,-3.2362852096557617
4666,-2.4192914962768555
4667,-1.2028383016586304
4668,-3.226827621459961
4669,-2.4565296173095703
4670,-1.20399010181427
4671,-3.2200984954833984
4672,-2.496244430541992
4673,-1.2056533098220825
4674,-2.956857681274414
4675,-2.731776237487793
4676,-3.4913713932037354
4677,-2.997997283935547
4678,-2.823850631713867
4679,-0.019860029220581055
4680,-2.908066749572754
4681,-1.9826374053955078
4682,-1.8163228034973145
4683,-2.903867721557617
4684,-1.9801702499389648
4685,-0.8038666248321533
4686,-1.883397102355957
4687,-1.7312679290771484
4688,-5.699497222900391
4689,-1.714874267578125
4690,-2.326327323913574
4691,2.528688907623291
4692,-1.2526884078979492
4693,1.0556707382202148
4694,-6.326355934143066
4695,-0.9632892608642578
4696,0.3903770446777344
4697,3.8479132652282715
4698,-1.947443962097168
4699,3.707914352416992
4700,-5.427944183349609
4701,-1.6237306594848633
4702,2.7253475189208984
4703,2.975008964538574
4704,-2.149538993835449
4705,4.483226776123047
4706,-6.071904182434082
4707,-1.5614805221557617
4708,3.0295143127441406
4709,3.3195033073425293
4710,-2.3197879791259766
4711,4.31300163269043
4712,-5.315021514892578
4713,-1.7471628189086914
4714,3.1596851348876953
4715,2.6189889907836914
4716,-2.2416954040527344
4717,4.029821395874023
4718,-5.094352722167969
4719,-1.7027244567871094
4720,3.1399574279785156
4721,2.653942584991455
4722,0.8786153793334961
4723,0.3895149230957031
4724,-5.324641227722168
4725,0.8987178802490234
4726,0.09981155395507812
4727,0.026256322860717773
4728,0.3287954330444336
4729,5.764238357543945
4730,-4.94350528717041
4731,0.24473953247070312
4732,5.30607795715332
4733,-0.12994623184204102
4734,0.7825736999511719
4735,10.052255630493164
4736,-3.4435906410217285
4737,0.7401895523071289
4738,9.709949493408203
4739,1.3737287521362305
4740,0.9806509017944336
4741,10.785179138183594
4742,-3.2642860412597656
4743,1.007807731628418
4744,10.467597961425781
4745,1.4970474243164062
4746,-0.29979610443115234
4747,10.867715835571289
4748,-4.221298694610596
4749,-0.12325096130371094
4750,10.627981185913086
4751,0.8431267738342285
4752,-2.6227951049804688
4753,-1.9684991836547852
4754,-1.691929578781128
4755,-2.709540367126465
4756,-2.3373260498046875
4757,-2.283884048461914
4758,-2.689962387084961
4759,-2.3662595748901367
4760,-2.2848122119903564
4761,-2.669428825378418
4762,-2.3969640731811523
4763,-2.285292863845825
4764,-2.71523380279541
4765,-2.355710983276367
4766,-1.5684762001037598
4767,-2.699575424194336
4768,-2.39340877532959
4769,-1.5692760944366455
4770,-2.685638427734375
4771,-2.432745933532715
4772,-1.5700894594192505
4773,-2.4117136001586914
4774,-2.7291908264160156
4775,-3.706725597381592
4776,-2.451807975769043
4777,-2.790576934814453
4778,-0.47270965576171875
4779,-2.3785457611083984
4780,-1.8573274612426758
4781,-2.087233066558838
4782,-2.387019157409668
4783,-1.8714723587036133
4784,-1.1563750505447388
4785,-1.6034955978393555
4786,-1.051910400390625
4787,-5.935262680053711
4788,-1.2379941940307617
4789,-1.8787851333618164
4790,2.2306575775146484
4791,-1.7243919372558594
4792,2.033517837524414
4793,-6.527971267700195
4794,-0.9656476974487305
4795,0.5158901214599609
4796,4.699241638183594
4797,-2.8504257202148438
4798,4.224225997924805
4799,-4.820437431335449
4800,-1.7275676727294922
4801,2.5688114166259766
4802,5.1157026290893555
4803,-3.097728729248047
4804,4.846254348754883
4805,-5.361017227172852
4806,-1.9082307815551758
4807,2.7459354400634766
4808,5.6156721115112305
4809,-3.2381744384765625
4810,4.691701889038086
4811,-4.728520393371582
4812,-2.054600715637207
4813,2.8104724884033203
4814,4.88507080078125
4815,-3.147523880004883
4816,4.512523651123047
4817,-4.501340389251709
4818,-1.9917869567871094
4819,2.8057727813720703
4820,4.830428600311279
4821,0.9774665832519531
4822,1.799271583557129
4823,-5.305834770202637
4824,1.0953693389892578
4825,1.5357437133789062
4826,0.005688905715942383
4827,-0.3696565628051758
4828,6.394065856933594
4829,-4.7122697830200195
4830,-0.026166915893554688
4831,5.798095703125
4832,0.06456923484802246
4833,0.7120342254638672
4834,10.120996475219727
4835,-2.4568490982055664
4836,0.6084108352661133
4837,9.73300552368164
4838,2.4274392127990723
4839,1.0679244995117188
4840,10.747329711914062
4841,-2.1806817054748535
4842,0.9179544448852539
4843,10.318868637084961
4844,2.6984238624572754
4845,-0.2168750762939453
4846,10.960508346557617
4847,-2.517279624938965
4848,-0.2175579071044922
4849,10.665016174316406
4850,2.3881731033325195
4851,-2.373729705810547
4852,-1.8253803253173828
4853,-3.465954303741455
4854,-2.391728401184082
4855,-2.331892967224121
4856,-3.964524269104004
4857,-2.367995262145996
4858,-2.3625240325927734
4859,-3.9649572372436523
4860,-2.3419198989868164
4861,-2.386272430419922
4862,-3.9648337364196777
4863,-2.398609161376953
4864,-2.335686683654785
4865,-3.1920270919799805
4866,-2.3806419372558594
4867,-2.3666820526123047
4868,-3.1929800510406494
4869,-2.3610925674438477
4870,-2.4049205780029297
4871,-3.193787097930908
4872,-2.022176742553711
4873,-2.5648670196533203
4874,-5.106626510620117
4875,-2.06573486328125
4876,-2.579404830932617
4877,-1.674153447151184
4878,-2.1201705932617188
4879,-1.5294113159179688
4880,-3.829536199569702
4881,-2.118478775024414
4882,-1.506281852722168
4883,-2.8227286338806152
4884,-1.229750633239746
4885,-0.8403167724609375
4886,-7.23624849319458
4887,-1.0681953430175781
4888,-0.6320962905883789
4889,0.9400222301483154
4890,-2.0332136154174805
4891,2.2876853942871094
4892,-8.887569427490234
4893,-1.8323030471801758
4894,2.2980260848999023
4895,2.063821792602539
4896,-3.358257293701172
4897,4.232671737670898
4898,-8.681233406066895
4899,-2.995525360107422
4900,4.071718215942383
4901,0.8078997135162354
4902,-3.7074222564697266
4903,4.781000137329102
4904,-9.61963176727295
4905,-3.287480354309082
4906,4.453159332275391
4907,0.9744102954864502
4908,-3.807234764099121
4909,4.665616989135742
4910,-8.955167770385742
4911,-3.322021484375
4912,4.41242790222168
4913,0.13757061958312988
4914,-3.6550703048706055
4915,4.530485153198242
4916,-8.432265281677246
4917,-3.249032974243164
4918,4.336395263671875
4919,0.3961954116821289
4920,1.162099838256836
4921,2.7192516326904297
4922,-5.311596870422363
4923,1.0494298934936523
4924,2.559457778930664
4925,0.010564565658569336
4926,-0.6353330612182617
4927,6.565790176391602
4928,-4.813089847564697
4929,-0.615534782409668
4930,6.169706344604492
4931,-0.32220959663391113
4932,0.7947998046875
4933,10.112802505493164
4934,-3.2814245223999023
4935,0.5931901931762695
4936,9.67466926574707
4937,2.522109031677246
4938,1.2237577438354492
4939,10.629175186157227
4940,-3.0733914375305176
4941,0.9558506011962891
4942,10.151277542114258
4943,2.829822063446045
4944,-0.24371337890625
4945,11.296562194824219
4946,-3.6524240970611572
4947,-0.20000934600830078
4948,10.728063583374023
4949,2.585383415222168
4950,-2.1275787353515625
4951,-1.6459808349609375
4952,-3.3542776107788086
4953,-2.1603269577026367
4954,-2.178097724914551
4955,-3.777778148651123
4956,-2.140204429626465
4957,-2.2093887329101562
4958,-3.778531074523926
4959,-2.120180130004883
4960,-2.2350568771362305
4961,-3.779294013977051
4962,-2.1451587677001953
4963,-2.193301200866699
4964,-3.0295443534851074
4965,-2.119502067565918
4966,-2.2262697219848633
4967,-3.030641555786133
4968,-2.09238338470459
4969,-2.2709436416625977
4970,-3.0318000316619873
4971,-1.7841062545776367
4972,-2.3223514556884766
4973,-4.956065654754639
4974,-1.7666521072387695
4975,-2.358321189880371
4976,-1.561995506286621
4977,-1.923187255859375
4978,-1.324021339416504
4979,-3.7018542289733887
4980,-1.8993597030639648
4981,-1.3029232025146484
4982,-2.7358832359313965
4983,-1.1691217422485352
4984,-0.5007076263427734
4985,-7.109249591827393
4986,-0.6733407974243164
4987,-0.7208576202392578
4988,1.0542891025543213
4989,-2.2177791595458984
4990,2.299859046936035
4991,-8.103798866271973
4992,-1.757411003112793
4993,2.1343631744384766
4994,2.3302998542785645
4995,-3.570523262023926
4996,4.10528564453125
4997,-6.863867282867432
4998,-2.8719234466552734
4999,3.9139652252197266
5000,1.1870858669281006
5001,-4.011298179626465
5002,4.569719314575195
5003,-7.5617170333862305
5004,-3.218851089477539
5005,4.272777557373047
5006,1.413900375366211
5007,-4.048825263977051
5008,4.492349624633789
5009,-7.079195022583008
5010,-3.193600654602051
5011,4.078832626342773
5012,0.6752810478210449
5013,-3.8170862197875977
5014,4.352190017700195
5015,-6.6500139236450195
5016,-3.156522750854492
5017,4.242704391479492
5018,0.8350875377655029
5019,1.1518945693969727
5020,3.0845508575439453
5021,-5.303938865661621
5022,1.3315210342407227
5023,2.8938846588134766
5024,0.0010039806365966797
5025,-0.6342802047729492
5026,6.650876998901367
5027,-3.9365787506103516
5028,-0.5314598083496094
5029,6.187955856323242
5030,0.8790526390075684
5031,0.7842836380004883
5032,10.13753890991211
5033,-0.9407902956008911
5034,0.6548995971679688
5035,9.650146484375
5036,4.285764217376709
5037,1.2237539291381836
5038,10.750661849975586
5039,-0.6122932434082031
5040,1.0139245986938477
5041,10.259096145629883
5042,4.6608734130859375
5043,-0.16623306274414062
5044,10.970378875732422
5045,-0.8969078063964844
5046,-0.09122371673583984
5047,10.476041793823242
5048,4.517763614654541
5049,-2.0920944213867188
5050,-1.6248130798339844
5051,-3.089543581008911
5052,-2.116527557373047
5053,-2.161360740661621
5054,-3.628108501434326
5055,-2.0979270935058594
5056,-2.194072723388672
5057,-3.6288795471191406
5058,-2.0780210494995117
5059,-2.2223663330078125
5060,-3.6289172172546387
5061,-2.11008358001709
5062,-2.171964645385742
5063,-2.8743104934692383
5064,-2.0870065689086914
5065,-2.2064085006713867
5066,-2.8748388290405273
5067,-2.0612030029296875
5068,-2.253337860107422
5069,-2.8756439685821533
5070,-1.7493629455566406
5071,-2.2889280319213867
5072,-4.9344940185546875
5073,-1.704925537109375
5074,-2.3320541381835938
5075,-1.5586419105529785
5076,-1.884627342224121
5077,-1.3262147903442383
5078,-3.4829013347625732
5079,-1.868983268737793
5080,-1.297968864440918
5081,-2.514047384262085
5082,-1.171208381652832
5083,-0.5943279266357422
5084,-7.032886981964111
5085,-0.5955591201782227
5086,-0.8163118362426758
5087,1.0888819694519043
5088,-2.221926689147949
5089,2.259831428527832
5090,-7.846039772033691
5091,-1.6118593215942383
5092,1.9060897827148438
5093,2.4349379539489746
5094,-3.5617666244506836
5095,4.152378082275391
5096,-6.4655890464782715
5097,-2.79244327545166
5098,3.9223155975341797
5099,1.3057663440704346
5100,-3.944472312927246
5101,4.624044418334961
5102,-7.087501525878906
5103,-3.203280448913574
5104,4.235517501831055
5105,1.5734295845031738
5106,-4.0316009521484375
5107,4.459474563598633
5108,-6.726525783538818
5109,-3.4106903076171875
5110,4.236339569091797
5111,0.8573026657104492
5112,-3.8290319442749023
5113,4.37120246887207
5114,-6.305438995361328
5115,-3.208454132080078
5116,4.209508895874023
5117,0.9757699966430664
5118,1.130295753479004
5119,3.125154495239258
5120,-5.281314373016357
5121,1.425384521484375
5122,2.935667037963867
5123,-0.023662328720092773
5124,-0.6724910736083984
5125,6.652553558349609
5126,-3.9555153846740723
5127,-0.4997110366821289
5128,6.202159881591797
5129,1.0054233074188232
5130,0.750187873840332
5131,10.166149139404297
5132,-0.9785813093185425
5133,0.6737785339355469
5134,9.725645065307617
5135,4.201959609985352
5136,1.1923866271972656
5137,10.758548736572266
5138,-0.6446695327758789
5139,1.0446720123291016
5140,10.279058456420898
5141,4.55295991897583
5142,-0.09661102294921875
5143,10.96595573425293
5144,-0.8088489770889282
5145,-0.014973640441894531
5146,10.466976165771484
5147,4.439952850341797
