,0
0,-1.8965301513671875
1,-3.034475326538086
2,-1.958683729171753
3,-1.7780752182006836
4,-3.1766281127929688
5,-2.878422260284424
6,-1.7510061264038086
7,-3.1854934692382812
8,-2.8814046382904053
9,-1.7295551300048828
10,-3.1934947967529297
11,-2.8836355209350586
12,-1.7650642395019531
13,-3.1737899780273438
14,-1.824489712715149
15,-1.726536750793457
16,-3.1806488037109375
17,-1.8227663040161133
18,-1.6935787200927734
19,-3.186990737915039
20,-1.82562255859375
21,-1.3796491622924805
22,-3.1721458435058594
23,-5.819147109985352
24,-1.3298397064208984
25,-3.1641883850097656
26,-1.1043586730957031
27,-1.706399917602539
28,-2.9166011810302734
29,-2.878387928009033
30,-1.6900138854980469
31,-2.9003372192382812
32,-1.5162134170532227
33,-0.7883005142211914
34,-2.5773277282714844
35,-9.82240104675293
36,-0.1290273666381836
37,-2.410829544067383
38,1.5767407417297363
39,-1.0582466125488281
40,-1.4759273529052734
41,-11.814168930053711
42,0.24178504943847656
43,-1.1502914428710938
44,2.8656697273254395
45,-2.8823671340942383
46,-0.5745315551757812
47,-10.871557235717773
48,-0.8780355453491211
49,-0.39703369140625
50,1.4641008377075195
51,-3.3876075744628906
52,-0.4675312042236328
53,-11.727226257324219
54,-1.067474365234375
55,-0.21056365966796875
56,1.5469551086425781
57,-3.5631256103515625
58,-0.577301025390625
59,-11.343879699707031
60,-1.3584098815917969
61,-0.2390270233154297
62,0.6399965286254883
63,-3.220828056335449
64,-0.5021381378173828
65,-10.638789176940918
66,-1.323500633239746
67,-0.30567359924316406
68,0.9819273948669434
69,-0.6817026138305664
70,0.029138565063476562
71,-7.112574577331543
72,0.0
73,0.0
74,0.0
75,-0.6526021957397461
76,1.6772899627685547
77,-4.523963451385498
78,-0.5737752914428711
79,1.575582504272461
80,2.4599952697753906
81,0.15932941436767578
82,3.498495101928711
83,-2.067589282989502
84,0.49680137634277344
85,3.251466751098633
86,5.127471923828125
87,0.6297464370727539
88,3.7881832122802734
89,-1.8972383737564087
90,0.7604646682739258
91,3.5231590270996094
92,5.349970817565918
93,-1.253591537475586
94,3.846345901489258
95,-3.957440137863159
96,-0.8246078491210938
97,3.640005111694336
98,4.065837860107422
99,-1.9011354446411133
100,-3.040557861328125
101,-3.978685140609741
102,-1.7691888809204102
103,-3.1961193084716797
104,-4.664348602294922
105,-1.7288331985473633
106,-3.207021713256836
107,-4.667532444000244
108,-1.6886425018310547
109,-3.2173919677734375
110,-4.668148040771484
111,-1.7674407958984375
112,-3.1902694702148438
113,-3.486457347869873
114,-1.7325725555419922
115,-3.1966381072998047
116,-3.485170841217041
117,-1.7017669677734375
118,-3.202707290649414
119,-3.486436605453491
120,-1.3011140823364258
121,-3.1902389526367188
122,-6.362846374511719
123,-1.3298578262329102
124,-3.1741600036621094
125,-1.1649470329284668
126,-1.7054824829101562
127,-2.9179229736328125
128,-4.452287673950195
129,-1.7067718505859375
130,-2.9024600982666016
131,-2.921156883239746
132,-0.6386137008666992
133,-2.5840835571289062
134,-10.293024063110352
135,-0.49730587005615234
136,-2.379617691040039
137,2.6408615112304688
138,-1.0346126556396484
139,-1.5435962677001953
140,-13.509429931640625
141,-0.6554508209228516
142,-1.1524887084960938
143,4.685274124145508
144,-3.1436901092529297
145,-0.7782478332519531
146,-14.450087547302246
147,-1.7458124160766602
148,-0.3913688659667969
149,2.1995158195495605
150,-3.5929079055786133
151,-0.5613231658935547
152,-15.90555191040039
153,-2.012632369995117
154,-0.183929443359375
155,2.129910469055176
156,-3.7621755599975586
157,-0.6438503265380859
158,-15.432687759399414
159,-2.160456657409668
160,-0.21964454650878906
161,0.9136123657226562
162,-3.5847930908203125
163,-0.6834087371826172
164,-14.182196617126465
165,-2.0442466735839844
166,-0.2930259704589844
167,1.5727243423461914
168,-0.3953695297241211
169,0.02256011962890625
170,-7.451444625854492
171,-0.25014209747314453
172,0.003002166748046875
173,0.3445243835449219
174,-0.5475797653198242
175,1.6898918151855469
176,-6.523946762084961
177,-0.6410560607910156
178,1.5767631530761719
179,2.265390396118164
180,0.1591787338256836
181,3.535186767578125
182,-4.739960193634033
183,0.27266979217529297
184,3.2738723754882812
185,4.589986801147461
186,0.5224370956420898
187,3.829853057861328
188,-4.662954330444336
189,0.6492280960083008
190,3.5352401733398438
191,4.750175476074219
192,-1.3600454330444336
193,4.086097717285156
194,-7.645317554473877
195,-0.8342523574829102
196,3.6949386596679688
197,3.0852437019348145
198,-1.9189443588256836
199,-3.0371952056884766
200,-3.42048978805542
201,-1.7757530212402344
202,-3.195863723754883
203,-4.221173286437988
204,-1.7323827743530273
205,-3.206838607788086
206,-4.223851203918457
207,-1.6903610229492188
208,-3.2170753479003906
209,-4.224213123321533
210,-1.784062385559082
211,-3.1900463104248047
212,-2.957606792449951
213,-1.7498769760131836
214,-3.1965503692626953
215,-2.9561362266540527
216,-1.7186088562011719
217,-3.202638626098633
218,-2.9578137397766113
219,-1.3025646209716797
220,-3.1911373138427734
221,-6.342630386352539
222,-1.3314409255981445
223,-3.1754207611083984
224,-0.30562543869018555
225,-1.7095823287963867
226,-2.912324905395508
227,-4.088654518127441
228,-1.724029541015625
229,-2.899354934692383
230,-2.4909980297088623
231,-0.6066322326660156
232,-2.572620391845703
233,-10.510612487792969
234,-0.5406894683837891
235,-2.3716278076171875
236,4.0184736251831055
237,-1.1356897354125977
238,-1.5502033233642578
239,-13.572720527648926
240,-0.9748163223266602
241,-1.2265853881835938
242,6.257855415344238
243,-3.6157827377319336
244,-0.8203353881835938
245,-13.910969734191895
246,-3.058163642883301
247,-0.6531105041503906
248,3.6694765090942383
249,-4.085857391357422
250,-0.6548271179199219
251,-15.30473804473877
252,-3.5260791778564453
253,-0.5006160736083984
254,3.726822853088379
255,-4.149496078491211
256,-0.737579345703125
257,-14.863100051879883
258,-3.7629318237304688
259,-0.5537528991699219
260,2.402830123901367
261,-4.033349990844727
262,-0.7793998718261719
263,-13.645752906799316
264,-3.49625301361084
265,-0.5887374877929688
266,2.9791436195373535
267,-0.2801523208618164
268,-0.016941070556640625
269,-7.798369407653809
270,-0.28195762634277344
271,-0.006099700927734375
272,0.6936030387878418
273,-0.5505962371826172
274,1.6857109069824219
275,-8.46231746673584
276,-0.6501922607421875
277,1.5788688659667969
278,1.341057300567627
279,0.10381698608398438
280,3.5413131713867188
281,-7.981585502624512
282,0.2330474853515625
283,3.273601531982422
284,2.8930325508117676
285,0.4891071319580078
286,3.879671096801758
287,-8.057140350341797
288,0.5606594085693359
289,3.542621612548828
290,2.927319049835205
291,-1.6200246810913086
292,4.063371658325195
293,-10.987375259399414
294,-0.9285154342651367
295,3.7018566131591797
296,1.3725900650024414
297,-1.9385643005371094
298,-3.037290573120117
299,-3.109133720397949
300,-1.787282943725586
301,-3.1966323852539062
302,-3.94065260887146
303,-1.7425622940063477
304,-3.207662582397461
305,-3.943305492401123
306,-1.6986265182495117
307,-3.2181644439697266
308,-3.943955183029175
309,-1.7965564727783203
310,-3.191427230834961
311,-2.7782235145568848
312,-1.7604799270629883
313,-3.1984996795654297
314,-2.7765607833862305
315,-1.7258930206298828
316,-3.2055187225341797
317,-2.779210090637207
318,-1.3035526275634766
319,-3.1935977935791016
320,-6.276947498321533
321,-1.3315401077270508
322,-3.178997039794922
323,-0.1278376579284668
324,-1.7188482284545898
325,-2.911653518676758
326,-3.849641799926758
327,-1.7377309799194336
328,-2.8992061614990234
329,-2.4294168949127197
330,-0.6054782867431641
331,-2.5711135864257812
332,-10.474040985107422
333,-0.5048284530639648
334,-2.3722362518310547
335,4.0116448402404785
336,-1.1759729385375977
337,-1.547323226928711
338,-13.456087112426758
339,-0.6886816024780273
340,-1.2254581451416016
341,6.188570022583008
342,-3.6334190368652344
343,-0.8303375244140625
344,-14.004014015197754
345,-2.528390884399414
346,-0.6060581207275391
347,3.959045886993408
348,-4.092264175415039
349,-0.6475868225097656
350,-15.431028366088867
351,-3.0614538192749023
352,-0.4561882019042969
353,4.106950759887695
354,-4.184083938598633
355,-0.7243785858154297
356,-14.884466171264648
357,-3.341982841491699
358,-0.5027236938476562
359,2.8089303970336914
360,-4.052888870239258
361,-0.7785301208496094
362,-13.709883689880371
363,-3.0923633575439453
364,-0.54290771484375
365,3.3194026947021484
366,-0.225372314453125
367,-0.016031265258789062
368,-7.878114223480225
369,-0.2650146484375
370,-0.0044231414794921875
371,0.7723760604858398
372,-0.5531167984008789
373,1.6741390228271484
374,-7.983414649963379
375,-0.6513633728027344
376,1.578857421875
377,1.5628952980041504
378,0.08167457580566406
379,3.562175750732422
380,-7.324353218078613
381,0.024967193603515625
382,3.291868209838867
383,3.296504020690918
384,0.4449272155761719
385,3.9656505584716797
386,-7.377223014831543
387,0.31056880950927734
388,3.592784881591797
389,3.3649849891662598
390,-1.8162603378295898
391,4.09185791015625
392,-10.220085144042969
393,-1.1228570938110352
394,3.7456512451171875
395,1.7260398864746094
396,-2.0222606658935547
397,-3.0267505645751953
398,-3.0799553394317627
399,-1.853529930114746
400,-3.1886539459228516
401,-3.896834135055542
402,-1.8023109436035156
403,-3.200532913208008
404,-3.8999414443969727
405,-1.7513093948364258
406,-3.2122669219970703
407,-3.900630474090576
408,-1.8715877532958984
409,-3.1843624114990234
410,-2.652489423751831
411,-1.8347349166870117
412,-3.1924362182617188
413,-2.6509692668914795
414,-1.7950353622436523
415,-3.2006664276123047
416,-2.6532702445983887
417,-1.3317499160766602
418,-3.192789077758789
419,-6.257884502410889
420,-1.3668899536132812
421,-3.177154541015625
422,-0.0016665458679199219
423,-1.7838373184204102
424,-2.898397445678711
425,-3.791611671447754
426,-1.8181018829345703
427,-2.888559341430664
428,-2.3036375045776367
429,-0.5910139083862305
430,-2.5627098083496094
431,-10.410616874694824
432,-0.6003341674804688
433,-2.3507957458496094
434,4.247765064239502
435,-1.2533607482910156
436,-1.5929031372070312
437,-14.218815803527832
438,-1.332916259765625
439,-1.2411174774169922
440,6.701702117919922
441,-3.9000368118286133
442,-0.8986682891845703
443,-15.482357025146484
444,-3.753544807434082
445,-0.7177944183349609
446,4.443554878234863
447,-4.429553985595703
448,-0.7302970886230469
449,-16.972755432128906
450,-4.189462661743164
451,-0.5468025207519531
452,4.590746879577637
453,-4.48944091796875
454,-0.7945060729980469
455,-16.40374755859375
456,-4.350876808166504
457,-0.6380710601806641
458,3.2764267921447754
459,-4.310529708862305
460,-0.8491649627685547
461,-15.19680118560791
462,-4.088919639587402
463,-0.6747283935546875
464,3.7708444595336914
465,-0.04941272735595703
466,-0.015123367309570312
467,-7.833954811096191
468,-0.2679586410522461
469,0.01352691650390625
470,0.7298836708068848
471,-0.5995302200317383
472,1.675302505493164
473,-9.039318084716797
474,-0.8887405395507812
475,1.58050537109375
476,-0.4846656322479248
477,-0.0823526382446289
478,3.5607051849365234
479,-7.794088363647461
480,-0.24491596221923828
481,3.405832290649414
482,0.9460492134094238
483,0.40208911895751953
484,3.959625244140625
485,-7.7708306312561035
486,0.029824256896972656
487,3.661623001098633
488,0.9740853309631348
489,-1.8996591567993164
490,4.108621597290039
491,-10.546698570251465
492,-1.574397087097168
493,3.8367671966552734
494,-1.0305204391479492
495,-2.077176094055176
496,-3.024799346923828
497,-3.1185147762298584
498,-1.8959007263183594
499,-3.1886062622070312
500,-3.9158482551574707
501,-1.838639259338379
502,-3.200468063354492
503,-3.9193782806396484
504,-1.7816591262817383
505,-3.212238311767578
506,-3.920513868331909
507,-1.9267578125
508,-3.184173583984375
509,-2.6406428813934326
510,-1.8917913436889648
511,-3.1922359466552734
512,-2.639427661895752
513,-1.8519506454467773
514,-3.200479507446289
515,-2.6417717933654785
516,-1.3461532592773438
517,-3.192789077758789
518,-6.174102783203125
519,-1.4145097732543945
520,-3.176321029663086
521,-0.07409167289733887
522,-1.8180561065673828
523,-2.8962764739990234
524,-3.7607264518737793
525,-1.8686132431030273
526,-2.8860111236572266
527,-2.2094860076904297
528,-0.49002933502197266
529,-2.5524673461914062
530,-10.22692584991455
531,-0.7835197448730469
532,-2.323986053466797
533,3.9549574851989746
534,-1.2449960708618164
535,-1.6341266632080078
536,-14.272881507873535
537,-1.098280906677246
538,-1.2392330169677734
539,6.605997085571289
540,-3.7888708114624023
541,-1.0245704650878906
542,-16.510147094726562
543,-2.8427820205688477
544,-0.661895751953125
545,4.543562889099121
546,-4.368793487548828
547,-0.8474922180175781
548,-18.08949089050293
549,-3.1694679260253906
550,-0.4863567352294922
551,4.559456825256348
552,-4.479345321655273
553,-0.8979721069335938
554,-17.521333694458008
555,-3.7491798400878906
556,-0.687164306640625
557,3.344508647918701
558,-4.284748077392578
559,-0.94866943359375
560,-16.2355899810791
561,-3.222890853881836
562,-0.607208251953125
563,3.9209108352661133
564,-0.0028905868530273438
565,0.015420913696289062
566,-7.766045570373535
567,-0.4098997116088867
568,0.045452117919921875
569,0.660517692565918
570,-0.6252498626708984
571,1.6746025085449219
572,-7.726145267486572
573,-0.8732786178588867
574,1.5594902038574219
575,0.46839237213134766
576,-0.07689762115478516
577,3.589130401611328
578,-6.041271209716797
579,-0.06083965301513672
580,3.403409957885742
581,3.046772003173828
582,0.3937244415283203
583,3.944732666015625
584,-5.719977855682373
585,0.4383115768432617
586,3.6543846130371094
587,3.3742308616638184
588,-1.8336200714111328
589,4.084270477294922
590,-8.528425216674805
591,-1.1078100204467773
592,3.817270278930664
593,1.6944079399108887
594,-2.177029609680176
595,-2.974567413330078
596,-4.607234477996826
597,-1.9827585220336914
598,-3.1478919982910156
599,-5.283645153045654
600,-1.9231348037719727
601,-3.161497116088867
602,-5.2878265380859375
603,-1.864150047302246
604,-3.174957275390625
605,-5.288464546203613
606,-2.0207691192626953
607,-3.1426239013671875
608,-4.118274211883545
609,-1.9881668090820312
610,-3.151578903198242
611,-4.118716716766357
612,-1.9525299072265625
613,-3.160449981689453
614,-4.122268199920654
615,-1.4048919677734375
616,-3.157024383544922
617,-6.703212261199951
618,-1.5203094482421875
619,-3.1326732635498047
620,-1.3380074501037598
621,-1.9200201034545898
622,-2.841268539428711
623,-4.975281715393066
624,-1.978567123413086
625,-2.8301124572753906
626,-3.4615302085876465
627,-0.41224002838134766
628,-2.523365020751953
629,-10.205291748046875
630,-1.1843061447143555
631,-2.249786376953125
632,2.4485106468200684
633,-1.2904987335205078
634,-1.6969356536865234
635,-14.804224967956543
636,-2.3386411666870117
637,-1.3182048797607422
638,4.283207893371582
639,-3.725147247314453
640,-1.2607097625732422
641,-17.331600189208984
642,-4.585654258728027
643,-0.9443702697753906
644,0.7630386352539062
645,-4.324310302734375
646,-0.9498863220214844
647,-18.782398223876953
648,-4.911459922790527
649,-0.7935943603515625
650,0.4510688781738281
651,-4.374797821044922
652,-1.1230602264404297
653,-18.391368865966797
654,-5.025107383728027
655,-0.8914318084716797
656,-0.72206711769104
657,-4.203617095947266
658,-1.158517837524414
659,-17.1560001373291
660,-4.810015678405762
661,-0.8956375122070312
662,0.09180831909179688
663,0.2692527770996094
664,0.05642127990722656
665,-7.3641557693481445
666,-0.4641761779785156
667,0.10800552368164062
668,0.261763334274292
669,-0.6294450759887695
670,1.606109619140625
671,-8.938837051391602
672,-0.8722286224365234
673,1.5104141235351562
674,-2.4758498668670654
675,-0.07263565063476562
676,3.525167465209961
677,-6.865417957305908
678,-0.11005306243896484
679,3.389383316040039
680,0.3990817070007324
681,0.29019641876220703
682,3.727081298828125
683,-6.769115924835205
684,0.35567188262939453
685,3.646028518676758
686,0.5836730003356934
687,-1.4186162948608398
688,3.8979454040527344
689,-9.993522644042969
690,-1.1045475006103516
691,3.740734100341797
692,-1.9243087768554688
693,-2.1699905395507812
694,-2.9712352752685547
695,-6.66771936416626
696,-1.9811153411865234
697,-3.146007537841797
698,-7.139443874359131
699,-1.921830177307129
700,-3.1580429077148438
701,-7.143145561218262
702,-1.8632011413574219
703,-3.168926239013672
704,-7.144502639770508
705,-2.033773422241211
706,-3.1388721466064453
707,-6.018288612365723
708,-2.011953353881836
709,-3.145017623901367
710,-6.020162582397461
711,-1.9920835494995117
712,-3.149768829345703
713,-6.023938179016113
714,-1.416372299194336
715,-3.1367969512939453
716,-7.42378044128418
717,-1.6335868835449219
718,-3.1071205139160156
719,-2.376418113708496
720,-1.9287405014038086
721,-2.8369274139404297
722,-6.617336273193359
723,-2.015596389770508
724,-2.8189945220947266
725,-5.1676740646362305
726,-0.3124103546142578
727,-2.5016517639160156
728,-10.198286056518555
729,-1.7034235000610352
730,-2.1718082427978516
731,2.016995906829834
732,-1.3188838958740234
733,-1.7730731964111328
734,-14.903005599975586
735,-3.049811363220215
736,-1.3103446960449219
737,3.075225830078125
738,-3.6973419189453125
739,-1.412515640258789
740,-17.60533905029297
741,-4.506616592407227
742,-0.9691295623779297
743,-1.6805752515792847
744,-4.2361860275268555
745,-1.218759536743164
746,-19.236923217773438
747,-4.785001754760742
748,-0.8887577056884766
749,-2.201673984527588
750,-4.333150863647461
751,-1.2951087951660156
752,-18.94068145751953
753,-4.776483535766602
754,-0.93328857421875
755,-3.1211318969726562
756,-4.138575553894043
757,-1.3484535217285156
758,-17.489437103271484
759,-4.57199764251709
760,-0.9654941558837891
761,-2.2319798469543457
762,0.28246498107910156
763,0.06699943542480469
764,-7.33860969543457
765,-0.7089681625366211
766,0.174285888671875
767,0.23714518547058105
768,-0.8035297393798828
769,1.575653076171875
770,-10.98621940612793
771,-0.8837575912475586
772,1.6371479034423828
773,-2.374852180480957
774,-0.0646657943725586
775,2.942157745361328
776,-5.977164268493652
777,-0.3101015090942383
778,3.471607208251953
779,1.2159323692321777
780,0.35280418395996094
781,3.0476112365722656
782,-4.996083736419678
783,0.14265823364257812
784,3.8008155822753906
785,1.445082187652588
786,-1.0454254150390625
787,3.5457801818847656
788,-6.8934326171875
789,-1.5045747756958008
790,3.9799861907958984
791,-1.5139570236206055
792,-2.258692741394043
793,-2.8323726654052734
794,-4.4579691886901855
795,-2.099061965942383
796,-3.019533157348633
797,-5.248386383056641
798,-2.041325569152832
799,-3.0338516235351562
800,-5.248887062072754
801,-1.985478401184082
802,-3.0477161407470703
803,-5.245432376861572
804,-2.1540889739990234
805,-3.0105724334716797
806,-4.031083106994629
807,-2.1336593627929688
808,-3.0181102752685547
809,-4.03544807434082
810,-2.11232852935791
811,-3.0256519317626953
812,-4.03842306137085
813,-1.5593833923339844
814,-3.037261962890625
815,-6.658480644226074
816,-1.7235851287841797
817,-3.013032913208008
818,-1.2689268589019775
819,-1.992950439453125
820,-2.7120361328125
821,-4.864329814910889
822,-2.081131935119629
823,-2.6924571990966797
824,-3.2816321849823
825,-0.3176841735839844
826,-2.4650955200195312
827,-9.617090225219727
828,-1.5072355270385742
829,-2.171192169189453
830,2.486927032470703
831,-1.5659914016723633
832,-1.7582931518554688
833,-15.222881317138672
834,-2.582303047180176
835,-1.4206676483154297
836,6.08094596862793
837,-3.7547531127929688
838,-1.4335289001464844
839,-19.00697135925293
840,-4.534950256347656
841,-1.2843971252441406
842,6.2435150146484375
843,-4.261246681213379
844,-1.2964935302734375
845,-20.535043716430664
846,-4.953054428100586
847,-1.2891349792480469
848,6.671321868896484
849,-4.355066299438477
850,-1.4332332611083984
851,-20.142358779907227
852,-5.021383285522461
853,-1.3540019989013672
854,5.851861953735352
855,-4.151703834533691
856,-1.4425392150878906
857,-18.865869522094727
858,-4.864492416381836
859,-1.3329181671142578
860,5.866835594177246
861,0.2574195861816406
862,0.12734413146972656
863,-7.375994682312012
864,-0.35063838958740234
865,0.18943023681640625
866,0.27469778060913086
867,-0.8248939514160156
868,1.5800018310546875
869,-10.806549072265625
870,-0.8667097091674805
871,1.6543426513671875
872,1.845468521118164
873,-0.06148529052734375
874,3.2670745849609375
875,-10.9100923538208
876,-0.28303050994873047
877,3.4595298767089844
878,5.096929550170898
879,0.35826873779296875
880,3.5760326385498047
881,-10.98063850402832
882,0.16017627716064453
883,3.7763519287109375
884,5.325864791870117
885,-1.263655662536621
886,3.736104965209961
887,-14.073638916015625
888,-1.492751121520996
889,3.9307918548583984
890,3.5733118057250977
891,-2.324373245239258
892,-2.7915000915527344
893,-3.774998903274536
894,-2.1781511306762695
895,-2.9835987091064453
896,-4.4222517013549805
897,-2.1234865188598633
898,-2.9973812103271484
899,-4.4228949546813965
900,-2.0682239532470703
901,-3.010740280151367
902,-4.421356678009033
903,-2.217532157897949
904,-2.975454330444336
905,-3.2520933151245117
906,-2.1908349990844727
907,-2.983295440673828
908,-3.2563188076019287
909,-2.1614465713500977
910,-2.991483688354492
911,-3.259094476699829
912,-1.6302919387817383
913,-3.005521774291992
914,-5.483141899108887
915,-1.7429437637329102
916,-2.988199234008789
917,-0.23292899131774902
918,-2.064512252807617
919,-2.6732540130615234
920,-3.995249032974243
921,-2.1354455947875977
922,-2.649148941040039
923,-2.4789958000183105
924,-0.3212394714355469
925,-2.4391536712646484
926,-8.440603256225586
927,-1.3400802612304688
928,-2.1706104278564453
929,3.411313533782959
930,-1.517350196838379
931,-1.8465595245361328
932,-15.167594909667969
933,-2.38895320892334
934,-1.3905677795410156
935,6.149003028869629
936,-3.601003646850586
937,-1.6883659362792969
938,-17.136869430541992
939,-3.892024040222168
940,-1.3754196166992188
941,5.233359336853027
942,-4.255865097045898
943,-1.5710372924804688
944,-18.490272521972656
945,-4.2679901123046875
946,-1.393545150756836
947,5.4142913818359375
948,-4.25263786315918
949,-1.657196044921875
950,-18.14912223815918
951,-4.974247932434082
952,-1.4874629974365234
953,4.940946578979492
954,-3.966700553894043
955,-1.6755504608154297
956,-16.97418975830078
957,-4.417121887207031
958,-1.4701786041259766
959,4.968038558959961
960,0.5342092514038086
961,0.12059402465820312
962,-7.302168846130371
963,-0.3881845474243164
964,0.2311420440673828
965,0.20133447647094727
966,-0.9549665451049805
967,1.4890899658203125
968,-17.485363006591797
969,-1.1374893188476562
970,1.6498184204101562
971,-2.269059181213379
972,-0.022718429565429688
973,3.2683067321777344
974,-17.078319549560547
975,-0.21425342559814453
976,3.452739715576172
977,0.6441679000854492
978,0.5150165557861328
979,3.595905303955078
980,-17.052053451538086
981,0.17560672760009766
982,3.745615005493164
983,0.8231983184814453
984,-1.2671632766723633
985,3.9467811584472656
986,-20.553857803344727
987,-1.3806514739990234
988,3.916088104248047
989,-1.6928799152374268
990,-2.513054847717285
991,-2.648214340209961
992,-1.3973209857940674
993,-2.39656925201416
994,-2.817537307739258
995,-2.3810172080993652
996,-2.352212905883789
997,-2.8259735107421875
998,-2.381723403930664
999,-2.3070068359375
1000,-2.8351478576660156
1001,-2.382931709289551
1002,-2.4034509658813477
1003,-2.8185272216796875
1004,-1.2584471702575684
1005,-2.362961769104004
1006,-2.8267555236816406
1007,-1.2570905685424805
1008,-2.3141260147094727
1009,-2.83673095703125
1010,-1.2589359283447266
1011,-1.8190832138061523
1012,-2.830568313598633
1013,-4.9802141189575195
1014,-1.820246696472168
1015,-2.8345108032226562
1016,0.1114647388458252
1017,-2.2417173385620117
1018,-2.505199432373047
1019,-2.217339038848877
1020,-2.256063461303711
1021,-2.4923267364501953
1022,-0.7535512447357178
1023,-0.9981861114501953
1024,-2.3245887756347656
1025,-8.415098190307617
1026,-0.6360759735107422
1027,-2.179513931274414
1028,2.986415386199951
1029,-2.4824304580688477
1030,-1.644775390625
1031,-10.155046463012695
1032,-0.04457283020019531
1033,-1.062917709350586
1034,3.2760257720947266
1035,-3.1305322647094727
1036,-1.712005615234375
1037,-7.448785781860352
1038,0.7150707244873047
1039,-0.36739158630371094
1040,1.3627514839172363
1041,-3.207796096801758
1042,-1.7200546264648438
1043,-7.778186798095703
1044,1.1107826232910156
1045,-0.1550312042236328
1046,1.6188178062438965
1047,-2.9643239974975586
1048,-1.775655746459961
1049,-7.744246482849121
1050,1.0344057083129883
1051,-0.008159637451171875
1052,1.16788911819458
1053,-2.8920087814331055
1054,-1.7668285369873047
1055,-7.331435680389404
1056,0.7516899108886719
1057,-0.2636737823486328
1058,1.1156525611877441
1059,0.42409420013427734
1060,0.15724754333496094
1061,-7.5253005027771
1062,0.3186960220336914
1063,0.21629905700683594
1064,0.421353816986084
1065,-1.0481815338134766
1066,1.5193824768066406
1067,-12.729711532592773
1068,-1.105142593383789
1069,1.6461067199707031
1070,0.1538715362548828
1071,-0.11153030395507812
1072,3.378164291381836
1073,-11.089799880981445
1074,-0.18023967742919922
1075,3.4393157958984375
1076,1.2001996040344238
1077,0.3847770690917969
1078,3.6578330993652344
1079,-10.930744171142578
1080,0.36207008361816406
1081,3.74188232421875
1082,1.6403698921203613
1083,-1.7292289733886719
1084,3.9493179321289062
1085,-17.46181297302246
1086,-1.3891448974609375
1087,3.895549774169922
1088,0.6315717697143555
1089,-2.9469337463378906
1090,-2.458253860473633
1091,-6.970515727996826
1092,-2.867588996887207
1093,-2.6342430114746094
1094,-7.276639938354492
1095,-2.78731632232666
1096,-2.6885547637939453
1097,-7.277889251708984
1098,-2.7180118560791016
1099,-2.714601516723633
1100,-7.2795281410217285
1101,-3.01358699798584
1102,-2.5796661376953125
1103,-6.298442840576172
1104,-3.005491256713867
1105,-2.5746593475341797
1106,-6.297815799713135
1107,-2.9967660903930664
1108,-2.5741004943847656
1109,-6.302245140075684
1110,-2.1283464431762695
1111,-2.7652931213378906
1112,-6.959538459777832
1113,-2.4902772903442383
1114,-2.6270999908447266
1115,-2.5186657905578613
1116,-2.429075241088867
1117,-2.384275436401367
1118,-6.735672950744629
1119,-2.577713966369629
1120,-2.3263816833496094
1121,-5.454401969909668
1122,-0.37770843505859375
1123,-2.3484935760498047
1124,-8.39757251739502
1125,-1.7708845138549805
1126,-1.8297138214111328
1127,0.4680962562561035
1128,-0.10415077209472656
1129,-1.9509048461914062
1130,-14.913411140441895
1131,-1.3426475524902344
1132,-0.5648097991943359
1133,1.6346592903137207
1134,-1.8469972610473633
1135,-2.6154136657714844
1136,-19.25824737548828
1137,-1.076904296875
1138,0.8990936279296875
1139,-1.2314815521240234
1140,-2.3172950744628906
1141,-2.8137474060058594
1142,-20.823123931884766
1143,-1.0549907684326172
1144,1.3144111633300781
1145,-1.3736274242401123
1146,-2.2486181259155273
1147,-2.8864688873291016
1148,-19.87236213684082
1149,-1.005324363708496
1150,1.3622207641601562
1151,-2.3527302742004395
1152,-2.101165771484375
1153,-2.767576217651367
1154,-19.035898208618164
1155,-0.9374532699584961
1156,1.1831722259521484
1157,-1.7204774618148804
1158,0.901031494140625
1159,0.16306304931640625
1160,-6.948215961456299
1161,-0.1597576141357422
1162,0.2506370544433594
1163,-0.1591639518737793
1164,-1.029947280883789
1165,1.624990463256836
1166,-14.316546440124512
1167,-1.2435932159423828
1168,1.7904682159423828
1169,-4.865137100219727
1170,-0.10447216033935547
1171,3.4038963317871094
1172,-10.657400131225586
1173,-0.16563701629638672
1174,3.4304733276367188
1175,-0.773390531539917
1176,0.3540191650390625
1177,3.6509246826171875
1178,-10.374690055847168
1179,0.35262012481689453
1180,3.707805633544922
1181,-0.4362668991088867
1182,-1.5578374862670898
1183,3.987010955810547
1184,-14.437915802001953
1185,-0.9801416397094727
1186,3.9243621826171875
1187,-3.6525495052337646
1188,-3.344369888305664
1189,-1.9860401153564453
1190,-6.929152965545654
1191,-3.270456314086914
1192,-2.1881961822509766
1193,-6.409710884094238
1194,-3.209689140319824
1195,-2.2093048095703125
1196,-6.406754493713379
1197,-3.1527233123779297
1198,-2.228546142578125
1199,-6.409529685974121
1200,-3.330592155456543
1201,-2.1732139587402344
1202,-4.870321273803711
1203,-3.3054399490356445
1204,-2.181262969970703
1205,-4.870236873626709
1206,-3.2777509689331055
1207,-2.1917457580566406
1208,-4.87178373336792
1209,-2.60384464263916
1210,-2.2991867065429688
1211,-6.297147274017334
1212,-2.765580177307129
1213,-2.259927749633789
1214,-0.5899286270141602
1215,-2.94405460357666
1216,-1.8809375762939453
1217,-6.708521842956543
1218,-2.999833106994629
1219,-1.8660545349121094
1220,-4.316802501678467
1221,-0.7535305023193359
1222,-2.0647354125976562
1223,-8.190382957458496
1224,-1.8404979705810547
1225,-1.5977725982666016
1226,1.0095534324645996
1227,0.6417160034179688
1228,-2.2248897552490234
1229,-16.38595962524414
1230,-0.8694992065429688
1231,-0.6542682647705078
1232,5.726030349731445
1233,0.3617715835571289
1234,-2.283050537109375
1235,-21.957138061523438
1236,-0.502781867980957
1237,0.1744384765625
1238,6.8518476486206055
1239,0.4629974365234375
1240,-2.313793182373047
1241,-23.653770446777344
1242,-0.43608760833740234
1243,0.40862083435058594
1244,7.325704574584961
1245,0.23108863830566406
1246,-2.303173065185547
1247,-22.877742767333984
1248,-0.5234832763671875
1249,0.4191551208496094
1250,6.311267852783203
1251,0.18872547149658203
1252,-2.2607288360595703
1253,-21.834609985351562
1254,-0.4909553527832031
1255,0.3206748962402344
1256,6.431449890136719
1257,0.9708890914916992
1258,0.3403511047363281
1259,-7.029068470001221
1260,-0.040556907653808594
1261,0.429718017578125
1262,-0.07766032218933105
1263,-1.105778694152832
1264,1.6647071838378906
1265,-12.821131706237793
1266,-1.3708953857421875
1267,1.7819385528564453
1268,-5.633051872253418
1269,-0.10133838653564453
1270,3.472433090209961
1271,-11.001516342163086
1272,-0.22286415100097656
1273,3.4266090393066406
1274,-3.7255210876464844
1275,0.35820484161376953
1276,3.656126022338867
1277,-10.866321563720703
1278,0.1575784683227539
1279,3.6885948181152344
1280,-3.6195898056030273
1281,-1.3829221725463867
1282,4.189159393310547
1283,-13.911137580871582
1284,-1.0528507232666016
1285,3.99383544921875
1286,-6.191082954406738
1287,-3.28279972076416
1288,-1.6362171173095703
1289,-5.2799601554870605
1290,-3.2056570053100586
1291,-1.8031234741210938
1292,-5.655832290649414
1293,-3.16159725189209
1294,-1.868539810180664
1295,-5.656180381774902
1296,-3.1116104125976562
1297,-1.8895092010498047
1298,-5.656978130340576
1299,-3.2817859649658203
1300,-1.7770805358886719
1301,-4.2804412841796875
1302,-3.265345573425293
1303,-1.7816715240478516
1304,-4.280359745025635
1305,-3.251214027404785
1306,-1.7912979125976562
1307,-4.28294563293457
1308,-2.6636505126953125
1309,-1.9855499267578125
1310,-4.740765571594238
1311,-2.8703994750976562
1312,-1.8705329895019531
1313,-0.30401158332824707
1314,-2.938685417175293
1315,-1.6145381927490234
1316,-6.4092302322387695
1317,-3.0019760131835938
1318,-1.5597381591796875
1319,-3.6949782371520996
1320,-0.794856071472168
1321,-1.8698196411132812
1322,-6.1808366775512695
1323,-2.2846031188964844
1324,-1.0833148956298828
1325,2.62410306930542
1326,1.4907426834106445
1327,-2.1877079010009766
1328,-13.664169311523438
1329,-0.8762588500976562
1330,-0.05547904968261719
1331,6.964938163757324
1332,2.5459775924682617
1333,-2.309938430786133
1334,-20.338523864746094
1335,-0.31433582305908203
1336,0.9435081481933594
1337,8.672752380371094
1338,3.2344865798950195
1339,-2.3743457794189453
1340,-21.88447380065918
1341,-0.19483375549316406
1342,1.2236900329589844
1343,9.628034591674805
1344,3.1229238510131836
1345,-2.3231201171875
1346,-21.593902587890625
1347,-0.27855968475341797
1348,1.3136539459228516
1349,8.47150993347168
1350,2.8832216262817383
1351,-2.2213058471679688
1352,-20.40546226501465
1353,-0.19635963439941406
1354,1.1996383666992188
1355,8.291705131530762
1356,1.251516342163086
1357,0.45798683166503906
1358,-6.9705071449279785
1359,0.1363391876220703
1360,0.6630630493164062
1361,-0.13433480262756348
1362,-1.0809507369995117
1363,1.6826553344726562
1364,-15.293048858642578
1365,-1.3557796478271484
1366,1.8648815155029297
1367,-3.296574115753174
1368,-0.1298046112060547
1369,3.5442752838134766
1370,-15.640856742858887
1371,-0.2067127227783203
1372,3.4227142333984375
1373,-3.5054917335510254
1374,0.3594017028808594
1375,3.874401092529297
1376,-15.694658279418945
1377,0.18515968322753906
1378,3.6797237396240234
1379,-1.7161685228347778
1380,-1.5951251983642578
1381,4.1540985107421875
1382,-19.694869995117188
1383,-1.067774772644043
1384,3.9798831939697266
1385,-5.040226936340332
1386,-3.3625402450561523
1387,-1.299459457397461
1388,-12.457453727722168
1389,-3.337327003479004
1390,-1.4746932983398438
1391,-12.853340148925781
1392,-3.283576011657715
1393,-1.4957637786865234
1394,-12.854350090026855
1395,-3.2338218688964844
1396,-1.5147209167480469
1397,-12.857196807861328
1398,-3.4181594848632812
1399,-1.4480819702148438
1400,-11.73807430267334
1401,-3.4058704376220703
1402,-1.4502067565917969
1403,-11.738367080688477
1404,-3.4011402130126953
1405,-1.4561233520507812
1406,-11.73779010772705
1407,-2.763235092163086
1408,-1.575918197631836
1409,-12.382670402526855
1410,-3.046875
1411,-1.5011310577392578
1412,-7.270720481872559
1413,-2.9833974838256836
1414,-1.2512397766113281
1415,-12.20097827911377
1416,-3.0473318099975586
1417,-1.2281417846679688
1418,-10.671710014343262
1419,-0.9553108215332031
1420,-1.4402313232421875
1421,-12.921923637390137
1422,-2.157679557800293
1423,-0.9636135101318359
1424,-1.8594175577163696
1425,1.314438819885254
1426,-1.7946147918701172
1427,-19.286102294921875
1428,-0.9418315887451172
1429,-0.04212188720703125
1430,5.4914445877075195
1431,3.7250261306762695
1432,-2.1472206115722656
1433,-26.36240577697754
1434,-0.8752689361572266
1435,0.8945579528808594
1436,8.12693977355957
1437,4.559599876403809
1438,-2.1225414276123047
1439,-28.190677642822266
1440,-0.8662109375
1441,1.1908493041992188
1442,9.309150695800781
1443,4.38724422454834
1444,-2.110055923461914
1445,-28.39575958251953
1446,-0.9490070343017578
1447,1.2762565612792969
1448,7.827502250671387
1449,4.1216230392456055
1450,-2.0756874084472656
1451,-26.66859245300293
1452,-0.8546228408813477
1453,1.1710147857666016
1454,7.659418106079102
1455,1.577195167541504
1456,0.7303905487060547
1457,-7.662901401519775
1458,0.20067310333251953
1459,0.7462196350097656
1460,0.5659232139587402
1461,-1.1656770706176758
1462,1.8908138275146484
1463,-12.1373929977417
1464,-1.642782211303711
1465,1.8498764038085938
1466,-2.934061050415039
1467,0.040497779846191406
1468,3.5346946716308594
1469,-6.02622127532959
1470,-0.41869449615478516
1471,3.2593345642089844
1472,1.4227428436279297
1473,0.6436042785644531
1474,3.8238773345947266
1475,-5.510581016540527
1476,0.0861043930053711
1477,3.4817848205566406
1478,2.163496494293213
1479,-1.0134763717651367
1480,4.132297515869141
1481,-8.251272201538086
1482,-1.3156242370605469
1483,3.9699668884277344
1484,-0.0726625919342041
1485,-3.256077766418457
1486,-1.2551994323730469
1487,-12.681036949157715
1488,-3.1926679611206055
1489,-1.4478225708007812
1490,-13.07918930053711
1491,-3.1171464920043945
1492,-1.4692134857177734
1493,-13.082626342773438
1494,-3.0643796920776367
1495,-1.4812736511230469
1496,-13.088178634643555
1497,-3.2651405334472656
1498,-1.4344501495361328
1499,-12.038802146911621
1500,-3.248270034790039
1501,-1.434835433959961
1502,-12.039656639099121
1503,-3.2686376571655273
1504,-1.4797916412353516
1505,-12.041415214538574
1506,-2.5866355895996094
1507,-1.5318317413330078
1508,-12.428678512573242
1509,-2.885549545288086
1510,-1.5054607391357422
1511,-7.6640424728393555
1512,-2.87300968170166
1513,-1.1653785705566406
1514,-12.253952026367188
1515,-2.9557037353515625
1516,-1.1464290618896484
1517,-10.87527847290039
1518,-0.9157772064208984
1519,-1.1145458221435547
1520,-12.788475036621094
1521,-2.191708564758301
1522,-0.9686279296875
1523,-1.8699620962142944
1524,1.8863039016723633
1525,-0.9416942596435547
1526,-17.265583038330078
1527,-0.7886447906494141
1528,-0.07528877258300781
1529,4.560174942016602
1530,3.859297752380371
1531,-0.7798557281494141
1532,-23.495861053466797
1533,-0.37324047088623047
1534,0.6793556213378906
1535,6.286611557006836
1536,4.326075553894043
1537,-0.9338836669921875
1538,-25.304384231567383
1539,-0.2566843032836914
1540,0.9117221832275391
1541,7.039101600646973
1542,4.326075553894043
1543,-0.8138999938964844
1544,-25.610004425048828
1545,-0.3437032699584961
1546,0.9342384338378906
1547,5.734071731567383
1548,4.078316688537598
1549,-0.7517929077148438
1550,-23.794713973999023
1551,-0.31058788299560547
1552,0.8527164459228516
1553,5.828518867492676
1554,1.753586769104004
1555,0.9190864562988281
1556,-7.734634876251221
1557,0.29224300384521484
1558,0.8656711578369141
1559,0.6415586471557617
1560,-1.3703880310058594
1561,1.9922008514404297
1562,-13.028627395629883
1563,-2.026749610900879
1564,1.8220138549804688
1565,-3.945026397705078
1566,0.08416938781738281
1567,3.513416290283203
1568,-4.84747314453125
1569,-0.43242931365966797
1570,3.183115005493164
1571,-0.2951831817626953
1572,0.7241134643554688
1573,3.7136783599853516
1574,-4.001473426818848
1575,0.11155033111572266
1576,3.3793563842773438
1577,0.029439449310302734
1578,-0.889775276184082
1579,4.118268966674805
1580,-5.580541610717773
1581,-1.316507339477539
1582,3.8314571380615234
1583,-1.8807029724121094
1584,-3.1814489364624023
1585,-1.2795772552490234
1586,-10.594785690307617
1587,-3.10947322845459
1588,-1.4428482055664062
1589,-11.117033004760742
1590,-3.036540985107422
1591,-1.4498214721679688
1592,-11.118776321411133
1593,-2.9862918853759766
1594,-1.4566822052001953
1595,-11.121965408325195
1596,-3.1716604232788086
1597,-1.4271392822265625
1598,-10.02039909362793
1599,-3.1523170471191406
1600,-1.4258842468261719
1601,-10.020264625549316
1602,-3.163447380065918
1603,-1.4309024810791016
1604,-10.02064323425293
1605,-2.547335624694824
1606,-1.4349861145019531
1607,-11.522418022155762
1608,-2.784041404724121
1609,-1.412271499633789
1610,-6.5752105712890625
1611,-2.808230400085449
1612,-1.1655693054199219
1613,-10.600532531738281
1614,-2.8873815536499023
1615,-1.1547298431396484
1616,-9.165245056152344
1617,-0.8957605361938477
1618,-0.8813591003417969
1619,-12.690142631530762
1620,-1.8030834197998047
1621,-0.8569717407226562
1622,-1.5784673690795898
1623,1.468794822692871
1624,-0.32949256896972656
1625,-16.178497314453125
1626,0.7762765884399414
1627,-0.17340469360351562
1628,3.4023289680480957
1629,3.467495918273926
1630,0.21651077270507812
1631,-18.81517219543457
1632,1.687504768371582
1633,0.5305156707763672
1634,4.25980806350708
1635,3.901658058166504
1636,0.2798919677734375
1637,-20.259544372558594
1638,1.9414777755737305
1639,0.7185802459716797
1640,4.867527961730957
1641,3.7551870346069336
1642,0.33832359313964844
1643,-20.380910873413086
1644,1.720534324645996
1645,0.7401599884033203
1646,3.638810634613037
1647,3.602463722229004
1648,0.3095970153808594
1649,-18.910785675048828
1650,1.679478645324707
1651,0.6711921691894531
1652,3.8374204635620117
1653,1.646958351135254
1654,1.2087726593017578
1655,-7.680920124053955
1656,0.8167247772216797
1657,1.0360641479492188
1658,0.5848488807678223
1659,-1.8274517059326172
1660,2.0056934356689453
1661,-8.117812156677246
1662,-2.0609426498413086
1663,1.8029861450195312
1664,-1.4020607471466064
1665,0.008254051208496094
1666,3.5037384033203125
1667,-2.749056339263916
1668,-0.40225791931152344
1669,3.197101593017578
1670,0.7187433242797852
1671,0.7094507217407227
1672,3.660154342651367
1673,-2.1541271209716797
1674,0.18964672088623047
1675,3.4019775390625
1676,0.889892578125
1677,-0.6943483352661133
1678,4.109228134155273
1679,-2.752474308013916
1680,-1.1820039749145508
1681,3.832002639770508
1682,0.33292555809020996
1683,-2.82729434967041
1684,-1.3345108032226562
1685,-8.964456558227539
1686,-2.671156883239746
1687,-1.4651412963867188
1688,-9.581220626831055
1689,-2.620072364807129
1690,-1.4714393615722656
1691,-9.582845687866211
1692,-2.5801620483398438
1693,-1.4776592254638672
1694,-9.585683822631836
1695,-2.7111406326293945
1696,-1.4649848937988281
1697,-8.472497940063477
1698,-2.686650276184082
1699,-1.4719791412353516
1700,-8.47215461730957
1701,-2.710482597351074
1702,-1.5096702575683594
1703,-8.474020957946777
1704,-1.9476099014282227
1705,-1.4824447631835938
1706,-10.717792510986328
1707,-2.3110008239746094
1708,-1.4978866577148438
1709,-5.747093200683594
1710,-2.443770408630371
1711,-1.1997833251953125
1712,-9.192913055419922
1713,-2.520050048828125
1714,-1.2260971069335938
1715,-7.7489237785339355
1716,-0.6067895889282227
1717,-0.8659992218017578
1718,-12.971086502075195
1719,-1.3781318664550781
1720,-0.832550048828125
1721,-1.305145502090454
1722,1.4355030059814453
1723,0.11388587951660156
1724,-14.794878005981445
1725,0.47582149505615234
1726,0.08203125
1727,1.5011181831359863
1728,2.420229911804199
1729,1.1699199676513672
1730,-15.114102363586426
1731,0.9442262649536133
1732,0.8452014923095703
1733,0.45316410064697266
1734,2.826552391052246
1735,1.4336509704589844
1736,-16.35159683227539
1737,1.0890579223632812
1738,1.0659599304199219
1739,0.8141279220581055
1740,2.6541643142700195
1741,1.4822463989257812
1742,-16.191097259521484
1743,0.8939638137817383
1744,1.0951595306396484
1745,-0.3263676166534424
1746,2.467402458190918
1747,1.3974685668945312
1748,-15.033578872680664
1749,0.9097385406494141
1750,1.0146465301513672
1751,-0.032990455627441406
1752,1.7676572799682617
1753,1.2845039367675781
1754,-7.65869665145874
1755,0.8336172103881836
1756,1.0867176055908203
1757,0.5616483688354492
1758,-1.8862066268920898
1759,2.0092391967773438
1760,-8.53276252746582
1761,-2.1471261978149414
1762,1.806243896484375
1763,0.8132057189941406
1764,-0.10951709747314453
1765,3.502779006958008
1766,-3.3838372230529785
1767,-0.5067663192749023
1768,3.2136363983154297
1769,3.820950508117676
1770,0.6279544830322266
1771,3.651294708251953
1772,-2.798842191696167
1773,0.1653594970703125
1774,3.3721160888671875
1775,4.098233699798584
1776,-0.7639255523681641
1777,4.244529724121094
1778,-2.888709545135498
1779,-1.3609895706176758
1780,3.8956832885742188
1781,4.210017681121826
1782,-1.7812509536743164
1783,-1.5155220031738281
1784,-10.206351280212402
1785,-1.5109939575195312
1786,-1.6618328094482422
1787,-10.618586540222168
1788,-1.431406021118164
1789,-1.6804885864257812
1790,-10.618759155273438
1791,-1.353851318359375
1792,-1.6920127868652344
1793,-10.620441436767578
1794,-1.6346406936645508
1795,-1.6548595428466797
1796,-9.58236312866211
1797,-1.6281871795654297
1798,-1.661581039428711
1799,-9.583660125732422
1800,-1.6293754577636719
1801,-1.6929798126220703
1802,-9.585132598876953
1803,-0.8199033737182617
1804,-1.6916370391845703
1805,-10.895187377929688
1806,-1.2043743133544922
1807,-1.691162109375
1808,-6.293395042419434
1809,-1.4863510131835938
1810,-1.4026012420654297
1811,-10.224193572998047
1812,-1.6332569122314453
1813,-1.4067764282226562
1814,-8.892512321472168
1815,-0.013936042785644531
1816,-0.8166751861572266
1817,-12.988127708435059
1818,-0.659886360168457
1819,-0.9464149475097656
1820,-1.6754531860351562
1821,0.2324209213256836
1822,0.5770835876464844
1823,-13.414078712463379
1824,0.17050457000732422
1825,0.2211589813232422
1826,0.5019221305847168
1827,-0.551182746887207
1828,1.5362548828125
1829,-11.346181869506836
1830,-0.20603466033935547
1831,1.2633342742919922
1832,-1.3180930614471436
1833,-0.764256477355957
1834,1.7781314849853516
1835,-12.211710929870605
1836,-0.5279359817504883
1837,1.4921684265136719
1838,-1.2568480968475342
1839,-0.9108419418334961
1840,1.7075176239013672
1841,-12.142280578613281
1842,-0.5577516555786133
1843,1.503072738647461
1844,-2.303255558013916
1845,-0.7981042861938477
1846,1.6269607543945312
1847,-11.259246826171875
1848,-0.3416013717651367
1849,1.432596206665039
1850,-1.8102447986602783
1851,1.9198675155639648
1852,1.2293586730957031
1853,-7.505617141723633
1854,1.0945119857788086
1855,1.0099983215332031
1856,0.40306663513183594
1857,-2.0140695571899414
1858,1.9941883087158203
1859,-9.30650520324707
1860,-2.189912796020508
1861,1.7546882629394531
1862,-0.1356959342956543
1863,-0.1824817657470703
1864,3.489683151245117
1865,-5.186295986175537
1866,-0.5620927810668945
1867,3.1379470825195312
1868,2.828533172607422
1869,0.5445890426635742
1870,3.648679733276367
1871,-4.713849067687988
1872,0.07479095458984375
1873,3.273225784301758
1874,3.086223602294922
1875,-1.007786750793457
1876,4.220378875732422
1877,-4.9523515701293945
1878,-1.53656005859375
1879,3.791057586669922
1880,2.9459357261657715
1881,-0.7727804183959961
1882,-1.5994415283203125
1883,-11.399593353271484
1884,-0.45755958557128906
1885,-1.7125740051269531
1886,-11.583369255065918
1887,-0.3720989227294922
1888,-1.6880874633789062
1889,-11.585134506225586
1890,-0.2527914047241211
1891,-1.7217330932617188
1892,-11.586736679077148
1893,-0.5873517990112305
1894,-1.7387313842773438
1895,-10.703895568847656
1896,-0.6219348907470703
1897,-1.7307090759277344
1898,-10.705920219421387
1899,-0.6306190490722656
1900,-1.7344722747802734
1901,-10.708436012268066
1902,0.15725040435791016
1903,-1.77618408203125
1904,-10.883073806762695
1905,-0.3095588684082031
1906,-1.7662239074707031
1907,-6.895208358764648
1908,-0.5640382766723633
1909,-1.4532642364501953
1910,-11.059003829956055
1911,-0.7558774948120117
1912,-1.436788558959961
1913,-9.906270980834961
1914,0.6369714736938477
1915,-1.0082130432128906
1916,-13.046988487243652
1917,-0.4704399108886719
1918,-0.9973373413085938
1919,-2.0705294609069824
1920,-0.8367137908935547
1921,-0.028247833251953125
1922,-15.609204292297363
1923,-1.4026527404785156
1924,0.049922943115234375
1925,-1.3016612529754639
1926,-3.4073143005371094
1927,0.5856151580810547
1928,-14.593220710754395
1929,-3.355898857116699
1930,0.9240074157714844
1931,-5.613518714904785
1932,-4.014705657958984
1933,0.7133274078369141
1934,-17.28365707397461
1935,-3.908968925476074
1936,1.1759510040283203
1937,-6.177516937255859
1938,-4.137609481811523
1939,0.6445503234863281
1940,-15.961003303527832
1941,-3.9574756622314453
1942,1.289113998413086
1943,-7.493043422698975
1944,-3.9135971069335938
1945,0.6137714385986328
1946,-13.745123863220215
1947,-3.74960994720459
1948,1.1349468231201172
1949,-6.328188896179199
1950,1.932185173034668
1951,1.1712970733642578
1952,-7.501049995422363
1953,0.9210805892944336
1954,0.9861488342285156
1955,0.39899134635925293
1956,-1.8923606872558594
1957,1.9682788848876953
1958,-10.425023078918457
1959,-2.1462249755859375
1960,1.8200798034667969
1961,-2.3294742107391357
1962,-0.15431690216064453
1963,3.5711746215820312
1964,-7.315803527832031
1965,-0.5313749313354492
1966,3.359376907348633
1967,1.556626796722412
1968,0.6198253631591797
1969,3.7285995483398438
1970,-6.99483585357666
1971,0.08489322662353516
1972,3.5930747985839844
1973,1.8809289932250977
1974,-1.035909652709961
1975,4.236083984375
1976,-7.958235263824463
1977,-1.6098804473876953
1978,3.9142398834228516
1979,0.957578182220459
1980,0.09752082824707031
1981,-1.9202308654785156
1982,-7.979475021362305
1983,0.4028005599975586
1984,-1.9807796478271484
1985,-8.666501998901367
1986,0.46190929412841797
1987,-1.9515228271484375
1988,-8.668425559997559
1989,0.5256166458129883
1990,-1.9472541809082031
1991,-8.670631408691406
1992,0.3647918701171875
1993,-2.005373001098633
1994,-7.477745056152344
1995,0.39153480529785156
1996,-1.9959964752197266
1997,-7.4782304763793945
1998,0.4244546890258789
1999,-1.9854621887207031
2000,-7.478496551513672
2001,0.9030752182006836
2002,-1.812570571899414
2003,-10.177398681640625
2004,0.7646150588989258
2005,-1.860055923461914
2006,-4.77504825592041
2007,0.18672943115234375
2008,-1.72265625
2009,-8.43504524230957
2010,0.11964130401611328
2011,-1.7316913604736328
2012,-6.890294551849365
2013,0.9591388702392578
2014,-1.1219825744628906
2015,-12.609807968139648
2016,0.6346654891967773
2017,-1.0547370910644531
2018,-1.036684513092041
2019,-1.4879980087280273
2020,-0.5838947296142578
2021,-15.569975852966309
2022,-1.190993309020996
2023,-0.2706928253173828
2024,0.9035873413085938
2025,-3.919984817504883
2026,-1.0127487182617188
2027,-14.538643836975098
2028,-2.727322578430176
2029,-0.2515735626220703
2030,-0.8692090511322021
2031,-4.53624153137207
2032,-1.0933952331542969
2033,-16.195877075195312
2034,-2.99686336517334
2035,-0.362060546875
2036,-0.9148526191711426
2037,-4.5003557205200195
2038,-1.2343273162841797
2039,-15.448922157287598
2040,-3.036417007446289
2041,-0.43190956115722656
2042,-2.0186476707458496
2043,-4.269067764282227
2044,-1.1814403533935547
2045,-14.252784729003906
2046,-2.9410085678100586
2047,-0.3911285400390625
2048,-1.4120042324066162
2049,1.8163576126098633
2050,1.2018070220947266
2051,-7.544496536254883
2052,0.8953762054443359
2053,0.9829902648925781
2054,0.4440937042236328
2055,-2.06638240814209
2056,1.9546241760253906
2057,-8.999593734741211
2058,-2.4089460372924805
2059,1.6208267211914062
2060,-0.4524192810058594
2061,-0.13935184478759766
2062,3.5791187286376953
2063,-3.0282537937164307
2064,-0.8925266265869141
2065,3.037759780883789
2066,5.276053428649902
2067,0.7168712615966797
2068,3.727388381958008
2069,-2.2704434394836426
2070,-0.31441211700439453
2071,3.1849937438964844
2072,5.878100395202637
2073,-0.885650634765625
2074,4.2437591552734375
2075,-1.7565065622329712
2076,-1.7360467910766602
2077,3.5331783294677734
2078,5.825438499450684
2079,0.7528562545776367
2080,-2.1809349060058594
2081,-6.5537567138671875
2082,1.0930347442626953
2083,-2.245361328125
2084,-7.224737644195557
2085,1.1545896530151367
2086,-2.218576431274414
2087,-7.225154876708984
2088,1.218003273010254
2089,-2.2011547088623047
2090,-7.227464199066162
2091,1.0783405303955078
2092,-2.2614002227783203
2093,-5.969781875610352
2094,1.1138172149658203
2095,-2.2521591186523438
2096,-5.969672679901123
2097,1.1524839401245117
2098,-2.2418384552001953
2099,-5.96992301940918
2100,1.613429069519043
2101,-2.0020523071289062
2102,-8.875642776489258
2103,1.5323381423950195
2104,-2.0553112030029297
2105,-3.166003942489624
2106,0.7184038162231445
2107,-1.9929847717285156
2108,-7.087892532348633
2109,0.6700706481933594
2110,-1.9987049102783203
2111,-5.460089683532715
2112,1.2120037078857422
2113,-1.3566856384277344
2114,-12.442157745361328
2115,0.9151954650878906
2116,-1.2558860778808594
2117,0.7285785675048828
2118,-1.261688232421875
2119,-1.774850845336914
2120,-13.517851829528809
2121,-1.2619314193725586
2122,-1.5422039031982422
2123,4.076034069061279
2124,-2.5098934173583984
2125,-2.694540023803711
2126,-10.293129920959473
2127,-2.238184928894043
2128,-2.53399658203125
2129,4.596649169921875
2130,-2.6917600631713867
2131,-2.923412322998047
2132,-11.471369743347168
2133,-2.380356788635254
2134,-2.7891063690185547
2135,4.60101318359375
2136,-2.521307945251465
2137,-2.946460723876953
2138,-11.138799667358398
2139,-2.325092315673828
2140,-2.8281497955322266
2141,4.255102634429932
2142,-2.470404624938965
2143,-2.84771728515625
2144,-10.139249801635742
2145,-2.2514257431030273
2146,-2.728229522705078
2147,4.3177008628845215
2148,1.7688417434692383
2149,1.1353530883789062
2150,-7.731222152709961
2151,0.8533830642700195
2152,0.9675464630126953
2153,0.6301145553588867
2154,-2.064098358154297
2155,1.95513916015625
2156,-6.94126033782959
2157,-2.3233861923217773
2158,1.6485462188720703
2159,1.7221693992614746
2160,-0.24411678314208984
2161,3.5850086212158203
2162,-0.8656244277954102
2163,-0.7787160873413086
2164,3.1890106201171875
2165,7.416047096252441
2166,0.7120933532714844
2167,3.7300682067871094
2168,-0.09337925910949707
2169,-0.20299625396728516
2170,3.3219642639160156
2171,8.030900001525879
2172,-0.9102993011474609
2173,4.187183380126953
2174,0.19036006927490234
2175,-1.6709985733032227
2176,3.5366973876953125
2177,7.763486862182617
2178,1.6761884689331055
2179,-2.461669921875
2180,-5.518799781799316
2181,1.999527931213379
2182,-2.4906787872314453
2183,-6.207324981689453
2184,2.0427026748657227
2185,-2.4749202728271484
2186,-6.207457542419434
2187,2.083737373352051
2188,-2.456594467163086
2189,-6.209056854248047
2190,1.9667577743530273
2191,-2.5031700134277344
2192,-4.95519495010376
2193,1.9862871170043945
2194,-2.4981307983398438
2195,-4.954667568206787
2196,2.007624626159668
2197,-2.4912490844726562
2198,-4.9559831619262695
2199,2.2980337142944336
2200,-2.281566619873047
2201,-8.055207252502441
2202,2.2575464248657227
2203,-2.3265552520751953
2204,-2.3960509300231934
2205,1.6313543319702148
2206,-2.328512191772461
2207,-6.1206254959106445
2208,1.573136329650879
2209,-2.3450851440429688
2210,-4.499359130859375
2211,1.857682228088379
2212,-1.6319961547851562
2213,-11.449129104614258
2214,1.4029245376586914
2215,-1.64898681640625
2216,1.1442222595214844
2217,-0.32950496673583984
2218,-2.529634475708008
2219,-13.8397798538208
2220,-0.1300821304321289
2221,-2.396556854248047
2222,5.180577278137207
2223,0.26760101318359375
2224,-3.471660614013672
2225,-13.330024719238281
2226,0.3000631332397461
2227,-3.296640396118164
2228,6.308162689208984
2229,0.40277957916259766
2230,-3.7082061767578125
2231,-14.71298885345459
2232,0.30212974548339844
2233,-3.0581283569335938
2234,6.452737808227539
2235,0.7050323486328125
2236,-3.7180728912353516
2237,-14.506819725036621
2238,0.5517101287841797
2239,-3.084514617919922
2240,6.135480880737305
2241,0.6576480865478516
2242,-3.6255016326904297
2243,-13.292078971862793
2244,0.4830036163330078
2245,-3.042562484741211
2246,6.069262504577637
2247,1.5397138595581055
2248,1.0963153839111328
2249,-7.812286376953125
2250,0.8633232116699219
2251,0.8365650177001953
2252,0.7109827995300293
2253,-1.992513656616211
2254,1.8728065490722656
2255,-7.401028633117676
2256,-2.2567138671875
2257,1.2320709228515625
2258,1.8856573104858398
2259,-0.4126405715942383
2260,3.5547256469726562
2261,-2.3499057292938232
2262,-0.7189664840698242
2263,2.682952880859375
2264,7.105541229248047
2265,0.14672183990478516
2266,3.6933059692382812
2267,-1.7327748537063599
2268,-0.17183303833007812
2269,2.8218536376953125
2270,7.671614646911621
2271,-1.421006202697754
2272,4.118499755859375
2273,-2.0288190841674805
2274,-1.6166315078735352
2275,3.1867637634277344
2276,7.792864799499512
2277,1.8989896774291992
2278,-2.765615463256836
2279,-6.934358596801758
2280,2.288630485534668
2281,-2.8660621643066406
2282,-7.343001842498779
2283,2.3480749130249023
2284,-2.8344783782958984
2285,-7.349170684814453
2286,2.409848213195801
2287,-2.8212642669677734
2288,-7.348953723907471
2289,2.217074394226074
2290,-2.8772716522216797
2291,-5.784866809844971
2292,2.238062858581543
2293,-2.8724746704101562
2294,-5.778863906860352
2295,2.259554862976074
2296,-2.8697357177734375
2297,-5.782771110534668
2298,2.726639747619629
2299,-2.636566162109375
2300,-8.125539779663086
2301,2.5344972610473633
2302,-2.7263450622558594
2303,-3.256405830383301
2304,1.9521512985229492
2305,-2.5752105712890625
2306,-7.122529029846191
2307,1.852351188659668
2308,-2.580991744995117
2309,-5.023133277893066
2310,2.5095396041870117
2311,-1.8859901428222656
2312,-12.224830627441406
2313,1.3922529220581055
2314,-1.8396339416503906
2315,0.6739048957824707
2316,2.2976770401000977
2317,-2.6056861877441406
2318,-21.41813087463379
2319,0.21390533447265625
2320,-1.9432525634765625
2321,4.1644673347473145
2322,2.977065086364746
2323,-3.3853626251220703
2324,-28.44696807861328
2325,-0.4669933319091797
2326,-0.42775535583496094
2327,4.152558326721191
2328,3.148280143737793
2329,-3.551809310913086
2330,-30.670595169067383
2331,-1.0395278930664062
2332,-0.008157730102539062
2333,4.623169898986816
2334,3.2928342819213867
2335,-3.545948028564453
2336,-29.900789260864258
2337,-1.20611572265625
2338,-0.01708984375
2339,3.450676918029785
2340,3.2202272415161133
2341,-3.507413864135742
2342,-28.399171829223633
2343,-0.8910837173461914
2344,-0.04799079895019531
2345,3.671903610229492
2346,1.0142908096313477
2347,0.7822914123535156
2348,-7.800451278686523
2349,0.10290908813476562
2350,0.5995388031005859
2351,0.7003822326660156
2352,-1.9345102310180664
2353,1.7319679260253906
2354,-11.990619659423828
2355,-1.845651626586914
2356,1.3201446533203125
2357,0.6813216209411621
2358,-0.6757478713989258
2359,3.5540199279785156
2360,-5.895832061767578
2361,-0.8659505844116211
2362,2.949859619140625
2363,6.261810302734375
2364,-0.1663379669189453
2365,3.691019058227539
2366,-5.224047660827637
2367,-0.539860725402832
2368,3.1661643981933594
2369,6.83013916015625
2370,-1.5458078384399414
2371,4.084718704223633
2372,-7.722044944763184
2373,-1.603555679321289
2374,3.217561721801758
2375,5.024312973022461
2376,3.20931339263916
2377,-2.975778579711914
2378,-4.551792144775391
2379,3.644106864929199
2380,-2.9998836517333984
2381,-4.4808030128479
2382,3.7100095748901367
2383,-2.975606918334961
2384,-4.48429536819458
2385,3.853695869445801
2386,-2.9438724517822266
2387,-4.487095832824707
2388,3.5234384536743164
2389,-3.028963088989258
2390,-3.7443416118621826
2391,3.534857749938965
2392,-3.055572509765625
2393,-3.7435829639434814
2394,3.522213935852051
2395,-3.058767318725586
2396,-3.7455596923828125
2397,3.957015037536621
2398,-2.7682228088378906
2399,-3.1934287548065186
2400,3.622897148132324
2401,-2.91729736328125
2402,-0.05621743202209473
2403,3.2081098556518555
2404,-2.782459259033203
2405,-4.064188480377197
2406,3.0692129135131836
2407,-2.8109817504882812
2408,-3.1157448291778564
2409,3.480668067932129
2410,-2.0202598571777344
2411,-4.753454685211182
2412,1.7393426895141602
2413,-2.221353530883789
2414,3.6734189987182617
2415,4.000441551208496
2416,-2.5521163940429688
2417,-10.713750839233398
2418,1.2506580352783203
2419,-2.3131980895996094
2420,6.834171295166016
2421,5.085024833679199
2422,-2.9805355072021484
2423,-14.092768669128418
2424,2.7411623001098633
2425,-2.4984512329101562
2426,8.159491539001465
2427,5.524233818054199
2428,-3.0903682708740234
2429,-15.087045669555664
2430,3.164261817932129
2431,-2.5582656860351562
2432,8.613194465637207
2433,5.509753227233887
2434,-2.9875640869140625
2435,-14.610901832580566
2436,3.172194480895996
2437,-2.528409957885742
2438,8.802971839904785
2439,5.265475273132324
2440,-2.9396705627441406
2441,-14.036928176879883
2442,3.046921730041504
2443,-2.5126724243164062
2444,8.203072547912598
2445,0.9030313491821289
2446,0.28139305114746094
2447,-6.946425914764404
2448,-0.3170585632324219
2449,0.1293315887451172
2450,-0.14934635162353516
2451,-1.768397331237793
2452,1.2467021942138672
2453,-16.183815002441406
2454,-1.6225786209106445
2455,1.3993282318115234
2456,-0.8972752094268799
2457,-0.6716423034667969
2458,3.546794891357422
2459,-20.587297439575195
2460,-1.1778678894042969
2461,3.300220489501953
2462,0.040644168853759766
2463,-0.13773155212402344
2464,3.760835647583008
2465,-21.012327194213867
2466,-1.0253372192382812
2467,3.5113067626953125
2468,-0.016129732131958008
2469,-1.613215446472168
2470,3.9970569610595703
2471,-24.971559524536133
2472,-2.115619659423828
2473,3.5325698852539062
2474,-2.9247379302978516
2475,4.23757266998291
2476,-3.002492904663086
2477,-2.2873001098632812
2478,4.675097465515137
2479,-2.9414520263671875
2480,-2.330758571624756
2481,4.779288291931152
2482,-2.861959457397461
2483,-2.3323192596435547
2484,4.831099510192871
2485,-2.835968017578125
2486,-2.3360352516174316
2487,4.591912269592285
2488,-2.979246139526367
2489,-1.4152779579162598
2490,4.5936479568481445
2491,-2.9858360290527344
2492,-1.413316249847412
2493,4.593380928039551
2494,-2.9905033111572266
2495,-1.4133124351501465
2496,4.847872734069824
2497,-2.6786632537841797
2498,-1.9101252555847168
2499,4.602841377258301
2500,-2.8571510314941406
2501,2.259230136871338
2502,4.068297386169434
2503,-2.7873363494873047
2504,-2.1483511924743652
2505,4.033127784729004
2506,-2.869424819946289
2507,-0.9729223251342773
2508,4.0416669845581055
2509,-2.1169815063476562
2510,-3.4280457496643066
2511,2.1515607833862305
2512,-2.3155136108398438
2513,4.368568420410156
2514,4.613776206970215
2515,-2.83367919921875
2516,-3.8646509647369385
2517,2.303828239440918
2518,-2.6911277770996094
2519,5.210014343261719
2520,5.751917839050293
2521,-3.352933883666992
2522,1.01861572265625
2523,5.097537040710449
2524,-3.1614303588867188
2525,5.006322860717773
2526,6.084942817687988
2527,-3.482433319091797
2528,1.0602340698242188
2529,5.502654075622559
2530,-3.211315155029297
2531,4.010399341583252
2532,6.198731422424316
2533,-3.402090072631836
2534,1.3432135581970215
2535,5.49654483795166
2536,-3.196523666381836
2537,6.477368354797363
2538,6.0322465896606445
2539,-3.3952369689941406
2540,1.2546014785766602
2541,5.429572105407715
2542,-3.207803726196289
2543,6.867341995239258
2544,0.6671876907348633
2545,-0.07509803771972656
2546,-6.4245734214782715
2547,-0.5814075469970703
2548,-0.21863937377929688
2549,-0.674527645111084
2550,-1.6223621368408203
2551,0.6281356811523438
2552,-17.46260643005371
2553,-1.8486318588256836
2554,0.807098388671875
2555,-4.958789825439453
2556,-0.9729948043823242
2557,2.9348678588867188
2558,-20.58683967590332
2559,-1.4883995056152344
2560,2.727628707885742
2561,-4.040610313415527
2562,-0.37683868408203125
2563,3.297231674194336
2564,-20.867279052734375
2565,-1.2093286514282227
2566,2.9310054779052734
2567,-3.974135398864746
2568,-1.6629142761230469
2569,3.6768436431884766
2570,-24.55829429626465
2571,-2.110947608947754
2572,3.3438949584960938
2573,-6.489532470703125
2574,5.264212608337402
2575,-3.099576950073242
2576,-0.058350324630737305
2577,5.6510210037231445
2578,-3.0073089599609375
2579,-0.13014578819274902
2580,5.699522972106934
2581,-2.962322235107422
2582,-0.13122057914733887
2583,5.73928165435791
2584,-2.9311256408691406
2585,-0.13543415069580078
2586,5.505511283874512
2587,-3.0823020935058594
2588,0.584536075592041
2589,5.499173164367676
2590,-3.0839309692382812
2591,0.5867953300476074
2592,5.488766670227051
2593,-3.0879364013671875
2594,0.5866336822509766
2595,5.694167137145996
2596,-2.7553482055664062
2597,-0.011205911636352539
2598,5.447409629821777
2599,-2.9480934143066406
2600,3.265491008758545
2601,5.145230293273926
2602,-2.9261112213134766
2603,0.030254602432250977
2604,4.997469902038574
2605,-3.0071849822998047
2606,0.9502935409545898
2607,4.753483772277832
2608,-2.298067092895508
2609,-2.7915382385253906
2610,3.7197771072387695
2611,-2.646017074584961
2612,5.609044075012207
2613,5.181469917297363
2614,-2.832429885864258
2615,-6.869078159332275
2616,3.920130729675293
2617,-3.215555191040039
2618,8.750981330871582
2619,6.205662727355957
2620,-3.5494518280029297
2621,-6.424901962280273
2622,6.000475883483887
2623,-3.647296905517578
2624,10.857397079467773
2625,6.346163749694824
2626,-3.753437042236328
2627,-7.047163009643555
2628,6.366164207458496
2629,-3.708789825439453
2630,11.139005661010742
2631,6.464602470397949
2632,-3.71832275390625
2633,-6.1504926681518555
2634,6.398303031921387
2635,-3.6519126892089844
2636,11.25028133392334
2637,6.3190412521362305
2638,-3.638225555419922
2639,-6.086846351623535
2640,6.194655418395996
2641,-3.737154006958008
2642,10.863831520080566
2643,0.8253974914550781
2644,-0.7137832641601562
2645,-6.657464027404785
2646,0.015585899353027344
2647,-0.855072021484375
2648,-0.44286155700683594
2649,-2.0135459899902344
2650,0.10140609741210938
2651,-11.993821144104004
2652,-2.00335693359375
2653,0.01110076904296875
2654,-4.688146114349365
2655,-1.5560131072998047
2656,2.3219451904296875
2657,-13.93560791015625
2658,-1.6271839141845703
2659,2.1171417236328125
2660,-5.330702781677246
2661,-0.9193458557128906
2662,2.577899932861328
2663,-13.945311546325684
2664,-1.1716375350952148
2665,2.3067588806152344
2666,-5.344407558441162
2667,-2.7274131774902344
2668,3.149656295776367
2669,-15.842013359069824
2670,-2.4546546936035156
2671,2.824298858642578
2672,-6.657596588134766
2673,6.0078630447387695
2674,-3.0262451171875
2675,-1.5122692584991455
2676,6.352261543273926
2677,-2.9709854125976562
2678,-1.931138038635254
2679,6.391613960266113
2680,-2.939737319946289
2681,-1.9313290119171143
2682,6.457974433898926
2683,-2.903064727783203
2684,-1.9316189289093018
2685,6.308712959289551
2686,-3.0115089416503906
2687,-0.8026943206787109
2688,6.308869361877441
2689,-3.005767822265625
2690,-0.8036437034606934
2691,6.318747520446777
2692,-3.002664566040039
2693,-0.8058583736419678
2694,6.516324043273926
2695,-2.728038787841797
2696,-3.081650495529175
2697,6.400362968444824
2698,-2.843961715698242
2699,1.9524693489074707
2700,5.921860694885254
2701,-2.8643245697021484
2702,-1.9446440935134888
2703,5.807150840759277
2704,-2.9201793670654297
2705,-0.4870264530181885
2706,5.7894487380981445
2707,-2.325471878051758
2708,-5.929844856262207
2709,4.467350959777832
2710,-2.507312774658203
2711,4.890294075012207
2712,5.824862480163574
2713,-3.284931182861328
2714,-9.628419876098633
2715,3.1613550186157227
2716,-2.8658885955810547
2717,7.724527359008789
2718,6.417677879333496
2719,-4.211966514587402
2720,-10.23134994506836
2721,3.9704580307006836
2722,-3.4095077514648438
2723,7.574223518371582
2724,6.269743919372559
2725,-4.453526496887207
2726,-11.230325698852539
2727,4.186457633972168
2728,-3.5032005310058594
2729,7.800599098205566
2730,6.360611915588379
2731,-4.444162368774414
2732,-10.678336143493652
2733,4.384585380554199
2734,-3.567474365234375
2735,7.530755043029785
2736,6.392624855041504
2737,-4.356995582580566
2738,-10.038358688354492
2739,4.3333539962768555
2740,-3.4788475036621094
2741,7.359886169433594
2742,1.3258438110351562
2743,-0.9270687103271484
2744,-7.055468559265137
2745,0.5151815414428711
2746,-1.1615562438964844
2747,-0.052283525466918945
2748,-2.1606550216674805
2749,-0.6253738403320312
2750,-12.094154357910156
2751,-2.3642148971557617
2752,-0.7365169525146484
2753,-1.3087255954742432
2754,-1.734170913696289
2755,1.224588394165039
2756,-8.758448600769043
2757,-2.0123491287231445
2758,0.9996681213378906
2759,1.3899970054626465
2760,-1.1576881408691406
2761,1.369272232055664
2762,-8.293289184570312
2763,-1.5126733779907227
2764,1.1253700256347656
2765,1.6375312805175781
2766,-2.8161725997924805
2767,1.9683570861816406
2768,-9.06857681274414
2769,-2.693510055541992
2770,1.6700630187988281
2771,1.3704218864440918
2772,6.291460990905762
2773,-2.9018077850341797
2774,3.4678306579589844
2775,6.708731651306152
2776,-2.8774585723876953
2777,3.107408046722412
2778,6.763609886169434
2779,-2.848918914794922
2780,3.106499195098877
2781,6.822625160217285
2782,-2.8205642700195312
2783,3.1062722206115723
2784,6.64157772064209
2785,-2.911497116088867
2786,4.161785125732422
2787,6.667656898498535
2788,-2.9128589630126953
2789,4.160523414611816
2790,6.693686485290527
2791,-2.9214096069335938
2792,4.160397529602051
2793,6.9344282150268555
2794,-2.664764404296875
2795,1.6711134910583496
2796,6.8197431564331055
2797,-2.7971420288085938
2798,6.51175594329834
2799,6.1765031814575195
2800,-2.759702682495117
2801,2.9232325553894043
2802,6.005768775939941
2803,-2.792949676513672
2804,4.327734470367432
2805,6.197495460510254
2806,-2.2889022827148438
2807,-2.193730592727661
2808,4.604905128479004
2809,-2.327768325805664
2810,8.191618919372559
2811,5.749154090881348
2812,-3.3441925048828125
2813,-6.957376956939697
2814,2.435004234313965
2815,-2.477823257446289
2816,11.842552185058594
2817,5.607598304748535
2818,-4.429009437561035
2819,-7.669238090515137
2820,3.2041120529174805
2821,-3.328216552734375
2822,12.887062072753906
2823,5.365832328796387
2824,-4.682778358459473
2825,-8.698402404785156
2826,3.541693687438965
2827,-3.443513870239258
2828,13.453338623046875
2829,5.432082176208496
2830,-4.684525489807129
2831,-7.797390937805176
2832,3.522669792175293
2833,-3.5278759002685547
2834,12.7593994140625
2835,5.479571342468262
2836,-4.614091873168945
2837,-7.3573198318481445
2838,3.5164594650268555
2839,-3.4833755493164062
2840,12.617948532104492
2841,1.475804328918457
2842,-1.1167240142822266
2843,-7.027466773986816
2844,0.7364816665649414
2845,-1.2945785522460938
2846,-0.08003020286560059
2847,-2.090540885925293
2848,-1.6688652038574219
2849,-13.478631019592285
2850,-2.3765697479248047
2851,-1.881988525390625
2852,-3.0747411251068115
2853,-2.0564088821411133
2854,0.18456077575683594
2855,-12.83120346069336
2856,-2.6575212478637695
2857,-0.16927719116210938
2858,-3.593636989593506
2859,-1.5920953750610352
2860,0.37236976623535156
2861,-12.687933921813965
2862,-2.184896469116211
2863,0.16274642944335938
2864,-3.7186594009399414
2865,-3.4460973739624023
2866,0.8002719879150391
2867,-12.988576889038086
2868,-3.5775222778320312
2869,0.5476245880126953
2870,-4.627256870269775
2871,6.614363670349121
2872,-2.7927188873291016
2873,1.3148279190063477
2874,7.002058982849121
2875,-2.6786251068115234
2876,1.0129094123840332
2877,7.047928810119629
2878,-2.6573925018310547
2879,1.0120816230773926
2880,7.094237327575684
2881,-2.6372623443603516
2882,1.013765811920166
2883,6.936274528503418
2884,-2.696462631225586
2885,1.8271327018737793
2886,6.923277854919434
2887,-2.6817378997802734
2888,1.8250203132629395
2889,6.923678398132324
2890,-2.6744117736816406
2891,1.8234939575195312
2892,7.166176795959473
2893,-2.486207962036133
2894,-0.05991029739379883
2895,6.951836585998535
2896,-2.516834259033203
2897,3.717027187347412
2898,6.441296577453613
2899,-2.6908950805664062
2900,0.9314360618591309
2901,6.3312273025512695
2902,-2.7443504333496094
2903,2.0153326988220215
2904,6.6039018630981445
2905,-2.2037220001220703
2906,-3.4255642890930176
2907,5.086028099060059
2908,-2.3227672576904297
2909,5.574280738830566
2910,5.567181587219238
2911,-3.111957550048828
2912,-7.361964225769043
2913,2.672640800476074
2914,-2.310882568359375
2915,8.895711898803711
2916,4.920443534851074
2917,-4.126520156860352
2918,-8.031821250915527
2919,1.544534683227539
2920,-2.944520950317383
2921,8.10810375213623
2922,4.764174461364746
2923,-4.380615234375
2924,-8.868551254272461
2925,1.1996526718139648
2926,-3.0925540924072266
2927,8.025078773498535
2928,4.853428840637207
2929,-4.406354904174805
2930,-8.213038444519043
2931,1.2365388870239258
2932,-3.1587772369384766
2933,6.731263160705566
2934,4.821282386779785
2935,-4.314857482910156
2936,-7.77703332901001
2937,1.3596878051757812
2938,-3.1021366119384766
2939,7.528447151184082
2940,1.703892707824707
2941,-1.3138751983642578
2942,-6.602120399475098
2943,1.1919403076171875
2944,-1.4671211242675781
2945,-0.5133349895477295
2946,-0.8932619094848633
2947,-2.4804115295410156
2948,-12.402170181274414
2949,-0.6324949264526367
2950,-2.481719970703125
2951,-2.820389747619629
2952,-2.23958683013916
2953,-0.8378944396972656
2954,-13.212386131286621
2955,-2.228968620300293
2956,-1.1545753479003906
2957,-6.049460411071777
2958,-1.9076528549194336
2959,-0.4710712432861328
2960,-13.221001625061035
2961,-1.9222135543823242
2962,-0.7091884613037109
2963,-6.400737762451172
2964,-4.091070175170898
2965,-0.5928630828857422
2966,-13.407671928405762
2967,-3.633901596069336
2968,-0.7108306884765625
2969,-7.041057586669922
2970,6.889359474182129
2971,-2.5617218017578125
2972,3.015204429626465
2973,7.251143455505371
2974,-2.474557876586914
2975,2.5563182830810547
2976,7.287985801696777
2977,-2.454629898071289
2978,2.5559945106506348
2979,7.326350212097168
2980,-2.4346675872802734
2981,2.558072090148926
2982,7.204747200012207
2983,-2.4832916259765625
2984,3.4532055854797363
2985,7.211310386657715
2986,-2.4678306579589844
2987,3.451998233795166
2988,7.219321250915527
2989,-2.4537277221679688
2990,3.450166702270508
2991,7.380606651306152
2992,-2.243070602416992
2993,0.8382272720336914
2994,7.236710548400879
2995,-2.2653961181640625
2996,4.95051383972168
2997,6.688319206237793
2998,-2.486661911010742
2999,2.4054617881774902
3000,6.632905006408691
3001,-2.5102672576904297
3002,3.602297782897949
3003,6.701851844787598
3004,-2.1343555450439453
3005,-3.065964698791504
3006,5.584328651428223
3007,-1.823699951171875
3008,6.354143142700195
3009,5.188078880310059
3010,-2.923236846923828
3011,-7.712592601776123
3012,3.30550479888916
3013,-1.7946052551269531
3014,8.06870174407959
3015,4.203028678894043
3016,-3.719654083251953
3017,-9.33958911895752
3018,1.477372169494629
3019,-2.3046493530273438
3020,7.8453216552734375
3021,3.6091623306274414
3022,-3.9195804595947266
3023,-10.276805877685547
3024,1.1413936614990234
3025,-2.3621368408203125
3026,8.212665557861328
3027,3.6451807022094727
3028,-3.9320716857910156
3029,-9.557010650634766
3030,1.1057252883911133
3031,-2.4854087829589844
3032,7.405564308166504
3033,3.7198266983032227
3034,-3.8581199645996094
3035,-9.113815307617188
3036,1.2324705123901367
3037,-2.460855484008789
3038,7.5121917724609375
3039,2.238701820373535
3040,-1.475301742553711
3041,-6.6907453536987305
3042,1.5374698638916016
3043,-1.300668716430664
3044,-0.42258381843566895
3045,0.4824790954589844
3046,-3.0170040130615234
3047,-6.824355125427246
3048,-0.6182489395141602
3049,-2.5710525512695312
3050,0.5006656646728516
3051,-2.304652214050293
3052,-1.8994674682617188
3053,-11.887579917907715
3054,-2.85013484954834
3055,-1.9201583862304688
3056,-4.63804292678833
3057,-2.3247785568237305
3058,-1.5579948425292969
3059,-12.889277458190918
3060,-3.0140209197998047
3061,-1.668701171875
3062,-5.168241024017334
3063,-4.3726396560668945
3064,-2.1513633728027344
3065,-11.249334335327148
3066,-4.218650817871094
3067,-2.197237014770508
3068,-5.352815628051758
3069,7.0466203689575195
3070,-2.225484848022461
3071,-2.1584343910217285
3072,7.433180809020996
3073,-2.1430320739746094
3074,-3.1859652996063232
3075,7.44222354888916
3076,-2.0965843200683594
3077,-3.1858410835266113
3078,7.445706367492676
3079,-2.0734481811523438
3080,-3.1855883598327637
3081,7.440407752990723
3082,-2.1214332580566406
3083,-2.1775083541870117
3084,7.44124698638916
3085,-2.099445343017578
3086,-2.1781349182128906
3087,7.442347526550293
3088,-2.0787220001220703
3089,-2.1789183616638184
3090,7.371790885925293
3091,-1.8603954315185547
3092,-5.593384742736816
3093,7.352307319641113
3094,-1.8670997619628906
3095,-1.0924952030181885
3096,6.715392112731934
3097,-2.139223098754883
3098,-2.9618191719055176
3099,6.708371162414551
3100,-2.136117935180664
3101,-1.6487743854522705
3102,6.286587715148926
3103,-1.8669548034667969
3104,-8.613140106201172
3105,5.699276924133301
3106,-1.4329719543457031
3107,1.8913226127624512
3108,4.55387020111084
3109,-2.4660816192626953
3110,-8.596195220947266
3111,3.5452795028686523
3112,-1.7782058715820312
3113,1.8790168762207031
3114,3.160243034362793
3115,-2.9859542846679688
3116,-7.058478355407715
3117,2.145249366760254
3118,-2.300586700439453
3119,-1.1877079010009766
3120,2.9197187423706055
3121,-2.9585342407226562
3122,-7.570242404937744
3123,1.7738943099975586
3124,-2.363046646118164
3125,-1.21602201461792
3126,2.778750419616699
3127,-3.0357913970947266
3128,-7.299431800842285
3129,1.856858253479004
3130,-2.477243423461914
3131,-2.002751350402832
3132,3.067723274230957
3133,-2.886503219604492
3134,-6.863790512084961
3135,1.9810705184936523
3136,-2.4539127349853516
3137,-1.6089712381362915
3138,1.8549928665161133
3139,-1.4314079284667969
3140,-6.994073867797852
3141,1.2872247695922852
3142,-1.2905426025390625
3143,-0.12027382850646973
3144,2.102128028869629
3145,-3.338642120361328
3146,-5.741803169250488
3147,1.7915678024291992
3148,-2.9636478424072266
3149,2.1119580268859863
3150,-1.8460006713867188
3151,-2.884828567504883
3152,-6.374507427215576
3153,-1.9339675903320312
3154,-2.7915077209472656
3155,-0.5317416191101074
3156,-2.1258459091186523
3157,-2.574861526489258
3158,-6.371769905090332
3159,-2.3844709396362305
3160,-2.499990463256836
3161,-0.9024543762207031
3162,-2.483308792114258
3163,-3.5165843963623047
3164,-6.523590564727783
3165,-2.730902671813965
3166,-3.387948989868164
3167,-1.5661160945892334
3168,7.310181617736816
3169,-1.9072685241699219
3170,0.8965058326721191
3171,7.6768293380737305
3172,-1.7663516998291016
3173,0.35169196128845215
3174,7.679770469665527
3175,-1.7413177490234375
3176,0.35088634490966797
3177,7.682917594909668
3178,-1.7182445526123047
3179,0.35079431533813477
3180,7.690686225891113
3181,-1.763275146484375
3182,1.4326038360595703
3183,7.698336601257324
3184,-1.741952896118164
3185,1.4328827857971191
3186,7.705323219299316
3187,-1.7212753295898438
3188,1.429372787475586
3189,7.514555931091309
3190,-1.5078697204589844
3191,-1.340336799621582
3192,7.543971061706543
3193,-1.5253524780273438
3194,3.60084867477417
3195,6.959473609924316
3196,-1.8730010986328125
3197,0.277193546295166
3198,6.988299369812012
3199,-1.8761138916015625
3200,1.7067241668701172
3201,6.432717323303223
3202,-1.513336181640625
3203,-5.508694648742676
3204,5.989058494567871
3205,-1.4123611450195312
3206,6.1314287185668945
3207,4.481291770935059
3208,-1.7587528228759766
3209,-8.85167121887207
3210,3.466555595397949
3211,-1.7310199737548828
3212,6.266274452209473
3213,2.925971031188965
3214,-2.325897216796875
3215,-10.7492094039917
3216,2.1437864303588867
3217,-2.2947216033935547
3218,1.359405517578125
3219,2.290371894836426
3220,-2.3980331420898438
3221,-11.767146110534668
3222,1.6811037063598633
3223,-2.345243453979492
3224,0.019678354263305664
3225,2.388951301574707
3226,-2.5470218658447266
3227,-11.335644721984863
3228,1.7187318801879883
3229,-2.4723453521728516
3230,1.698631763458252
3231,2.5578432083129883
3232,-2.490093231201172
3233,-10.579174041748047
3234,1.857752799987793
3235,-2.4360828399658203
3236,1.8088617324829102
3237,1.7978830337524414
3238,-1.465545654296875
3239,-7.138577938079834
3240,1.389338493347168
3241,-1.432912826538086
3242,0.01864171028137207
3243,3.7077417373657227
3244,-3.3577880859375
3245,-7.203658103942871
3246,3.4258527755737305
3247,-3.135040283203125
3248,1.9452400207519531
3249,-0.22614383697509766
3250,-3.41552734375
3251,-9.417174339294434
3252,-0.1356220245361328
3253,-3.4541091918945312
3254,-2.622174024581909
3255,-1.0602893829345703
3256,-3.2209854125976562
3257,-10.263592720031738
3258,-0.9488058090209961
3259,-3.288532257080078
3260,-3.3131096363067627
3261,-0.35556602478027344
3262,-4.23151969909668
3263,-10.531253814697266
3264,-0.3792858123779297
3265,-4.220751762390137
3266,-4.285214900970459
3267,7.6422929763793945
3268,-1.446319580078125
3269,-0.7727735042572021
3270,7.8863115310668945
3271,-1.2996711730957031
3272,-1.3077168464660645
3273,7.892535209655762
3274,-1.283926010131836
3275,-1.309255838394165
3276,7.868592262268066
3277,-1.2684783935546875
3278,-1.3116636276245117
3279,7.8918962478637695
3280,-1.2894248962402344
3281,-0.2809600830078125
3282,7.90261173248291
3283,-1.2693233489990234
3284,-0.2805485725402832
3285,7.920437812805176
3286,-1.2515621185302734
3287,-0.28476953506469727
3288,7.709630012512207
3289,-1.1113967895507812
3290,-2.836977481842041
3291,7.746607780456543
3292,-1.1135616302490234
3293,1.7255935668945312
3294,7.339295387268066
3295,-1.4310760498046875
3296,-1.3892276287078857
3297,7.3476362228393555
3298,-1.4230632781982422
3299,-0.05243659019470215
3300,6.578961372375488
3301,-1.1347026824951172
3302,-6.555481910705566
3303,6.065020561218262
3304,-1.2788372039794922
3305,4.557353973388672
3306,4.472743034362793
3307,-1.345174789428711
3308,-8.744237899780273
3309,3.825535774230957
3310,-1.7395973205566406
3311,5.096745491027832
3312,3.010838508605957
3313,-2.206501007080078
3314,-8.74832534790039
3315,2.504818916320801
3316,-2.2842350006103516
3317,2.810272216796875
3318,2.512049674987793
3319,-2.3545913696289062
3320,-9.551651000976562
3321,2.0337228775024414
3322,-2.3478527069091797
3323,2.826962947845459
3324,2.694077491760254
3325,-2.4407119750976562
3326,-9.311286926269531
3327,2.130772590637207
3328,-2.469158172607422
3329,2.225451946258545
3330,2.8142290115356445
3331,-2.386890411376953
3332,-8.597494125366211
3333,2.31185245513916
3334,-2.4178943634033203
3335,2.4652915000915527
3336,1.8736352920532227
3337,-1.5827484130859375
3338,-7.103029251098633
3339,1.7159700393676758
3340,-1.5897903442382812
3341,-0.013605356216430664
3342,4.970599174499512
3343,-3.173858642578125
3344,-8.34726333618164
3345,4.822436332702637
3346,-2.9433631896972656
3347,0.5846662521362305
3348,1.6562223434448242
3349,-3.8047142028808594
3350,-8.204412460327148
3351,1.755681037902832
3352,-3.8126296997070312
3353,-2.407041311264038
3354,0.7564611434936523
3355,-3.7954959869384766
3356,-8.172033309936523
3357,0.945002555847168
3358,-3.8309974670410156
3359,-2.8063762187957764
3360,2.129988670349121
3361,-4.608697891235352
3362,-8.803878784179688
3363,2.1242666244506836
3364,-4.612693786621094
3365,-3.7766454219818115
3366,7.457573890686035
3367,-0.8245429992675781
3368,-8.198881149291992
3369,7.692654609680176
3370,-0.5962581634521484
3371,-8.67466926574707
3372,7.6411638259887695
3373,-0.5630207061767578
3374,-8.672462463378906
3375,7.585434913635254
3376,-0.5303421020507812
3377,-8.672881126403809
3378,7.814959526062012
3379,-0.6384296417236328
3380,-7.9132513999938965
3381,7.850890159606934
3382,-0.6421222686767578
3383,-7.917084217071533
3384,7.88692569732666
3385,-0.6451873779296875
3386,-7.919934272766113
3387,7.2844133377075195
3388,-0.4682941436767578
3389,-8.974199295043945
3390,7.729168891906738
3391,-0.5436820983886719
3392,-5.596465110778809
3393,7.160414695739746
3394,-0.8425407409667969
3395,-8.17244815826416
3396,7.2061872482299805
3397,-0.8403968811035156
3398,-7.196163177490234
3399,6.164301872253418
3400,-0.6805992126464844
3401,-10.555631637573242
3402,6.722092628479004
3403,-0.8442363739013672
3404,-1.5618703365325928
3405,4.444519996643066
3406,-1.445882797241211
3407,-10.370621681213379
3408,5.330243110656738
3409,-1.6506481170654297
3410,0.3239123821258545
3411,3.628628730773926
3412,-2.2758102416992188
3413,-8.880036354064941
3414,4.60311222076416
3415,-2.066802978515625
3416,-1.227229356765747
3417,3.389613151550293
3418,-2.470304489135742
3419,-9.617813110351562
3420,4.328879356384277
3421,-2.1717357635498047
3422,-1.0188124179840088
3423,3.68833065032959
3424,-2.4851322174072266
3425,-9.470163345336914
3426,4.447474479675293
3427,-2.1495494842529297
3428,-1.742497444152832
3429,3.7096338272094727
3430,-2.417787551879883
3431,-8.752603530883789
3432,4.507571220397949
3433,-2.106494903564453
3434,-1.5161666870117188
3435,2.0938730239868164
3436,-1.352457046508789
3437,-6.9082536697387695
3438,2.6881284713745117
3439,-1.3892822265625
3440,-0.20705914497375488
3441,5.8715620040893555
3442,-2.719114303588867
3443,-8.278088569641113
3444,6.060154914855957
3445,-2.707796096801758
3446,-1.4682950973510742
3447,3.4873552322387695
3448,-3.9677886962890625
3449,-7.014107704162598
3450,3.754664421081543
3451,-3.898052215576172
3452,-2.669746160507202
3453,2.91512393951416
3454,-3.9851245880126953
3455,-6.877081394195557
3456,3.0983171463012695
3457,-3.9977340698242188
3458,-2.898820400238037
3459,4.7277631759643555
3460,-4.558418273925781
3461,-8.194339752197266
3462,4.730717658996582
3463,-4.569279670715332
3464,-4.021683692932129
3465,7.6012773513793945
3466,-0.34351539611816406
3467,-14.23625373840332
3468,7.7546491622924805
3469,-0.185394287109375
3470,-14.965097427368164
3471,7.656340599060059
3472,-0.1822643280029297
3473,-14.96382999420166
3474,7.582627296447754
3475,-0.14151954650878906
3476,-14.967795372009277
3477,7.813811302185059
3478,-0.1833019256591797
3479,-13.961338996887207
3480,7.8195600509643555
3481,-0.1700592041015625
3482,-13.967585563659668
3483,7.833718299865723
3484,-0.15803909301757812
3485,-13.969854354858398
3486,7.133757591247559
3487,0.0067157745361328125
3488,-15.767862319946289
3489,7.556962013244629
3490,-0.0056591033935546875
3491,-11.226232528686523
3492,7.229727745056152
3493,-0.37636566162109375
3494,-14.328973770141602
3495,7.274971961975098
3496,-0.3717174530029297
3497,-13.010530471801758
3498,5.847250938415527
3499,-0.46474456787109375
3500,-15.794933319091797
3501,6.768660545349121
3502,-0.31725120544433594
3503,-6.190916061401367
3504,4.4258527755737305
3505,-1.3837966918945312
3506,-14.398322105407715
3507,6.122288703918457
3508,-1.2001762390136719
3509,-0.6967988014221191
3510,4.810111045837402
3511,-2.2251110076904297
3512,-10.54305648803711
3513,5.97214412689209
3514,-1.6947555541992188
3515,0.9742584228515625
3516,4.652676582336426
3517,-2.4459590911865234
3518,-11.40835189819336
3519,5.884457588195801
3520,-1.8571510314941406
3521,1.400343894958496
3522,4.938815116882324
3523,-2.416990280151367
3524,-11.747783660888672
3525,5.869257926940918
3526,-1.806417465209961
3527,0.21258997917175293
3528,4.925597190856934
3529,-2.319395065307617
3530,-10.59445571899414
3531,5.851471900939941
3532,-1.7558612823486328
3533,0.5640020370483398
3534,2.141291618347168
3535,-1.2752952575683594
3536,-6.726516246795654
3537,3.2324438095092773
3538,-1.295541763305664
3539,-0.37318921089172363
3540,5.831334114074707
3541,-2.4722633361816406
3542,-8.713521957397461
3543,7.039544105529785
3544,-2.3236122131347656
3545,-3.240490674972534
3546,5.63797664642334
3547,-3.7666778564453125
3548,-6.847975254058838
3549,5.832512855529785
3550,-3.8140869140625
3551,-2.695356845855713
3552,5.286116600036621
3553,-3.979400634765625
3554,-6.696784496307373
3555,5.408511161804199
3556,-3.996549606323242
3557,-2.8321261405944824
3558,7.22194766998291
3559,-4.137027740478516
3560,-8.902027130126953
3561,7.243781089782715
3562,-4.198554039001465
3563,-4.783214092254639
3564,7.091891288757324
3565,0.3296947479248047
3566,-15.896103858947754
3567,6.878829002380371
3568,0.47783851623535156
3569,-16.53469467163086
3570,6.740391731262207
3571,0.4780101776123047
3572,-16.533103942871094
3573,6.635828971862793
3574,0.4775981903076172
3575,-16.536697387695312
3576,7.1139631271362305
3577,0.5052947998046875
3578,-15.588861465454102
3579,7.0893354415893555
3580,0.5161533355712891
3581,-15.595857620239258
3582,7.069928169250488
3583,0.5262565612792969
3584,-15.597429275512695
3585,5.929263114929199
3586,0.45784568786621094
3587,-16.861175537109375
3588,6.380263328552246
3589,0.5221939086914062
3590,-12.604413986206055
3591,6.814547538757324
3592,0.18418312072753906
3593,-15.845691680908203
3594,6.781863212585449
3595,0.20853233337402344
3596,-14.607343673706055
3597,4.999123573303223
3598,-0.30155181884765625
3599,-15.927995681762695
3600,6.09897518157959
3601,-0.03891563415527344
3602,-7.821880340576172
3603,4.715640068054199
3604,-1.2979888916015625
3605,-12.286191940307617
3606,5.879761695861816
3607,-1.1966209411621094
3608,-5.394492149353027
3609,5.684935569763184
3610,-2.035369873046875
3611,-6.452126502990723
3612,6.303763389587402
3613,-1.7899532318115234
3614,-6.171718597412109
3615,5.809023857116699
3616,-2.254850387573242
3617,-6.891547203063965
3618,6.437191963195801
3619,-2.2235164642333984
3620,-6.0877885818481445
3621,5.938479423522949
3622,-2.2405242919921875
3623,-7.126926422119141
3624,6.336529731750488
3625,-2.223550796508789
3626,-7.5050787925720215
3627,5.889285087585449
3628,-2.1570873260498047
3629,-6.4042463302612305
3630,6.259272575378418
3631,-2.115154266357422
3632,-6.746183395385742
3633,2.1137590408325195
3634,-1.2434120178222656
3635,-6.302611351013184
3636,3.073472023010254
3637,-1.1986923217773438
3638,-0.793245792388916
3639,6.8743791580200195
3640,-1.6130943298339844
3641,-8.521194458007812
3642,7.753542900085449
3643,-1.6255321502685547
3644,-2.3335518836975098
3645,7.784581184387207
3646,-3.2087955474853516
3647,-6.132462501525879
3648,8.030047416687012
3649,-3.1879730224609375
3650,-1.0496609210968018
3651,7.660067558288574
3652,-3.4906234741210938
3653,-5.931967735290527
3654,7.791033744812012
3655,-3.43572998046875
3656,-1.0152969360351562
3657,9.56514835357666
3658,-3.210367202758789
3659,-8.035484313964844
3660,9.510441780090332
3661,-3.223672866821289
3662,-2.843599557876587
3663,4.745566368103027
3664,0.9299087524414062
3665,-4.2358269691467285
3666,4.414849281311035
3667,1.0515460968017578
3668,-4.9543375968933105
3669,4.348341941833496
3670,1.0502071380615234
3671,-4.956294059753418
3672,4.299120903015137
3673,1.0505428314208984
3674,-4.957674980163574
3675,4.413043022155762
3676,1.0555038452148438
3677,-3.7083239555358887
3678,4.338982582092285
3679,1.0566291809082031
3680,-3.7092628479003906
3681,4.28330135345459
3682,1.060159683227539
3683,-3.7118659019470215
3684,3.812361717224121
3685,0.9373416900634766
3686,-6.980961799621582
3687,3.8154497146606445
3688,0.9498691558837891
3689,-1.3584492206573486
3690,4.688488960266113
3691,0.7181396484375
3692,-4.924162864685059
3693,4.685896873474121
3694,0.7205028533935547
3695,-3.287792682647705
3696,3.71138858795166
3697,0.08457374572753906
3698,-10.273488998413086
3699,4.066164970397949
3700,0.22501754760742188
3701,2.247185707092285
3702,5.4691057205200195
3703,-0.8333168029785156
3704,-12.150993347167969
3705,5.771241188049316
3706,-0.556640625
3707,3.1575961112976074
3708,8.222376823425293
3709,-0.6695575714111328
3710,-11.185546875
3711,7.8973188400268555
3712,-0.7281131744384766
3713,0.42731332778930664
3714,8.861777305603027
3715,-0.7042388916015625
3716,-12.381673812866211
3717,8.300530433654785
3718,-0.6999473571777344
3719,0.5098681449890137
3720,8.855551719665527
3721,-0.6000137329101562
3722,-11.79141902923584
3723,8.40425968170166
3724,-0.6538963317871094
3725,-0.5831570625305176
3726,8.596163749694824
3727,-0.6021842956542969
3728,-10.950342178344727
3729,8.258145332336426
3730,-0.6671562194824219
3731,-0.1590442657470703
3732,5.149247169494629
3733,-1.9556503295898438
3734,-7.479884147644043
3735,5.373147010803223
3736,-1.7033119201660156
3737,0.37999701499938965
3738,7.43099308013916
3739,-0.6104393005371094
3740,-9.981038093566895
3741,7.545161247253418
3742,-0.4999065399169922
3743,-0.9546961784362793
3744,11.2855863571167
3745,-0.9385318756103516
3746,-9.276926040649414
3747,11.368876457214355
3748,-0.7247371673583984
3749,-1.9566125869750977
3750,11.862441062927246
3751,-1.151580810546875
3752,-9.235872268676758
3753,11.89852237701416
3754,-1.0180625915527344
3755,-2.166344165802002
3756,12.323315620422363
3757,-0.27880287170410156
3758,-10.988609313964844
3759,12.028565406799316
3760,-0.21187782287597656
3761,-3.7383041381835938
3762,4.444546699523926
3763,1.0188064575195312
3764,-11.504192352294922
3765,4.050185203552246
3766,1.0717620849609375
3767,-12.248847961425781
3768,3.9628915786743164
3769,1.0538578033447266
3770,-12.248283386230469
3771,3.91055965423584
3772,1.0504322052001953
3773,-12.25130558013916
3774,4.090304374694824
3775,1.1021366119384766
3776,-11.268165588378906
3777,4.061884880065918
3778,1.1091041564941406
3779,-11.275428771972656
3780,4.0383195877075195
3781,1.1183509826660156
3782,-11.277872085571289
3783,3.5369482040405273
3784,0.8971023559570312
3785,-13.52402114868164
3786,3.626641273498535
3787,0.9737892150878906
3788,-9.074365615844727
3789,4.404574394226074
3790,0.8054370880126953
3791,-11.792292594909668
3792,4.520968437194824
3793,0.865966796875
3794,-10.503911972045898
3795,3.870783805847168
3796,0.07415580749511719
3797,-14.113872528076172
3798,4.065192222595215
3799,0.4100170135498047
3800,-4.876847743988037
3801,6.069445610046387
3802,-0.5419101715087891
3803,-12.85266399383545
3804,5.969195365905762
3805,-0.035778045654296875
3806,-2.2789149284362793
3807,7.628365516662598
3808,0.18366050720214844
3809,-8.648239135742188
3810,6.901423454284668
3811,0.46291351318359375
3812,-2.8994312286376953
3813,8.16341495513916
3814,0.3246746063232422
3815,-9.133259773254395
3816,7.097567558288574
3817,0.5588436126708984
3818,-2.9949069023132324
3819,7.736733436584473
3820,0.4247303009033203
3821,-9.368852615356445
3822,6.988629341125488
3823,0.6287918090820312
3824,-3.6571409702301025
3825,7.571148872375488
3826,0.3657646179199219
3827,-8.613445281982422
3828,6.921452522277832
3829,0.5709228515625
3830,-3.1901211738586426
3831,5.456332206726074
3832,-1.7662467956542969
3833,-6.904274940490723
3834,5.483860969543457
3835,-1.3546428680419922
3836,-0.18932247161865234
3837,7.477526664733887
3838,-0.21215438842773438
3839,-10.727903366088867
3840,7.317910194396973
3841,0.18864822387695312
3842,-5.359916687011719
3843,11.273470878601074
3844,0.07317352294921875
3845,-11.386564254760742
3846,11.39301586151123
3847,0.29270362854003906
3848,-7.012384414672852
3849,11.890742301940918
3850,-0.1014251708984375
3851,-11.477273941040039
3852,12.074372291564941
3853,0.0613555908203125
3854,-7.247068405151367
3855,11.877589225769043
3856,0.8466930389404297
3857,-13.92228889465332
3858,12.102513313293457
3859,1.0315666198730469
3860,-9.197303771972656
3861,4.081143379211426
3862,1.1316642761230469
3863,-3.936720132827759
3864,3.727044105529785
3865,1.1562728881835938
3866,-4.669780731201172
3867,3.687005043029785
3868,1.1342296600341797
3869,-4.668282508850098
3870,3.66005802154541
3871,1.1194419860839844
3872,-4.669845104217529
3873,3.74149227142334
3874,1.1933937072753906
3875,-3.73099684715271
3876,3.7174692153930664
3877,1.1959266662597656
3878,-3.7339067459106445
3879,3.697453498840332
3880,1.1995887756347656
3881,-3.734645128250122
3882,3.39388370513916
3883,0.9209995269775391
3884,-6.825589179992676
3885,3.3600854873657227
3886,1.0303287506103516
3887,-2.6931629180908203
3888,4.160304069519043
3889,0.93853759765625
3890,-4.59016227722168
3891,4.202559471130371
3892,0.9773483276367188
3893,-3.3578426837921143
3894,4.179474830627441
3895,0.14017868041992188
3896,-8.83514404296875
3897,3.91756534576416
3898,0.5012683868408203
3899,-3.047045946121216
3900,6.563870429992676
3901,0.06661605834960938
3902,-9.069833755493164
3903,5.623181343078613
3904,0.5395221710205078
3905,4.844951629638672
3906,6.5463457107543945
3907,1.1703414916992188
3908,-6.454386234283447
3909,5.0061445236206055
3910,1.500680923461914
3911,7.059805870056152
3912,6.566367149353027
3913,1.4030838012695312
3914,-7.070863723754883
3915,4.802886009216309
3916,1.6920967102050781
3917,7.417814254760742
3918,6.23433780670166
3919,1.4345817565917969
3920,-7.033623695373535
3921,4.77687931060791
3922,1.803445816040039
3923,7.020771026611328
3924,6.2257795333862305
3925,1.4010086059570312
3926,-6.422258377075195
3927,4.88350772857666
3928,1.7427501678466797
3929,6.883269309997559
3930,6.07070255279541
3931,-1.5390281677246094
3932,-6.682883262634277
3933,6.049708366394043
3934,-1.2990570068359375
3935,-0.4128000736236572
3936,7.885077476501465
3937,0.14629554748535156
3938,-9.822664260864258
3939,7.858187675476074
3940,0.2243518829345703
3941,-5.900989532470703
3942,11.04427433013916
3943,1.3820457458496094
3944,-11.097376823425293
3945,11.25041675567627
3946,1.5898075103759766
3947,-7.813390254974365
3948,11.635115623474121
3949,1.6763725280761719
3950,-11.223607063293457
3951,11.931647300720215
3952,1.623025894165039
3953,-8.089723587036133
3954,11.129891395568848
3955,1.994771957397461
3956,-13.919256210327148
3957,11.139449119567871
3958,2.3397598266601562
3959,-10.970788955688477
3960,3.122105598449707
3961,1.3954639434814453
3962,-12.497026443481445
3963,3.0390634536743164
3964,1.3540573120117188
3965,-13.6559419631958
3966,3.095700263977051
3967,1.344329833984375
3968,-13.653196334838867
3969,3.1541242599487305
3970,1.3356971740722656
3971,-13.653206825256348
3972,2.839993476867676
3973,1.340139389038086
3974,-13.06675910949707
3975,2.7700319290161133
3976,1.3232917785644531
3977,-13.072938919067383
3978,2.697442054748535
3979,1.30615234375
3980,-13.074077606201172
3981,3.2576074600219727
3982,1.097391128540039
3983,-16.055583953857422
3984,2.5573110580444336
3985,1.0596065521240234
3986,-13.317902565002441
3987,3.4518518447875977
3988,1.1850357055664062
3989,-13.059223175048828
3990,3.2235193252563477
3991,1.1811275482177734
3992,-12.282501220703125
3993,5.128771781921387
3994,0.45036888122558594
3995,-14.651065826416016
3996,2.6981287002563477
3997,0.49433135986328125
3998,-9.590249061584473
3999,6.7251176834106445
4000,0.7940235137939453
4001,-10.463098526000977
4002,3.3939523696899414
4003,0.7978363037109375
4004,-0.8028855323791504
4005,5.635418891906738
4006,1.7563438415527344
4007,-7.974368572235107
4008,2.9057741165161133
4009,1.853067398071289
4010,5.062957763671875
4011,5.541821479797363
4012,2.0028820037841797
4013,-8.846504211425781
4014,2.4873476028442383
4015,1.9535846710205078
4016,5.264103889465332
4017,5.127711296081543
4018,2.0199737548828125
4019,-9.229741096496582
4020,2.5641393661499023
4021,2.0081539154052734
4022,4.2701873779296875
4023,5.050606727600098
4024,1.9198322296142578
4025,-8.191872596740723
4026,2.718594551086426
4027,1.965463638305664
4028,4.809608459472656
4029,7.051913261413574
4030,-0.9405574798583984
4031,-5.923358917236328
4032,5.926812171936035
4033,-0.8140830993652344
4034,-1.1625232696533203
4035,8.681168556213379
4036,0.9485244750976562
4037,-8.360967636108398
4038,7.677107810974121
4039,0.9589309692382812
4040,-4.569090843200684
4041,10.931231498718262
4042,2.6189537048339844
4043,-7.11861515045166
4044,9.556282997131348
4045,2.4580955505371094
4046,-3.311876058578491
4047,11.409457206726074
4048,2.8983840942382812
4049,-7.052340507507324
4050,10.148884773254395
4051,2.5700912475585938
4052,-3.0929694175720215
4053,10.433075904846191
4054,3.4325408935546875
4055,-11.608291625976562
4056,9.166533470153809
4057,3.090475082397461
4058,-8.653341293334961
4059,2.957791328430176
4060,1.3006458282470703
4061,-20.612825393676758
4062,3.061131477355957
4063,1.2251930236816406
4064,-21.27056121826172
4065,3.196743965148926
4066,1.163177490234375
4067,-21.26729393005371
4068,3.2854833602905273
4069,1.1459980010986328
4070,-21.269542694091797
4071,2.7853708267211914
4072,1.2155094146728516
4073,-20.554758071899414
4074,2.7143850326538086
4075,1.2021198272705078
4076,-20.560264587402344
4077,2.6111841201782227
4078,1.1666679382324219
4079,-20.559974670410156
4080,3.3122129440307617
4081,0.9397754669189453
4082,-21.290014266967773
4083,2.6105031967163086
4084,0.9223041534423828
4085,-17.976842880249023
4086,3.4736032485961914
4087,1.1048297882080078
4088,-20.329313278198242
4089,3.087416648864746
4090,1.1561870574951172
4091,-19.37134552001953
4092,5.476840019226074
4093,0.47695350646972656
4094,-18.47185516357422
4095,2.6803159713745117
4096,0.5408210754394531
4097,-12.816755294799805
4098,6.500002861022949
4099,1.3568191528320312
4100,-16.59286880493164
4101,3.0564889907836914
4102,1.5933036804199219
4103,-9.631088256835938
4104,4.904370307922363
4105,2.1337547302246094
4106,-16.480379104614258
4107,2.2839059829711914
4108,2.3267288208007812
4109,-11.05087947845459
4110,4.6429338455200195
4111,2.3331069946289062
4112,-18.229564666748047
4113,1.9560880661010742
4114,2.399595260620117
4115,-11.740396499633789
4116,4.179034233093262
4117,2.2802047729492188
4118,-18.979368209838867
4119,1.9428281784057617
4120,2.374734878540039
4121,-12.932897567749023
4122,4.156355857849121
4123,2.233213424682617
4124,-16.900346755981445
4125,2.098006248474121
4126,2.339832305908203
4127,-11.53896427154541
4128,7.296687126159668
4129,-0.5138053894042969
4130,-6.030275344848633
4131,5.837946891784668
4132,-0.3371086120605469
4133,-1.061734676361084
4134,8.923773765563965
4135,1.4558429718017578
4136,-8.59908676147461
4137,7.107609748840332
4138,1.1796092987060547
4139,-3.795616626739502
4140,10.668427467346191
4141,3.078075408935547
4142,-6.620229721069336
4143,8.575106620788574
4144,2.88909912109375
4145,-1.0089366436004639
4146,10.78627872467041
4147,3.4070510864257812
4148,-6.59210205078125
4149,9.385514259338379
4150,3.234638214111328
4151,-0.8082633018493652
4152,9.844830513000488
4153,3.710184097290039
4154,-10.899479866027832
4155,7.867236137390137
4156,3.56060791015625
4157,-4.27757453918457
4158,3.022233009338379
4159,1.2531700134277344
4160,-19.569841384887695
4161,3.0561914443969727
4162,1.0641002655029297
4163,-20.160842895507812
4164,3.175978660583496
4165,1.030172348022461
4166,-20.158981323242188
4167,3.2821550369262695
4168,1.0143699645996094
4169,-20.161222457885742
4170,2.733126640319824
4171,1.0636348724365234
4172,-19.501712799072266
4173,2.67598819732666
4174,1.051605224609375
4175,-19.50735092163086
4176,2.57674503326416
4177,1.0112495422363281
4178,-19.506977081298828
4179,3.3889284133911133
4180,0.8202724456787109
4181,-20.02878761291504
4182,2.7641687393188477
4183,0.7888507843017578
4184,-16.988391876220703
4185,3.496090888977051
4186,1.0702018737792969
4187,-19.260469436645508
4188,3.182602882385254
4189,1.0930290222167969
4190,-18.381031036376953
4191,5.894570350646973
4192,0.7680912017822266
4193,-18.422582626342773
4194,2.756821632385254
4195,0.5654125213623047
4196,-12.15772819519043
4197,6.15395450592041
4198,1.8055477142333984
4199,-19.810155868530273
4200,3.286492347717285
4201,1.648061752319336
4202,-11.670312881469727
4203,3.573775291442871
4204,2.264249801635742
4205,-22.732202529907227
4206,2.4466981887817383
4207,2.182769775390625
4208,-15.386137008666992
4209,3.237818717956543
4210,2.3659839630126953
4211,-25.059358596801758
4212,2.067294120788574
4213,2.258148193359375
4214,-16.447492599487305
4215,2.79726505279541
4216,2.232616424560547
4217,-25.607254028320312
4218,2.0841760635375977
4219,2.2269821166992188
4220,-17.461315155029297
4221,2.9198904037475586
4222,2.1837234497070312
4223,-23.195825576782227
4224,2.2684431076049805
4225,2.1899032592773438
4226,-15.921332359313965
4227,8.614523887634277
4228,-0.11871910095214844
4229,-6.284496307373047
4230,7.050217628479004
4231,-0.20416831970214844
4232,-0.8083083629608154
4233,8.558114051818848
4234,1.9121475219726562
4235,-8.978574752807617
4236,7.121033668518066
4237,1.65863037109375
4238,-3.4640212059020996
4239,10.3648042678833
4240,3.385334014892578
4241,-6.770495414733887
4242,9.426554679870605
4243,3.2574596405029297
4244,-0.5677902698516846
4245,10.794539451599121
4246,3.4659080505371094
4247,-6.645218849182129
4248,10.166502952575684
4249,3.4317188262939453
4250,-0.425487756729126
4251,9.716792106628418
4252,3.9814281463623047
4253,-10.385665893554688
4254,8.84249210357666
4255,3.928497314453125
4256,-3.4494380950927734
4257,3.3295068740844727
4258,1.2273502349853516
4259,-14.976096153259277
4260,3.244784355163574
4261,0.9980564117431641
4262,-15.734108924865723
4263,3.3266706466674805
4264,0.9573478698730469
4265,-15.733020782470703
4266,3.3976316452026367
4267,0.9277362823486328
4268,-15.735856056213379
4269,3.037123680114746
4270,1.001321792602539
4271,-14.574703216552734
4272,2.983128547668457
4273,0.9824695587158203
4274,-14.578211784362793
4275,2.906792640686035
4276,0.9512538909912109
4277,-14.57516860961914
4278,3.6587820053100586
4279,0.7084197998046875
4280,-16.94506072998047
4281,3.123682975769043
4282,0.727142333984375
4283,-11.691716194152832
4284,3.64139461517334
4285,1.0651798248291016
4286,-15.225619316101074
4287,3.395798683166504
4288,1.0844154357910156
4289,-13.689610481262207
4290,5.9648237228393555
4291,0.7819480895996094
4292,-17.033206939697266
4293,4.026217460632324
4294,0.589691162109375
4295,-7.565182209014893
4296,6.129754066467285
4297,1.816457748413086
4298,-19.735511779785156
4299,3.7639760971069336
4300,1.6797924041748047
4301,-6.575667858123779
4302,4.040562629699707
4303,2.608732223510742
4304,-22.303373336791992
4305,2.2768239974975586
4306,2.319852828979492
4307,-10.996664047241211
4308,3.4146299362182617
4309,2.6824684143066406
4310,-24.754188537597656
4311,1.742447853088379
4312,2.336538314819336
4313,-11.476385116577148
4314,3.077742576599121
4315,2.610513687133789
4316,-24.542213439941406
4317,1.6895227432250977
4318,2.3576183319091797
4319,-12.669295310974121
4320,3.244919776916504
4321,2.5492725372314453
4322,-22.433246612548828
4323,1.999403953552246
4324,2.362152099609375
4325,-11.593780517578125
4326,9.411099433898926
4327,0.06277084350585938
4328,-6.643170356750488
4329,8.208647727966309
4330,-0.045299530029296875
4331,-0.4434189796447754
4332,8.512495994567871
4333,1.903299331665039
4334,-12.365032196044922
4335,6.987174034118652
4336,1.5601387023925781
4337,-1.2576138973236084
4338,10.512358665466309
4339,3.3414745330810547
4340,-8.395377159118652
4341,8.55635929107666
4342,2.9383792877197266
4343,2.9239230155944824
4344,10.978846549987793
4345,3.415576934814453
4346,-8.02200698852539
4347,9.2223539352417
4348,3.160318374633789
4349,3.240851879119873
4350,9.589926719665527
4351,4.0081634521484375
4352,-11.492668151855469
4353,7.388047218322754
4354,3.381254196166992
4355,1.4931755065917969
4356,3.5696020126342773
4357,1.2045631408691406
4358,-10.402790069580078
4359,3.5428380966186523
4360,1.0058250427246094
4361,-11.222176551818848
4362,3.6913156509399414
4363,0.966705322265625
4364,-11.220239639282227
4365,3.7725419998168945
4366,0.9392776489257812
4367,-11.221616744995117
4368,3.362616539001465
4369,1.0113544464111328
4370,-10.1915922164917
4371,3.334378242492676
4372,0.9916477203369141
4373,-10.194181442260742
4374,3.2982988357543945
4375,0.9640312194824219
4376,-10.192342758178711
4377,4.1017656326293945
4378,0.7426300048828125
4379,-13.01660442352295
4380,3.606339454650879
4381,0.7490730285644531
4382,-8.255550384521484
4383,4.1666765213012695
4384,1.071126937866211
4385,-10.808984756469727
4386,4.00516414642334
4387,1.0691070556640625
4388,-9.419110298156738
4389,6.045422554016113
4390,0.8006534576416016
4391,-12.983404159545898
4392,4.425240516662598
4393,0.5790424346923828
4394,-5.821547508239746
4395,6.210112571716309
4396,1.9063796997070312
4397,-14.674351692199707
4398,4.037480354309082
4399,1.5165157318115234
4400,-3.290961265563965
4401,4.4513959884643555
4402,2.699880599975586
4403,-20.77134132385254
4404,3.037205696105957
4405,2.303152084350586
4406,-6.2944746017456055
4407,3.8902673721313477
4408,2.8743762969970703
4409,-18.856578826904297
4410,2.4561452865600586
4411,2.3775558471679688
4412,-6.535442352294922
4413,3.525547981262207
4414,2.6998157501220703
4415,-19.12702751159668
4416,2.4491662979125977
4417,2.3866443634033203
4418,-7.703248023986816
4419,3.6745519638061523
4420,2.6336212158203125
4421,-19.81709861755371
4422,2.7382993698120117
4423,2.3989334106445312
4424,-6.775812149047852
4425,9.851954460144043
4426,0.21186447143554688
4427,-6.528337478637695
4428,8.664507865905762
4429,0.045421600341796875
4430,-0.5631186962127686
4431,8.424595832824707
4432,1.954397201538086
4433,-9.033845901489258
4434,6.647952079772949
4435,1.3327484130859375
4436,0.7394275665283203
4437,10.102669715881348
4438,3.1662063598632812
4439,-2.907048225402832
4440,7.9457502365112305
4441,2.641695022583008
4442,7.194184303283691
4443,10.526989936828613
4444,3.329120635986328
4445,-2.4095702171325684
4446,8.534218788146973
4447,2.851125717163086
4448,7.8052778244018555
4449,8.73091983795166
4450,3.7551937103271484
4451,-3.8967912197113037
4452,6.711997032165527
4453,3.078767776489258
4454,6.937643051147461
4455,3.7394399642944336
4456,1.0112380981445312
4457,-9.135156631469727
4458,3.621767997741699
4459,0.8411293029785156
4460,-9.891853332519531
4461,3.745305061340332
4462,0.8067913055419922
4463,-9.891357421875
4464,3.813595771789551
4465,0.7740993499755859
4466,-9.89372444152832
4467,3.51363468170166
4468,0.8456058502197266
4469,-8.833189010620117
4470,3.515048027038574
4471,0.82171630859375
4472,-8.83673095703125
4473,3.5077199935913086
4474,0.7960758209228516
4475,-8.836814880371094
4476,4.15584659576416
4477,0.5512905120849609
4478,-11.535629272460938
4479,3.8439512252807617
4480,0.5682563781738281
4481,-6.710132598876953
4482,4.333920478820801
4483,0.9316329956054688
4484,-9.562591552734375
4485,4.228930473327637
4486,0.9328079223632812
4487,-8.155909538269043
4488,5.923977851867676
4489,0.7008514404296875
4490,-12.534749984741211
4491,4.7972612380981445
4492,0.4958610534667969
4493,-3.7724337577819824
4494,6.353085517883301
4495,1.6819477081298828
4496,-13.599048614501953
4497,4.430621147155762
4498,1.4852828979492188
4499,-1.4627161026000977
4500,4.806124687194824
4501,2.5617027282714844
4502,-13.6673002243042
4503,3.4689416885375977
4504,2.2417564392089844
4505,-4.557342529296875
4506,4.382388114929199
4507,2.757282257080078
4508,-15.006244659423828
4509,2.9985246658325195
4510,2.3677196502685547
4511,-4.9389472007751465
4512,4.047877311706543
4513,2.622610092163086
4514,-14.811772346496582
4515,3.0439558029174805
4516,2.4076309204101562
4517,-6.431210517883301
4518,4.210492134094238
4519,2.549571990966797
4520,-13.557793617248535
4521,3.2814321517944336
4522,2.3641510009765625
4523,-5.203241348266602
4524,10.066241264343262
4525,0.2006397247314453
4526,-6.565957546234131
4527,9.166672706604004
4528,0.07143020629882812
4529,-0.526451587677002
4530,8.589156150817871
4531,1.8341808319091797
4532,-8.648466110229492
4533,7.1493635177612305
4534,1.5627002716064453
4535,1.7837285995483398
4536,10.119584083557129
4537,3.04595947265625
4538,-2.4349536895751953
4539,8.199267387390137
4540,2.394826889038086
4541,7.9449968338012695
4542,10.664488792419434
4543,2.9521865844726562
4544,-1.838006615638733
4545,8.587145805358887
4546,2.4986400604248047
4547,8.565608024597168
4548,9.11681842803955
4549,3.4506359100341797
4550,-2.612123966217041
4551,7.57273006439209
4552,2.868375778198242
4553,8.408906936645508
