,0
0,-0.5822257995605469
1,-2.79189395904541
2,-2.586731195449829
3,-0.44442081451416016
4,-2.938905715942383
5,-3.3253064155578613
6,-0.4243955612182617
7,-2.9442529678344727
8,-3.3266448974609375
9,-0.41063404083251953
10,-2.9495906829833984
11,-3.326737642288208
12,-0.41922569274902344
13,-2.943020820617676
14,-2.3264505863189697
15,-0.37677764892578125
16,-2.950511932373047
17,-2.3276233673095703
18,-0.3369407653808594
19,-2.9583778381347656
20,-2.330845832824707
21,-0.1797809600830078
22,-2.909306526184082
23,-5.556662559509277
24,-0.051265716552734375
25,-2.9088363647460938
26,-1.0161218643188477
27,-0.4701061248779297
28,-2.6756906509399414
29,-3.283123731613159
30,-0.4684162139892578
31,-2.674488067626953
32,-1.9905716180801392
33,0.13805294036865234
34,-2.2674388885498047
35,-9.212231636047363
36,0.26633262634277344
37,-2.1447858810424805
38,1.2867324352264404
39,-1.9485158920288086
40,-1.8722648620605469
41,-12.938095092773438
42,-1.5694541931152344
43,-1.7325267791748047
44,3.330275774002075
45,-3.604519844055176
46,-2.0158519744873047
47,-13.948564529418945
48,-3.665360927581787
49,-1.9359846115112305
50,3.07881760597229
51,-4.077610492706299
52,-2.0315675735473633
53,-14.978409767150879
54,-3.9878830909729004
55,-1.9938163757324219
56,3.3667962551116943
57,-4.078017234802246
58,-2.0936288833618164
59,-14.566720962524414
60,-4.079108715057373
61,-2.039364814758301
62,2.3587400913238525
63,-3.905484199523926
64,-2.0433692932128906
65,-13.787956237792969
66,-4.030126094818115
67,-1.9786195755004883
68,2.593132257461548
69,-0.1757526397705078
70,-0.02147960662841797
71,-7.29477596282959
72,0.0
73,0.0
74,0.0
75,-0.018911361694335938
76,1.6203937530517578
77,-6.516170978546143
78,0.13704776763916016
79,1.6552906036376953
80,0.8345000743865967
81,0.5524768829345703
82,3.2407608032226562
83,-4.989245414733887
84,0.6524486541748047
85,3.0782127380371094
86,2.6413233280181885
87,0.9361333847045898
88,3.4880752563476562
89,-4.890106201171875
90,0.9487085342407227
91,3.3793411254882812
92,2.828833818435669
93,-1.1627025604248047
94,3.608610153198242
95,-7.34166145324707
96,-0.5641441345214844
97,3.419248580932617
98,1.4594933986663818
99,-0.569035530090332
100,-2.7947731018066406
101,-4.548620700836182
102,-0.4315776824951172
103,-2.938936233520508
104,-5.219527244567871
105,-0.4135322570800781
106,-2.9438705444335938
107,-5.220932960510254
108,-0.40057945251464844
109,-2.947981834411621
110,-5.220527648925781
111,-0.40396785736083984
112,-2.9433679580688477
113,-4.140305995941162
114,-0.3633441925048828
115,-2.9505186080932617
116,-4.142294406890869
117,-0.3246126174926758
118,-2.9580860137939453
119,-4.1442179679870605
120,-0.1545886993408203
121,-2.900750160217285
122,-6.825293064117432
123,-0.02714252471923828
124,-2.9071426391601562
125,-1.93397855758667
126,-0.4680051803588867
127,-2.6763782501220703
128,-4.993509769439697
129,-0.46448707580566406
130,-2.6767702102661133
131,-3.584486722946167
132,0.11487293243408203
133,-2.231661796569824
134,-10.026544570922852
135,0.3026914596557617
136,-2.1414794921875
137,1.2500460147857666
138,-1.947983741760254
139,-1.8722667694091797
140,-15.954463005065918
141,-1.2182731628417969
142,-1.7307968139648438
143,5.633943557739258
144,-3.6991066932678223
145,-2.019223213195801
146,-19.66168785095215
147,-2.8095316886901855
148,-1.8540172576904297
149,8.504251480102539
150,-4.2153167724609375
151,-2.030620574951172
152,-21.247604370117188
153,-2.8480982780456543
154,-1.6376104354858398
155,9.298456192016602
156,-4.193154335021973
157,-2.0867557525634766
158,-20.555227279663086
159,-2.929340362548828
160,-1.6759204864501953
161,8.272684097290039
162,-4.039001941680908
163,-2.0436410903930664
164,-19.468889236450195
165,-3.2624130249023438
166,-1.8932723999023438
167,8.141249656677246
168,-0.1758108139038086
169,-0.015703201293945312
170,-7.331027984619141
171,0.0039386749267578125
172,0.001007080078125
173,0.03498101234436035
174,-0.019809722900390625
175,1.6654605865478516
176,-6.012564659118652
177,0.10956096649169922
178,1.6575374603271484
179,1.4363420009613037
180,0.5734996795654297
181,3.246143341064453
182,-3.643369436264038
183,0.6513242721557617
184,3.078145980834961
185,4.094987869262695
186,0.9364194869995117
187,3.492216110229492
188,-3.4204893112182617
189,0.9375162124633789
190,3.374818801879883
191,4.342833518981934
192,-1.1068611145019531
193,3.609018325805664
194,-5.458436012268066
195,-0.583003044128418
196,3.4171886444091797
197,2.9780614376068115
198,-0.5872211456298828
199,-2.796879768371582
200,-4.894452095031738
201,-0.4370765686035156
202,-2.9391231536865234
203,-5.640894889831543
204,-0.4155101776123047
205,-2.943861961364746
206,-5.642254829406738
207,-0.40056419372558594
208,-2.947747230529785
209,-5.64204216003418
210,-0.4186840057373047
211,-2.943704605102539
212,-4.506188869476318
213,-0.380462646484375
214,-2.950638771057129
215,-4.507779598236084
216,-0.3428316116333008
217,-2.9580774307250977
218,-4.508562088012695
219,-0.10263919830322266
220,-2.8901453018188477
221,-7.387924671173096
222,-0.015768051147460938
223,-2.9011707305908203
224,-2.2473747730255127
225,-0.47496795654296875
226,-2.67568302154541
227,-5.3759307861328125
228,-0.47510242462158203
229,-2.67476749420166
230,-3.8923702239990234
231,0.09173297882080078
232,-2.182767868041992
233,-10.355198860168457
234,0.42255115509033203
235,-2.1251401901245117
236,1.2391555309295654
237,-1.9071016311645508
238,-1.822037696838379
239,-14.993504524230957
240,-0.853790283203125
241,-1.5413599014282227
242,5.704572677612305
243,-3.7442216873168945
244,-1.905904769897461
245,-17.03807258605957
246,-2.3406381607055664
247,-1.3071069717407227
248,8.304085731506348
249,-4.31007194519043
250,-1.8477344512939453
251,-18.356447219848633
252,-2.549391746520996
253,-1.2811479568481445
254,9.028603553771973
255,-4.292837619781494
256,-1.9025230407714844
257,-17.781232833862305
258,-2.6178102493286133
259,-1.3170232772827148
260,8.032689094543457
261,-4.116868495941162
262,-1.8980321884155273
263,-16.839969635009766
264,-2.6196107864379883
265,-1.3264942169189453
266,7.942805290222168
267,-0.1786031723022461
268,-0.0028181076049804688
269,-7.344427108764648
270,0.042922019958496094
271,0.01116180419921875
272,0.04767632484436035
273,-0.02640247344970703
274,1.6983718872070312
275,-5.8069891929626465
276,0.06941413879394531
277,1.6601600646972656
278,1.6974093914031982
279,0.5739078521728516
280,3.2495861053466797
281,-3.1444098949432373
282,0.6502809524536133
283,3.0738277435302734
284,4.608816146850586
285,0.9365472793579102
286,3.498556137084961
287,-2.9004201889038086
288,0.9339494705200195
289,3.35943603515625
290,4.875513076782227
291,-1.108494758605957
292,3.6149044036865234
293,-4.88813591003418
294,-0.6185407638549805
295,3.3860340118408203
296,3.5782582759857178
297,-0.6697568893432617
298,-2.784738540649414
299,-5.082961082458496
300,-0.5045804977416992
301,-2.927271842956543
302,-5.906828880310059
303,-0.4715757369995117
304,-2.931166648864746
305,-5.909184455871582
306,-0.4427804946899414
307,-2.9344043731689453
308,-5.90975284576416
309,-0.501805305480957
310,-2.932849884033203
311,-4.714051246643066
312,-0.4627838134765625
313,-2.940150260925293
314,-4.7147746086120605
315,-0.4222745895385742
316,-2.9481544494628906
317,-4.715665817260742
318,-0.1096334457397461
319,-2.870253562927246
320,-7.975157737731934
321,-0.048943519592285156
322,-2.885861396789551
323,-2.568969488143921
324,-0.5195293426513672
325,-2.658365249633789
326,-5.6733503341674805
327,-0.5289974212646484
328,-2.6557655334472656
329,-4.113334655761719
330,0.0509796142578125
331,-2.1566314697265625
332,-11.00572681427002
333,0.4776573181152344
334,-2.1053924560546875
335,1.2100675106048584
336,-1.8655939102172852
337,-1.6260385513305664
338,-13.37590503692627
339,-0.7174110412597656
340,-1.3638696670532227
341,5.064883232116699
342,-3.764336585998535
343,-1.4742698669433594
344,-12.017109870910645
345,-2.3497772216796875
346,-0.9505548477172852
347,8.086247444152832
348,-4.316810607910156
349,-1.3750057220458984
350,-13.043646812438965
351,-2.6457910537719727
352,-0.9214811325073242
353,8.108211517333984
354,-4.308271884918213
355,-1.4364910125732422
356,-12.604232788085938
357,-2.754939556121826
358,-0.9535350799560547
359,6.801875114440918
360,-4.135709762573242
361,-1.447214126586914
362,-11.772897720336914
363,-2.684213638305664
364,-0.9484939575195312
365,7.430539131164551
366,-0.17615699768066406
367,0.01609325408935547
368,-7.3660149574279785
369,0.11521339416503906
370,0.022934913635253906
371,0.06901025772094727
372,-0.02652740478515625
373,1.7061481475830078
374,-5.548650741577148
375,0.045752525329589844
376,1.6601276397705078
377,2.0413663387298584
378,0.5863733291625977
379,3.249065399169922
380,-1.8007439374923706
381,0.6503438949584961
382,3.0695743560791016
383,5.844213485717773
384,0.9487981796264648
385,3.4972400665283203
386,-1.4534878730773926
387,0.9363374710083008
388,3.3282432556152344
389,6.186317443847656
390,-1.0037479400634766
391,3.6021881103515625
392,-3.513563394546509
393,-0.6030979156494141
394,3.3738956451416016
395,4.767086982727051
396,-0.7013750076293945
397,-2.781937599182129
398,-4.877285957336426
399,-0.5257225036621094
400,-2.926149368286133
401,-5.713646411895752
402,-0.4904804229736328
403,-2.9289064407348633
404,-5.716032028198242
405,-0.4581422805786133
406,-2.9308338165283203
407,-5.71657657623291
408,-0.5219593048095703
409,-2.9325332641601562
410,-4.530274391174316
411,-0.48151397705078125
412,-2.939690589904785
413,-4.53108549118042
414,-0.4404172897338867
415,-2.9474525451660156
416,-4.5318779945373535
417,-0.11156082153320312
418,-2.8599042892456055
419,-7.868247985839844
420,-0.05135536193847656
421,-2.8811607360839844
422,-2.526339530944824
423,-0.5382585525512695
424,-2.6510190963745117
425,-5.512497901916504
426,-0.5506734848022461
427,-2.647867202758789
428,-3.9699740409851074
429,-0.031829833984375
430,-2.113689422607422
431,-10.945721626281738
432,0.5088939666748047
433,-2.085561752319336
434,1.2113401889801025
435,-1.865279197692871
436,-1.5719490051269531
437,-12.512988090515137
438,-0.7795925140380859
439,-1.3575763702392578
440,4.8812150955200195
441,-3.8526411056518555
442,-1.4087066650390625
443,-10.66245174407959
444,-2.5871458053588867
445,-1.0291461944580078
446,6.394620895385742
447,-4.362158298492432
448,-1.3126945495605469
449,-11.546721458435059
450,-3.0347890853881836
451,-1.1901569366455078
452,6.787875175476074
453,-4.378061771392822
454,-1.3632287979125977
455,-11.16238784790039
456,-3.3966779708862305
457,-1.2046327590942383
458,5.702540397644043
459,-4.203366279602051
460,-1.3753337860107422
461,-10.429054260253906
462,-3.0103282928466797
463,-1.2127742767333984
464,5.902098655700684
465,-0.17504501342773438
466,0.0433349609375
467,-7.366419792175293
468,0.16688060760498047
469,0.040749549865722656
470,0.06941032409667969
471,-0.026688575744628906
472,1.7156257629394531
473,-5.5641584396362305
474,0.03933429718017578
475,1.66595458984375
476,1.920713186264038
477,0.5941848754882812
478,3.2553138732910156
479,-2.3421571254730225
480,0.6518640518188477
481,3.0753841400146484
482,5.321374893188477
483,0.957427978515625
484,3.5019607543945312
485,-2.065070152282715
486,0.9404287338256836
487,3.329364776611328
488,5.618775367736816
489,-1.0110960006713867
490,3.602285385131836
491,-4.150575637817383
492,-0.6073293685913086
493,3.364116668701172
494,4.231320381164551
495,-0.7404518127441406
496,-2.772759437561035
497,-5.093472957611084
498,-0.5609617233276367
499,-2.917719841003418
500,-5.871739387512207
501,-0.5245218276977539
502,-2.918489456176758
503,-5.8741984367370605
504,-0.4906606674194336
505,-2.91849422454834
506,-5.874590873718262
507,-0.5592870712280273
508,-2.9253768920898438
509,-4.717174530029297
510,-0.5200929641723633
511,-2.9317703247070312
512,-4.717303276062012
513,-0.4816455841064453
514,-2.9385719299316406
515,-4.71852970123291
516,-0.1295003890991211
517,-2.8426647186279297
518,-7.906374931335449
519,-0.07657432556152344
520,-2.867476463317871
521,-2.663846492767334
522,-0.5657100677490234
523,-2.636887550354004
524,-5.692663192749023
525,-0.5859460830688477
526,-2.6333322525024414
527,-4.176898956298828
528,-0.030046463012695312
529,-2.077425003051758
530,-10.906540870666504
531,0.5240411758422852
532,-2.0645761489868164
533,0.9645721912384033
534,-1.839604377746582
535,-1.479848861694336
536,-14.32748794555664
537,-0.6029281616210938
538,-1.287602424621582
539,4.852394104003906
540,-3.8147687911987305
541,-1.228118896484375
542,-15.863224029541016
543,-2.379161834716797
544,-0.7816095352172852
545,6.354366302490234
546,-4.285654544830322
547,-1.1567163467407227
548,-17.240428924560547
549,-2.720306396484375
550,-0.7710895538330078
551,6.948544502258301
552,-4.203055381774902
553,-1.2016830444335938
554,-16.694089889526367
555,-2.9569339752197266
556,-0.7704715728759766
557,5.8625030517578125
558,-4.118299961090088
559,-1.196676254272461
560,-15.677692413330078
561,-2.786555767059326
562,-0.765655517578125
563,5.922754287719727
564,-0.17180156707763672
565,0.05841636657714844
566,-7.349966526031494
567,0.2302570343017578
568,0.043961524963378906
569,0.052184343338012695
570,-0.026660919189453125
571,1.7206611633300781
572,-5.44301176071167
573,0.041015625
574,1.666585922241211
575,1.9300525188446045
576,0.5972003936767578
577,3.256610870361328
578,-1.8744969367980957
579,0.6522808074951172
580,3.108346939086914
581,5.538887977600098
582,0.9574155807495117
583,3.5146923065185547
584,-1.5585999488830566
585,0.9408426284790039
586,3.354290008544922
587,5.837397575378418
588,-0.9225873947143555
589,3.5759143829345703
590,-3.7620906829833984
591,-0.5980157852172852
592,3.3644466400146484
593,4.113677024841309
594,-0.8036518096923828
595,-2.739657402038574
596,-4.725804328918457
597,-0.6376113891601562
598,-2.891559600830078
599,-5.491028785705566
600,-0.5943737030029297
601,-2.893106460571289
602,-5.492964744567871
603,-0.5501718521118164
604,-2.894047737121582
605,-5.493163108825684
606,-0.6533498764038086
607,-2.9009017944335938
608,-4.421950340270996
609,-0.6218881607055664
610,-2.909176826477051
611,-4.423612594604492
612,-0.5870027542114258
613,-2.917205810546875
614,-4.424670219421387
615,-0.1701192855834961
616,-2.8275527954101562
617,-7.544185638427734
618,-0.18632888793945312
619,-2.851991653442383
620,-2.1673402786254883
621,-0.6163396835327148
622,-2.602614402770996
623,-5.338512420654297
624,-0.6574125289916992
625,-2.6037940979003906
626,-4.004093170166016
627,-0.025984764099121094
628,-2.0859575271606445
629,-10.69863224029541
630,0.4714527130126953
631,-2.054377555847168
632,1.8774707317352295
633,-1.6072349548339844
634,-1.3657331466674805
635,-13.056238174438477
636,-0.6944255828857422
637,-1.1945304870605469
638,4.213117599487305
639,-3.6198530197143555
640,-0.9194908142089844
641,-12.228940963745117
642,-2.29525089263916
643,-0.4187355041503906
644,2.314648389816284
645,-4.029979228973389
646,-0.7000398635864258
647,-13.27055549621582
648,-2.689347267150879
649,-0.28528499603271484
650,2.4148061275482178
651,-4.018960952758789
652,-0.7282381057739258
653,-12.947179794311523
654,-2.8541736602783203
655,-0.2919349670410156
656,1.3111870288848877
657,-3.9042186737060547
658,-0.7907705307006836
659,-12.02332878112793
660,-2.683195114135742
661,-0.32526302337646484
662,1.7602546215057373
663,-0.10189151763916016
664,0.05669975280761719
665,-7.362575054168701
666,0.24380016326904297
667,0.0472412109375
668,0.06408095359802246
669,-0.027894020080566406
670,1.7194366455078125
671,-5.558506011962891
672,0.008447647094726562
673,1.6665973663330078
674,1.8248484134674072
675,0.5976724624633789
676,3.255626678466797
677,-2.5169777870178223
678,0.6499776840209961
679,3.1055946350097656
680,5.049497604370117
681,0.9643449783325195
682,3.52447509765625
683,-2.270310401916504
684,0.950592041015625
685,3.354351043701172
686,5.314286231994629
687,-0.935089111328125
688,3.5767040252685547
689,-4.494070529937744
690,-0.5868864059448242
691,3.361574172973633
692,3.753588914871216
693,-0.8783197402954102
694,-2.726743698120117
695,-4.613003730773926
696,-0.7257080078125
697,-2.8830480575561523
698,-5.356774806976318
699,-0.6823844909667969
700,-2.884873390197754
701,-5.358108043670654
702,-0.6363496780395508
703,-2.8862695693969727
704,-5.3580641746521
705,-0.7349281311035156
706,-2.892038345336914
707,-4.4010090827941895
708,-0.6980829238891602
709,-2.9003400802612305
710,-4.4001312255859375
711,-0.6562023162841797
712,-2.9084348678588867
713,-4.40183687210083
714,-0.2266387939453125
715,-2.8238277435302734
716,-7.3831071853637695
717,-0.2361888885498047
718,-2.8473291397094727
719,-1.895255208015442
720,-0.6755275726318359
721,-2.5872344970703125
722,-5.204294204711914
723,-0.7090110778808594
724,-2.5866451263427734
725,-3.8969244956970215
726,-0.024671554565429688
727,-2.0904483795166016
728,-10.631142616271973
729,0.4662055969238281
730,-2.0504302978515625
731,2.090054750442505
732,-1.5305938720703125
733,-1.3403072357177734
734,-12.887680053710938
735,-0.6731958389282227
736,-1.1350717544555664
737,4.224045753479004
738,-3.5456972122192383
739,-0.8927192687988281
740,-12.170970916748047
741,-2.3704586029052734
742,-0.45206451416015625
743,2.6902873516082764
744,-3.932584285736084
745,-0.6591854095458984
746,-13.208647727966309
747,-2.772219657897949
748,-0.3307380676269531
749,2.8675906658172607
750,-3.9345288276672363
751,-0.6872043609619141
752,-12.883302688598633
753,-2.926543712615967
754,-0.34517669677734375
755,1.7583444118499756
756,-3.8079214096069336
757,-0.7577524185180664
758,-11.968669891357422
759,-2.7721962928771973
760,-0.37358665466308594
761,2.1418039798736572
762,-0.05591106414794922
763,0.06172657012939453
764,-7.3786821365356445
765,0.26560401916503906
766,0.05406951904296875
767,0.07991290092468262
768,-0.02779674530029297
769,1.7224960327148438
770,-5.55377721786499
771,0.0031890869140625
772,1.6672859191894531
773,1.8813316822052002
774,0.6145763397216797
775,3.255655288696289
776,-2.711730480194092
777,0.6511325836181641
778,3.1034622192382812
779,4.998249053955078
780,0.9803600311279297
781,3.525766372680664
782,-2.4996657371520996
783,0.9554357528686523
784,3.3533458709716797
785,5.247851371765137
786,-0.9432611465454102
787,3.5773277282714844
788,-4.7522358894348145
789,-0.5813722610473633
790,3.3556365966796875
791,3.742217779159546
792,-0.954228401184082
793,-2.698470115661621
794,-4.558820724487305
795,-0.8199758529663086
796,-2.8597240447998047
797,-5.2880940437316895
798,-0.7803192138671875
799,-2.8629837036132812
800,-5.289195537567139
801,-0.7369203567504883
802,-2.866039276123047
803,-5.289017677307129
804,-0.8194417953491211
805,-2.869037628173828
806,-4.376282215118408
807,-0.780970573425293
808,-2.878993034362793
809,-4.373165607452393
810,-0.7370977401733398
811,-2.888792037963867
812,-4.37594747543335
813,-0.31948184967041016
814,-2.8137035369873047
815,-7.308993339538574
816,-0.31587696075439453
817,-2.8375749588012695
818,-1.814244270324707
819,-0.752528190612793
820,-2.5632619857788086
821,-5.148074150085449
822,-0.7777166366577148
823,-2.563002586364746
824,-3.8019065856933594
825,-0.0371246337890625
826,-2.0973434448242188
827,-10.568678855895996
828,0.4330453872680664
829,-2.0451784133911133
830,2.025991678237915
831,-1.437936782836914
832,-1.3073959350585938
833,-12.5348539352417
834,-0.5021991729736328
835,-1.0695009231567383
836,3.859140634536743
837,-3.3596367835998535
838,-0.7576065063476562
839,-11.490788459777832
840,-2.0039243698120117
841,-0.3234548568725586
842,1.8601229190826416
843,-3.6908159255981445
844,-0.5294551849365234
845,-12.486700057983398
846,-2.394378662109375
847,-0.1653423309326172
848,1.9426791667938232
849,-3.7056288719177246
850,-0.5314779281616211
851,-12.188894271850586
852,-2.5270347595214844
853,-0.17746925354003906
854,0.8558022975921631
855,-3.5972166061401367
856,-0.601008415222168
857,-11.291386604309082
858,-2.3676490783691406
859,-0.2221231460571289
860,1.3128125667572021
861,-0.01606273651123047
862,0.06082344055175781
863,-7.378669738769531
864,0.28340816497802734
865,0.05389976501464844
866,0.07991909980773926
867,-0.02887439727783203
868,1.7220439910888672
869,-5.582886695861816
870,-0.009426116943359375
871,1.6645832061767578
872,1.8286550045013428
873,0.6175775527954102
874,3.254312515258789
875,-2.796818733215332
876,0.6500377655029297
877,3.1024608612060547
878,4.864498138427734
879,0.9880924224853516
880,3.526792526245117
881,-2.597546100616455
882,0.9553613662719727
883,3.353008270263672
884,5.111583709716797
885,-0.9300832748413086
886,3.571287155151367
887,-4.8627142906188965
888,-0.5621795654296875
889,3.3523292541503906
890,3.6281816959381104
891,-1.2413711547851562
892,-2.633042335510254
893,-3.2407209873199463
894,-1.1620864868164062
895,-2.789562225341797
896,-4.005252361297607
897,-1.13006591796875
898,-2.797797203063965
899,-4.007232666015625
900,-1.093245506286621
901,-2.8063554763793945
902,-4.007309436798096
903,-1.1448402404785156
904,-2.7934465408325195
905,-2.884199857711792
906,-1.1009855270385742
907,-2.8048505783081055
908,-2.8824052810668945
909,-1.0482511520385742
910,-2.8179283142089844
911,-2.88519287109375
912,-0.6430387496948242
913,-2.787334442138672
914,-6.1217851638793945
915,-0.5942277908325195
916,-2.806149482727051
917,-0.8327605724334717
918,-1.0398626327514648
919,-2.5112857818603516
920,-3.871987819671631
921,-1.0422611236572266
922,-2.5076494216918945
923,-2.3825266361236572
924,-0.07037734985351562
925,-2.1195240020751953
926,-9.611458778381348
927,0.3872528076171875
928,-2.052027702331543
929,2.4859912395477295
930,-0.9392070770263672
931,-1.3371591567993164
932,-12.78276252746582
933,0.3009023666381836
934,-1.0866241455078125
935,4.472278594970703
936,-2.6679868698120117
937,-0.6804494857788086
938,-13.502787590026855
939,-0.46043872833251953
940,-0.3041343688964844
941,2.9613187313079834
942,-2.968414306640625
943,-0.4693937301635742
944,-14.438453674316406
945,-0.7107810974121094
946,-0.0712738037109375
947,3.2319929599761963
948,-3.0043816566467285
949,-0.4818000793457031
950,-13.962944984436035
951,-0.7460737228393555
952,-0.13999557495117188
953,2.115485429763794
954,-2.920952320098877
955,-0.5330982208251953
956,-13.228375434875488
957,-0.7147750854492188
958,-0.16566753387451172
959,2.430955171585083
960,0.029024124145507812
961,0.04569053649902344
962,-7.360879898071289
963,0.36934566497802734
964,0.04734992980957031
965,0.0604243278503418
966,-0.03744792938232422
967,1.6946258544921875
968,-5.76087760925293
969,-0.008225440979003906
970,1.6345901489257812
971,1.21140456199646
972,0.6174850463867188
973,3.246213912963867
974,-3.7979846000671387
975,0.6509275436401367
976,3.1009140014648438
977,3.3431341648101807
978,0.9791078567504883
979,3.515665054321289
980,-3.705348491668701
981,0.9562587738037109
982,3.354961395263672
983,3.465726613998413
984,-0.9643430709838867
985,3.559415817260742
986,-5.838227272033691
987,-0.50592041015625
988,3.342254638671875
989,1.8858063220977783
990,-1.3149604797363281
991,-2.6239395141601562
992,-2.8529484272003174
993,-1.2350139617919922
994,-2.776242256164551
995,-3.6175639629364014
996,-1.2037420272827148
997,-2.784457206726074
998,-3.6195313930511475
999,-1.1688203811645508
1000,-2.7935791015625
1001,-3.619459629058838
1002,-1.2149581909179688
1003,-2.7798891067504883
1004,-2.4512641429901123
1005,-1.1677236557006836
1006,-2.791259765625
1007,-2.4498610496520996
1008,-1.1142940521240234
1009,-2.8048934936523438
1010,-2.452296257019043
1011,-0.7299423217773438
1012,-2.783156394958496
1013,-5.734491348266602
1014,-0.6692409515380859
1015,-2.800750732421875
1016,-0.4313671588897705
1017,-1.092616081237793
1018,-2.5002689361572266
1019,-3.4974026679992676
1020,-1.0849714279174805
1021,-2.4957332611083984
1022,-1.9703450202941895
1023,-0.08498954772949219
1024,-2.157197952270508
1025,-9.249052047729492
1026,0.3859395980834961
1027,-2.056669235229492
1028,2.7260496616363525
1029,-0.837794303894043
1030,-1.3646316528320312
1031,-12.89055061340332
1032,0.46486759185791016
1033,-1.1167516708374023
1034,4.793041229248047
1035,-2.5288095474243164
1036,-0.6924343109130859
1037,-14.416780471801758
1038,-0.20149707794189453
1039,-0.3266944885253906
1040,3.3605034351348877
1041,-2.842773914337158
1042,-0.5030755996704102
1043,-15.47220516204834
1044,-0.33809471130371094
1045,-0.08474349975585938
1046,3.6770708560943604
1047,-2.8767762184143066
1048,-0.501927375793457
1049,-14.934669494628906
1050,-0.4983396530151367
1051,-0.1637725830078125
1052,2.599698781967163
1053,-2.760038375854492
1054,-0.5820560455322266
1055,-14.139083862304688
1056,-0.4921293258666992
1057,-0.20687007904052734
1058,2.853297472000122
1059,0.05040168762207031
1060,-0.005237579345703125
1061,-7.3134074211120605
1062,0.4292573928833008
1063,-0.000148773193359375
1064,0.012145280838012695
1065,-0.038582801818847656
1066,1.6644363403320312
1067,-6.283118724822998
1068,0.020811080932617188
1069,1.5880508422851562
1070,0.6150410175323486
1071,0.6133251190185547
1072,3.242952346801758
1073,-4.840757369995117
1074,0.6573629379272461
1075,3.0973052978515625
1076,2.2027180194854736
1077,0.9784355163574219
1078,3.5060272216796875
1079,-4.7928266525268555
1080,0.9697332382202148
1081,3.3550338745117188
1082,2.262861490249634
1083,-0.9428882598876953
1084,3.527557373046875
1085,-6.865131378173828
1086,-0.4761924743652344
1087,3.3330726623535156
1088,0.6205790042877197
1089,-1.4302902221679688
1090,-2.580183982849121
1091,-2.406909465789795
1092,-1.3789596557617188
1093,-2.7374935150146484
1094,-3.210794687271118
1095,-1.348897933959961
1096,-2.7462196350097656
1097,-3.2121810913085938
1098,-1.3137102127075195
1099,-2.755862236022949
1100,-3.211682081222534
1101,-1.3630752563476562
1102,-2.7407617568969727
1103,-2.044022798538208
1104,-1.3218011856079102
1105,-2.751378059387207
1106,-2.0431487560272217
1107,-1.2731351852416992
1108,-2.7637767791748047
1109,-2.0457303524017334
1110,-0.8777017593383789
1111,-2.7590227127075195
1112,-5.462082862854004
1113,-0.832646369934082
1114,-2.7764158248901367
1115,-0.15938949584960938
1116,-1.2107219696044922
1117,-2.4537439346313477
1118,-3.0886998176574707
1119,-1.1989002227783203
1120,-2.447153091430664
1121,-1.556429386138916
1122,-0.18340778350830078
1123,-2.168882369995117
1124,-8.980939865112305
1125,0.36040401458740234
1126,-2.076353073120117
1127,2.9271256923675537
1128,-0.6876630783081055
1129,-1.386404037475586
1130,-13.885183334350586
1131,0.6028242111206055
1132,-1.1449337005615234
1133,6.397193908691406
1134,-1.981170654296875
1135,-0.7723608016967773
1136,-17.14171028137207
1137,-0.09185981750488281
1138,-0.3935823440551758
1139,7.655406951904297
1140,-2.2978878021240234
1141,-0.5995092391967773
1142,-18.298240661621094
1143,-0.1974201202392578
1144,-0.18630313873291016
1145,8.408016204833984
1146,-2.3017139434814453
1147,-0.5983457565307617
1148,-17.732093811035156
1149,-0.4228391647338867
1150,-0.2072277069091797
1151,7.417136192321777
1152,-2.142897605895996
1153,-0.6722726821899414
1154,-16.905046463012695
1155,-0.3992128372192383
1156,-0.2684621810913086
1157,7.281244277954102
1158,0.09479045867919922
1159,-0.020536422729492188
1160,-7.313823699951172
1161,0.49498748779296875
1162,-0.018621444702148438
1163,0.012712717056274414
1164,-0.056903839111328125
1165,1.6447582244873047
1166,-6.946809768676758
1167,0.025414466857910156
1168,1.5703353881835938
1169,0.3921225070953369
1170,0.6129045486450195
1171,3.235502243041992
1172,-6.049325942993164
1173,0.6607236862182617
1174,3.0883560180664062
1175,1.472398042678833
1176,0.9771366119384766
1177,3.493663787841797
1178,-6.045101165771484
1179,0.9721136093139648
1180,3.3508071899414062
1181,1.4825866222381592
1182,-0.9437465667724609
1183,3.519794464111328
1184,-8.167445182800293
1185,-0.48947906494140625
1186,3.333507537841797
1187,-0.14998221397399902
1188,-1.7441177368164062
1189,-2.4650983810424805
1190,-2.6971044540405273
1191,-1.7402524948120117
1192,-2.6317920684814453
1193,-3.5369973182678223
1194,-1.705862045288086
1195,-2.644695281982422
1196,-3.5386147499084473
1197,-1.6658506393432617
1198,-2.659592628479004
1199,-3.5393686294555664
1200,-1.7429838180541992
1201,-2.629243850708008
1202,-2.342902183532715
1203,-1.7117853164672852
1204,-2.640488624572754
1205,-2.342006206512451
1206,-1.6722145080566406
1207,-2.6533145904541016
1208,-2.344219207763672
1209,-1.215707778930664
1210,-2.7117223739624023
1211,-5.710887908935547
1212,-1.210190773010254
1213,-2.7122983932495117
1214,-0.28437042236328125
1215,-1.4587507247924805
1216,-2.367504119873047
1217,-3.3413589000701904
1218,-1.4613838195800781
1219,-2.357510566711426
1220,-1.7738022804260254
1221,-0.20978736877441406
1222,-2.1712684631347656
1223,-8.788093566894531
1224,0.18028640747070312
1225,-2.079051971435547
1226,2.7927262783050537
1227,-0.43708229064941406
1228,-1.2978687286376953
1229,-13.582050323486328
1230,0.47800159454345703
1231,-1.1618261337280273
1232,5.778820037841797
1233,-1.3840913772583008
1234,-1.0344181060791016
1235,-15.53607177734375
1236,0.18575286865234375
1237,-0.4090461730957031
1238,6.348997116088867
1239,-1.6710195541381836
1240,-1.0002641677856445
1241,-16.747283935546875
1242,0.21984195709228516
1243,-0.20340251922607422
1244,6.938370704650879
1245,-1.5502471923828125
1246,-1.0545120239257812
1247,-16.452468872070312
1248,0.03464984893798828
1249,-0.27585411071777344
1250,6.094694137573242
1251,-1.3493328094482422
1252,-1.063314437866211
1253,-15.317938804626465
1254,-0.010813713073730469
1255,-0.38473987579345703
1256,5.991891860961914
1257,0.3040199279785156
1258,-0.02182769775390625
1259,-7.424001693725586
1260,0.49085044860839844
1261,-0.021770477294921875
1262,0.12561941146850586
1263,-0.12515640258789062
1264,1.6457443237304688
1265,-7.309508323669434
1266,-0.02854442596435547
1267,1.5582637786865234
1268,0.5205800533294678
1269,0.6060724258422852
1270,3.23553466796875
1271,-6.359417915344238
1272,0.6444540023803711
1273,3.0668697357177734
1274,1.7393748760223389
1275,0.9744806289672852
1276,3.492795944213867
1277,-6.340614318847656
1278,0.9453840255737305
1279,3.337116241455078
1280,1.7526023387908936
1281,-0.9567975997924805
1282,3.5205440521240234
1283,-8.322282791137695
1284,-0.6506681442260742
1285,3.3145408630371094
1286,0.14202237129211426
1287,-1.8110942840576172
1288,-2.4241647720336914
1289,-2.8122143745422363
1290,-1.8181495666503906
1291,-2.5878610610961914
1292,-3.6729133129119873
1293,-1.7853851318359375
1294,-2.6024351119995117
1295,-3.6747477054595947
1296,-1.7476625442504883
1297,-2.6195068359375
1298,-3.6763789653778076
1299,-1.8184070587158203
1300,-2.585783004760742
1301,-2.4533729553222656
1302,-1.7861709594726562
1303,-2.5980300903320312
1304,-2.452279567718506
1305,-1.7476186752319336
1306,-2.6124629974365234
1307,-2.4537198543548584
1308,-1.2995634078979492
1309,-2.683169364929199
1310,-5.861788749694824
1311,-1.3070402145385742
1312,-2.6779003143310547
1313,-0.36948657035827637
1314,-1.5281925201416016
1315,-2.3285255432128906
1316,-3.477100133895874
1317,-1.530996322631836
1318,-2.3189659118652344
1319,-1.889585018157959
1320,-0.23943424224853516
1321,-2.171529769897461
1322,-8.92978572845459
1323,0.05496501922607422
1324,-2.086965560913086
1325,2.622553586959839
1326,-0.41469287872314453
1327,-1.2546758651733398
1328,-11.280006408691406
1329,0.3301506042480469
1330,-1.1703777313232422
1331,2.0849759578704834
1332,-1.1677227020263672
1333,-1.062307357788086
1334,-9.141876220703125
1335,0.162322998046875
1336,-0.44844627380371094
1337,-1.6900206804275513
1338,-1.4132633209228516
1339,-1.0450439453125
1340,-9.5887451171875
1341,0.20455074310302734
1342,-0.29716014862060547
1343,-1.6919546127319336
1344,-1.3227005004882812
1345,-1.1332645416259766
1346,-9.099902153015137
1347,0.0910959243774414
1348,-0.30502796173095703
1349,-2.2655527591705322
1350,-1.1764650344848633
1351,-1.137552261352539
1352,-8.811210632324219
1353,0.04893016815185547
1354,-0.45557117462158203
1355,-2.0715441703796387
1356,0.36717796325683594
1357,-0.020621299743652344
1358,-7.421590805053711
1359,0.4820060729980469
1360,-0.02235698699951172
1361,0.12336397171020508
1362,-0.14847564697265625
1363,1.6463775634765625
1364,-7.317026138305664
1365,-0.06809711456298828
1366,1.5462188720703125
1367,0.6199295520782471
1368,0.623438835144043
1369,3.23138427734375
1370,-6.397178649902344
1371,0.6326255798339844
1372,3.023000717163086
1373,2.020235776901245
1374,1.0095853805541992
1375,3.493000030517578
1376,-6.387542724609375
1377,0.935394287109375
1378,3.3076648712158203
1379,2.0637319087982178
1380,-0.8980617523193359
1381,3.518962860107422
1382,-8.112430572509766
1383,-0.6445407867431641
1384,3.289081573486328
1385,0.734177827835083
1386,-1.9421520233154297
1387,-2.3553361892700195
1388,-2.94016432762146
1389,-1.9603290557861328
1390,-2.5180187225341797
1391,-3.780297040939331
1392,-1.9268512725830078
1393,-2.533205032348633
1394,-3.782477855682373
1395,-1.8883724212646484
1396,-2.5513134002685547
1397,-3.783705711364746
1398,-1.969487190246582
1399,-2.515383720397949
1400,-2.5688250064849854
1401,-1.9429006576538086
1402,-2.5272130966186523
1403,-2.567608118057251
1404,-1.9089288711547852
1405,-2.5419721603393555
1406,-2.568662643432617
1407,-1.454789161682129
1408,-2.628267288208008
1409,-5.944814205169678
1410,-1.4708356857299805
1411,-2.6212921142578125
1412,-0.5325255393981934
1413,-1.6368999481201172
1414,-2.268800735473633
1415,-3.60003924369812
1416,-1.65020751953125
1417,-2.258373260498047
1418,-2.03425931930542
1419,-0.2638969421386719
1420,-2.1567487716674805
1421,-8.786022186279297
1422,-0.11901569366455078
1423,-2.0732316970825195
1424,2.1777799129486084
1425,-0.1753854751586914
1426,-1.6664304733276367
1427,-16.5247745513916
1428,0.3927478790283203
1429,-1.168320655822754
1430,6.621916770935059
1431,-0.9238815307617188
1432,-1.8876066207885742
1433,-22.886444091796875
1434,0.6975021362304688
1435,-0.5364294052124023
1436,10.764937400817871
1437,-1.1873445510864258
1438,-2.051403045654297
1439,-24.447425842285156
1440,0.9037694931030273
1441,-0.418060302734375
1442,11.87044906616211
1443,-1.1314001083374023
1444,-2.064565658569336
1445,-23.636995315551758
1446,0.7866668701171875
1447,-0.4069089889526367
1448,11.150935173034668
1449,-1.1008272171020508
1450,-2.0563344955444336
1451,-22.72510528564453
1452,0.6816806793212891
1453,-0.5349197387695312
1454,10.582880020141602
1455,0.4734983444213867
1456,-0.01998424530029297
1457,-7.479647636413574
1458,0.49810791015625
1459,-0.02126789093017578
1460,0.183363676071167
1461,-0.18717193603515625
1462,1.6533317565917969
1463,-7.209559917449951
1464,-0.13470745086669922
1465,1.5504570007324219
1466,0.4033396244049072
1467,0.6352643966674805
1468,3.2305335998535156
1469,-6.072839736938477
1470,0.6132278442382812
1471,3.024984359741211
1472,2.10070538520813
1473,1.054499626159668
1474,3.4888992309570312
1475,-6.030374526977539
1476,0.9271097183227539
1477,3.3089847564697266
1478,2.1901743412017822
1479,-0.9031715393066406
1480,3.530010223388672
1481,-8.205220222473145
1482,-0.7050027847290039
1483,3.291950225830078
1484,0.4634830951690674
1485,-2.3077478408813477
1486,-2.0452890396118164
1487,-2.9410271644592285
1488,-2.386956214904785
1489,-2.207803726196289
1490,-3.765660047531128
1491,-2.3602771759033203
1492,-2.2182302474975586
1493,-3.766963243484497
1494,-2.329547882080078
1495,-2.22976016998291
1496,-3.7686896324157715
1497,-2.3829641342163086
1498,-2.216963768005371
1499,-2.5487279891967773
1500,-2.35550594329834
1501,-2.2325401306152344
1502,-2.5487990379333496
1503,-2.321272850036621
1504,-2.2495594024658203
1505,-2.5505237579345703
1506,-1.8989181518554688
1507,-2.327115058898926
1508,-5.88716459274292
1509,-1.866729736328125
1510,-2.353804588317871
1511,-0.38188648223876953
1512,-1.9892091751098633
1513,-1.9843053817749023
1514,-3.5922272205352783
1515,-1.990072250366211
1516,-1.9824371337890625
1517,-2.0050461292266846
1518,-0.40845680236816406
1519,-2.013848304748535
1520,-8.216190338134766
1521,-0.3738536834716797
1522,-2.0063161849975586
1523,2.502671480178833
1524,1.2028369903564453
1525,-1.655573844909668
1526,-14.427201271057129
1527,0.8607215881347656
1528,-1.4464778900146484
1529,8.401155471801758
1530,1.9091663360595703
1531,-1.637801170349121
1532,-18.072959899902344
1533,1.737351417541504
1534,-1.4045801162719727
1535,13.186185836791992
1536,2.2160520553588867
1537,-1.651808738708496
1538,-19.381505966186523
1539,2.070039749145508
1540,-1.3626060485839844
1541,14.275556564331055
1542,2.0155763626098633
1543,-1.660782814025879
1544,-19.004053115844727
1545,1.9957857131958008
1546,-1.357065200805664
1547,13.771480560302734
1548,1.914076805114746
1549,-1.6676387786865234
1550,-18.003965377807617
1551,2.0618743896484375
1552,-1.4226303100585938
1553,13.093717575073242
1554,0.6769609451293945
1555,0.05384635925292969
1556,-7.5542311668396
1557,0.665247917175293
1558,0.011835098266601562
1559,0.26202392578125
1560,-0.3564128875732422
1561,1.6554985046386719
1562,-7.422774791717529
1563,-0.28904247283935547
1564,1.5518817901611328
1565,-0.04930424690246582
1566,0.6242952346801758
1567,3.224884033203125
1568,-5.712059020996094
1569,0.5784082412719727
1570,3.050863265991211
1571,2.032424211502075
1572,1.0537052154541016
1573,3.458620071411133
1574,-5.612631797790527
1575,0.918696403503418
1576,3.309244155883789
1577,2.13379168510437
1578,-1.0160255432128906
1579,3.537668228149414
1580,-7.724422454833984
1581,-0.8178977966308594
1582,3.3305301666259766
1583,0.217482328414917
1584,-2.4462690353393555
1585,-2.027128219604492
1586,-3.0411622524261475
1587,-2.498991012573242
1588,-2.1767425537109375
1589,-3.8512067794799805
1590,-2.4675588607788086
1591,-2.189986228942871
1592,-3.8519716262817383
1593,-2.4339723587036133
1594,-2.206395149230957
1595,-3.853922128677368
1596,-2.5017623901367188
1597,-2.181715965270996
1598,-2.5705723762512207
1599,-2.4723587036132812
1600,-2.1971054077148438
1601,-2.5701117515563965
1602,-2.4365081787109375
1603,-2.215317726135254
1604,-2.5725064277648926
1605,-1.9882917404174805
1606,-2.293376922607422
1607,-5.934263229370117
1608,-1.9793014526367188
1609,-2.3067407608032227
1610,-0.31070494651794434
1611,-2.1127357482910156
1612,-1.9568052291870117
1613,-3.65689754486084
1614,-2.1237430572509766
1615,-1.9551372528076172
1616,-2.058828830718994
1617,-0.4426231384277344
1618,-1.9958572387695312
1619,-8.41651725769043
1620,-0.6601114273071289
1621,-1.96893310546875
1622,2.8532001972198486
1623,0.9796380996704102
1624,-1.7110719680786133
1625,-15.031380653381348
1626,0.8116121292114258
1627,-1.5055789947509766
1628,9.51586627960205
1629,1.9387884140014648
1630,-1.5907964706420898
1631,-20.912839889526367
1632,1.7077713012695312
1633,-1.4848203659057617
1634,15.236318588256836
1635,2.2732582092285156
1636,-1.5665178298950195
1637,-22.489713668823242
1638,2.1948814392089844
1639,-1.4581470489501953
1640,16.507844924926758
1641,2.0875558853149414
1642,-1.5577049255371094
1643,-22.07606315612793
1644,1.9662370681762695
1645,-1.4410371780395508
1646,16.05895233154297
1647,1.9740467071533203
1648,-1.5619087219238281
1649,-20.88665008544922
1650,1.895477294921875
1651,-1.455836296081543
1652,15.210830688476562
1653,0.8340320587158203
1654,0.0685567855834961
1655,-7.61093807220459
1656,0.6480588912963867
1657,0.031340599060058594
1658,0.32029128074645996
1659,-0.4242267608642578
1660,1.6586856842041016
1661,-8.000028610229492
1662,-0.40189075469970703
1663,1.5545291900634766
1664,-1.281670331954956
1665,0.6162643432617188
1666,3.208017349243164
1667,-6.603741645812988
1668,0.5611248016357422
1669,3.0316123962402344
1670,0.749657392501831
1671,1.0454931259155273
1672,3.439361572265625
1673,-6.506104946136475
1674,0.9153738021850586
1675,3.293516159057617
1676,0.856743574142456
1677,-1.0062541961669922
1678,3.5383377075195312
1679,-8.558130264282227
1680,-0.8164033889770508
1681,3.3415794372558594
1682,-0.9997854232788086
1683,-2.6810708045959473
1684,-1.8780717849731445
1685,-3.9544143676757812
1686,-2.705409049987793
1687,-2.0207786560058594
1688,-4.657875061035156
1689,-2.66552734375
1690,-2.0339841842651367
1691,-4.658263206481934
1692,-2.624361991882324
1693,-2.049771308898926
1694,-4.659829616546631
1695,-2.7104945182800293
1696,-2.02469539642334
1697,-3.4228286743164062
1698,-2.6756839752197266
1699,-2.039586067199707
1700,-3.423443555831909
1701,-2.636990547180176
1702,-2.0574607849121094
1703,-3.424283981323242
1704,-2.169428825378418
1705,-2.1457977294921875
1706,-6.28509521484375
1707,-2.1808300018310547
1708,-2.154714584350586
1709,-0.7285811901092529
1710,-2.296731948852539
1711,-1.8074169158935547
1712,-4.464312553405762
1713,-2.3083066940307617
1714,-1.8044919967651367
1715,-2.868401527404785
1716,-0.5135364532470703
1717,-1.9086723327636719
1718,-8.530153274536133
1719,-0.916438102722168
1720,-1.8180932998657227
1721,2.6790168285369873
1722,1.2029266357421875
1723,-1.7449455261230469
1724,-14.03825855255127
1725,0.8111429214477539
1726,-1.5971059799194336
1727,8.771328926086426
1728,2.4731082916259766
1729,-1.687800407409668
1730,-18.26137924194336
1731,2.031494140625
1732,-1.659226417541504
1733,14.056089401245117
1734,2.964122772216797
1735,-1.6465320587158203
1736,-19.538713455200195
1737,2.4577674865722656
1738,-1.6018714904785156
1739,15.176248550415039
1740,2.791301727294922
1741,-1.613077163696289
1742,-19.126935958862305
1743,2.356572151184082
1744,-1.6073274612426758
1745,14.748022079467773
1746,2.6529293060302734
1747,-1.6142864227294922
1748,-18.126972198486328
1749,2.28009033203125
1750,-1.6111373901367188
1751,14.01620101928711
1752,1.014470100402832
1753,0.13684654235839844
1754,-7.597592830657959
1755,0.6492519378662109
1756,0.11587142944335938
1757,0.30594730377197266
1758,-0.4679689407348633
1759,1.671823501586914
1760,-7.979073524475098
1761,-0.5440177917480469
1762,1.556631088256836
1763,-1.997591257095337
1764,0.5759658813476562
1765,3.1928958892822266
1766,-6.315303802490234
1767,0.4732837677001953
1768,3.012929916381836
1769,0.4287302494049072
1770,1.031167984008789
1771,3.424081802368164
1772,-6.196423530578613
1773,0.8654356002807617
1774,3.2625770568847656
1775,0.5661065578460693
1776,-1.0320043563842773
1777,3.532644271850586
1778,-8.253690719604492
1779,-0.9160537719726562
1780,3.3416404724121094
1781,-1.1840119361877441
1782,-2.9112472534179688
1783,-1.3901653289794922
1784,-3.1111221313476562
1785,-3.011261463165283
1786,-1.5424423217773438
1787,-3.7156786918640137
1788,-2.98447322845459
1789,-1.556304931640625
1790,-3.715836524963379
1791,-2.9604883193969727
1792,-1.5706233978271484
1793,-3.717540979385376
1794,-3.0021743774414062
1795,-1.5443553924560547
1796,-2.6381733417510986
1797,-2.9700241088867188
1798,-1.5591049194335938
1799,-2.6368408203125
1800,-2.9404401779174805
1801,-1.5749940872192383
1802,-2.6373395919799805
1803,-2.5358009338378906
1804,-1.6781091690063477
1805,-5.425755023956299
1806,-2.5239200592041016
1807,-1.6906232833862305
1808,-0.5064828395843506
1809,-2.5445165634155273
1810,-1.3570880889892578
1811,-3.680598258972168
1812,-2.5365076065063477
1813,-1.3518037796020508
1814,-2.2781667709350586
1815,-0.7430953979492188
1816,-1.534749984741211
1817,-7.755361557006836
1818,-0.8968791961669922
1819,-1.4843683242797852
1820,1.777782678604126
1821,1.3018932342529297
1822,-1.7142963409423828
1823,-11.617237091064453
1824,1.1279668807983398
1825,-1.594508171081543
1826,2.0108067989349365
1827,3.0092039108276367
1828,-1.7148103713989258
1829,-14.270101547241211
1830,2.8205041885375977
1831,-1.7168407440185547
1832,-0.04192233085632324
1833,3.5964603424072266
1834,-1.7132759094238281
1835,-15.635893821716309
1836,3.4856691360473633
1837,-1.6964998245239258
1838,-0.25350069999694824
1839,3.515833854675293
1840,-1.6557636260986328
1841,-15.235499382019043
1842,3.4034948348999023
1843,-1.668771743774414
1844,-0.5845823287963867
1845,3.3336334228515625
1846,-1.6410808563232422
1847,-14.210792541503906
1848,3.159177780151367
1849,-1.652608871459961
1850,-0.2789113521575928
1851,1.2156639099121094
1852,0.32764244079589844
1853,-7.591527462005615
1854,0.9331855773925781
1855,0.32666969299316406
1856,0.30027174949645996
1857,-0.6745615005493164
1858,1.7029228210449219
1859,-8.239692687988281
1860,-0.7686138153076172
1861,1.5707721710205078
1862,-1.8367910385131836
1863,0.5515165328979492
1864,3.1782760620117188
1865,-6.14766788482666
1866,0.40970802307128906
1867,3.0035247802734375
1868,1.0364916324615479
1869,1.0149202346801758
1870,3.376707077026367
1871,-5.994509696960449
1872,0.810206413269043
1873,3.2388248443603516
1874,1.1963112354278564
1875,-1.0009164810180664
1876,3.531869888305664
1877,-7.763736724853516
1878,-0.9121036529541016
1879,3.468687057495117
1880,-0.5786516666412354
1881,-3.0722360610961914
1882,-1.3917694091796875
1883,-3.238848924636841
1884,-3.111929416656494
1885,-1.5488100051879883
1886,-3.7231149673461914
1887,-3.090242862701416
1888,-1.5611371994018555
1889,-3.7220187187194824
1890,-3.0686659812927246
1891,-1.5745410919189453
1892,-3.723362684249878
1893,-3.1023950576782227
1894,-1.5530033111572266
1895,-2.730602979660034
1896,-3.074462413787842
1897,-1.567582130432129
1898,-2.729275941848755
1899,-3.0450387001037598
1900,-1.5841598510742188
1901,-2.729952812194824
1902,-2.636791229248047
1903,-1.6523818969726562
1904,-5.620489597320557
1905,-2.6147613525390625
1906,-1.672769546508789
1907,-0.6261076927185059
1908,-2.713963508605957
1909,-1.3421058654785156
1910,-3.7911133766174316
1911,-2.711261749267578
1912,-1.3334722518920898
1913,-2.4216814041137695
1914,-0.9233589172363281
1915,-1.4746646881103516
1916,-8.037426948547363
1917,-0.9792394638061523
1918,-1.409937858581543
1919,1.6390583515167236
1920,1.192983627319336
1921,-1.7095394134521484
1922,-11.62261962890625
1923,1.0946044921875
1924,-1.5532569885253906
1925,1.7829205989837646
1926,2.9653968811035156
1927,-1.7411861419677734
1928,-14.570563316345215
1929,2.7850866317749023
1930,-1.7274885177612305
1931,-0.993804931640625
1932,3.681041717529297
1933,-1.7503128051757812
1934,-16.043376922607422
1935,3.508458137512207
1936,-1.710470199584961
1937,-1.2564375400543213
1938,3.640605926513672
1939,-1.6862525939941406
1940,-15.724803924560547
1941,3.4411983489990234
1942,-1.689138412475586
1943,-1.6583571434020996
1944,3.436224937438965
1945,-1.6711492538452148
1946,-14.546344757080078
1947,3.166135787963867
1948,-1.677180290222168
1949,-1.275832176208496
1950,1.2991361618041992
1951,0.3408050537109375
1952,-7.568262100219727
1953,1.030278205871582
1954,0.335479736328125
1955,0.27637600898742676
1956,-0.7336587905883789
1957,1.7113265991210938
1958,-8.073258399963379
1959,-0.7978296279907227
1960,1.6022586822509766
1961,-1.8351781368255615
1962,0.4808206558227539
1963,3.1714649200439453
1964,-6.041330337524414
1965,0.2968912124633789
1966,3.0071029663085938
1967,1.0422718524932861
1968,0.923309326171875
1969,3.381284713745117
1970,-5.906013488769531
1971,0.720646858215332
1972,3.255298614501953
1973,1.2103674411773682
1974,-1.179642677307129
1975,3.5796566009521484
1976,-7.719357490539551
1977,-1.1066923141479492
1978,3.5955867767333984
1979,-0.26395392417907715
1980,-3.1997742652893066
1981,-1.1045494079589844
1982,-3.768728733062744
1983,-3.232973575592041
1984,-1.2614336013793945
1985,-4.320368766784668
1986,-3.2041091918945312
1987,-1.2728347778320312
1988,-4.320087432861328
1989,-3.1756157875061035
1990,-1.2852373123168945
1991,-4.321554660797119
1992,-3.2229323387145996
1993,-1.2660036087036133
1994,-3.2734506130218506
1995,-3.189164161682129
1996,-1.2792463302612305
1997,-3.2720158100128174
1998,-3.1557488441467285
1999,-1.2942094802856445
2000,-3.2728281021118164
2001,-2.729569435119629
2002,-1.3766565322875977
2003,-5.964893817901611
2004,-2.7278084754943848
2005,-1.3987503051757812
2006,-1.1392300128936768
2007,-2.809891700744629
2008,-1.0492334365844727
2009,-4.33056116104126
2010,-2.791360378265381
2011,-1.0455598831176758
2012,-2.930063009262085
2013,-1.0111284255981445
2014,-1.2377796173095703
2015,-8.212913513183594
2016,-1.1056222915649414
2017,-1.1665630340576172
2018,1.0552585124969482
2019,1.1655139923095703
2020,-1.5004158020019531
2021,-11.793011665344238
2022,1.0691337585449219
2023,-1.4361705780029297
2024,1.3027055263519287
2025,3.1353378295898438
2026,-1.687270164489746
2027,-14.64877700805664
2028,2.9481048583984375
2029,-1.60797119140625
2030,-1.500267744064331
2031,3.7882184982299805
2032,-1.6875724792480469
2033,-16.137104034423828
2034,3.6399145126342773
2035,-1.6069059371948242
2036,-1.7270060777664185
2037,3.814556121826172
2038,-1.6382570266723633
2039,-15.788836479187012
2040,3.5611438751220703
2041,-1.5811176300048828
2042,-2.195497751235962
2043,3.5686254501342773
2044,-1.6240644454956055
2045,-14.62148380279541
2046,3.3488235473632812
2047,-1.5699291229248047
2048,-1.800812840461731
2049,1.4323930740356445
2050,0.5034542083740234
2051,-7.564669609069824
2052,1.1365776062011719
2053,0.4915599822998047
2054,0.27202773094177246
2055,-0.8086833953857422
2056,1.748270034790039
2057,-8.069144248962402
2058,-0.8801851272583008
2059,1.6412162780761719
2060,-1.411163330078125
2061,0.4643363952636719
2062,3.171581268310547
2063,-5.546059608459473
2064,0.2500743865966797
2065,2.9892101287841797
2066,1.9635636806488037
2067,0.9137134552001953
2068,3.385730743408203
2069,-5.307369709014893
2070,0.7062654495239258
2071,3.2442359924316406
2072,2.221961259841919
2073,-1.0745820999145508
2074,3.5909500122070312
2075,-6.472090244293213
2076,-1.1368408203125
2077,3.553140640258789
2078,1.3053343296051025
2079,-3.1713523864746094
2080,-0.5014123916625977
2081,-3.9364829063415527
2082,-3.227065086364746
2083,-0.6570949554443359
2084,-4.536142349243164
2085,-3.203014850616455
2086,-0.6680526733398438
2087,-4.536190032958984
2088,-3.182461738586426
2089,-0.6783761978149414
2090,-4.538530349731445
2091,-3.2172489166259766
2092,-0.6637058258056641
2093,-3.48664927482605
2094,-3.1857571601867676
2095,-0.6797075271606445
2096,-3.484870433807373
2097,-3.158604145050049
2098,-0.6953239440917969
2099,-3.4852190017700195
2100,-2.7492928504943848
2101,-0.801997184753418
2102,-6.090093612670898
2103,-2.739936351776123
2104,-0.826146125793457
2105,-1.35939359664917
2106,-2.7937817573547363
2107,-0.4696674346923828
2108,-4.489051818847656
2109,-2.7832345962524414
2110,-0.47211170196533203
2111,-3.1032607555389404
2112,-1.0546379089355469
2113,-0.6914339065551758
2114,-8.250158309936523
2115,-0.9850702285766602
2116,-0.58087158203125
2117,0.9301435947418213
2118,1.3037128448486328
2119,-0.7668066024780273
2120,-10.153604507446289
2121,1.3989629745483398
2122,-0.7514867782592773
2123,0.6573469638824463
2124,3.329832077026367
2125,-0.9877777099609375
2126,-11.22691822052002
2127,3.246824264526367
2128,-1.0021162033081055
2129,-3.35591983795166
2130,3.925474166870117
2131,-1.0663204193115234
2132,-12.399822235107422
2133,3.8820648193359375
2134,-1.0628786087036133
2135,-3.875422716140747
2136,3.993950843811035
2137,-1.0411672592163086
2138,-12.329965591430664
2139,3.8577518463134766
2140,-1.0596904754638672
2141,-4.257862567901611
2142,3.8189563751220703
2143,-1.0017366409301758
2144,-11.26096248626709
2145,3.594921112060547
2146,-1.0004005432128906
2147,-3.674487829208374
2148,1.6405572891235352
2149,0.8996791839599609
2150,-7.574911117553711
2151,1.4400243759155273
2152,0.8741836547851562
2153,0.28069615364074707
2154,-1.1098012924194336
2155,1.7986030578613281
2156,-8.6161470413208
2157,-1.1512451171875
2158,1.7022838592529297
2159,-1.4487481117248535
2160,0.42635345458984375
2161,3.1722145080566406
2162,-5.552287578582764
2163,0.23061275482177734
2164,2.994842529296875
2165,2.1734468936920166
2166,0.9100589752197266
2167,3.3760509490966797
2168,-5.321539402008057
2169,0.7136907577514648
2170,3.231424331665039
2171,2.43871808052063
2172,-0.5338277816772461
2173,3.7443618774414062
2174,-6.080090522766113
2175,-1.1168594360351562
2176,3.5318126678466797
2177,1.8417127132415771
2178,-3.197127342224121
2179,-0.47608375549316406
2180,-3.8377530574798584
2181,-3.2663636207580566
2182,-0.6260299682617188
2183,-4.4777398109436035
2184,-3.2356600761413574
2185,-0.6396141052246094
2186,-4.477943420410156
2187,-3.2106857299804688
2188,-0.6510887145996094
2189,-4.480221748352051
2190,-3.2606964111328125
2191,-0.630589485168457
2192,-3.4006645679473877
2193,-3.2230687141418457
2194,-0.648930549621582
2195,-3.3993756771087646
2196,-3.1911802291870117
2197,-0.6657228469848633
2198,-3.4002885818481445
2199,-2.7651071548461914
2200,-0.7480192184448242
2201,-6.150885105133057
2202,-2.7652339935302734
2203,-0.7756137847900391
2204,-1.3674461841583252
2205,-2.8501176834106445
2206,-0.4253053665161133
2207,-4.427507400512695
2208,-2.8369321823120117
2209,-0.42050933837890625
2210,-3.019500732421875
2211,-1.1063299179077148
2212,-0.5766181945800781
2213,-8.438501358032227
2214,-0.9921207427978516
2215,-0.5700197219848633
2216,1.034597635269165
2217,1.4321393966674805
2218,-0.6686429977416992
2219,-10.239630699157715
2220,1.4478826522827148
2221,-0.6487588882446289
2222,0.8705971240997314
2223,3.40252685546875
2224,-0.9078702926635742
2225,-10.99217700958252
2226,3.2878150939941406
2227,-0.9225425720214844
2228,-2.896585464477539
2229,3.95377254486084
2230,-1.0012454986572266
2231,-12.141745567321777
2232,3.8159427642822266
2233,-0.967432975769043
2234,-3.32616925239563
2235,4.033635139465332
2236,-0.9753999710083008
2237,-12.124921798706055
2238,3.792738914489746
2239,-0.9661741256713867
2240,-3.725299835205078
2241,3.8278942108154297
2242,-0.9182825088500977
2243,-11.042558670043945
2244,3.6508054733276367
2245,-0.9259662628173828
2246,-3.2265207767486572
2247,1.7227869033813477
2248,0.8961753845214844
2249,-7.626190185546875
2250,1.519566535949707
2251,0.8880634307861328
2252,0.33150529861450195
2253,-1.2275943756103516
2254,1.8002967834472656
2255,-8.485740661621094
2256,-1.1645479202270508
2257,1.7228336334228516
2258,-1.2872576713562012
2259,0.3957080841064453
2260,3.1688079833984375
2261,-5.367984771728516
2262,0.19830989837646484
2263,3.0001964569091797
2264,2.508424997329712
2265,0.8978910446166992
2266,3.3580265045166016
2267,-5.0517354011535645
2268,0.7032852172851562
2269,3.2334346771240234
2270,2.7805283069610596
2271,-0.7105798721313477
2272,3.7271289825439453
2273,-5.740388870239258
2274,-1.1528596878051758
2275,3.588357925415039
2276,2.2381751537323
2277,-3.234853744506836
2278,-0.28682708740234375
2279,-6.784517765045166
2280,-3.2492117881774902
2281,-0.43526554107666016
2282,-7.43113899230957
2283,-3.2204294204711914
2284,-0.44488525390625
2285,-7.431017875671387
2286,-3.193667411804199
2287,-0.45444679260253906
2288,-7.433867454528809
2289,-3.248178005218506
2290,-0.43862152099609375
2291,-6.3510823249816895
2292,-3.216452121734619
2293,-0.45131778717041016
2294,-6.3502044677734375
2295,-3.186318874359131
2296,-0.46462440490722656
2297,-6.351468086242676
2298,-2.7173800468444824
2299,-0.5247764587402344
2300,-8.998797416687012
2301,-2.7372355461120605
2302,-0.5452413558959961
2303,-4.124758720397949
2304,-2.870326519012451
2305,-0.2314443588256836
2306,-7.318181037902832
2307,-2.872920036315918
2308,-0.2292022705078125
2309,-5.90070915222168
2310,-1.0348443984985352
2311,-0.2974357604980469
2312,-10.683096885681152
2313,-1.0019264221191406
2314,-0.2456226348876953
2315,-1.2727108001708984
2316,1.5959959030151367
2317,-0.2888059616088867
2318,-11.839348793029785
2319,1.5506067276000977
2320,-0.26227760314941406
2321,0.01786971092224121
2322,3.6933603286743164
2323,-0.4140167236328125
2324,-12.924376487731934
2325,3.2949419021606445
2326,-0.3733062744140625
2327,-1.7077845335006714
2328,4.190546989440918
2329,-0.4439544677734375
2330,-14.128120422363281
2331,3.828725814819336
2332,-0.36539363861083984
2333,-1.9053274393081665
2334,4.172266006469727
2335,-0.4107074737548828
2336,-14.010315895080566
2337,3.6540842056274414
2338,-0.3440685272216797
2339,-2.457620143890381
2340,4.061677932739258
2341,-0.39472103118896484
2342,-12.945569038391113
2343,3.5834922790527344
2344,-0.3418102264404297
2345,-2.0319817066192627
2346,1.8126707077026367
2347,1.0728282928466797
2348,-7.606508255004883
2349,1.4952611923217773
2350,1.0655174255371094
2351,0.31212687492370605
2352,-1.3187332153320312
2353,1.7973213195800781
2354,-8.405230522155762
2355,-1.3299856185913086
2356,1.75885009765625
2357,-0.7724483013153076
2358,0.3915519714355469
2359,3.169118881225586
2360,-4.494399547576904
2361,0.18497753143310547
2362,3.0252418518066406
2363,3.398015260696411
2364,0.9041624069213867
2365,3.348848342895508
2366,-4.088876247406006
2367,0.7092962265014648
2368,3.2355289459228516
2369,3.7051069736480713
2370,-0.7352266311645508
2371,3.733327865600586
2372,-4.815654754638672
2373,-0.8564395904541016
2374,3.6828861236572266
2375,3.26603102684021
2376,-3.1178455352783203
2377,-0.10483837127685547
2378,-9.517474174499512
2379,-3.14449405670166
2380,-0.25414085388183594
2381,-9.9785795211792
2382,-3.1195430755615234
2383,-0.2641725540161133
2384,-9.978729248046875
2385,-3.098583221435547
2386,-0.27423667907714844
2387,-9.98251724243164
2388,-3.1354050636291504
2389,-0.2558555603027344
2390,-8.867806434631348
2391,-3.102038860321045
2392,-0.26633262634277344
2393,-8.867059707641602
2394,-3.0706114768981934
2395,-0.2777862548828125
2396,-8.868009567260742
2397,-2.667123317718506
2398,-0.3145790100097656
2399,-11.07577896118164
2400,-2.6276473999023438
2401,-0.31998252868652344
2402,-6.052650451660156
2403,-2.7801175117492676
2404,-0.022314071655273438
2405,-9.893067359924316
2406,-2.7946300506591797
2407,-0.015398025512695312
2408,-8.431775093078613
2409,-0.9922199249267578
2410,0.18227767944335938
2411,-12.845284461975098
2412,-1.156148910522461
2413,0.13063430786132812
2414,-2.90348482131958
2415,1.5052461624145508
2416,0.4794330596923828
2417,-14.821938514709473
2418,1.4735803604125977
2419,0.4279460906982422
2420,-1.9962433576583862
2421,3.392176628112793
2422,0.8570079803466797
2423,-15.900083541870117
2424,3.2858009338378906
2425,0.7848873138427734
2426,-3.4237380027770996
2427,3.9436588287353516
2428,0.9102268218994141
2429,-17.089811325073242
2430,3.683673858642578
2431,0.8541545867919922
2432,-3.3606667518615723
2433,3.806407928466797
2434,1.0006294250488281
2435,-16.947240829467773
2436,3.4169864654541016
2437,0.8904399871826172
2438,-4.004465103149414
2439,3.634932518005371
2440,0.9576816558837891
2441,-15.905455589294434
2442,3.4470748901367188
2443,0.8804092407226562
2444,-3.7666432857513428
2445,1.897435188293457
2446,1.3252220153808594
2447,-7.373600006103516
2448,1.5396919250488281
2449,1.2653427124023438
2450,0.0830681324005127
2451,-1.3943891525268555
2452,1.8631229400634766
2453,-7.915643692016602
2454,-1.3842172622680664
2455,1.8615074157714844
2456,0.5229842662811279
2457,0.39531517028808594
2458,3.1750946044921875
2459,-3.117182493209839
2460,0.1998147964477539
2461,3.0439605712890625
2462,4.79981803894043
2463,0.926671028137207
2464,3.3482933044433594
2465,-2.661337375640869
2466,0.7526712417602539
2467,3.2376022338867188
2468,5.170278549194336
2469,-0.7481546401977539
2470,3.720254898071289
2471,-3.2913923263549805
2472,-0.8325777053833008
2473,3.641775131225586
2474,5.056911468505859
2475,-3.0808048248291016
2476,-0.09923648834228516
2477,-8.883269309997559
2478,-3.0822606086730957
2479,-0.2516040802001953
2480,-9.332744598388672
2481,-3.0557308197021484
2482,-0.2574186325073242
2483,-9.331963539123535
2484,-3.032604694366455
2485,-0.2624826431274414
2486,-9.334575653076172
2487,-3.0770835876464844
2488,-0.2496347427368164
2489,-8.269437789916992
2490,-3.046297550201416
2491,-0.25627613067626953
2492,-8.268977165222168
2493,-3.0181169509887695
2494,-0.26088619232177734
2495,-8.27036190032959
2496,-2.600682258605957
2497,-0.28581809997558594
2498,-10.330232620239258
2499,-2.581432342529297
2500,-0.2902183532714844
2501,-5.56259822845459
2502,-2.7831530570983887
2503,-0.01852130889892578
2504,-9.23304271697998
2505,-2.8107171058654785
2506,-0.007889747619628906
2507,-7.844786643981934
2508,-0.967198371887207
2509,0.19276142120361328
2510,-12.169634819030762
2511,-1.1694059371948242
2512,0.15601158142089844
2513,-2.403496265411377
2514,1.4759817123413086
2515,0.5062141418457031
2516,-13.832287788391113
2517,1.4037580490112305
2518,0.48258399963378906
2519,-1.340580940246582
2520,3.671009063720703
2521,0.8957576751708984
2522,-14.559335708618164
2523,3.1704912185668945
2524,0.8722343444824219
2525,-2.6041412353515625
2526,4.232213020324707
2527,0.9281463623046875
2528,-15.50379753112793
2529,3.560868263244629
2530,0.9760761260986328
2531,-2.435309886932373
2532,4.177000999450684
2533,1.0228538513183594
2534,-15.412337303161621
2535,3.490546226501465
2536,1.0086841583251953
2537,-3.1260011196136475
2538,3.97135066986084
2539,1.0034160614013672
2540,-14.56020736694336
2541,3.440389633178711
2542,0.9880752563476562
2543,-2.9505605697631836
2544,1.9291572570800781
2545,1.338632583618164
2546,-7.1782073974609375
2547,1.5064258575439453
2548,1.2907600402832031
2549,-0.11551594734191895
2550,-1.4448328018188477
2551,1.8657646179199219
2552,-7.90848445892334
2553,-1.5264854431152344
2554,1.845438003540039
2555,0.05440092086791992
2556,0.3989849090576172
2557,3.1787643432617188
2558,-3.99259090423584
2559,0.1793966293334961
2560,3.043933868408203
2561,3.722703695297241
2562,0.9581327438354492
2563,3.350095748901367
2564,-3.646225929260254
2565,0.7528905868530273
2566,3.235443115234375
2567,3.9910151958465576
2568,-0.6794052124023438
2569,3.7116432189941406
2570,-4.458803176879883
2571,-0.8339996337890625
2572,3.6397933959960938
2573,3.4191415309906006
2574,-3.0126795768737793
2575,-0.21230220794677734
2576,-7.9073076248168945
2577,-2.9318366050720215
2578,-0.34081554412841797
2579,-8.4962797164917
2580,-2.8985118865966797
2581,-0.34220123291015625
2582,-8.497723579406738
2583,-2.867469310760498
2584,-0.34267425537109375
2585,-8.500582695007324
2586,-2.9517645835876465
2587,-0.34630584716796875
2588,-7.417389392852783
2589,-2.9288253784179688
2590,-0.35211849212646484
2591,-7.416902542114258
2592,-2.9054698944091797
2593,-0.3558063507080078
2594,-7.418783187866211
2595,-2.4099225997924805
2596,-0.3536815643310547
2597,-9.775745391845703
2598,-2.4530086517333984
2599,-0.36409950256347656
2600,-4.926687240600586
2601,-2.7565464973449707
2602,-0.10972785949707031
2603,-8.345818519592285
2604,-2.7666778564453125
2605,-0.10608673095703125
2606,-6.93210506439209
2607,-0.9919204711914062
2608,0.21582603454589844
2609,-12.066201210021973
2610,-1.1357707977294922
2611,0.12351226806640625
2612,-1.5871896743774414
2613,0.3216514587402344
2614,1.1426506042480469
2615,-13.451693534851074
2616,0.4785957336425781
2617,0.9103775024414062
2618,-0.9563102722167969
2619,-0.1622610092163086
2620,1.7949790954589844
2621,-12.5635404586792
2622,0.6905221939086914
2623,1.4637393951416016
2624,-3.658787965774536
2625,-0.24416637420654297
2626,1.9116191864013672
2627,-13.754058837890625
2628,0.7623996734619141
2629,1.5338726043701172
2630,-3.7899534702301025
2631,-0.4270057678222656
2632,1.8351516723632812
2633,-13.460151672363281
2634,0.6285266876220703
2635,1.5375652313232422
2636,-4.686975479125977
2637,-0.3867778778076172
2638,1.789468765258789
2639,-12.475639343261719
2640,0.596989631652832
2641,1.5166587829589844
2642,-4.132690906524658
2643,1.9238462448120117
2644,1.3941822052001953
2645,-7.214052200317383
2646,1.6540241241455078
2647,1.309549331665039
2648,-0.07868170738220215
2649,-1.4628324508666992
2650,1.867544174194336
2651,-7.79457950592041
2652,-1.5353355407714844
2653,1.8290939331054688
2654,0.44171738624572754
2655,0.4016714096069336
2656,3.1807918548583984
2657,-4.270473957061768
2658,0.18677616119384766
2659,3.043325424194336
2660,3.361304521560669
2661,0.9838838577270508
2662,3.351123809814453
2663,-3.951894760131836
2664,0.7590065002441406
2665,3.2296504974365234
2666,3.6106374263763428
2667,-0.6986818313598633
2668,3.6662425994873047
2669,-4.737689018249512
2670,-0.8288803100585938
2671,3.543363571166992
2672,2.971729040145874
2673,-2.067445755004883
2674,-0.2508420944213867
2675,-7.273650646209717
2676,-1.885209083557129
2677,-0.48972129821777344
2678,-7.924679756164551
2679,-1.8492822647094727
2680,-0.5054464340209961
2681,-7.925470352172852
2682,-1.8059091567993164
2683,-0.5210018157958984
2684,-7.92697811126709
2685,-1.8765850067138672
2686,-0.4870109558105469
2687,-6.866973876953125
2688,-1.8370885848999023
2689,-0.5041370391845703
2690,-6.867310523986816
2691,-1.7948942184448242
2692,-0.5192022323608398
2693,-6.868242263793945
2694,-1.3900480270385742
2695,-0.6138668060302734
2696,-9.321331024169922
2697,-1.4193792343139648
2698,-0.6262531280517578
2699,-4.573347091674805
2700,-1.899613380432129
2701,-0.2838621139526367
2702,-7.754533767700195
2703,-1.8982152938842773
2704,-0.2635822296142578
2705,-6.368068218231201
2706,-0.5113449096679688
2707,0.04230499267578125
2708,-11.764748573303223
2709,-0.6833591461181641
2710,0.0006885528564453125
2711,-1.351015329360962
2712,-0.6299333572387695
2713,1.07208251953125
2714,-12.741388320922852
2715,-1.0689516067504883
2716,1.0069637298583984
2717,-1.028064250946045
2718,-1.311823844909668
2719,1.7180824279785156
2720,-10.894091606140137
2721,-1.3695058822631836
2722,1.6128387451171875
2723,-3.6551809310913086
2724,-1.452193260192871
2725,1.8650188446044922
2726,-12.04654598236084
2727,-1.4196233749389648
2728,1.6825637817382812
2729,-3.7413876056671143
2730,-1.547607421875
2731,1.7835636138916016
2732,-11.716581344604492
2733,-1.442361831665039
2734,1.6546058654785156
2735,-4.716967582702637
2736,-1.4793262481689453
2737,1.7431583404541016
2738,-10.76904582977295
2739,-1.4202384948730469
2740,1.6444263458251953
2741,-4.162281513214111
2742,2.0540361404418945
2743,1.3910541534423828
2744,-7.224108695983887
2745,1.7640447616577148
2746,1.3099803924560547
2747,-0.06712579727172852
2748,-1.4222164154052734
2749,1.8617801666259766
2750,-8.134552001953125
2751,-1.480341911315918
2752,1.8214149475097656
2753,0.2621424198150635
2754,0.39079761505126953
2755,3.1748580932617188
2756,-5.103141784667969
2757,0.1893911361694336
2758,3.046051025390625
2759,1.8176538944244385
2760,0.9791831970214844
2761,3.348745346069336
2762,-4.798068523406982
2763,0.7535009384155273
2764,3.229867935180664
2765,1.9218027591705322
2766,-0.6764688491821289
2767,3.676027297973633
2768,-5.752314567565918
2769,-0.7407045364379883
2770,3.5320568084716797
2771,0.9277222156524658
2772,-1.9574651718139648
2773,-0.3405923843383789
2774,-7.263638973236084
2775,-1.781092643737793
2776,-0.5103435516357422
2777,-7.887385368347168
2778,-1.7395210266113281
2779,-0.5448064804077148
2780,-7.8883514404296875
2781,-1.6916694641113281
2782,-0.5736980438232422
2783,-7.890144348144531
2784,-1.7826242446899414
2785,-0.5071239471435547
2786,-6.797572612762451
2787,-1.7456035614013672
2788,-0.5435781478881836
2789,-6.797338485717773
2790,-1.7042427062988281
2791,-0.5728130340576172
2792,-6.798140525817871
2793,-1.2702312469482422
2794,-0.7069158554077148
2795,-9.236971855163574
2796,-1.2983675003051758
2797,-0.7198276519775391
2798,-4.359704494476318
2799,-1.7799510955810547
2800,-0.3501911163330078
2801,-7.741987228393555
2802,-1.7882204055786133
2803,-0.3236370086669922
2804,-6.31800651550293
2805,-0.3462343215942383
2806,-0.04073524475097656
2807,-11.8425931930542
2808,-0.6263999938964844
2809,-0.04861927032470703
2810,-1.1160616874694824
2811,-0.5164966583251953
2812,1.0579261779785156
2813,-12.804141998291016
2814,-1.1513853073120117
2815,0.9571056365966797
2816,-0.9270777702331543
2817,-1.3252897262573242
2818,1.7400531768798828
2819,-11.130559921264648
2820,-1.501582145690918
2821,1.6344165802001953
2822,-3.653625249862671
2823,-1.5051536560058594
2824,1.8736381530761719
2825,-12.289575576782227
2826,-1.5663566589355469
2827,1.7047996520996094
2828,-3.7832231521606445
2829,-1.6275272369384766
2830,1.7895584106445312
2831,-11.946722030639648
2832,-1.5841455459594727
2833,1.6742420196533203
2834,-4.706510066986084
2835,-1.550119400024414
2836,1.753561019897461
2837,-11.00169849395752
2838,-1.5438213348388672
2839,1.6650199890136719
2840,-4.152925968170166
2841,2.037670135498047
2842,1.398305892944336
2843,-7.242474555969238
2844,1.676753044128418
2845,1.3144569396972656
2846,-0.049047231674194336
2847,-1.4058647155761719
2848,1.8556747436523438
2849,-8.416711807250977
2850,-1.5875539779663086
2851,1.8120460510253906
2852,-0.008790254592895508
2853,0.3931131362915039
2854,3.1688785552978516
2855,-5.062530994415283
2856,0.1639080047607422
2857,3.028902053833008
2858,1.8246891498565674
2859,0.9798336029052734
2860,3.347728729248047
2861,-4.741090774536133
2862,0.7538309097290039
2863,3.216054916381836
2864,1.9764454364776611
2865,-0.543522834777832
2866,3.6956863403320312
2867,-5.449912071228027
2868,-0.7401142120361328
2869,3.4763240814208984
2870,1.232114553451538
2871,-1.418020248413086
2872,-0.837550163269043
2873,-6.997811794281006
2874,-1.2251415252685547
2875,-0.9281377792358398
2876,-7.6567230224609375
2877,-1.18060302734375
2878,-0.9285364151000977
2879,-7.657806396484375
2880,-1.1292591094970703
2881,-0.9272651672363281
2882,-7.65966796875
2883,-1.215860366821289
2884,-0.9378929138183594
2885,-6.5540595054626465
2886,-1.166895866394043
2887,-0.9463109970092773
2888,-6.553929328918457
2889,-1.1126594543457031
2890,-0.9520664215087891
2891,-6.554726600646973
2892,-0.7127790451049805
2893,-0.8803892135620117
2894,-9.11243724822998
2895,-0.7048368453979492
2896,-0.9088125228881836
2897,-4.166452884674072
2898,-1.261672019958496
2899,-0.7093572616577148
2900,-7.4856696128845215
2901,-1.2731409072875977
2902,-0.7130765914916992
2903,-6.0525736808776855
2904,-0.198394775390625
2905,-0.15620803833007812
2906,-11.7322359085083
2907,-0.12390804290771484
2908,-0.1464862823486328
2909,-0.9124758243560791
2910,-1.5880546569824219
2911,0.6831111907958984
2912,-13.24227237701416
2913,-1.4798345565795898
2914,0.5555515289306641
2915,-0.33422088623046875
2916,-3.768592357635498
2917,1.0911312103271484
2918,-12.152297019958496
2919,-3.4612884521484375
2920,1.0058155059814453
2921,-2.5492022037506104
2922,-4.220232963562012
2923,1.2661075592041016
2924,-13.363469123840332
2925,-3.6155996322631836
2926,1.0447978973388672
2927,-2.609057903289795
2928,-4.357318878173828
2929,1.1227645874023438
2930,-12.935973167419434
2931,-3.761016845703125
2932,1.031158447265625
2933,-3.596069097518921
2934,-4.055102348327637
2935,1.1461524963378906
2936,-11.995036125183105
2937,-3.6667966842651367
2938,1.0524864196777344
2939,-3.037602186203003
2940,1.9928998947143555
2941,1.3527793884277344
2942,-7.252826690673828
2943,1.7389450073242188
2944,1.2450370788574219
2945,-0.03956770896911621
2946,-1.4286870956420898
2947,1.8566722869873047
2948,-7.805381774902344
2949,-1.5205392837524414
2950,1.7963085174560547
2951,-0.09102106094360352
2952,0.39369869232177734
2953,3.1845645904541016
2954,-3.9797191619873047
2955,0.16576862335205078
2956,3.029071807861328
2957,3.3833611011505127
2958,0.9637069702148438
2959,3.386667251586914
2960,-3.540011405944824
2961,0.7574033737182617
2962,3.2234249114990234
2963,3.755419969558716
2964,-0.6002721786499023
2965,3.6344051361083984
2966,-3.8864378929138184
2967,-0.7110395431518555
2968,3.403055191040039
2969,3.240354299545288
2970,-0.15651798248291016
2971,-1.493870735168457
2972,-1.242814302444458
2973,0.08765220642089844
2974,-1.564631462097168
2975,-1.8310068845748901
2976,0.1144256591796875
2977,-1.5569343566894531
2978,-1.829398512840271
2979,0.14127445220947266
2980,-1.546854019165039
2981,-1.8295685052871704
2982,0.1016855239868164
2983,-1.5692548751831055
2984,-0.8657574653625488
2985,0.13949871063232422
2986,-1.565962791442871
2987,-0.8659508228302002
2988,0.17774391174316406
2989,-1.5608434677124023
2990,-0.8669459819793701
2991,0.434661865234375
2992,-1.420135498046875
2993,-3.518118143081665
2994,0.47736072540283203
2995,-1.4479236602783203
2996,0.8344218730926514
2997,-0.1673603057861328
2998,-1.3487663269042969
2999,-1.8455530405044556
3000,-0.18908119201660156
3001,-1.3692359924316406
3002,-0.5935008525848389
3003,0.1023101806640625
3004,-0.8184070587158203
3005,-6.852041244506836
3006,0.41200733184814453
3007,-0.6593799591064453
3008,2.9894654750823975
3009,-1.7257442474365234
3010,-0.9358053207397461
3011,-8.67231273651123
3012,-1.5755443572998047
3013,-0.7869472503662109
3014,4.889278411865234
3015,-3.129608154296875
3016,-1.2534637451171875
3017,-7.609225273132324
3018,-3.2908215522766113
3019,-1.1396236419677734
3020,4.245832443237305
3021,-3.4165143966674805
3022,-1.3268318176269531
3023,-8.500959396362305
3024,-3.5778279304504395
3025,-1.2284183502197266
3026,4.296207427978516
3027,-3.2572436332702637
3028,-1.3398151397705078
3029,-8.142829895019531
3030,-3.58198881149292
3031,-1.2628850936889648
3032,3.671372175216675
3033,-3.181931972503662
3034,-1.2905559539794922
3035,-7.473424434661865
3036,-3.544774055480957
3037,-1.2352008819580078
3038,3.8630406856536865
3039,1.869338035583496
3040,1.2195606231689453
3041,-7.2082109451293945
3042,1.824300765991211
3043,1.1338653564453125
3044,-0.08697390556335449
3045,-1.5119733810424805
3046,1.8540534973144531
3047,-8.020398139953613
3048,-1.4852056503295898
3049,1.7927589416503906
3050,-0.2763180732727051
3051,0.2850370407104492
3052,3.1869068145751953
3053,-7.001235485076904
3054,0.12918758392333984
3055,3.0292224884033203
3056,1.3413736820220947
3057,0.8046245574951172
3058,3.420673370361328
3059,-6.7380781173706055
3060,0.7139759063720703
3061,3.2333850860595703
3062,1.5324804782867432
3063,-0.9924049377441406
3064,3.6334400177001953
3065,-7.022548198699951
3066,-0.8180570602416992
3067,3.4115638732910156
3068,0.9731085300445557
3069,-0.14615535736083984
3070,-1.4509344100952148
3071,-2.785447835922241
3072,0.11059761047363281
3073,-1.5546503067016602
3074,-3.374288558959961
3075,0.14224720001220703
3076,-1.5518903732299805
3077,-3.3733792304992676
3078,0.17571163177490234
3079,-1.543416976928711
3080,-3.3738880157470703
3081,0.10727310180664062
3082,-1.5602483749389648
3083,-2.326083183288574
3084,0.1356210708618164
3085,-1.5610456466674805
3086,-2.326547145843506
3087,0.18480873107910156
3088,-1.560349464416504
3089,-2.327829360961914
3090,0.5060100555419922
3091,-1.4460535049438477
3092,-4.918311595916748
3093,0.4889860153198242
3094,-1.4801597595214844
3095,-0.215728759765625
3096,-0.08569145202636719
3097,-1.3191614151000977
3098,-3.3110218048095703
3099,-0.1132955551147461
3100,-1.326798439025879
3101,-1.9498082399368286
3102,0.5189409255981445
3103,-0.894561767578125
3104,-8.122452735900879
3105,0.5708980560302734
3106,-0.8230838775634766
3107,2.5070698261260986
3108,-1.2160348892211914
3109,-0.9267511367797852
3110,-9.438780784606934
3111,-1.2711286544799805
3112,-0.9231681823730469
3113,5.476804733276367
3114,-2.9247164726257324
3115,-1.3449602127075195
3116,-12.621795654296875
3117,-3.1279854774475098
3118,-1.3398065567016602
3119,5.681923866271973
3120,-3.3299670219421387
3121,-1.4919538497924805
3122,-13.844854354858398
3123,-3.477285385131836
3124,-1.500101089477539
3125,5.983712196350098
3126,-3.2225160598754883
3127,-1.5462379455566406
3128,-13.00904369354248
3129,-3.480343818664551
3130,-1.555680274963379
3131,5.320356369018555
3132,-3.1033596992492676
3133,-1.4782791137695312
3134,-12.359113693237305
3135,-3.410820484161377
3136,-1.5009307861328125
3137,5.355165481567383
3138,1.7555437088012695
3139,1.2183208465576172
3140,-7.304107666015625
3141,1.719935417175293
3142,1.084228515625
3143,0.006218433380126953
3144,-1.5726242065429688
3145,1.8606414794921875
3146,-7.787321090698242
3147,-1.4786911010742188
3148,1.7909107208251953
3149,-0.2840285301208496
3150,0.23511219024658203
3151,3.195140838623047
3152,-6.568676948547363
3153,0.08317852020263672
3154,3.0239105224609375
3155,2.3193061351776123
3156,0.7934055328369141
3157,3.420289993286133
3158,-5.842523574829102
3159,0.5416812896728516
3160,3.2349109649658203
3161,2.6951987743377686
3162,-1.0008258819580078
3163,3.7253379821777344
3164,-4.940152168273926
3165,-0.8829793930053711
3166,3.3713912963867188
3167,2.4071877002716064
3168,0.5810317993164062
3169,-1.8518314361572266
3170,-2.5942540168762207
3171,0.8626871109008789
3172,-1.9214544296264648
3173,-3.1771726608276367
3174,0.8977880477905273
3175,-1.9108552932739258
3176,-3.176801919937134
3177,0.9293117523193359
3178,-1.9000959396362305
3179,-3.178431510925293
3180,0.8557443618774414
3181,-1.9228620529174805
3182,-2.0475478172302246
3183,0.886286735534668
3184,-1.91400146484375
3185,-2.047492742538452
3186,0.9164705276489258
3187,-1.9052209854125977
3188,-2.0484414100646973
3189,1.2108230590820312
3190,-1.7539329528808594
3191,-4.745707035064697
3192,1.1873655319213867
3193,-1.7843055725097656
3194,0.33646416664123535
3195,0.5958957672119141
3196,-1.713663101196289
3197,-3.143505811691284
3198,0.5527944564819336
3199,-1.7157402038574219
3200,-1.675225853919983
3201,1.0664901733398438
3202,-1.2516860961914062
3203,-8.202325820922852
3204,1.1438426971435547
3205,-1.1122541427612305
3206,3.1377017498016357
3207,-0.7921390533447266
3208,-1.796316146850586
3209,-10.097724914550781
3210,-0.8599910736083984
3211,-1.5706491470336914
3212,5.6757707595825195
3213,-1.8637847900390625
3214,-2.337161064147949
3215,-12.95368480682373
3216,-2.0280237197875977
3217,-2.247356414794922
3218,5.125589370727539
3219,-2.11380672454834
3220,-2.538994789123535
3221,-14.242630004882812
3222,-2.219822883605957
3223,-2.4511919021606445
3224,5.207636833190918
3225,-1.993154525756836
3226,-2.5440711975097656
3227,-13.518564224243164
3228,-2.2171411514282227
3229,-2.5020360946655273
3230,4.619035720825195
3231,-1.9364652633666992
3232,-2.4586076736450195
3233,-12.737994194030762
3234,-2.19893741607666
3235,-2.4438486099243164
3236,4.746241569519043
3237,1.508763313293457
3238,1.0045604705810547
3239,-7.481163024902344
3240,1.4833755493164062
3241,0.9335060119628906
3242,0.18394184112548828
3243,-1.622481346130371
3244,1.8528766632080078
3245,-7.715492248535156
3246,-1.5721540451049805
3247,1.7642135620117188
3248,-0.4435005187988281
3249,0.20820045471191406
3250,3.1987648010253906
3251,-6.044700622558594
3252,0.014558792114257812
3253,3.024679183959961
3254,2.408315420150757
3255,0.8037099838256836
3256,3.418245315551758
3257,-5.563823699951172
3258,0.526829719543457
3259,3.2320289611816406
3260,2.781303644180298
3261,-1.0274343490600586
3262,3.684762954711914
3263,-4.9680867195129395
3264,-0.8915376663208008
3265,3.3834095001220703
3266,2.3197200298309326
3267,2.2717275619506836
3268,-2.5756282806396484
3269,-3.608168601989746
3270,2.679615020751953
3271,-2.6041336059570312
3272,-4.10992431640625
3273,2.7057905197143555
3274,-2.5934829711914062
3275,-4.109546184539795
3276,2.7250680923461914
3277,-2.581538200378418
3278,-4.111086845397949
3279,2.672276496887207
3280,-2.605320930480957
3281,-3.111602306365967
3282,2.694790840148926
3283,-2.596586227416992
3284,-3.110414981842041
3285,2.7115468978881836
3286,-2.5865840911865234
3287,-3.1104586124420166
3288,2.839644432067871
3289,-2.415127754211426
3290,-5.226503849029541
3291,2.828929901123047
3292,-2.428089141845703
3293,-0.7693119049072266
3294,2.1268997192382812
3295,-2.470479965209961
3296,-3.989349603652954
3297,2.120011329650879
3298,-2.4752235412597656
3299,-2.694017171859741
3300,1.8228387832641602
3301,-1.946249008178711
3302,-7.932239532470703
3303,2.0056915283203125
3304,-1.9125165939331055
3305,1.960076093673706
3306,1.1794853210449219
3307,-2.648021697998047
3308,-10.739126205444336
3309,1.0967864990234375
3310,-2.656919479370117
3311,3.7628061771392822
3312,1.6204252243041992
3313,-3.268543243408203
3314,-11.197748184204102
3315,1.462601661682129
3316,-3.2213306427001953
3317,2.8784797191619873
3318,1.770054817199707
3319,-3.4384517669677734
3320,-12.38053035736084
3321,1.5069799423217773
3322,-3.4582719802856445
3323,2.767712354660034
3324,1.8804397583007812
3325,-3.372476577758789
3326,-11.987907409667969
3327,1.6140785217285156
3328,-3.4627418518066406
3329,2.2998831272125244
3330,1.7956104278564453
3331,-3.2953920364379883
3332,-11.114893913269043
3333,1.555211067199707
3334,-3.4253435134887695
3335,2.542604684829712
3336,0.9796352386474609
3337,0.15603065490722656
3338,-7.377254962921143
3339,1.158555030822754
3340,0.10643672943115234
3341,0.08235979080200195
3342,-1.590559959411621
3343,1.5343971252441406
3344,-8.248557090759277
3345,-1.4855575561523438
3346,1.4020576477050781
3347,-1.642822027206421
3348,0.060302734375
3349,3.066995620727539
3350,-7.4327287673950195
3351,-0.04345417022705078
3352,2.9026355743408203
3353,-0.00947427749633789
3354,0.6412868499755859
3355,3.2476425170898438
3356,-7.279206275939941
3357,0.46735382080078125
3358,3.0820045471191406
3359,0.10149383544921875
3360,-1.0836658477783203
3361,3.6122493743896484
3362,-8.374780654907227
3363,-0.8367853164672852
3364,3.3304824829101562
3365,-0.983102560043335
3366,2.3759002685546875
3367,-2.6240835189819336
3368,-3.5079147815704346
3369,2.7125635147094727
3370,-2.6505136489868164
3371,-4.155274391174316
3372,2.7510547637939453
3373,-2.636122703552246
3374,-4.155817031860352
3375,2.783392906188965
3376,-2.620025634765625
3377,-4.157358169555664
3378,2.691324234008789
3379,-2.654892921447754
3380,-3.1054701805114746
3381,2.716629981994629
3382,-2.6453752517700195
3383,-3.1059577465057373
3384,2.737725257873535
3385,-2.6350269317626953
3386,-3.1072168350219727
3387,3.0587120056152344
3388,-2.4150772094726562
3389,-5.710732936859131
3390,2.9815139770507812
3391,-2.4504013061523438
3392,-0.9958980083465576
3393,2.341261863708496
3394,-2.498101234436035
3395,-3.989105701446533
3396,2.2979297637939453
3397,-2.5087966918945312
3398,-2.630150318145752
3399,2.525279998779297
3400,-1.9640836715698242
3401,-8.70026969909668
3402,2.300760269165039
3403,-1.8920869827270508
3404,1.9529030323028564
3405,1.9229583740234375
3406,-2.679287910461426
3407,-13.678335189819336
3408,1.646280288696289
3409,-2.578793525695801
3410,6.938244819641113
3411,1.8537225723266602
3412,-3.3524980545043945
3413,-15.242789268493652
3414,1.7835521697998047
3415,-3.3987131118774414
3416,10.557271957397461
3417,1.8651418685913086
3418,-3.574525833129883
3419,-16.33524513244629
3420,1.789921760559082
3421,-3.5604257583618164
3422,11.134236335754395
3423,1.981863021850586
3424,-3.520930290222168
3425,-16.045156478881836
3426,1.9293079376220703
3427,-3.551607131958008
3428,10.795721054077148
3429,1.980377197265625
3430,-3.4822921752929688
3431,-15.18614387512207
3432,1.9303369522094727
3433,-3.5119829177856445
3434,10.39197063446045
3435,0.6025943756103516
3436,0.10305404663085938
3437,-7.332561016082764
3438,0.7521286010742188
3439,0.11999702453613281
3440,0.03698396682739258
3441,-1.56561279296875
3442,1.5152206420898438
3443,-7.717709541320801
3444,-1.4666271209716797
3445,1.4191169738769531
3446,-1.2988336086273193
3447,0.052145957946777344
3448,3.0804786682128906
3449,-6.678781986236572
3450,-0.030759811401367188
3451,2.9170055389404297
3452,0.6200144290924072
3453,0.6125316619873047
3454,3.261199951171875
3455,-6.52298641204834
3456,0.49266815185546875
3457,3.104928970336914
3458,0.7333042621612549
3459,-1.1806278228759766
3460,3.6129894256591797
3461,-7.875603675842285
3462,-0.8996257781982422
3463,3.331981658935547
3464,-0.5769801139831543
3465,3.4023513793945312
3466,-2.7712669372558594
3467,-3.558444023132324
3468,3.6313562393188477
3469,-2.8256187438964844
3470,-4.196689128875732
3471,3.691256523132324
3472,-2.8047103881835938
3473,-4.19760799407959
3474,3.7185897827148438
3475,-2.7896060943603516
3476,-4.198959827423096
3477,3.6231689453125
3478,-2.829954147338867
3479,-3.208528757095337
3480,3.635225296020508
3481,-2.822422981262207
3482,-3.209489345550537
3483,3.6377334594726562
3484,-2.8026885986328125
3485,-3.211256980895996
3486,3.8376855850219727
3487,-2.597684860229492
3488,-5.74373197555542
3489,3.8311290740966797
3490,-2.6335248947143555
3491,-1.230483055114746
3492,3.3090476989746094
3493,-2.6323776245117188
3494,-4.012500286102295
3495,3.20278263092041
3496,-2.646254539489746
3497,-2.7297184467315674
3498,3.1840524673461914
3499,-2.1768951416015625
3500,-8.908602714538574
3501,2.887894630432129
3502,-2.151826858520508
3503,1.6677958965301514
3504,2.5998430252075195
3505,-2.8580284118652344
3506,-14.716761589050293
3507,2.603367805480957
3508,-2.627518653869629
3509,6.938877105712891
3510,2.875349998474121
3511,-3.461923599243164
3512,-17.639904022216797
3513,3.0693960189819336
3514,-3.3623523712158203
3515,11.122075080871582
3516,2.9159250259399414
3517,-3.6253700256347656
3518,-18.884477615356445
3519,3.1164913177490234
3520,-3.5672788619995117
3521,11.86339282989502
3522,3.0165367126464844
3523,-3.6029300689697266
3524,-18.437456130981445
3525,3.2031946182250977
3526,-3.547928810119629
3527,11.347116470336914
3528,2.981325149536133
3529,-3.521390914916992
3530,-17.54451560974121
3531,3.183253288269043
3532,-3.454418182373047
3533,10.94027328491211
3534,0.30834102630615234
3535,-0.22630023956298828
3536,-7.180365562438965
3537,0.2904539108276367
3538,-0.24239540100097656
3539,-0.11269164085388184
3540,-1.686117172241211
3541,1.0237903594970703
3542,-7.690793991088867
3543,-1.5975122451782227
3544,1.0175495147705078
3545,-1.097581386566162
3546,-0.5559902191162109
3547,2.711832046508789
3548,-6.2997894287109375
3549,-0.5716094970703125
3550,2.5956172943115234
3551,1.1062829494476318
3552,-0.09768962860107422
3553,2.8124618530273438
3554,-6.088138580322266
3555,-0.12621021270751953
3556,2.685070037841797
3557,1.251793622970581
3558,-1.4264163970947266
3559,3.3451461791992188
3560,-7.461489677429199
3561,-1.4174442291259766
3562,3.175506591796875
3563,-0.1776895523071289
3564,4.3897504806518555
3565,-2.827657699584961
3566,-4.854896545410156
3567,4.690300941467285
3568,-2.837174415588379
3569,-5.002452850341797
3570,4.7007551193237305
3571,-2.818988800048828
3572,-5.002443313598633
3573,4.745450973510742
3574,-2.779521942138672
3575,-5.001589298248291
3576,4.680638313293457
3577,-2.8572988510131836
3578,-4.224515914916992
3579,4.680258750915527
3580,-2.853329658508301
3581,-4.227348804473877
3582,4.676523208618164
3583,-2.848050117492676
3584,-4.228797912597656
3585,4.814967155456543
3586,-2.595857620239258
3587,-5.807742118835449
3588,4.771979331970215
3589,-2.6714630126953125
3590,-1.6247837543487549
3591,4.321083068847656
3592,-2.6711597442626953
3593,-4.945646286010742
3594,4.227435111999512
3595,-2.7156457901000977
3596,-3.9231042861938477
3597,4.037640571594238
3598,-2.08612060546875
3599,-8.413290977478027
3600,3.3054027557373047
3601,-2.342930793762207
3602,0.8456623554229736
3603,3.7865657806396484
3604,-2.6970672607421875
3605,-14.015569686889648
3606,2.57395076751709
3607,-2.9522266387939453
3608,3.7942216396331787
3609,4.181283950805664
3610,-3.336618423461914
3611,-15.300098419189453
3612,3.3459320068359375
3613,-3.602245330810547
3614,10.572737693786621
3615,4.326013565063477
3616,-3.494180679321289
3617,-16.48198699951172
3618,3.4712209701538086
3619,-3.701414108276367
3620,9.689193725585938
3621,4.340968132019043
3622,-3.4498777389526367
3623,-16.06822967529297
3624,3.627981185913086
3625,-3.6919431686401367
3626,6.460214614868164
3627,4.224278450012207
3628,-3.386651039123535
3629,-15.217121124267578
3630,3.6130571365356445
3631,-3.6467084884643555
3632,7.303313255310059
3633,0.3196992874145508
3634,-0.5324935913085938
3635,-6.8837127685546875
3636,0.3080768585205078
3637,-0.6124553680419922
3638,-0.41492795944213867
3639,-2.106220245361328
3640,0.48934364318847656
3641,-7.612293243408203
3642,-1.7754411697387695
3643,0.5147209167480469
3644,-1.021381139755249
3645,-0.8576021194458008
3646,2.1236190795898438
3647,-6.1318888664245605
3648,-0.9225473403930664
3649,2.046335220336914
3650,1.0394866466522217
3651,-0.26070690155029297
3652,2.2375526428222656
3653,-5.925018787384033
3654,-0.46746349334716797
3655,2.1296424865722656
3656,1.1199390888214111
3657,-1.4908561706542969
3658,2.7654991149902344
3659,-7.0562262535095215
3660,-1.5435571670532227
3661,2.6061019897460938
3662,-0.21284031867980957
3663,5.030674934387207
3664,-2.8221511840820312
3665,-3.339118003845215
3666,5.318941116333008
3667,-2.8231372833251953
3668,-3.8639063835144043
3669,5.345538139343262
3670,-2.796999931335449
3671,-3.8638715744018555
3672,5.342757225036621
3673,-2.7803468704223633
3674,-3.863959312438965
3675,5.354337692260742
3676,-2.8284921646118164
3677,-2.88533878326416
3678,5.409039497375488
3679,-2.8017797470092773
3680,-2.887667417526245
3681,5.424933433532715
3682,-2.7890682220458984
3683,-2.8893420696258545
3684,5.3812971115112305
3685,-2.6132822036743164
3686,-5.469944477081299
3687,5.455868721008301
3688,-2.6291027069091797
3689,-1.0093286037445068
3690,4.850536346435547
3691,-2.7067995071411133
3692,-3.8726227283477783
3693,4.870837211608887
3694,-2.7140750885009766
3695,-2.617110252380371
3696,4.456103324890137
3697,-2.083127975463867
3698,-8.418257713317871
3699,4.037571907043457
3700,-2.2730369567871094
3701,1.4702346324920654
3702,3.086045265197754
3703,-2.6084375381469727
3704,-11.12923812866211
3705,2.5893144607543945
3706,-2.8101806640625
3707,2.3217132091522217
3708,3.8617734909057617
3709,-3.292538642883301
3710,-10.000612258911133
3711,2.874462127685547
3712,-3.6009674072265625
3713,-0.45149850845336914
3714,3.4758691787719727
3715,-3.6165342330932617
3716,-10.71457576751709
3717,2.992051124572754
3718,-3.760584831237793
3719,-0.5848274230957031
3720,4.284608840942383
3721,-3.4842777252197266
3722,-10.325925827026367
3723,3.0793542861938477
3724,-3.782470703125
3725,-1.1648907661437988
3726,4.209514617919922
3727,-3.3921995162963867
3728,-9.814929962158203
3729,3.0394105911254883
3730,-3.7055463790893555
3731,-0.9267358779907227
3732,0.38134002685546875
3733,-0.7916107177734375
3734,-6.898643493652344
3735,0.45742321014404297
3736,-0.8182992935180664
3737,-0.3978393077850342
3738,-2.6909656524658203
3739,-0.19807910919189453
3740,-8.78902816772461
3741,-2.2489519119262695
3742,-0.26537227630615234
3743,-0.8245508670806885
3744,-1.4230146408081055
3745,1.2791461944580078
3746,-6.117672443389893
3747,-1.4488153457641602
3748,1.2041950225830078
3749,1.2111093997955322
3750,-0.7672548294067383
3751,1.4062728881835938
3752,-5.839315414428711
3753,-0.8562517166137695
3754,1.3189640045166016
3755,1.367194414138794
3756,-1.9065980911254883
3757,2.0885963439941406
3758,-6.476073265075684
3759,-1.9752883911132812
3760,1.9385929107666016
3761,-0.144362211227417
3762,5.4928998947143555
3763,-2.7512502670288086
3764,-4.526495933532715
3765,5.751572608947754
3766,-2.736027717590332
3767,-5.138265609741211
3768,5.798253059387207
3769,-2.6982688903808594
3770,-5.1397199630737305
3771,5.79122257232666
3772,-2.689703941345215
3773,-5.139532089233398
3774,5.784899711608887
3775,-2.738114356994629
3776,-4.126418113708496
3777,5.862114906311035
3778,-2.695117950439453
3779,-4.129422664642334
3780,5.8737993240356445
3781,-2.6862010955810547
3782,-4.133180618286133
3783,5.827235221862793
3784,-2.5308427810668945
3785,-6.63742733001709
3786,5.900118827819824
3787,-2.541445732116699
3788,-2.064457893371582
3789,5.281095504760742
3790,-2.639476776123047
3791,-4.990818023681641
3792,5.287925720214844
3793,-2.637571334838867
3794,-3.677122116088867
3795,4.724626541137695
3796,-1.9996833801269531
3797,-9.440845489501953
3798,4.356949806213379
3799,-2.2772579193115234
3800,0.8025829792022705
3801,2.946965217590332
3802,-2.6151695251464844
3803,-12.488142013549805
3804,2.6608028411865234
3805,-2.7232303619384766
3806,2.3417060375213623
3807,2.791468620300293
3808,-3.4297752380371094
3809,-13.228117942810059
3810,2.22613525390625
3811,-3.591811180114746
3812,0.24359941482543945
3813,2.6321029663085938
3814,-3.665006637573242
3815,-14.625569343566895
3816,2.607659339904785
3817,-3.8591089248657227
3818,0.25113463401794434
3819,3.0178470611572266
3820,-3.675532341003418
3821,-13.833693504333496
3822,2.575742721557617
3823,-3.8911666870117188
3824,-0.7851295471191406
3825,3.683910369873047
3826,-3.6591882705688477
3827,-12.950756072998047
3828,2.406672477722168
3829,-3.8256797790527344
3830,-0.3038599491119385
3831,0.5241374969482422
3832,-0.8979206085205078
3833,-6.895357131958008
3834,0.5597133636474609
3835,-0.9995756149291992
3836,-0.3999977111816406
3837,-2.8634252548217773
3838,-1.0618705749511719
3839,-9.784470558166504
3840,-2.4976320266723633
3841,-1.1055822372436523
3842,-0.8365809917449951
3843,-2.144951820373535
3844,0.4069709777832031
3845,-4.202996253967285
3846,-2.118741989135742
3847,0.3588676452636719
3848,2.784562826156616
3849,-1.5647249221801758
3850,0.5484142303466797
3851,-3.5400328636169434
3852,-1.471348762512207
3853,0.5445804595947266
3854,3.0760715007781982
3855,-2.697465419769287
3856,1.0739269256591797
3857,-2.8290202617645264
3858,-2.6114492416381836
3859,1.035064697265625
3860,2.921654462814331
3861,5.867428779602051
3862,-2.6477127075195312
3863,-4.8785295486450195
3864,6.162079811096191
3865,-2.6088132858276367
3866,-5.580674171447754
3867,6.128233909606934
3868,-2.584660530090332
3869,-5.581943511962891
3870,6.1192426681518555
3871,-2.576417922973633
3872,-5.581613540649414
3873,6.194859504699707
3874,-2.6075668334960938
3875,-4.637617111206055
3876,6.18581485748291
3877,-2.5801258087158203
3878,-4.6397857666015625
3879,6.195588111877441
3880,-2.5705480575561523
3881,-4.642189025878906
3882,6.036578178405762
3883,-2.4340457916259766
3884,-7.256833553314209
3885,6.1376142501831055
3886,-2.423532485961914
3887,-3.029620885848999
3888,5.604857444763184
3889,-2.5521697998046875
3890,-5.384887218475342
3891,5.627997398376465
3892,-2.5476036071777344
3893,-4.159789085388184
3894,4.655447006225586
3895,-2.131990432739258
3896,-10.23444938659668
3897,4.732431411743164
3898,-2.0334091186523438
3899,0.518723726272583
3900,2.648207664489746
3901,-2.664565086364746
3902,-12.868315696716309
3903,2.957282066345215
3904,-2.375101089477539
3905,4.649786949157715
3906,1.3144187927246094
3907,-3.6051015853881836
3908,-13.820844650268555
3909,2.0513792037963867
3910,-3.0322341918945312
3911,7.395635604858398
3912,0.7747621536254883
3913,-3.8067808151245117
3914,-15.288743019104004
3915,2.1653356552124023
3916,-3.277218818664551
3917,8.315275192260742
3918,0.8757295608520508
3919,-3.8566951751708984
3920,-14.504530906677246
3921,2.177849769592285
3922,-3.240711212158203
3923,7.358028411865234
3924,1.1091499328613281
3925,-3.813190460205078
3926,-13.509681701660156
3927,2.109699249267578
3928,-3.1723861694335938
3929,7.11186408996582
3930,0.5946550369262695
3931,-0.9797906875610352
3932,-7.061784744262695
3933,0.794041633605957
3934,-1.043471336364746
3935,-0.22895598411560059
3936,-2.5706281661987305
3937,-1.9631166458129883
3938,-9.170038223266602
3939,-1.9635229110717773
3940,-1.836125373840332
3941,0.3819305896759033
3942,-2.574817657470703
3943,-0.3717470169067383
3944,-3.6435396671295166
3945,-2.336623191833496
3946,-0.4515876770019531
3947,4.491682052612305
3948,-2.283975601196289
3949,-0.13024139404296875
3950,-2.980985641479492
3951,-1.98394775390625
3952,-0.15619754791259766
3953,4.833401679992676
3954,-3.6445837020874023
3955,0.04130077362060547
3956,-1.5395050048828125
3957,-3.219022750854492
3958,-0.054062843322753906
3959,5.449800491333008
3960,5.779574394226074
3961,-2.6144638061523438
3962,-1.5184848308563232
3963,6.07450008392334
3964,-2.571868896484375
3965,-2.453840494155884
3966,6.062277793884277
3967,-2.55684757232666
3968,-2.454857110977173
3969,6.046442985534668
3970,-2.516691207885742
3971,-2.453474760055542
3972,6.177556037902832
3973,-2.4257984161376953
3974,-1.9452825784683228
3975,6.185492515563965
3976,-2.4045944213867188
3977,-1.9473484754562378
3978,6.186783790588379
3979,-2.3909225463867188
3980,-1.9521111249923706
3981,5.822627067565918
3982,-2.35693359375
3983,-5.323542594909668
3984,6.0395612716674805
3985,-2.2172555923461914
3986,-2.8231754302978516
3987,5.4968461990356445
3988,-2.4706907272338867
3989,-2.4146580696105957
3990,5.5008039474487305
3991,-2.519221305847168
3992,-1.775112271308899
3993,4.272981643676758
3994,-2.1940841674804688
3995,-8.390745162963867
3996,4.907395362854004
3997,-1.7609624862670898
3998,-0.8752062320709229
3999,2.447035789489746
4000,-2.7987070083618164
4001,-8.884361267089844
4002,3.06429386138916
4003,-2.0294904708862305
4004,2.187758684158325
4005,0.5673084259033203
4006,-3.514362335205078
4007,-7.386749267578125
4008,1.9801082611083984
4009,-2.9523839950561523
4010,5.092080116271973
4011,0.006297111511230469
4012,-3.6678619384765625
4013,-8.044148445129395
4014,1.8258075714111328
4015,-3.2428207397460938
4016,5.5644989013671875
4017,0.0784759521484375
4018,-3.6874961853027344
4019,-7.729217529296875
4020,1.6637020111083984
4021,-3.167141914367676
4022,4.81184196472168
4023,0.24029064178466797
4024,-3.630825996398926
4025,-7.212974548339844
4026,1.6957693099975586
4027,-3.114360809326172
4028,4.801323890686035
4029,0.6094579696655273
4030,-1.0036430358886719
4031,-6.668374061584473
4032,1.183969497680664
4033,-1.058755874633789
4034,-0.6242947578430176
4035,-1.274850845336914
4036,-2.508234977722168
4037,-7.803780555725098
4038,-0.23828601837158203
4039,-2.4922971725463867
4040,-0.801624059677124
4041,-2.8185606002807617
4042,-1.1329307556152344
4043,-3.958622455596924
4044,-2.0759029388427734
4045,-1.4172983169555664
4046,0.1517481803894043
4047,-2.688994884490967
4048,-0.7869014739990234
4049,-3.671616315841675
4050,-2.0975961685180664
4051,-1.0290870666503906
4052,0.23929500579833984
4053,-4.3847975730896
4054,-1.1310338973999023
4055,-3.4294967651367188
4056,-3.041781425476074
4057,-1.1658124923706055
4058,0.6096866130828857
4059,6.042691230773926
4060,-2.1941652297973633
4061,-5.549067974090576
4062,6.2627458572387695
4063,-2.0944108963012695
4064,-6.101524353027344
4065,6.2484235763549805
4066,-2.091322898864746
4067,-6.101870059967041
4068,6.231232643127441
4069,-2.0813779830932617
4070,-6.100439071655273
4071,6.279925346374512
4072,-2.047091484069824
4073,-5.4674530029296875
4074,6.27333927154541
4075,-2.029778480529785
4076,-5.470355987548828
4077,6.263253211975098
4078,-2.0144262313842773
4079,-5.474483489990234
4080,5.929387092590332
4081,-1.9464788436889648
4082,-7.405719757080078
4083,6.041747093200684
4084,-1.911123275756836
4085,-4.564162254333496
4086,5.643710136413574
4087,-2.173349380493164
4088,-5.930816650390625
4089,5.647387504577637
4090,-2.17929744720459
4091,-5.129457473754883
4092,4.336383819580078
4093,-2.0878448486328125
4094,-9.890989303588867
4095,4.522258758544922
4096,-1.7711296081542969
4097,-1.9513224363327026
4098,2.3631277084350586
4099,-2.558561325073242
4100,-10.568730354309082
4101,2.7264041900634766
4102,-2.2123327255249023
4103,-1.2825217247009277
4104,0.4492330551147461
4105,-3.2837982177734375
4106,-10.248647689819336
4107,0.8625049591064453
4108,-3.0249404907226562
4109,-2.005493402481079
4110,-0.022813796997070312
4111,-3.469161033630371
4112,-11.22337818145752
4113,0.4805564880371094
4114,-3.279913902282715
4115,-1.8920862674713135
4116,0.048003196716308594
4117,-3.501835823059082
4118,-10.743581771850586
4119,0.39849185943603516
4120,-3.2710742950439453
4121,-2.8589534759521484
4122,0.18417072296142578
4123,-3.4327220916748047
4124,-10.06682014465332
4125,0.5569267272949219
4126,-3.171682357788086
4127,-2.4269070625305176
4128,0.6322555541992188
4129,-0.9739294052124023
4130,-6.683603286743164
4131,1.159256935119629
4132,-1.093653678894043
4133,-0.610438346862793
4134,0.00039386749267578125
4135,-2.656404495239258
4136,-8.983431816101074
4137,0.4225120544433594
4138,-2.6807918548583984
4139,-1.9114139080047607
4140,-2.788982391357422
4141,-1.944021224975586
4142,-5.308853626251221
4143,-2.4070920944213867
4144,-2.0724124908447266
4145,0.0356905460357666
4146,-3.0286483764648438
4147,-1.6650876998901367
4148,-4.8688530921936035
4149,-2.6849446296691895
4150,-1.7954730987548828
4151,0.23343920707702637
4152,-4.0758819580078125
4153,-2.3654584884643555
4154,-5.068611145019531
4155,-3.6266989707946777
4156,-2.355375289916992
4157,-0.01917433738708496
4158,5.845036506652832
4159,-1.737030029296875
4160,-3.7433180809020996
4161,6.059250831604004
4162,-1.6293106079101562
4163,-4.078070640563965
4164,6.043963432312012
4165,-1.6251468658447266
4166,-4.079610347747803
4167,5.944893836975098
4168,-1.605398178100586
4169,-4.079463958740234
4170,6.064469337463379
4171,-1.6144466400146484
4172,-3.5969624519348145
4173,6.053704261779785
4174,-1.6017217636108398
4175,-3.599184989929199
4176,6.038393974304199
4177,-1.590780258178711
4178,-3.6024558544158936
4179,5.694094657897949
4180,-1.5061750411987305
4181,-4.95359468460083
4182,5.800473213195801
4183,-1.514505386352539
4184,-2.7817742824554443
4185,5.447403907775879
4186,-1.7545032501220703
4187,-3.997756004333496
4188,5.465628623962402
4189,-1.7365684509277344
4190,-3.392580509185791
4191,4.1602783203125
4192,-1.877192497253418
4193,-7.512261867523193
4194,4.201377868652344
4195,-1.6001691818237305
4196,-0.47739696502685547
4197,2.2858409881591797
4198,-2.473989486694336
4199,-7.050702095031738
4200,2.554656982421875
4201,-2.158797264099121
4202,0.24806761741638184
4203,0.6760149002075195
4204,-3.0022411346435547
4205,-4.288930892944336
4206,0.9280929565429688
4207,-2.797287940979004
4208,-1.492405891418457
4209,0.25942134857177734
4210,-3.10272216796875
4211,-4.842685699462891
4212,0.6568307876586914
4213,-2.8799209594726562
4214,-1.4542055130004883
4215,0.3827524185180664
4216,-3.143983840942383
4217,-4.5308332443237305
4218,0.6329898834228516
4219,-2.871471405029297
4220,-2.271413564682007
4221,0.4870719909667969
4222,-3.083745002746582
4223,-4.085792541503906
4224,0.7206325531005859
4225,-2.8510608673095703
4226,-1.8863370418548584
4227,0.5727090835571289
4228,-1.0839424133300781
4229,-6.72203254699707
4230,0.7262516021728516
4231,-1.026540756225586
4232,-0.5728464126586914
4233,1.5118608474731445
4234,-2.6510725021362305
4235,-7.740328788757324
4236,1.7225008010864258
4237,-2.5129737854003906
4238,1.8305599689483643
4239,-2.455280303955078
4240,-2.8365516662597656
4241,-5.763283729553223
4242,-1.8182878494262695
4243,-2.537234306335449
4244,3.6230628490448
4245,-2.7098779678344727
4246,-2.663424491882324
4247,-5.568620204925537
4248,-2.0513410568237305
4249,-2.378854751586914
4250,3.733024835586548
4251,-2.601634979248047
4252,-3.5157175064086914
4253,-6.31604528427124
4254,-2.6297826766967773
4255,-3.009176254272461
4256,3.245055913925171
4257,5.448334693908691
4258,-1.3950700759887695
4259,1.530780553817749
4260,5.313633918762207
4261,-1.3043975830078125
4262,1.4002044200897217
4263,5.311833381652832
4264,-1.2849979400634766
4265,1.3998310565948486
4266,5.3019609451293945
4267,-1.2637815475463867
4268,1.3992412090301514
4269,5.209404945373535
4270,-1.341639518737793
4271,1.895961046218872
4272,5.163538932800293
4273,-1.3459692001342773
4274,1.8945519924163818
4275,5.1279754638671875
4276,-1.3493919372558594
4277,1.892491102218628
4278,5.116164207458496
4279,-1.1952590942382812
4280,1.4012625217437744
4281,4.896124839782715
4282,-1.3290643692016602
4283,3.724205255508423
4284,5.245019912719727
4285,-1.405980110168457
4286,1.5558898448944092
4287,5.250370979309082
4288,-1.4438018798828125
4289,2.221672296524048
4290,4.175570487976074
4291,-1.2431106567382812
4292,-0.7775533199310303
4293,3.709024429321289
4294,-1.5550956726074219
4295,4.9269304275512695
4296,5.591521263122559
4297,-1.0779218673706055
4298,-4.965175628662109
4299,2.7708663940429688
4300,-1.8510780334472656
4301,2.9415900707244873
4302,5.433917045593262
4303,-1.2489185333251953
4304,-6.644906044006348
4305,2.6454572677612305
4306,-2.12398624420166
4307,-1.1790876388549805
4308,5.335064888000488
4309,-1.2557392120361328
4310,-7.439123153686523
4311,2.5068836212158203
4312,-2.155651092529297
4313,-1.182466745376587
4314,5.195418357849121
4315,-1.3100433349609375
4316,-7.001699447631836
4317,2.609811782836914
4318,-2.1406517028808594
4319,-1.4547910690307617
4320,5.221535682678223
4321,-1.315587043762207
4322,-6.530244827270508
4323,2.6808090209960938
4324,-2.136964797973633
4325,-1.3528516292572021
4326,0.5990371704101562
4327,-0.968170166015625
4328,-6.56302547454834
4329,0.515040397644043
4330,-1.0754928588867188
4331,-0.7359583377838135
4332,2.3232126235961914
4333,-2.394451141357422
4334,-7.780385971069336
4335,2.2425537109375
4336,-2.44185733795166
4337,-1.903212547302246
4338,-0.902400016784668
4339,-3.2842044830322266
4340,-11.41553020477295
4341,-1.024867057800293
4342,-3.198261260986328
4343,-6.802159309387207
4344,-1.9365043640136719
4345,-3.3069753646850586
4346,-11.86557388305664
4347,-2.006546974182129
4348,-3.1617631912231445
4349,-7.447269439697266
4350,-0.7161569595336914
4351,-3.908803939819336
4352,-13.717177391052246
4353,-1.2604122161865234
4354,-3.671201705932617
4355,-9.134380340576172
4356,3.3005313873291016
4357,-1.6909360885620117
4358,6.595115661621094
4359,3.5245590209960938
4360,-1.639307975769043
4361,7.50196647644043
4362,3.540879249572754
4363,-1.6163291931152344
4364,7.50285530090332
4365,3.557210922241211
4366,-1.5877199172973633
4367,7.5038042068481445
4368,3.434746742248535
4369,-1.5457963943481445
4370,7.495171546936035
4371,3.398151397705078
4372,-1.404463768005371
4373,7.495345115661621
4374,3.3607282638549805
4375,-1.6073484420776367
4376,7.490446090698242
4377,3.394829750061035
4378,-1.4618339538574219
4379,10.56125259399414
4380,3.1126365661621094
4381,-1.7950849533081055
4382,10.6179838180542
4383,3.0787315368652344
4384,-1.628753662109375
4385,7.549095153808594
4386,2.991063117980957
4387,-1.656869888305664
4388,7.559966087341309
4389,3.0217037200927734
4390,-0.9684238433837891
4391,9.155814170837402
4392,2.144650459289551
4393,-2.1120777130126953
4394,10.915855407714844
4395,4.393994331359863
4396,-0.4131355285644531
4397,5.490908622741699
4398,2.509479522705078
4399,-2.4797754287719727
4400,7.72226619720459
4401,5.559700965881348
4402,-0.43398284912109375
4403,1.7421824932098389
4404,2.7726573944091797
4405,-2.583073616027832
4406,4.297642707824707
4407,5.783370018005371
4408,-0.4426898956298828
4409,1.153379201889038
4410,2.84255313873291
4411,-2.610886573791504
4412,4.002233505249023
4413,5.747876167297363
4414,-0.4859771728515625
4415,1.2280638217926025
4416,2.995637893676758
4417,-2.5632944107055664
4418,4.4920806884765625
4419,5.677292823791504
4420,-0.5409564971923828
4421,1.6717407703399658
4422,2.9996471405029297
4423,-2.480929374694824
4424,4.45963191986084
4425,0.5311803817749023
4426,-0.981694221496582
4427,-5.286604881286621
4428,0.29563236236572266
4429,-1.7096872329711914
4430,-2.013145923614502
4431,3.3167171478271484
4432,-2.003859519958496
4433,-14.950007438659668
4434,3.432933807373047
4435,-2.6982975006103516
4436,-9.758944511413574
4437,1.677586555480957
4438,-3.155360221862793
4439,-24.821224212646484
4440,1.2712430953979492
4441,-3.3783702850341797
4442,-21.751771926879883
4443,0.896723747253418
4444,-3.3578052520751953
4445,-26.096235275268555
4446,0.21734237670898438
4447,-3.3518123626708984
4448,-23.26072883605957
4449,2.4309206008911133
4450,-3.6139278411865234
4451,-30.172624588012695
4452,2.185617446899414
4453,-3.533205986022949
4454,-27.256649017333984
4455,1.040008544921875
4456,0.9795246124267578
4457,-4.143835544586182
4458,0.7587175369262695
4459,1.0055046081542969
4460,-4.878828048706055
4461,0.7516574859619141
4462,1.0033931732177734
4463,-4.882065296173096
4464,0.7540464401245117
4465,1.0033950805664062
4466,-4.883162021636963
4467,0.7351016998291016
4468,0.9997539520263672
4469,-3.917356014251709
4470,0.7108287811279297
4471,0.9935932159423828
4472,-3.9170165061950684
4473,0.6992340087890625
4474,0.9900150299072266
4475,-3.917902946472168
4476,0.6734304428100586
4477,0.9099884033203125
4478,-6.747106552124023
4479,0.508671760559082
4480,0.8588352203369141
4481,-2.3650598526000977
4482,1.1547460556030273
4483,0.8501949310302734
4484,-4.706097602844238
4485,1.0388412475585938
4486,0.8390636444091797
4487,-3.4437317848205566
4488,1.7430944442749023
4489,0.32277488708496094
4490,-9.86172103881836
4491,1.120290756225586
4492,0.06908416748046875
4493,1.408355951309204
4494,3.9827136993408203
4495,-0.25248146057128906
4496,-10.909089088439941
4497,2.925792694091797
4498,-0.5343103408813477
4499,1.9049389362335205
4500,6.234999656677246
4501,-0.6188373565673828
4502,-9.789194107055664
4503,4.882729530334473
4504,-0.7014150619506836
4505,-0.3822329044342041
4506,6.712262153625488
4507,-0.6571006774902344
4508,-10.953944206237793
4509,5.17667293548584
4510,-0.6672439575195312
4511,-0.08484864234924316
4512,7.068724632263184
4513,-0.5724678039550781
4514,-10.160676956176758
4515,5.263140678405762
4516,-0.6532325744628906
4517,-1.278139591217041
4518,6.569781303405762
4519,-0.5973625183105469
4520,-9.481287956237793
4521,5.182928085327148
4522,-0.6621589660644531
4523,-0.949620246887207
4524,1.8689565658569336
4525,-1.5841741561889648
4526,-7.361893653869629
4527,1.5844545364379883
4528,-1.6179256439208984
4529,0.0721282958984375
4530,3.4100465774536133
4531,-0.04251670837402344
4532,-5.940232276916504
4533,3.1790313720703125
4534,-0.16743755340576172
4535,1.1185076236724854
4536,6.29348087310791
4537,-0.4532966613769531
4538,-1.0141613483428955
4539,6.203116416931152
4540,-0.5487499237060547
4541,2.570396661758423
4542,6.720158576965332
4543,-0.6443824768066406
4544,-0.561429500579834
4545,6.653410911560059
4546,-0.7258367538452148
4547,2.607079267501831
4548,6.9829206466674805
4549,0.05953788757324219
4550,-1.7707276344299316
4551,6.932787895202637
4552,-0.1332073211669922
4553,1.3107092380523682
4554,0.575653076171875
4555,1.0141944885253906
4556,0.4700767993927002
4557,0.1868295669555664
4558,1.0059089660644531
4559,-0.18655872344970703
4560,0.1657695770263672
4561,1.0026893615722656
4562,-0.1885085105895996
4563,0.1034250259399414
4564,0.9972858428955078
4565,-0.18908357620239258
4566,0.1934366226196289
4567,1.0020980834960938
4568,0.9341166019439697
4569,0.12395286560058594
4570,0.9937725067138672
4571,0.9340765476226807
4572,0.10580825805664062
4573,0.9865207672119141
4574,0.932884931564331
4575,0.02031707763671875
4576,0.8479251861572266
4577,-2.3748879432678223
4578,0.032433509826660156
4579,0.8407325744628906
4580,2.7877819538116455
4581,0.7609844207763672
4582,0.8973922729492188
4583,-0.27141833305358887
4584,0.7395057678222656
4585,0.9078388214111328
4586,1.211611032485962
4587,1.3955717086791992
4588,0.5020771026611328
4589,-6.193397521972656
4590,1.063589096069336
4591,0.11349868774414062
4592,5.43328857421875
4593,3.227876663208008
4594,0.4085102081298828
4595,-7.47353458404541
4596,2.6456565856933594
4597,-0.20487213134765625
4598,6.911848068237305
4599,4.915618896484375
4600,0.3106269836425781
4601,-6.107217311859131
4602,4.016252517700195
4603,-0.1001272201538086
4604,6.102752685546875
4605,5.266034126281738
4606,0.26833343505859375
4607,-6.906548500061035
4608,4.158212661743164
4609,-0.09827613830566406
4610,6.863980293273926
4611,5.344027519226074
4612,0.2989358901977539
4613,-6.11824369430542
4614,4.268982887268066
4615,-0.04315662384033203
4616,5.722426414489746
4617,5.251095771789551
4618,0.2988090515136719
4619,-5.7233428955078125
4620,4.248377799987793
4621,-0.019575119018554688
4622,5.608604431152344
4623,1.8783111572265625
4624,-1.3301477432250977
4625,-7.375530242919922
4626,1.672032356262207
4627,-1.475224494934082
4628,0.08374714851379395
4629,3.377439498901367
4630,0.4299430847167969
4631,-7.047543525695801
4632,3.276987075805664
4633,0.09781455993652344
4634,0.8894312381744385
4635,6.5223894119262695
4636,0.48905181884765625
4637,-5.97127628326416
4638,6.410149574279785
4639,0.4627571105957031
4640,0.6500289440155029
4641,7.048783302307129
4642,0.4385204315185547
4643,-5.8975067138671875
4644,6.941428184509277
4645,0.4750556945800781
4646,0.5338737964630127
4647,6.888068199157715
4648,1.108774185180664
4649,-7.485614776611328
4650,6.6568803787231445
4651,1.1140460968017578
4652,-0.8618152141571045
4653,-0.9521398544311523
4654,0.8004989624023438
4655,1.4466092586517334
4656,-1.3174800872802734
4657,0.7469158172607422
4658,0.7459018230438232
4659,-1.3310222625732422
4660,0.7410755157470703
4661,0.7454116344451904
4662,-1.341090202331543
4663,0.7383460998535156
4664,0.7440540790557861
4665,-1.3329296112060547
4666,0.7287425994873047
4667,1.527921438217163
4668,-1.355086326599121
4669,0.7108669281005859
4670,1.527423620223999
4671,-1.369858741760254
4672,0.6986293792724609
4673,1.5236780643463135
4674,-1.3892841339111328
4675,0.5825157165527344
4676,-1.8626880645751953
4677,-1.4526300430297852
4678,0.49211883544921875
4679,1.7351620197296143
4680,-0.8360881805419922
4681,0.6813850402832031
4682,0.5816915035247803
4683,-0.8446435928344727
4684,0.6604785919189453
4685,1.6158678531646729
4686,-0.1786212921142578
4687,0.36383628845214844
4688,-5.480898857116699
4689,-0.3321704864501953
4690,-0.06999492645263672
4691,3.4040849208831787
4692,1.3542327880859375
4693,-0.1698446273803711
4694,-6.891409873962402
4695,1.3512420654296875
4696,-0.4701967239379883
4697,5.1448774337768555
4698,2.472829818725586
4699,-0.4440937042236328
4700,-6.117147445678711
4701,2.2813072204589844
4702,-0.5459794998168945
4703,5.203285217285156
4704,2.7768211364746094
4705,-0.532771110534668
4706,-6.608731269836426
4707,2.552997589111328
4708,-0.6272811889648438
4709,5.646731376647949
4710,2.788729667663574
4711,-0.5111913681030273
4712,-6.445906639099121
4713,2.600316047668457
4714,-0.540949821472168
4715,5.065801620483398
4716,2.6931371688842773
4717,-0.47923946380615234
4718,-6.036550998687744
4719,2.495448112487793
4720,-0.49872779846191406
4721,4.943319320678711
4722,3.2805423736572266
4723,-0.5057106018066406
4724,-6.973151206970215
4725,3.155144691467285
4726,-0.7141351699829102
4727,-0.31821537017822266
4728,3.4668731689453125
4729,1.2497444152832031
4730,-7.472550392150879
4731,3.1737060546875
4732,1.0712394714355469
4733,-1.0992300510406494
4734,4.923151016235352
4735,2.6732959747314453
4736,-8.068812370300293
4737,4.918771743774414
4738,2.4466705322265625
4739,-1.4625756740570068
4740,5.553736686706543
4741,2.881956100463867
4742,-8.201201438903809
4743,5.493332862854004
4744,2.576089859008789
4745,-1.629608154296875
4746,3.9072751998901367
4747,3.2555980682373047
4748,-10.689407348632812
4749,4.131683349609375
4750,3.0660457611083984
4751,-3.584712266921997
4752,-1.2004461288452148
4753,0.6680831909179688
4754,0.4571516513824463
4755,-1.4682836532592773
4756,0.5836277008056641
4757,-0.16179513931274414
4758,-1.4750804901123047
4759,0.5796260833740234
4760,-0.16173744201660156
4761,-1.480428695678711
4762,0.5804538726806641
4763,-0.16325998306274414
4764,-1.475931167602539
4765,0.5674476623535156
4766,0.7732799053192139
4767,-1.4885473251342773
4768,0.5533924102783203
4769,0.7719080448150635
4770,-1.4992046356201172
4771,0.5458354949951172
4772,0.7693722248077393
4773,-1.4191484451293945
4774,0.4171028137207031
4775,-2.0969042778015137
4776,-1.4607963562011719
4777,0.35950660705566406
4778,1.888420820236206
4779,-0.993560791015625
4780,0.6007804870605469
4781,-0.1522538661956787
4782,-0.9909658432006836
4783,0.5903663635253906
4784,1.0655252933502197
4785,-0.26033592224121094
4786,0.3410911560058594
4787,-5.319536209106445
4788,-0.08367538452148438
4789,-0.013354301452636719
4790,4.250127792358398
4791,1.822845458984375
4792,0.3614025115966797
4793,-5.731531620025635
4794,2.057742118835449
4795,0.28440189361572266
4796,3.404121160507202
4797,2.473149299621582
4798,0.6349411010742188
4799,-3.581648588180542
4800,2.1911582946777344
4801,0.7168521881103516
4802,-1.313650131225586
4803,2.550553321838379
4804,0.8362960815429688
4805,-4.029094696044922
4806,2.244863510131836
4807,0.7523536682128906
4808,-1.2327079772949219
4809,2.401902198791504
4810,0.7700443267822266
4811,-3.4978854656219482
4812,2.0090904235839844
4813,0.9377593994140625
4814,-1.7698123455047607
4815,2.5629730224609375
4816,0.6621570587158203
4817,-3.277791738510132
4818,2.017322540283203
4819,0.9029445648193359
4820,-1.6433603763580322
4821,3.356095314025879
4822,-0.17316722869873047
4823,-6.981748580932617
4824,3.3529844284057617
4825,-0.5033454895019531
4826,-0.30877184867858887
4827,3.466716766357422
4828,1.5628585815429688
4829,-6.8553667068481445
4830,3.257801055908203
4831,1.1942882537841797
4832,0.03529071807861328
4833,4.389453887939453
4834,3.137676239013672
4835,-6.767704010009766
4836,4.064745903015137
4837,2.6906490325927734
4838,0.5129454135894775
4839,4.7624101638793945
4840,3.285724639892578
4841,-6.840900421142578
4842,4.412102699279785
4843,2.8476734161376953
4844,0.4862806797027588
4845,3.2206907272338867
4846,3.5251941680908203
4847,-8.822649955749512
4848,3.148895263671875
4849,3.2020645141601562
4850,-0.8951289653778076
4851,-1.1349124908447266
4852,0.20206165313720703
4853,2.7486398220062256
4854,-1.3594484329223633
4855,0.11385059356689453
4856,2.32661509513855
4857,-1.3506488800048828
4858,0.11092758178710938
4859,2.328784704208374
4860,-1.3406095504760742
4861,0.11054611206054688
4862,2.3300321102142334
4863,-1.3511219024658203
4864,0.11054039001464844
4865,2.914292097091675
4866,-1.3368816375732422
4867,0.1064748764038086
4868,2.9121134281158447
4869,-1.3231391906738281
4870,0.10529136657714844
4871,2.910235643386841
4872,-1.0517997741699219
4873,0.10396194458007812
4874,0.7527110576629639
4875,-1.0591630935668945
4876,0.04719066619873047
4877,3.4182450771331787
4878,-0.7955713272094727
4879,0.2983579635620117
4880,2.1922528743743896
4881,-0.8460884094238281
4882,0.26793670654296875
4883,2.957969903945923
4884,0.16279983520507812
4885,0.3413848876953125
4886,-2.7888951301574707
4887,0.7487649917602539
4888,0.23079872131347656
4889,4.822253227233887
4890,0.9805202484130859
4891,0.8945980072021484
4892,-4.5691328048706055
4893,1.8872413635253906
4894,0.9297580718994141
4895,5.2299604415893555
4896,0.7639684677124023
4897,1.364950180053711
4898,-4.633386135101318
4899,1.2024240493774414
4900,1.3927669525146484
4901,3.6953961849212646
4902,0.7132101058959961
4903,1.4524650573730469
4904,-5.16241979598999
4905,1.1378774642944336
4906,1.4441509246826172
4907,4.127647399902344
4908,0.6740150451660156
4909,1.4330368041992188
4910,-4.832779884338379
4911,0.9428844451904297
4912,1.4615764617919922
4913,3.8596789836883545
4914,0.6778030395507812
4915,1.3936271667480469
4916,-4.459957122802734
4917,0.9456310272216797
4918,1.4328556060791016
4919,3.6146295070648193
4920,4.0063018798828125
4921,0.1939544677734375
4922,-6.902327537536621
4923,4.147856712341309
4924,0.11258697509765625
4925,-0.3916184902191162
4926,2.5184192657470703
4927,1.7709598541259766
4928,-7.499785423278809
4929,2.7171201705932617
4930,1.7437305450439453
4931,-0.4701850414276123
4932,4.317126274108887
4933,3.1617183685302734
4934,-8.674412727355957
4935,4.182676315307617
4936,3.090484619140625
4937,-1.7987266778945923
4938,4.7799835205078125
4939,3.3654537200927734
4940,-8.800129890441895
4941,4.620987892150879
4942,3.2978057861328125
4943,-1.982811450958252
4944,3.444056510925293
4945,3.7174339294433594
4946,-10.18550968170166
4947,3.420865058898926
4948,3.4910812377929688
4949,-3.2707769870758057
4950,-0.9631986618041992
4951,-0.054279327392578125
4952,-4.561173439025879
4953,-0.9705238342285156
4954,-0.16959571838378906
4955,-5.131747722625732
4956,-0.9328374862670898
4957,-0.17013931274414062
4958,-5.1305060386657715
4959,-0.8775510787963867
4960,-0.1706705093383789
4961,-5.130825042724609
4962,-0.9945278167724609
4963,-0.1832561492919922
4964,-4.305027484893799
4965,-0.9735784530639648
4966,-0.19342327117919922
4967,-4.307465553283691
4968,-0.9537534713745117
4969,-0.2009563446044922
4970,-4.3080363273620605
4971,-0.4946870803833008
4972,-0.17847251892089844
4973,-6.388266086578369
4974,-0.5955705642700195
4975,-0.2177886962890625
4976,-2.643486499786377
4977,-0.6174240112304688
4978,0.03410530090332031
4979,-4.945721626281738
4980,-0.7192249298095703
4981,0.019559860229492188
4982,-3.86417293548584
4983,0.9109468460083008
4984,0.33960914611816406
4985,-8.184767723083496
4986,0.65228271484375
4987,0.19113540649414062
4988,0.7727148532867432
4989,1.649979591369629
4990,1.109375
4991,-7.219287395477295
4992,1.2307806015014648
4993,0.9933929443359375
4994,3.0374820232391357
4995,0.2978496551513672
4996,1.4874763488769531
4997,-4.809486389160156
4998,0.013441085815429688
4999,1.4552440643310547
5000,1.0881845951080322
5001,0.029120445251464844
5002,1.6015281677246094
5003,-5.9442901611328125
5004,-0.26561927795410156
5005,1.525888442993164
5006,1.448249101638794
5007,-0.014716148376464844
5008,1.4911079406738281
5009,-5.457336902618408
5010,-0.3861122131347656
5011,1.5223712921142578
5012,0.4045073986053467
5013,0.06408977508544922
5014,1.4650402069091797
5015,-4.754145622253418
5016,-0.2915372848510742
5017,1.490234375
5018,0.66050124168396
5019,4.477246284484863
5020,0.5053062438964844
5021,-6.932737827301025
5022,4.112947463989258
5023,0.32713890075683594
5024,-0.3584418296813965
5025,2.3543882369995117
5026,1.8524055480957031
5027,-8.354058265686035
5028,2.036942481994629
5029,1.6746234893798828
5030,-0.5904340744018555
5031,4.237215995788574
5032,3.1397838592529297
5033,-7.61381721496582
5034,4.043503761291504
5035,3.0505809783935547
5036,-0.35468292236328125
5037,4.686758995056152
5038,3.3237857818603516
5039,-7.4759840965271
5040,4.433350563049316
5041,3.2530040740966797
5042,-0.3547332286834717
5043,3.395254135131836
5044,3.686891555786133
5045,-9.163490295410156
5046,3.1958580017089844
5047,3.5270538330078125
5048,-1.8173933029174805
5049,-0.6837215423583984
5050,-0.2069540023803711
5051,-5.218931198120117
5052,-0.667140007019043
5053,-0.33281612396240234
5054,-5.968860626220703
5055,-0.6312332153320312
5056,-0.33391761779785156
5057,-5.96734619140625
5058,-0.5925493240356445
5059,-0.33304595947265625
5060,-5.967421531677246
5061,-0.6849193572998047
5062,-0.34650611877441406
5063,-5.1615729331970215
5064,-0.659916877746582
5065,-0.3573579788208008
5066,-5.164099216461182
5067,-0.6299505233764648
5068,-0.3769664764404297
5069,-5.164224624633789
5070,-0.22754764556884766
5071,-0.35882568359375
5072,-7.816080093383789
5073,-0.3053550720214844
5074,-0.41355419158935547
5075,-4.162400722503662
5076,-0.3649301528930664
5077,-0.12550735473632812
5078,-5.768398284912109
5079,-0.3915386199951172
5080,-0.15430259704589844
5081,-4.713738441467285
5082,1.1003942489624023
5083,0.28089332580566406
5084,-9.461758613586426
5085,0.933110237121582
5086,0.018535614013671875
5087,-1.1784627437591553
5088,1.2984199523925781
5089,1.2217636108398438
5090,-7.332854270935059
5091,0.8515233993530273
5092,0.8343467712402344
5093,1.5629870891571045
5094,-0.44579505920410156
5095,1.3378009796142578
5096,-3.571536064147949
5097,-0.49585437774658203
5098,1.2583198547363281
5099,1.0565078258514404
5100,-0.6899127960205078
5101,1.4071311950683594
5102,-4.27121639251709
5103,-0.8052530288696289
5104,1.3141403198242188
5105,1.4369800090789795
5106,-0.7911109924316406
5107,1.3101825714111328
5108,-4.228293418884277
5109,-0.8121509552001953
5110,1.2984848022460938
5111,0.4963643550872803
5112,-0.6551017761230469
5113,1.2707710266113281
5114,-3.5034329891204834
5115,-0.7310266494750977
5116,1.2717533111572266
5117,0.6998326778411865
5118,4.771944046020508
5119,0.5970478057861328
5120,-6.902915954589844
5121,4.2963104248046875
5122,0.3395118713378906
5123,-0.3876676559448242
5124,2.531313896179199
5125,1.8910846710205078
5126,-8.091201782226562
5127,2.2895803451538086
5128,1.7012786865234375
5129,-0.8244011402130127
5130,4.20290470123291
5131,3.1603565216064453
5132,-5.908161163330078
5133,4.040248870849609
5134,3.0117530822753906
5135,0.07559800148010254
5136,4.65092658996582
5137,3.3728103637695312
5138,-5.716246604919434
5139,4.492256164550781
5140,3.2059669494628906
5141,0.1481468677520752
5142,2.951300621032715
5143,3.6407699584960938
5144,-7.464255332946777
5145,3.0936546325683594
5146,3.449583053588867
5147,-1.0513660907745361
