,0
0,-1.2860040664672852
1,-4.506547927856445
2,-5.622237205505371
3,-1.0187931060791016
4,-4.722633361816406
5,-6.600014686584473
6,-0.9575881958007812
7,-4.721260070800781
8,-6.60283088684082
9,-0.8995389938354492
10,-4.721736907958984
11,-6.60377311706543
12,-1.0639524459838867
13,-4.738254547119141
14,-5.131804943084717
15,-1.0339221954345703
16,-4.745777130126953
17,-5.129234790802002
18,-1.0037212371826172
19,-4.754587173461914
20,-5.128934383392334
21,-0.4738883972167969
22,-4.62384033203125
23,-8.957571029663086
24,-0.5599393844604492
25,-4.649972915649414
26,-2.395634174346924
27,-1.1617870330810547
28,-4.298797607421875
29,-6.316186904907227
30,-1.2253522872924805
31,-4.301061630249023
32,-4.411194801330566
33,-0.5214004516601562
34,-3.571277618408203
35,-13.471771240234375
36,-0.0730752944946289
37,-3.283794403076172
38,2.6306285858154297
39,-3.1009225845336914
40,-2.395000457763672
41,-15.535005569458008
42,-1.6290407180786133
43,-2.197713851928711
44,4.626147747039795
45,-6.36073112487793
46,-1.9452037811279297
47,-13.617795944213867
48,-4.256810188293457
49,-1.8521499633789062
50,1.7930564880371094
51,-6.888102054595947
52,-2.010669708251953
53,-15.153608322143555
54,-4.6283111572265625
55,-1.8450088500976562
56,1.9708209037780762
57,-6.875595569610596
58,-2.1911582946777344
59,-14.284225463867188
60,-5.049341201782227
61,-1.951833724975586
62,0.3322463035583496
63,-6.645554542541504
64,-2.091411590576172
65,-13.211963653564453
66,-4.662622451782227
67,-1.9048271179199219
68,1.002612590789795
69,-0.08011627197265625
70,0.008312225341796875
71,-10.22047233581543
72,0.0
73,0.0
74,0.0
75,-0.652928352355957
76,2.8876209259033203
77,-9.43028450012207
78,-0.38730525970458984
79,2.7268733978271484
80,1.6870450973510742
81,-0.3675975799560547
82,5.788393020629883
83,-8.094366073608398
84,-0.5513553619384766
85,5.196445465087891
86,3.9836955070495605
87,0.13442611694335938
88,6.1300048828125
89,-8.082143783569336
90,-0.15678882598876953
91,5.783975601196289
92,4.106823444366455
93,-2.6357784271240234
94,6.009635925292969
95,-11.328601837158203
96,-2.4808645248413086
97,5.617832183837891
98,1.9151287078857422
99,-1.312164306640625
100,-4.504484176635742
101,-5.5362229347229
102,-1.0465917587280273
103,-4.722505569458008
104,-6.527271270751953
105,-0.9880294799804688
106,-4.721258163452148
107,-6.530109882354736
108,-0.9330015182495117
109,-4.721792221069336
110,-6.531032085418701
111,-1.0789155960083008
112,-4.737480163574219
113,-5.046350002288818
114,-1.0442314147949219
115,-4.744955062866211
116,-5.044228553771973
117,-1.0106706619262695
118,-4.7537384033203125
119,-5.044053554534912
120,-0.5049285888671875
121,-4.623542785644531
122,-8.957046508789062
123,-0.5607872009277344
124,-4.649562835693359
125,-2.364762306213379
126,-1.1832666397094727
127,-4.292991638183594
128,-6.2742390632629395
129,-1.23614501953125
130,-4.296175003051758
131,-4.353522300720215
132,-0.5379037857055664
133,-3.5662670135498047
134,-13.486825942993164
135,-0.040030479431152344
136,-3.284515380859375
137,2.6395058631896973
138,-3.098496437072754
139,-2.342275619506836
140,-15.463058471679688
141,-1.0139265060424805
142,-1.9900531768798828
143,4.625805377960205
144,-6.210395812988281
145,-1.9507408142089844
146,-13.229972839355469
147,-2.6564712524414062
148,-0.9971694946289062
149,1.7033915519714355
150,-6.865448951721191
151,-1.9763317108154297
152,-14.639535903930664
153,-2.881296157836914
154,-0.8556156158447266
155,1.849104881286621
156,-6.902865886688232
157,-2.190011978149414
158,-13.889564514160156
159,-3.079281806945801
160,-0.8911952972412109
161,0.2830052375793457
162,-6.627743721008301
163,-2.095560073852539
164,-12.834108352661133
165,-2.9882373809814453
166,-0.930908203125
167,0.9462194442749023
168,-0.08879947662353516
169,0.009759902954101562
170,-10.22049331665039
171,0.02252483367919922
172,0.000385284423828125
173,-1.0013580322265625e-05
174,-0.6741762161254883
175,2.8876113891601562
176,-9.489019393920898
177,-0.4572916030883789
178,2.7129173278808594
179,1.8841605186462402
180,-0.36336231231689453
181,5.782558441162109
182,-8.465877532958984
183,-0.5522794723510742
184,5.19024658203125
185,4.408393383026123
186,0.14119720458984375
187,6.129251480102539
188,-8.48487377166748
189,-0.15292930603027344
190,5.761739730834961
191,4.556192874908447
192,-2.607686996459961
193,6.010465621948242
194,-11.792418479919434
195,-2.4901275634765625
196,5.558553695678711
197,2.5888829231262207
198,-1.397653579711914
199,-4.500701904296875
200,-4.964763164520264
201,-1.1315326690673828
202,-4.721256256103516
203,-5.960845947265625
204,-1.0842523574829102
205,-4.720592498779297
206,-5.963285446166992
207,-1.0403776168823242
208,-4.7215118408203125
209,-5.9639363288879395
210,-1.1343212127685547
211,-4.73390007019043
212,-4.44072151184082
213,-1.0890283584594727
214,-4.740459442138672
215,-4.438901901245117
216,-1.046548843383789
217,-4.74839973449707
218,-4.440412998199463
219,-0.646697998046875
220,-4.620731353759766
221,-8.680671691894531
222,-0.6005373001098633
223,-4.643793106079102
224,-1.9113874435424805
225,-1.2652826309204102
226,-4.286500930786133
227,-5.814174175262451
228,-1.2908096313476562
229,-4.288362503051758
230,-3.844616174697876
231,-0.5764560699462891
232,-3.524965286254883
233,-13.231576919555664
234,0.03666496276855469
235,-3.2564239501953125
236,2.644413471221924
237,-3.035445213317871
238,-2.2316513061523438
239,-15.309364318847656
240,0.45793914794921875
241,-1.5955276489257812
242,4.29136323928833
243,-5.982011795043945
244,-1.8319072723388672
245,-13.620365142822266
246,0.735102653503418
247,0.08903694152832031
248,1.7006402015686035
249,-6.643050193786621
250,-1.9207286834716797
251,-14.725738525390625
252,0.711761474609375
253,0.4092140197753906
254,1.8953790664672852
255,-6.6030049324035645
256,-2.1385879516601562
257,-14.169332504272461
258,0.3607797622680664
259,0.4197883605957031
260,0.5942397117614746
261,-6.292093276977539
262,-2.0009231567382812
263,-13.265090942382812
264,0.34077930450439453
265,0.3356742858886719
266,0.9987072944641113
267,-0.08439445495605469
268,0.009639739990234375
269,-10.249011993408203
270,0.15112876892089844
271,0.000415802001953125
272,0.026944637298583984
273,-0.7270240783691406
274,2.8837051391601562
275,-9.571535110473633
276,-0.4954099655151367
277,2.7178916931152344
278,1.0398883819580078
279,-0.35956859588623047
280,5.774274826049805
281,-8.438697814941406
282,-0.5366687774658203
283,5.202629089355469
284,3.3820691108703613
285,0.15324974060058594
286,6.118978500366211
287,-8.44687557220459
288,-0.13498687744140625
289,5.754903793334961
290,3.4914889335632324
291,-2.5973596572875977
292,6.012928009033203
293,-11.729005813598633
294,-2.4934778213500977
295,5.560207366943359
296,1.405181884765625
297,-1.5005683898925781
298,-4.466590881347656
299,-4.326902389526367
300,-1.2331819534301758
301,-4.681222915649414
302,-5.261415004730225
303,-1.1939706802368164
304,-4.682407379150391
305,-5.263233661651611
306,-1.155954360961914
307,-4.684324264526367
308,-5.263171672821045
309,-1.213430404663086
310,-4.689817428588867
311,-3.827761650085449
312,-1.159555435180664
313,-4.6957855224609375
314,-3.8260693550109863
315,-1.1074542999267578
316,-4.702280044555664
317,-3.8282108306884766
318,-0.775202751159668
319,-4.572629928588867
320,-7.983381271362305
321,-0.6640357971191406
322,-4.589550018310547
323,-1.5828418731689453
324,-1.3768863677978516
325,-4.248373031616211
326,-5.190704822540283
327,-1.3770322799682617
328,-4.251567840576172
329,-3.334840774536133
330,-0.6812753677368164
331,-3.4457664489746094
332,-12.631279945373535
333,0.08225059509277344
334,-3.203798294067383
335,2.643651008605957
336,-2.755971908569336
337,-2.051351547241211
338,-15.04345703125
339,0.8961153030395508
340,-1.5358257293701172
341,4.6134724617004395
342,-5.550909042358398
343,-1.4059734344482422
344,-14.050771713256836
345,0.7109489440917969
346,-0.06489181518554688
347,3.351959705352783
348,-6.260344982147217
349,-1.311178207397461
350,-14.971048355102539
351,0.8447093963623047
352,0.3879871368408203
353,3.806776523590088
354,-6.291790962219238
355,-1.4690608978271484
356,-14.436878204345703
357,0.5162601470947266
358,0.2690906524658203
359,2.6790361404418945
360,-6.072370529174805
361,-1.4586830139160156
362,-13.677070617675781
363,0.4814739227294922
364,0.1630859375
365,2.85243558883667
366,-0.070465087890625
367,0.06136322021484375
368,-10.205533981323242
369,0.2618989944458008
370,0.0466766357421875
371,-0.02071094512939453
372,-0.8976221084594727
373,2.8857765197753906
374,-9.730260848999023
375,-0.6300497055053711
376,2.7228622436523438
377,0.6527538299560547
378,-0.3555021286010742
379,5.764646530151367
380,-8.79713249206543
381,-0.5358762741088867
382,5.178287506103516
383,3.439598560333252
384,0.15595436096191406
385,6.106348037719727
386,-8.787802696228027
387,-0.12177085876464844
388,5.735298156738281
389,3.5922961235046387
390,-2.59763240814209
391,6.011255264282227
392,-11.763916015625
393,-2.464362144470215
394,5.561452865600586
395,1.601959228515625
396,-1.5808067321777344
397,-4.375957489013672
398,-4.306450366973877
399,-1.3331880569458008
400,-4.589691162109375
401,-5.264451503753662
402,-1.3015155792236328
403,-4.59254264831543
404,-5.265857219696045
405,-1.2702255249023438
406,-4.595418930053711
407,-5.265468120574951
408,-1.3016462326049805
409,-4.591712951660156
410,-3.7631442546844482
411,-1.2458410263061523
412,-4.595224380493164
413,-3.7615647315979004
414,-1.1893291473388672
415,-4.598745346069336
416,-3.7627999782562256
417,-0.9080638885498047
418,-4.475505828857422
419,-7.975367546081543
420,-0.7656402587890625
421,-4.482109069824219
422,-1.3073763847351074
423,-1.465651512145996
424,-4.146429061889648
425,-5.173398017883301
426,-1.4513931274414062
427,-4.149272918701172
428,-3.2380661964416504
429,-0.7857561111450195
430,-3.3422889709472656
431,-12.76341724395752
432,0.0790853500366211
433,-3.067413330078125
434,3.5270323753356934
435,-2.6301612854003906
436,-1.7305793762207031
437,-14.800119400024414
438,0.30148887634277344
439,-1.429117202758789
440,5.728587627410889
441,-5.138749122619629
442,-0.8146018981933594
443,-12.919319152832031
444,-0.0587158203125
445,-0.1660327911376953
446,3.4162650108337402
447,-5.710689544677734
448,-0.5766105651855469
449,-14.130224227905273
450,0.2598695755004883
451,0.076019287109375
452,3.727562427520752
453,-5.7873945236206055
454,-0.6957740783691406
455,-13.556665420532227
456,-0.40215015411376953
457,0.04134368896484375
458,2.3055968284606934
459,-5.64925479888916
460,-0.7484626770019531
461,-12.564266204833984
462,-0.012332916259765625
463,-0.027795791625976562
464,2.749040126800537
465,-0.05267143249511719
466,0.1064300537109375
467,-10.224443435668945
468,0.35832881927490234
469,0.10710525512695312
470,-0.0016598701477050781
471,-1.1726932525634766
472,2.8737220764160156
473,-10.043481826782227
474,-0.9148349761962891
475,2.725543975830078
476,-0.011661529541015625
477,-0.3461580276489258
478,5.760072708129883
479,-8.717130661010742
480,-0.47359180450439453
481,5.308956146240234
482,2.1296486854553223
483,0.19455432891845703
484,6.106224060058594
485,-8.697299003601074
486,-0.017495155334472656
487,5.809284210205078
488,2.2283883094787598
489,-2.6334476470947266
490,6.0322418212890625
491,-11.597763061523438
492,-2.465404510498047
493,5.689781188964844
494,0.2952580451965332
495,-1.6471233367919922
496,-4.228879928588867
497,-4.455084323883057
498,-1.4085016250610352
499,-4.434598922729492
500,-5.3776469230651855
501,-1.386000633239746
502,-4.437793731689453
503,-5.3792033195495605
504,-1.3654518127441406
505,-4.440273284912109
506,-5.3786940574646
507,-1.360020637512207
508,-4.433195114135742
509,-3.906278610229492
510,-1.301222801208496
511,-4.434841156005859
512,-3.904784679412842
513,-1.2447996139526367
514,-4.435253143310547
515,-3.9060873985290527
516,-1.0590095520019531
517,-4.323070526123047
518,-7.951014041900635
519,-0.8552913665771484
520,-4.318696975708008
521,-1.4452791213989258
522,-1.5587377548217773
523,-4.001426696777344
524,-5.277993202209473
525,-1.5256319046020508
526,-4.004238128662109
527,-3.3822572231292725
528,-1.0293989181518555
529,-3.2190704345703125
530,-12.845544815063477
531,0.10381317138671875
532,-2.9111785888671875
533,3.559422016143799
534,-2.3056907653808594
535,-1.433725357055664
536,-14.872180938720703
537,-0.0348663330078125
538,-1.1449813842773438
539,5.525325298309326
540,-4.409326553344727
541,0.019695281982421875
542,-13.067035675048828
543,-0.1804656982421875
544,-0.0053577423095703125
545,3.3934903144836426
546,-4.93522834777832
547,0.3179149627685547
548,-14.319208145141602
549,-0.07791709899902344
550,0.43430328369140625
551,3.7620224952697754
552,-5.063656806945801
553,0.25563812255859375
554,-13.701025009155273
555,-2.9775218963623047
556,0.2731666564941406
557,2.4081616401672363
558,-4.910066604614258
559,0.18439483642578125
560,-12.705538749694824
561,-1.9911003112792969
562,0.20492935180664062
563,2.7473745346069336
564,-0.05933952331542969
565,0.2501354217529297
566,-10.214212417602539
567,0.38958072662353516
568,0.2407093048095703
569,-0.01223897933959961
570,-1.3239192962646484
571,2.876466751098633
572,-9.973298072814941
573,-1.090224266052246
574,2.7259483337402344
575,-0.48288631439208984
576,-0.3328971862792969
577,5.756988525390625
578,-7.895791053771973
579,-0.47153472900390625
580,5.313331604003906
581,2.166430950164795
582,0.20578479766845703
583,6.104780197143555
584,-7.764138221740723
585,0.026397705078125
586,5.825481414794922
587,2.315455436706543
588,-2.6135711669921875
589,6.0337982177734375
590,-10.247088432312012
591,-2.427676200866699
592,5.699384689331055
593,0.5134592056274414
594,-1.7463674545288086
595,-4.051450729370117
596,-4.574313640594482
597,-1.5146245956420898
598,-4.238286972045898
599,-5.509792327880859
600,-1.5012311935424805
601,-4.241903305053711
602,-5.511748313903809
603,-1.4918174743652344
604,-4.244747161865234
605,-5.511609077453613
606,-1.4511537551879883
607,-4.235958099365234
608,-4.01897668838501
609,-1.3913002014160156
610,-4.236991882324219
611,-4.017103672027588
612,-1.3377151489257812
613,-4.236688613891602
614,-4.017355918884277
615,-1.2408952713012695
616,-4.134117126464844
617,-8.102466583251953
618,-0.977299690246582
619,-4.129884719848633
620,-2.0164949893951416
621,-1.6718339920043945
622,-3.832578659057617
623,-5.335989952087402
624,-1.6186437606811523
625,-3.8296756744384766
626,-3.476825714111328
627,-1.254281997680664
628,-2.971311569213867
629,-13.562570571899414
630,0.101226806640625
631,-2.7270965576171875
632,2.8869099617004395
633,-2.080315589904785
634,-0.9431076049804688
635,-15.642007827758789
636,0.23137855529785156
637,-0.8725357055664062
638,4.449523448944092
639,-3.7024526596069336
640,0.7010097503662109
641,-14.120637893676758
642,-0.38635921478271484
643,0.32825660705566406
644,3.0398001670837402
645,-3.9893264770507812
646,1.1356182098388672
647,-15.363973617553711
648,-0.4575614929199219
649,0.6660995483398438
650,3.6709694862365723
651,-4.144318580627441
652,1.130472183227539
653,-14.927066802978516
654,-1.021357536315918
655,0.6362190246582031
656,2.0446009635925293
657,-4.0316877365112305
658,0.9980392456054688
659,-13.854728698730469
660,-0.8791427612304688
661,0.5305233001708984
662,2.6381149291992188
663,-0.05832386016845703
664,0.5831012725830078
665,-10.260276794433594
666,0.4029884338378906
667,0.5344219207763672
668,0.033496856689453125
669,-1.4163637161254883
670,3.059886932373047
671,-9.581881523132324
672,-1.350255012512207
673,2.825620651245117
674,-0.10849237442016602
675,-0.3319826126098633
676,5.802347183227539
677,-7.004559516906738
678,-0.4907360076904297
679,5.380374908447266
680,2.9409804344177246
681,0.2133636474609375
682,6.121257781982422
683,-6.886587142944336
684,0.025000572204589844
685,5.843528747558594
686,3.2316479682922363
687,-2.6111812591552734
688,6.08946418762207
689,-9.667344093322754
690,-2.4861650466918945
691,5.7957000732421875
692,1.7599244117736816
693,-1.9209661483764648
694,-3.829092025756836
695,-4.82417106628418
696,-1.701333999633789
697,-4.036106109619141
698,-5.818059921264648
699,-1.6959953308105469
700,-4.037260055541992
701,-5.818661689758301
702,-1.6953802108764648
703,-4.03782844543457
704,-5.819561958312988
705,-1.620732307434082
706,-4.040124893188477
707,-4.476213455200195
708,-1.5578088760375977
709,-4.042507171630859
710,-4.475278854370117
711,-1.504434585571289
712,-4.043352127075195
713,-4.478085517883301
714,-1.4584617614746094
715,-3.938669204711914
716,-8.966794967651367
717,-1.1403264999389648
718,-3.941831588745117
719,-3.194983959197998
720,-1.8558588027954102
721,-3.616485595703125
722,-5.838980674743652
723,-1.7836246490478516
724,-3.6147632598876953
725,-4.152630805969238
726,-1.4426097869873047
727,-2.7049331665039062
728,-14.199712753295898
729,0.11439895629882812
730,-2.594667434692383
731,1.1691584587097168
732,-1.6813421249389648
733,-0.6690273284912109
734,-15.99476432800293
735,0.4967470169067383
736,-0.8066387176513672
737,2.4987845420837402
738,-2.417329788208008
739,1.1138324737548828
740,-14.119670867919922
741,0.1012277603149414
742,0.4366035461425781
743,1.3088188171386719
744,-2.540189743041992
745,1.5874481201171875
746,-15.319337844848633
747,0.08880043029785156
748,0.7454605102539062
749,1.9053645133972168
750,-2.6903724670410156
751,1.6308345794677734
752,-14.857133865356445
753,-0.24052143096923828
754,0.7543830871582031
755,0.7127351760864258
756,-2.528352737426758
757,1.4354381561279297
758,-13.859046936035156
759,-0.2384204864501953
760,0.6538715362548828
761,0.8113236427307129
762,-0.10121536254882812
763,0.7655696868896484
764,-10.159300804138184
765,0.5190391540527344
766,0.6985683441162109
767,-0.06603431701660156
768,-1.4337129592895508
769,3.2350387573242188
770,-8.494146347045898
771,-1.2453880310058594
772,2.946849822998047
773,0.5202932357788086
774,-0.33798885345458984
775,5.845315933227539
776,-5.812339782714844
777,-0.4910421371459961
778,5.42207145690918
779,4.07653284072876
780,0.16431140899658203
781,6.143024444580078
782,-5.702789306640625
783,-0.0231781005859375
784,5.841642379760742
785,4.329611301422119
786,-2.4730892181396484
787,6.245449066162109
788,-8.264538764953613
789,-2.455018997192383
790,5.786766052246094
791,2.8691487312316895
792,-2.134505271911621
793,-3.621135711669922
794,-4.430138111114502
795,-1.9349088668823242
796,-3.8486061096191406
797,-5.508223533630371
798,-1.9187793731689453
799,-3.8510780334472656
800,-5.508708953857422
801,-1.9084243774414062
802,-3.852731704711914
803,-5.510242938995361
804,-1.881627082824707
805,-3.8553905487060547
806,-4.187748908996582
807,-1.7913684844970703
808,-3.8636474609375
809,-4.186727046966553
810,-1.7299671173095703
811,-3.8685531616210938
812,-4.190515518188477
813,-1.590296745300293
814,-3.763845443725586
815,-8.899703979492188
816,-1.3044557571411133
817,-3.778614044189453
818,-2.9925663471221924
819,-2.0080204010009766
820,-3.416444778442383
821,-5.580667018890381
822,-1.9574222564697266
823,-3.4119338989257812
824,-3.922128915786743
825,-1.5173625946044922
826,-2.6309452056884766
827,-13.982757568359375
828,0.2298603057861328
829,-2.5345306396484375
830,0.9784960746765137
831,-1.1195964813232422
832,-0.7229747772216797
833,-16.031986236572266
834,1.1105260848999023
835,-0.8520107269287109
836,2.087527275085449
837,-0.8618335723876953
838,1.1674880981445312
839,-14.963579177856445
840,0.7013816833496094
841,0.6068801879882812
842,0.7934017181396484
843,-0.7940349578857422
844,1.6256523132324219
845,-16.13284683227539
846,0.7345790863037109
847,1.003570556640625
848,1.374647617340088
849,-0.8401632308959961
850,1.6668663024902344
851,-15.666620254516602
852,0.4967966079711914
853,1.090169906616211
854,0.23997116088867188
855,-0.8310565948486328
856,1.4876136779785156
857,-14.739551544189453
858,0.40708351135253906
859,0.9240531921386719
860,0.2621607780456543
861,-0.10112380981445312
862,0.9479598999023438
863,-10.103302001953125
864,0.6957616806030273
865,0.8229732513427734
866,-0.12046670913696289
867,-1.4697065353393555
868,3.3256301879882812
869,-8.073070526123047
870,-1.2201662063598633
871,3.018125534057617
872,1.8135108947753906
873,-0.3972511291503906
874,5.844245910644531
875,-5.5356125831604
876,-0.5330934524536133
877,5.288171768188477
878,6.220803737640381
879,0.13960933685302734
880,6.156646728515625
881,-5.440536975860596
882,-0.09466361999511719
883,5.682195663452148
884,6.5746750831604
885,-2.5176448822021484
886,6.19219970703125
887,-7.909578800201416
888,-2.528315544128418
889,5.6345672607421875
890,5.423710346221924
891,-2.455301284790039
892,-3.587953567504883
893,-4.501452922821045
894,-2.1884307861328125
895,-3.7924747467041016
896,-5.564084053039551
897,-2.1525487899780273
898,-3.7933616638183594
899,-5.564863681793213
900,-2.121631622314453
901,-3.7927780151367188
902,-5.566025257110596
903,-2.1487884521484375
904,-3.7978439331054688
905,-4.215803146362305
906,-2.078031539916992
907,-3.802400588989258
908,-4.214635372161865
909,-2.0034170150756836
910,-3.8069305419921875
911,-4.217881202697754
912,-1.7363643646240234
913,-3.6846179962158203
914,-8.71750259399414
915,-1.520975112915039
916,-3.707805633544922
917,-2.9212899208068848
918,-2.2703256607055664
919,-3.3691062927246094
920,-5.594486236572266
921,-2.2430152893066406
922,-3.365856170654297
923,-3.918628692626953
924,-1.584334373474121
925,-2.596761703491211
926,-13.137588500976562
927,-0.01393890380859375
928,-2.533855438232422
929,1.3754277229309082
930,-0.6145191192626953
931,-0.8196964263916016
932,-14.867883682250977
933,1.0492439270019531
934,-0.9563999176025391
935,2.2868733406066895
936,0.13043880462646484
937,0.7779350280761719
938,-14.249801635742188
939,1.377345085144043
940,0.5650577545166016
941,0.5921182632446289
942,0.539764404296875
943,1.1974735260009766
944,-15.172384262084961
945,1.4610652923583984
946,0.9160709381103516
947,1.1470222473144531
948,0.4626321792602539
949,1.1890277862548828
950,-14.811223983764648
951,1.357412338256836
952,0.9540977478027344
953,0.029825210571289062
954,0.1933765411376953
955,1.0385360717773438
956,-14.155656814575195
957,1.3014450073242188
958,0.8690986633300781
959,0.06109762191772461
960,-0.013758659362792969
961,0.8435840606689453
962,-10.063873291015625
963,0.6964263916015625
964,0.7086257934570312
965,-0.1575326919555664
966,-1.4567451477050781
967,3.3154525756835938
968,-8.929909706115723
969,-1.1762924194335938
970,2.9933624267578125
971,0.21240568161010742
972,-0.3757200241088867
973,5.849092483520508
974,-7.267098426818848
975,-0.5498428344726562
976,5.274511337280273
977,3.194741725921631
978,0.16040706634521484
979,6.164215087890625
980,-7.2499518394470215
981,-0.09486770629882812
982,5.635494232177734
983,3.383643627166748
984,-2.5177907943725586
985,6.186643600463867
986,-9.514913558959961
987,-2.522125244140625
988,5.630903244018555
989,2.0845723152160645
990,-2.6987380981445312
991,-3.529949188232422
992,-4.547457695007324
993,-2.41335391998291
994,-3.725584030151367
995,-5.584042549133301
996,-2.3723926544189453
997,-3.722332000732422
998,-5.584751605987549
999,-2.335822105407715
1000,-3.718141555786133
1001,-5.585934638977051
1002,-2.3830366134643555
1003,-3.7385635375976562
1004,-4.21302604675293
1005,-2.3192310333251953
1006,-3.7432327270507812
1007,-4.211703300476074
1008,-2.256802558898926
1009,-3.748289108276367
1010,-4.214904308319092
1011,-1.9591569900512695
1012,-3.6084976196289062
1013,-8.306374549865723
1014,-1.7804746627807617
1015,-3.650350570678711
1016,-2.24581241607666
1017,-2.527909278869629
1018,-3.3022193908691406
1019,-5.58536434173584
1020,-2.509396553039551
1021,-3.3095436096191406
1022,-3.8686954975128174
1023,-1.6881418228149414
1024,-2.5712432861328125
1025,-12.1748046875
1026,-0.5201292037963867
1027,-2.5383033752441406
1028,1.5982704162597656
1029,0.20966720581054688
1030,-0.9878978729248047
1031,-15.874418258666992
1032,1.4148683547973633
1033,-1.1682758331298828
1034,5.577277660369873
1035,2.390557289123535
1036,0.5582447052001953
1037,-19.992101669311523
1038,3.2519540786743164
1039,0.06398963928222656
1040,8.135335922241211
1041,3.094710350036621
1042,0.6908302307128906
1043,-21.48995590209961
1044,3.812911033630371
1045,0.35858917236328125
1046,9.232242584228516
1047,3.039271354675293
1048,0.8253822326660156
1049,-21.107385635375977
1050,3.653195381164551
1051,0.20454025268554688
1052,8.304853439331055
1053,2.750979423522949
1054,0.6651573181152344
1055,-19.92569351196289
1056,3.316451072692871
1057,0.15266036987304688
1058,7.850310802459717
1059,0.15802955627441406
1060,0.7713184356689453
1061,-10.066847801208496
1062,0.6842660903930664
1063,0.6627368927001953
1064,-0.1546645164489746
1065,-1.4994945526123047
1066,3.290670394897461
1067,-10.671478271484375
1068,-1.1680784225463867
1069,2.930837631225586
1070,-0.5808629989624023
1071,-0.3756704330444336
1072,5.842929840087891
1073,-9.486291885375977
1074,-0.5270442962646484
1075,5.18781852722168
1076,2.5290112495422363
1077,0.1644430160522461
1078,6.156126022338867
1079,-9.4217529296875
1080,-0.044112205505371094
1081,5.428112030029297
1082,2.709883689880371
1083,-2.433712959289551
1084,6.1757354736328125
1085,-12.100495338439941
1086,-2.206808090209961
1087,5.613515853881836
1088,1.1392641067504883
1089,-2.8832483291625977
1090,-3.4349021911621094
1091,-6.260437965393066
1092,-2.5897693634033203
1093,-3.6359901428222656
1094,-7.141060829162598
1095,-2.539248466491699
1096,-3.6360397338867188
1097,-7.1419477462768555
1098,-2.4928712844848633
1099,-3.634807586669922
1100,-7.1448283195495605
1101,-2.584308624267578
1102,-3.6485843658447266
1103,-5.661333084106445
1104,-2.530200958251953
1105,-3.6566314697265625
1106,-5.659483909606934
1107,-2.4774742126464844
1108,-3.6649742126464844
1109,-5.66071891784668
1110,-2.0624561309814453
1111,-3.5418567657470703
1112,-9.425032615661621
1113,-1.9643020629882812
1114,-3.5777587890625
1115,-2.8461577892303467
1116,-2.6996192932128906
1117,-3.224912643432617
1118,-7.023146629333496
1119,-2.7135238647460938
1120,-3.2336254119873047
1121,-5.119513034820557
1122,-1.7149028778076172
1123,-2.5496749877929688
1124,-12.505329132080078
1125,-0.7597599029541016
1126,-2.4866771697998047
1127,1.004650592803955
1128,1.3144359588623047
1129,-1.1632804870605469
1130,-16.64886474609375
1131,1.7960844039916992
1132,-1.5064582824707031
1133,5.576829433441162
1134,4.055697441101074
1135,-0.6439189910888672
1136,-20.707263946533203
1137,4.40206241607666
1138,-0.6658172607421875
1139,8.707145690917969
1140,4.7082929611206055
1141,-0.7048130035400391
1142,-22.280597686767578
1143,5.158774375915527
1144,-0.48696136474609375
1145,9.723443984985352
1146,4.783261299133301
1147,-0.6946563720703125
1148,-22.111522674560547
1149,5.054627418518066
1150,-0.46750640869140625
1151,9.067178726196289
1152,4.681046485900879
1153,-0.6840667724609375
1154,-20.747678756713867
1155,4.763585090637207
1156,-0.5239677429199219
1157,8.535511016845703
1158,0.3172645568847656
1159,0.7465915679931641
1160,-10.205709457397461
1161,0.6957759857177734
1162,0.6243305206298828
1163,-0.015610694885253906
1164,-1.6558523178100586
1165,3.1205387115478516
1166,-10.798225402832031
1167,-1.3159446716308594
1168,2.647045135498047
1169,-0.19597291946411133
1170,-0.37328243255615234
1171,5.743816375732422
1172,-8.783286094665527
1173,-0.24821758270263672
1174,4.694223403930664
1175,5.130720615386963
1176,0.24205303192138672
1177,6.087760925292969
1178,-8.671480178833008
1179,0.3481407165527344
1180,4.9357452392578125
1181,5.490782260894775
1182,-2.2223339080810547
1183,6.158517837524414
1184,-11.403446197509766
1185,-1.5134687423706055
1186,5.408447265625
1187,4.219366550445557
1188,-3.038323402404785
1189,-3.3707637786865234
1190,-6.332205295562744
1191,-2.7309188842773438
1192,-3.576051712036133
1193,-7.112152099609375
1194,-2.669316291809082
1195,-3.579103469848633
1196,-7.113626480102539
1197,-2.614603042602539
1198,-3.580169677734375
1199,-7.11670446395874
1200,-2.7362890243530273
1201,-3.577259063720703
1202,-5.658901214599609
1203,-2.6807689666748047
1204,-3.5811214447021484
1205,-5.656847953796387
1206,-2.629426956176758
1207,-3.5846080780029297
1208,-5.658384799957275
1209,-2.1375932693481445
1210,-3.4921722412109375
1211,-9.229360580444336
1212,-2.101529121398926
1213,-3.503530502319336
1214,-2.792212724685669
1215,-2.850738525390625
1216,-3.1660385131835938
1217,-6.926039695739746
1218,-2.8736562728881836
1219,-3.1579132080078125
1220,-5.042360782623291
1221,-1.6484308242797852
1222,-2.567018508911133
1223,-11.636178970336914
1224,-1.0955848693847656
1225,-2.3822898864746094
1226,1.1679763793945312
1227,1.9698476791381836
1228,-1.91998291015625
1229,-16.42525291442871
1230,0.9301738739013672
1231,-1.253347396850586
1232,5.765937328338623
1233,4.77243709564209
1234,-1.8947029113769531
1235,-20.113237380981445
1236,3.2165002822875977
1237,-0.11245536804199219
1238,7.198286533355713
1239,5.449887275695801
1240,-2.07476806640625
1241,-21.6765079498291
1242,3.7796010971069336
1243,0.20198822021484375
1244,8.114652633666992
1245,5.641278266906738
1246,-2.0271549224853516
1247,-21.727319717407227
1248,2.7826414108276367
1249,0.2735252380371094
1250,6.955601215362549
1251,5.3126020431518555
1252,-1.9161014556884766
1253,-20.26789665222168
1254,2.605179786682129
1255,0.14821624755859375
1256,6.759795665740967
1257,0.5302925109863281
1258,0.7315540313720703
1259,-10.201170921325684
1260,0.8316917419433594
1261,0.6429901123046875
1262,-0.0178985595703125
1263,-1.7245159149169922
1264,2.984312057495117
1265,-13.057964324951172
1266,-0.7142829895019531
1267,2.214601516723633
1268,0.973513126373291
1269,-0.3799104690551758
1270,5.624034881591797
1271,-13.157405853271484
1272,1.7289199829101562
1273,3.628164291381836
1274,5.456973552703857
1275,0.23308753967285156
1276,5.969013214111328
1277,-13.235595703125
1278,2.3795957565307617
1279,3.773578643798828
1280,5.785351276397705
1281,-2.2557201385498047
1282,6.059883117675781
1283,-16.03493881225586
1284,1.2456731796264648
1285,4.295427322387695
1286,4.905763149261475
1287,-3.0221757888793945
1288,-3.2325592041015625
1289,-6.185199737548828
1290,-2.7278709411621094
1291,-3.446666717529297
1292,-6.806543350219727
1293,-2.6655521392822266
1294,-3.4507675170898438
1295,-6.8079352378845215
1296,-2.609774589538574
1297,-3.4529170989990234
1298,-6.810202598571777
1299,-2.7758045196533203
1300,-3.439563751220703
1301,-5.458051681518555
1302,-2.7410964965820312
1303,-3.4401893615722656
1304,-5.4568376541137695
1305,-2.7122392654418945
1306,-3.4401893615722656
1307,-5.4587531089782715
1308,-2.1660032272338867
1309,-3.3832149505615234
1310,-7.166347503662109
1311,-2.241016387939453
1312,-3.380678176879883
1313,-1.919154405593872
1314,-2.8220434188842773
1315,-3.0388145446777344
1316,-6.776095390319824
1317,-2.8861045837402344
1318,-3.023111343383789
1319,-4.817544937133789
1320,-1.6407051086425781
1321,-2.5638504028320312
1322,-9.606146812438965
1323,-1.3218183517456055
1324,-2.301748275756836
1325,2.157792091369629
1326,1.5870428085327148
1327,-2.3452110290527344
1328,-15.10969352722168
1329,0.21790218353271484
1330,-0.9027767181396484
1331,4.7963786125183105
1332,4.5174150466918945
1333,-2.697521209716797
1334,-19.50448989868164
1335,1.3853645324707031
1336,0.8018035888671875
1337,2.6814260482788086
1338,5.211844444274902
1339,-2.8448715209960938
1340,-20.997800827026367
1341,1.4716739654541016
1342,1.3124752044677734
1343,3.278137683868408
1344,5.285008430480957
1345,-2.8814334869384766
1346,-20.97612953186035
1347,1.3309297561645508
1348,1.4028701782226562
1349,1.7267799377441406
1350,5.019412040710449
1351,-2.797334671020508
1352,-19.65281867980957
1353,1.4228487014770508
1354,1.218484878540039
1355,2.006213665008545
1356,0.7315187454223633
1357,0.7143440246582031
1358,-10.052526473999023
1359,0.9664173126220703
1360,0.6583671569824219
1361,-0.16518592834472656
1362,-1.782247543334961
1363,2.9145431518554688
1364,-13.508289337158203
1365,-0.7473955154418945
1366,2.3662490844726562
1367,0.11248016357421875
1368,-0.37925243377685547
1369,5.55302619934082
1370,-14.20344352722168
1371,0.9712686538696289
1372,4.221637725830078
1373,4.142554759979248
1374,0.2184600830078125
1375,5.946672439575195
1376,-14.39848518371582
1377,1.5753669738769531
1378,4.496206283569336
1379,4.400754451751709
1380,-2.2656679153442383
1381,6.02545166015625
1382,-17.663869857788086
1383,-0.14669036865234375
1384,4.71287727355957
1385,3.0594162940979004
1386,-3.0426368713378906
1387,-2.929567337036133
1388,-7.2392778396606445
1389,-2.7789487838745117
1390,-3.168466567993164
1391,-7.5871734619140625
1392,-2.7159461975097656
1393,-3.181407928466797
1394,-7.588426113128662
1395,-2.660243034362793
1396,-3.1928672790527344
1397,-7.589723110198975
1398,-2.8423824310302734
1399,-3.1497039794921875
1400,-6.455665588378906
1401,-2.8162851333618164
1402,-3.1517257690429688
1403,-6.454998016357422
1404,-2.794801712036133
1405,-3.154916763305664
1406,-6.457143783569336
1407,-2.2186975479125977
1408,-3.1720046997070312
1409,-7.526010513305664
1410,-2.362142562866211
1411,-3.144124984741211
1412,-2.351313829421997
1413,-2.8330421447753906
1414,-2.7744178771972656
1415,-7.179036617279053
1416,-2.905240058898926
1417,-2.750844955444336
1418,-5.656045436859131
1419,-1.2887868881225586
1420,-2.492952346801758
1421,-9.74068832397461
1422,-1.425459861755371
1423,-2.0883541107177734
1424,1.6892523765563965
1425,1.6207656860351562
1426,-2.6414241790771484
1427,-15.157413482666016
1428,-0.2740907669067383
1429,-0.5903244018554688
1430,2.848959445953369
1431,4.338334083557129
1432,-3.1190719604492188
1433,-19.641189575195312
1434,-0.03248119354248047
1435,1.305685043334961
1436,0.3297538757324219
1437,5.094143867492676
1438,-3.3226547241210938
1439,-21.11170196533203
1440,0.2479686737060547
1441,1.8785247802734375
1442,0.7765398025512695
1443,5.061196327209473
1444,-3.3065032958984375
1445,-21.20709800720215
1446,0.29319190979003906
1447,1.9777946472167969
1448,-0.8218679428100586
1449,4.850335121154785
1450,-3.1754112243652344
1451,-19.852073669433594
1452,0.4505128860473633
1453,1.7781486511230469
1454,-0.38184404373168945
1455,1.0983877182006836
1456,0.7639389038085938
1457,-9.715787887573242
1458,0.9630451202392578
1459,0.7541656494140625
1460,-0.5009512901306152
1461,-1.7825851440429688
1462,2.85223388671875
1463,-13.203462600708008
1464,-0.20781993865966797
1465,2.4416866302490234
1466,-1.8403851985931396
1467,-0.3828573226928711
1468,5.467947006225586
1469,-13.111421585083008
1470,2.0504064559936523
1471,4.341157913208008
1472,0.8920807838439941
1473,0.21302032470703125
1474,5.86164665222168
1475,-13.182319641113281
1476,2.727280616760254
1477,4.5952301025390625
1478,1.0297808647155762
1479,-2.2841968536376953
1480,6.015331268310547
1481,-15.857400894165039
1482,1.3204526901245117
1483,4.930608749389648
1484,-0.7328953742980957
1485,-2.9888134002685547
1486,-2.616180419921875
1487,-7.545341491699219
1488,-2.7411985397338867
1489,-2.8816261291503906
1490,-8.004317283630371
1491,-2.672764778137207
1492,-2.897197723388672
1493,-8.005261421203613
1494,-2.61771297454834
1495,-2.9109764099121094
1496,-8.007426261901855
1497,-2.798201560974121
1498,-2.8651199340820312
1499,-6.811426162719727
1500,-2.768533706665039
1501,-2.868478775024414
1502,-6.810442924499512
1503,-2.7428760528564453
1504,-2.8740386962890625
1505,-6.8106279373168945
1506,-2.19057559967041
1507,-2.8869800567626953
1508,-7.945628643035889
1509,-2.303053855895996
1510,-2.8778324127197266
1511,-2.8477916717529297
1512,-2.7687578201293945
1513,-2.469463348388672
1514,-7.571519374847412
1515,-2.8298463821411133
1516,-2.4465065002441406
1517,-6.0044264793396
1518,-1.1642179489135742
1519,-2.2867584228515625
1520,-10.615888595581055
1521,-1.3099126815795898
1522,-1.8022327423095703
1523,1.6069202423095703
1524,1.7380943298339844
1525,-2.810108184814453
1526,-18.12273597717285
1527,-0.1644887924194336
1528,-0.7121982574462891
1529,6.7022480964660645
1530,4.1821794509887695
1531,-3.4588565826416016
1532,-24.9408016204834
1533,0.4714326858520508
1534,0.30089378356933594
1535,10.542142868041992
1536,4.759617805480957
1537,-3.6436767578125
1538,-26.76723289489746
1539,0.7998476028442383
1540,0.6641807556152344
1541,11.947473526000977
1542,4.763764381408691
1543,-3.635679244995117
1544,-26.650114059448242
1545,0.8457612991333008
1546,0.7752456665039062
1547,10.866212844848633
1548,4.604355812072754
1549,-3.4911117553710938
1550,-25.128677368164062
1551,0.8279314041137695
1552,0.6466579437255859
1553,10.23416519165039
1554,1.2299518585205078
1555,0.9026660919189453
1556,-9.771228790283203
1557,1.2174711227416992
1558,0.9812793731689453
1559,-0.44522905349731445
1560,-1.8719453811645508
1561,2.8530120849609375
1562,-12.439937591552734
1563,-0.2936992645263672
1564,2.6472320556640625
1565,-2.57967472076416
1566,-0.38829708099365234
1567,5.412206649780273
1568,-10.203388214111328
1569,0.9582920074462891
1570,5.04637336730957
1571,-1.1524624824523926
1572,0.19132232666015625
1573,5.811801910400391
1574,-9.898097038269043
1575,1.8749971389770508
1576,5.522008895874023
1577,-1.1649689674377441
1578,-2.277859687805176
1579,5.970033645629883
1580,-11.31087589263916
1581,0.069854736328125
1582,5.57056999206543
1583,-3.0856642723083496
1584,-2.9218358993530273
1585,-2.291513442993164
1586,-6.947510242462158
1587,-2.665532112121582
1588,-2.5537567138671875
1589,-7.511099338531494
1590,-2.6026716232299805
1591,-2.5699596405029297
1592,-7.512211799621582
1593,-2.551732063293457
1594,-2.5845088958740234
1595,-7.514064788818359
1596,-2.712653160095215
1597,-2.5385265350341797
1598,-6.289099216461182
1599,-2.679457664489746
1600,-2.5463085174560547
1601,-6.287985324859619
1602,-2.6521034240722656
1603,-2.5548744201660156
1604,-6.288237571716309
1605,-2.134589195251465
1606,-2.588937759399414
1607,-7.6771650314331055
1608,-2.2192373275756836
1609,-2.5866527557373047
1610,-2.7767114639282227
1611,-2.7447023391723633
1612,-2.154409408569336
1613,-7.216937065124512
1614,-2.775663375854492
1615,-2.1318016052246094
1616,-5.566484451293945
1617,-1.1549625396728516
1618,-2.0158462524414062
1619,-9.917325973510742
1620,-1.1797523498535156
1621,-1.7066116333007812
1622,1.381002426147461
1623,1.671438217163086
1624,-2.6622390747070312
1625,-17.09610366821289
1626,0.10325431823730469
1627,-1.2067413330078125
1628,6.485265254974365
1629,4.059531211853027
1630,-3.4966182708740234
1631,-22.978052139282227
1632,1.4076948165893555
1633,-1.244680404663086
1634,10.03986930847168
1635,4.546502113342285
1636,-3.714313507080078
1637,-24.731971740722656
1638,1.7821598052978516
1639,-1.1855583190917969
1640,11.040185928344727
1641,4.566946983337402
1642,-3.7317848205566406
1643,-24.698453903198242
1644,1.7172536849975586
1645,-1.1910896301269531
1646,10.458822250366211
1647,4.413363456726074
1648,-3.5903472900390625
1649,-23.207799911499023
1650,1.5836687088012695
1651,-1.1898155212402344
1652,9.89584732055664
1653,1.2401390075683594
1654,1.1730461120605469
1655,-9.748611450195312
1656,1.4199705123901367
1657,1.2055435180664062
1658,-0.46646595001220703
1659,-2.019587516784668
1660,2.9283809661865234
1661,-11.76673698425293
1662,-0.31683826446533203
1663,2.785562515258789
1664,-2.4378650188446045
1665,-0.39687156677246094
1666,5.415563583374023
1667,-8.938726425170898
1668,1.889439582824707
1669,5.0308990478515625
1670,-0.6113533973693848
1671,0.15951919555664062
1672,5.838783264160156
1673,-8.606497764587402
1674,2.6550817489624023
1675,5.346343994140625
1676,-0.5339508056640625
1677,-2.2837905883789062
1678,5.998512268066406
1679,-9.718925476074219
1680,1.1240348815917969
1681,5.580646514892578
1682,-1.7938299179077148
1683,-2.880636215209961
1684,-2.0341262817382812
1685,-2.7343690395355225
1686,-2.6298351287841797
1687,-2.3065452575683594
1688,-3.792497396469116
1689,-2.574085235595703
1690,-2.3187332153320312
1691,-3.7914860248565674
1692,-2.53171443939209
1693,-2.329132080078125
1694,-3.7939820289611816
1695,-2.6664113998413086
1696,-2.30255126953125
1697,-2.596503257751465
1698,-2.630162239074707
1699,-2.311492919921875
1700,-2.595613718032837
1701,-2.600522041320801
1702,-2.320507049560547
1703,-2.596458673477173
1704,-2.122518539428711
1705,-2.323812484741211
1706,-6.668154716491699
1707,-2.1625328063964844
1708,-2.359579086303711
1709,-1.4052977561950684
1710,-2.7128305435180664
1711,-1.889059066772461
1712,-3.690258741378784
1713,-2.7613344192504883
1714,-1.8782615661621094
1715,-2.134737730026245
1716,-1.1584234237670898
1717,-1.6961517333984375
1718,-9.523370742797852
1719,-0.7038640975952148
1720,-1.6543350219726562
1721,0.9975337982177734
1722,1.5717134475708008
1723,-2.4443588256835938
1724,-16.113204956054688
1725,0.928156852722168
1726,-1.5865135192871094
1727,6.147305011749268
1728,4.030577659606934
1729,-3.2430038452148438
1730,-21.882719039916992
1731,2.245938301086426
1732,-2.1798439025878906
1733,7.869601726531982
1734,4.416857719421387
1735,-3.5691566467285156
1736,-23.550973892211914
1737,2.6267786026000977
1738,-2.342721939086914
1739,8.46204948425293
1740,4.447199821472168
1741,-3.5533065795898438
1742,-23.654125213623047
1743,2.5275983810424805
1744,-2.3407630920410156
1745,8.077281951904297
1746,4.378342628479004
1747,-3.4432716369628906
1748,-22.138456344604492
1749,2.3873510360717773
1750,-2.2495040893554688
1751,7.747268199920654
1752,1.267409324645996
1753,1.4761428833007812
1754,-9.728336334228516
1755,1.617497444152832
1756,1.4388504028320312
1757,-0.488311767578125
1758,-2.21768856048584
1759,3.0539302825927734
1760,-11.524872779846191
1761,-1.1948204040527344
1762,2.757823944091797
1763,-1.7384731769561768
1764,-0.40108680725097656
1765,5.5162353515625
1766,-9.186532974243164
1767,1.8231515884399414
1768,4.521205902099609
1769,2.1171035766601562
1770,0.15254688262939453
1771,5.846487045288086
1772,-8.92022705078125
1773,2.606015205383301
1774,4.619300842285156
1775,2.5582637786865234
1776,-2.289656639099121
1777,6.076347351074219
1778,-9.94316291809082
1779,1.154982566833496
1780,5.3973541259765625
1781,2.591409206390381
1782,-2.8815393447875977
1783,-1.8470211029052734
1784,-5.960309982299805
1785,-2.616879463195801
1786,-2.125213623046875
1787,-6.323237895965576
1788,-2.553150177001953
1789,-2.146482467651367
1790,-6.322861194610596
1791,-2.506399154663086
1792,-2.1653194427490234
1793,-6.323704242706299
1794,-2.6912546157836914
1795,-2.1042823791503906
1796,-5.249320030212402
1797,-2.667670249938965
1798,-2.1126461029052734
1799,-5.249755859375
1800,-2.6491870880126953
1801,-2.122037887573242
1802,-5.251802921295166
1803,-2.1027956008911133
1804,-2.1639976501464844
1805,-7.026359558105469
1806,-2.152022361755371
1807,-2.1485061645507812
1808,-1.651578426361084
1809,-2.6737890243530273
1810,-1.7153587341308594
1811,-5.785920143127441
1812,-2.737855911254883
1813,-1.6862735748291016
1814,-4.404570579528809
1815,-0.7028951644897461
1816,-1.5477371215820312
1817,-9.03125286102295
1818,-1.109954833984375
1819,-0.9492874145507812
1820,1.1237635612487793
1821,2.1747827529907227
1822,-2.3412113189697266
1823,-15.273557662963867
1824,0.004855155944824219
1825,0.4199542999267578
1826,3.644705295562744
1827,4.3869428634643555
1828,-2.8222007751464844
1829,-21.762828826904297
1830,0.1301136016845703
1831,1.7823295593261719
1832,1.8784914016723633
1833,5.1494855880737305
1834,-3.187643051147461
1835,-22.89204216003418
1836,0.05955791473388672
1837,2.2105979919433594
1838,2.2966432571411133
1839,4.84420108795166
1840,-3.097515106201172
1841,-23.16033935546875
1842,0.010156631469726562
1843,2.2581329345703125
1844,0.9543170928955078
1845,4.700751304626465
1846,-2.9841957092285156
1847,-21.319059371948242
1848,0.1340312957763672
1849,2.108715057373047
1850,1.254610538482666
1851,1.5101337432861328
1852,1.7020587921142578
1853,-9.741250038146973
1854,1.5303239822387695
1855,1.6819210052490234
1856,-0.4754343032836914
1857,-2.2464113235473633
1858,3.114898681640625
1859,-12.546382904052734
1860,-2.1834850311279297
1861,2.864948272705078
1862,-1.8619365692138672
1863,-0.4159231185913086
1864,5.599040985107422
1865,-11.570959091186523
1866,-0.5210132598876953
1867,4.535467147827148
1868,1.6533865928649902
1869,0.1548137664794922
1870,5.900915145874023
1871,-11.55870246887207
1872,0.1476898193359375
1873,4.707746505737305
1874,1.9351611137390137
1875,-2.293911933898926
1876,6.152553558349609
1877,-14.628211975097656
1878,-1.8053627014160156
1879,5.418634414672852
1880,0.9435887336730957
1881,-2.8686838150024414
1882,-1.6902656555175781
1883,-5.921894073486328
1884,-2.607823371887207
1885,-1.9313297271728516
1886,-6.301974773406982
1887,-2.5460586547851562
1888,-1.947061538696289
1889,-6.301383018493652
1890,-2.498764991760254
1891,-1.9620323181152344
1892,-6.302361965179443
1893,-2.6705379486083984
1894,-1.9226207733154297
1895,-5.17544412612915
1896,-2.643172264099121
1897,-1.9315338134765625
1898,-5.176060199737549
1899,-2.6203908920288086
1900,-1.9415473937988281
1901,-5.177803039550781
1902,-2.1007375717163086
1903,-1.9468879699707031
1904,-7.226446628570557
1905,-2.133136749267578
1906,-1.9359111785888672
1907,-1.7517139911651611
1908,-2.649928092956543
1909,-1.5398750305175781
1910,-5.820008277893066
1911,-2.7117862701416016
1912,-1.5160980224609375
1913,-4.410731315612793
1914,-0.7494430541992188
1915,-1.207834243774414
1916,-9.636397361755371
1917,-1.0920600891113281
1918,-0.8929824829101562
1919,1.6362037658691406
1920,2.0776548385620117
1921,-1.4924125671386719
1922,-16.37139892578125
1923,0.051545143127441406
1924,0.3099956512451172
1925,6.682653903961182
1926,4.6338911056518555
1927,-2.269094467163086
1928,-22.427709579467773
1929,0.22885608673095703
1930,1.145364761352539
1931,9.67779541015625
1932,5.384243965148926
1933,-2.835294723510742
1934,-23.923978805541992
1935,0.1866445541381836
1936,1.4474830627441406
1937,10.805177688598633
1938,5.329163551330566
1939,-2.980754852294922
1940,-24.104084014892578
1941,0.1938943862915039
1942,1.4703617095947266
1943,9.916296005249023
1944,5.083935737609863
1945,-2.676177978515625
1946,-22.673641204833984
1947,0.3192558288574219
1948,1.3656539916992188
1949,9.372268676757812
1950,1.483041763305664
1951,2.0549182891845703
1952,-9.94698715209961
1953,1.430572509765625
1954,1.9342975616455078
1955,-0.2693819999694824
1956,-2.3224258422851562
1957,3.314922332763672
1958,-12.679450988769531
1959,-2.442746162414551
1960,2.9936466217041016
1961,-1.5522043704986572
1962,-0.4606466293334961
1963,5.7149505615234375
1964,-11.387922286987305
1965,-0.8647270202636719
1966,5.075828552246094
1967,2.2016634941101074
1968,0.15465927124023438
1969,5.983743667602539
1970,-11.274679183959961
1971,-0.37305259704589844
1972,5.366199493408203
1973,2.527620315551758
1974,-2.302950859069824
1975,6.208086013793945
1976,-13.715229034423828
1977,-2.4736204147338867
1978,5.751699447631836
1979,1.7325859069824219
1980,-2.8562498092651367
1981,-1.601785659790039
1982,-5.4386420249938965
1983,-2.59621524810791
1984,-1.819601058959961
1985,-6.10464334487915
1986,-2.535243034362793
1987,-1.8277339935302734
1988,-6.105002403259277
1989,-2.487757682800293
1990,-1.8353805541992188
1991,-6.10775899887085
1992,-2.6612319946289062
1993,-1.8245487213134766
1994,-4.772851943969727
1995,-2.6401491165161133
1996,-1.8356971740722656
1997,-4.771891117095947
1998,-2.601451873779297
1999,-1.8476619720458984
2000,-4.772617340087891
2001,-2.098543167114258
2002,-1.8037166595458984
2003,-7.772911071777344
2004,-2.107219696044922
2005,-1.8258800506591797
2006,-1.8113131523132324
2007,-2.634200096130371
2008,-1.4414730072021484
2009,-5.865718364715576
2010,-2.6962766647338867
2011,-1.4289493560791016
2012,-4.264846324920654
2013,-0.8233547210693359
2014,-0.8608531951904297
2015,-10.923299789428711
2016,-0.980280876159668
2017,-0.6998271942138672
2018,1.5012545585632324
2019,1.9355974197387695
2020,-0.6722354888916016
2021,-15.25248908996582
2022,1.5224361419677734
2023,-0.13812255859375
2024,6.096523761749268
2025,4.888518333435059
2026,-0.9723472595214844
2027,-18.684978485107422
2028,4.074189186096191
2029,-0.12710952758789062
2030,7.634250164031982
2031,5.433106422424316
2032,-1.2347755432128906
2033,-20.107084274291992
2034,4.7643022537231445
2035,-0.14920997619628906
2036,8.381668090820312
2037,5.584900856018066
2038,-1.2808666229248047
2039,-20.33074378967285
2040,4.657973289489746
2041,-0.22440147399902344
2042,7.716799259185791
2043,5.4224958419799805
2044,-1.0695362091064453
2045,-18.892230987548828
2046,4.398711204528809
2047,-0.21680831909179688
2048,7.399652004241943
2049,1.6006174087524414
2050,2.307201385498047
2051,-10.097890853881836
2052,1.427042007446289
2053,2.1203460693359375
2054,-0.11603975296020508
2055,-2.4366912841796875
2056,3.3858375549316406
2057,-12.361066818237305
2058,-2.581357002258301
2059,3.0378074645996094
2060,-1.538489580154419
2061,-0.5396862030029297
2062,5.772724151611328
2063,-9.690360069274902
2064,-1.4867868423461914
2065,5.053518295288086
2066,1.924689769744873
2067,0.12100887298583984
2068,6.038488388061523
2069,-9.30952262878418
2070,-0.7696981430053711
2071,5.296102523803711
2072,2.1995391845703125
2073,-2.431814193725586
2074,6.239643096923828
2075,-10.376028060913086
2076,-2.9287471771240234
2077,5.80189323425293
2078,1.7605581283569336
2079,-2.595752716064453
2080,-1.732198715209961
2081,-6.606512546539307
2082,-2.313889503479004
2083,-1.8967628479003906
2084,-7.502655029296875
2085,-2.2674989700317383
2086,-1.8919849395751953
2087,-7.5041351318359375
2088,-2.2285232543945312
2089,-1.8864994049072266
2090,-7.5068039894104
2091,-2.3339366912841797
2092,-1.9086570739746094
2093,-5.914701461791992
2094,-2.297147750854492
2095,-1.9120121002197266
2096,-5.913698196411133
2097,-2.2553529739379883
2098,-1.91497802734375
2099,-5.915738582611084
2100,-1.8232078552246094
2101,-1.787057876586914
2102,-10.007990837097168
2103,-1.765523910522461
2104,-1.8195438385009766
2105,-2.9340004920959473
2106,-2.4625377655029297
2107,-1.543874740600586
2108,-7.49588680267334
2109,-2.5193862915039062
2110,-1.545135498046875
2111,-5.456080913543701
2112,-0.847325325012207
2113,-0.714141845703125
2114,-13.285587310791016
2115,-0.8872690200805664
2116,-0.6404361724853516
2117,0.6495232582092285
2118,1.8124561309814453
2119,0.1455821990966797
2120,-16.724332809448242
2121,1.2064790725708008
2122,0.3577098846435547
2123,5.314838886260986
2124,4.695116996765137
2125,0.5821437835693359
2126,-19.227947235107422
2127,2.750063896179199
2128,1.1071281433105469
2129,7.131803035736084
2130,5.333573341369629
2131,0.6306648254394531
2132,-20.696382522583008
2133,3.2121477127075195
2134,1.2994117736816406
2135,7.969433307647705
2136,5.373169898986816
2137,0.6017723083496094
2138,-20.781892776489258
2139,3.044205665588379
2140,1.3054447174072266
2141,7.079593181610107
2142,5.127799034118652
2143,0.6209964752197266
2144,-19.402503967285156
2145,2.9054765701293945
2146,1.2313175201416016
2147,6.802981853485107
2148,1.496464729309082
2149,2.4402809143066406
2150,-10.198122024536133
2151,1.3978281021118164
2152,2.239957809448242
2153,-0.013394832611083984
2154,-2.5417346954345703
2155,3.490856170654297
2156,-12.457616806030273
2157,-2.6220922470092773
2158,3.144298553466797
2159,-0.9895014762878418
2160,-0.5362329483032227
2161,5.865486145019531
2162,-9.793828964233398
2163,-1.0769996643066406
2164,5.186861038208008
2165,3.031996250152588
2166,0.1448040008544922
2167,6.106391906738281
2168,-9.454444885253906
2169,-0.3456430435180664
2170,5.280479431152344
2171,3.370400905609131
2172,-2.1990785598754883
2173,6.725521087646484
2174,-10.561746597290039
2175,-2.2738990783691406
2176,5.8587799072265625
2177,3.25777006149292
2178,-2.4795331954956055
2179,-1.796396255493164
2180,-7.3920512199401855
2181,-2.1940126419067383
2182,-1.965433120727539
2183,-8.268092155456543
2184,-2.147669792175293
2185,-1.9583358764648438
2186,-8.26974105834961
2187,-2.101673126220703
2188,-1.9500751495361328
2189,-8.272266387939453
2190,-2.19735050201416
2191,-1.9785747528076172
2192,-6.6921868324279785
2193,-2.14926815032959
2194,-1.9808483123779297
2195,-6.690746307373047
2196,-2.094273567199707
2197,-1.9820556640625
2198,-6.6938605308532715
2199,-1.6071434020996094
2200,-1.8250598907470703
2201,-10.704008102416992
2202,-1.5517101287841797
2203,-1.8525924682617188
2204,-3.7491564750671387
2205,-2.3494014739990234
2206,-1.5810718536376953
2207,-8.27022933959961
2208,-2.390608787536621
2209,-1.5918121337890625
2210,-6.243581295013428
2211,-0.751622200012207
2212,-0.5953159332275391
2213,-14.29312515258789
2214,-0.6334218978881836
2215,-0.7026596069335938
2216,0.25041675567626953
2217,1.7533044815063477
2218,0.7928009033203125
2219,-16.82249641418457
2220,1.5311822891235352
2221,0.5505561828613281
2222,3.053769588470459
2223,4.274575233459473
2224,1.8986949920654297
2225,-18.0228271484375
2226,2.7324743270874023
2227,1.4682540893554688
2228,2.83219051361084
2229,4.661921501159668
2230,2.0519027709960938
2231,-19.476696014404297
2232,3.081894874572754
2233,1.7099971771240234
2234,3.287871837615967
2235,4.611147880554199
2236,2.0124549865722656
2237,-19.362834930419922
2238,2.907179832458496
2239,1.709085464477539
2240,2.4151124954223633
2241,4.1998701095581055
2242,1.954437255859375
2243,-18.011171340942383
2244,2.8065290451049805
2245,1.6172447204589844
2246,2.427541732788086
2247,1.5398931503295898
2248,2.5152206420898438
2249,-10.195625305175781
2250,1.2684755325317383
2251,2.270477294921875
2252,-0.016781330108642578
2253,-2.489938735961914
2254,3.5776729583740234
2255,-11.920675277709961
2256,-2.6613826751708984
2257,3.256254196166992
2258,-0.9549999237060547
2259,-0.5198202133178711
2260,5.910758972167969
2261,-8.464058876037598
2262,-1.0608863830566406
2263,5.467613220214844
2264,4.090925693511963
2265,0.2255105972290039
2266,6.14984130859375
2267,-8.092754364013672
2268,-0.4846019744873047
2269,5.6722869873046875
2270,4.543201923370361
2271,-1.960897445678711
2272,6.733058929443359
2273,-9.410849571228027
2274,-2.741374969482422
2275,5.985889434814453
2276,4.372328281402588
2277,-2.1106929779052734
2278,-1.897308349609375
2279,-8.028668403625488
2280,-1.7839946746826172
2281,-2.078493118286133
2282,-8.811519622802734
2283,-1.725102424621582
2284,-2.073129653930664
2285,-8.813715934753418
2286,-1.6645383834838867
2287,-2.0672340393066406
2288,-8.816980361938477
2289,-1.7739381790161133
2290,-2.086772918701172
2291,-7.3675079345703125
2292,-1.711709976196289
2293,-2.0877552032470703
2294,-7.366324424743652
2295,-1.647843360900879
2296,-2.0886878967285156
2297,-7.368582725524902
2298,-1.0098066329956055
2299,-1.9422721862792969
2300,-11.044919967651367
2301,-0.9777202606201172
2302,-1.9716072082519531
2303,-4.702418327331543
2304,-1.9131288528442383
2305,-1.674072265625
2306,-8.843936920166016
2307,-1.928858757019043
2308,-1.6840896606445312
2309,-6.987048149108887
2310,-0.3457622528076172
2311,-0.6407833099365234
2312,-14.495304107666016
2313,-0.11033058166503906
2314,-0.6940269470214844
2315,-0.9001388549804688
2316,0.9805135726928711
2317,1.3509445190429688
2318,-16.61498260498047
2319,1.418705940246582
2320,1.0549755096435547
2321,-0.09130048751831055
2322,1.4367523193359375
2323,3.3254642486572266
2324,-15.769641876220703
2325,1.1415815353393555
2326,2.714048385620117
2327,-1.9133508205413818
2328,1.7301626205444336
2329,3.689218521118164
2330,-17.19451141357422
2331,1.2164993286132812
2332,3.0599822998046875
2333,-1.8401095867156982
2334,1.3864803314208984
2335,3.7269744873046875
2336,-16.94056510925293
2337,1.1418285369873047
2338,3.101041793823242
2339,-2.934953451156616
2340,1.1654272079467773
2341,3.6102638244628906
2342,-15.650970458984375
2343,1.1498470306396484
2344,3.0013656616210938
2345,-2.462944746017456
2346,1.6066856384277344
2347,2.645843505859375
2348,-9.883360862731934
2349,1.564199447631836
2350,2.3715667724609375
2351,-0.32733869552612305
2352,-2.646993637084961
2353,3.577564239501953
2354,-11.151443481445312
2355,-2.581223487854004
2356,3.233264923095703
2357,0.19458532333374023
2358,-0.5808315277099609
2359,5.911884307861328
2360,-7.337485313415527
2361,-0.9713735580444336
2362,5.339530944824219
2363,5.596629619598389
2364,0.1330699920654297
2365,6.166748046875
2366,-6.955619812011719
2367,-0.27501678466796875
2368,5.550607681274414
2369,6.084029674530029
2370,-2.2114830017089844
2371,6.622137069702148
2372,-7.682718276977539
2373,-2.550079345703125
2374,5.924674987792969
2375,6.2778143882751465
2376,-1.348501205444336
2377,-2.1448287963867188
2378,-9.764381408691406
2379,-0.8834562301635742
2380,-2.250844955444336
2381,-10.614588737487793
2382,-0.8228378295898438
2383,-2.228170394897461
2384,-10.617198944091797
2385,-0.7623538970947266
2386,-2.2066001892089844
2387,-10.619926452636719
2388,-0.8713359832763672
2389,-2.2610626220703125
2390,-9.105466842651367
2391,-0.8098230361938477
2392,-2.246969223022461
2393,-9.104757308959961
2394,-0.7490663528442383
2395,-2.235109329223633
2396,-9.105913162231445
2397,-0.25305843353271484
2398,-1.9957771301269531
2399,-12.84648609161377
2400,-0.23424053192138672
2401,-2.0065746307373047
2402,-6.143392562866211
2403,-1.2435321807861328
2404,-1.8532524108886719
2405,-10.54843521118164
2406,-1.2547607421875
2407,-1.8789596557617188
2408,-8.590080261230469
2409,0.15358257293701172
2410,-0.6776714324951172
2411,-16.14019012451172
2412,0.2244739532470703
2413,-0.8346939086914062
2414,-1.8081092834472656
2415,-0.43953514099121094
2416,1.5180931091308594
2417,-16.991403579711914
2418,-0.0650167465209961
2419,1.005472183227539
2420,-0.8367161750793457
2421,-1.685561180114746
2422,3.107358932495117
2423,-15.171394348144531
2424,-1.3638982772827148
2425,2.6850013732910156
2426,-2.7675230503082275
2427,-1.8749446868896484
2428,3.4728317260742188
2429,-16.620935440063477
2430,-1.6224489212036133
2431,2.899517059326172
2432,-2.661456346511841
2433,-2.0515384674072266
2434,3.4439430236816406
2435,-16.19384002685547
2436,-1.7419061660766602
2437,2.9757652282714844
2438,-4.028326988220215
2439,-1.9633235931396484
2440,3.3467941284179688
2441,-14.978710174560547
2442,-1.5732622146606445
2443,2.9400062561035156
2444,-3.4111576080322266
2445,1.7364940643310547
2446,2.4878692626953125
2447,-9.777165412902832
2448,1.5154943466186523
2449,2.2305126190185547
2450,-0.43435144424438477
2451,-2.5773887634277344
2452,3.616476058959961
2453,-10.492953300476074
2454,-2.5055198669433594
2455,3.2134552001953125
2456,-0.1400742530822754
2457,-0.577885627746582
2458,5.964683532714844
2459,-5.734238624572754
2460,-1.051473617553711
2461,5.404973983764648
2462,4.547115802764893
2463,0.1108560562133789
2464,6.196233749389648
2465,-5.218991279602051
2466,-0.40351009368896484
2467,5.780508041381836
2468,4.9679484367370605
2469,-2.218708038330078
2470,6.65589714050293
2471,-5.745316982269287
2472,-2.6964683532714844
2473,5.929374694824219
2474,4.796560764312744
2475,-0.12015533447265625
2476,-2.331035614013672
2477,-7.006213665008545
2478,0.24651622772216797
2479,-2.4624996185302734
2480,-8.171642303466797
2481,0.30180835723876953
2482,-2.4471263885498047
2483,-8.176140785217285
2484,0.3680849075317383
2485,-2.4328250885009766
2486,-8.176984786987305
2487,0.24585533142089844
2488,-2.4719924926757812
2489,-6.427672863006592
2490,0.3026609420776367
2491,-2.4655933380126953
2492,-6.426064491271973
2493,0.3573465347290039
2494,-2.4591903686523438
2495,-6.427267074584961
2496,0.8434295654296875
2497,-2.2027015686035156
2498,-12.149779319763184
2499,0.8335609436035156
2500,-2.2167110443115234
2501,-3.544224262237549
2502,-0.0060596466064453125
2503,-2.03466796875
2504,-8.132461547851562
2505,-0.04064750671386719
2506,-2.055011749267578
2507,-5.846654891967773
2508,0.666651725769043
2509,-0.857452392578125
2510,-14.324296951293945
2511,1.036062240600586
2512,-0.9049530029296875
2513,1.1999244689941406
2514,-1.3386220932006836
2515,0.7026119232177734
2516,-15.127445220947266
2517,-0.8719491958618164
2518,0.627349853515625
2519,1.5508852005004883
2520,-4.103019714355469
2521,1.5345516204833984
2522,-12.557491302490234
2523,-3.321636199951172
2524,2.4022083282470703
2525,0.3325538635253906
2526,-4.8360700607299805
2527,1.6408233642578125
2528,-13.924503326416016
2529,-3.9335098266601562
2530,1.9411964416503906
2531,0.4161858558654785
2532,-4.898428916931152
2533,1.556295394897461
2534,-13.208515167236328
2535,-4.069155693054199
2536,1.8306617736816406
2537,-0.8977513313293457
2538,-4.62380313873291
2539,1.5466556549072266
2540,-12.203225135803223
2541,-3.7929983139038086
2542,1.9753894805908203
2543,-0.32148218154907227
2544,1.844670295715332
2545,2.416574478149414
2546,-9.91631031036377
2547,1.5272655487060547
2548,2.2024154663085938
2549,-0.29569196701049805
2550,-2.5615692138671875
2551,3.594928741455078
2552,-13.248680114746094
2553,-2.4304351806640625
2554,3.046550750732422
2555,3.783048152923584
2556,-0.5771160125732422
2557,5.985754013061523
2558,-12.3033447265625
2559,-1.030543327331543
2560,4.970310211181641
2561,8.99636459350586
2562,0.11228656768798828
2563,6.207212448120117
2564,-12.153768539428711
2565,-0.3746318817138672
2566,5.211174011230469
2567,9.515710830688477
2568,-2.3303394317626953
2569,6.728849411010742
2570,-13.870019912719727
2571,-2.560610771179199
2572,5.516307830810547
2573,9.732521057128906
2574,0.9635725021362305
2575,-2.661745071411133
2576,-6.164772987365723
2577,1.3186330795288086
2578,-2.7836875915527344
2579,-7.251253128051758
2580,1.3623952865600586
2581,-2.768585205078125
2582,-7.254334926605225
2583,1.4079523086547852
2584,-2.75115966796875
2585,-7.256480693817139
2586,1.331212043762207
2587,-2.7910823822021484
2588,-5.679226875305176
2589,1.3831090927124023
2590,-2.782672882080078
2591,-5.677807807922363
2592,1.4375371932983398
2593,-2.7739734649658203
2594,-5.6778130531311035
2595,1.7877082824707031
2596,-2.507558822631836
2597,-10.369939804077148
2598,1.8437166213989258
2599,-2.5183544158935547
2600,-2.8681979179382324
2601,0.9834280014038086
2602,-2.396749496459961
2603,-7.033398151397705
2604,0.961451530456543
2605,-2.4114742279052734
2606,-4.999880313873291
2607,1.050644874572754
2608,-1.1669788360595703
2609,-13.912336349487305
2610,1.676675796508789
2611,-1.2413406372070312
2612,1.6672420501708984
2613,-2.0973405838012695
2614,-0.8117637634277344
2615,-14.774055480957031
2616,-0.9189929962158203
2617,-0.81878662109375
2618,2.576313018798828
2619,-5.102536201477051
2620,-1.1415061950683594
2621,-12.351690292358398
2622,-3.808198928833008
2623,-1.0911121368408203
2624,0.6848015785217285
2625,-5.955304145812988
2626,-1.3362159729003906
2627,-13.870779037475586
2628,-4.339794158935547
2629,-1.3512248992919922
2630,0.6723456382751465
2631,-5.586780548095703
2632,-1.53045654296875
2633,-13.048078536987305
2634,-4.3420610427856445
2635,-1.4945850372314453
2636,-0.7222509384155273
2637,-5.371306419372559
2638,-1.4141273498535156
2639,-12.019927978515625
2640,-4.226197242736816
2641,-1.3434486389160156
2642,-0.029256343841552734
2643,1.884413719177246
2644,2.3325977325439453
2645,-9.930072784423828
2646,1.6170263290405273
2647,2.127012252807617
2648,-0.2818565368652344
2649,-2.5480356216430664
2650,3.57421875
2651,-12.251262664794922
2652,-2.379497528076172
2653,2.8891658782958984
2654,2.047390937805176
2655,-0.5854511260986328
2656,5.974203109741211
2657,-11.369306564331055
2658,-0.9652509689331055
2659,4.774282455444336
2660,7.525696277618408
2661,0.09674930572509766
2662,6.199125289916992
2663,-10.993857383728027
2664,-0.360748291015625
2665,4.98530387878418
2666,8.107015609741211
2667,-2.3271894454956055
2668,6.594324111938477
2669,-10.780839920043945
2670,-1.8084192276000977
2671,5.412137985229492
2672,8.31501579284668
2673,1.670304298400879
2674,-2.8773345947265625
2675,-4.7158966064453125
2676,2.0004873275756836
2677,-3.042673110961914
2678,-5.588409423828125
2679,2.061333656311035
2680,-3.031034469604492
2681,-5.58842134475708
2682,2.129866600036621
2683,-3.017416000366211
2684,-5.590822219848633
2685,1.981104850769043
2686,-3.0466442108154297
2687,-4.063786506652832
2688,2.0251264572143555
2689,-3.039215087890625
2690,-4.061508655548096
2691,2.0782976150512695
2692,-3.031707763671875
2693,-4.060817718505859
2694,2.646683692932129
2695,-2.780763626098633
2696,-7.833276748657227
2697,2.61837100982666
2698,-2.7999305725097656
2699,-0.9373555183410645
2700,1.7360954284667969
2701,-2.630521774291992
2702,-5.46878719329834
2703,1.686558723449707
2704,-2.6437740325927734
2705,-3.4955906867980957
2706,2.1281824111938477
2707,-1.68682861328125
2708,-12.079689979553223
2709,2.1654138565063477
2710,-1.537109375
2711,3.3023276329040527
2712,-1.033071517944336
2713,-2.34783935546875
2714,-14.64913558959961
2715,-0.5450773239135742
2716,-2.045804977416992
2717,5.322762966156006
2718,-2.399312973022461
2719,-3.8498573303222656
2720,-12.410198211669922
2721,-2.0190534591674805
2722,-3.0874176025390625
2723,2.463759422302246
2724,-2.7868919372558594
2725,-4.129112243652344
2726,-13.911811828613281
2727,-2.13677978515625
2728,-3.5102462768554688
2729,1.0430221557617188
2730,-2.536376953125
2731,-4.1812896728515625
2732,-13.171228408813477
2733,-2.130460739135742
2734,-3.538881301879883
2735,0.8519859313964844
2736,-2.438657760620117
2737,-4.120412826538086
2738,-12.149606704711914
2739,-2.1127424240112305
2740,-3.407724380493164
2741,1.770904541015625
2742,2.0792856216430664
2743,2.077016830444336
2744,-9.99929141998291
2745,1.7469711303710938
2746,1.9438838958740234
2747,-0.21663379669189453
2748,-2.479872703552246
2749,3.5288009643554688
2750,-11.317911148071289
2751,-2.299117088317871
2752,2.9140453338623047
2753,-0.06653642654418945
2754,-0.5836696624755859
2755,5.966062545776367
2756,-8.955842018127441
2757,-0.9397611618041992
2758,5.416454315185547
2759,3.178401470184326
2760,0.09024524688720703
2761,6.206459045410156
2762,-8.498968124389648
2763,-0.2873954772949219
2764,5.712774276733398
2765,3.5163378715515137
2766,-2.226395606994629
2767,6.822887420654297
2768,-8.605199813842773
2769,-1.6168394088745117
2770,6.011240005493164
2771,2.6443114280700684
2772,2.6264829635620117
2773,-3.580381393432617
2774,-3.440558671951294
2775,3.0443906784057617
2776,-3.6367263793945312
2777,-4.5589799880981445
2778,3.091677665710449
2779,-3.6193790435791016
2780,-4.559068202972412
2781,3.150885581970215
2782,-3.6033058166503906
2783,-4.55994987487793
2784,3.0411977767944336
2785,-3.6315441131591797
2786,-3.0217339992523193
2787,3.0767602920532227
2788,-3.6117324829101562
2789,-3.0205938816070557
2790,3.120913505554199
2791,-3.5942516326904297
2792,-3.021301746368408
2793,3.462313652038574
2794,-3.3502674102783203
2795,-7.467909812927246
2796,3.495152473449707
2797,-3.3478546142578125
2798,-0.5936093330383301
2799,2.55020809173584
2800,-3.3409042358398438
2801,-4.394235134124756
2802,2.526799201965332
2803,-3.348234176635742
2804,-2.406465768814087
2805,2.762894630432129
2806,-2.529752731323242
2807,-11.932062149047852
2808,2.971877098083496
2809,-2.132232666015625
2810,3.196903705596924
2811,1.3176889419555664
2812,-3.2078323364257812
2813,-17.4118595123291
2814,2.1146936416625977
2815,-1.4792747497558594
2816,8.580448150634766
2817,0.5316686630249023
2818,-3.9974517822265625
2819,-18.484329223632812
2820,2.0628576278686523
2821,-1.864898681640625
2822,12.318899154663086
2823,0.5276250839233398
2824,-4.3181915283203125
2825,-19.844709396362305
2826,2.407210350036621
2827,-1.9768600463867188
2828,13.271160125732422
2829,0.7825860977172852
2830,-4.19725227355957
2831,-19.144948959350586
2832,2.353795051574707
2833,-2.0679187774658203
2834,12.624795913696289
2835,0.7435541152954102
2836,-4.029895782470703
2837,-18.25604820251465
2838,2.164301872253418
2839,-2.047119140625
2840,12.100505828857422
2841,2.001439094543457
2842,1.367696762084961
2843,-10.021383285522461
2844,1.7775030136108398
2845,1.402608871459961
2846,-0.19328022003173828
2847,-2.0804405212402344
2848,3.446653366088867
2849,-11.260583877563477
2850,-1.9197826385498047
2851,2.9794483184814453
2852,-2.0176539421081543
2853,-0.6414566040039062
2854,5.958459854125977
2855,-9.265239715576172
2856,-0.9052610397338867
2857,5.651523590087891
2858,0.5636701583862305
2859,0.013134002685546875
2860,6.2022247314453125
2861,-8.878538131713867
2862,-0.3168811798095703
2863,5.931114196777344
2864,0.7683062553405762
2865,-2.2844839096069336
2866,6.800718307495117
2867,-9.472783088684082
2868,-2.4223642349243164
2869,6.082849502563477
2870,-0.7165789604187012
2871,3.7974157333374023
2872,-4.0760040283203125
2873,-4.709411144256592
2874,4.294095039367676
2875,-4.069276809692383
2876,-5.603261947631836
2877,4.349490165710449
2878,-4.046287536621094
2879,-5.6040472984313965
2880,4.404486656188965
2881,-4.023937225341797
2882,-5.606691360473633
2883,4.26143741607666
2884,-4.08631706237793
2885,-4.091665744781494
2886,4.294743537902832
2887,-4.07452392578125
2888,-4.089475154876709
2889,4.329850196838379
2890,-4.06214714050293
2891,-4.089582920074463
2892,4.678833961486816
2893,-3.8070106506347656
2894,-8.022610664367676
2895,4.60524845123291
2896,-3.8275413513183594
2897,-1.1801366806030273
2898,3.7939043045043945
2899,-3.8838233947753906
2900,-5.51786994934082
2901,3.7388410568237305
2902,-3.910930633544922
2903,-3.562638282775879
2904,4.104723930358887
2905,-2.9807796478271484
2906,-12.084004402160645
2907,3.6467275619506836
2908,-2.883636474609375
2909,2.410019874572754
2910,3.574801445007324
2911,-4.631418228149414
2912,-17.763402938842773
2913,3.2890119552612305
2914,-4.350227355957031
2915,6.044436931610107
2916,5.169669151306152
2917,-5.66493034362793
2918,-20.109413146972656
2919,4.114596366882324
2920,-5.4233551025390625
2921,6.546214580535889
2922,5.65169620513916
2923,-6.042478561401367
2924,-21.970348358154297
2925,5.070513725280762
2926,-5.545967102050781
2927,7.359401226043701
2928,5.7914018630981445
2929,-5.875408172607422
2930,-21.418481826782227
2931,5.1569108963012695
2932,-5.552862167358398
2933,6.127923488616943
2934,5.548428535461426
2935,-5.722410202026367
2936,-20.02922821044922
2937,4.9437055587768555
2938,-5.513284683227539
2939,6.115375995635986
2940,1.9445199966430664
2941,0.6612796783447266
2942,-10.002161979675293
2943,1.7757902145385742
2944,0.6540622711181641
2945,-0.21317148208618164
2946,-1.7029657363891602
2947,3.1148529052734375
2948,-10.684322357177734
2949,-1.3258037567138672
2950,2.805461883544922
2951,-1.495619773864746
2952,-0.7216348648071289
2953,5.92791748046875
2954,-9.286333084106445
2955,-0.8747768402099609
2956,5.534671783447266
2957,0.7434563636779785
2958,-0.06894683837890625
2959,6.17597770690918
2960,-9.03607177734375
2961,-0.29033470153808594
2962,5.847192764282227
2963,0.8296303749084473
2964,-2.4488439559936523
2965,6.469812393188477
2966,-11.235675811767578
2967,-2.4114675521850586
2968,6.02583122253418
2969,-1.3945753574371338
2970,4.508225440979004
2971,-4.500617980957031
2972,-5.165763854980469
2973,5.0634870529174805
2974,-4.525970458984375
2975,-6.006422996520996
2976,5.133469581604004
2977,-4.504302978515625
2978,-6.007230281829834
2979,5.199812889099121
2980,-4.482810974121094
2981,-6.009964942932129
2982,5.0468244552612305
2983,-4.532680511474609
2984,-4.5491838455200195
2985,5.105046272277832
2986,-4.518117904663086
2987,-4.547303199768066
2988,5.1646528244018555
2989,-4.503513336181641
2990,-4.547696113586426
2991,5.478354454040527
2992,-4.201066970825195
2993,-8.228728294372559
2994,5.408333778381348
2995,-4.23237419128418
2996,-1.4829890727996826
2997,4.4477739334106445
2998,-4.290544509887695
2999,-5.921731948852539
3000,4.382367134094238
3001,-4.288978576660156
3002,-4.008661270141602
3003,4.567536354064941
3004,-3.3903026580810547
3005,-11.69991683959961
3006,4.1650285720825195
3007,-3.285215377807617
3008,1.1259336471557617
3009,5.416699409484863
3010,-5.10807991027832
3011,-14.864564895629883
3012,5.2941694259643555
3013,-4.657217025756836
3014,3.233222484588623
3015,7.67324161529541
3016,-5.755126953125
3017,-13.63258171081543
3018,7.2091264724731445
3019,-5.431364059448242
3020,1.1034750938415527
3021,8.197550773620605
3022,-5.885021209716797
3023,-14.886177062988281
3024,7.841446876525879
3025,-5.364543914794922
3026,0.41193199157714844
3027,8.222464561462402
3028,-5.7682342529296875
3029,-14.543128967285156
3030,7.781424522399902
3031,-5.397127151489258
3032,-0.011285781860351562
3033,8.086747169494629
3034,-5.728740692138672
3035,-13.548519134521484
3036,7.667525291442871
3037,-5.395212173461914
3038,0.6398296356201172
3039,1.6050119400024414
3040,-0.12204742431640625
3041,-9.74400520324707
3042,1.509298324584961
3043,-0.1438617706298828
3044,-0.4770035743713379
3045,-1.0971336364746094
3046,2.3167285919189453
3047,-9.98162841796875
3048,-0.866938591003418
3049,2.2486495971679688
3050,-1.0938496589660645
3051,-0.8288345336914062
3052,5.20361328125
3053,-9.259779930114746
3054,-0.8735208511352539
3055,5.057323455810547
3056,0.562070369720459
3057,-0.27028656005859375
3058,5.659795761108398
3059,-9.087602615356445
3060,-0.41025447845458984
3061,5.484651565551758
3062,0.5222606658935547
3063,-2.4445009231567383
3064,6.012815475463867
3065,-12.217223167419434
3066,-2.3400917053222656
3067,5.869655609130859
3068,-1.9314155578613281
3069,5.669804573059082
3070,-4.880842208862305
3071,-5.177731037139893
3072,6.115845680236816
3073,-4.83540153503418
3074,-5.909902095794678
3075,6.175339698791504
3076,-4.799413681030273
3077,-5.909983158111572
3078,6.23953914642334
3079,-4.763603210449219
3080,-5.913083076477051
3081,6.106694221496582
3082,-4.852304458618164
3083,-4.550233840942383
3084,6.148674964904785
3085,-4.828987121582031
3086,-4.546599864959717
3087,6.195466041564941
3088,-4.80523681640625
3089,-4.5445356369018555
3090,6.382735252380371
3091,-4.457160949707031
3092,-8.018135070800781
3093,6.307269096374512
3094,-4.521724700927734
3095,-1.7303998470306396
3096,5.579794883728027
3097,-4.674224853515625
3098,-5.887019634246826
3099,5.5244245529174805
3100,-4.685522079467773
3101,-4.091052055358887
3102,5.4206342697143555
3103,-3.770437240600586
3104,-11.06121826171875
3105,4.8822221755981445
3106,-3.7159290313720703
3107,0.9275236129760742
3108,6.884190559387207
3109,-5.165826797485352
3110,-13.350578308105469
3111,6.362462043762207
3112,-4.916736602783203
3113,3.0824427604675293
3114,9.50106143951416
3115,-5.5570526123046875
3116,-11.811075210571289
3117,8.71810245513916
3118,-5.074321746826172
3119,1.4228253364562988
3120,10.23913288116455
3121,-5.5261993408203125
3122,-12.84682846069336
3123,9.410477638244629
3124,-5.075899124145508
3125,0.8579893112182617
3126,10.204951286315918
3127,-5.415168762207031
3128,-12.460184097290039
3129,9.43112850189209
3130,-5.005180358886719
3131,0.43892669677734375
3132,10.04894733428955
3133,-5.429983139038086
3134,-11.69828987121582
3135,9.227396965026855
3136,-5.0297088623046875
3137,0.970801830291748
3138,1.4012060165405273
3139,-0.9498577117919922
3140,-9.666027069091797
3141,1.413987159729004
3142,-0.9961090087890625
3143,-0.5535120964050293
3144,-1.0386037826538086
3145,1.3642444610595703
3146,-10.316413879394531
3147,-0.42498111724853516
3148,1.1417675018310547
3149,-1.0668401718139648
3150,-0.8838796615600586
3151,4.48651123046875
3152,-10.754022598266602
3153,-0.44950294494628906
3154,3.5305747985839844
3155,1.0752525329589844
3156,-0.34508609771728516
3157,4.728984832763672
3158,-10.830880165100098
3159,-0.06219768524169922
3160,3.820789337158203
3161,1.1392040252685547
3162,-2.816441535949707
3163,5.214334487915039
3164,-14.205028533935547
3165,-1.6325006484985352
3166,4.3148040771484375
3167,-0.4915122985839844
3168,6.72927188873291
3169,-4.777946472167969
3170,-4.976473808288574
3171,7.106062889099121
3172,-4.737583160400391
3173,-5.440581321716309
3174,7.167733192443848
3175,-4.708858489990234
3176,-5.440788745880127
3177,7.325924873352051
3178,-4.639636993408203
3179,-5.4453325271606445
3180,7.057793617248535
3181,-4.778310775756836
3182,-4.440459728240967
3183,7.084568977355957
3184,-4.775148391723633
3185,-4.438901901245117
3186,7.108502388000488
3187,-4.773019790649414
3188,-4.438206672668457
3189,7.327990531921387
3190,-4.403087615966797
3191,-6.409002780914307
3192,7.101494789123535
3193,-4.553070068359375
3194,-1.8418951034545898
3195,6.507479667663574
3196,-4.59599494934082
3197,-5.2800493240356445
3198,6.404480934143066
3199,-4.632875442504883
3200,-3.977125406265259
3201,6.218216896057129
3202,-3.890714645385742
3203,-8.523782730102539
3204,5.413010597229004
3205,-4.004262924194336
3206,0.9463777542114258
3207,7.576855659484863
3208,-5.052576065063477
3209,-9.178240776062012
3210,6.713639259338379
3211,-5.094812393188477
3212,3.928999423980713
3213,9.394103050231934
3214,-4.976474761962891
3215,-5.454837322235107
3216,8.281020164489746
3217,-5.137367248535156
3218,5.599832057952881
3219,10.05477237701416
3220,-4.981147766113281
3221,-5.519679546356201
3222,8.504294395446777
3223,-4.831212997436523
3224,5.968851566314697
3225,10.077698707580566
3226,-5.009548187255859
3227,-4.908329010009766
3228,9.011458396911621
3229,-4.903802871704102
3230,5.951222896575928
3231,9.666327476501465
3232,-4.853456497192383
3233,-5.1306562423706055
3234,8.689143180847168
3235,-4.970821380615234
3236,5.5171074867248535
3237,1.4097833633422852
3238,-1.50927734375
3239,-8.942867279052734
3240,1.4178924560546875
3241,-1.5992507934570312
3242,-1.282203197479248
3243,-1.2356128692626953
3244,0.24918746948242188
3245,-10.386089324951172
3246,-0.5245552062988281
3247,0.4348773956298828
3248,-1.8544578552246094
3249,-0.42562007904052734
3250,3.1346778869628906
3251,-10.677367210388184
3252,-0.24581623077392578
3253,2.9253292083740234
3254,-1.3716166019439697
3255,0.3415689468383789
3256,3.306427001953125
3257,-10.611283302307129
3258,0.3638496398925781
3259,3.0737991333007812
3260,-1.3522977828979492
3261,-1.3911676406860352
3262,4.3573760986328125
3263,-13.98187255859375
3264,-1.2480096817016602
3265,3.9742469787597656
3266,-2.318899631500244
3267,8.486937522888184
3268,-4.86323356628418
3269,-6.471975803375244
3270,8.764521598815918
3271,-4.750450134277344
3272,-6.9966301918029785
3273,8.762595176696777
3274,-4.730268478393555
3275,-6.996431350708008
3276,8.76535701751709
3277,-4.708282470703125
3278,-6.999483108520508
3279,8.771260261535645
3280,-4.766302108764648
3281,-5.867077350616455
3282,8.772358894348145
3283,-4.752986907958984
3284,-5.864715099334717
3285,8.791304588317871
3286,-4.7360076904296875
3287,-5.861313343048096
3288,8.58884334564209
3289,-4.518327713012695
3290,-8.338254928588867
3291,8.613354682922363
3292,-4.54435920715332
3293,-3.253899097442627
3294,8.228753089904785
3295,-4.788248062133789
3296,-6.9608612060546875
3297,8.215008735656738
3298,-4.804559707641602
3299,-5.485538959503174
3300,7.012795448303223
3301,-4.277681350708008
3302,-9.794187545776367
3303,6.724127769470215
3304,-4.185201644897461
3305,-0.6011509895324707
3306,7.873473167419434
3307,-5.401416778564453
3308,-11.894264221191406
3309,7.6229658126831055
3310,-5.319465637207031
3311,1.583726406097412
3312,10.307564735412598
3313,-5.493015289306641
3314,-10.845449447631836
3315,9.581965446472168
3316,-5.393640518188477
3317,2.568607807159424
3318,10.840662956237793
3319,-5.518754959106445
3320,-11.71983528137207
3321,10.252020835876465
3322,-5.330898284912109
3323,2.4231667518615723
3324,10.830307960510254
3325,-5.422733306884766
3326,-11.230823516845703
3327,10.363690376281738
3328,-5.334175109863281
3329,2.1845669746398926
3330,10.692854881286621
3331,-5.434865951538086
3332,-10.655556678771973
3333,10.234513282775879
3334,-5.362459182739258
3335,2.26527738571167
3336,1.6518545150756836
3337,-1.9215679168701172
3338,-8.653887748718262
3339,1.8323125839233398
3340,-2.0153770446777344
3341,-1.5647640228271484
3342,-0.7396688461303711
3343,-0.06954002380371094
3344,-8.986167907714844
3345,-0.02291393280029297
3346,0.16007232666015625
3347,-1.3878581523895264
3348,-0.11420631408691406
3349,2.3881149291992188
3350,-7.41297721862793
3351,-0.14870929718017578
3352,2.196269989013672
3353,-0.32926464080810547
3354,0.4742097854614258
3355,2.339334487915039
3356,-7.160254955291748
3357,0.41675662994384766
3358,2.1815967559814453
3359,-0.12047052383422852
3360,-0.2022724151611328
3361,3.4677810668945312
3362,-8.816156387329102
3363,-0.9017295837402344
3364,2.9847030639648438
3365,-1.0962929725646973
3366,8.994704246520996
3367,-4.759344100952148
3368,-6.323400020599365
3369,9.308545112609863
3370,-4.683542251586914
3371,-6.7402024269104
3372,9.334553718566895
3373,-4.657566070556641
3374,-6.736677646636963
3375,9.363141059875488
3376,-4.628040313720703
3377,-6.737111568450928
3378,9.310685157775879
3379,-4.695293426513672
3380,-5.529650688171387
3381,9.335299491882324
3382,-4.677539825439453
3383,-5.532629489898682
3384,9.364802360534668
3385,-4.655998229980469
3386,-5.533895969390869
3387,9.387904167175293
3388,-4.368986129760742
3389,-8.10489559173584
3390,9.35520076751709
3391,-4.412326812744141
3392,-2.477973699569702
3393,8.773051261901855
3394,-4.64531135559082
3395,-6.779518127441406
3396,8.762167930603027
3397,-4.670238494873047
3398,-5.2149786949157715
3399,7.957955360412598
3400,-3.9661998748779297
3401,-10.22758674621582
3402,7.507885932922363
3403,-4.142681121826172
3404,1.0896320343017578
3405,7.711798667907715
3406,-5.239479064941406
3407,-13.954011917114258
3408,7.65444278717041
3409,-5.269132614135742
3410,2.465088367462158
3411,10.086148262023926
3412,-5.863643646240234
3413,-13.862174987792969
3414,9.863471031188965
3415,-5.8470306396484375
3416,2.0293073654174805
3417,10.503605842590332
3418,-6.091447830200195
3419,-15.571311950683594
3420,10.438384056091309
3421,-5.938941955566406
3422,1.8436217308044434
3423,10.73273754119873
3424,-5.939613342285156
3425,-14.860328674316406
3426,10.529707908630371
3427,-5.880363464355469
3428,1.3887224197387695
3429,10.520401954650879
3430,-5.850578308105469
3431,-13.672365188598633
3432,10.36963176727295
3433,-5.846719741821289
3434,1.5713634490966797
3435,2.103238105773926
3436,-2.354146957397461
3437,-9.230316162109375
3438,2.196791648864746
3439,-2.4279842376708984
3440,-0.9831109046936035
3441,-2.1312952041625977
3442,-1.8970203399658203
3443,-12.504109382629395
3444,-1.2059192657470703
3445,-1.9058780670166016
3446,-0.8341593742370605
3447,-0.15227890014648438
3448,0.22418975830078125
3449,-8.186911582946777
3450,-0.11360454559326172
3451,0.08260345458984375
3452,1.6075615882873535
3453,0.5533695220947266
3454,0.1873302459716797
3455,-7.821720123291016
3456,0.7378063201904297
3457,0.009859085083007812
3458,1.7037482261657715
3459,-0.26482105255126953
3460,1.534820556640625
3461,-7.201321601867676
3462,-0.29175662994384766
3463,1.3009567260742188
3464,2.311307907104492
3465,9.320189476013184
3466,-4.573541641235352
3467,-6.391440391540527
3468,9.747754096984863
3469,-4.51817512512207
3470,-6.965503692626953
3471,9.785887718200684
3472,-4.493442535400391
3473,-6.962657451629639
3474,9.834486961364746
3475,-4.461193084716797
3476,-6.962542533874512
3477,9.741145133972168
3478,-4.527374267578125
3479,-5.673045635223389
3480,9.768153190612793
3481,-4.508335113525391
3482,-5.675429821014404
3483,9.797989845275879
3484,-4.488216400146484
3485,-5.677653789520264
3486,9.906157493591309
3487,-4.207159042358398
3488,-8.582463264465332
3489,9.862740516662598
3490,-4.245639801025391
3491,-2.6926157474517822
3492,9.103495597839355
3493,-4.417545318603516
3494,-6.940788269042969
3495,9.063035011291504
3496,-4.439830780029297
3497,-5.264944076538086
3498,8.463820457458496
3499,-3.741964340209961
3500,-12.439709663391113
3501,8.037978172302246
3502,-3.841663360595703
3503,1.2882428169250488
3504,7.592867851257324
3505,-5.222587585449219
3506,-14.369749069213867
3507,7.643221855163574
3508,-5.103414535522461
3509,2.7430596351623535
3510,8.940089225769043
3511,-6.321577072143555
3512,-11.672386169433594
3513,8.868508338928223
3514,-6.179161071777344
3515,0.2845487594604492
3516,9.322569847106934
3517,-6.713960647583008
3518,-12.936752319335938
3519,9.41590404510498
3520,-6.515480041503906
3521,0.009674549102783203
3522,9.581671714782715
3523,-6.597745895385742
3524,-12.398820877075195
3525,9.509467124938965
3526,-6.49139404296875
3527,-0.9010696411132812
3528,9.418168067932129
3529,-6.433906555175781
3530,-11.418832778930664
3531,9.445473670959473
3532,-6.442173004150391
3533,-0.37539005279541016
3534,2.3987302780151367
3535,-2.452932357788086
3536,-9.494407653808594
3537,2.4620656967163086
3538,-2.5305938720703125
3539,-0.7243428230285645
3540,-2.0576581954956055
3541,-3.233701705932617
3542,-12.949870109558105
3543,-1.2103385925292969
3544,-3.2201290130615234
3545,0.10082483291625977
3546,-0.16482925415039062
3547,-1.1068000793457031
3548,-4.650843620300293
3549,0.05586528778076172
3550,-1.1500244140625
3551,5.463099956512451
3552,0.6120433807373047
3553,-1.2023468017578125
3554,-3.6491174697875977
3555,0.7505207061767578
3556,-1.2003726959228516
3557,5.924907207489014
3558,-0.4513387680053711
3559,-0.25367164611816406
3560,-1.4716577529907227
3561,-0.18797969818115234
3562,-0.4617176055908203
3563,7.235182285308838
3564,9.830718040466309
3565,-4.457252502441406
3566,-6.852039337158203
3567,10.296504020690918
3568,-4.447713851928711
3569,-7.682355880737305
3570,10.318238258361816
3571,-4.4319610595703125
3572,-7.682543754577637
3573,10.343424797058105
3574,-4.4039764404296875
3575,-7.683066368103027
3576,10.313130378723145
3577,-4.46734619140625
3578,-6.295652389526367
3579,10.344847679138184
3580,-4.47027587890625
3581,-6.296735763549805
3582,10.38013744354248
3583,-4.48028564453125
3584,-6.297701835632324
3585,10.345179557800293
3586,-4.115756988525391
3587,-9.834548950195312
3588,10.386052131652832
3589,-4.083045959472656
3590,-3.5853588581085205
3591,9.526928901672363
3592,-4.295543670654297
3593,-7.529250144958496
3594,9.515400886535645
3595,-4.315040588378906
3596,-5.729713439941406
3597,8.631512641906738
3598,-3.6338233947753906
3599,-13.679937362670898
3600,8.647664070129395
3601,-3.783243179321289
3602,0.893585205078125
3603,7.094408988952637
3604,-5.031518936157227
3605,-15.790193557739258
3606,7.409649848937988
3607,-4.734458923339844
3608,2.561561107635498
3609,8.788626670837402
3610,-6.625566482543945
3611,-13.207813262939453
3612,7.8839006423950195
3613,-5.978305816650391
3614,-0.947880744934082
3615,8.205058097839355
3616,-6.974178314208984
3617,-14.873146057128906
3618,8.33457088470459
3619,-6.225404739379883
3620,-0.986875057220459
3621,8.828314781188965
3622,-6.954103469848633
3623,-13.833356857299805
3624,8.415350914001465
3625,-6.272880554199219
3626,-2.418168544769287
3627,8.899563789367676
3628,-6.849233627319336
3629,-12.722930908203125
3630,8.31965160369873
3631,-6.203069686889648
3632,-1.6883738040924072
3633,2.5778074264526367
3634,-2.641918182373047
3635,-9.604385375976562
3636,2.7566213607788086
3637,-2.5945262908935547
3638,-0.6152973175048828
3639,-0.38304710388183594
3640,-4.601921081542969
3641,-11.77209186553955
3642,0.33236217498779297
3643,-3.9177379608154297
3644,3.34450101852417
3645,-0.9335660934448242
3646,-2.320737838745117
3647,-3.661078453063965
3648,-0.9804744720458984
3649,-2.232677459716797
3650,6.790894031524658
3651,-0.40871143341064453
3652,-2.064401626586914
3653,-2.667620897293091
3654,-0.8483524322509766
3655,-1.9906158447265625
3656,7.075652599334717
3657,-1.8333559036254883
3658,-2.0009002685546875
3659,0.319211483001709
3660,-2.1002254486083984
3661,-2.2127208709716797
3662,8.190967559814453
3663,10.496003150939941
3664,-4.050712585449219
3665,-6.105808258056641
3666,10.86211109161377
3667,-3.9141368865966797
3668,-7.1865644454956055
3669,10.877570152282715
3670,-3.8869857788085938
3671,-7.191049575805664
3672,10.89475154876709
3673,-3.8551864624023438
3674,-7.193854331970215
3675,10.854948997497559
3676,-3.913349151611328
3677,-5.70867919921875
3678,10.8635892868042
3679,-3.890392303466797
3680,-5.709466934204102
3681,10.875914573669434
3682,-3.865419387817383
3683,-5.709160327911377
3684,10.769225120544434
3685,-3.585237503051758
3686,-9.451904296875
3687,10.781889915466309
3688,-3.5512142181396484
3689,-3.3184375762939453
3690,10.148201942443848
3691,-3.951629638671875
3692,-6.908683776855469
3693,10.137906074523926
3694,-3.9581127166748047
3695,-5.00865364074707
3696,8.847765922546387
3697,-3.56396484375
3698,-13.081110000610352
3699,8.834975242614746
3700,-3.2882957458496094
3701,1.686882495880127
3702,6.748383522033691
3703,-4.859552383422852
3704,-15.463207244873047
3705,7.042790412902832
3706,-4.562131881713867
3707,3.1556038856506348
3708,6.428286552429199
3709,-6.25489616394043
3710,-13.305767059326172
3711,7.738772392272949
3712,-5.692411422729492
3713,0.12199831008911133
3714,6.105917930603027
3715,-6.631498336791992
3716,-15.015888214111328
3717,8.236092567443848
3718,-5.862979888916016
3719,0.2223505973815918
3720,6.426022529602051
3721,-6.63282585144043
3722,-13.839555740356445
3723,8.148924827575684
3724,-5.898357391357422
3725,-1.1637582778930664
3726,6.517218589782715
3727,-6.494848251342773
3728,-12.776189804077148
3729,8.034337043762207
3730,-5.874246597290039
3731,-0.5783753395080566
3732,2.9128732681274414
3733,-2.728954315185547
3734,-9.628753662109375
3735,3.135878562927246
3736,-2.569265365600586
3737,-0.5877737998962402
3738,1.8955755233764648
3739,-5.167095184326172
3740,-10.720355987548828
3741,2.053921699523926
3742,-4.46998405456543
3743,3.2486462593078613
3744,-1.6953725814819336
3745,-3.6997318267822266
3746,-4.958725929260254
3747,-1.4093704223632812
3748,-3.564117431640625
3749,5.5232319831848145
3750,-2.0483036041259766
3751,-3.319272994995117
3752,-4.255278587341309
3753,-1.8209657669067383
3754,-3.225698471069336
3755,5.975943088531494
3756,-2.900096893310547
3757,-4.248624801635742
3758,-3.0464186668395996
3759,-2.4774179458618164
3760,-4.081220626831055
3761,6.335140705108643
3762,10.838690757751465
3763,-3.4721546173095703
3764,-6.719127655029297
3765,11.130141258239746
3766,-3.2649364471435547
3767,-7.699640274047852
3768,11.122918128967285
3769,-3.2300891876220703
3770,-7.7033209800720215
3771,11.113499641418457
3772,-3.191984176635742
3773,-7.706259727478027
3774,11.135703086853027
3775,-3.272869110107422
3776,-6.172600269317627
3777,11.133109092712402
3778,-3.244853973388672
3779,-6.172253608703613
3780,11.130253791809082
3781,-3.2106971740722656
3782,-6.172725677490234
3783,10.834307670593262
3784,-2.9472713470458984
3785,-9.869401931762695
3786,10.867230415344238
3787,-2.9423179626464844
3788,-3.235077381134033
3789,10.41173267364502
3790,-3.392904281616211
3791,-7.464505195617676
3792,10.41799259185791
3793,-3.4157943725585938
3794,-5.472694396972656
3795,8.790114402770996
3796,-3.0510292053222656
3797,-14.126424789428711
3798,8.826970100402832
3799,-2.8644866943359375
3800,1.9280519485473633
3801,6.563441276550293
3802,-4.172401428222656
3803,-16.237924575805664
3804,6.742831230163574
3805,-4.062894821166992
3806,3.391808032989502
3807,5.504818916320801
3808,-5.837074279785156
3809,-14.193180084228516
3810,5.832766532897949
3811,-5.355741500854492
3812,-0.11101007461547852
3813,5.123541831970215
3814,-6.116418838500977
3815,-15.854766845703125
3816,5.870070457458496
3817,-5.503650665283203
3818,0.019741535186767578
3819,5.3700361251831055
3820,-6.107843399047852
3821,-14.810213088989258
3822,5.938750267028809
3823,-5.537082672119141
3824,-1.5029702186584473
3825,5.480002403259277
3826,-5.985767364501953
3827,-13.712148666381836
3828,5.914563179016113
3829,-5.499744415283203
3830,-0.8830242156982422
3831,3.0051069259643555
3832,-2.7496891021728516
3833,-10.046259880065918
3834,3.3612146377563477
3835,-2.6710033416748047
3836,-0.16686677932739258
3837,3.732974052429199
3838,-5.37249755859375
3839,-10.292253494262695
3840,4.058114051818848
3841,-4.8079376220703125
3842,2.087584972381592
3843,-1.218876838684082
3844,-5.1258697509765625
3845,-4.716115474700928
3846,-0.28486061096191406
3847,-5.041719436645508
3848,6.586954593658447
3849,-1.516312599182129
3850,-4.919071197509766
3851,-4.089547157287598
3852,-1.1998233795166016
3853,-4.773113250732422
3854,7.008906841278076
3855,-1.5046005249023438
3856,-6.111232757568359
3857,-3.771152973175049
3858,-1.0891656875610352
3859,-5.797607421875
3860,6.864980220794678
3861,10.754067420959473
3862,-2.8638839721679688
3863,-6.5854010581970215
3864,10.982340812683105
3865,-2.663177490234375
3866,-7.479156494140625
3867,10.961073875427246
3868,-2.6285171508789062
3869,-7.481513977050781
3870,10.934128761291504
3871,-2.5932273864746094
3872,-7.484119415283203
3873,11.002707481384277
3874,-2.675029754638672
3875,-6.02176570892334
3876,10.998469352722168
3877,-2.6498355865478516
3878,-6.021390438079834
3879,10.990485191345215
3880,-2.623638153076172
3881,-6.021733283996582
3882,10.626208305358887
3883,-2.3528213500976562
3884,-9.565045356750488
3885,10.706574440002441
3886,-2.3794593811035156
3887,-3.150714159011841
3888,10.295178413391113
3889,-2.811674118041992
3890,-7.29714298248291
3891,10.307642936706543
3892,-2.8451499938964844
3893,-5.410330295562744
3894,8.570487022399902
3895,-2.575716018676758
3896,-13.704893112182617
3897,8.74445629119873
3898,-2.479463577270508
3899,2.3588175773620605
3900,6.479815483093262
3901,-3.5937061309814453
3902,-15.783576965332031
3903,6.652447700500488
3904,-3.504636764526367
3905,4.090944766998291
3906,5.527283668518066
3907,-5.806629180908203
3908,-13.325113296508789
3909,5.705935478210449
3910,-5.153175354003906
3911,0.17856931686401367
3912,5.2705583572387695
3913,-5.960813522338867
3914,-14.844221115112305
3915,5.713747978210449
3916,-5.482900619506836
3917,0.7915287017822266
3918,5.545538902282715
3919,-5.914463043212891
3920,-13.804954528808594
3921,5.837298393249512
3922,-5.464365005493164
3923,-1.4182765483856201
3924,5.669999122619629
3925,-5.80720329284668
3926,-12.826009750366211
3927,5.833380699157715
3928,-5.481962203979492
3929,-0.7809042930603027
3930,3.050116539001465
3931,-2.8668594360351562
3932,-10.086271286010742
3933,3.2865400314331055
3934,-2.7656993865966797
3935,-0.1264338493347168
3936,5.28336238861084
3937,-5.413801193237305
3938,-9.634077072143555
3939,5.598511695861816
3940,-4.943614959716797
3941,1.5958480834960938
3942,1.6219911575317383
3943,-6.56243896484375
3944,-5.062060832977295
3945,2.349909782409668
3946,-6.552824020385742
3947,5.687732219696045
3948,0.7879648208618164
3949,-6.612873077392578
3950,-4.574509620666504
3951,1.0626049041748047
3952,-6.46453857421875
3953,5.806379795074463
3954,3.1845808029174805
3955,-7.755393981933594
3956,-3.8109145164489746
3957,3.16794490814209
3958,-7.575237274169922
3959,4.24368143081665
3960,10.76124095916748
3961,-2.110525131225586
3962,-5.635676383972168
3963,10.889744758605957
3964,-1.8971176147460938
3965,-6.55411958694458
3966,10.860333442687988
3967,-1.8617801666259766
3968,-6.557084083557129
3969,10.828215599060059
3970,-1.8255500793457031
3971,-6.561550617218018
3972,10.896483421325684
3973,-1.9124603271484375
3974,-5.06190299987793
3975,10.872782707214355
3976,-1.8887386322021484
3977,-5.062075138092041
3978,10.847504615783691
3979,-1.8619728088378906
3980,-5.063276290893555
3981,10.43752384185791
3982,-1.6262035369873047
3983,-8.702299118041992
3984,10.4524564743042
3985,-1.6540870666503906
3986,-2.015368938446045
3987,10.371970176696777
3988,-2.103090286254883
3989,-6.385772705078125
3990,10.380192756652832
3991,-2.131092071533203
3992,-4.4334588050842285
3993,8.456591606140137
3994,-2.0787887573242188
3995,-13.251266479492188
3996,8.409514427185059
3997,-2.0490074157714844
3998,2.904087543487549
3999,6.453032493591309
4000,-3.0748558044433594
4001,-14.290706634521484
4002,6.589455604553223
4003,-3.0721683502197266
4004,4.6558756828308105
4005,5.643876075744629
4006,-4.816516876220703
4007,-11.060799598693848
4008,5.827561378479004
4009,-4.292764663696289
4010,1.4599461555480957
4011,5.7872419357299805
4012,-4.929718017578125
4013,-12.126083374023438
4014,6.098076820373535
4015,-4.51753044128418
4016,1.9446372985839844
4017,6.150311470031738
4018,-5.128625869750977
4019,-11.316082000732422
4020,6.088747978210449
4021,-4.5917510986328125
4022,0.4009532928466797
4023,6.1803789138793945
4024,-4.95623779296875
4025,-10.653031349182129
4026,6.2817277908325195
4027,-4.671142578125
4028,0.6831655502319336
4029,3.067439079284668
4030,-3.016712188720703
4031,-10.111540794372559
4032,3.230526924133301
4033,-2.93414306640625
4034,-0.10068225860595703
4035,7.076607704162598
4036,-5.080253601074219
4037,-10.08166790008545
4038,7.044831275939941
4039,-4.982295989990234
4040,-0.5917153358459473
4041,3.920750617980957
4042,-6.704742431640625
4043,-6.544610977172852
4044,4.077963829040527
4045,-6.665246963500977
4046,1.5221061706542969
4047,3.1332788467407227
4048,-6.918436050415039
4049,-6.217425346374512
4050,3.3327932357788086
4051,-6.773159027099609
4052,1.5887742042541504
4053,5.063027381896973
4054,-7.978163719177246
4055,-7.14107608795166
4056,4.9056501388549805
4057,-7.702760696411133
4058,0.40373706817626953
4059,10.425707817077637
4060,-1.2994709014892578
4061,-5.664377212524414
4062,10.354697227478027
4063,-0.9269428253173828
4064,-6.506229400634766
4065,10.315459251403809
4066,-0.9002094268798828
4067,-6.508184909820557
4068,10.278998374938965
4069,-0.8835887908935547
4070,-6.511632919311523
4071,10.370081901550293
4072,-0.9336071014404297
4073,-5.130332946777344
4074,10.3080472946167
4075,-0.9177513122558594
4076,-5.131017208099365
4077,10.275280952453613
4078,-0.9081592559814453
4079,-5.1315531730651855
4080,9.910727500915527
4081,-0.7924594879150391
4082,-8.343429565429688
4083,9.925456047058105
4084,-0.8352527618408203
4085,-2.1917171478271484
4086,10.035466194152832
4087,-1.4254932403564453
4088,-6.317132949829102
4089,10.01018238067627
4090,-1.4445018768310547
4091,-4.521512985229492
4092,8.136631965637207
4093,-1.7514839172363281
4094,-11.685724258422852
4095,8.5575532913208
4096,-1.8249950408935547
4097,2.210890293121338
4098,6.429877281188965
4099,-3.204355239868164
4100,-11.348814964294434
4101,7.409745216369629
4102,-3.0085105895996094
4103,3.599320888519287
4104,7.546303749084473
4105,-4.394733428955078
4106,-7.48846960067749
4107,8.325858116149902
4108,-4.183649063110352
4109,1.1472358703613281
4110,7.941222190856934
4111,-4.589485168457031
4112,-8.29494857788086
4113,8.6283540725708
4114,-4.202203750610352
4115,1.7350764274597168
4116,8.17225170135498
4117,-4.521623611450195
4118,-7.644200325012207
4119,8.850714683532715
4120,-4.228643417358398
4121,0.25926876068115234
4122,8.041481971740723
4123,-4.375604629516602
4124,-7.154961585998535
4125,8.80477237701416
4126,-4.229496002197266
4127,0.4767584800720215
4128,3.19905948638916
4129,-3.2014999389648438
4130,-9.760431289672852
4131,3.515566825866699
4132,-3.1239681243896484
4133,-0.45033693313598633
4134,8.011933326721191
4135,-4.562417984008789
4136,-10.218486785888672
4137,8.077122688293457
4138,-4.455259323120117
4139,-1.1463239192962646
4140,6.049927711486816
4141,-6.447788238525391
4142,-7.935842514038086
4143,6.156828880310059
4144,-6.400751113891602
4145,0.4074983596801758
4146,5.3124799728393555
4147,-6.784521102905273
4148,-7.648043632507324
4149,5.527770042419434
4150,-6.707744598388672
4151,0.45856523513793945
4152,7.576764106750488
4153,-7.186349868774414
4154,-8.53403091430664
4155,7.401190757751465
4156,-7.07380485534668
4157,-0.4653000831604004
4158,10.048384666442871
4159,-0.8634357452392578
4160,-9.612350463867188
4161,9.887103080749512
4162,-0.6765804290771484
4163,-10.240428924560547
4164,9.769253730773926
4165,-0.6704750061035156
4166,-10.239446640014648
4167,9.658804893493652
4168,-0.6654872894287109
4169,-10.240764617919922
4170,9.980534553527832
4171,-0.6736888885498047
4172,-9.415416717529297
4173,9.918707847595215
4174,-0.6720466613769531
4175,-9.419678688049316
4176,9.8613920211792
4177,-0.66986083984375
4178,-9.421398162841797
4179,9.0974760055542
4180,-0.7098503112792969
4181,-11.329195022583008
4182,9.271744728088379
4183,-0.7120952606201172
4184,-7.591884613037109
4185,9.64562702178955
4186,-1.0456886291503906
4187,-9.904716491699219
4188,9.577128410339355
4189,-1.0480117797851562
4190,-8.820286750793457
4191,7.8243913650512695
4192,-1.500457763671875
4193,-12.670902252197266
4194,8.313477516174316
4195,-1.6199665069580078
4196,-3.9476866722106934
4197,6.44735050201416
4198,-2.966428756713867
4199,-12.164825439453125
4200,7.486115455627441
4201,-2.773365020751953
4202,-2.3953120708465576
4203,8.214646339416504
4204,-3.0949478149414062
4205,-9.211929321289062
4206,8.77258014678955
4207,-2.8459014892578125
4208,-4.059271812438965
4209,8.617703437805176
4210,-3.2633113861083984
4211,-9.992388725280762
4212,8.99356746673584
4213,-2.8353538513183594
4214,-3.8322863578796387
4215,8.892165184020996
4216,-3.047964096069336
4217,-9.570291519165039
4218,9.301499366760254
4219,-2.786226272583008
4220,-4.688571929931641
4221,8.757948875427246
4222,-2.9745254516601562
4223,-8.979767799377441
4224,9.254536628723145
4225,-2.808696746826172
4226,-4.4278693199157715
4227,3.50070858001709
4228,-3.02630615234375
4229,-8.598527908325195
4230,4.216286659240723
4231,-2.959463119506836
4232,-1.6164987087249756
4233,7.898398399353027
4234,-4.1177978515625
4235,-9.360509872436523
4236,8.729472160339355
4237,-3.883577346801758
4238,-1.7292804718017578
4239,7.761551856994629
4240,-5.916650772094727
4241,-7.482352256774902
4242,7.7113542556762695
4243,-5.83119010925293
4244,-1.1261916160583496
4245,7.383669853210449
4246,-6.156913757324219
4247,-7.243328094482422
4248,7.446955680847168
4249,-6.1358795166015625
4250,-1.1949734687805176
4251,9.38575267791748
4252,-6.228420257568359
4253,-8.587872505187988
4254,9.228463172912598
4255,-6.251096725463867
4256,-2.448166608810425
4257,9.819016456604004
4258,-1.1792869567871094
4259,-3.347691059112549
4260,9.525317192077637
4261,-0.9559478759765625
4262,-4.13976526260376
4263,9.39771556854248
4264,-0.9393806457519531
4265,-4.140872001647949
4266,9.282515525817871
4267,-0.9241447448730469
4268,-4.143958568572998
4269,9.681513786315918
4270,-0.9601287841796875
4271,-3.1246094703674316
4272,9.653429985046387
4273,-0.9500904083251953
4274,-3.125932216644287
4275,9.615799903869629
4276,-0.9385604858398438
4277,-3.129063844680786
4278,8.830245018005371
4279,-0.8872165679931641
4280,-5.851678371429443
4281,9.140032768249512
4282,-0.9066524505615234
4283,-1.3040530681610107
4284,9.43139934539795
4285,-1.3293933868408203
4286,-3.8607029914855957
4287,9.45056438446045
4288,-1.3310184478759766
4289,-2.5397019386291504
4290,8.145899772644043
4291,-1.6490650177001953
4292,-8.730098724365234
4293,8.403508186340332
4294,-1.6854877471923828
4295,1.839144229888916
4296,7.0742292404174805
4297,-3.1897640228271484
4298,-7.249274730682373
4299,7.476376533508301
4300,-2.9708995819091797
4301,1.559645652770996
4302,8.57828426361084
4303,-3.1630306243896484
4304,-2.4621946811676025
4305,8.450997352600098
4306,-3.61505126953125
4307,-1.579012393951416
4308,8.846030235290527
4309,-3.148313522338867
4310,-2.8878064155578613
4311,8.634747505187988
4312,-3.7036571502685547
4313,-0.20391368865966797
4314,8.948979377746582
4315,-2.971385955810547
4316,-2.4931089878082275
4317,8.851239204406738
4318,-3.7031173706054688
4319,-1.3747766017913818
4320,8.888115882873535
4321,-2.9878063201904297
4322,-2.2171363830566406
4323,8.821541786193848
4324,-3.6871204376220703
4325,-1.9111292362213135
4326,4.1723127365112305
4327,-3.2187957763671875
4328,-8.86340045928955
4329,4.322995185852051
4330,-3.224447250366211
4331,-1.3547477722167969
4332,9.387883186340332
4333,-2.7837486267089844
4334,-9.593803405761719
4335,9.360867500305176
4336,-3.0860328674316406
4337,-1.2776341438293457
4338,9.402356147766113
4339,-5.223499298095703
4340,-8.035144805908203
4341,9.133511543273926
4342,-5.177343368530273
4343,-1.9526679515838623
4344,8.782990455627441
4345,-5.602439880371094
4346,-7.8512187004089355
4347,8.294257164001465
4348,-5.529483795166016
4349,-2.0889835357666016
4350,10.785712242126465
4351,-5.463539123535156
4352,-8.812447547912598
4353,9.761832237243652
4354,-5.535701751708984
4355,-3.285938262939453
4356,4.126578330993652
4357,0.9271335601806641
4358,-8.072443962097168
4359,3.6295671463012695
4360,0.9184837341308594
4361,-8.853450775146484
4362,3.5769739151000977
4363,0.88421630859375
4364,-8.856477737426758
4365,3.529181480407715
4366,0.8342342376708984
4367,-8.860984802246094
4368,3.692326545715332
4369,0.9419155120849609
4370,-7.303719997406006
4371,3.682187080383301
4372,0.9248256683349609
4373,-7.303810119628906
4374,3.669093132019043
4375,0.9125595092773438
4376,-7.303373336791992
4377,3.354058265686035
4378,0.49498558044433594
4379,-10.33279037475586
4380,3.488518714904785
4381,0.6116924285888672
4382,-3.3462414741516113
4383,4.273707389831543
4384,0.6352119445800781
4385,-8.57511043548584
4386,4.339190483093262
4387,0.6731548309326172
4388,-6.548063278198242
4389,4.679171562194824
4390,-0.6239128112792969
4391,-13.994617462158203
4392,4.522475242614746
4393,-0.43926429748535156
4394,2.033484935760498
4395,6.819634437561035
4396,-2.1028366088867188
4397,-14.621604919433594
4398,6.729966163635254
4399,-1.643136978149414
4400,4.038184642791748
4401,9.427178382873535
4402,-1.1788158416748047
4403,-10.882818222045898
4404,8.982672691345215
4405,-1.3559398651123047
4406,-0.12482404708862305
4407,10.063929557800293
4408,-1.118886947631836
4409,-12.2056303024292
4410,9.378209114074707
4411,-1.2250022888183594
4412,-0.09005260467529297
4413,9.7344388961792
4414,-0.8561897277832031
4415,-11.452457427978516
4416,9.299445152282715
4417,-1.151437759399414
4418,-1.696643352508545
4419,9.541865348815918
4420,-0.9506340026855469
4421,-10.533666610717773
4422,9.189238548278809
4423,-1.173074722290039
4424,-0.9549980163574219
4425,6.584694862365723
4426,-3.581085205078125
4427,-10.199995040893555
4428,6.418351173400879
4429,-3.4713363647460938
4430,-0.005140781402587891
4431,9.693394660949707
4432,-1.0207901000976562
4433,-10.346654891967773
4434,9.548487663269043
4435,-1.0561752319335938
4436,0.17480897903442383
4437,13.867379188537598
4438,-2.3575897216796875
4439,-5.735401630401611
4440,13.47546672821045
4441,-2.366008758544922
4442,3.1154589653015137
4443,13.937821388244629
4444,-2.670797348022461
4445,-5.261712074279785
4446,13.492575645446777
4447,-2.7026920318603516
4448,3.248415470123291
4449,15.15192699432373
4450,-1.7711849212646484
4451,-6.630438327789307
4452,14.752215385437012
4453,-1.9030838012695312
4454,1.7224054336547852
4455,3.0561037063598633
4456,0.7696266174316406
4457,-11.544570922851562
4458,2.600344657897949
4459,0.6093406677246094
4460,-12.181734085083008
4461,2.5986337661743164
4462,0.5696926116943359
4463,-12.18116569519043
4464,2.6107492446899414
4465,0.5111484527587891
4466,-12.181853294372559
4467,2.5800962448120117
4468,0.6463394165039062
4469,-10.90571403503418
4470,2.5689687728881836
4471,0.6304378509521484
4472,-10.909183502197266
4473,2.5629968643188477
4474,0.6157474517822266
4475,-10.908941268920898
4476,2.723677635192871
4477,0.20868301391601562
4478,-13.363842010498047
4479,2.67880916595459
4480,0.3555107116699219
4481,-7.565269470214844
4482,3.3609838485717773
4483,0.5662345886230469
4484,-11.90238094329834
4485,3.362900733947754
4486,0.6144542694091797
4487,-10.221317291259766
4488,4.47196102142334
4489,-0.8070564270019531
4490,-15.58338737487793
4491,4.029122352600098
4492,-0.4435100555419922
4493,-2.8452491760253906
4494,7.029715538024902
4495,-1.6574478149414062
4496,-16.304344177246094
4497,6.323214530944824
4498,-1.1866588592529297
4499,-1.3672637939453125
4500,9.14823055267334
4501,-0.6456356048583984
4502,-14.91448974609375
4503,8.104477882385254
4504,-0.9111919403076172
4505,-4.245182037353516
4506,9.508769035339355
4507,-0.4425621032714844
4508,-16.63257598876953
4509,8.320906639099121
4510,-0.7317276000976562
4511,-3.951756477355957
4512,9.147408485412598
4513,-0.1933460235595703
4514,-15.797222137451172
4515,8.357245445251465
4516,-0.6801090240478516
4517,-5.517908573150635
4518,9.069550514221191
4519,-0.31577301025390625
4520,-14.629556655883789
4521,8.310809135437012
4522,-0.7413444519042969
4523,-4.93178653717041
4524,6.284958839416504
4525,-3.3953990936279297
4526,-9.702678680419922
4527,6.055468559265137
4528,-3.0444374084472656
4529,-0.505702018737793
4530,8.763117790222168
4531,-1.0659599304199219
4532,-10.26544189453125
4533,8.413979530334473
4534,-1.0539016723632812
4535,0.16956377029418945
4536,13.47946834564209
4537,-0.37709808349609375
4538,-7.271759033203125
4539,12.215767860412598
4540,-1.0527381896972656
4541,3.241971492767334
4542,13.942748069763184
4543,-0.5182151794433594
4544,-7.06785249710083
4545,12.897919654846191
4546,-1.1488914489746094
4547,3.4601712226867676
4548,13.375834465026855
4549,0.3465251922607422
4550,-9.087791442871094
4551,12.606385231018066
4552,-0.3727550506591797
4553,2.2726240158081055
4554,2.205622673034668
4555,0.39342308044433594
4556,-22.107250213623047
4557,1.9002599716186523
4558,0.1727123260498047
4559,-22.592382431030273
4560,1.929713249206543
4561,0.12021446228027344
4562,-22.593732833862305
4563,1.9124155044555664
4564,0.06829261779785156
4565,-22.598724365234375
4566,1.8376359939575195
4567,0.2238140106201172
4568,-21.69598388671875
4569,1.822087287902832
4570,0.21333694458007812
4571,-21.701915740966797
4572,1.815629005432129
4573,0.20544815063476562
4574,-21.70254135131836
4575,2.137932777404785
4576,-0.20905303955078125
4577,-22.081256866455078
4578,1.9671125411987305
4579,-0.04648399353027344
4580,-18.057104110717773
4581,2.6231393814086914
4582,0.2484569549560547
4583,-21.675216674804688
4584,2.5691919326782227
4585,0.3335704803466797
4586,-20.51470184326172
4587,4.4391069412231445
4588,-0.9203357696533203
4589,-21.366708755493164
4590,3.1562318801879883
4591,-0.33412742614746094
4592,-12.169214248657227
4593,7.599593162536621
4594,-1.084625244140625
4595,-21.910276412963867
4596,5.217587471008301
4597,-0.9918251037597656
4598,-7.8453521728515625
4599,9.146517753601074
4600,0.1930084228515625
4601,-23.214536666870117
4602,6.5319414138793945
4603,-0.8972682952880859
4604,-7.345330715179443
4605,9.57414722442627
4606,0.5562191009521484
4607,-25.55615234375
4608,6.424059867858887
4609,-0.7849864959716797
4610,-7.425220489501953
4611,9.140034675598145
4612,0.6602725982666016
4613,-25.233057022094727
4614,6.603768348693848
4615,-0.7432022094726562
4616,-8.98834228515625
4617,8.977791786193848
4618,0.5398235321044922
4619,-23.250080108642578
4620,6.7063093185424805
4621,-0.7866191864013672
4622,-7.920202255249023
4623,6.130982398986816
4624,-2.9688644409179688
4625,-8.373498916625977
4626,5.377408027648926
4627,-2.475862503051758
4628,-1.8364405632019043
4629,8.266768455505371
4630,-1.6361865997314453
4631,-2.937971830368042
4632,7.070940971374512
4633,-1.5420246124267578
4634,5.19537878036499
4635,9.033308982849121
4636,-1.3832511901855469
4637,7.339585781097412
4638,8.681620597839355
4639,-2.147584915161133
4640,15.434942245483398
4641,9.028122901916504
4642,-1.2965888977050781
4643,8.35986328125
4644,8.761612892150879
4645,-2.2450504302978516
4646,16.497303009033203
4647,9.337145805358887
4648,-0.9060935974121094
4649,7.4188971519470215
4650,9.527199745178223
4651,-2.070636749267578
4652,15.956249237060547
4653,1.9709997177124023
4654,0.10062026977539062
4655,-20.58177375793457
4656,1.7559576034545898
4657,-0.142791748046875
4658,-20.92034912109375
4659,1.7773656845092773
4660,-0.18910789489746094
4661,-20.92186164855957
4662,1.8042736053466797
4663,-0.2446880340576172
4664,-20.927072525024414
4665,1.691483497619629
4666,-0.08985328674316406
4667,-20.141775131225586
4668,1.6767807006835938
4669,-0.10465621948242188
4670,-20.144681930541992
4671,1.666010856628418
4672,-0.11887741088867188
4673,-20.14327049255371
4674,2.112603187561035
4675,-0.5149650573730469
4676,-20.250272750854492
4677,1.8813447952270508
4678,-0.3892230987548828
4679,-16.797548294067383
4680,2.400446891784668
4681,0.030979156494140625
4682,-20.125465393066406
4683,2.3105173110961914
4684,0.13405799865722656
4685,-19.131559371948242
4686,4.945281028747559
4687,-1.0275592803955078
4688,-19.83945655822754
4689,2.946286201477051
4690,-0.4692878723144531
4691,-11.915802955627441
4692,8.199809074401855
4693,-0.48273658752441406
4694,-20.70515251159668
4695,5.118130683898926
4696,-0.014120101928710938
4697,-10.1270112991333
4698,8.885695457458496
4699,1.0859241485595703
4700,-22.939058303833008
4701,6.568467140197754
4702,1.1335506439208984
4703,-11.914019584655762
4704,9.050559043884277
4705,1.515289306640625
4706,-25.48616600036621
4707,6.070294380187988
4708,1.5774974822998047
4709,-12.416346549987793
4710,8.557499885559082
4711,1.6105880737304688
4712,-24.743083953857422
4713,6.437897682189941
4714,1.6653976440429688
4715,-13.92435073852539
4716,8.384081840515137
4717,1.4402751922607422
4718,-22.887434005737305
4719,6.744254112243652
4720,1.4957637786865234
4721,-12.56808090209961
4722,6.4560956954956055
4723,-2.515226364135742
4724,-7.911590576171875
4725,5.478934288024902
4726,-2.4001502990722656
4727,-2.3025155067443848
4728,8.072991371154785
4729,-2.2906665802001953
4730,-0.756617546081543
4731,7.150450706481934
4732,-3.114818572998047
4733,5.767418384552002
4734,8.523516654968262
4735,-2.576627731323242
4736,8.333564758300781
4737,7.387375831604004
4738,-4.301137924194336
4739,14.600961685180664
4740,8.389925956726074
4741,-2.614391326904297
4742,9.34011459350586
4743,7.162899971008301
4744,-4.458377838134766
4745,15.669357299804688
4746,8.871291160583496
4747,-2.363431930541992
4748,8.88620376586914
4749,7.9199113845825195
4750,-4.54612922668457
4751,15.132989883422852
4752,2.0224523544311523
4753,-0.1807422637939453
4754,-19.072084426879883
4755,1.9162263870239258
4756,-0.4754066467285156
4757,-19.464292526245117
4758,1.9519319534301758
4759,-0.5127582550048828
4760,-19.463674545288086
4761,1.9903841018676758
4762,-0.5478153228759766
4763,-19.466026306152344
4764,1.8544397354125977
4765,-0.4409046173095703
4766,-18.76782989501953
4767,1.851466178894043
4768,-0.45676612854003906
4769,-18.7699031829834
4770,1.8538122177124023
4771,-0.4711570739746094
4772,-18.76839256286621
4773,2.3242902755737305
4774,-0.7178707122802734
4775,-19.629589080810547
4776,2.178410530090332
4777,-0.6265201568603516
4778,-16.46084976196289
4779,2.4594335556030273
4780,-0.15575027465820312
4781,-18.982511520385742
4782,2.3710241317749023
4783,-0.07823944091796875
4784,-18.0626277923584
4785,5.153199195861816
4786,-0.8113746643066406
4787,-20.17754554748535
4788,3.3378992080688477
4789,-0.4722442626953125
4790,-13.28230094909668
4791,8.183527946472168
4792,0.2054595947265625
4793,-21.258005142211914
4794,5.3636064529418945
4795,0.4223461151123047
4796,-13.327827453613281
4797,8.188736915588379
4798,1.6810798645019531
4799,-23.804210662841797
4800,7.168272972106934
4801,1.859018325805664
4802,-14.605058670043945
4803,8.09958553314209
4804,1.9624195098876953
4805,-26.24948501586914
4806,6.893967628479004
4807,2.296478271484375
4808,-15.205472946166992
4809,7.763350486755371
4810,2.056201934814453
4811,-25.669031143188477
4812,7.142338752746582
4813,2.4113407135009766
4814,-16.68693733215332
4815,7.610112190246582
4816,1.951446533203125
4817,-23.851350784301758
4818,7.33231258392334
4819,2.236997604370117
4820,-15.295696258544922
4821,7.439652442932129
4822,-2.326995849609375
4823,-7.8103742599487305
4824,6.015028953552246
4825,-2.055368423461914
4826,-2.409882068634033
4827,8.331198692321777
4828,-2.7204761505126953
4829,-3.331867218017578
4830,6.841906547546387
4831,-2.9537906646728516
4832,5.131474018096924
4833,7.841256141662598
4834,-2.49530029296875
4835,2.758450984954834
4836,6.839287757873535
4837,-3.6341896057128906
4838,11.817079544067383
4839,7.563067436218262
4840,-2.553647994995117
4841,3.4303574562072754
4842,6.660155296325684
4843,-3.7387619018554688
4844,12.613241195678711
4845,7.943480491638184
4846,-2.3366146087646484
4847,2.266483783721924
4848,7.281369209289551
4849,-3.829059600830078
4850,11.986358642578125
4851,2.920456886291504
4852,-0.09957695007324219
4853,-16.25204086303711
4854,3.1084699630737305
4855,-0.31322479248046875
4856,-16.610641479492188
4857,3.2699670791625977
4858,-0.3830242156982422
4859,-16.611597061157227
4860,3.298213005065918
4861,-0.39647674560546875
4862,-16.614648818969727
4863,3.0895681381225586
4864,-0.30159568786621094
4865,-16.083642959594727
4866,3.10227108001709
4867,-0.3113365173339844
4868,-16.087146759033203
4869,3.1162519454956055
4870,-0.3121795654296875
4871,-16.088489532470703
4872,3.5688352584838867
4873,-0.5343856811523438
4874,-17.17290687561035
4875,3.623721122741699
4876,-0.3593463897705078
4877,-14.543407440185547
4878,3.315180778503418
4879,-0.1035003662109375
4880,-16.107107162475586
4881,3.54628849029541
4882,0.06627655029296875
4883,-15.41151237487793
4884,5.763339042663574
4885,-0.3635082244873047
4886,-15.723915100097656
4887,5.374049186706543
4888,-0.05064582824707031
4889,-11.632631301879883
4890,8.573359489440918
4891,0.7477817535400391
4892,-16.36345863342285
4893,7.577549934387207
4894,0.9665393829345703
4895,-12.03416633605957
4896,7.656599998474121
4897,2.2137699127197266
4898,-22.512990951538086
4899,7.271969795227051
4900,2.233501434326172
4901,-14.49625015258789
4902,7.651440620422363
4903,2.6487388610839844
4904,-24.27039337158203
4905,7.253607749938965
4906,2.5000839233398438
4907,-15.202072143554688
4908,7.100262641906738
4909,2.6337718963623047
4910,-21.635751724243164
4911,7.4019575119018555
4912,2.6641769409179688
4913,-16.158647537231445
4914,6.978455543518066
4915,2.4820785522460938
4916,-20.253292083740234
4917,7.563706398010254
4918,2.572551727294922
4919,-14.97944450378418
4920,8.43326473236084
4921,-1.7464847564697266
4922,-6.54598331451416
4923,7.918034553527832
4924,-1.541158676147461
4925,-3.6679413318634033
4926,8.690796852111816
4927,-1.258462905883789
4928,-3.6323680877685547
4929,7.780291557312012
4930,-1.4315185546875
4931,1.1170082092285156
4932,9.346108436584473
4933,-1.4512004852294922
4934,5.115447521209717
4935,8.989605903625488
4936,-1.2969074249267578
4937,9.622112274169922
4938,9.288872718811035
4939,-1.5400428771972656
4940,6.065114498138428
4941,8.96960163116455
4942,-1.3633804321289062
4943,10.320837020874023
4944,9.494757652282715
4945,-1.317840576171875
4946,6.496657848358154
4947,9.614468574523926
4948,-1.0689201354980469
4949,10.468502044677734
4950,5.318724632263184
4951,-0.4833259582519531
4952,-7.541341781616211
4953,5.319563865661621
4954,-0.7378311157226562
4955,-8.292017936706543
4956,5.37894344329834
4957,-0.7514019012451172
4958,-8.293632507324219
4959,5.454474449157715
4960,-0.7732791900634766
4961,-8.297554016113281
4962,5.282391548156738
4963,-0.736572265625
4964,-7.2042317390441895
4965,5.3141679763793945
4966,-0.7518692016601562
4967,-7.206271171569824
4968,5.346402168273926
4969,-0.765228271484375
4970,-7.2080278396606445
4971,6.118168830871582
4972,-0.9071044921875
4973,-10.066657066345215
4974,5.967978477478027
4975,-0.8933238983154297
4976,-5.262807846069336
4977,5.744420051574707
4978,-0.34389495849609375
4979,-8.11134147644043
4980,5.701903343200684
4981,-0.3235321044921875
4982,-6.709887981414795
4983,8.303481101989746
4984,0.030260086059570312
4985,-12.099074363708496
4986,7.764979362487793
4987,-0.09125709533691406
4988,-1.7300055027008057
4989,9.839821815490723
4990,1.9720783233642578
4991,-11.747322082519531
4992,8.496750831604004
4993,1.5257835388183594
4994,1.4080967903137207
4995,7.189240455627441
4996,2.810924530029297
4997,-9.345315933227539
4998,6.540757179260254
4999,2.061473846435547
5000,2.207034111022949
5001,6.73313045501709
5002,3.102783203125
5003,-10.007841110229492
5004,6.249360084533691
5005,1.9423580169677734
5006,2.6097359657287598
5007,6.314145088195801
5008,2.885763168334961
5009,-9.83264446258545
5010,5.962653160095215
5011,1.959268569946289
5012,1.8745174407958984
5013,6.5368547439575195
5014,2.799531936645508
5015,-9.221684455871582
5016,6.149052619934082
5017,2.0108299255371094
5018,1.8893399238586426
5019,12.423726081848145
5020,1.9828376770019531
5021,-8.157498359680176
5022,11.507168769836426
5023,1.771627426147461
5024,-2.05248761177063
5025,8.036667823791504
5026,3.5909996032714844
5027,-9.417375564575195
5028,7.314635276794434
5029,2.0303173065185547
5030,-1.3623383045196533
5031,9.530259132385254
5032,5.461004257202148
5033,-4.321498870849609
5034,9.104218482971191
5035,4.206806182861328
5036,-0.5120940208435059
5037,10.527249336242676
5038,5.465707778930664
5039,-3.6669249534606934
5040,9.83554744720459
5041,4.415687561035156
5042,-0.45444536209106445
5043,8.7767915725708
5044,6.202785491943359
5045,-2.8466708660125732
5046,8.294257164001465
5047,5.0451507568359375
5048,-0.5944399833679199
5049,6.062640190124512
5050,-0.46245765686035156
5051,-7.0157599449157715
5052,6.057534217834473
5053,-0.7226676940917969
5054,-7.852626800537109
5055,6.119982719421387
5056,-0.7415103912353516
5057,-7.853994369506836
5058,6.191405296325684
5059,-0.7652320861816406
5060,-7.85753059387207
5061,6.010228157043457
5062,-0.7147998809814453
5063,-6.5686774253845215
5064,6.0390214920043945
5065,-0.7328662872314453
5066,-6.570111274719238
5067,6.070731163024902
5068,-0.7498512268066406
5069,-6.5709638595581055
5070,6.81581974029541
5071,-0.8957939147949219
5072,-9.846698760986328
5073,6.6556901931762695
5074,-0.8819313049316406
5075,-4.096251487731934
5076,6.485342979431152
5077,-0.33921241760253906
5078,-7.700030326843262
5079,6.4336957931518555
5080,-0.3156929016113281
5081,-6.027957439422607
5082,8.928973197937012
5083,0.029199600219726562
5084,-12.229060173034668
5085,8.290711402893066
5086,-0.05496406555175781
5087,-0.18209075927734375
5088,10.390118598937988
5089,1.9720706939697266
5090,-11.743887901306152
5091,9.040905952453613
5092,1.6023750305175781
5093,2.1919779777526855
5094,7.4972429275512695
5095,2.7130584716796875
5096,-8.180124282836914
5097,7.014681816101074
5098,2.0810794830322266
5099,0.433870792388916
5100,6.846741676330566
5101,2.8943653106689453
5102,-8.847532272338867
5103,6.497664451599121
5104,2.073518753051758
5105,0.4116182327270508
5106,6.448065757751465
5107,2.5975074768066406
5108,-8.609821319580078
5109,6.234387397766113
5110,2.045482635498047
5111,-0.596435546875
5112,6.661822319030762
5113,2.547046661376953
5114,-7.993919372558594
5115,6.485501289367676
5116,2.044170379638672
5117,-0.10419273376464844
5118,13.180157661437988
5119,1.9933528900146484
5120,-8.776998519897461
5121,12.331664085388184
5122,1.8489303588867188
5123,-1.4325518608093262
5124,8.502129554748535
5125,3.5454330444335938
5126,-9.987222671508789
5127,8.149418830871582
5128,2.544981002807617
5129,-0.6881504058837891
5130,9.833123207092285
5131,5.985410690307617
5132,-7.477756500244141
5133,9.165949821472168
5134,4.7789154052734375
5135,0.07562494277954102
5136,10.515711784362793
5137,6.163862228393555
5138,-7.158308029174805
5139,9.83899974822998
5140,5.026876449584961
5141,0.07149314880371094
5142,8.767243385314941
5143,6.731203079223633
5144,-7.70932674407959
5145,8.2818021774292
5146,5.532953262329102
5147,-0.49040985107421875
