,0
0,-1.7311296463012695
1,-7.211882591247559
2,-1.1521097421646118
3,-1.6558151245117188
4,-7.562634468078613
5,-1.7719680070877075
6,-1.6425228118896484
7,-7.565345764160156
8,-1.7725136280059814
9,-1.6285381317138672
10,-7.567060470581055
11,-1.7737648487091064
12,-1.6119747161865234
13,-7.577502250671387
14,-0.9969937801361084
15,-1.5573768615722656
16,-7.593650817871094
17,-0.9964736700057983
18,-1.5086021423339844
19,-7.608499526977539
20,-0.9984768629074097
21,-1.3771018981933594
22,-7.443966865539551
23,-3.708233118057251
24,-1.2280378341674805
25,-7.525667190551758
26,-0.24475336074829102
27,-1.6029729843139648
28,-6.815978050231934
29,-1.7632167339324951
30,-1.5662717819213867
31,-6.809479713439941
32,-0.7631075382232666
33,-0.9922256469726562
34,-5.5919036865234375
35,-6.121628761291504
36,-0.43419456481933594
37,-5.686073303222656
38,1.7232036590576172
39,-1.444005012512207
40,-2.56369686126709
41,-7.731200695037842
42,-0.11275005340576172
43,-2.510814666748047
44,3.392611026763916
45,-2.8419713973999023
46,-2.5997705459594727
47,-6.946845054626465
48,-0.5519742965698242
49,-0.7370738983154297
50,3.5473060607910156
51,-3.296192169189453
52,-2.4155654907226562
53,-7.395244598388672
54,-0.5994911193847656
55,-0.35428428649902344
56,3.9256701469421387
57,-3.2968921661376953
58,-2.6677608489990234
59,-6.935629844665527
60,-0.7048406600952148
61,-0.48366546630859375
62,3.449185848236084
63,-3.1220083236694336
64,-2.745968818664551
65,-6.70447301864624
66,-0.7095279693603516
67,-0.6401252746582031
68,3.327998638153076
69,-0.3984994888305664
70,-0.07151985168457031
71,-5.028864860534668
72,0.0
73,0.0
74,0.0
75,-1.0524063110351562
76,4.125802993774414
77,-4.451818466186523
78,-0.5783109664916992
79,4.209085464477539
80,0.7852504253387451
81,-0.38046932220458984
82,8.07242202758789
83,-2.0614800453186035
84,0.038639068603515625
85,7.93647575378418
86,2.7577195167541504
87,0.05845355987548828
88,8.596416473388672
89,-1.8312194347381592
90,0.3299264907836914
91,8.122621536254883
92,2.9322776794433594
93,-1.3253898620605469
94,8.834993362426758
95,-2.792792797088623
96,-0.4474000930786133
97,8.893966674804688
98,1.9693150520324707
99,-1.7349882125854492
100,-7.117447853088379
101,-0.8697240352630615
102,-1.6652297973632812
103,-7.4967241287231445
104,-1.5586726665496826
105,-1.6516656875610352
106,-7.500818252563477
107,-1.559706211090088
108,-1.6372718811035156
109,-7.5057268142700195
110,-1.561049461364746
111,-1.6245183944702148
112,-7.520547866821289
113,-0.813387393951416
114,-1.5758733749389648
115,-7.542087554931641
116,-0.8128248453140259
117,-1.5291662216186523
118,-7.564959526062012
119,-0.8151358366012573
120,-1.3848199844360352
121,-7.415544509887695
122,-3.5853710174560547
123,-1.2421541213989258
124,-7.507294654846191
125,-0.23231291770935059
126,-1.6105804443359375
127,-6.764196395874023
128,-1.4941283464431763
129,-1.573206901550293
130,-6.772170066833496
131,-0.5363850593566895
132,-1.0547056198120117
133,-5.598053932189941
134,-6.060965538024902
135,-0.5289468765258789
136,-5.696746826171875
137,1.7364411354064941
138,-1.4302253723144531
139,-2.5636415481567383
140,-7.1954264640808105
141,-0.12351131439208984
142,-2.47747802734375
143,3.1404800415039062
144,-2.832028388977051
145,-2.543302536010742
146,-6.130533218383789
147,-0.5978231430053711
148,-0.5695419311523438
149,2.446254253387451
150,-3.2226781845092773
151,-2.387660026550293
152,-6.5832672119140625
153,-0.599543571472168
154,-0.15751075744628906
155,2.7043685913085938
156,-3.1708450317382812
157,-2.666142463684082
158,-6.214728355407715
159,-0.7298212051391602
160,-0.08158302307128906
161,2.150486469268799
162,-3.0297889709472656
163,-2.710939407348633
164,-5.919351577758789
165,-0.7368507385253906
166,-0.4483509063720703
167,2.1849207878112793
168,-0.38933563232421875
169,-0.09235191345214844
170,-5.035960674285889
171,-0.015071868896484375
172,-0.029470443725585938
173,0.007845640182495117
174,-0.9871101379394531
175,4.127574920654297
176,-4.869187355041504
177,-0.640660285949707
178,4.188594818115234
179,0.627131462097168
180,-0.38031673431396484
181,8.284679412841797
182,-3.543802261352539
183,0.040398597717285156
184,7.961973190307617
185,2.035064697265625
186,-0.08329010009765625
187,8.961874008178711
188,-3.4302797317504883
189,0.32760047912597656
190,8.440313339233398
191,2.1470794677734375
192,-1.321364402770996
193,9.24188232421875
194,-4.5761823654174805
195,-0.5714120864868164
196,8.892934799194336
197,1.2911646366119385
198,-1.8680524826049805
199,-7.058847427368164
200,-0.9129388332366943
201,-1.7986841201782227
202,-7.4427490234375
203,-1.5651806592941284
204,-1.7773847579956055
205,-7.444550514221191
206,-1.566319465637207
207,-1.7552223205566406
208,-7.447470664978027
209,-1.5677335262298584
210,-1.7808122634887695
211,-7.469978332519531
212,-0.7644451856613159
213,-1.7461423873901367
214,-7.490274429321289
215,-0.7639749050140381
216,-1.7085113525390625
217,-7.5128936767578125
218,-0.7662390470504761
219,-1.4913272857666016
220,-7.350341796875
221,-3.3479533195495605
222,-1.406844139099121
223,-7.444192886352539
224,0.3752734661102295
225,-1.740372657775879
226,-6.706127166748047
227,-1.4994298219680786
228,-1.729386329650879
229,-6.7213640213012695
230,-0.4579312801361084
231,-1.1118202209472656
232,-5.568911552429199
233,-5.921200752258301
234,-0.6766147613525391
235,-5.684950828552246
236,2.6282920837402344
237,-1.4103059768676758
238,-2.5147085189819336
239,-7.022076606750488
240,-0.13342761993408203
241,-2.4524078369140625
242,3.8169302940368652
243,-2.7393417358398438
244,-1.8713054656982422
245,-5.638607025146484
246,-0.6197118759155273
247,-0.5270786285400391
248,2.832498073577881
249,-3.1203603744506836
250,-1.5915966033935547
251,-6.128000259399414
252,-0.632725715637207
253,-0.1534557342529297
254,3.1500282287597656
255,-3.1236181259155273
256,-1.928955078125
257,-5.750101566314697
258,-0.7456111907958984
259,-0.024602890014648438
260,2.581056594848633
261,-2.98455810546875
262,-2.012178421020508
263,-5.416793346405029
264,-0.7616243362426758
265,-0.4331188201904297
266,2.5799927711486816
267,-0.3285789489746094
268,-0.09664344787597656
269,-5.054489612579346
270,-0.010416984558105469
271,-0.05328941345214844
272,0.02746438980102539
273,-0.9414310455322266
274,4.134309768676758
275,-5.600030899047852
276,-0.6422595977783203
277,4.193790435791016
278,0.022186994552612305
279,-0.3590736389160156
280,8.460105895996094
281,-4.048823356628418
282,-0.1323862075805664
283,8.374893188476562
284,1.196432113647461
285,-0.0865640640258789
286,9.081424713134766
287,-3.901759147644043
288,0.18857955932617188
289,9.060848236083984
290,1.2798550128936768
291,-1.1949033737182617
292,9.482765197753906
293,-4.857088088989258
294,-0.6879606246948242
295,9.243635177612305
296,0.3530080318450928
297,-2.0652618408203125
298,-6.930630683898926
299,-1.8953261375427246
300,-2.0002565383911133
301,-7.322514533996582
302,-2.3904013633728027
303,-1.970871925354004
304,-7.323966979980469
305,-2.3918826580047607
306,-1.9406461715698242
307,-7.32742977142334
308,-2.3928165435791016
309,-1.9925994873046875
310,-7.346515655517578
311,-1.520190954208374
312,-1.9579029083251953
313,-7.364139556884766
314,-1.5195101499557495
315,-1.9209232330322266
316,-7.384803771972656
317,-1.5213313102722168
318,-1.6459150314331055
319,-7.240181922912598
320,-3.6974668502807617
321,-1.6141910552978516
322,-7.325845718383789
323,0.2650299072265625
324,-1.9325580596923828
325,-6.567836761474609
326,-2.326354503631592
327,-1.9297704696655273
328,-6.587186813354492
329,-1.2089309692382812
330,-1.183335304260254
331,-5.505176544189453
332,-6.28643798828125
333,-0.8273000717163086
334,-5.580788612365723
335,2.5545434951782227
336,-1.1325693130493164
337,-2.4624862670898438
338,-7.080385684967041
339,-0.5240249633789062
340,-2.3533849716186523
341,3.5662269592285156
342,-2.339824676513672
343,-0.5219383239746094
344,-5.870790481567383
345,-1.0161876678466797
346,-0.10027503967285156
347,1.6899442672729492
348,-2.6090593338012695
349,-0.001277923583984375
350,-7.018993377685547
351,-1.004195213317871
352,0.27448463439941406
353,1.783468246459961
354,-2.6900863647460938
355,-0.1440410614013672
356,-6.765268325805664
357,-1.1596317291259766
358,0.4306049346923828
359,1.0171470642089844
360,-2.575446128845215
361,-0.3091602325439453
362,-5.851681709289551
363,-1.0915040969848633
364,0.07140731811523438
365,1.3053789138793945
366,-0.21890544891357422
367,-0.15694046020507812
368,-5.0698933601379395
369,-0.009480476379394531
370,-0.10468864440917969
371,0.04414725303649902
372,-0.8899412155151367
373,4.134319305419922
374,-5.884759426116943
375,-0.6798563003540039
376,4.15350341796875
377,-0.2849447727203369
378,-0.32990169525146484
379,8.640176773071289
380,-4.551905632019043
381,-0.15903854370117188
382,8.555618286132812
383,0.8223323822021484
384,-0.0804128646850586
385,9.206474304199219
386,-4.471866607666016
387,0.12286758422851562
388,9.200307846069336
389,0.8677816390991211
390,-1.2040605545043945
391,9.845014572143555
392,-5.917297840118408
393,-0.7622594833374023
394,9.312623977661133
395,-0.32044076919555664
396,-2.2896995544433594
397,-6.717287063598633
398,-2.8993053436279297
399,-2.2096939086914062
400,-7.11549186706543
401,-3.3405942916870117
402,-2.177506446838379
403,-7.118915557861328
404,-3.3414783477783203
405,-2.1428346633911133
406,-7.123845100402832
407,-3.342306613922119
408,-2.202540397644043
409,-7.127657890319824
410,-2.454270601272583
411,-2.167173385620117
412,-7.1409454345703125
413,-2.4534807205200195
414,-2.1271915435791016
415,-7.159523010253906
416,-2.455109119415283
417,-1.8162918090820312
418,-7.027436256408691
419,-4.632867813110352
420,-1.8093757629394531
421,-7.09315299987793
422,-0.680357813835144
423,-2.1532506942749023
424,-6.34391975402832
425,-3.3598439693450928
426,-2.14630126953125
427,-6.3474931716918945
428,-2.220846176147461
429,-1.2447032928466797
430,-5.207984924316406
431,-7.315902233123779
432,-1.005936622619629
433,-5.312638282775879
434,2.0878968238830566
435,-0.9459562301635742
436,-2.158198356628418
437,-8.39228343963623
438,-0.5387468338012695
439,-2.284602165222168
440,2.610140323638916
441,-1.2792081832885742
442,0.7201423645019531
443,-7.1827616691589355
444,-0.8350639343261719
445,0.013780593872070312
446,0.8089909553527832
447,-1.300485610961914
448,1.2750663757324219
449,-8.166952133178711
450,-0.8343706130981445
451,0.5011425018310547
452,1.0286221504211426
453,-1.3653841018676758
454,1.3250255584716797
455,-7.771490573883057
456,-0.9464349746704102
457,0.5773429870605469
458,0.16943883895874023
459,-1.3406105041503906
460,1.1786766052246094
461,-7.027423858642578
462,-0.8974695205688477
463,0.337860107421875
464,0.39844560623168945
465,-0.08300209045410156
466,-0.13883399963378906
467,-5.176309585571289
468,0.044251441955566406
469,-0.10504531860351562
470,0.15390324592590332
471,-0.7395820617675781
472,4.157964706420898
473,-5.691789627075195
474,-0.6788654327392578
475,4.14215087890625
476,0.07280659675598145
477,-0.33356475830078125
478,8.873132705688477
479,-3.8782052993774414
480,-0.24572277069091797
481,8.640470504760742
482,1.2902660369873047
483,-0.16632366180419922
484,9.748096466064453
485,-3.806950807571411
486,-0.08687400817871094
487,9.301139831542969
488,1.4649271965026855
489,-1.2122840881347656
490,9.942998886108398
491,-5.292834281921387
492,-0.8973159790039062
493,9.424362182617188
494,0.45108819007873535
495,-2.478377342224121
496,-6.322636604309082
497,-4.036261558532715
498,-2.3920669555664062
499,-6.7472734451293945
500,-4.506008148193359
501,-2.355581283569336
502,-6.761908531188965
503,-4.5072407722473145
504,-2.3161849975585938
505,-6.778844833374023
506,-4.509128093719482
507,-2.393268585205078
508,-6.7435302734375
509,-3.6213855743408203
510,-2.3598108291625977
511,-6.754157066345215
512,-3.620481014251709
513,-2.322451591491699
514,-6.770493507385254
515,-3.622103214263916
516,-1.960139274597168
517,-6.719703674316406
518,-5.771739482879639
519,-1.9784555435180664
520,-6.741977691650391
521,-1.8657701015472412
522,-2.3075408935546875
523,-5.929792404174805
524,-4.471758842468262
525,-2.3064537048339844
526,-5.895498275756836
527,-3.3340041637420654
528,-1.2755517959594727
529,-4.86854362487793
530,-7.8516340255737305
531,-1.2131128311157227
532,-4.880763053894043
533,0.7555220127105713
534,-0.3382844924926758
535,-2.1675662994384766
536,-8.598241806030273
537,-0.4773073196411133
538,-2.213498115539551
539,1.6301827430725098
540,0.21617603302001953
541,0.2870464324951172
542,-7.935534954071045
543,-0.15024566650390625
544,-0.08249092102050781
545,0.16292357444763184
546,0.41504478454589844
547,0.8672771453857422
548,-8.826871871948242
549,-0.05430126190185547
550,0.3711566925048828
551,0.34188294410705566
552,0.3055267333984375
553,0.9267616271972656
554,-8.528963088989258
555,-0.16453170776367188
556,0.42099952697753906
557,-0.42182254791259766
558,0.2289886474609375
559,0.6815338134765625
560,-7.79954195022583
561,-0.18152618408203125
562,0.19710922241210938
563,-0.20001888275146484
564,-0.01707172393798828
565,0.18409347534179688
566,-5.167128086090088
567,-0.004801750183105469
568,0.15284347534179688
569,0.14411449432373047
570,-0.7059364318847656
571,4.421283721923828
572,-5.1075286865234375
573,-0.7085103988647461
574,4.152429580688477
575,0.21166753768920898
576,-0.3341856002807617
577,8.888893127441406
578,-2.977858066558838
579,-0.3229513168334961
580,8.581222534179688
581,2.8001608848571777
582,-0.1574230194091797
583,9.68809700012207
584,-2.880626678466797
585,-0.15646839141845703
586,9.237003326416016
587,3.004951000213623
588,-1.2157182693481445
589,9.811033248901367
590,-5.008535861968994
591,-1.0126409530639648
592,9.226642608642578
593,2.0515670776367188
594,-2.627988815307617
595,-5.486210823059082
596,-3.3087058067321777
597,-2.5732831954956055
598,-5.843621253967285
599,-3.7445878982543945
600,-2.5426559448242188
601,-5.858559608459473
602,-3.7454891204833984
603,-2.5107812881469727
604,-5.876618385314941
605,-3.746957302093506
606,-2.56644344329834
607,-5.8452301025390625
608,-2.863783121109009
609,-2.534609794616699
610,-5.855731010437012
611,-2.863121747970581
612,-2.49951171875
613,-5.876495361328125
614,-2.8648624420166016
615,-2.163745880126953
616,-5.862894058227539
617,-5.049688339233398
618,-2.1510610580444336
619,-5.916351318359375
620,-1.2048966884613037
621,-2.4584569931030273
622,-5.1544036865234375
623,-3.7660884857177734
624,-2.451565742492676
625,-5.1279296875
626,-2.626566171646118
627,-1.2714672088623047
628,-4.407069206237793
629,-7.284422874450684
630,-1.275766372680664
631,-4.3327836990356445
632,1.1005990505218506
633,0.12779617309570312
634,-2.2452754974365234
635,-8.31523323059082
636,-0.11844444274902344
637,-2.221512794494629
638,1.6577982902526855
639,1.438272476196289
640,-0.26578521728515625
641,-8.688899040222168
642,0.9634904861450195
643,-0.6556777954101562
644,0.025977373123168945
645,1.7526922225952148
646,0.7924041748046875
647,-9.609546661376953
648,1.3177661895751953
649,-0.3762340545654297
650,0.08861207962036133
651,1.7683820724487305
652,0.27581214904785156
653,-9.407066345214844
654,1.3099822998046875
655,-0.4321117401123047
656,-0.4795076847076416
657,1.628143310546875
658,-0.10727310180664062
659,-8.630447387695312
660,1.0981807708740234
661,-0.24059104919433594
662,-0.27518177032470703
663,0.19038105010986328
664,0.21685218811035156
665,-5.235287189483643
666,0.002109527587890625
667,0.25242042541503906
668,0.21365880966186523
669,-0.7318153381347656
670,4.355018615722656
671,-7.139746189117432
672,-0.8041267395019531
673,4.087154388427734
674,-1.9798327684402466
675,-0.33861351013183594
676,9.001981735229492
677,-6.072669982910156
678,-0.39138221740722656
679,8.535844802856445
680,-0.29601359367370605
681,-0.14221572875976562
682,9.602720260620117
683,-6.040460586547852
684,-0.1833667755126953
685,9.109476089477539
686,-0.21867823600769043
687,-1.2937908172607422
688,10.266250610351562
689,-7.844344139099121
690,-1.116180419921875
691,9.662424087524414
692,-1.5854358673095703
693,-2.764214515686035
694,-4.901556015014648
695,-4.91372013092041
696,-2.705235481262207
697,-5.226491928100586
698,-5.363040447235107
699,-2.6788434982299805
700,-5.228766441345215
701,-5.364833831787109
702,-2.6510257720947266
703,-5.232404708862305
704,-5.3674516677856445
705,-2.6988906860351562
706,-5.226640701293945
707,-4.423032760620117
708,-2.670095443725586
709,-5.227397918701172
710,-4.42246675491333
711,-2.636240005493164
712,-5.237372398376465
713,-4.4237799644470215
714,-2.3453750610351562
715,-5.140037536621094
716,-6.523480415344238
717,-2.339545249938965
718,-5.1973371505737305
719,-2.3182644844055176
720,-2.6211557388305664
721,-4.5491180419921875
722,-5.3287672996521
723,-2.6067609786987305
724,-4.54018497467041
725,-4.100064754486084
726,-1.474517822265625
727,-3.860137939453125
728,-8.037642478942871
729,-1.5796833038330078
730,-3.5170211791992188
731,0.40352439880371094
732,0.09526920318603516
733,-2.77410888671875
734,-9.449630737304688
735,-0.1428070068359375
736,-2.099945068359375
737,2.1370887756347656
738,1.7417116165161133
739,-2.423196792602539
740,-10.709041595458984
741,0.6977262496948242
742,-0.8291473388671875
743,1.8823232650756836
744,2.177088737487793
745,-2.475984573364258
746,-11.774616241455078
747,0.9806852340698242
748,-0.5770206451416016
749,2.2304577827453613
750,2.2294960021972656
751,-2.4496097564697266
752,-11.742645263671875
753,0.9334630966186523
754,-0.5806713104248047
755,1.4896001815795898
756,2.052577018737793
757,-2.381256103515625
758,-10.745633125305176
759,0.8228960037231445
760,-0.6104812622070312
761,1.575007438659668
762,0.2576265335083008
763,0.4071502685546875
764,-5.406797885894775
765,0.04116249084472656
766,0.5457267761230469
767,0.3915102481842041
768,-0.7405309677124023
769,4.39442253112793
770,-7.005075454711914
771,-0.8388023376464844
772,4.0897216796875
773,-1.296968936920166
774,-0.3445119857788086
775,8.926485061645508
776,-5.197333335876465
777,-0.41947364807128906
778,8.499059677124023
779,0.8645405769348145
780,-0.13270282745361328
781,9.545251846313477
782,-5.098674297332764
783,-0.1794872283935547
784,9.082527160644531
785,0.9821298122406006
786,-1.2973909378051758
787,10.067451477050781
788,-6.88523006439209
789,-1.2117195129394531
790,9.629955291748047
791,-0.3018798828125
792,-2.8094310760498047
793,-4.141393661499023
794,-4.277975082397461
795,-2.7289581298828125
796,-4.501462936401367
797,-4.690027236938477
798,-2.700571060180664
799,-4.523558616638184
800,-4.691893577575684
801,-2.6712217330932617
802,-4.547231674194336
803,-4.694460868835449
804,-2.7278900146484375
805,-4.495644569396973
806,-3.8096652030944824
807,-2.699639320373535
808,-4.511848449707031
809,-3.80911922454834
810,-2.6691694259643555
811,-4.530215263366699
812,-3.810000419616699
813,-2.399176597595215
814,-4.537873268127441
815,-5.7499799728393555
816,-2.418074607849121
817,-4.553966522216797
818,-1.8156957626342773
819,-2.6589345932006836
820,-3.883930206298828
821,-4.649545669555664
822,-2.657747268676758
823,-3.862666130065918
824,-3.5047495365142822
825,-1.5089149475097656
826,-3.4931697845458984
827,-7.719764232635498
828,-1.6217365264892578
829,-3.027904510498047
830,0.815589189529419
831,0.20724010467529297
832,-3.518404960632324
833,-8.84393310546875
834,-0.18299198150634766
835,-2.1172103881835938
836,3.6331725120544434
837,1.749558448791504
838,-4.219935417175293
839,-9.33192253112793
840,0.6931724548339844
841,-1.8219966888427734
842,4.3150248527526855
843,2.1064453125
844,-4.696592330932617
845,-10.263258934020996
846,0.9951753616333008
847,-1.7486934661865234
848,4.766136646270752
849,2.157036781311035
850,-4.73109245300293
851,-10.297821044921875
852,0.96221923828125
853,-1.7996025085449219
854,4.200031757354736
855,2.0647897720336914
856,-4.512490272521973
857,-9.373491287231445
858,0.8442163467407227
859,-1.8507728576660156
860,4.103274345397949
861,0.3846006393432617
862,0.5893306732177734
863,-5.400609016418457
864,0.1380929946899414
865,0.7700004577636719
866,0.385866641998291
867,-0.7526378631591797
868,4.383886337280273
869,-6.681887149810791
870,-0.916407585144043
871,4.09959602355957
872,-1.367993950843811
873,-0.3622703552246094
874,8.91177749633789
875,-5.289677619934082
876,-0.5293779373168945
877,8.339410781860352
878,0.1718456745147705
879,-0.1385488510131836
880,9.507087707519531
881,-5.216555595397949
882,-0.22422409057617188
883,9.018806457519531
884,0.22467279434204102
885,-1.3668155670166016
886,9.571565628051758
887,-6.901216506958008
888,-1.3118562698364258
889,9.592279434204102
890,-1.0327363014221191
891,-2.7927122116088867
892,-3.5537567138671875
893,-4.405067443847656
894,-2.7217531204223633
895,-3.90731143951416
896,-4.672882080078125
897,-2.6956214904785156
898,-3.925276756286621
899,-4.674607753753662
900,-2.6693220138549805
901,-3.9421844482421875
902,-4.676993370056152
903,-2.725248336791992
904,-3.904590606689453
905,-3.885518789291382
906,-2.701533317565918
907,-3.9208316802978516
908,-3.8851122856140137
909,-2.677461624145508
910,-3.9384946823120117
911,-3.8854212760925293
912,-2.423140525817871
913,-3.936966896057129
914,-5.371579170227051
915,-2.4502315521240234
916,-3.956266403198242
917,-1.681638240814209
918,-2.6391801834106445
919,-3.3125810623168945
920,-4.591831207275391
921,-2.6463918685913086
922,-3.2853479385375977
923,-3.5641696453094482
924,-1.5144548416137695
925,-3.0794172286987305
926,-6.737173080444336
927,-1.6443872451782227
928,-2.575676918029785
929,0.9690251350402832
930,0.04412269592285156
931,-3.9621620178222656
932,-8.706827163696289
933,-0.2821321487426758
934,-2.1165904998779297
935,4.175186634063721
936,1.4228401184082031
937,-5.339123725891113
938,-10.74909782409668
939,0.6225919723510742
940,-1.6798973083496094
941,5.223587989807129
942,1.6659736633300781
943,-5.913267135620117
944,-11.778027534484863
945,0.9295234680175781
946,-1.4793643951416016
947,5.760583877563477
948,1.7032270431518555
949,-6.01848030090332
950,-11.822846412658691
951,0.9368877410888672
952,-1.5192756652832031
953,5.191596508026123
954,1.6452627182006836
955,-5.761816024780273
956,-10.850687980651855
957,0.8177490234375
958,-1.6126461029052734
959,5.03389310836792
960,0.496826171875
961,0.9513969421386719
962,-5.413946151733398
963,0.19176197052001953
964,1.0659236907958984
965,0.39845848083496094
966,-0.7640895843505859
967,4.550590515136719
968,-6.6718244552612305
969,-0.9602317810058594
970,4.269773483276367
971,-1.6981168985366821
972,-0.35922813415527344
973,8.879400253295898
974,-4.715965270996094
975,-0.5647172927856445
976,8.257314682006836
977,0.18262004852294922
978,-0.14456844329833984
979,9.467947006225586
980,-4.6388044357299805
981,-0.2643089294433594
982,8.910749435424805
983,0.2804901599884033
984,-1.3685579299926758
985,9.581762313842773
986,-6.162217617034912
987,-1.3921375274658203
988,9.565746307373047
989,-0.9511582851409912
990,-2.7366552352905273
991,-2.9746646881103516
992,-3.1488733291625977
993,-2.7019567489624023
994,-3.32706356048584
995,-3.4429099559783936
996,-2.682401657104492
997,-3.3394956588745117
998,-3.443845272064209
999,-2.664565086364746
1000,-3.3495941162109375
1001,-3.446882963180542
1002,-2.6972885131835938
1003,-3.3406686782836914
1004,-2.8586833477020264
1005,-2.673044204711914
1006,-3.3618106842041016
1007,-2.8574705123901367
1008,-2.650777816772461
1009,-3.382819175720215
1010,-2.856595039367676
1011,-2.4214563369750977
1012,-3.3957700729370117
1013,-4.240834712982178
1014,-2.3987770080566406
1015,-3.4766626358032227
1016,-1.4526535272598267
1017,-2.5766754150390625
1018,-2.7758731842041016
1019,-3.374812126159668
1020,-2.5734500885009766
1021,-2.761927604675293
1022,-2.607468843460083
1023,-1.5867013931274414
1024,-2.577517509460449
1025,-5.553680419921875
1026,-1.5150108337402344
1027,-2.4749746322631836
1028,0.5227756500244141
1029,-0.08268070220947266
1030,-4.109084129333496
1031,-6.886971950531006
1032,-0.17032909393310547
1033,-3.5896129608154297
1034,0.49791526794433594
1035,0.9603166580200195
1036,-5.948992729187012
1037,-7.873793601989746
1038,0.9071569442749023
1039,-5.610133171081543
1040,-1.9701004028320312
1041,1.1212654113769531
1042,-6.626263618469238
1043,-8.635784149169922
1044,1.1770658493041992
1045,-6.111555099487305
1046,-2.2852954864501953
1047,1.1549768447875977
1048,-6.764946937561035
1049,-8.76055908203125
1050,1.1030807495117188
1051,-6.375880241394043
1052,-2.3800368309020996
1053,1.1746826171875
1054,-6.551909446716309
1055,-7.984170913696289
1056,1.0438413619995117
1057,-6.155364990234375
1058,-2.1133739948272705
1059,0.6087331771850586
1060,1.4846420288085938
1061,-5.3027119636535645
1062,0.4517345428466797
1063,1.3360347747802734
1064,0.28285861015319824
1065,-0.8729534149169922
1066,4.778327941894531
1067,-5.547352313995361
1068,-1.0498085021972656
1069,4.264150619506836
1070,-0.5688706636428833
1071,-0.38848209381103516
1072,8.637138366699219
1073,-3.478694438934326
1074,-0.6389532089233398
1075,7.4547882080078125
1076,2.063291072845459
1077,-0.1401968002319336
1078,8.805484771728516
1079,-3.299018144607544
1080,-0.38932132720947266
1081,8.05572509765625
1082,2.2544898986816406
1083,-1.2828035354614258
1084,9.49435043334961
1085,-4.020003318786621
1086,-1.3883056640625
1087,8.786893844604492
1088,1.9765148162841797
1089,-2.681401252746582
1090,-2.4020004272460938
1091,-2.1706714630126953
1092,-2.6580286026000977
1093,-2.770984649658203
1094,-2.536060094833374
1095,-2.6392860412597656
1096,-2.7943038940429688
1097,-2.5364317893981934
1098,-2.6221189498901367
1099,-2.8155221939086914
1100,-2.539116144180298
1101,-2.6507568359375
1102,-2.7683706283569336
1103,-1.8989109992980957
1104,-2.6259632110595703
1105,-2.790069580078125
1106,-1.8974013328552246
1107,-2.6030502319335938
1108,-2.814584732055664
1109,-1.8969557285308838
1110,-2.386979103088379
1111,-2.868250846862793
1112,-3.593355178833008
1113,-2.358181953430176
1114,-2.9063291549682617
1115,-0.7028982639312744
1116,-2.5238170623779297
1117,-2.1976680755615234
1118,-2.5274853706359863
1119,-2.5168418884277344
1120,-2.1704578399658203
1121,-1.6937214136123657
1122,-1.6549749374389648
1123,-2.120199203491211
1124,-5.222179889678955
1125,-1.4434871673583984
1126,-2.0581226348876953
1127,0.702380895614624
1128,-0.12088584899902344
1129,-4.095819473266602
1130,-6.656138896942139
1131,-0.17701435089111328
1132,-3.8887147903442383
1133,0.8723044395446777
1134,0.7008457183837891
1135,-6.224693298339844
1136,-7.382791996002197
1137,0.7603960037231445
1138,-6.030536651611328
1139,-0.8650264739990234
1140,0.8351564407348633
1141,-6.946118354797363
1142,-8.119056701660156
1143,0.9820518493652344
1144,-6.682374000549316
1145,-1.11311674118042
1146,0.8511600494384766
1147,-7.039543151855469
1148,-8.143600463867188
1149,0.9258012771606445
1150,-6.804800987243652
1151,-1.1770607233047485
1152,0.8607501983642578
1153,-6.788259506225586
1154,-7.444190502166748
1155,0.8813180923461914
1156,-6.582691192626953
1157,-0.9849011898040771
1158,0.6427316665649414
1159,1.8787727355957031
1160,-5.290976524353027
1161,0.6436843872070312
1162,1.7919769287109375
1163,0.26964521408081055
1164,-1.0144166946411133
1165,4.826028823852539
1166,-5.371881484985352
1167,-1.0779972076416016
1168,4.408979415893555
1169,-0.4253213405609131
1170,-0.3879728317260742
1171,8.581960678100586
1172,-3.443208694458008
1173,-0.5838546752929688
1174,7.547853469848633
1175,1.895246982574463
1176,-0.13918304443359375
1177,8.843883514404297
1178,-3.246493101119995
1179,-0.327667236328125
1180,8.074274063110352
1181,2.0672168731689453
1182,-1.2664117813110352
1183,9.557062149047852
1184,-3.7899558544158936
1185,-1.3287925720214844
1186,9.194189071655273
1187,1.7185993194580078
1188,-2.6590957641601562
1189,-2.081144332885742
1190,-3.1132633686065674
1191,-2.6417579650878906
1192,-2.4537792205810547
1193,-3.425234794616699
1194,-2.6220502853393555
1195,-2.480255126953125
1196,-3.426567554473877
1197,-2.603304862976074
1198,-2.503450393676758
1199,-3.429861068725586
1200,-2.6448564529418945
1201,-2.4342689514160156
1202,-2.822780132293701
1203,-2.6230478286743164
1204,-2.4591407775878906
1205,-2.820582866668701
1206,-2.6050186157226562
1207,-2.482746124267578
1208,-2.81856107711792
1209,-2.367548942565918
1210,-2.572932243347168
1211,-3.820091724395752
1212,-2.3661766052246094
1213,-2.578836441040039
1214,-1.3752025365829468
1215,-2.506114959716797
1216,-1.8869037628173828
1217,-3.335716724395752
1218,-2.5058116912841797
1219,-1.8498268127441406
1220,-2.5487189292907715
1221,-1.6098108291625977
1222,-1.8773365020751953
1223,-5.721461296081543
1224,-1.4756574630737305
1225,-1.603219985961914
1226,0.26383161544799805
1227,-0.15770530700683594
1228,-3.8784170150756836
1229,-6.963740825653076
1230,-0.19206523895263672
1231,-3.500607490539551
1232,0.6433162689208984
1233,0.7059354782104492
1234,-5.949044227600098
1235,-7.592311382293701
1236,0.6581592559814453
1237,-5.675602912902832
1238,-1.351962924003601
1239,0.8357038497924805
1240,-6.664739608764648
1241,-8.325662612915039
1242,0.8687028884887695
1243,-6.285327911376953
1244,-1.613771915435791
1245,0.8408584594726562
1246,-6.750469207763672
1247,-8.401196479797363
1248,0.782440185546875
1249,-6.324655532836914
1250,-1.7567260265350342
1251,0.8442497253417969
1252,-6.55729866027832
1253,-7.659617900848389
1254,0.7513427734375
1255,-6.160114288330078
1256,-1.5059303045272827
1257,0.6912269592285156
1258,2.221097946166992
1259,-5.2718000411987305
1260,0.5397920608520508
1261,2.0761947631835938
1262,0.25048017501831055
1263,-1.0928688049316406
1264,5.08015251159668
1265,-5.469073295593262
1266,-1.328434944152832
1267,4.393098831176758
1268,0.23164129257202148
1269,-0.46296119689941406
1270,8.111757278442383
1271,-2.489732027053833
1272,-0.6381721496582031
1273,7.276338577270508
1274,2.1225013732910156
1275,-0.15270233154296875
1276,8.257877349853516
1277,-2.1593518257141113
1278,-0.3519935607910156
1279,7.890048980712891
1280,2.2529702186584473
1281,-1.2663555145263672
1282,9.339975357055664
1283,-2.371011257171631
1284,-1.3324756622314453
1285,9.123174667358398
1286,2.1768226623535156
1287,-2.6577157974243164
1288,-1.9687938690185547
1289,-3.559100389480591
1290,-2.6313161849975586
1291,-2.3346900939941406
1292,-3.8954548835754395
1293,-2.610370635986328
1294,-2.3537120819091797
1295,-3.8964734077453613
1296,-2.590329170227051
1297,-2.3694028854370117
1298,-3.898977041244507
1299,-2.6402454376220703
1300,-2.3237743377685547
1301,-3.192809820175171
1302,-2.6177291870117188
1303,-2.346759796142578
1304,-3.191260814666748
1305,-2.6005468368530273
1306,-2.3678436279296875
1307,-3.1897759437561035
1308,-2.3568620681762695
1309,-2.3933563232421875
1310,-4.4104461669921875
1311,-2.3612537384033203
1312,-2.4192991256713867
1313,-1.4625850915908813
1314,-2.5113706588745117
1315,-1.7412166595458984
1316,-3.795149564743042
1317,-2.5194091796875
1318,-1.7036323547363281
1319,-2.884352207183838
1320,-1.5932989120483398
1321,-1.5059680938720703
1322,-5.948031425476074
1323,-1.5079097747802734
1324,-1.227457046508789
1325,0.47542428970336914
1326,-0.10312843322753906
1327,-3.4486494064331055
1328,-7.648304462432861
1329,-0.19622421264648438
1330,-2.7658119201660156
1331,1.2953085899353027
1332,0.9633922576904297
1333,-5.149552345275879
1334,-9.196344375610352
1335,0.7448186874389648
1336,-4.4785308837890625
1337,-0.2275073528289795
1338,1.1681241989135742
1339,-5.713762283325195
1340,-10.03723430633545
1341,0.9807281494140625
1342,-4.933635711669922
1343,-0.3081812858581543
1344,1.1756458282470703
1345,-5.878403663635254
1346,-10.135992050170898
1347,0.7696218490600586
1348,-4.8939104080200195
1349,-0.5365569591522217
1350,1.1426410675048828
1351,-5.63886833190918
1352,-9.286397933959961
1353,0.7050628662109375
1354,-4.739450454711914
1355,-0.38806796073913574
1356,0.6563282012939453
1357,2.475494384765625
1358,-5.285777568817139
1359,0.5272150039672852
1360,2.36285400390625
1361,0.2652397155761719
1362,-1.2673215866088867
1363,5.004690170288086
1364,-5.5377421379089355
1365,-1.3648834228515625
1366,4.400581359863281
1367,0.06893634796142578
1368,-0.4452486038208008
1369,8.142171859741211
1370,-2.786562442779541
1371,-0.6101589202880859
1372,7.405767440795898
1373,1.8000879287719727
1374,-0.11180305480957031
1375,8.408300399780273
1376,-2.4756109714508057
1377,-0.316162109375
1378,8.048494338989258
1379,1.8535270690917969
1380,-1.2223730087280273
1381,9.42669677734375
1382,-2.8879611492156982
1383,-1.2552576065063477
1384,9.185707092285156
1385,1.5385208129882812
1386,-2.721893310546875
1387,-1.8495845794677734
1388,-4.623143672943115
1389,-2.6508426666259766
1390,-2.2402420043945312
1391,-5.055362701416016
1392,-2.6234130859375
1393,-2.25814151763916
1394,-5.0571513175964355
1395,-2.5977354049682617
1396,-2.276068687438965
1397,-5.060437202453613
1398,-2.666410446166992
1399,-2.2258005142211914
1400,-4.23781156539917
1401,-2.645880699157715
1402,-2.2362289428710938
1403,-4.236184120178223
1404,-2.628087043762207
1405,-2.250253677368164
1406,-4.235214710235596
1407,-2.3485870361328125
1408,-2.283627510070801
1409,-6.078836917877197
1410,-2.384676933288574
1411,-2.279425621032715
1412,-2.3979971408843994
1413,-2.5797805786132812
1414,-1.61383056640625
1415,-4.979249954223633
1416,-2.604701042175293
1417,-1.5720043182373047
1418,-3.909156322479248
1419,-1.5943984985351562
1420,-1.1628284454345703
1421,-7.401358127593994
1422,-1.616786003112793
1423,-0.8855667114257812
1424,-0.018381834030151367
1425,0.0043773651123046875
1426,-2.1751251220703125
1427,-8.432351112365723
1428,-0.22940921783447266
1429,-1.5692462921142578
1430,1.8107481002807617
1431,1.4158458709716797
1432,-3.6883020401000977
1433,-9.306367874145508
1434,0.7964229583740234
1435,-2.5380725860595703
1436,2.3150172233581543
1437,1.7909202575683594
1438,-4.138642311096191
1439,-10.16447925567627
1440,1.1239585876464844
1441,-2.8103723526000977
1442,2.6741480827331543
1443,1.8338298797607422
1444,-4.126007080078125
1445,-10.243267059326172
1446,1.0610733032226562
1447,-2.8658275604248047
1448,2.2189412117004395
1449,1.695509910583496
1450,-3.9082250595092773
1451,-9.377172470092773
1452,0.928959846496582
1453,-2.750131607055664
1454,2.136795997619629
1455,0.6128530502319336
1456,2.745851516723633
1457,-5.37401819229126
1458,0.514927864074707
1459,2.611675262451172
1460,0.35681772232055664
1461,-1.2904386520385742
1462,5.045320510864258
1463,-6.452130317687988
1464,-1.4947166442871094
1465,4.390827178955078
1466,1.3072118759155273
1467,-0.4196138381958008
1468,8.198822021484375
1469,-3.099372386932373
1470,-0.6899099349975586
1471,6.863954544067383
1472,2.937347412109375
1473,-0.035678863525390625
1474,8.48934555053711
1475,-2.827465295791626
1476,-0.3696250915527344
1477,7.155235290527344
1478,3.0480055809020996
1479,-1.0661859512329102
1480,9.53654670715332
1481,-3.380159854888916
1482,-1.2545719146728516
1483,8.425359725952148
1484,2.9523653984069824
1485,-2.730968475341797
1486,-2.0996627807617188
1487,-4.399055480957031
1488,-2.644338607788086
1489,-2.4351348876953125
1490,-4.86973237991333
1491,-2.6153993606567383
1492,-2.4447317123413086
1493,-4.870857238769531
1494,-2.5860204696655273
1495,-2.459615707397461
1496,-4.873249530792236
1497,-2.6600847244262695
1498,-2.433309555053711
1499,-4.0123395919799805
1500,-2.639889717102051
1501,-2.4426212310791016
1502,-4.010861396789551
1503,-2.618435859680176
1504,-2.4587860107421875
1505,-4.010425567626953
1506,-2.331120491027832
1507,-2.423398971557617
1508,-6.124215126037598
1509,-2.3649091720581055
1510,-2.4493885040283203
1511,-2.2693264484405518
1512,-2.6027679443359375
1513,-1.8191337585449219
1514,-4.845888614654541
1515,-2.6255931854248047
1516,-1.7914886474609375
1517,-3.729828357696533
1518,-1.5695161819458008
1519,-0.9434394836425781
1520,-7.879978656768799
1521,-1.6238946914672852
1522,-0.8599910736083984
1523,0.02051544189453125
1524,0.285736083984375
1525,-0.7760982513427734
1526,-8.806140899658203
1527,-0.13384151458740234
1528,-0.34954261779785156
1529,1.5148234367370605
1530,1.9590368270874023
1531,-0.8270378112792969
1532,-9.06106185913086
1533,1.0903100967407227
1534,0.22013473510742188
1535,1.1929757595062256
1536,2.387099266052246
1537,-0.8227367401123047
1538,-9.861600875854492
1539,1.4138708114624023
1540,0.35671424865722656
1541,1.46628737449646
1542,2.4381446838378906
1543,-0.7603092193603516
1544,-9.902542114257812
1545,1.3794975280761719
1546,0.3731498718261719
1547,0.7484445571899414
1548,2.262068748474121
1549,-0.6939010620117188
1550,-9.095536231994629
1551,1.2666950225830078
1552,0.2938098907470703
1553,0.886322021484375
1554,0.5796918869018555
1555,2.994091033935547
1556,-5.363258361816406
1557,0.3801727294921875
1558,2.8407058715820312
1559,0.34540414810180664
1560,-1.4965791702270508
1561,5.154838562011719
1562,-6.264981269836426
1563,-1.6145944595336914
1564,4.538461685180664
1565,0.7243213653564453
1566,-0.3489503860473633
1567,8.290979385375977
1568,-2.6461338996887207
1569,-0.6706876754760742
1570,6.927665710449219
1571,2.5912728309631348
1572,0.19756126403808594
1573,8.27284049987793
1574,-2.229139804840088
1575,-0.26753902435302734
1576,7.481647491455078
1577,2.723400115966797
1578,-0.578033447265625
1579,9.799272537231445
1580,-1.9523744583129883
1581,-0.8789615631103516
1582,9.175020217895508
1583,2.720729351043701
1584,-2.700568199157715
1585,-2.481718063354492
1586,-1.7314362525939941
1587,-2.568047523498535
1588,-2.8121137619018555
1589,-2.21480655670166
1590,-2.5415496826171875
1591,-2.8159046173095703
1592,-2.215543270111084
1593,-2.5136890411376953
1594,-2.820441246032715
1595,-2.2170021533966064
1596,-2.563715934753418
1597,-2.822930335998535
1598,-1.3724004030227661
1599,-2.535066604614258
1600,-2.8342113494873047
1601,-1.3717968463897705
1602,-2.503215789794922
1603,-2.847837448120117
1604,-1.373264193534851
1605,-2.2498903274536133
1606,-2.7476816177368164
1607,-3.6615498065948486
1608,-2.2096080780029297
1609,-2.793951988220215
1610,0.11614274978637695
1611,-2.5902481079101562
1612,-2.1785335540771484
1613,-2.255275249481201
1614,-2.6050891876220703
1615,-2.176443099975586
1616,-1.1615415811538696
1617,-1.5445470809936523
1618,-1.0073375701904297
1619,-6.043139934539795
1620,-1.612879753112793
1621,-1.0411758422851562
1622,2.125765800476074
1623,0.17532634735107422
1624,0.43839454650878906
1625,-7.5962138175964355
1626,-0.22050189971923828
1627,0.7602653503417969
1628,3.7002248764038086
1629,0.9665069580078125
1630,1.6179332733154297
1631,-7.837291717529297
1632,-0.0061626434326171875
1633,1.6366310119628906
1634,3.991058349609375
1635,1.3092737197875977
1636,1.78448486328125
1637,-8.394309997558594
1638,0.13664722442626953
1639,1.8458538055419922
1640,4.506322860717773
1641,1.2067594528198242
1642,1.7723712921142578
1643,-8.276575088500977
1644,-0.013919830322265625
1645,1.8297538757324219
1646,3.956247329711914
1647,1.0374259948730469
1648,1.7472763061523438
1649,-7.790244102478027
1650,-0.08759880065917969
1651,1.7635669708251953
1652,3.760509490966797
1653,0.5597877502441406
1654,3.1009273529052734
1655,-5.358991622924805
1656,0.3436775207519531
1657,2.9294395446777344
1658,0.34021806716918945
1659,-1.6310863494873047
1660,5.203580856323242
1661,-6.3786725997924805
1662,-1.6711387634277344
1663,4.678041458129883
1664,-0.08649325370788574
1665,-0.3493976593017578
1666,8.31025505065918
1667,-4.363802909851074
1668,-0.5669279098510742
1669,7.48902702331543
1670,0.17943048477172852
1671,0.15183258056640625
1672,8.563497543334961
1673,-4.0665059089660645
1674,-0.09336376190185547
1675,7.650445938110352
1676,0.19107413291931152
1677,-0.7355766296386719
1678,9.938140869140625
1679,-3.695981979370117
1680,-0.8462533950805664
1681,9.544027328491211
1682,0.10679268836975098
1683,-2.472487449645996
1684,-2.614971160888672
1685,-2.9096884727478027
1686,-2.3143749237060547
1687,-2.8818492889404297
1688,-3.372044801712036
1689,-2.2820796966552734
1690,-2.867447853088379
1691,-3.3748762607574463
1692,-2.2470579147338867
1693,-2.8516855239868164
1694,-3.375525712966919
1695,-2.314877510070801
1696,-2.921694755554199
1697,-2.561046600341797
1698,-2.2863473892211914
1699,-2.927736282348633
1700,-2.560947895050049
1701,-2.254108428955078
1702,-2.9338254928588867
1703,-2.563732624053955
1704,-1.9634017944335938
1705,-2.8851680755615234
1706,-4.645792007446289
1707,-1.9426870346069336
1708,-2.9210853576660156
1709,-1.0089287757873535
1710,-2.345417022705078
1711,-2.225489616394043
1712,-3.3843836784362793
1713,-2.364896774291992
1714,-2.2666969299316406
1715,-2.322756052017212
1716,-1.3590879440307617
1717,-1.382699966430664
1718,-7.009710311889648
1719,-1.2863397598266602
1720,-1.3381900787353516
1721,1.5668096542358398
1722,-0.6458730697631836
1723,1.2515029907226562
1724,-7.751420497894287
1725,-0.7208251953125
1726,1.4932899475097656
1727,1.4899053573608398
1728,-0.8607015609741211
1729,3.631439208984375
1730,-7.334928035736084
1731,-0.8668432235717773
1732,3.629568099975586
1733,-0.2957139015197754
1734,-0.7347249984741211
1735,4.243782043457031
1736,-8.07707405090332
1737,-0.7198028564453125
1738,4.268104553222656
1739,-0.22553682327270508
1740,-0.8749895095825195
1741,4.191013336181641
1742,-7.881019115447998
1743,-0.7633199691772461
1744,4.271297454833984
1745,-0.9522249698638916
1746,-0.9998502731323242
1747,3.9266185760498047
1748,-7.247344017028809
1749,-0.7589511871337891
1750,4.104152679443359
1751,-0.6610140800476074
1752,0.39444828033447266
1753,2.9877147674560547
1754,-5.239675998687744
1755,0.34028053283691406
1756,2.841798782348633
1757,0.22066259384155273
1758,-1.5650262832641602
1759,5.408323287963867
1760,-6.330904483795166
1761,-1.7874879837036133
1762,4.638973236083984
1763,2.2997899055480957
1764,-0.39382171630859375
1765,8.262275695800781
1766,-3.0636720657348633
1767,-0.7506322860717773
1768,6.662029266357422
1769,3.845425605773926
1770,-0.014733314514160156
1771,8.282329559326172
1772,-2.708202362060547
1773,-0.3870248794555664
1774,6.910400390625
1775,3.952955722808838
1776,-0.8325319290161133
1777,9.227071762084961
1778,-2.6174516677856445
1779,-1.1557464599609375
1780,7.947267532348633
1781,3.9462480545043945
1782,-2.040712356567383
1783,-3.284184455871582
1784,-4.111411094665527
1785,-1.907698631286621
1786,-3.5987863540649414
1787,-4.625602722167969
1788,-1.880157470703125
1789,-3.5927562713623047
1790,-4.627627849578857
1791,-1.850433349609375
1792,-3.582883834838867
1793,-4.62895393371582
1794,-1.9069433212280273
1795,-3.622323989868164
1796,-3.8202109336853027
1797,-1.8791656494140625
1798,-3.63083553314209
1799,-3.8204493522644043
1800,-1.8481826782226562
1801,-3.63820743560791
1802,-3.8222994804382324
1803,-1.5667190551757812
1804,-3.468167304992676
1805,-5.934541702270508
1806,-1.5471916198730469
1807,-3.502765655517578
1808,-2.3041508197784424
1809,-1.9251585006713867
1810,-2.8890953063964844
1811,-4.554283142089844
1812,-1.9323701858520508
1813,-2.9040489196777344
1814,-3.495729446411133
1815,-1.148360252380371
1816,-1.4024314880371094
1817,-8.013267517089844
1818,-0.9227733612060547
1819,-1.4961910247802734
1820,0.37008213996887207
1821,-1.5921306610107422
1822,1.1162967681884766
1823,-8.722146034240723
1824,-1.274129867553711
1825,1.2333335876464844
1826,0.4403724670410156
1827,-2.681264877319336
1828,3.295804977416992
1829,-7.696329593658447
1830,-2.015207290649414
1831,4.068489074707031
1832,-1.4359791278839111
1833,-2.9382762908935547
1834,3.7415599822998047
1835,-8.472352981567383
1836,-2.163114547729492
1837,4.183235168457031
1838,-1.4088984727859497
1839,-3.022242546081543
1840,3.534177780151367
1841,-8.123992919921875
1842,-2.1569128036499023
1843,4.162866592407227
1844,-2.1636579036712646
1845,-2.917843818664551
1846,3.505331039428711
1847,-7.552698135375977
1848,-2.16829776763916
1849,4.112071990966797
1850,-1.8228799104690552
1851,0.3395557403564453
1852,2.903369903564453
1853,-5.1524128913879395
1854,0.27115345001220703
1855,2.7836170196533203
1856,0.13097381591796875
1857,-1.5260772705078125
1858,5.536420822143555
1859,-6.251128196716309
1860,-1.8255882263183594
1861,3.1815662384033203
1862,3.767591953277588
1863,-0.3414421081542969
1864,8.347782135009766
1865,-2.4165585041046143
1866,-2.5712757110595703
1867,4.374387741088867
1868,7.067608833312988
1869,0.031411170959472656
1870,8.561483383178711
1871,-1.9900014400482178
1872,-2.5818300247192383
1873,4.787982940673828
1874,7.364997863769531
1875,-0.7181015014648438
1876,9.299489974975586
1877,-1.9754528999328613
1878,-3.439615249633789
1879,3.8532943725585938
1880,7.315442085266113
1881,-1.6285200119018555
1882,-3.985468864440918
1883,-4.2633819580078125
1884,-1.461679458618164
1885,-4.318345069885254
1886,-4.742725849151611
1887,-1.424530029296875
1888,-4.30573844909668
1889,-4.744209289550781
1890,-1.383122444152832
1891,-4.2911882400512695
1892,-4.745849609375
1893,-1.481943130493164
1894,-4.336189270019531
1895,-3.9353103637695312
1896,-1.461069107055664
1897,-4.33734130859375
1898,-3.935001850128174
1899,-1.4348773956298828
1900,-4.339447975158691
1901,-3.9352855682373047
1902,-1.115499496459961
1903,-4.0509443283081055
1904,-5.79847526550293
1905,-1.147735595703125
1906,-4.111084938049316
1907,-2.1928839683532715
1908,-1.5357370376586914
1909,-3.5765066146850586
1910,-4.614510536193848
1911,-1.5663185119628906
1912,-3.589099884033203
1913,-3.561237335205078
1914,-0.8129167556762695
1915,-1.8420848846435547
1916,-7.845243453979492
1917,-0.8404932022094727
1918,-1.9265785217285156
1919,0.26918816566467285
1920,-2.327916145324707
1921,0.08959388732910156
1922,-9.491765975952148
1923,-2.236849784851074
1924,0.8750247955322266
1925,0.6865177154541016
1926,-4.04969596862793
1927,1.5469589233398438
1928,-9.211381912231445
1929,-3.810502052307129
1930,1.4170188903808594
1931,-1.0937116146087646
1932,-4.3959503173828125
1933,1.8311805725097656
1934,-10.331238746643066
1935,-4.138548851013184
1936,1.1408882141113281
1937,-1.1415526866912842
1938,-4.422374725341797
1939,3.2812042236328125
1940,-9.63785171508789
1941,-4.1820783615112305
1942,0.8620281219482422
1943,-1.9856760501861572
1944,-4.269260406494141
1945,3.3982067108154297
1946,-8.993237495422363
1947,-4.093615531921387
1948,1.2098159790039062
1949,-1.533395767211914
1950,0.33205699920654297
1951,2.7717151641845703
1952,-5.159452438354492
1953,0.15541934967041016
1954,2.6621322631835938
1955,0.1382732391357422
1956,-1.6883583068847656
1957,5.438579559326172
1958,-6.209873199462891
1959,-1.8620843887329102
1960,4.22859001159668
1961,0.5413661003112793
1962,-0.3340721130371094
1963,8.454975128173828
1964,-2.720818042755127
1965,-1.0356969833374023
1966,6.908540725708008
1967,4.301239490509033
1968,0.036090850830078125
1969,8.618635177612305
1970,-2.325352191925049
1971,-0.7058277130126953
1972,6.437351226806641
1973,4.334918975830078
1974,-0.6925153732299805
1975,9.8990478515625
1976,-2.111229419708252
1977,-1.1327409744262695
1978,7.68391227722168
1979,4.086678981781006
1980,-1.2446002960205078
1981,-4.541638374328613
1982,-4.286701202392578
1983,-1.0836563110351562
1984,-4.822196006774902
1985,-4.723489761352539
1986,-1.0530481338500977
1987,-4.803305625915527
1988,-4.723997592926025
1989,-1.0185623168945312
1990,-4.782135009765625
1991,-4.7255048751831055
1992,-1.0907039642333984
1993,-4.831670761108398
1994,-3.912174701690674
1995,-1.067270278930664
1996,-4.822249412536621
1997,-3.911268711090088
1998,-1.0391960144042969
1999,-4.815193176269531
2000,-3.9110937118530273
2001,-0.7675056457519531
2002,-4.4853010177612305
2003,-5.716516017913818
2004,-0.7753496170043945
2005,-4.559028625488281
2006,-2.0790741443634033
2007,-1.176295280456543
2008,-4.149016380310059
2009,-4.6190385818481445
2010,-1.202981948852539
2011,-4.149150848388672
2012,-3.5605125427246094
2013,-0.6202831268310547
2014,-2.600189208984375
2015,-7.860157012939453
2016,-0.6866998672485352
2017,-2.685349464416504
2018,0.2573130130767822
2019,-2.3784751892089844
2020,-2.6615114212036133
2021,-9.783438682556152
2022,-2.269076347351074
2023,-2.718022346496582
2024,0.9470303058624268
2025,-3.5852537155151367
2026,-3.903346061706543
2027,-9.51506233215332
2028,-3.582047462463379
2029,-4.022832870483398
2030,-1.0323158502578735
2031,-3.937225341796875
2032,-4.467803955078125
2033,-10.657453536987305
2034,-3.7923078536987305
2035,-4.487847328186035
2036,-1.1890604496002197
2037,-3.8163442611694336
2038,-4.686679840087891
2039,-10.150594711303711
2040,-3.708706855773926
2041,-4.649650573730469
2042,-1.8838837146759033
2043,-3.771453857421875
2044,-4.542182922363281
2045,-9.37138557434082
2046,-3.673548698425293
2047,-4.477723121643066
2048,-1.4320954084396362
2049,0.3034486770629883
2050,2.7257213592529297
2051,-5.172544479370117
2052,0.09617042541503906
2053,2.641366958618164
2054,0.15087461471557617
2055,-1.6966028213500977
2056,5.395524978637695
2057,-6.183703899383545
2058,-1.7751798629760742
2059,4.656497955322266
2060,0.09502553939819336
2061,-0.33236217498779297
2062,8.539924621582031
2063,-2.80002498626709
2064,-0.6800661087036133
2065,7.997627258300781
2066,3.2850160598754883
2067,0.035003662109375
2068,8.675470352172852
2069,-2.3953466415405273
2070,-0.3342552185058594
2071,8.135492324829102
2072,3.625457763671875
2073,-0.6991052627563477
2074,9.942005157470703
2075,-2.1294727325439453
2076,-0.8337211608886719
2077,9.240171432495117
2078,2.9710206985473633
2079,-0.8503866195678711
2080,-5.313651084899902
2081,-1.3057832717895508
2082,-0.6776609420776367
2083,-5.489855766296387
2084,-1.845457673072815
2085,-0.6527385711669922
2086,-5.4676666259765625
2087,-1.8448907136917114
2088,-0.6258630752563477
2089,-5.4452714920043945
2090,-1.8441236019134521
2091,-0.6654815673828125
2092,-5.491665840148926
2093,-1.2462832927703857
2094,-0.6328344345092773
2095,-5.471521377563477
2096,-1.246895670890808
2097,-0.5968589782714844
2098,-5.454309463500977
2099,-1.249236822128296
2100,-0.45655250549316406
2101,-5.149111747741699
2102,-3.335252046585083
2103,-0.41415882110595703
2104,-5.201485633850098
2105,-0.706862211227417
2106,-0.8333854675292969
2107,-4.933707237243652
2108,-1.7814545631408691
2109,-0.8395776748657227
2110,-4.92620849609375
2111,-1.0244821310043335
2112,-0.5879554748535156
2113,-3.704403877258301
2114,-5.831239223480225
2115,-0.4019432067871094
2116,-3.328709602355957
2117,1.006746530532837
2118,-2.0023345947265625
2119,-4.70108699798584
2120,-6.306750297546387
2121,-0.972630500793457
2122,-1.765573501586914
2123,2.965925693511963
2124,-2.7616043090820312
2125,-6.945857048034668
2126,-4.412885665893555
2127,-2.1593074798583984
2128,-0.17569541931152344
2129,2.8588905334472656
2130,-2.78167724609375
2131,-7.198958396911621
2132,-4.986382484436035
2133,-2.4530229568481445
2134,0.45699501037597656
2135,3.072263717651367
2136,-2.678922653198242
2137,-7.2217206954956055
2138,-4.852080821990967
2139,-2.401153564453125
2140,0.3682537078857422
2141,2.3466334342956543
2142,-2.596917152404785
2143,-7.007920265197754
2144,-4.3416218757629395
2145,-2.3066186904907227
2146,0.08288002014160156
2147,2.564453601837158
2148,0.17259693145751953
2149,2.3220691680908203
2150,-5.0035176277160645
2151,0.05133247375488281
2152,2.255321502685547
2153,-0.02296924591064453
2154,-1.7155590057373047
2155,5.380939483642578
2156,-5.594387054443359
2157,-1.772353172302246
2158,4.719121932983398
2159,-0.4166884422302246
2160,-0.35840415954589844
2161,8.492677688598633
2162,-2.065218448638916
2163,-0.5708627700805664
2164,8.130983352661133
2165,2.543365001678467
2166,-0.018738746643066406
2167,8.670831680297852
2168,-1.618855357170105
2169,-0.25100135803222656
2170,8.391094207763672
2171,2.8728256225585938
2172,-0.7435464859008789
2173,9.900705337524414
2174,-1.5555213689804077
2175,-0.7031135559082031
2176,9.662796020507812
2177,2.3593006134033203
2178,-0.293670654296875
2179,-6.972339630126953
2180,-3.8605570793151855
2181,-0.0744028091430664
2182,-7.041333198547363
2183,-4.026031017303467
2184,-0.046173095703125
2185,-6.978936195373535
2186,-4.025997161865234
2187,-0.02065277099609375
2188,-6.915441513061523
2189,-4.026735305786133
2190,-0.0963582992553711
2191,-7.071627616882324
2192,-3.345346689224243
2193,-0.08266258239746094
2194,-7.034041404724121
2195,-3.344503879547119
2196,-0.06834125518798828
2197,-6.995640754699707
2198,-3.3448615074157715
2199,0.037123680114746094
2200,-6.381861686706543
2201,-3.554243326187134
2202,-0.009949684143066406
2203,-6.5060577392578125
2204,-1.225830078125
2205,-0.3436107635498047
2206,-6.489069938659668
2207,-3.955277442932129
2208,-0.39955902099609375
2209,-6.5513505935668945
2210,-3.0815048217773438
2211,-0.21826744079589844
2212,-4.958888053894043
2213,-6.316463947296143
2214,-0.5299806594848633
2215,-4.8424177169799805
2216,0.571852445602417
2217,-1.5841140747070312
2218,-7.159906387329102
2219,-9.164435386657715
2220,-1.4388933181762695
2221,-6.8357343673706055
2222,2.82228946685791
2223,-2.6708593368530273
2224,-9.050039291381836
2225,-10.390373229980469
2226,-1.6121044158935547
2227,-8.645406723022461
2228,1.598691463470459
2229,-2.440871238708496
2230,-9.89012336730957
2231,-11.600554466247559
2232,-1.6610336303710938
2233,-9.000921249389648
2234,1.9272065162658691
2235,-1.904383659362793
2236,-9.809409141540527
2237,-11.311247825622559
2238,-1.691793441772461
2239,-9.122437477111816
2240,1.1000730991363525
2241,-1.892812728881836
2242,-9.13411808013916
2243,-10.378157615661621
2244,-1.6765832901000977
2245,-8.726958274841309
2246,1.3078556060791016
2247,0.011077880859375
2248,1.1261367797851562
2249,-4.961890697479248
2250,-0.37137603759765625
2251,1.098175048828125
2252,-0.061182498931884766
2253,-1.3875627517700195
2254,5.352666854858398
2255,-5.325909614562988
2256,-1.748581886291504
2257,4.582197189331055
2258,-0.019612789154052734
2259,-0.4532470703125
2260,8.182138442993164
2261,-1.2037205696105957
2262,-0.610865592956543
2263,7.903308868408203
2264,3.296496868133545
2265,-0.1620016098022461
2266,8.487674713134766
2267,-0.7487430572509766
2268,-0.30817699432373047
2269,8.237590789794922
2270,3.649359703063965
2271,-1.0775728225708008
2272,9.244911193847656
2273,-1.303450345993042
2274,-0.8183841705322266
2275,9.226799011230469
2276,2.7284774780273438
2277,0.21959590911865234
2278,-8.01501178741455
2279,-3.79117488861084
2280,0.44035911560058594
2281,-7.950255393981934
2282,-4.005298137664795
2283,0.4633150100708008
2284,-7.856678009033203
2285,-4.005457401275635
2286,0.4865560531616211
2287,-7.805070877075195
2288,-4.006289005279541
2289,0.42976856231689453
2290,-7.987421035766602
2291,-3.327719211578369
2292,0.4426898956298828
2293,-7.963737487792969
2294,-3.3271894454956055
2295,0.45788097381591797
2296,-7.946672439575195
2297,-3.3275556564331055
2298,0.5183391571044922
2299,-7.369868278503418
2300,-4.201085567474365
2301,0.47974205017089844
2302,-7.499503135681152
2303,-1.2738457918167114
2304,0.12355327606201172
2305,-7.668915748596191
2306,-3.9377965927124023
2307,0.08729934692382812
2308,-7.696697235107422
2309,-3.069477081298828
2310,0.04029273986816406
2311,-6.019615173339844
2312,-6.274243354797363
2313,-0.3075828552246094
2314,-5.983278274536133
2315,0.5089399814605713
2316,-0.9066524505615234
2317,-8.626187324523926
2318,-7.960634231567383
2319,-1.057032585144043
2320,-8.487251281738281
2321,2.4482197761535645
2322,-0.33745384216308594
2323,-10.558110237121582
2324,-7.444674968719482
2325,-0.26443958282470703
2326,-10.356752395629883
2327,1.572319507598877
2328,-0.22090721130371094
2329,-11.064254760742188
2330,-8.343780517578125
2331,0.0002689361572265625
2332,-10.606237411499023
2333,1.502720832824707
2334,-0.030971527099609375
2335,-10.866751670837402
2336,-8.213473320007324
2337,0.11966705322265625
2338,-10.686805725097656
2339,1.2403299808502197
2340,-0.13231372833251953
2341,-10.61103343963623
2342,-7.443099498748779
2343,0.028072357177734375
2344,-10.561068534851074
2345,1.383873462677002
2346,-0.3579120635986328
2347,-0.09006118774414062
2348,-4.878076553344727
2349,-0.6690530776977539
2350,-0.05818748474121094
2351,-0.14347505569458008
2352,-1.2053918838500977
2353,4.479907989501953
2354,-4.4670562744140625
2355,-1.662785530090332
2356,4.08013916015625
2357,0.06068277359008789
2358,-0.7525062561035156
2359,7.608936309814453
2360,-1.899450421333313
2361,-0.6611328125
2362,7.794822692871094
2363,2.8342084884643555
2364,-0.5208969116210938
2365,8.067970275878906
2366,-1.5836057662963867
2367,-0.3422718048095703
2368,8.114017486572266
2369,3.096299171447754
2370,-1.350900650024414
2371,8.986385345458984
2372,-2.5868124961853027
2373,-1.1672935485839844
2374,9.042757034301758
2375,1.7736148834228516
2376,1.1476144790649414
2377,-8.686145782470703
2378,-3.7472124099731445
2379,1.3598976135253906
2380,-8.50916862487793
2381,-4.000246524810791
2382,1.3603878021240234
2383,-8.408193588256836
2384,-4.00031852722168
2385,1.3578147888183594
2386,-8.348320960998535
2387,-4.001115798950195
2388,1.3644704818725586
2389,-8.565840721130371
2390,-3.326638698577881
2391,1.3692560195922852
2392,-8.545104026794434
2393,-3.325690984725952
2394,1.3726787567138672
2395,-8.532224655151367
2396,-3.325129508972168
2397,1.204005241394043
2398,-7.953517913818359
2399,-4.458923816680908
2400,1.2855548858642578
2401,-8.05535888671875
2402,-1.4542763233184814
2403,0.9563999176025391
2404,-8.447240829467773
2405,-3.941225290298462
2406,0.9423894882202148
2407,-8.512896537780762
2408,-3.0770938396453857
2409,0.3075065612792969
2410,-7.012689590454102
2411,-6.391863822937012
2412,0.16498565673828125
2413,-6.865791320800781
2414,0.32387590408325195
2415,-0.18773937225341797
2416,-9.800193786621094
2417,-7.7179460525512695
2418,-0.12068843841552734
2419,-9.44306468963623
2420,1.992971420288086
2421,0.7764577865600586
2422,-11.706298828125
2423,-7.350054740905762
2424,0.7717752456665039
2425,-11.370796203613281
2426,1.5729179382324219
2427,1.0996179580688477
2428,-12.239643096923828
2429,-8.282888412475586
2430,1.2341203689575195
2431,-11.692312240600586
2432,1.405693531036377
2433,1.212265968322754
2434,-11.931035995483398
2435,-8.139366149902344
2436,1.305063247680664
2437,-11.714000701904297
2438,1.153536081314087
2439,1.183466911315918
2440,-11.820327758789062
2441,-7.357348442077637
2442,1.176116943359375
2443,-11.62777042388916
2444,1.3506948947906494
2445,-0.7875356674194336
2446,-1.114206314086914
2447,-4.858269691467285
2448,-0.8388710021972656
2449,-1.0412654876708984
2450,-0.16268539428710938
2451,-1.2369861602783203
2452,3.3560829162597656
2453,-3.9187777042388916
2454,-1.5309295654296875
2455,3.346851348876953
2456,0.48940539360046387
2457,-1.0989398956298828
2458,7.751064300537109
2459,-2.2093143463134766
2460,-0.9502544403076172
2461,7.753427505493164
2462,2.6191654205322266
2463,-0.9116554260253906
2464,8.170440673828125
2465,-1.6064684391021729
2466,-0.7028713226318359
2467,8.05781364440918
2468,2.7698779106140137
2469,-1.6245126724243164
2470,8.882287979125977
2471,-3.991844654083252
2472,-1.4869680404663086
2473,8.962610244750977
2474,1.2025799751281738
2475,1.7771692276000977
2476,-9.29726505279541
2477,-4.249818325042725
2478,1.9134416580200195
2479,-8.951592445373535
2480,-4.4539899826049805
2481,1.8954715728759766
2482,-8.810476303100586
2483,-4.45430326461792
2484,1.8817873001098633
2485,-8.748819351196289
2486,-4.45546817779541
2487,1.951869010925293
2488,-8.978442192077637
2489,-3.782097339630127
2490,1.9493846893310547
2491,-8.936528205871582
2492,-3.7816617488861084
2493,1.9486494064331055
2494,-8.910247802734375
2495,-3.7801809310913086
2496,1.6913566589355469
2497,-8.32917594909668
2498,-4.954144477844238
2499,1.724745750427246
2500,-8.393577575683594
2501,-1.9487385749816895
2502,1.5225496292114258
2503,-9.09872055053711
2504,-4.454334259033203
2505,1.5068244934082031
2506,-9.146767616271973
2507,-3.5776238441467285
2508,0.5420265197753906
2509,-7.599823951721191
2510,-6.76112174987793
2511,0.4908294677734375
2512,-7.553459167480469
2513,0.10080981254577637
2514,0.20647525787353516
2515,-10.29964542388916
2516,-8.551185607910156
2517,0.2449207305908203
2518,-10.000808715820312
2519,1.589920997619629
2520,1.384202003479004
2521,-12.820157051086426
2522,-9.519990921020508
2523,1.3832111358642578
2524,-12.164060592651367
2525,1.3972141742706299
2526,1.5792484283447266
2527,-13.211966514587402
2528,-10.698799133300781
2529,1.6696720123291016
2530,-12.736879348754883
2531,0.9600229263305664
2532,1.8127708435058594
2533,-12.957254409790039
2534,-10.3980131149292
2535,1.9253196716308594
2536,-12.72777271270752
2537,1.1453924179077148
2538,1.7084217071533203
2539,-12.846482276916504
2540,-9.509061813354492
2541,1.7673168182373047
2542,-12.667667388916016
2543,1.3369624614715576
2544,-1.0059442520141602
2545,-2.397610664367676
2546,-4.888261795043945
2547,-0.9639997482299805
2548,-2.3393096923828125
2549,-0.1325209140777588
2550,-1.4634971618652344
2551,1.8945274353027344
2552,-3.260627508163452
2553,-1.6080141067504883
2554,1.4149303436279297
2555,2.0954136848449707
2556,-1.2970342636108398
2557,5.628110885620117
2558,-0.783692479133606
2559,-1.2390928268432617
2560,5.511857986450195
2561,5.007686138153076
2562,-1.0439414978027344
2563,5.819456100463867
2564,-0.4555320739746094
2565,-0.9691581726074219
2566,5.648399353027344
2567,5.282092094421387
2568,-1.7855558395385742
2569,7.17236328125
2570,-2.0000977516174316
2571,-1.6612186431884766
2572,7.046165466308594
2573,4.007089138031006
2574,2.2219371795654297
2575,-9.704447746276855
2576,-4.247243881225586
2577,2.3217992782592773
2578,-9.272350311279297
2579,-4.525836944580078
2580,2.31119441986084
2581,-9.174522399902344
2582,-4.525529384613037
2583,2.2770214080810547
2584,-9.019588470458984
2585,-4.527070999145508
2586,2.3688344955444336
2587,-9.354913711547852
2588,-3.79874587059021
2589,2.3696088790893555
2590,-9.326089859008789
2591,-3.798308849334717
2592,2.3742761611938477
2593,-9.304916381835938
2594,-3.796499729156494
2595,2.0686111450195312
2596,-8.55534553527832
2597,-5.25825834274292
2598,2.197384834289551
2599,-8.847674369812012
2600,-1.9678819179534912
2601,1.87103271484375
2602,-9.594632148742676
2603,-4.515589237213135
2604,1.90667724609375
2605,-9.807878494262695
2606,-3.5665717124938965
2607,0.7705268859863281
2608,-8.155391693115234
2609,-7.193386554718018
2610,0.819549560546875
2611,-8.19312858581543
2612,0.1123971939086914
2613,0.16803932189941406
2614,-10.309000015258789
2615,-7.859673023223877
2616,0.5125999450683594
2617,-10.293985366821289
2618,2.607600688934326
2619,1.3019962310791016
2620,-12.401083946228027
2621,-6.113031387329102
2622,1.6154794692993164
2623,-11.947200775146484
2624,3.6741838455200195
2625,1.5069589614868164
2626,-13.276390075683594
2627,-7.034586429595947
2628,1.977177619934082
2629,-12.301177978515625
2630,3.790848731994629
2631,1.732151985168457
2632,-13.01114559173584
2633,-6.784524917602539
2634,2.135822296142578
2635,-12.158136367797852
2636,3.4549384117126465
2637,1.558706283569336
2638,-12.841859817504883
2639,-6.0514373779296875
2640,1.9485883712768555
2641,-12.22146987915039
2642,3.4485740661621094
2643,-1.1398744583129883
2644,-2.712893486022949
2645,-5.046938419342041
2646,-0.8870878219604492
2647,-2.670391082763672
2648,0.030369043350219727
2649,-2.1508007049560547
2650,1.1732730865478516
2651,-4.111993789672852
2652,-1.6506967544555664
2653,0.8390064239501953
2654,2.286266326904297
2655,-1.633021354675293
2656,4.072599411010742
2657,-1.2429192066192627
2658,-1.4142370223999023
2659,3.9255714416503906
2660,4.957561016082764
2661,-1.3730592727661133
2662,3.4938087463378906
2663,-0.7899338006973267
2664,-1.2668256759643555
2665,3.532590866088867
2666,5.276147842407227
2667,-1.9512214660644531
2668,5.60943603515625
2669,-1.0846349000930786
2670,-1.8623895645141602
2671,5.338218688964844
2672,4.745192527770996
2673,2.601806640625
2674,-9.608701705932617
2675,-4.651097297668457
2676,2.696901321411133
2677,-9.036469459533691
2678,-4.9269561767578125
2679,2.68172550201416
2680,-8.945402145385742
2681,-4.926197052001953
2682,2.6659412384033203
2683,-8.86267375946045
2684,-4.927414894104004
2685,2.73270320892334
2686,-9.108796119689941
2687,-4.170019149780273
2688,2.7402114868164062
2689,-9.064945220947266
2690,-4.170236110687256
2691,2.747208595275879
2692,-9.030099868774414
2693,-4.168405532836914
2694,2.444011688232422
2695,-8.380392074584961
2696,-5.653031349182129
2697,2.5948104858398438
2698,-8.625692367553711
2699,-2.2198855876922607
2700,2.333643913269043
2701,-9.47929859161377
2702,-4.922689914703369
2703,2.3912620544433594
2704,-9.58080005645752
2705,-3.9355156421661377
2706,1.165635108947754
2707,-8.129658699035645
2708,-7.3658976554870605
2709,1.37554931640625
2710,-8.52427864074707
2711,0.08763957023620605
2712,0.008553504943847656
2713,-9.963053703308105
2714,-7.924036502838135
2715,0.8552770614624023
2716,-10.574271202087402
2717,2.4043102264404297
2718,0.9070396423339844
2719,-12.378641128540039
2720,-6.854132652282715
2721,1.5783042907714844
2722,-12.068829536437988
2723,3.0329489707946777
2724,1.0730934143066406
2725,-13.17458438873291
2726,-7.850831985473633
2727,1.8953132629394531
2728,-12.524307250976562
2729,3.193124294281006
2730,1.4254817962646484
2731,-12.817370414733887
2732,-7.590144157409668
2733,1.9680442810058594
2734,-12.469539642333984
2735,2.7988486289978027
2736,1.2681093215942383
2737,-12.665762901306152
2738,-6.800298690795898
2739,1.8511600494384766
2740,-12.33169174194336
2741,2.7911949157714844
2742,-1.0931358337402344
2743,-3.7208127975463867
2744,-5.0263352394104
2745,-1.0120296478271484
2746,-4.165505409240723
2747,0.007850885391235352
2748,-2.8532886505126953
2749,-1.9410457611083984
2750,-4.747452259063721
2751,-2.664107322692871
2752,-2.219644546508789
2753,1.8408222198486328
2754,-2.1250171661376953
2755,1.1849117279052734
2756,-0.5533289909362793
2757,-2.057331085205078
2758,0.8260746002197266
2759,5.481457233428955
2760,-1.7846240997314453
2761,0.9189777374267578
2762,0.09281706809997559
2763,-1.7424049377441406
2764,0.8219680786132812
2765,5.943319320678711
2766,-2.35693359375
2767,3.308073043823242
2768,0.9541487693786621
2769,-2.0477657318115234
2770,2.6263179779052734
2771,6.501704216003418
2772,2.879929542541504
2773,-9.262358665466309
2774,-6.317200660705566
2775,3.0011157989501953
2776,-8.718507766723633
2777,-6.604658603668213
2778,2.9831361770629883
2779,-8.632235527038574
2780,-6.6051411628723145
2781,2.9658212661743164
2782,-8.554475784301758
2783,-6.6062397956848145
2784,3.0423450469970703
2785,-8.815791130065918
2786,-5.878488540649414
2787,3.0486316680908203
2788,-8.789599418640137
2789,-5.878608703613281
2790,3.0569801330566406
2791,-8.771339416503906
2792,-5.877700328826904
2793,2.7916364669799805
2794,-8.205263137817383
2795,-7.0585737228393555
2796,2.907168388366699
2797,-8.4216947555542
2798,-3.7938003540039062
2799,2.6241378784179688
2800,-9.182108879089355
2801,-6.463539123535156
2802,2.6668643951416016
2803,-9.325326919555664
2804,-5.5244550704956055
2805,1.5346155166625977
2806,-8.11657428741455
2807,-8.770564079284668
2808,1.6360034942626953
2809,-8.812752723693848
2810,-1.0399186611175537
2811,-0.08785152435302734
2812,-9.17674446105957
2813,-9.769779205322266
2814,0.5738544464111328
2815,-10.344623565673828
2816,0.3892176151275635
2817,0.7065935134887695
2818,-12.085929870605469
2819,-10.072039604187012
2820,1.059600830078125
2821,-12.376928329467773
2822,-1.1369237899780273
2823,0.937896728515625
2824,-12.91798210144043
2825,-11.336398124694824
2826,1.342947006225586
2827,-13.134246826171875
2828,-1.059670329093933
2829,1.226358413696289
2830,-12.892274856567383
2831,-10.927967071533203
2832,1.411971092224121
2833,-13.41415786743164
2834,-1.8401026725769043
2835,0.9321842193603516
2836,-12.619791030883789
2837,-9.9718017578125
2838,1.291865348815918
2839,-13.208480834960938
2840,-1.5151257514953613
2841,-0.9210605621337891
2842,-4.308748245239258
2843,-4.951022148132324
2844,-1.111663818359375
2845,-4.986944198608398
2846,-0.06780624389648438
2847,-2.998088836669922
2848,-3.6759376525878906
2849,-7.827687740325928
2850,-3.3007068634033203
2851,-4.824235916137695
2852,-1.2920223474502563
2853,-2.5874881744384766
2854,-1.1372528076171875
2855,-0.7274627685546875
2856,-2.6266822814941406
2857,-1.348134994506836
2858,3.092176914215088
2859,-2.296354293823242
2860,-0.9625205993652344
2861,-0.6177427768707275
2862,-2.289703369140625
2863,-1.1020355224609375
2864,3.619896411895752
2865,-3.2013864517211914
2866,0.6323451995849609
2867,0.12882161140441895
2868,-3.1333436965942383
2869,0.55364990234375
2870,5.455816268920898
2871,3.080883026123047
2872,-8.98816204071045
2873,-5.885446071624756
2874,3.1329574584960938
2875,-8.546236038208008
2876,-6.210034370422363
2877,3.099919319152832
2878,-8.465258598327637
2879,-6.211381912231445
2880,3.063446044921875
2881,-8.379157066345215
2882,-6.212638854980469
2883,3.176555633544922
2884,-8.602739334106445
2885,-5.545493125915527
2886,3.1737194061279297
2887,-8.565423965454102
2888,-5.54621696472168
2889,3.170909881591797
2890,-8.527729988098145
2891,-5.545979022979736
2892,2.8469724655151367
2893,-8.018552780151367
2894,-6.773224353790283
2895,2.9668760299682617
2896,-8.179291725158691
2897,-3.807549476623535
2898,2.793898582458496
2899,-8.930047035217285
2900,-6.056388854980469
2901,2.857302665710449
2902,-9.012544631958008
2903,-5.195870399475098
2904,1.6323976516723633
2905,-8.002364158630371
2906,-8.293691635131836
2907,1.7879343032836914
2908,-8.444716453552246
2909,-1.2263422012329102
2910,-0.09247207641601562
2911,-8.898385047912598
2912,-9.158824920654297
2913,0.4639749526977539
2914,-9.54420280456543
2915,0.026172161102294922
2916,-0.1768817901611328
2917,-11.780998229980469
2918,-9.444194793701172
2919,0.44489574432373047
2920,-11.894651412963867
2921,-1.103761911392212
2922,-0.3370676040649414
2923,-12.461207389831543
2924,-10.550106048583984
2925,0.6040468215942383
2926,-12.562030792236328
2927,-0.9349768161773682
2928,-0.019865036010742188
2929,-12.468828201293945
2930,-10.104768753051758
2931,0.6655149459838867
2932,-12.75332260131836
2933,-1.8246796131134033
2934,-0.004055976867675781
2935,-12.252828598022461
2936,-9.312922477722168
2937,0.6322393417358398
2938,-12.579643249511719
2939,-1.491408348083496
2940,-0.8900775909423828
2941,-4.658186912536621
2942,-4.817202091217041
2943,-0.9889888763427734
2944,-5.612434387207031
2945,-0.19881200790405273
2946,-2.977632522583008
2947,-6.85203742980957
2948,-7.497280120849609
2949,-2.8051395416259766
2950,-7.59169864654541
2951,-1.9452531337738037
2952,-3.194021224975586
2953,-3.473700523376465
2954,-1.5724830627441406
2955,-3.240687370300293
2956,-3.718137741088867
2957,0.6871175765991211
2958,-3.0252599716186523
2959,-2.9486351013183594
2960,-0.9111124277114868
2961,-3.0762739181518555
2962,-3.0515995025634766
2963,1.0078415870666504
2964,-3.8584518432617188
2965,-2.4719152450561523
2966,-0.2965860366821289
2967,-4.079124450683594
2968,-2.747176170349121
2969,1.1824522018432617
2970,3.131937026977539
2971,-8.706053733825684
2972,-5.394230365753174
2973,3.1874351501464844
2974,-8.307686805725098
2975,-5.724879741668701
2976,3.156322479248047
2977,-8.22817611694336
2978,-5.725841522216797
2979,3.1204280853271484
2980,-8.145784378051758
2981,-5.726938247680664
2982,3.214527130126953
2983,-8.367713928222656
2984,-5.046985626220703
2985,3.2047882080078125
2986,-8.335521697998047
2987,-5.047821044921875
2988,3.1950435638427734
2989,-8.302536964416504
2990,-5.0479736328125
2991,2.8707189559936523
2992,-7.792352676391602
2993,-6.358006000518799
2994,2.968308448791504
2995,-7.958937644958496
2996,-3.3003034591674805
2997,2.8184051513671875
2998,-8.63356876373291
2999,-5.59450101852417
3000,2.8743295669555664
3001,-8.716428756713867
3002,-4.711411476135254
3003,1.6775541305541992
3004,-7.700155258178711
3005,-8.040070533752441
3006,1.8401908874511719
3007,-8.056404113769531
3008,-0.8056979179382324
3009,-0.12146949768066406
3010,-8.55373477935791
3011,-8.638555526733398
3012,0.37245845794677734
3013,-9.044273376464844
3014,0.11757969856262207
3015,-1.0077085494995117
3016,-10.911518096923828
3017,-8.770442962646484
3018,-0.5243425369262695
3019,-11.128116607666016
3020,-1.4071611166000366
3021,-1.210188865661621
3022,-11.528657913208008
3023,-9.523982048034668
3024,-0.5625572204589844
3025,-11.405120849609375
3026,-1.3678953647613525
3027,-0.9849834442138672
3028,-11.513229370117188
3029,-9.189752578735352
3030,-0.5870122909545898
3031,-11.790458679199219
3032,-2.210386276245117
3033,-1.0010223388671875
3034,-11.495134353637695
3035,-8.62209415435791
3036,-0.5522003173828125
3037,-11.61689567565918
3038,-1.8039753437042236
3039,-0.9524250030517578
3040,-4.874048233032227
3041,-4.844361782073975
3042,-0.9255495071411133
3043,-5.520421981811523
3044,-0.17218327522277832
3045,-2.4805898666381836
3046,-8.662774085998535
3047,-7.288834095001221
3048,-1.6338958740234375
3049,-9.92251968383789
3050,-0.8726801872253418
3051,-3.7107105255126953
3052,-5.915850639343262
3053,-3.898608446121216
3054,-2.5982446670532227
3055,-7.926603317260742
3056,1.0315837860107422
3057,-3.8056259155273438
3058,-5.170134544372559
3059,-3.477036714553833
3060,-2.396815299987793
3061,-7.548153877258301
3062,1.17716383934021
3063,-4.664339065551758
3064,-6.644765853881836
3065,-3.5154614448547363
3066,-3.765087127685547
3067,-7.951744079589844
3068,1.126194715499878
3069,3.0716114044189453
3070,-8.263216018676758
3071,-5.272124767303467
3072,3.123147964477539
3073,-7.776985168457031
3074,-5.54936408996582
3075,3.0969810485839844
3076,-7.697602272033691
3077,-5.550092697143555
3078,3.0674362182617188
3079,-7.611971855163574
3080,-5.551318168640137
3081,3.1448192596435547
3082,-7.8269805908203125
3083,-4.856338977813721
3084,3.1347808837890625
3085,-7.784014701843262
3086,-4.856794357299805
3087,3.1234474182128906
3088,-7.734006881713867
3089,-4.856675624847412
3090,2.822482109069824
3091,-7.340997695922852
3092,-6.28363037109375
3093,2.8832740783691406
3094,-7.472221374511719
3095,-3.161768674850464
3096,2.785127639770508
3097,-8.412140846252441
3098,-5.435242652893066
3099,2.8178367614746094
3100,-8.476524353027344
3101,-4.535937309265137
3102,1.6002988815307617
3103,-7.445898056030273
3104,-8.007085800170898
3105,1.7632837295532227
3106,-7.810732841491699
3107,-0.7558345794677734
3108,-0.1276092529296875
3109,-8.38746166229248
3110,-8.456907272338867
3111,0.3418550491333008
3112,-8.854968070983887
3113,-0.006829738616943359
3114,-1.277125358581543
3115,-10.631589889526367
3116,-7.606020450592041
3117,-0.9667549133300781
3118,-10.617879867553711
3119,-1.2136250734329224
3120,-1.4923591613769531
3121,-11.410823822021484
3122,-8.352230072021484
3123,-1.0565967559814453
3124,-10.983177185058594
3125,-1.1047638654708862
3126,-1.3108148574829102
3127,-11.188307762145996
3128,-8.009319305419922
3129,-1.0153560638427734
3130,-11.223209381103516
3131,-1.9263484477996826
3132,-1.2310352325439453
3133,-11.162029266357422
3134,-7.466361999511719
3135,-1.0600128173828125
3136,-11.082969665527344
3137,-1.5982245206832886
3138,-1.111724853515625
3139,-5.282552719116211
3140,-4.861345291137695
3141,-0.9141559600830078
3142,-5.64479923248291
3143,-0.15590715408325195
3144,-1.7740583419799805
3145,-10.081453323364258
3146,-5.659995079040527
3147,-0.6559820175170898
3148,-10.305509567260742
3149,-0.012443304061889648
3150,-3.5483884811401367
3151,-8.266898155212402
3152,-3.197667121887207
3153,-2.435243606567383
3154,-9.461332321166992
3155,1.4321246147155762
3156,-3.8007869720458984
3157,-7.5176849365234375
3158,-2.530411958694458
3159,-2.5584774017333984
3160,-9.045282363891602
3161,1.5200161933898926
3162,-4.236334800720215
3163,-10.013307571411133
3164,-2.4134225845336914
3165,-3.084918975830078
3166,-10.424038887023926
3167,1.360574722290039
3168,2.8964719772338867
3169,-7.331778526306152
3170,-6.993687152862549
3171,2.919123649597168
3172,-6.826389312744141
3173,-7.434000492095947
3174,2.8876047134399414
3175,-6.774334907531738
3176,-7.435729026794434
3177,2.8552589416503906
3178,-6.717889785766602
3179,-7.436964511871338
3180,2.954840660095215
3181,-6.814766883850098
3182,-6.652469158172607
3183,2.949155807495117
3184,-6.761059761047363
3185,-6.652304649353027
3186,2.9406814575195312
3187,-6.704760551452637
3188,-6.652247905731201
3189,2.5737504959106445
3190,-6.4466657638549805
3191,-8.372979164123535
3192,2.666135787963867
3193,-6.498044967651367
3194,-4.827875137329102
3195,2.6163692474365234
3196,-7.517948150634766
3197,-7.292973518371582
3198,2.6626529693603516
3199,-7.519635200500488
3200,-6.262862205505371
3201,1.4213018417358398
3202,-7.0819292068481445
3203,-9.791592597961426
3204,1.6492090225219727
3205,-7.0959367752075195
3206,-1.9767998456954956
3207,-0.21065235137939453
3208,-7.978523254394531
3209,-10.455294609069824
3210,0.17680644989013672
3211,-7.288923263549805
3212,-1.051189661026001
3213,-1.0965051651000977
3214,-10.525336265563965
3215,-10.502528190612793
3216,-0.9005870819091797
3217,-8.716719627380371
3218,-2.6316144466400146
3219,-1.2034025192260742
3220,-11.197565078735352
3221,-11.683420181274414
3222,-0.9374656677246094
3223,-8.937535285949707
3224,-2.6035916805267334
3225,-1.0038137435913086
3226,-11.149188995361328
3227,-11.358210563659668
3228,-0.9471311569213867
3229,-9.094961166381836
3230,-3.607154369354248
3231,-0.9641151428222656
3232,-10.995187759399414
3233,-10.418861389160156
3234,-0.94781494140625
3235,-9.008389472961426
3236,-3.0850887298583984
3237,-1.2152843475341797
3238,-5.745026588439941
3239,-4.942531108856201
3240,-0.9633712768554688
3241,-5.891742706298828
3242,-0.07378220558166504
3243,-1.087615966796875
3244,-10.059367179870605
3245,-6.677109241485596
3246,-0.4735698699951172
3247,-9.696539878845215
3248,1.1660068035125732
3249,-3.1812610626220703
3250,-9.933876991271973
3251,-2.9740874767303467
3252,-2.328611373901367
3253,-9.21420955657959
3254,2.5453267097473145
3255,-3.445218086242676
3256,-9.48997974395752
3257,-2.516852855682373
3258,-2.4555892944335938
3259,-8.896233558654785
3260,2.5378360748291016
3261,-3.7348756790161133
3262,-11.40084457397461
3263,-2.7874505519866943
3264,-2.87003231048584
3265,-10.111207008361816
3266,1.535153865814209
3267,2.6848649978637695
3268,-6.102486610412598
3269,-8.806915283203125
3270,2.7015857696533203
3271,-5.598718643188477
3272,-9.223892211914062
3273,2.6727256774902344
3274,-5.562922477722168
3275,-9.224527359008789
3276,2.642550468444824
3277,-5.532041549682617
3278,-9.226997375488281
3279,2.735623359680176
3280,-5.556147575378418
3281,-8.53028678894043
3282,2.728560447692871
3283,-5.527009963989258
3284,-8.531659126281738
3285,2.721038818359375
3286,-5.501438140869141
3287,-8.53165054321289
3288,2.43985652923584
3289,-5.333640098571777
3290,-9.658472061157227
3291,2.508631706237793
3292,-5.393089294433594
3293,-6.518560409545898
3294,2.4346885681152344
3295,-6.325746536254883
3296,-8.892827033996582
3297,2.46905517578125
3298,-6.352397918701172
3299,-7.9803466796875
3300,0.9478626251220703
3301,-6.55565071105957
3302,-10.18736457824707
3303,1.5265674591064453
3304,-6.610631942749023
3305,-3.205808162689209
3306,-0.22702312469482422
3307,-7.6502275466918945
3308,-10.618833541870117
3309,0.437896728515625
3310,-7.52852725982666
3311,-1.8509814739227295
3312,-0.3127164840698242
3313,-10.401775360107422
3314,-10.619449615478516
3315,0.21792888641357422
3316,-9.051460266113281
3317,-3.698814630508423
3318,-0.289215087890625
3319,-11.161824226379395
3320,-11.792616844177246
3321,0.2679777145385742
3322,-9.263605117797852
3323,-3.743379831314087
3324,-0.021402359008789062
3325,-11.016073226928711
3326,-11.456597328186035
3327,0.2860832214355469
3328,-9.450418472290039
3329,-4.725766181945801
3330,-0.02399921417236328
3331,-10.740208625793457
3332,-10.52935791015625
3333,0.2402820587158203
3334,-9.404462814331055
3335,-4.1362810134887695
3336,-1.3715400695800781
3337,-6.184139251708984
3338,-4.931880950927734
3339,-1.075826644897461
3340,-6.2249250411987305
3341,-0.08425545692443848
3342,-0.26300811767578125
3343,-10.452790260314941
3344,-6.543283462524414
3345,0.030477523803710938
3346,-10.165388107299805
3347,0.3095710277557373
3348,-2.3438215255737305
3349,-11.45582389831543
3350,-3.5316007137298584
3351,-2.211916923522949
3352,-11.328190803527832
3353,2.461951732635498
3354,-3.005115509033203
3355,-11.251021385192871
3356,-3.260143756866455
3357,-2.441864013671875
3358,-11.104209899902344
3359,2.535740375518799
3360,-2.231281280517578
3361,-13.008678436279297
3362,-4.130532264709473
3363,-2.265200614929199
3364,-13.060179710388184
3365,1.7487578392028809
3366,1.900461196899414
3367,-5.635437965393066
3368,-4.257549285888672
3369,1.8585901260375977
3370,-5.159998893737793
3371,-4.695929527282715
3372,1.828080177307129
3373,-5.124110221862793
3374,-4.695917129516602
3375,1.7965784072875977
3376,-5.090027809143066
3377,-4.697547912597656
3378,1.8951101303100586
3379,-5.156841278076172
3380,-4.1014084815979
3381,1.8903656005859375
3382,-5.122586250305176
3383,-4.102317810058594
3384,1.8853435516357422
3385,-5.086176872253418
3386,-4.1027631759643555
3387,1.5921401977539062
3388,-4.91812801361084
3389,-5.478224277496338
3390,1.7031593322753906
3391,-4.9283246994018555
3392,-2.8314568996429443
3393,1.7235479354858398
3394,-5.8762969970703125
3395,-4.477330207824707
3396,1.7784347534179688
3397,-5.871528625488281
3398,-3.7029168605804443
3399,0.784092903137207
3400,-6.115507125854492
3401,-6.8020853996276855
3402,1.0215387344360352
3403,-6.090611457824707
3404,-0.30496644973754883
3405,-0.18243408203125
3406,-7.660101890563965
3407,-7.390408515930176
3408,0.38306140899658203
3409,-7.652814865112305
3410,0.350736141204834
3411,0.42444515228271484
3412,-10.21695327758789
3413,-7.095102787017822
3414,0.743189811706543
3415,-8.966087341308594
3416,-2.5455381870269775
3417,0.6655368804931641
3418,-10.616785049438477
3419,-7.88783597946167
3420,0.9316024780273438
3421,-8.936098098754883
3422,-2.935102939605713
3423,0.7941513061523438
3424,-10.471633911132812
3425,-7.448777675628662
3426,1.0178442001342773
3427,-9.119805335998535
3428,-3.4451656341552734
3429,0.7727699279785156
3430,-10.236756324768066
3431,-6.917388916015625
3432,0.9681921005249023
3433,-9.19210433959961
3434,-3.5718960762023926
3435,-1.6153039932250977
3436,-6.323208808898926
3437,-4.868235111236572
3438,-1.4731473922729492
3439,-6.225543975830078
3440,-0.14966392517089844
3441,0.5848836898803711
3442,-9.95148754119873
3443,-5.968181610107422
3444,0.4972095489501953
3445,-9.947758674621582
3446,-0.799536943435669
3447,-1.4717998504638672
3448,-11.941303253173828
3449,-4.002777099609375
3450,-1.5258159637451172
3451,-11.923162460327148
3452,0.3792550563812256
3453,-1.9258394241333008
3454,-12.067782402038574
3455,-3.797036647796631
3456,-1.9448127746582031
3457,-11.856589317321777
3458,0.46034693717956543
3459,-1.0549373626708984
3460,-13.438762664794922
3461,-4.26065731048584
3462,-1.6226682662963867
3463,-13.178976058959961
3464,-0.021207094192504883
3465,0.6362247467041016
3466,-7.1717071533203125
3467,-4.913779258728027
3468,0.7168960571289062
3469,-7.2842254638671875
3470,-4.851926803588867
3471,0.7136201858520508
3472,-7.255524635314941
3473,-4.841399669647217
3474,0.70855712890625
3475,-7.228096961975098
3476,-4.851222991943359
3477,0.777470588684082
3478,-7.280501365661621
3479,-4.999915599822998
3480,0.810175895690918
3481,-7.246380805969238
3482,-5.003057956695557
3483,0.8431158065795898
3484,-7.209222793579102
3485,-5.006390571594238
3486,0.7978010177612305
3487,-6.798044204711914
3488,-7.008187294006348
3489,0.9621400833129883
3490,-6.8541460037231445
3491,-4.982361316680908
3492,0.5851020812988281
3493,-6.814023971557617
3494,-4.701764106750488
3495,0.6346988677978516
3496,-6.720119476318359
3497,-4.670978546142578
3498,0.34189414978027344
3499,-6.222128868103027
3500,-7.504759311676025
3501,1.002227783203125
3502,-6.335366249084473
3503,-3.486253261566162
3504,-0.3297595977783203
3505,-7.752636909484863
3506,-7.504514217376709
3507,0.8341550827026367
3508,-7.982330322265625
3509,-3.5386123657226562
3510,0.8552875518798828
3511,-8.941143989562988
3512,-6.5718092918396
3513,1.3306331634521484
3514,-9.053780555725098
3515,-5.611484527587891
3516,1.186635971069336
3517,-9.342029571533203
3518,-7.129634380340576
3519,1.3976173400878906
3520,-9.157858848571777
3521,-5.828834056854248
3522,1.3214378356933594
3523,-9.019423484802246
3524,-6.969043731689453
3525,1.4547624588012695
3526,-9.28890609741211
3527,-6.221660614013672
3528,1.1930580139160156
3529,-8.788878440856934
3530,-6.519234657287598
3531,1.4164915084838867
3532,-9.284038543701172
3533,-5.847357749938965
3534,-1.5378408432006836
3535,-6.640204429626465
3536,-4.494254112243652
3537,-1.3019142150878906
3538,-6.726201057434082
3539,-0.5278569459915161
3540,0.8755302429199219
3541,-9.210233688354492
3542,-5.197157382965088
3543,1.0269956588745117
3544,-9.271112442016602
3545,-1.3186200857162476
3546,-0.5555324554443359
3547,-11.865118026733398
3548,-3.464505195617676
3549,-0.5224590301513672
3550,-11.784309387207031
3551,-0.02892279624938965
3552,-0.9033012390136719
3553,-12.049938201904297
3554,-3.2268295288085938
3555,-0.8803377151489258
3556,-11.972261428833008
3557,0.02297496795654297
3558,0.024227142333984375
3559,-13.184612274169922
3560,-3.7919857501983643
3561,-0.4220724105834961
3562,-13.184455871582031
3563,-0.558621883392334
3564,-0.8554363250732422
3565,-1.3375415802001953
3566,-3.141403913497925
3567,-1.078536033630371
3568,-1.24847412109375
3569,-3.620887279510498
3570,-1.1013870239257812
3571,-1.2551898956298828
3572,-3.621872901916504
3573,-1.1799993515014648
3574,-1.2773418426513672
3575,-3.622854232788086
3576,-1.0872220993041992
3577,-1.278158187866211
3578,-2.873814582824707
3579,-1.118821144104004
3580,-1.3048572540283203
3581,-2.8736727237701416
3582,-1.2114372253417969
3583,-1.3494148254394531
3584,-2.8748693466186523
3585,-1.3484210968017578
3586,-1.6176300048828125
3587,-4.656927108764648
3588,-1.388655662536621
3589,-1.6672019958496094
3590,-1.3318381309509277
3591,-0.8249349594116211
3592,-1.6639385223388672
3593,-3.4968948364257812
3594,-0.8329324722290039
3595,-1.699087142944336
3596,-2.5360829830169678
3597,-0.9416275024414062
3598,-3.3275604248046875
3599,-6.596938133239746
3600,-1.0427560806274414
3601,-3.6853113174438477
3602,1.0208697319030762
3603,-0.2052021026611328
3604,-6.057429313659668
3605,-7.637776851654053
3606,-0.2074737548828125
3607,-6.096163749694824
3608,1.190371036529541
3609,0.7311182022094727
3610,-5.639869689941406
3611,-7.096419334411621
3612,0.6768827438354492
3613,-5.908846855163574
3614,-1.3097097873687744
3615,0.9558353424072266
3616,-5.605576515197754
3617,-7.691888809204102
3618,0.8659906387329102
3619,-5.9454851150512695
3620,-1.3442487716674805
3621,0.9186296463012695
3622,-5.261131286621094
3623,-7.527159690856934
3624,0.8994598388671875
3625,-5.686540603637695
3626,-1.9698492288589478
3627,0.7720842361450195
3628,-5.390148162841797
3629,-7.0193281173706055
3630,0.8328046798706055
3631,-5.651777267456055
3632,-1.6606621742248535
3633,-0.2813606262207031
3634,-8.702287673950195
3635,-4.972628116607666
3636,-0.25516223907470703
3637,-8.75455093383789
3638,-0.048473358154296875
3639,1.3624467849731445
3640,-5.414466857910156
3641,-5.25831413269043
3642,0.8379726409912109
3643,-5.09212589263916
3644,0.9152636528015137
3645,1.2259645462036133
3646,-9.076345443725586
3647,-2.0692265033721924
3648,1.1271991729736328
3649,-8.794047355651855
3650,1.2341587543487549
3651,1.0089683532714844
3652,-9.666394233703613
3653,-1.686483383178711
3654,0.9506244659423828
3655,-9.384284019470215
3656,1.201777458190918
3657,1.8434524536132812
3658,-9.873819351196289
3659,-1.1298315525054932
3660,1.7546710968017578
3661,-9.472046852111816
3662,1.022693157196045
3663,-1.626896858215332
3664,-1.3354358673095703
3665,-3.2830934524536133
3666,-1.9263744354248047
3667,-1.38067626953125
3668,-3.7111477851867676
3669,-1.9509916305541992
3670,-1.4408302307128906
3671,-3.7124853134155273
3672,-1.9740781784057617
3673,-1.5323963165283203
3674,-3.7138357162475586
3675,-1.9216718673706055
3676,-1.3671321868896484
3677,-2.9790596961975098
3678,-1.941864013671875
3679,-1.411691665649414
3680,-2.978994131088257
3681,-1.9652481079101562
3682,-1.4644832611083984
3683,-2.9786717891693115
3684,-1.9779634475708008
3685,-1.971975326538086
3686,-4.662413597106934
3687,-1.9731311798095703
3688,-1.8998355865478516
3689,-1.3704880475997925
3690,-1.5122404098510742
3691,-1.6696796417236328
3692,-3.6086156368255615
3693,-1.5063543319702148
3694,-1.691781997680664
3695,-2.6589245796203613
3696,-1.2048006057739258
3697,-3.5404977798461914
3698,-6.556992530822754
3699,-1.1941156387329102
3700,-3.6140851974487305
3701,1.021803617477417
3702,-0.20512866973876953
3703,-6.019179344177246
3704,-6.680173873901367
3705,-0.20493602752685547
3706,-5.450848579406738
3707,1.9981865882873535
3708,0.736536979675293
3709,-4.523942947387695
3710,-5.35915994644165
3711,0.6873683929443359
3712,-4.479056358337402
3713,0.3100721836090088
3714,0.9506921768188477
3715,-4.19748592376709
3716,-6.047178268432617
3717,0.8242101669311523
3718,-3.9842891693115234
3719,0.48288559913635254
3720,0.8582906723022461
3721,-3.8313446044921875
3722,-5.748735427856445
3723,0.8380556106567383
3724,-3.6488723754882812
3725,-0.35254502296447754
3726,0.7631378173828125
3727,-4.040665626525879
3728,-5.224058151245117
3729,0.8002147674560547
3730,-3.7647151947021484
3731,-0.09101223945617676
3732,-0.23566055297851562
3733,-8.489248275756836
3734,-4.932723045349121
3735,-0.25473976135253906
3736,-8.44076156616211
3737,-0.08620762825012207
3738,1.1771564483642578
3739,-4.679008483886719
3740,-5.147758960723877
3741,0.6981773376464844
3742,-5.072399139404297
3743,0.8187828063964844
3744,2.048428535461426
3745,-8.314424514770508
3746,-2.587289571762085
3747,2.0539865493774414
3748,-8.235505104064941
3749,1.3332905769348145
3750,2.11008358001709
3751,-9.075504302978516
3752,-2.3126683235168457
3753,2.1228437423706055
3754,-8.958611488342285
3755,1.3369262218475342
3756,2.8996992111206055
3757,-8.368986129760742
3758,-2.3439180850982666
3759,2.8994274139404297
3760,-7.939861297607422
3761,0.9575178623199463
3762,-2.3717737197875977
3763,-1.8210411071777344
3764,-3.0621254444122314
3765,-2.6260499954223633
3766,-2.09698486328125
3767,-3.503704309463501
3768,-2.6372413635253906
3769,-2.1530590057373047
3770,-3.5045547485351562
3771,-2.6415481567382812
3772,-2.205799102783203
3773,-3.5056183338165283
3774,-2.6142969131469727
3775,-2.0580272674560547
3776,-2.793069362640381
3777,-2.6194019317626953
3778,-2.0904998779296875
3779,-2.793285846710205
3780,-2.6553306579589844
3781,-2.1663827896118164
3782,-2.7928242683410645
3783,-2.59787654876709
3784,-2.548797607421875
3785,-4.602639198303223
3786,-2.623075485229492
3787,-2.5053768157958984
3788,-1.3649747371673584
3789,-2.1878528594970703
3790,-2.1694116592407227
3791,-3.4413259029388428
3792,-2.1743602752685547
3793,-2.055398941040039
3794,-2.516322135925293
3795,-1.6278047561645508
3796,-3.70467472076416
3797,-6.457778453826904
3798,-1.6052665710449219
3799,-3.6919679641723633
3800,1.0099380016326904
3801,-0.22623825073242188
3802,-5.3522844314575195
3803,-6.199306488037109
3804,-0.2425851821899414
3805,-4.772417068481445
3806,1.814638614654541
3807,0.3881378173828125
3808,-3.123502731323242
3809,-4.116127014160156
3810,0.1862335205078125
3811,-2.9921226501464844
3812,0.12429952621459961
3813,0.48150062561035156
3814,-2.717609405517578
3815,-4.614284515380859
3816,0.20156002044677734
3817,-2.7715234756469727
3818,0.28043127059936523
3819,0.29585742950439453
3820,-2.5800209045410156
3821,-4.359609603881836
3822,0.16327571868896484
3823,-2.4024744033813477
3824,-0.3712279796600342
3825,0.2652244567871094
3826,-2.7052621841430664
3827,-3.9656870365142822
3828,0.14681625366210938
3829,-2.589801788330078
3830,-0.20511436462402344
3831,-0.3055906295776367
3832,-8.338483810424805
3833,-4.8890767097473145
3834,-0.2994041442871094
3835,-8.144725799560547
3836,-0.1278853416442871
3837,0.968480110168457
3838,-4.5513505935668945
3839,-4.667253494262695
3840,0.6920356750488281
3841,-4.913971900939941
3842,0.4097716808319092
3843,2.5072689056396484
3844,-5.321681976318359
3845,-2.0879154205322266
3846,2.6044673919677734
3847,-5.713981628417969
3848,1.122974157333374
3849,2.687075614929199
3850,-5.686481475830078
3851,-1.8425339460372925
3852,2.8794736862182617
3853,-5.454371452331543
3854,1.1341588497161865
3855,2.9558401107788086
3856,-4.479979515075684
3857,-1.9550065994262695
3858,3.1327133178710938
3859,-4.856803894042969
3860,0.41312217712402344
3861,-2.6245832443237305
3862,-2.2282485961914062
3863,-3.516450881958008
3864,-2.8211441040039062
3865,-2.546921730041504
3866,-3.9063949584960938
3867,-2.8716630935668945
3868,-2.6771469116210938
3869,-3.9064254760742188
3870,-2.8729324340820312
3871,-2.73538875579834
3872,-3.9066617488861084
3873,-2.8535423278808594
3874,-2.591099739074707
3875,-3.232123374938965
3876,-2.8499670028686523
3877,-2.6289939880371094
3878,-3.2327685356140137
3879,-2.849916458129883
3880,-2.679780960083008
3881,-3.232145309448242
3882,-2.766948699951172
3883,-3.144280433654785
3884,-4.917959690093994
3885,-2.8176307678222656
3886,-3.152578353881836
3887,-1.8606433868408203
3888,-2.431155204772949
3889,-2.4741783142089844
3890,-3.8701343536376953
3891,-2.477619171142578
3892,-2.487140655517578
3893,-2.9954111576080322
3894,-1.708693504333496
3895,-4.029352188110352
3896,-6.422464847564697
3897,-1.5869054794311523
3898,-3.972283363342285
3899,0.19811105728149414
3900,-0.19184207916259766
3901,-4.7311553955078125
3902,-6.139374732971191
3903,-0.18745136260986328
3904,-4.212876319885254
3905,0.7640879154205322
3906,0.0805196762084961
3907,-2.1493778228759766
3908,-4.78779935836792
3909,-0.02951335906982422
3910,-2.361109733581543
3911,-0.763458251953125
3912,0.1166219711303711
3913,-1.7434940338134766
3914,-5.439822673797607
3915,-0.04165077209472656
3916,-1.9806232452392578
3917,-0.726578950881958
3918,-0.06288909912109375
3919,-1.653310775756836
3920,-5.241190433502197
3921,-0.11130809783935547
3922,-1.6679363250732422
3923,-1.3753130435943604
3924,-0.06299972534179688
3925,-1.7729358673095703
3926,-4.691706657409668
3927,-0.11701202392578125
3928,-1.7867774963378906
3929,-1.0833781957626343
3930,-0.1255168914794922
3931,-7.699798583984375
3932,-4.562588691711426
3933,-0.13583850860595703
3934,-7.60355281829834
3935,-0.4571816921234131
3936,-0.9850444793701172
3937,-4.135869979858398
3938,-4.792041778564453
3939,0.03899192810058594
3940,-3.8285388946533203
3941,-0.5633652210235596
3942,-0.3222322463989258
3943,-4.9153900146484375
3944,-2.4789493083953857
3945,2.2094221115112305
3946,-1.6267566680908203
3947,-1.3252793550491333
3948,-0.1854238510131836
3949,-5.241117477416992
3950,-2.2256977558135986
3951,2.2490005493164062
3952,-1.533487319946289
3953,-1.447710394859314
3954,-0.41721057891845703
3955,-4.289533615112305
3956,-2.586400270462036
3957,1.882990837097168
3958,-0.01865386962890625
3959,-2.304550886154175
3960,-2.8989944458007812
3961,-3.608417510986328
3962,-4.295993328094482
3963,-3.044078826904297
3964,-3.839963912963867
3965,-4.783333778381348
3966,-3.0344438552856445
3967,-3.8971548080444336
3968,-4.785079002380371
3969,-3.0252933502197266
3970,-3.9323320388793945
3971,-4.787336349487305
3972,-3.0326528549194336
3973,-3.922515869140625
3974,-4.070302486419678
3975,-3.019434928894043
3976,-3.991164207458496
3977,-4.0692219734191895
3978,-3.0073375701904297
3979,-4.0590925216674805
3980,-4.070425987243652
3981,-2.8514928817749023
3982,-4.3105974197387695
3983,-5.89630126953125
3984,-2.8614320755004883
3985,-4.466736793518066
3986,-2.6888465881347656
3987,-2.6755189895629883
3988,-3.667660713195801
3989,-4.633093357086182
3990,-2.6651229858398438
3991,-3.7044639587402344
3992,-3.7066307067871094
3993,-1.7966022491455078
3994,-4.395709991455078
3995,-7.4248762130737305
3996,-1.753509521484375
3997,-4.785280227661133
3998,-0.05615711212158203
3999,-0.1577777862548828
4000,-3.5203800201416016
4001,-8.665115356445312
4002,-0.1976165771484375
4003,-3.769357681274414
4004,1.260340690612793
4005,-0.7663640975952148
4006,-1.445272445678711
4007,-8.871316909790039
4008,-0.2361612319946289
4009,-2.130594253540039
4010,-0.3082282543182373
4011,-0.9118099212646484
4012,-0.880645751953125
4013,-9.693674087524414
4014,-0.20772933959960938
4015,-1.7992839813232422
4016,-0.35370731353759766
4017,-1.2259092330932617
4018,-1.0531291961669922
4019,-9.446447372436523
4020,-0.36533641815185547
4021,-1.6360645294189453
4022,-1.0794827938079834
4023,-1.1769828796386719
4024,-1.2736053466796875
4025,-8.77248764038086
4026,-0.3924989700317383
4027,-1.7351417541503906
4028,-0.6688265800476074
4029,0.9709615707397461
4030,-2.933042526245117
4031,-4.989214897155762
4032,0.667841911315918
4033,-3.258265495300293
4034,-0.03130221366882324
4035,0.2469778060913086
4036,1.2039508819580078
4037,-5.334587097167969
4038,-0.6750717163085938
4039,-0.8702526092529297
4040,2.383190631866455
4041,0.532689094543457
4042,-0.15691566467285156
4043,1.115678310394287
4044,-0.019945144653320312
4045,-0.6724853515625
4046,3.463167190551758
4047,0.6306190490722656
4048,-0.6950016021728516
4049,1.8563904762268066
4050,0.1550149917602539
4051,-0.7349987030029297
4052,3.574641227722168
4053,0.4160776138305664
4054,0.2519874572753906
4055,3.097729206085205
4056,-0.16341781616210938
4057,-0.14017868041992188
4058,3.7678732872009277
4059,-2.8398971557617188
4060,-3.736222267150879
4061,-4.980502128601074
4062,-2.9513912200927734
4063,-4.067426681518555
4064,-5.4915924072265625
4065,-2.936819076538086
4066,-4.1067399978637695
4067,-5.49273681640625
4068,-2.921048164367676
4069,-4.13986873626709
4070,-5.494714736938477
4071,-2.951951026916504
4072,-4.101783752441406
4073,-4.764183044433594
4074,-2.9374399185180664
4075,-4.158388137817383
4076,-4.76384162902832
4077,-2.9223203659057617
4078,-4.212121963500977
4079,-4.76463508605957
4080,-2.698892593383789
4081,-4.496829032897949
4082,-6.580854415893555
4083,-2.719270706176758
4084,-4.599796295166016
4085,-3.3411850929260254
4086,-2.615262985229492
4087,-3.7221603393554688
4088,-5.3003411293029785
4089,-2.601527214050293
4090,-3.748332977294922
4091,-4.367151737213135
4092,-1.5864896774291992
4093,-4.366779327392578
4094,-7.772777557373047
4095,-1.5818872451782227
4096,-4.574275016784668
4097,-0.6899330615997314
4098,-0.08854293823242188
4099,-2.7163572311401367
4100,-7.833765506744385
4101,-0.19257164001464844
4102,-2.578897476196289
4103,0.373931884765625
4104,-1.0250988006591797
4105,-1.1994285583496094
4106,-6.38718318939209
4107,-0.8229284286499023
4108,-1.1229209899902344
4109,-1.6760010719299316
4110,-1.276169776916504
4111,-0.7399749755859375
4112,-6.9076714515686035
4113,-0.9087371826171875
4114,-0.5895862579345703
4115,-1.7349416017532349
4116,-1.4926567077636719
4117,-1.0178813934326172
4118,-6.728761672973633
4119,-1.0450458526611328
4120,-0.6297721862792969
4121,-2.422299385070801
4122,-1.3999109268188477
4123,-1.1652851104736328
4124,-6.251997947692871
4125,-1.0053129196166992
4126,-0.7381668090820312
4127,-2.020557165145874
4128,0.9995527267456055
4129,-2.5381927490234375
4130,-4.892285346984863
4131,0.7200193405151367
4132,-2.4142799377441406
4133,-0.12546467781066895
4134,0.291778564453125
4135,1.9536075592041016
4136,-5.9549407958984375
4137,0.03201770782470703
4138,0.42430877685546875
4139,-0.2196815013885498
4140,0.18880176544189453
4141,-0.07188606262207031
4142,1.0987167358398438
4143,0.10256671905517578
4144,-0.3938007354736328
4145,1.7511963844299316
4146,0.1303539276123047
4147,-0.5718212127685547
4148,1.8607072830200195
4149,0.16063499450683594
4150,-0.5247726440429688
4151,1.9931654930114746
4152,0.026137351989746094
4153,0.18190956115722656
4154,3.1608433723449707
4155,-0.07037544250488281
4156,-0.15245819091796875
4157,2.5593061447143555
4158,-2.3932971954345703
4159,-3.8644676208496094
4160,-1.6013363599777222
4161,-2.4348669052124023
4162,-4.192005157470703
4163,-1.8741384744644165
4164,-2.4193458557128906
4165,-4.215031623840332
4166,-1.8745958805084229
4167,-2.3997325897216797
4168,-4.250701904296875
4169,-1.8770090341567993
4170,-2.4375486373901367
4171,-4.215505599975586
4172,-1.2387529611587524
4173,-2.4213476181030273
4174,-4.258335113525391
4175,-1.2396783828735352
4176,-2.406719207763672
4177,-4.299372673034668
4178,-1.241136074066162
4179,-2.152909278869629
4180,-4.542807579040527
4181,-2.435014009475708
4182,-2.1768693923950195
4183,-4.633403778076172
4184,0.38248443603515625
4185,-2.1477670669555664
4186,-3.7928285598754883
4187,-1.7777955532073975
4188,-2.148160934448242
4189,-3.7965898513793945
4190,-0.9576990604400635
4191,-1.1722393035888672
4192,-3.915085792541504
4193,-4.160279273986816
4194,-1.2082443237304688
4195,-3.6947202682495117
4196,2.548234462738037
4197,-0.12119770050048828
4198,-1.2351970672607422
4199,-4.579196929931641
4200,-0.20584774017333984
4201,-1.380136489868164
4202,1.2191596031188965
4203,-1.2865095138549805
4204,-0.7082347869873047
4205,-3.115000009536743
4206,-1.2146682739257812
4207,-0.6769905090332031
4208,-2.663439989089966
4209,-1.6532630920410156
4210,-0.48954200744628906
4211,-3.5059621334075928
4212,-1.3344841003417969
4213,-0.46746826171875
4214,-2.84982967376709
4215,-1.7459936141967773
4216,-0.7915477752685547
4217,-3.1487269401550293
4218,-1.5478410720825195
4219,-0.5824813842773438
4220,-3.1528396606445312
4221,-1.6479806900024414
4222,-0.8928413391113281
4223,-2.912630081176758
4224,-1.486699104309082
4225,-0.6653938293457031
4226,-2.9082322120666504
4227,0.9518356323242188
4228,-1.48834228515625
4229,-4.89929723739624
4230,0.7585334777832031
4231,-1.1610450744628906
4232,-0.1189262866973877
4233,0.041271209716796875
4234,3.8852577209472656
4235,-5.857078552246094
4236,-0.07981586456298828
4237,2.8283519744873047
4238,-1.622612714767456
4239,0.20084667205810547
4240,7.850004196166992
4241,-5.889865398406982
4242,0.2562370300292969
4243,6.969268798828125
4244,-1.4588814973831177
4245,0.2372283935546875
4246,7.832698822021484
4247,-5.887082576751709
4248,0.5073585510253906
4249,7.501323699951172
4250,-1.4764716625213623
4251,-0.3950786590576172
4252,8.37411117553711
4253,-7.0816569328308105
4254,-0.17221832275390625
4255,8.121156692504883
4256,-2.671846628189087
4257,-1.7484760284423828
4258,-3.8860244750976562
4259,-1.610011100769043
4260,-1.8008203506469727
4261,-4.254230499267578
4262,-2.0508246421813965
4263,-1.7780609130859375
4264,-4.2788238525390625
4265,-2.0509228706359863
4266,-1.7641716003417969
4267,-4.2945098876953125
4268,-2.0524587631225586
4269,-1.7933320999145508
4270,-4.2972612380981445
4271,-1.3901402950286865
4272,-1.775172233581543
4273,-4.3332977294921875
4274,-1.3906314373016357
4275,-1.733114242553711
4276,-4.411078453063965
4277,-1.3922077417373657
4278,-1.5446319580078125
4279,-4.526487350463867
4280,-3.0564842224121094
4281,-1.5106239318847656
4282,-4.643267631530762
4283,-0.12071371078491211
4284,-1.5228185653686523
4285,-3.7890052795410156
4286,-1.9284381866455078
4287,-1.506784439086914
4288,-3.7993011474609375
4289,-1.0768803358078003
4290,-0.7934255599975586
4291,-3.137714385986328
4292,-4.977517127990723
4293,-0.672123908996582
4294,-3.2145700454711914
4295,1.9929618835449219
4296,-0.1224355697631836
4297,-0.29805755615234375
4298,-6.1482462882995605
4299,-0.20720291137695312
4300,-0.6093101501464844
4301,1.2137770652770996
4302,-1.4596548080444336
4303,-0.23246383666992188
4304,-5.722267150878906
4305,-1.384852409362793
4306,-0.38182830810546875
4307,-1.9874013662338257
4308,-1.8273239135742188
4309,-0.18560791015625
4310,-6.251155853271484
4311,-1.6443195343017578
4312,-0.6442604064941406
4313,-2.0922250747680664
4314,-1.8579673767089844
4315,-0.5395336151123047
4316,-5.829028129577637
4317,-1.846139907836914
4318,-0.7373847961425781
4319,-2.4044291973114014
4320,-1.7361927032470703
4321,-0.5965385437011719
4322,-5.529776573181152
4323,-1.7550621032714844
4324,-0.7421436309814453
4325,-2.207909345626831
4326,1.0254058837890625
4327,0.4744148254394531
4328,-4.900469779968262
4329,0.8884515762329102
4330,0.29281044006347656
4331,-0.11842632293701172
4332,-0.4901456832885742
4333,4.985191345214844
4334,-5.799454689025879
4335,-0.10782051086425781
4336,4.3042144775390625
4337,-0.9352911710739136
4338,0.2372150421142578
4339,8.814020156860352
4340,-4.437230110168457
4341,0.23732948303222656
4342,8.29879379272461
4343,0.14775609970092773
4344,0.4731435775756836
4345,9.01968765258789
4346,-4.2276787757873535
4347,0.4960746765136719
4348,8.65081787109375
4349,0.23184776306152344
4350,-0.18866729736328125
4351,10.219182968139648
4352,-4.579020977020264
4353,-0.1613178253173828
4354,9.501884460449219
4355,-0.4703793525695801
4356,-1.4734916687011719
4357,-3.8743324279785156
4358,-1.4128143787384033
4359,-1.5077667236328125
4360,-4.243659019470215
4361,-1.855854868888855
4362,-1.4885501861572266
4363,-4.273408889770508
4364,-1.8558096885681152
4365,-1.4687175750732422
4366,-4.300786018371582
4367,-1.8574044704437256
4368,-1.5067625045776367
4369,-4.273902893066406
4370,-1.1010985374450684
4371,-1.488265037536621
4372,-4.312007904052734
4373,-1.1015313863754272
4374,-1.4663200378417969
4375,-4.381465911865234
4376,-1.102687954902649
4377,-1.1973209381103516
4378,-4.516898155212402
4379,-2.849447011947632
4380,-1.2125740051269531
4381,-4.615076065063477
4382,0.4653925895690918
4383,-1.2576580047607422
4384,-3.744662284851074
4385,-1.7507753372192383
4386,-1.2607402801513672
4387,-3.723318099975586
4388,-0.7880167961120605
4389,-0.2955646514892578
4390,-3.192768096923828
4391,-5.118745803833008
4392,-0.43511199951171875
4393,-2.881524085998535
4394,2.81624698638916
4395,0.024511337280273438
4396,-0.07423591613769531
4397,-5.6507744789123535
4398,-0.0960550308227539
4399,0.0061893463134765625
4400,1.280569076538086
4401,-1.3782615661621094
4402,0.058277130126953125
4403,-3.464232921600342
4404,-1.3101558685302734
4405,0.18865013122558594
4406,-3.3323142528533936
4407,-1.669539451599121
4408,0.18843841552734375
4409,-3.77433443069458
4410,-1.5392017364501953
4411,0.3668804168701172
4412,-3.579859733581543
4413,-1.7751569747924805
4414,-0.25508689880371094
4415,-3.350090980529785
4416,-1.7484025955200195
4417,0.10741806030273438
4418,-3.842970848083496
4419,-1.6649694442749023
4420,-0.2852039337158203
4421,-3.1904876232147217
4422,-1.649216651916504
4423,0.08235740661621094
4424,-3.592754364013672
4425,1.0478191375732422
4426,1.42010498046875
4427,-5.027615547180176
4428,0.9456062316894531
4429,1.3013019561767578
4430,0.005757808685302734
4431,-0.5847253799438477
4432,5.434543609619141
4433,-6.234875679016113
4434,-0.1581287384033203
4435,5.587982177734375
4436,-0.9511754512786865
4437,0.4204702377319336
4438,9.38493537902832
4439,-4.9711079597473145
4440,0.47943592071533203
4441,8.99488639831543
4442,0.6857891082763672
4443,0.7358570098876953
4444,9.79423713684082
4445,-4.788878917694092
4446,0.8050251007080078
4447,9.30152702331543
4448,0.8119587898254395
4449,0.1303119659423828
4450,11.083419799804688
4451,-4.986782550811768
4452,0.3101978302001953
4453,10.458978652954102
4454,0.32432985305786133
4455,-1.249955177307129
4456,-3.9954261779785156
4457,-2.0522680282592773
4458,-1.2734880447387695
4459,-4.407060623168945
4460,-2.490222215652466
4461,-1.2507009506225586
4462,-4.443828582763672
4463,-2.490636110305786
4464,-1.2270002365112305
4465,-4.486652374267578
4466,-2.4922757148742676
4467,-1.2790946960449219
4468,-4.398941993713379
4469,-1.7376563549041748
4470,-1.2594833374023438
4471,-4.426070213317871
4472,-1.7382053136825562
4473,-1.238591194152832
4474,-4.4715681076049805
4475,-1.739538311958313
4476,-0.9364957809448242
4477,-4.6638336181640625
4478,-3.4839425086975098
4479,-0.9664363861083984
4480,-4.654399871826172
4481,-0.1613631248474121
4482,-1.042820930480957
4483,-3.811192512512207
4484,-2.383624792098999
4485,-1.0500059127807617
4486,-3.767683982849121
4487,-1.418285846710205
4488,0.06636333465576172
4489,-3.442546844482422
4490,-5.515665054321289
4491,-0.10090065002441406
4492,-3.061962127685547
4493,2.1262388229370117
4494,0.4392843246459961
4495,-0.3940467834472656
4496,-6.280145645141602
4497,0.14638519287109375
4498,-0.1284770965576172
4499,0.47545361518859863
4500,-1.1693496704101562
4501,-0.08361244201660156
4502,-4.468283176422119
4503,-1.1012601852416992
4504,0.014204025268554688
4505,-4.435595989227295
4506,-1.6250324249267578
4507,0.05399322509765625
4508,-4.842945575714111
4509,-1.3367910385131836
4510,0.2321910858154297
4511,-4.754818916320801
4512,-1.597733497619629
4513,-0.348876953125
4514,-4.411006927490234
4515,-1.4843940734863281
4516,-0.034122467041015625
4517,-5.005205154418945
4518,-1.4371376037597656
4519,-0.4142036437988281
4520,-4.202424049377441
4521,-1.3859367370605469
4522,-0.13790512084960938
4523,-4.697546005249023
4524,1.1852903366088867
4525,1.52728271484375
4526,-5.02380895614624
4527,1.0607490539550781
4528,1.4279117584228516
4529,0.002171754837036133
4530,-0.5370702743530273
4531,5.253604888916016
4532,-6.197976112365723
4533,-0.20543861389160156
4534,5.129880905151367
4535,-1.038235068321228
4536,0.41811656951904297
4537,9.31184196472168
4538,-4.346904754638672
4539,0.4521503448486328
4540,9.043128967285156
4541,1.1067287921905518
4542,0.7109813690185547
4543,9.704814910888672
4544,-4.134839057922363
4545,0.7357616424560547
4546,9.286184310913086
4547,1.2659318447113037
4548,-0.015176773071289062
4549,10.74946403503418
4550,-4.482973575592041
4551,0.23294448852539062
4552,10.254020690917969
4553,0.7712409496307373
