,0
0,-1.4010610580444336
1,-4.546854019165039
2,-4.668406009674072
3,-1.1822071075439453
4,-4.748857498168945
5,-5.660885810852051
6,-1.1277742385864258
7,-4.744760513305664
8,-5.664715766906738
9,-1.0808181762695312
10,-4.741107940673828
11,-5.665858745574951
12,-1.180832862854004
13,-4.762809753417969
14,-4.193471431732178
15,-1.1370429992675781
16,-4.766212463378906
17,-4.191713809967041
18,-1.0929985046386719
19,-4.7704315185546875
20,-4.193418979644775
21,-0.6641721725463867
22,-4.627870559692383
23,-8.120311737060547
24,-0.6547641754150391
25,-4.655662536621094
26,-1.5724365711212158
27,-1.292367935180664
28,-4.305166244506836
29,-5.387698650360107
30,-1.3312501907348633
31,-4.309286117553711
32,-3.490248680114746
33,-0.7073593139648438
34,-3.5177555084228516
35,-12.314722061157227
36,-0.0685262680053711
37,-3.2583541870117188
38,2.977510929107666
39,-3.220095634460449
40,-2.1216659545898438
41,-14.632545471191406
42,-0.24990272521972656
43,-1.9240264892578125
44,4.725930690765381
45,-6.240539073944092
46,-1.6947402954101562
47,-13.172693252563477
48,-1.570967674255371
49,-0.9891681671142578
50,2.4455060958862305
51,-6.950915813446045
52,-1.7047538757324219
53,-14.444887161254883
54,-1.6790943145751953
55,-0.8723163604736328
56,2.724142551422119
57,-6.840119361877441
58,-1.868133544921875
59,-13.71589469909668
60,-1.9134788513183594
61,-0.9131259918212891
62,1.3170366287231445
63,-6.597875595092773
64,-1.8313770294189453
65,-12.82168197631836
66,-1.899062156677246
67,-0.9520454406738281
68,1.7876086235046387
69,-0.23807716369628906
70,0.0076122283935546875
71,-9.594633102416992
72,0.0
73,0.0
74,0.0
75,-0.5849733352661133
76,2.8571090698242188
77,-9.507638931274414
78,-0.46167755126953125
79,2.7106285095214844
80,0.7903385162353516
81,-0.39278221130371094
82,5.679634094238281
83,-8.755756378173828
84,-0.5427160263061523
85,5.320898056030273
86,1.9867486953735352
87,0.007958412170410156
88,6.008903503417969
89,-8.807690620422363
90,-0.16485214233398438
91,5.787775039672852
92,1.9757709503173828
93,-2.487337112426758
94,5.966497421264648
95,-12.031665802001953
96,-2.311497688293457
97,5.764543533325195
98,-0.3868751525878906
99,-1.4007091522216797
100,-4.549419403076172
101,-4.566822528839111
102,-1.1832780838012695
103,-4.750602722167969
104,-5.531172275543213
105,-1.1334571838378906
106,-4.747735977172852
107,-5.5343828201293945
108,-1.0888938903808594
109,-4.7458648681640625
110,-5.535481929779053
111,-1.1808719635009766
112,-4.763023376464844
113,-4.0749101638793945
114,-1.136000633239746
115,-4.76629638671875
116,-4.073171138763428
117,-1.0917949676513672
118,-4.770454406738281
119,-4.075688362121582
120,-0.7121944427490234
121,-4.630552291870117
122,-8.104571342468262
123,-0.6587553024291992
124,-4.654762268066406
125,-1.5721971988677979
126,-1.292576789855957
127,-4.309989929199219
128,-5.350323677062988
129,-1.3272218704223633
130,-4.312339782714844
131,-3.463320255279541
132,-0.7076597213745117
133,-3.5102081298828125
134,-12.37875747680664
135,-0.034895896911621094
136,-3.2537193298339844
137,2.6502418518066406
138,-2.8778276443481445
139,-2.0583553314208984
140,-14.652460098266602
141,0.9048614501953125
142,-1.5687408447265625
143,3.849151134490967
144,-5.863588333129883
145,-1.4908924102783203
146,-13.766059875488281
147,1.0178756713867188
148,-0.0235595703125
149,1.6517815589904785
150,-6.445345401763916
151,-1.4340572357177734
152,-14.868843078613281
153,1.1311235427856445
154,0.4114341735839844
155,2.0073490142822266
156,-6.42225456237793
157,-1.6383342742919922
158,-14.308460235595703
159,0.9714279174804688
160,0.3955421447753906
161,0.880892276763916
162,-6.354169845581055
163,-1.6087532043457031
164,-13.446666717529297
165,0.8962726593017578
166,0.24876022338867188
167,1.1361947059631348
168,-0.23403167724609375
169,0.0072917938232421875
170,-9.69683837890625
171,0.06048011779785156
172,-0.000209808349609375
173,0.10150337219238281
174,-0.6485404968261719
175,2.8559207916259766
176,-9.42700481414795
177,-0.4684610366821289
178,2.7177371978759766
179,0.7860913276672363
180,-0.39307403564453125
181,5.686407089233398
182,-8.312891960144043
183,-0.5105772018432617
184,5.319171905517578
185,2.2619051933288574
186,0.0075893402099609375
187,6.028713226318359
188,-8.336069107055664
189,-0.14211177825927734
190,5.789876937866211
191,2.2780556678771973
192,-2.490201950073242
193,5.9856719970703125
194,-11.564104080200195
195,-2.350834846496582
196,5.7670135498046875
197,-0.0578761100769043
198,-1.4298648834228516
199,-4.545648574829102
200,-4.4077019691467285
201,-1.2091550827026367
202,-4.7411346435546875
203,-5.385012626647949
204,-1.1671981811523438
205,-4.738656997680664
206,-5.38728666305542
207,-1.131235122680664
208,-4.737199783325195
209,-5.387767314910889
210,-1.2028827667236328
211,-4.752130508422852
212,-3.9386684894561768
213,-1.158590316772461
214,-4.755098342895508
215,-3.9371118545532227
216,-1.1162652969360352
217,-4.758783340454102
218,-3.939887523651123
219,-0.7971372604370117
220,-4.620729446411133
221,-8.057310104370117
222,-0.6864767074584961
223,-4.636438369750977
224,-1.570693016052246
225,-1.3225688934326172
226,-4.3084259033203125
227,-5.233080863952637
228,-1.3451118469238281
229,-4.311626434326172
230,-3.3670926094055176
231,-0.7285079956054688
232,-3.4878673553466797
233,-12.43817138671875
234,-0.025936126708984375
235,-3.1961231231689453
236,2.6758460998535156
237,-2.6053924560546875
238,-1.9484901428222656
239,-14.60403823852539
240,1.064107894897461
241,-1.4402046203613281
242,4.252074718475342
243,-5.54612922668457
244,-1.1972980499267578
245,-13.724708557128906
246,1.1728153228759766
247,0.22350502014160156
248,2.4589219093322754
249,-6.142368316650391
250,-1.071359634399414
251,-14.71397590637207
252,1.2638607025146484
253,0.6736946105957031
254,2.8793630599975586
255,-6.1598429679870605
256,-1.2465801239013672
257,-14.223472595214844
258,1.1642255783081055
259,0.6759681701660156
260,1.7228775024414062
261,-6.039436340332031
262,-1.2515430450439453
263,-13.357269287109375
264,1.0567331314086914
265,0.4434547424316406
266,1.9635462760925293
267,-0.21552085876464844
268,0.07056427001953125
269,-9.70721435546875
270,0.21395015716552734
271,0.07380867004394531
272,0.11117887496948242
273,-0.6744709014892578
274,2.9196949005126953
275,-8.612144470214844
276,-0.4376106262207031
277,2.8143386840820312
278,0.873380184173584
279,-0.3871345520019531
280,5.730754852294922
281,-6.703181743621826
282,-0.44065093994140625
283,5.384361267089844
284,3.0987415313720703
285,0.025025367736816406
286,6.0590362548828125
287,-6.623788833618164
288,-0.027011871337890625
289,5.858858108520508
290,3.1941566467285156
291,-2.4824676513671875
292,6.044710159301758
293,-9.56109619140625
294,-2.292201042175293
295,5.800897598266602
296,0.9389963150024414
297,-1.4992179870605469
298,-4.442531585693359
299,-4.542526721954346
300,-1.2895011901855469
301,-4.6340484619140625
302,-5.518099308013916
303,-1.2571430206298828
304,-4.6344757080078125
305,-5.519201755523682
306,-1.2301435470581055
307,-4.636283874511719
308,-5.5189361572265625
309,-1.2684173583984375
310,-4.641969680786133
311,-4.065838813781738
312,-1.2206535339355469
313,-4.645925521850586
314,-4.0641374588012695
315,-1.1777381896972656
316,-4.650369644165039
317,-4.0667266845703125
318,-0.9220094680786133
319,-4.530645370483398
320,-8.222667694091797
321,-0.7470970153808594
322,-4.535427093505859
323,-1.7685976028442383
324,-1.377303123474121
325,-4.210475921630859
326,-5.372934341430664
327,-1.3763008117675781
328,-4.21778678894043
329,-3.5105338096618652
330,-0.8220109939575195
331,-3.381479263305664
332,-12.909517288208008
333,-0.014077186584472656
334,-3.096843719482422
335,2.6989035606384277
336,-2.4916486740112305
337,-1.6102313995361328
338,-14.738874435424805
339,0.9138879776000977
340,-1.2243080139160156
341,4.305629253387451
342,-5.088262557983398
343,-0.4877738952636719
344,-13.682645797729492
345,1.0776329040527344
346,0.41703033447265625
347,2.4848341941833496
348,-5.633991241455078
349,-0.30344581604003906
350,-14.75181770324707
351,1.2647171020507812
352,0.8965835571289062
353,2.897308826446533
354,-5.7716169357299805
355,-0.43564605712890625
356,-14.257701873779297
357,1.1780776977539062
358,0.9072475433349609
359,1.769411563873291
360,-5.627767562866211
361,-0.4899635314941406
362,-13.325349807739258
363,0.8924293518066406
364,0.6749534606933594
365,1.9933514595031738
366,-0.20823097229003906
367,0.16357421875
368,-9.864067077636719
369,0.2935142517089844
370,0.16660690307617188
371,0.2673816680908203
372,-0.8936367034912109
373,2.927164077758789
374,-8.665184020996094
375,-0.505462646484375
376,2.8228816986083984
377,0.9333863258361816
378,-0.38413047790527344
379,5.74317741394043
380,-6.26052713394165
381,-0.41547203063964844
382,5.388889312744141
383,3.9423012733459473
384,0.06452655792236328
385,6.108892440795898
386,-6.156481742858887
387,0.025299072265625
388,5.881193161010742
389,4.139723300933838
390,-2.6106433868408203
391,6.042507171630859
392,-9.16822338104248
393,-2.35137939453125
394,5.782960891723633
395,2.2080368995666504
396,-1.6681184768676758
397,-4.310718536376953
398,-4.615774154663086
399,-1.4267578125
400,-4.500598907470703
401,-5.562747478485107
402,-1.3871288299560547
403,-4.500953674316406
404,-5.563085079193115
405,-1.3604106903076172
406,-4.501850128173828
407,-5.562509059906006
408,-1.4011964797973633
409,-4.507001876831055
410,-4.13697624206543
411,-1.352752685546875
412,-4.509622573852539
413,-4.135341644287109
414,-1.3059091567993164
415,-4.512845993041992
416,-4.137751579284668
417,-1.0588836669921875
418,-4.388782501220703
419,-8.233922004699707
420,-0.8854570388793945
421,-4.394657135009766
422,-1.918224573135376
423,-1.5442743301391602
424,-4.082218170166016
425,-5.437507152557373
426,-1.5467920303344727
427,-4.09208869934082
428,-3.61659574508667
429,-0.9662036895751953
430,-3.2432327270507812
431,-12.979642868041992
432,-0.018930435180664062
433,-2.962942123413086
434,2.6790003776550293
435,-2.1488943099975586
436,-1.3344898223876953
437,-14.805641174316406
438,0.7640771865844727
439,-1.0985908508300781
440,4.150049686431885
441,-4.2445268630981445
442,0.16132545471191406
443,-13.66248893737793
444,0.837946891784668
445,0.47855377197265625
446,2.206638813018799
447,-4.766936302185059
448,0.43790435791015625
449,-14.765314102172852
450,0.9604988098144531
451,0.9253406524658203
452,2.536655902862549
453,-4.923793792724609
454,0.3760337829589844
455,-14.337575912475586
456,0.6972265243530273
457,0.9268035888671875
458,1.5185232162475586
459,-4.729978561401367
460,0.3137969970703125
461,-13.342411041259766
462,0.6425027847290039
463,0.7811603546142578
464,1.7285280227661133
465,-0.205902099609375
466,0.28911590576171875
467,-9.881218910217285
468,0.3826751708984375
469,0.26418495178222656
470,0.28516149520874023
471,-1.1028060913085938
472,2.926206588745117
473,-8.774517059326172
474,-0.774266242980957
475,2.8105602264404297
476,0.5398402214050293
477,-0.37815093994140625
478,5.746288299560547
479,-6.350921154022217
480,-0.41719913482666016
481,5.387388229370117
482,3.572523593902588
483,0.10615921020507812
484,6.124141693115234
485,-6.260662078857422
486,0.02715015411376953
487,5.887212753295898
488,3.7381033897399902
489,-2.6922569274902344
490,6.042957305908203
491,-9.369915008544922
492,-2.3986616134643555
493,5.778066635131836
494,1.7333884239196777
495,-1.819314956665039
496,-4.076162338256836
497,-6.6423420906066895
498,-1.5720996856689453
499,-4.277624130249023
500,-7.5960283279418945
501,-1.5439157485961914
502,-4.279909133911133
503,-7.59601354598999
504,-1.5230741500854492
505,-4.282032012939453
506,-7.596192359924316
507,-1.5332565307617188
508,-4.281181335449219
509,-6.210822105407715
510,-1.4782438278198242
511,-4.284477233886719
512,-6.209592819213867
513,-1.4260950088500977
514,-4.287071228027344
515,-6.211655616760254
516,-1.2424612045288086
517,-4.184675216674805
518,-10.205999374389648
519,-1.036783218383789
520,-4.190799713134766
521,-4.135590553283691
522,-1.7080965042114258
523,-3.870594024658203
524,-7.460598945617676
525,-1.684809684753418
526,-3.8733482360839844
527,-5.698540687561035
528,-1.235525131225586
529,-2.992809295654297
530,-14.854991912841797
531,-0.0190582275390625
532,-2.7963924407958984
533,0.9018845558166504
534,-1.9387712478637695
535,-0.9327144622802734
536,-16.32415008544922
537,0.5915937423706055
538,-0.9613075256347656
539,2.3315653800964355
540,-3.3591270446777344
541,0.8169708251953125
542,-14.339071273803711
543,0.3874673843383789
544,0.4417991638183594
545,0.5339632034301758
546,-3.5837011337280273
547,1.1812572479248047
548,-15.529214859008789
549,0.33381175994873047
550,0.7919807434082031
551,0.925041675567627
552,-3.682191848754883
553,1.1726360321044922
554,-15.179130554199219
555,-0.02645111083984375
556,0.7967300415039062
557,-0.24951505661010742
558,-3.6214542388916016
559,1.0623950958251953
560,-14.105297088623047
561,0.03414440155029297
562,0.6873645782470703
563,-0.02138519287109375
564,-0.1926555633544922
565,0.5324840545654297
566,-9.882499694824219
567,0.36905574798583984
568,0.47830772399902344
569,0.28733396530151367
570,-1.203190803527832
571,3.000110626220703
572,-8.296587944030762
573,-0.9706888198852539
574,2.8209457397460938
575,1.2155675888061523
576,-0.3861370086669922
577,5.756908416748047
578,-5.186147689819336
579,-0.4721393585205078
580,5.369035720825195
581,5.085814952850342
582,0.1053781509399414
583,6.130910873413086
584,-5.044769287109375
585,-0.006680488586425781
586,5.871820449829102
587,5.3300251960754395
588,-2.6833858489990234
589,6.045940399169922
590,-7.977581024169922
591,-2.3976173400878906
592,5.729551315307617
593,3.572084903717041
594,-2.16094970703125
595,-3.889209747314453
596,-6.237025260925293
597,-1.8404865264892578
598,-4.125093460083008
599,-7.037275314331055
600,-1.8134937286376953
601,-4.122161865234375
602,-7.039561748504639
603,-1.7926788330078125
604,-4.118844985961914
605,-7.037454128265381
606,-1.797163963317871
607,-4.137115478515625
608,-5.571471691131592
609,-1.741349220275879
610,-4.140298843383789
611,-5.57009220123291
612,-1.6965036392211914
613,-4.142404556274414
614,-5.571469306945801
615,-1.4858837127685547
616,-4.003303527832031
617,-9.59460735321045
618,-1.2339496612548828
619,-4.019737243652344
620,-3.4341189861297607
621,-2.021470069885254
622,-3.6740798950195312
623,-6.724954605102539
624,-1.9996862411499023
625,-3.6765213012695312
626,-4.896491527557373
627,-1.494009017944336
628,-2.7605628967285156
629,-14.331581115722656
630,-0.01883697509765625
631,-2.6589431762695312
632,1.0935182571411133
633,-1.4619073867797852
634,-0.6900177001953125
635,-15.930656433105469
636,0.8736000061035156
637,-0.8346061706542969
638,2.2810397148132324
639,-1.951746940612793
640,1.1566352844238281
641,-14.016708374023438
642,0.32257747650146484
643,0.4478569030761719
644,0.87786865234375
645,-2.015552520751953
646,1.629873275756836
647,-15.021202087402344
648,0.3008909225463867
649,0.7913455963134766
650,1.3702549934387207
651,-2.094235420227051
652,1.6553115844726562
653,-14.780805587768555
654,-0.05303668975830078
655,0.8180561065673828
656,0.20953083038330078
657,-2.064558982849121
658,1.4673633575439453
659,-13.89361572265625
660,-0.032088279724121094
661,0.7255706787109375
662,0.32030534744262695
663,-0.3402118682861328
664,0.7932796478271484
665,-9.830568313598633
666,0.3614225387573242
667,0.7319717407226562
668,0.2367081642150879
669,-1.1805505752563477
670,3.327230453491211
671,-7.324645042419434
672,-0.9308080673217773
673,3.0975513458251953
674,1.8999056816101074
675,-0.3797140121459961
676,5.9222564697265625
677,-4.251159191131592
678,-0.4886312484741211
679,5.495023727416992
680,5.547321796417236
681,0.1224985122680664
682,6.218358993530273
683,-4.120213985443115
684,-0.010319709777832031
685,5.933826446533203
686,5.778375148773193
687,-2.680156707763672
688,6.121082305908203
689,-6.833586692810059
690,-2.473112106323242
691,5.8112335205078125
692,3.9184975624084473
693,-2.426023483276367
694,-3.797901153564453
695,-7.775447368621826
696,-2.106411933898926
697,-4.029788970947266
698,-8.697282791137695
699,-2.0595617294311523
700,-4.0285491943359375
701,-8.699105262756348
702,-2.016439437866211
703,-4.026195526123047
704,-8.70094108581543
705,-2.080913543701172
706,-4.036659240722656
707,-7.196116924285889
708,-2.019521713256836
709,-4.039167404174805
710,-7.194953918457031
711,-1.9539060592651367
712,-4.041595458984375
713,-7.1978044509887695
714,-1.6298027038574219
715,-3.908496856689453
716,-11.043489456176758
717,-1.4671516418457031
718,-3.918611526489258
719,-4.492335319519043
720,-2.249192237854004
721,-3.569286346435547
722,-8.472570419311523
723,-2.2491092681884766
724,-3.5690555572509766
725,-6.556215286254883
726,-1.480381965637207
727,-2.7333602905273438
728,-15.23369026184082
729,-0.2932271957397461
730,-2.6547164916992188
731,0.7353506088256836
732,-0.9793825149536133
733,-0.7961845397949219
734,-16.980640411376953
735,0.7888364791870117
736,-0.8897132873535156
737,2.3485817909240723
738,-0.7611522674560547
739,1.0082683563232422
740,-16.210529327392578
741,0.4627218246459961
742,0.6597881317138672
743,0.6108365058898926
744,-0.717167854309082
745,1.4242439270019531
746,-17.72515869140625
747,0.4006366729736328
748,1.0703926086425781
749,1.1798324584960938
750,-0.8422393798828125
751,1.464456558227539
752,-17.244598388671875
753,0.2711200714111328
754,1.1237754821777344
755,-0.20093965530395508
756,-0.8450355529785156
757,1.3077068328857422
758,-15.985754013061523
759,0.2073516845703125
760,0.9924392700195312
761,-0.01391744613647461
762,-0.1277322769165039
763,0.7857608795166016
764,-9.831924438476562
765,0.38242340087890625
766,0.6841182708740234
767,0.23899269104003906
768,-1.1781606674194336
769,3.3557205200195312
770,-7.579328536987305
771,-0.909123420715332
772,3.0603065490722656
773,2.263090133666992
774,-0.3759737014770508
775,5.949335098266602
776,-4.355892181396484
777,-0.49208641052246094
778,5.488033294677734
779,6.332208156585693
780,0.13394737243652344
781,6.245492935180664
782,-4.196246147155762
783,-0.011031150817871094
784,5.906131744384766
785,6.612442493438721
786,-2.6578025817871094
787,6.159978866577148
788,-7.111420631408691
789,-2.4471168518066406
790,5.810565948486328
791,4.7030205726623535
792,-2.617267608642578
793,-3.740537643432617
794,-6.949681282043457
795,-2.3001890182495117
796,-3.9585628509521484
797,-7.842014789581299
798,-2.2546443939208984
799,-3.9558258056640625
800,-7.843387126922607
801,-2.2122325897216797
802,-3.952341079711914
803,-7.845264911651611
804,-2.2721853256225586
805,-3.9662094116210938
806,-6.378755569458008
807,-2.2093639373779297
808,-3.9680557250976562
809,-6.37709903717041
810,-2.1471805572509766
811,-3.9704322814941406
812,-6.379648208618164
813,-1.8169689178466797
814,-3.8326797485351562
815,-10.215353012084961
816,-1.6582145690917969
817,-3.8542423248291016
818,-3.794694423675537
819,-2.446824073791504
820,-3.5209827423095703
821,-7.6847429275512695
822,-2.449359893798828
823,-3.5160045623779297
824,-5.816284656524658
825,-1.5573625564575195
826,-2.7017765045166016
827,-14.544349670410156
828,-0.5042600631713867
829,-2.642251968383789
830,0.8639593124389648
831,-0.1706533432006836
832,-0.9612026214599609
833,-16.67911148071289
834,1.0398139953613281
835,-1.1699295043945312
836,2.2627010345458984
837,0.7172355651855469
838,0.7653980255126953
839,-17.71002197265625
840,2.3754615783691406
841,0.4794178009033203
842,0.6699709892272949
843,1.0494270324707031
844,1.149017333984375
845,-19.17350196838379
846,2.517667770385742
847,0.8395881652832031
848,1.2074894905090332
849,0.9251079559326172
850,1.1972541809082031
851,-18.684782028198242
852,2.21710205078125
853,0.8780441284179688
854,-0.01727437973022461
855,0.8683567047119141
856,1.0634937286376953
857,-17.497079849243164
858,2.1288700103759766
859,0.7815818786621094
860,0.12674951553344727
861,-0.052481651306152344
862,0.7972660064697266
863,-9.829047203063965
864,0.4373207092285156
865,0.6408500671386719
866,0.23602724075317383
867,-1.188486099243164
868,3.3842639923095703
869,-7.623638153076172
870,-0.8981857299804688
871,3.0781478881835938
872,1.4605836868286133
873,-0.35227108001708984
874,5.956901550292969
875,-5.217379093170166
876,-0.37868785858154297
877,5.541145324707031
878,5.275692462921143
879,0.19716930389404297
880,6.236791610717773
881,-5.112194061279297
882,0.1538219451904297
883,5.905731201171875
884,5.4577250480651855
885,-2.455667495727539
886,6.196767807006836
887,-8.036727905273438
888,-2.1831226348876953
889,5.860002517700195
890,3.5708842277526855
891,-2.7639875411987305
892,-3.6385974884033203
893,-4.057412624359131
894,-2.4930801391601562
895,-3.8513412475585938
896,-5.043646335601807
897,-2.455418586730957
898,-3.846233367919922
899,-5.042234420776367
900,-2.420745849609375
901,-3.8405895233154297
902,-5.043587684631348
903,-2.445803642272949
904,-3.868307113647461
905,-3.707110643386841
906,-2.3771591186523438
907,-3.8739891052246094
908,-3.7046992778778076
909,-2.310596466064453
910,-3.8804092407226562
911,-3.707228422164917
912,-2.019163131713867
913,-3.7291908264160156
914,-8.18295955657959
915,-1.7789802551269531
916,-3.779336929321289
917,-2.289675712585449
918,-2.575571060180664
919,-3.4141921997070312
920,-5.109653472900391
921,-2.5558624267578125
922,-3.4248485565185547
923,-3.4025745391845703
924,-1.6483850479125977
925,-2.6386470794677734
926,-12.365127563476562
927,-0.4727935791015625
928,-2.647981643676758
929,1.1080422401428223
930,0.3495635986328125
931,-1.0369148254394531
932,-17.083711624145508
933,1.4202909469604492
934,-1.6477203369140625
935,6.7902512550354
936,3.101886749267578
937,0.20100975036621094
938,-22.599445343017578
939,4.307863235473633
940,-0.8200359344482422
941,12.4482421875
942,3.6793899536132812
943,0.26720619201660156
944,-24.15650749206543
945,5.017539978027344
946,-0.61529541015625
947,13.950967788696289
948,3.7207870483398438
949,0.3354644775390625
950,-23.835206985473633
951,4.553356170654297
952,-0.4754371643066406
953,13.237333297729492
954,3.614961624145508
955,0.32559776306152344
956,-22.604907989501953
957,4.362573623657227
958,-0.4840202331542969
959,12.340784072875977
960,0.04598522186279297
961,0.7982864379882812
962,-9.83343505859375
963,0.6075706481933594
964,0.5898990631103516
965,0.23881864547729492
966,-1.2503080368041992
967,3.3280372619628906
968,-8.202802658081055
969,-0.8866872787475586
970,3.0727596282958984
971,0.955596923828125
972,-0.3535776138305664
973,5.945085525512695
974,-6.587730884552002
975,-0.3828086853027344
976,5.537712097167969
977,5.206973552703857
978,0.20528602600097656
979,6.230365753173828
980,-6.444036483764648
981,0.14593505859375
982,5.775461196899414
983,5.34096097946167
984,-2.459199905395508
985,6.226833343505859
986,-9.272038459777832
987,-2.188899040222168
988,5.855808258056641
989,3.3762898445129395
990,-3.050872802734375
991,-3.4928245544433594
992,-4.410482883453369
993,-2.8224945068359375
994,-3.7435684204101562
995,-5.0655837059021
996,-2.7580652236938477
997,-3.7470226287841797
998,-5.064034461975098
999,-2.692117691040039
1000,-3.7501296997070312
1001,-5.0597381591796875
1002,-2.796375274658203
1003,-3.7539443969726562
1004,-3.786558151245117
1005,-2.7198448181152344
1006,-3.7639198303222656
1007,-3.7824807167053223
1008,-2.6411218643188477
1009,-3.775157928466797
1010,-3.781085252761841
1011,-2.144261360168457
1012,-3.686513900756836
1013,-8.40861988067627
1014,-2.0349369049072266
1015,-3.711780548095703
1016,-2.319166898727417
1017,-2.767470359802246
1018,-3.2772369384765625
1019,-5.162417888641357
1020,-2.7623538970947266
1021,-3.287748336791992
1022,-3.4269862174987793
1023,-1.6118545532226562
1024,-2.683563232421875
1025,-12.004063606262207
1026,-0.7235851287841797
1027,-2.6102981567382812
1028,1.2082433700561523
1029,1.0143976211547852
1030,-1.6745567321777344
1031,-15.339380264282227
1032,1.5637474060058594
1033,-1.816171646118164
1034,5.390601634979248
1035,4.162956237792969
1036,-1.0009765625
1037,-18.496952056884766
1038,4.436319351196289
1039,-1.2924537658691406
1040,6.497412204742432
1041,4.794401168823242
1042,-1.0087337493896484
1043,-19.8931827545166
1044,5.22132682800293
1045,-1.1858692169189453
1046,7.253974437713623
1047,4.85127067565918
1048,-0.9685497283935547
1049,-19.528732299804688
1050,4.995447158813477
1051,-1.1649112701416016
1052,6.4410176277160645
1053,4.570978164672852
1054,-0.914154052734375
1055,-18.37260627746582
1056,4.706083297729492
1057,-1.192605972290039
1058,6.186575412750244
1059,0.17253398895263672
1060,0.7370719909667969
1061,-9.801616668701172
1062,0.5793247222900391
1063,0.5617523193359375
1064,0.2077627182006836
1065,-1.2819061279296875
1066,3.2185916900634766
1067,-8.911672592163086
1068,-0.9883956909179688
1069,2.8415279388427734
1070,0.4534163475036621
1071,-0.3567371368408203
1072,5.808389663696289
1073,-7.034087181091309
1074,-0.38580894470214844
1075,5.274166107177734
1076,4.659130573272705
1077,0.20682048797607422
1078,6.153535842895508
1079,-6.928068161010742
1080,0.14395999908447266
1081,5.411886215209961
1082,4.891763210296631
1083,-2.4300222396850586
1084,6.109651565551758
1085,-9.980627059936523
1086,-1.9812078475952148
1087,5.703678131103516
1088,3.1323275566101074
1089,-3.034634590148926
1090,-3.3822193145751953
1091,-6.295654773712158
1092,-2.8654489517211914
1093,-3.6211509704589844
1094,-6.801671028137207
1095,-2.8067445755004883
1096,-3.6278038024902344
1097,-6.804206848144531
1098,-2.7499637603759766
1099,-3.6347503662109375
1100,-6.807317733764648
1101,-2.8552236557006836
1102,-3.6309890747070312
1103,-5.540801525115967
1104,-2.7948246002197266
1105,-3.6428489685058594
1106,-5.537917613983154
1107,-2.733078956604004
1108,-3.6560630798339844
1109,-5.537312984466553
1110,-2.2243051528930664
1111,-3.608560562133789
1112,-8.332887649536133
1113,-2.1743011474609375
1114,-3.6271419525146484
1115,-2.360124349594116
1116,-2.778683662414551
1117,-3.191600799560547
1118,-6.490428924560547
1119,-2.791670799255371
1120,-3.193174362182617
1121,-4.821547508239746
1122,-1.5759334564208984
1123,-2.696308135986328
1124,-10.964790344238281
1125,-1.1158771514892578
1126,-2.5521793365478516
1127,1.9856619834899902
1128,1.645960807800293
1129,-2.16021728515625
1130,-14.969032287597656
1131,1.4382171630859375
1132,-1.5884761810302734
1133,6.083385944366455
1134,4.815227508544922
1135,-2.0821533203125
1136,-19.092575073242188
1137,4.048397064208984
1138,-1.107400894165039
1139,6.110558032989502
1140,5.665224075317383
1141,-2.2921390533447266
1142,-20.751243591308594
1143,4.703369140625
1144,-1.011789321899414
1145,6.7050909996032715
1146,5.554868698120117
1147,-2.253316879272461
1148,-20.7860107421875
1149,4.00047492980957
1150,-1.0053462982177734
1151,5.480014324188232
1152,5.417997360229492
1153,-2.168275833129883
1154,-19.258544921875
1155,3.5834388732910156
1156,-0.892333984375
1157,5.5865864753723145
1158,0.41582202911376953
1159,0.699249267578125
1160,-9.830879211425781
1161,0.5031414031982422
1162,0.5444087982177734
1163,0.2434983253479004
1164,-1.4272994995117188
1165,3.025728225708008
1166,-12.108049392700195
1167,-1.3570852279663086
1168,2.6481685638427734
1169,-2.597663640975952
1170,-0.3700370788574219
1171,5.697027206420898
1172,-11.502067565917969
1173,-0.4345731735229492
1174,5.141414642333984
1175,-0.16264009475708008
1176,0.20651531219482422
1177,6.09898567199707
1178,-11.607446670532227
1179,0.06812572479248047
1180,5.464605331420898
1181,-0.12710285186767578
1182,-2.4325485229492188
1183,6.081657409667969
1184,-15.451936721801758
1185,-2.010708808898926
1186,5.708810806274414
1187,-2.6154818534851074
1188,-3.151264190673828
1189,-3.3112030029296875
1190,-6.078549385070801
1191,-2.9482059478759766
1192,-3.5485458374023438
1193,-6.577173233032227
1194,-2.8776798248291016
1195,-3.5567855834960938
1196,-6.580325126647949
1197,-2.8101253509521484
1198,-3.565876007080078
1199,-6.583436965942383
1200,-2.981020927429199
1201,-3.553314208984375
1202,-5.436183929443359
1203,-2.9381494522094727
1204,-3.562480926513672
1205,-5.434277534484863
1206,-2.893848419189453
1207,-3.5731029510498047
1208,-5.433480262756348
1209,-2.2932071685791016
1210,-3.5403175354003906
1211,-6.934969425201416
1212,-2.3446035385131836
1213,-3.5506057739257812
1214,-1.2377984523773193
1215,-2.878824234008789
1216,-3.138256072998047
1217,-6.162853240966797
1218,-2.922421455383301
1219,-3.134489059448242
1220,-4.565248966217041
1221,-1.4575071334838867
1222,-2.7152938842773438
1223,-9.803337097167969
1224,-1.2861213684082031
1225,-2.4400711059570312
1226,3.515219211578369
1227,1.7052488327026367
1228,-2.636188507080078
1229,-15.29556655883789
1230,0.03967761993408203
1231,-1.2847099304199219
1232,7.618152141571045
1233,4.687488555908203
1234,-2.909910202026367
1235,-21.277616500854492
1236,0.6244277954101562
1237,-0.04205131530761719
1238,8.138374328613281
1239,5.529335021972656
1240,-3.090456008911133
1241,-22.929046630859375
1242,0.6806812286376953
1243,0.3893089294433594
1244,8.981683731079102
1245,5.580190658569336
1246,-3.0207386016845703
1247,-22.961166381835938
1248,0.12331485748291016
1249,0.37821197509765625
1250,7.55109167098999
1251,5.3370208740234375
1252,-2.9492645263671875
1253,-21.485197067260742
1254,0.5571937561035156
1255,0.3396339416503906
1256,7.533259868621826
1257,0.6721229553222656
1258,0.5736579895019531
1259,-9.80882453918457
1260,0.5038986206054688
1261,0.533721923828125
1262,0.2241206169128418
1263,-1.4556217193603516
1264,2.8514232635498047
1265,-13.024024963378906
1266,-1.3737554550170898
1267,2.5781421661376953
1268,-4.842055797576904
1269,-0.3791656494140625
1270,5.592235565185547
1271,-13.227996826171875
1272,-0.42992115020751953
1273,5.172239303588867
1274,-3.355815887451172
1275,0.2048931121826172
1276,6.014596939086914
1277,-13.412487030029297
1278,0.07831001281738281
1279,5.47669792175293
1280,-3.3884334564208984
1281,-2.361827850341797
1282,6.046348571777344
1283,-17.503467559814453
1284,-2.0354843139648438
1285,5.725044250488281
1286,-6.2420477867126465
1287,-3.1948585510253906
1288,-3.132986068725586
1289,-4.634265899658203
1290,-2.98333740234375
1291,-3.3687801361083984
1292,-5.008418560028076
1293,-2.90750789642334
1294,-3.3850059509277344
1295,-5.009481906890869
1296,-2.8300085067749023
1297,-3.4037513732910156
1298,-5.011311054229736
1299,-3.0525360107421875
1300,-3.3632678985595703
1301,-3.825639247894287
1302,-3.0229663848876953
1303,-3.373483657836914
1304,-3.8249473571777344
1305,-2.9929513931274414
1306,-3.385955810546875
1307,-3.825774669647217
1308,-2.316983222961426
1309,-3.414125442504883
1310,-5.309214115142822
1311,-2.4223337173461914
1312,-3.409006118774414
1313,0.10703182220458984
1314,-2.9135656356811523
1315,-2.9961681365966797
1316,-4.62043571472168
1317,-2.9836158752441406
1318,-2.985147476196289
1319,-3.0650405883789062
1320,-1.429163932800293
1321,-2.6958065032958984
1322,-8.105926513671875
1323,-1.2643394470214844
1324,-2.351869583129883
1325,4.437713146209717
1326,1.6860008239746094
1327,-2.908863067626953
1328,-14.382308959960938
1329,-0.28461742401123047
1330,-1.0994949340820312
1331,7.957067966461182
1332,4.249116897583008
1333,-3.4388198852539062
1334,-20.15096664428711
1335,0.09746932983398438
1336,0.296112060546875
1337,8.124959945678711
1338,5.018049240112305
1339,-3.6715469360351562
1340,-21.855634689331055
1341,-0.009490013122558594
1342,0.7411785125732422
1343,8.96595573425293
1344,5.08610725402832
1345,-3.628164291381836
1346,-21.781503677368164
1347,-0.29608726501464844
1348,0.7826557159423828
1349,7.601098537445068
1350,4.846334457397461
1351,-3.540853500366211
1352,-20.323331832885742
1353,-0.052201271057128906
1354,0.578643798828125
1355,7.567117214202881
1356,0.8643560409545898
1357,0.5707168579101562
1358,-9.684779167175293
1359,0.8955802917480469
1360,0.5545387268066406
1361,0.10223817825317383
1362,-1.4666938781738281
1363,2.8319339752197266
1364,-13.163795471191406
1365,-0.4310722351074219
1366,2.483560562133789
1367,-2.3476877212524414
1368,-0.4115104675292969
1369,5.555339813232422
1370,-13.949657440185547
1371,1.7923450469970703
1372,4.390838623046875
1373,0.12355661392211914
1374,0.15130233764648438
1375,6.000133514404297
1376,-14.128839492797852
1377,2.4874725341796875
1378,4.616918563842773
1379,0.22347736358642578
1380,-2.417647361755371
1381,6.029212951660156
1382,-17.466346740722656
1383,0.9661493301391602
1384,5.14143180847168
1385,-2.1600561141967773
1386,-3.114654541015625
1387,-2.960298538208008
1388,-6.465310573577881
1389,-2.8978757858276367
1390,-3.1960697174072266
1391,-6.742143630981445
1392,-2.8267087936401367
1393,-3.215221405029297
1394,-6.742696285247803
1395,-2.760289192199707
1396,-3.2334442138671875
1397,-6.7440972328186035
1398,-2.958125114440918
1399,-3.1807518005371094
1400,-5.573843002319336
1401,-2.9299545288085938
1402,-3.186922073364258
1403,-5.57388973236084
1404,-2.9028310775756836
1405,-3.1951370239257812
1406,-5.5737810134887695
1407,-2.2899436950683594
1408,-3.239105224609375
1409,-6.625570297241211
1410,-2.393392562866211
1411,-3.2214279174804688
1412,-0.08640718460083008
1413,-2.8582639694213867
1414,-2.8249378204345703
1415,-6.268327713012695
1416,-2.9260311126708984
1417,-2.8083152770996094
1418,-4.753489971160889
1419,-1.318598747253418
1420,-2.6116161346435547
1421,-9.59890365600586
1422,-1.2329273223876953
1423,-2.2171688079833984
1424,3.5322556495666504
1425,1.7078428268432617
1426,-3.012920379638672
1427,-17.390676498413086
1428,-0.35744667053222656
1429,-1.0971870422363281
1430,9.646312713623047
1431,4.2313690185546875
1432,-3.819906234741211
1433,-24.866741180419922
1434,0.07300853729248047
1435,0.18697547912597656
1436,14.404806137084961
1437,4.815256118774414
1438,-4.130704879760742
1439,-26.67875862121582
1440,-0.12778091430664062
1441,0.5949897766113281
1442,16.003612518310547
1443,4.846994400024414
1444,-4.094499588012695
1445,-26.6368465423584
1446,-0.19714641571044922
1447,0.6696395874023438
1448,14.821640014648438
1449,4.628583908081055
1450,-3.985525131225586
1451,-25.122236251831055
1452,0.048935890197753906
1453,0.514190673828125
1454,14.06888198852539
1455,1.0010795593261719
1456,0.6122379302978516
1457,-9.59063720703125
1458,1.0499706268310547
1459,0.6440238952636719
1460,0.009301185607910156
1461,-1.4745264053344727
1462,2.8522491455078125
1463,-12.406679153442383
1464,-0.4931650161743164
1465,2.4991893768310547
1466,-4.090936660766602
1467,-0.40857410430908203
1468,5.554256439208984
1469,-11.963703155517578
1470,0.9351844787597656
1471,4.782026290893555
1472,-2.990273952484131
1473,0.14666748046875
1474,5.974254608154297
1475,-11.981924057006836
1476,2.0557212829589844
1477,5.314418792724609
1478,-3.0544042587280273
1479,-2.4197568893432617
1480,5.997444152832031
1481,-14.959760665893555
1482,-0.3452491760253906
1483,5.377145767211914
1484,-5.542896747589111
1485,-3.044154167175293
1486,-2.652690887451172
1487,-6.453027725219727
1488,-2.83138370513916
1489,-2.8892745971679688
1490,-6.731826305389404
1491,-2.7645931243896484
1492,-2.9142799377441406
1493,-6.732874393463135
1494,-2.7057647705078125
1495,-2.9362258911132812
1496,-6.734877586364746
1497,-2.8764123916625977
1498,-2.8721179962158203
1499,-5.633677959442139
1500,-2.8440866470336914
1501,-2.880809783935547
1502,-5.632969856262207
1503,-2.8127174377441406
1504,-2.891986846923828
1505,-5.632356643676758
1506,-2.270810127258301
1507,-2.9621105194091797
1508,-6.568269729614258
1509,-2.3351831436157227
1510,-2.944873809814453
1511,-0.35365915298461914
1512,-2.804616928100586
1513,-2.5328617095947266
1514,-6.293309688568115
1515,-2.8560094833374023
1516,-2.5178699493408203
1517,-4.880082607269287
1518,-1.318140983581543
1519,-2.4083938598632812
1520,-8.954154968261719
1521,-1.2060070037841797
1522,-1.945770263671875
1523,3.4182896614074707
1524,1.5102710723876953
1525,-2.9739322662353516
1526,-16.738685607910156
1527,-0.31912708282470703
1528,-1.2038078308105469
1529,8.662355422973633
1530,3.943817138671875
1531,-3.8253631591796875
1532,-22.00954246520996
1533,0.8721885681152344
1534,-0.5591201782226562
1535,12.465576171875
1536,4.512237548828125
1537,-4.140241622924805
1538,-23.761335372924805
1539,1.1496448516845703
1540,-0.29828834533691406
1541,13.707056045532227
1542,4.454019546508789
1543,-4.139923095703125
1544,-23.69550132751465
1545,1.176438331604004
1546,-0.2736530303955078
1547,12.736562728881836
1548,4.295747756958008
1549,-4.002010345458984
1550,-22.217788696289062
1551,1.0673866271972656
1552,-0.3594188690185547
1553,12.193410873413086
1554,1.074650764465332
1555,0.7530689239501953
1556,-9.427618026733398
1557,1.3391380310058594
1558,0.8768806457519531
1559,-0.15296649932861328
1560,-1.609670639038086
1561,2.8697757720947266
1562,-11.753209114074707
1563,-0.2154998779296875
1564,2.512531280517578
1565,-3.673330545425415
1566,-0.4104881286621094
1567,5.539234161376953
1568,-10.900880813598633
1569,1.282430648803711
1570,4.879026412963867
1571,-2.9562015533447266
1572,0.10994815826416016
1573,5.947231292724609
1574,-10.918374061584473
1575,2.008798599243164
1576,5.329734802246094
1577,-3.0447607040405273
1578,-2.4175167083740234
1579,5.980228424072266
1580,-13.178136825561523
1581,0.055632591247558594
1582,5.430036544799805
1583,-5.090900421142578
1584,-3.025618553161621
1585,-2.407571792602539
1586,-6.0792460441589355
1587,-2.8012046813964844
1588,-2.653566360473633
1589,-6.401827812194824
1590,-2.7367773056030273
1591,-2.6739273071289062
1592,-6.400827884674072
1593,-2.677122116088867
1594,-2.695293426513672
1595,-6.401169776916504
1596,-2.8457441329956055
1597,-2.6367568969726562
1598,-5.297673225402832
1599,-2.8125972747802734
1600,-2.6455135345458984
1601,-5.298092842102051
1602,-2.779953956604004
1603,-2.656381607055664
1604,-5.297878742218018
1605,-2.243806838989258
1606,-2.7146377563476562
1607,-6.79522705078125
1608,-2.2957115173339844
1609,-2.7057151794433594
1610,-0.9840717315673828
1611,-2.7788572311401367
1612,-2.28131103515625
1613,-6.038860321044922
1614,-2.830019950866699
1615,-2.2661781311035156
1616,-4.594239234924316
1617,-1.2311315536499023
1618,-2.106548309326172
1619,-9.586116790771484
1620,-1.1659011840820312
1621,-1.6347312927246094
1622,3.054966926574707
1623,1.5962095260620117
1624,-2.75146484375
1625,-17.224170684814453
1626,-0.12253475189208984
1627,-0.7406902313232422
1628,7.967621326446533
1629,3.8793697357177734
1630,-3.686443328857422
1631,-23.41761589050293
1632,0.7877235412597656
1633,0.36734580993652344
1634,11.896160125732422
1635,4.388322830200195
1636,-4.016115188598633
1637,-25.097232818603516
1638,0.9668111801147461
1639,0.7291316986083984
1640,13.386480331420898
1641,4.28565788269043
1642,-4.026081085205078
1643,-24.9211368560791
1644,0.9470996856689453
1645,0.8488578796386719
1646,12.193443298339844
1647,4.171863555908203
1648,-3.8691329956054688
1649,-23.598941802978516
1650,0.8841800689697266
1651,0.7237987518310547
1652,11.535400390625
1653,1.0949277877807617
1654,1.114267349243164
1655,-9.412324905395508
1656,1.4058427810668945
1657,1.1674747467041016
1658,-0.17121458053588867
1659,-1.8477983474731445
1660,2.9081802368164062
1661,-11.644943237304688
1662,-0.35784053802490234
1663,2.8342514038085938
1664,-3.204908847808838
1665,-0.4257049560546875
1666,5.550586700439453
1667,-10.081363677978516
1668,0.5064888000488281
1669,5.118192672729492
1670,-2.03029727935791
1671,0.1030721664428711
1672,5.951210021972656
1673,-9.877553939819336
1674,1.3011913299560547
1675,5.721027374267578
1676,-2.035412073135376
1677,-2.413015365600586
1678,5.983551025390625
1679,-11.439960479736328
1680,-0.0859518051147461
1681,5.534082412719727
1682,-3.7572762966156006
1683,-3.000491142272949
1684,-2.136655807495117
1685,-6.664231777191162
1686,-2.7768163681030273
1687,-2.3783950805664062
1688,-7.108319282531738
1689,-2.712552070617676
1690,-2.392162322998047
1691,-7.108494281768799
1692,-2.655477523803711
1693,-2.4091129302978516
1694,-7.109226226806641
1695,-2.8135643005371094
1696,-2.366090774536133
1697,-5.94362735748291
1698,-2.778097152709961
1699,-2.371034622192383
1700,-5.94387149810791
1701,-2.7441205978393555
1702,-2.3779449462890625
1703,-5.944774627685547
1704,-2.2176666259765625
1705,-2.4109554290771484
1706,-7.332569599151611
1707,-2.274904251098633
1708,-2.3961963653564453
1709,-1.9521617889404297
1710,-2.7663002014160156
1711,-2.0042285919189453
1712,-6.701077461242676
1713,-2.812379837036133
1714,-1.984537124633789
1715,-5.181456565856934
1716,-0.8169755935668945
1717,-1.8486747741699219
1718,-9.87544059753418
1719,-1.1735239028930664
1720,-1.3183517456054688
1721,2.141481876373291
1722,1.9929885864257812
1723,-2.697925567626953
1724,-16.985815048217773
1725,-0.10034751892089844
1726,-0.21204757690429688
1727,6.397789478302002
1728,4.296598434448242
1729,-3.313112258911133
1730,-22.83722496032715
1731,0.13431930541992188
1732,1.0579986572265625
1733,7.701141834259033
1734,4.731960296630859
1735,-3.5952377319335938
1736,-24.52802848815918
1737,-0.0880279541015625
1738,1.4784870147705078
1739,8.645524978637695
1740,4.673162460327148
1741,-3.6272544860839844
1742,-24.478477478027344
1743,-0.29394054412841797
1744,1.5593376159667969
1745,7.158231258392334
1746,4.517879486083984
1747,-3.5012989044189453
1748,-23.07250213623047
1749,0.0948944091796875
1750,1.3997573852539062
1751,7.117493152618408
1752,1.3153162002563477
1753,1.4454288482666016
1754,-9.49303150177002
1755,1.2908849716186523
1756,1.4454612731933594
1757,-0.08826828002929688
1758,-2.0114383697509766
1759,3.011829376220703
1760,-11.843713760375977
1761,-1.7340412139892578
1762,2.8830528259277344
1763,-4.5561113357543945
1764,-0.42573070526123047
1765,5.552162170410156
1766,-10.054237365722656
1767,-0.15968704223632812
1768,5.312417984008789
1769,-2.494647264480591
1770,0.10468578338623047
1771,5.9568023681640625
1772,-9.875991821289062
1773,0.45332813262939453
1774,5.7879180908203125
1775,-2.4314465522766113
1776,-2.3963680267333984
1777,6.021795272827148
1778,-11.63559341430664
1779,-1.8015060424804688
1780,5.7536468505859375
1781,-4.532284259796143
1782,-2.9836225509643555
1783,-1.8033084869384766
1784,-5.11141300201416
1785,-2.758049964904785
1786,-2.046579360961914
1787,-5.909846305847168
1788,-2.6982040405273438
1789,-2.057353973388672
1790,-5.907167911529541
1791,-2.6466102600097656
1792,-2.0678329467773438
1793,-5.9071807861328125
1794,-2.79213809967041
1795,-2.056669235229492
1796,-4.589932918548584
1797,-2.7565441131591797
1798,-2.0724258422851562
1799,-4.5909342765808105
1800,-2.7223987579345703
1801,-2.088085174560547
1802,-4.592713356018066
1803,-2.2084293365478516
1804,-2.083803176879883
1805,-7.3465118408203125
1806,-2.2667646408081055
1807,-2.121774673461914
1808,-1.608780860900879
1809,-2.761460304260254
1810,-1.6665840148925781
1811,-5.704961776733398
1812,-2.79001522064209
1813,-1.6637039184570312
1814,-3.9927656650543213
1815,-0.8819570541381836
1816,-1.4049606323242188
1817,-9.897220611572266
1818,-1.0078868865966797
1819,-1.2255973815917969
1820,2.1188035011291504
1821,1.9480867385864258
1822,-2.006683349609375
1823,-18.052560806274414
1824,0.06016826629638672
1825,-0.31127166748046875
1826,9.077672958374023
1827,4.339071273803711
1828,-2.774822235107422
1829,-25.189638137817383
1830,0.3389148712158203
1831,0.9433784484863281
1832,15.659055709838867
1833,4.745750427246094
1834,-3.557016372680664
1835,-26.911649703979492
1836,0.27604198455810547
1837,0.9514999389648438
1838,17.2211856842041
1839,4.84984016418457
1840,-3.473194122314453
1841,-26.908170700073242
1842,0.07846546173095703
1843,0.99468994140625
1844,16.49285888671875
1845,4.694059371948242
1846,-3.1821937561035156
1847,-25.475669860839844
1848,0.24245357513427734
1849,1.0480670928955078
1850,15.508056640625
1851,1.3077936172485352
1852,1.8696212768554688
1853,-9.627685546875
1854,1.2271909713745117
1855,1.732461929321289
1856,0.04323244094848633
1857,-2.2300634384155273
1858,3.2356529235839844
1859,-12.449188232421875
1860,-2.2651147842407227
1861,3.0283565521240234
1862,-2.3864336013793945
1863,-0.4355125427246094
1864,5.6878509521484375
1865,-11.64280891418457
1866,-0.7119474411010742
1867,5.29688835144043
1868,1.3094139099121094
1869,0.11655807495117188
1870,6.008487701416016
1871,-11.493998527526855
1872,0.0002956390380859375
1873,5.780139923095703
1874,1.6098661422729492
1875,-2.4201011657714844
1876,6.170520782470703
1877,-13.14561653137207
1878,-2.388087272644043
1879,5.868373870849609
1880,0.8839478492736816
1881,-2.970090866088867
1882,-1.6459770202636719
1883,-4.812429428100586
1884,-2.751570701599121
1885,-1.8835506439208984
1886,-5.609391689300537
1887,-2.689846992492676
1888,-1.8904285430908203
1889,-5.60789155960083
1890,-2.644911766052246
1891,-1.9005775451660156
1892,-5.609625339508057
1893,-2.784341812133789
1894,-1.8908767700195312
1895,-4.257244110107422
1896,-2.743520736694336
1897,-1.9014415740966797
1898,-4.256990909576416
1899,-2.6739463806152344
1900,-1.9171409606933594
1901,-4.258201599121094
1902,-2.2012405395507812
1903,-1.8720417022705078
1904,-7.3577728271484375
1905,-2.2407283782958984
1906,-1.894561767578125
1907,-1.5295603275299072
1908,-2.744913101196289
1909,-1.4766864776611328
1910,-5.510565280914307
1911,-2.7772645950317383
1912,-1.4710826873779297
1913,-3.7656004428863525
1914,-0.9195957183837891
1915,-1.0393047332763672
1916,-10.4829683303833
1917,-0.8656492233276367
1918,-0.9567070007324219
1919,2.157315731048584
1920,2.259063720703125
1921,-1.1075172424316406
1922,-18.025426864624023
1923,0.7686538696289062
1924,-0.1508502960205078
1925,9.206682205200195
1926,4.865718841552734
1927,-1.5729503631591797
1928,-24.774099349975586
1929,1.994577407836914
1930,0.7174358367919922
1931,15.218952178955078
1932,5.394065856933594
1933,-1.8377857208251953
1934,-25.729759216308594
1935,2.3851261138916016
1936,0.7184085845947266
1937,16.66440773010254
1938,5.4055023193359375
1939,-1.840982437133789
1940,-25.705150604248047
1941,2.2602157592773438
1942,0.6528358459472656
1943,16.164661407470703
1944,5.193061828613281
1945,-1.7067394256591797
1946,-24.5842342376709
1947,2.070322036743164
1948,0.7532081604003906
1949,15.160924911499023
1950,1.3140554428100586
1951,2.1597843170166016
1952,-10.006584167480469
1953,1.2310771942138672
1954,2.0364646911621094
1955,0.42000913619995117
1956,-2.3654279708862305
1957,3.400606155395508
1958,-12.761228561401367
1959,-2.4163436889648438
1960,3.1293182373046875
1961,-0.2298583984375
1962,-0.46012401580810547
1963,5.866851806640625
1964,-11.729504585266113
1965,-0.9346437454223633
1966,5.3541259765625
1967,3.7817835807800293
1968,0.12000083923339844
1969,6.11060905456543
1970,-11.55766487121582
1971,-0.1973419189453125
1972,5.811927795410156
1973,4.1135029792785645
1974,-2.464021682739258
1975,6.196958541870117
1976,-13.237957000732422
1977,-2.6646413803100586
1978,5.912900924682617
1979,3.6812901496887207
1980,-2.979471206665039
1981,-1.5785465240478516
1982,-4.25616455078125
1983,-2.749964714050293
1984,-1.7790088653564453
1985,-5.102138996124268
1986,-2.687930107116699
1987,-1.7808456420898438
1988,-5.1027655601501465
1989,-2.6380786895751953
1990,-1.781930923461914
1991,-5.105779647827148
1992,-2.7598838806152344
1993,-1.7814006805419922
1994,-3.5988821983337402
1995,-2.7024192810058594
1996,-1.784820556640625
1997,-3.597599506378174
1998,-2.628607749938965
1999,-1.7886981964111328
2000,-3.5991506576538086
2001,-2.194880485534668
2002,-1.7040252685546875
2003,-7.369490623474121
2004,-2.19344425201416
2005,-1.7226123809814453
2006,-0.8219361305236816
2007,-2.769804000854492
2008,-1.3888778686523438
2009,-5.13370418548584
2010,-2.787464141845703
2011,-1.3698368072509766
2012,-3.186833620071411
2013,-0.9437389373779297
2014,-0.7296581268310547
2015,-10.869278907775879
2016,-0.8725013732910156
2017,-0.5780353546142578
2018,2.504204750061035
2019,1.9803962707519531
2020,-0.31863975524902344
2021,-16.11750602722168
2022,1.2878236770629883
2023,0.023256301879882812
2024,8.880512237548828
2025,4.64813232421875
2026,-0.29483795166015625
2027,-20.566240310668945
2028,3.644998550415039
2029,0.4758739471435547
2030,12.487674713134766
2031,5.330322265625
2032,-0.4336566925048828
2033,-21.96224594116211
2034,4.421772003173828
2035,0.3209495544433594
2036,13.809989929199219
2037,5.356721878051758
2038,-0.4275836944580078
2039,-22.007671356201172
2040,4.320953369140625
2041,0.20209121704101562
2042,12.826248168945312
2043,5.135288238525391
2044,-0.3472251892089844
2045,-20.647388458251953
2046,3.9920825958251953
2047,0.23906326293945312
2048,12.184053421020508
2049,1.3208160400390625
2050,2.376047134399414
2051,-10.143476486206055
2052,1.2178897857666016
2053,2.2801742553710938
2054,0.5600080490112305
2055,-2.4863271713256836
2056,3.5043869018554688
2057,-13.925725936889648
2058,-2.525485038757324
2059,3.1834182739257812
2060,-0.8911519050598145
2061,-0.46666908264160156
2062,5.983917236328125
2063,-12.995637893676758
2064,-1.0953617095947266
2065,5.363948822021484
2066,2.088533401489258
2067,0.13655853271484375
2068,6.207387924194336
2069,-12.828435897827148
2070,-0.44596004486083984
2071,5.717287063598633
2072,2.267601490020752
2073,-2.4587888717651367
2074,6.693864822387695
2075,-14.62990951538086
2076,-2.7700681686401367
2077,6.094402313232422
2078,1.3326635360717773
2079,-2.803675651550293
2080,-1.6481361389160156
2081,-5.624826908111572
2082,-2.497311592102051
2083,-1.803567886352539
2084,-6.5093536376953125
2085,-2.4462509155273438
2086,-1.7974472045898438
2087,-6.511955261230469
2088,-2.401662826538086
2089,-1.7904243469238281
2090,-6.51629638671875
2091,-2.496458053588867
2092,-1.8163986206054688
2093,-4.896049499511719
2094,-2.443232536315918
2095,-1.8192253112792969
2096,-4.89301872253418
2097,-2.38177490234375
2098,-1.8216495513916016
2099,-4.894272327423096
2100,-1.9583158493041992
2101,-1.6713542938232422
2102,-9.012992858886719
2103,-1.8872919082641602
2104,-1.7075881958007812
2105,-2.0498552322387695
2106,-2.6816234588623047
2107,-1.4405937194824219
2108,-6.577582359313965
2109,-2.70535945892334
2110,-1.4392585754394531
2111,-4.517111778259277
2112,-0.955531120300293
2113,-0.5314598083496094
2114,-12.39222526550293
2115,-0.7950334548950195
2116,-0.5165882110595703
2117,1.2739295959472656
2118,1.8624868392944336
2119,0.5234241485595703
2120,-14.83405876159668
2121,1.5986700057983398
2122,0.5075359344482422
2123,2.725740432739258
2124,4.353338241577148
2125,1.3706626892089844
2126,-15.326881408691406
2127,3.7918148040771484
2128,1.3180370330810547
2129,1.4622397422790527
2130,4.968410491943359
2131,1.465047836303711
2132,-16.449857711791992
2133,4.338951110839844
2134,1.4492435455322266
2135,1.7280349731445312
2136,4.977533340454102
2137,1.4348526000976562
2138,-16.4396915435791
2139,4.561441421508789
2140,1.5417098999023438
2141,1.0564160346984863
2142,4.739217758178711
2143,1.4654865264892578
2144,-15.326662063598633
2145,4.330114364624023
2146,1.4876060485839844
2147,1.0985980033874512
2148,1.2863101959228516
2149,2.5831985473632812
2150,-10.023553848266602
2151,1.2591218948364258
2152,2.371234893798828
2153,0.4412989616394043
2154,-2.605276107788086
2155,3.6289901733398438
2156,-11.801961898803711
2157,-2.5118274688720703
2158,3.251798629760742
2159,0.3977036476135254
2160,-0.48398685455322266
2161,6.02642822265625
2162,-8.539993286132812
2163,-0.921142578125
2164,5.422063827514648
2165,5.27203893661499
2166,0.21834087371826172
2167,6.257816314697266
2168,-8.188782691955566
2169,0.6185178756713867
2170,5.4869842529296875
2171,5.693410396575928
2172,-1.9952726364135742
2173,6.736766815185547
2174,-9.14958667755127
2175,-1.4864740371704102
2176,6.052661895751953
2177,5.905308246612549
2178,-2.5086145401000977
2179,-1.6920223236083984
2180,-8.394821166992188
2181,-2.2360668182373047
2182,-1.8909263610839844
2183,-9.140931129455566
2184,-2.1837234497070312
2185,-1.8909645080566406
2186,-9.14346694946289
2187,-2.1355905532836914
2188,-1.8888912200927734
2189,-9.147327423095703
2190,-2.2418594360351562
2191,-1.9017143249511719
2192,-7.662312984466553
2193,-2.195183753967285
2194,-1.9083499908447266
2195,-7.660638809204102
2196,-2.1360301971435547
2197,-1.9153900146484375
2198,-7.662144184112549
2199,-1.5954780578613281
2200,-1.788309097290039
2201,-11.240293502807617
2202,-1.5853042602539062
2203,-1.813079833984375
2204,-4.734123706817627
2205,-2.3256711959838867
2206,-1.4568405151367188
2207,-9.187442779541016
2208,-2.3768997192382812
2209,-1.4716148376464844
2210,-7.281284809112549
2211,-0.7898740768432617
2212,-0.4511680603027344
2213,-14.570363998413086
2214,-0.5676498413085938
2215,-0.5010147094726562
2216,-1.055063247680664
2217,1.8469314575195312
2218,1.2958698272705078
2219,-16.20276641845703
2220,1.3725976943969727
2221,1.1605720520019531
2222,-0.4158639907836914
2223,3.1319408416748047
2224,3.1512451171875
2225,-16.354475021362305
2226,3.319019317626953
2227,2.7855491638183594
2228,-2.5605897903442383
2229,3.5066490173339844
2230,3.5236167907714844
2231,-17.809894561767578
2232,3.508535385131836
2233,3.050626754760742
2234,-2.5624401569366455
2235,3.13519287109375
2236,3.5764026641845703
2237,-17.678897857666016
2238,3.5126724243164062
2239,3.1073265075683594
2240,-3.5924766063690186
2241,2.8599796295166016
2242,3.443115234375
2243,-16.30982208251953
2244,3.3150997161865234
2245,2.978862762451172
2246,-3.09647274017334
2247,1.4804954528808594
2248,2.7629470825195312
2249,-9.646124839782715
2250,1.2522878646850586
2251,2.5053176879882812
2252,0.06525468826293945
2253,-2.712575912475586
2254,3.6845436096191406
2255,-11.426436424255371
2256,-2.657729148864746
2257,3.266571044921875
2258,0.3035459518432617
2259,-0.5872974395751953
2260,6.008874893188477
2261,-7.589144706726074
2262,-1.0990104675292969
2263,5.455320358276367
2264,5.19933557510376
2265,0.2176074981689453
2266,6.26411247253418
2267,-7.221627235412598
2268,0.217987060546875
2269,5.47186279296875
2270,5.5994791984558105
2271,-2.0437097549438477
2272,6.713233947753906
2273,-8.163434982299805
2274,-1.8275880813598633
2275,6.074831008911133
2276,5.628199100494385
2277,-2.114293098449707
2278,-1.8357563018798828
2279,-8.381718635559082
2280,-1.8094196319580078
2281,-2.0374088287353516
2282,-9.209344863891602
2283,-1.7512826919555664
2284,-2.034944534301758
2285,-9.211870193481445
2286,-1.689805030822754
2287,-2.031963348388672
2288,-9.21473503112793
2289,-1.7956485748291016
2290,-2.044382095336914
2291,-7.75868558883667
2292,-1.7292547225952148
2293,-2.0465621948242188
2294,-7.757735729217529
2295,-1.65667724609375
2296,-2.05010986328125
2297,-7.759829998016357
2298,-1.0528879165649414
2299,-1.912649154663086
2300,-11.4364595413208
2301,-1.0026741027832031
2302,-1.938302993774414
2303,-5.03079080581665
2304,-1.92486572265625
2305,-1.5955963134765625
2306,-9.175792694091797
2307,-1.9419422149658203
2308,-1.6090812683105469
2309,-7.303628921508789
2310,-0.43611621856689453
2311,-0.5345993041992188
2312,-14.980478286743164
2313,-0.059006690979003906
2314,-0.6227512359619141
2315,-0.8737425804138184
2316,0.20606517791748047
2317,1.5169601440429688
2318,-16.272424697875977
2319,0.46135425567626953
2320,1.2469940185546875
2321,-0.11627388000488281
2322,-0.29563045501708984
2323,3.4555435180664062
2324,-14.842033386230469
2325,-0.22316837310791016
2326,2.923524856567383
2327,-2.2938919067382812
2328,-0.3258199691772461
2329,3.7918930053710938
2330,-16.282644271850586
2331,-0.3065605163574219
2332,3.3206615447998047
2333,-2.292863368988037
2334,-0.6391668319702148
2335,3.802743911743164
2336,-15.981424331665039
2337,-0.3575706481933594
2338,3.3741092681884766
2339,-3.547199249267578
2340,-0.6212654113769531
2341,3.6930885314941406
2342,-14.70823860168457
2343,-0.24674034118652344
2344,3.284975051879883
2345,-2.9192728996276855
2346,1.4815969467163086
2347,2.7039661407470703
2348,-9.474836349487305
2349,1.4169092178344727
2350,2.432737350463867
2351,-0.10694313049316406
2352,-2.7512760162353516
2353,3.6869258880615234
2354,-10.272880554199219
2355,-2.6383323669433594
2356,3.2260704040527344
2357,0.5412578582763672
2358,-0.6035757064819336
2359,6.015251159667969
2360,-6.108470916748047
2361,-1.1166009902954102
2362,5.440948486328125
2363,5.490432262420654
2364,0.1981182098388672
2365,6.27509880065918
2366,-5.707110404968262
2367,-0.2271280288696289
2368,5.4551239013671875
2369,5.919893741607666
2370,-2.2572593688964844
2371,6.7357940673828125
2372,-6.581137657165527
2373,-2.417050361633301
2374,6.052698135375977
2375,5.894509792327881
2376,-1.3123054504394531
2377,-2.0524444580078125
2378,-9.067882537841797
2379,-0.8973550796508789
2380,-2.161865234375
2381,-9.951987266540527
2382,-0.8280172348022461
2383,-2.141510009765625
2384,-9.954544067382812
2385,-0.7583246231079102
2386,-2.1214656829833984
2387,-9.95588493347168
2388,-0.9113912582397461
2389,-2.168895721435547
2390,-8.323631286621094
2391,-0.8564214706420898
2392,-2.1550140380859375
2393,-8.323198318481445
2394,-0.792022705078125
2395,-2.1431350708007812
2396,-8.324745178222656
2397,-0.23334598541259766
2398,-2.007089614868164
2399,-12.33317756652832
2400,-0.25754261016845703
2401,-2.028627395629883
2402,-5.061739921569824
2403,-1.1497573852539062
2404,-1.7255210876464844
2405,-9.916692733764648
2406,-1.188375473022461
2407,-1.7588214874267578
2408,-7.794975280761719
2409,0.21945858001708984
2410,-0.6893520355224609
2411,-15.94914436340332
2412,0.05059242248535156
2413,-0.7818069458007812
2414,-0.6810221672058105
2415,-0.9067096710205078
2416,1.246835708618164
2417,-17.25273323059082
2418,-0.7042741775512695
2419,0.9424991607666016
2420,0.23943281173706055
2421,-3.244335174560547
2422,2.5963058471679688
2423,-15.641666412353516
2424,-2.9230432510375977
2425,2.3221302032470703
2426,-2.813744068145752
2427,-3.6941986083984375
2428,2.8570308685302734
2429,-17.297834396362305
2430,-3.5229625701904297
2431,2.619234085083008
2432,-2.8541760444641113
2433,-3.963663101196289
2434,2.779033660888672
2435,-16.679296493530273
2436,-3.5794200897216797
2437,2.625232696533203
2438,-4.4099555015563965
2439,-3.693023681640625
2440,2.6998844146728516
2441,-15.395151138305664
2442,-3.3374176025390625
2443,2.6758861541748047
2444,-3.583644390106201
2445,1.7641029357910156
2446,2.572214126586914
2447,-9.50831127166748
2448,1.292245864868164
2449,2.2956771850585938
2450,-0.07277965545654297
2451,-2.6448869705200195
2452,3.699596405029297
2453,-10.960290908813477
2454,-2.611453056335449
2455,3.203859329223633
2456,0.1765437126159668
2457,-0.5994300842285156
2458,6.054790496826172
2459,-7.7457275390625
2460,-1.305990219116211
2461,5.45942497253418
2462,4.441816806793213
2463,0.14051151275634766
2464,6.28875732421875
2465,-7.417388916015625
2466,-0.7358503341674805
2467,5.734394073486328
2468,4.796803951263428
2469,-2.1634340286254883
2470,6.900449752807617
2471,-8.950071334838867
2472,-3.0120773315429688
2473,6.02625846862793
2474,4.268531322479248
2475,-0.22748947143554688
2476,-2.281625747680664
2477,-6.81515645980835
2478,0.10460853576660156
2479,-2.4310150146484375
2480,-7.942852020263672
2481,0.15725421905517578
2482,-2.4199867248535156
2483,-7.945872783660889
2484,0.21124839782714844
2485,-2.4079666137695312
2486,-7.946316719055176
2487,0.1104116439819336
2488,-2.4313907623291016
2489,-6.192631244659424
2490,0.1629638671875
2491,-2.422504425048828
2492,-6.192591190338135
2493,0.22445011138916016
2494,-2.414203643798828
2495,-6.193687915802002
2496,0.6941852569580078
2497,-2.2278404235839844
2498,-11.178171157836914
2499,0.7066793441772461
2500,-2.232381820678711
2501,-2.896843433380127
2502,-0.1084299087524414
2503,-1.9908618927001953
2504,-7.746171951293945
2505,-0.1356668472290039
2506,-2.009309768676758
2507,-5.497416973114014
2508,0.6094884872436523
2509,-0.8344478607177734
2510,-14.23990249633789
2511,0.7167348861694336
2512,-0.7938442230224609
2513,1.9230904579162598
2514,-1.8783140182495117
2515,0.5436439514160156
2516,-16.153942108154297
2517,-1.4894819259643555
2518,0.20440101623535156
2519,0.8070573806762695
2520,-5.19255256652832
2521,1.0367374420166016
2522,-14.023735046386719
2523,-4.485529899597168
2524,0.41002464294433594
2525,0.14906024932861328
2526,-6.021653175354004
2527,1.0224342346191406
2528,-15.644514083862305
2529,-5.112244606018066
2530,0.31397438049316406
2531,0.1587696075439453
2532,-5.902172088623047
2533,0.6695842742919922
2534,-14.678184509277344
2535,-5.316863059997559
2536,0.24256324768066406
2537,-1.3389053344726562
2538,-5.614599227905273
2539,0.6607723236083984
2540,-13.6356201171875
2541,-5.140725135803223
2542,0.2985420227050781
2543,-0.6177000999450684
2544,1.8291740417480469
2545,2.431201934814453
2546,-9.812713623046875
2547,1.2888603210449219
2548,2.2035369873046875
2549,0.2295694351196289
2550,-2.609224319458008
2551,3.648387908935547
2552,-11.479337692260742
2553,-2.637454032897949
2554,3.2042465209960938
2555,-0.02733469009399414
2556,-0.597930908203125
2557,6.061443328857422
2558,-8.28312873840332
2559,-1.2878551483154297
2560,5.476198196411133
2561,4.203880786895752
2562,0.1363658905029297
2563,6.289682388305664
2564,-7.665701389312744
2565,-0.6557388305664062
2566,5.716896057128906
2567,4.616889476776123
2568,-2.1655731201171875
2569,6.886680603027344
2570,-9.654746055603027
2571,-2.7496461868286133
2572,6.101972579956055
2573,4.21970796585083
2574,0.4537343978881836
2575,-2.7376480102539062
2576,-5.894809722900391
2577,0.8516273498535156
2578,-2.8685226440429688
2579,-6.924688339233398
2580,0.903864860534668
2581,-2.8552112579345703
2582,-6.925956726074219
2583,0.956751823425293
2584,-2.840953826904297
2585,-6.928251266479492
2586,0.8519992828369141
2587,-2.8704185485839844
2588,-5.2729620933532715
2589,0.9009771347045898
2590,-2.8602771759033203
2591,-5.271162986755371
2592,0.9526529312133789
2593,-2.8510990142822266
2594,-5.270279407501221
2595,1.3666534423828125
2596,-2.6204662322998047
2597,-9.599475860595703
2598,1.3725719451904297
2599,-2.641756057739258
2600,-2.012500762939453
2601,0.5066490173339844
2602,-2.47015380859375
2603,-6.705986022949219
2604,0.48894214630126953
2605,-2.471200942993164
2606,-4.583888530731201
2607,0.7067794799804688
2608,-1.3625869750976562
2609,-13.858539581298828
2610,1.2192764282226562
2611,-1.3683013916015625
2612,2.475175380706787
2613,-2.711209297180176
2614,-1.5018653869628906
2615,-15.36187744140625
2616,-1.5829496383666992
2617,-1.5308551788330078
2618,2.132636547088623
2619,-5.277090072631836
2620,-2.4371585845947266
2621,-12.192279815673828
2622,-4.001302719116211
2623,-2.1251373291015625
2624,0.5435347557067871
2625,-5.783391952514648
2626,-2.902883529663086
2627,-13.781850814819336
2628,-4.249397277832031
2629,-2.5087757110595703
2630,0.3962101936340332
2631,-5.3614959716796875
2632,-2.975942611694336
2633,-12.90781021118164
2634,-4.278007507324219
2635,-2.5777435302734375
2636,-0.9517927169799805
2637,-5.301690101623535
2638,-2.8242721557617188
2639,-11.851048469543457
2640,-4.287667274475098
2641,-2.4337825775146484
2642,-0.19975805282592773
2643,1.767709732055664
2644,2.2303924560546875
2645,-9.813599586486816
2646,1.414647102355957
2647,2.0997447967529297
2648,0.22981834411621094
2649,-2.5506200790405273
2650,3.634166717529297
2651,-10.798341751098633
2652,-2.5574941635131836
2653,3.193765640258789
2654,-0.18293523788452148
2655,-0.5955533981323242
2656,6.068483352661133
2657,-7.218897342681885
2658,-1.1981010437011719
2659,5.580114364624023
2660,3.8509726524353027
2661,0.13632965087890625
2662,6.282938003540039
2663,-6.6904449462890625
2664,-0.5291585922241211
2665,5.754518508911133
2666,4.237820148468018
2667,-1.939417839050293
2668,7.020755767822266
2669,-7.0395307540893555
2670,-2.6302576065063477
2671,6.109210968017578
2672,3.6232008934020996
2673,1.3336477279663086
2674,-3.1999645233154297
2675,-3.3039584159851074
2676,1.7226200103759766
2677,-3.3378238677978516
2678,-4.24852991104126
2679,1.7950897216796875
2680,-3.324918746948242
2681,-4.249092102050781
2682,1.8709535598754883
2683,-3.309101104736328
2684,-4.25131893157959
2685,1.702347755432129
2686,-3.3398170471191406
2687,-2.648197889328003
2688,1.7594327926635742
2689,-3.328916549682617
2690,-2.645737648010254
2691,1.8266401290893555
2692,-3.317544937133789
2693,-2.645798683166504
2694,2.325885772705078
2695,-3.0754756927490234
2696,-6.7913079261779785
2697,2.2979564666748047
2698,-3.0940780639648438
2699,0.3970913887023926
2700,1.391427993774414
2701,-2.954080581665039
2702,-4.158997058868408
2703,1.3435754776000977
2704,-2.9690170288085938
2705,-2.0871050357818604
2706,1.6323566436767578
2707,-2.0833206176757812
2708,-11.380845069885254
2709,1.897369384765625
2710,-1.835744857788086
2711,4.686182498931885
2712,-1.2918586730957031
2713,-2.8279876708984375
2714,-14.663789749145508
2715,-1.177164077758789
2716,-1.8605690002441406
2717,7.155636310577393
2718,-2.280817985534668
2719,-4.341306686401367
2720,-13.076248168945312
2721,-2.0917463302612305
2722,-2.7338409423828125
2723,5.527537822723389
2724,-2.5642776489257812
2725,-4.5012054443359375
2726,-14.604475021362305
2727,-2.4044036865234375
2728,-3.0786914825439453
2729,5.537989139556885
2730,-2.317385673522949
2731,-4.547271728515625
2732,-13.835878372192383
2733,-2.5678787231445312
2734,-3.142833709716797
2735,4.746179103851318
2736,-2.3095178604125977
2737,-4.488056182861328
2738,-12.806095123291016
2739,-2.3106250762939453
2740,-3.0499935150146484
2741,4.9768900871276855
2742,1.7968025207519531
2743,1.7249488830566406
2744,-9.88276195526123
2745,1.6341466903686523
2746,1.693206787109375
2747,0.29917001724243164
2748,-2.4706010818481445
2749,3.5761947631835938
2750,-10.963626861572266
2751,-2.201923370361328
2752,3.192899703979492
2753,-0.5807695388793945
2754,-0.6358127593994141
2755,6.064849853515625
2756,-8.011695861816406
2757,-1.030517578125
2758,5.666223526000977
2759,2.256105899810791
2760,0.07078075408935547
2761,6.279949188232422
2762,-7.533964157104492
2763,-0.4596843719482422
2764,5.9163818359375
2765,2.5183515548706055
2766,-1.9957923889160156
2767,6.772117614746094
2768,-8.1767578125
2769,-2.3933677673339844
2770,6.153831481933594
2771,1.010739803314209
2772,2.099855422973633
2773,-3.8678836822509766
2774,-3.840183734893799
2775,2.5454635620117188
2776,-3.9904327392578125
2777,-4.718722343444824
2778,2.6001453399658203
2779,-3.979898452758789
2780,-4.719499111175537
2781,2.6551761627197266
2782,-3.967142105102539
2783,-4.722082138061523
2784,2.5274124145507812
2785,-3.9951438903808594
2786,-3.209787368774414
2787,2.5701217651367188
2788,-3.9893722534179688
2789,-3.207411289215088
2790,2.617053985595703
2791,-3.981800079345703
2792,-3.207747459411621
2793,2.969816207885742
2794,-3.7433242797851562
2795,-7.045018196105957
2796,2.9401512145996094
2797,-3.7702770233154297
2798,-0.3018045425415039
2799,2.027803421020508
2800,-3.6455249786376953
2801,-4.597121238708496
2802,2.0002822875976562
2803,-3.6565208435058594
2804,-2.6476738452911377
2805,2.5268192291259766
2806,-2.861083984375
2807,-11.350408554077148
2808,2.507051467895508
2809,-2.534015655517578
2810,3.504761219024658
2811,0.9169998168945312
2812,-4.395471572875977
2813,-17.312185287475586
2814,1.3583402633666992
2815,-3.002470016479492
2816,7.897728443145752
2817,1.2710609436035156
2818,-5.5831146240234375
2819,-19.996753692626953
2820,1.7468795776367188
2821,-3.9062862396240234
2822,9.70890998840332
2823,1.4893217086791992
2824,-6.078025817871094
2825,-21.80647087097168
2826,2.148345947265625
2827,-4.160150527954102
2828,10.178403854370117
2829,1.7006778717041016
2830,-5.943462371826172
2831,-21.08976936340332
2832,2.108509063720703
2833,-4.183134078979492
2834,9.472490310668945
2835,1.8137006759643555
2836,-5.622837066650391
2837,-19.842092514038086
2838,1.9054489135742188
2839,-4.136325836181641
2840,9.330160140991211
2841,1.7490577697753906
2842,0.9520835876464844
2843,-9.801403045654297
2844,1.5965585708618164
2845,1.0179939270019531
2846,0.21753358840942383
2847,-1.9795255661010742
2848,3.3442020416259766
2849,-10.660811424255371
2850,-1.7658920288085938
2851,3.1458778381347656
2852,-1.5337929725646973
2853,-0.6335630416870117
2854,6.0316619873046875
2855,-9.030241012573242
2856,-0.913538932800293
2857,5.652162551879883
2858,0.6163582801818848
2859,0.0607452392578125
2860,6.232753753662109
2861,-8.830755233764648
2862,-0.4117755889892578
2863,5.92042350769043
2864,0.7458305358886719
2865,-2.329073905944824
2866,6.529232025146484
2867,-10.797260284423828
2868,-2.497025489807129
2869,6.141162872314453
2870,-1.2648224830627441
2871,3.2938804626464844
2872,-4.5822906494140625
2873,-4.450582504272461
2874,3.7825183868408203
2875,-4.59736442565918
2876,-5.302208423614502
2877,3.841348648071289
2878,-4.575048446655273
2879,-5.302870750427246
2880,3.9085426330566406
2881,-4.55079460144043
2882,-5.305744171142578
2883,3.7569427490234375
2884,-4.607196807861328
2885,-3.8274900913238525
2886,3.804079055786133
2887,-4.590934753417969
2888,-3.8241333961486816
2889,3.864980697631836
2890,-4.571170806884766
2891,-3.8241891860961914
2892,4.192758560180664
2893,-4.30512809753418
2894,-7.6790666580200195
2895,4.186862945556641
2896,-4.3090057373046875
2897,-1.0364763736724854
2898,3.2842884063720703
2899,-4.385246276855469
2900,-5.234516620635986
2901,3.2543487548828125
2902,-4.398008346557617
2903,-3.31986665725708
2904,3.431509017944336
2905,-3.5566940307617188
2906,-11.573270797729492
2907,3.499927520751953
2908,-3.266979217529297
2909,3.2079873085021973
2910,3.3905563354492188
2911,-5.165496826171875
2912,-15.79586410522461
2913,3.507640838623047
2914,-4.319757461547852
2915,6.814490795135498
2916,5.322641372680664
2917,-5.952394485473633
2918,-15.505308151245117
2919,4.96766471862793
2920,-5.104650497436523
2921,4.538777828216553
2922,5.853546142578125
2923,-6.289941787719727
2924,-16.999582290649414
2925,5.484771728515625
2926,-5.26832389831543
2927,3.836850643157959
2928,5.995279312133789
2929,-6.111667633056641
2930,-16.650182723999023
2931,5.547266006469727
2932,-5.252132415771484
2933,3.4831109046936035
2934,5.79359245300293
2935,-5.949926376342773
2936,-15.434494018554688
2937,5.350223541259766
2938,-5.234106063842773
2939,4.098460674285889
2940,1.3584766387939453
2941,0.18976211547851562
2942,-9.688285827636719
2943,1.5643253326416016
2944,0.2379016876220703
2945,0.10315513610839844
2946,-1.5993156433105469
2947,2.8215770721435547
2948,-9.871407508850098
2949,-1.187479019165039
2950,2.7066116333007812
2951,-0.6537995338439941
2952,-0.7184829711914062
2953,5.735637664794922
2954,-8.731576919555664
2955,-0.8942279815673828
2956,5.405548095703125
2957,1.324659824371338
2958,-0.11820220947265625
2959,6.065889358520508
2960,-8.654876708984375
2961,-0.40921497344970703
2962,5.898990631103516
2963,1.386880874633789
2964,-2.6218833923339844
2965,6.2621307373046875
2966,-11.06770133972168
2967,-2.516878128051758
2968,6.0747528076171875
2969,-0.8264312744140625
2970,4.43964958190918
2971,-5.088750839233398
2972,-5.962583541870117
2973,4.969444274902344
2974,-5.099952697753906
2975,-6.634397506713867
2976,5.040647506713867
2977,-5.063209533691406
2978,-6.6333489418029785
2979,5.104778289794922
2980,-5.027429580688477
2981,-6.635127067565918
2982,4.913799285888672
2983,-5.128631591796875
2984,-5.340216636657715
2985,4.950708389282227
2986,-5.111169815063477
2987,-5.3361921310424805
2988,4.986671447753906
2989,-5.094411849975586
2990,-5.334321022033691
2991,5.327007293701172
2992,-4.662227630615234
2993,-8.634451866149902
2994,5.204248428344727
2995,-4.734613418579102
2996,-2.599238395690918
2997,4.450206756591797
2998,-4.813087463378906
2999,-6.6326584815979
3000,4.368297576904297
3001,-4.841753005981445
3002,-4.908639907836914
3003,4.225757598876953
3004,-3.782106399536133
3005,-11.762144088745117
3006,3.782167434692383
3007,-3.7831802368164062
3008,0.07320070266723633
3009,5.28929328918457
3010,-5.413246154785156
3011,-14.227828979492188
3012,5.157203674316406
3013,-5.381916046142578
3014,1.962738037109375
3015,7.753576278686523
3016,-5.464805603027344
3017,-12.868436813354492
3018,7.387041091918945
3019,-5.405941009521484
3020,0.4181523323059082
3021,8.307079315185547
3022,-5.471399307250977
3023,-13.917142868041992
3024,7.966922760009766
3025,-5.4274444580078125
3026,-0.14302730560302734
3027,8.259124755859375
3028,-5.356657028198242
3029,-13.554494857788086
3030,8.18565559387207
3031,-5.299125671386719
3032,-0.4291696548461914
3033,8.176685333251953
3034,-5.377389907836914
3035,-12.760696411132812
3036,7.915037155151367
3037,-5.336956024169922
3038,0.05778074264526367
3039,1.0930290222167969
3040,-0.6319046020507812
3041,-9.676843643188477
3042,1.0946578979492188
3043,-0.7066268920898438
3044,0.09023714065551758
3045,-1.376297950744629
3046,1.8378143310546875
3047,-11.257822036743164
3048,-0.9508600234985352
3049,1.6544761657714844
3050,2.0520148277282715
3051,-0.9144515991210938
3052,4.823341369628906
3053,-12.41856575012207
3054,-0.4419069290161133
3055,3.737194061279297
3056,5.592319965362549
3057,-0.3822183609008789
3058,5.173229217529297
3059,-12.598926544189453
3060,-0.02965545654296875
3061,4.027278900146484
3062,5.83099889755249
3063,-2.8654890060424805
3064,5.795742034912109
3065,-16.429689407348633
3066,-1.6181411743164062
3067,4.523714065551758
3068,4.17260217666626
3069,5.094980239868164
3070,-5.228857040405273
3071,-4.422418117523193
3072,5.543466567993164
3073,-5.200647354125977
3074,-5.0595879554748535
3075,5.596961975097656
3076,-5.17359733581543
3077,-5.058940887451172
3078,5.64653205871582
3079,-5.1517333984375
3080,-5.062271595001221
3081,5.545509338378906
3082,-5.216609954833984
3083,-3.9445502758026123
3084,5.589473724365234
3085,-5.200517654418945
3086,-3.9423465728759766
3087,5.62969970703125
3088,-5.187997817993164
3089,-3.940541982650757
3090,5.87675666809082
3091,-4.884098052978516
3092,-6.713911056518555
3093,5.816621780395508
3094,-4.926013946533203
3095,-1.6008186340332031
3096,5.0963134765625
3097,-5.007591247558594
3098,-4.91188907623291
3099,5.063074111938477
3100,-5.019365310668945
3101,-3.4558560848236084
3102,4.904880523681641
3103,-4.177156448364258
3104,-9.582230567932129
3105,4.304012298583984
3106,-4.207500457763672
3107,0.5178585052490234
3108,6.268709182739258
3109,-5.111291885375977
3110,-12.150087356567383
3111,5.827375411987305
3112,-5.404375076293945
3113,4.83314847946167
3114,7.965909957885742
3115,-5.1187591552734375
3116,-10.844398498535156
3117,7.511615753173828
3118,-5.300914764404297
3119,6.381308078765869
3120,8.5880126953125
3121,-5.168327331542969
3122,-11.505184173583984
3123,7.898786544799805
3124,-5.40211296081543
3125,6.3365702629089355
3126,8.474964141845703
3127,-5.043615341186523
3128,-10.998442649841309
3129,8.1087646484375
3130,-5.179862976074219
3131,6.094119548797607
3132,8.217418670654297
3133,-5.0267181396484375
3134,-10.632781982421875
3135,7.973148345947266
3136,-5.198650360107422
3137,6.131005764007568
3138,0.9807395935058594
3139,-1.431406021118164
3140,-9.269060134887695
3141,0.8989543914794922
3142,-1.482259750366211
3143,-0.32291460037231445
3144,-1.4177618026733398
3145,0.8740558624267578
3146,-11.219626426696777
3147,-1.1545515060424805
3148,0.7148284912109375
3149,-1.4804959297180176
3150,-0.9078149795532227
3151,3.913196563720703
3152,-11.645965576171875
3153,-0.46744537353515625
3154,3.236103057861328
3155,-0.8578305244445801
3156,-0.3339977264404297
3157,4.193294525146484
3158,-11.644253730773926
3159,-0.03397369384765625
3160,3.5240039825439453
3161,-0.8597996234893799
3162,-2.8085670471191406
3163,4.977697372436523
3164,-14.004886627197266
3165,-1.7284183502197266
3166,4.275424957275391
3167,-2.1999316215515137
3168,6.253902435302734
3169,-5.63984489440918
3170,-4.796980857849121
3171,6.706136703491211
3172,-5.534217834472656
3173,-5.503417491912842
3174,6.743291854858398
3175,-5.496593475341797
3176,-5.503498077392578
3177,6.774145126342773
3178,-5.4636688232421875
3179,-5.506128787994385
3180,6.700971603393555
3181,-5.557367324829102
3182,-4.2188029289245605
3183,6.729776382446289
3184,-5.534370422363281
3185,-4.217814922332764
3186,6.75300407409668
3187,-5.5142974853515625
3188,-4.216990947723389
3189,6.901268005371094
3190,-5.1476898193359375
3191,-7.3133745193481445
3192,6.854970932006836
3193,-5.221885681152344
3194,-1.9340753555297852
3195,6.128692626953125
3196,-5.432178497314453
3197,-5.384063720703125
3198,6.101667404174805
3199,-5.449527740478516
3200,-3.7114338874816895
3201,5.700418472290039
3202,-4.505054473876953
3203,-10.521839141845703
3204,5.063909530639648
3205,-4.62420654296875
3206,0.6274724006652832
3207,7.115716934204102
3208,-5.4819488525390625
3209,-13.132658004760742
3210,6.560214996337891
3211,-5.58489990234375
3212,4.825638294219971
3213,9.013236999511719
3214,-5.364585876464844
3215,-12.156593322753906
3216,8.340248107910156
3217,-5.284198760986328
3218,6.342165470123291
3219,9.52949333190918
3220,-5.244379043579102
3221,-13.157735824584961
3222,8.892019271850586
3223,-5.169879913330078
3224,6.414495944976807
3225,9.582443237304688
3226,-5.228538513183594
3227,-12.82166862487793
3228,9.02090072631836
3229,-5.133371353149414
3230,6.091585636138916
3231,9.153959274291992
3232,-5.212583541870117
3233,-12.050005912780762
3234,8.896570205688477
3235,-5.157966613769531
3236,6.061563014984131
3237,0.8908805847167969
3238,-1.884561538696289
3239,-9.074920654296875
3240,0.7877969741821289
3241,-1.9911842346191406
3242,-0.5132904052734375
3243,-2.0563507080078125
3244,0.10229873657226562
3245,-10.825603485107422
3246,-1.3539533615112305
3247,-0.060443878173828125
3248,-1.2911317348480225
3249,-0.9957246780395508
3250,2.968107223510742
3251,-10.3857421875
3252,-1.1277742385864258
3253,2.5679550170898438
3254,0.1406569480895996
3255,-0.5167999267578125
3256,3.312816619873047
3257,-10.278833389282227
3258,-0.8251466751098633
3259,2.8693389892578125
3260,0.16211509704589844
3261,-1.9266996383666992
3262,3.7421512603759766
3263,-11.974943161010742
3264,-2.176084518432617
3265,3.327960968017578
3266,-1.6251397132873535
3267,7.051616668701172
3268,-5.483562469482422
3269,-5.920752048492432
3270,7.583696365356445
3271,-5.416627883911133
3272,-6.566917419433594
3273,7.611833572387695
3274,-5.384523391723633
3275,-6.566641807556152
3276,7.643426895141602
3277,-5.356716156005859
3278,-6.5704498291015625
3279,7.589683532714844
3280,-5.427837371826172
3281,-5.444807529449463
3282,7.615888595581055
3283,-5.40150260925293
3284,-5.4462666511535645
3285,7.647468566894531
3286,-5.379405975341797
3287,-5.446330547332764
3288,7.623262405395508
3289,-5.058778762817383
3290,-8.216062545776367
3291,7.635915756225586
3292,-5.106882095336914
3293,-3.2105631828308105
3294,6.827962875366211
3295,-5.25916862487793
3296,-6.475484848022461
3297,6.797401428222656
3298,-5.281118392944336
3299,-5.011518955230713
3300,6.239494323730469
3301,-4.367864608764648
3302,-10.599105834960938
3303,5.692987442016602
3304,-4.555219650268555
3305,-0.7601962089538574
3306,6.962663650512695
3307,-5.411466598510742
3308,-10.839498519897461
3309,6.349821090698242
3310,-5.651378631591797
3311,3.5592522621154785
3312,8.901430130004883
3313,-5.376768112182617
3314,-6.43028450012207
3315,8.381040573120117
3316,-5.364265441894531
3317,6.015491008758545
3318,9.334905624389648
3319,-5.170557022094727
3320,-6.707182884216309
3321,8.633752822875977
3322,-5.18242073059082
3323,6.115706920623779
3324,9.247196197509766
3325,-5.033123016357422
3326,-6.802660942077637
3327,8.738517761230469
3328,-5.035482406616211
3329,5.929324626922607
3330,8.967355728149414
3331,-5.05354118347168
3332,-6.3835673332214355
3333,8.593244552612305
3334,-5.096426010131836
3335,5.833384037017822
3336,0.9133157730102539
3337,-2.170825958251953
3338,-8.100045204162598
3339,0.7998781204223633
3340,-2.2988815307617188
3341,-1.486849069595337
3342,-1.1819000244140625
3343,0.06295967102050781
3344,-10.02580451965332
3345,-0.36798858642578125
3346,0.2903404235839844
3347,-2.362276554107666
3348,-1.1667299270629883
3349,2.467958450317383
3350,-10.090241432189941
3351,-1.099543571472168
3352,2.447803497314453
3353,-1.8799247741699219
3354,-0.9921789169311523
3355,2.8412628173828125
3356,-10.083117485046387
3357,-0.7173280715942383
3358,2.786344528198242
3359,-1.8743040561676025
3360,-1.7221899032592773
3361,3.146780014038086
3362,-11.731973648071289
3363,-1.9815778732299805
3364,3.104269027709961
3365,-3.3106820583343506
3366,7.3271636962890625
3367,-5.350502014160156
3368,-5.915698528289795
3369,7.772941589355469
3370,-5.3515625
3371,-6.454573631286621
3372,7.823551177978516
3373,-5.327213287353516
3374,-6.4523749351501465
3375,7.88215446472168
3376,-5.300065994262695
3377,-6.454608917236328
3378,7.763849258422852
3379,-5.367719650268555
3380,-5.37248420715332
3381,7.80470085144043
3382,-5.353658676147461
3383,-5.378373622894287
3384,7.850061416625977
3385,-5.339286804199219
3386,-5.381640434265137
3387,8.078079223632812
3388,-4.991085052490234
3389,-7.907539367675781
3390,8.003992080688477
3391,-5.057865142822266
3392,-2.767355442047119
3393,7.117265701293945
3394,-5.166500091552734
3395,-6.40836238861084
3396,7.083316802978516
3397,-5.1890869140625
3398,-4.97064733505249
3399,7.040422439575195
3400,-4.194730758666992
3401,-10.826263427734375
3402,6.302934646606445
3403,-4.604669570922852
3404,0.2240452766418457
3405,6.810192108154297
3406,-5.5001068115234375
3407,-12.079521179199219
3408,6.633663177490234
3409,-5.671239852905273
3410,3.695563793182373
3411,8.109357833862305
3412,-5.974588394165039
3413,-6.934475898742676
3414,8.368762969970703
3415,-6.2587738037109375
3416,4.865340709686279
3417,8.421916961669922
3418,-5.977071762084961
3419,-7.435748100280762
3420,8.903173446655273
3421,-6.408042907714844
3422,4.556275844573975
3423,8.37281608581543
3424,-5.849817276000977
3425,-7.219277381896973
3426,8.843124389648438
3427,-6.287509918212891
3428,4.812256336212158
3429,8.230012893676758
3430,-5.822856903076172
3431,-6.762553691864014
3432,8.730493545532227
3433,-6.190950393676758
3434,4.648594379425049
3435,1.1861333847045898
3436,-2.5471858978271484
3437,-8.337576866149902
3438,0.9437599182128906
3439,-2.7012710571289062
3440,-1.250925064086914
3441,-3.083531379699707
3442,-2.6855087280273438
3443,-11.733917236328125
3444,-2.7618722915649414
3445,-2.727853775024414
3446,-1.888981819152832
3447,-1.374455451965332
3448,-0.4451885223388672
3449,-7.334275722503662
3450,-1.4368467330932617
3451,-0.5477867126464844
3452,0.3142585754394531
3453,-0.8808917999267578
3454,-0.3728046417236328
3455,-6.776820182800293
3456,-0.713287353515625
3457,-0.5093765258789062
3458,0.5877013206481934
3459,-1.8162860870361328
3460,0.6433067321777344
3461,-6.105807304382324
3462,-1.9392709732055664
3463,0.5460186004638672
3464,1.2673068046569824
3465,7.991779327392578
3466,-5.170616149902344
3467,-4.925492286682129
3468,8.44786262512207
3469,-5.164203643798828
3470,-5.677682399749756
3471,8.491767883300781
3472,-5.139265060424805
3473,-5.67724609375
3474,8.542251586914062
3475,-5.1119537353515625
3476,-5.678828239440918
3477,8.44662857055664
3478,-5.17432975769043
3479,-4.314883708953857
3480,8.483844757080078
3481,-5.156911849975586
3482,-4.317523002624512
3483,8.529094696044922
3484,-5.138526916503906
3485,-4.320167064666748
3486,8.708829879760742
3487,-4.82475471496582
3488,-7.722848892211914
3489,8.674520492553711
3490,-4.868844985961914
3491,-1.6209979057312012
3492,7.7994842529296875
3493,-4.983097076416016
3494,-5.6477789878845215
3495,7.7608642578125
3496,-5.009260177612305
3497,-3.8814144134521484
3498,7.465784072875977
3499,-4.083415985107422
3500,-11.416030883789062
3501,6.992584228515625
3502,-4.329921722412109
3503,2.40665340423584
3504,5.957630157470703
3505,-5.271465301513672
3506,-12.51345443725586
3507,5.916717529296875
3508,-5.385768890380859
3509,4.568856716156006
3510,7.107532501220703
3511,-6.50592041015625
3512,-7.648526668548584
3513,7.029018402099609
3514,-6.459806442260742
3515,2.228950023651123
3516,7.505537033081055
3517,-6.800556182861328
3518,-8.467998504638672
3519,7.425546646118164
3520,-6.742610931396484
3521,2.1231131553649902
3522,7.423261642456055
3523,-6.781759262084961
3524,-8.046643257141113
3525,7.451887130737305
3526,-6.79966926574707
3527,1.2673134803771973
3528,7.291566848754883
3529,-6.608694076538086
3530,-7.362185478210449
3531,7.322046279907227
3532,-6.686220169067383
3533,1.663041591644287
3534,1.5698814392089844
3535,-2.7170886993408203
3536,-9.054742813110352
3537,1.400456428527832
3538,-2.8956737518310547
3539,-0.5331563949584961
3540,-2.8414688110351562
3541,-4.042623519897461
3542,-12.508140563964844
3543,-2.7489309310913086
3544,-3.990938186645508
3545,0.4860539436340332
3546,-1.9949674606323242
3547,-1.6108226776123047
3548,-5.842785358428955
3549,-2.070528030395508
3550,-1.7644710540771484
3551,4.298677921295166
3552,-1.5164155960083008
3553,-1.4326362609863281
3554,-4.954471111297607
3555,-1.830240249633789
3556,-1.5840396881103516
3557,4.6728386878967285
3558,-2.698192596435547
3559,-1.0000648498535156
3560,-3.066695213317871
3561,-3.2574567794799805
3562,-1.3605709075927734
3563,5.502103328704834
3564,8.540836334228516
3565,-5.042560577392578
3566,-5.057785987854004
3567,9.039804458618164
3568,-5.089271545410156
3569,-5.797765731811523
3570,9.077274322509766
3571,-5.038433074951172
3572,-5.799819469451904
3573,9.114410400390625
3574,-4.9864959716796875
3575,-5.802356719970703
3576,9.03634262084961
3577,-5.133937835693359
3578,-4.361963272094727
3579,9.070121765136719
3580,-5.114559173583984
3581,-4.364914417266846
3582,9.105852127075195
3583,-5.089599609375
3584,-4.365610122680664
3585,9.145580291748047
3586,-4.583606719970703
3587,-8.420966148376465
3588,9.139678955078125
3589,-4.712610244750977
3590,-2.171168327331543
3591,8.277055740356445
3592,-4.823909759521484
3593,-5.742306709289551
3594,8.228372573852539
3595,-4.836063385009766
3596,-4.0066938400268555
3597,7.452878952026367
3598,-3.922700881958008
3599,-12.415946960449219
3600,7.450166702270508
3601,-4.099414825439453
3602,2.1234941482543945
3603,5.562398910522461
3604,-5.062238693237305
3605,-14.742639541625977
3606,7.13121223449707
3607,-5.2795867919921875
3608,5.783602237701416
3609,5.090034484863281
3610,-6.7471771240234375
3611,-12.615558624267578
3612,8.069995880126953
3613,-6.003122329711914
3614,5.305945873260498
3615,4.849216461181641
3616,-7.041688919067383
3617,-13.932836532592773
3618,8.589717864990234
3619,-6.135774612426758
3620,5.570194721221924
3621,5.18829345703125
3622,-7.050790786743164
3623,-13.185546875
3624,8.706842422485352
3625,-6.143836975097656
3626,4.743237018585205
3627,5.271800994873047
3628,-6.875200271606445
3629,-12.217964172363281
3630,8.496883392333984
3631,-6.098609924316406
3632,4.8963303565979
3633,1.6916494369506836
3634,-2.863819122314453
3635,-9.308755874633789
3636,1.678823471069336
3637,-2.9850311279296875
3638,-0.27690935134887695
3639,-0.4061098098754883
3640,-5.301502227783203
3641,-11.191245079040527
3642,-0.2713766098022461
3643,-5.109043121337891
3644,1.5124940872192383
3645,-2.7873926162719727
3646,-3.126546859741211
3647,-4.515951156616211
3648,-2.137495994567871
3649,-3.3854026794433594
3650,5.605274677276611
3651,-3.1250762939453125
3652,-2.6828136444091797
3653,-3.6332571506500244
3654,-2.1236085891723633
3655,-2.959146499633789
3656,6.041462421417236
3657,-4.454141616821289
3658,-3.519023895263672
3659,-1.902848720550537
3660,-3.7542715072631836
3661,-3.7235050201416016
3662,6.7452616691589355
3663,8.865787506103516
3664,-4.641277313232422
3665,-3.3533313274383545
3666,9.292669296264648
3667,-4.52299690246582
3668,-4.297163009643555
3669,9.317169189453125
3670,-4.4841461181640625
3671,-4.29878044128418
3672,9.339797973632812
3673,-4.444145202636719
3674,-4.301205158233643
3675,9.27813720703125
3676,-4.529827117919922
3677,-2.867873191833496
3678,9.29226303100586
3679,-4.495893478393555
3680,-2.86708402633667
3681,9.304115295410156
3682,-4.461507797241211
3683,-2.8663461208343506
3684,9.230735778808594
3685,-4.080528259277344
3686,-6.729743003845215
3687,9.215221405029297
3688,-4.139043807983398
3689,-0.36046934127807617
3690,8.56229019165039
3691,-4.499494552612305
3692,-4.142361640930176
3693,8.514108657836914
3694,-4.495197296142578
3695,-2.300929546356201
3696,7.451387405395508
3697,-3.767284393310547
3698,-11.210668563842773
3699,7.195348739624023
3700,-3.838665008544922
3701,4.316903591156006
3702,5.306325912475586
3703,-4.627254486083984
3704,-14.391712188720703
3705,6.698497772216797
3706,-5.048856735229492
3707,6.816373348236084
3708,3.775819778442383
3709,-6.120208740234375
3710,-12.226508140563965
3711,6.321596145629883
3712,-5.869218826293945
3713,5.140857219696045
3714,3.3839759826660156
3715,-6.4070281982421875
3716,-13.38633918762207
3717,6.775697708129883
3718,-6.067878723144531
3719,5.241647243499756
3720,3.628145217895508
3721,-6.440177917480469
3722,-12.649456024169922
3723,6.98945426940918
3724,-6.188037872314453
3725,4.581627368927002
3726,3.711711883544922
3727,-6.345067977905273
3728,-11.82192611694336
3729,6.789789199829102
3730,-6.131978988647461
3731,4.749120235443115
3732,1.8520488739013672
3733,-2.9625930786132812
3734,-9.389795303344727
3735,1.7419233322143555
3736,-3.1053543090820312
3737,-0.19490814208984375
3738,1.6369037628173828
3739,-5.745931625366211
3740,-11.233101844787598
3741,1.4564790725708008
3742,-5.574268341064453
3743,0.400454044342041
3744,-2.6599273681640625
3745,-4.277463912963867
3746,-6.055658340454102
3747,-2.4068212509155273
3748,-4.472471237182617
3749,4.7533745765686035
3750,-2.908055305480957
3751,-3.695005416870117
3752,-5.617454528808594
3753,-2.6549339294433594
3754,-3.84918212890625
3755,4.813140392303467
3756,-4.881243705749512
3757,-4.688087463378906
3758,-5.251253128051758
3759,-4.204390525817871
3760,-4.809770584106445
3761,4.2101664543151855
3762,9.12954330444336
3763,-3.9698333740234375
3764,-4.853399753570557
3765,9.450719833374023
3766,-3.75689697265625
3767,-5.818829536437988
3768,9.454605102539062
3769,-3.7191505432128906
3770,-5.821876525878906
3771,9.455495834350586
3772,-3.6734580993652344
3773,-5.825318336486816
3774,9.44540023803711
3775,-3.755401611328125
3776,-4.285265922546387
3777,9.449689865112305
3778,-3.7202701568603516
3779,-4.2848405838012695
3780,9.453802108764648
3781,-3.6769886016845703
3782,-4.2850494384765625
3783,9.219614028930664
3784,-3.377077102661133
3785,-7.953431606292725
3786,9.241596221923828
3787,-3.3874282836914062
3788,-0.8850071430206299
3789,8.76800537109375
3790,-3.8745079040527344
3791,-5.625854969024658
3792,8.748994827270508
3793,-3.8928184509277344
3794,-3.606740951538086
3795,7.006460189819336
3796,-3.4103660583496094
3797,-12.166973114013672
3798,7.171792984008789
3799,-3.5127830505371094
3800,3.1939759254455566
3801,4.424619674682617
3802,-4.362998962402344
3803,-14.265310287475586
3804,5.652645111083984
3805,-4.574703216552734
3806,4.263915538787842
3807,3.612581253051758
3808,-5.896236419677734
3809,-12.02046012878418
3810,4.281246185302734
3811,-5.701681137084961
3812,0.5393915176391602
3813,3.4036903381347656
3814,-6.164190292358398
3815,-13.256179809570312
3816,4.252399444580078
3817,-5.9095458984375
3818,0.6041097640991211
3819,3.689565658569336
3820,-6.1899261474609375
3821,-12.451885223388672
3822,4.685718536376953
3823,-5.967475891113281
3824,-0.7831563949584961
3825,3.736734390258789
3826,-6.101343154907227
3827,-11.651535034179688
3828,4.687044143676758
3829,-5.907764434814453
3830,-0.1906261444091797
3831,1.8353214263916016
3832,-3.237924575805664
3833,-9.394264221191406
3834,1.7302465438842773
3835,-3.2998085021972656
3836,-0.1897587776184082
3837,3.3980064392089844
3838,-5.868749618530273
3839,-11.120187759399414
3840,3.422039031982422
3841,-5.810768127441406
3842,0.09803152084350586
3843,-1.5082435607910156
3844,-5.935823440551758
3845,-6.27469539642334
3846,-1.4594926834106445
3847,-5.933588027954102
3848,3.650068759918213
3849,-2.3962020874023438
3850,-5.646738052368164
3851,-5.699916839599609
3852,-2.1397886276245117
3853,-5.655385971069336
3854,3.6028780937194824
3855,-1.8222894668579102
3856,-7.0055694580078125
3857,-5.154549598693848
3858,-1.7352981567382812
3859,-6.973670959472656
3860,2.4695091247558594
3861,9.892950057983398
3862,-2.8975906372070312
3863,-6.988204479217529
3864,10.278524398803711
3865,-2.6925125122070312
3866,-7.74979305267334
3867,9.789726257324219
3868,-2.7873172760009766
3869,-7.752802848815918
3870,9.758968353271484
3871,-2.7338314056396484
3872,-7.756479263305664
3873,10.34775161743164
3874,-2.727140426635742
3875,-6.376276969909668
3876,10.348993301391602
3877,-2.7250022888183594
3878,-6.377070903778076
3879,10.339410781860352
3880,-2.7270965576171875
3881,-6.379459857940674
3882,9.374885559082031
3883,-2.4722671508789062
3884,-8.971532821655273
3885,9.443122863769531
3886,-2.663166046142578
3887,-2.690577983856201
3888,9.136430740356445
3889,-3.075166702270508
3890,-7.372462272644043
3891,9.464147567749023
3892,-2.8921432495117188
3893,-5.567678451538086
3894,7.302183151245117
3895,-2.9548206329345703
3896,-12.788418769836426
3897,7.101472854614258
3898,-3.0361995697021484
3899,2.8438467979431152
3900,4.734155654907227
3901,-3.6942005157470703
3902,-14.08854866027832
3903,5.090913772583008
3904,-3.7706756591796875
3905,4.1586480140686035
3906,4.162899017333984
3907,-4.687328338623047
3908,-11.523566246032715
3909,4.372404098510742
3910,-4.419582366943359
3911,0.29751157760620117
3912,3.8252487182617188
3913,-4.935821533203125
3914,-12.5851411819458
3915,4.0607452392578125
3916,-4.544795989990234
3917,0.4495377540588379
3918,4.116376876831055
3919,-4.938407897949219
3920,-12.419156074523926
3921,4.435953140258789
3922,-4.59625244140625
3923,-0.7886009216308594
3924,4.229425430297852
3925,-4.835765838623047
3926,-11.345588684082031
3927,4.579166412353516
3928,-4.566564559936523
3929,-0.34354066848754883
3930,1.7986488342285156
3931,-3.497112274169922
3932,-9.691804885864258
3933,1.6895933151245117
3934,-3.461782455444336
3935,0.10835123062133789
3936,4.802927017211914
3937,-5.678791046142578
3938,-10.712244033813477
3939,4.616893768310547
3940,-5.569309234619141
3941,0.7774801254272461
3942,1.005549430847168
3943,-6.944862365722656
3944,-6.366049289703369
3945,1.1043405532836914
3946,-6.930347442626953
3947,0.9774794578552246
3948,-0.056107521057128906
3949,-7.0189971923828125
3950,-5.88378381729126
3951,0.2125682830810547
3952,-7.005237579345703
3953,0.7183413505554199
3954,1.522395133972168
3955,-8.14478588104248
3956,-5.924559116363525
3957,1.3901357650756836
3958,-8.018263816833496
3959,-0.5166921615600586
3960,9.041763305664062
3961,-2.1742477416992188
3962,-5.149302959442139
3963,9.083511352539062
3964,-1.9571151733398438
3965,-6.156530857086182
3966,8.949697494506836
3967,-1.9577903747558594
3968,-6.155766487121582
3969,8.943305969238281
3970,-1.9572200775146484
3971,-6.154969692230225
3972,9.096508026123047
3973,-1.9487228393554688
3974,-5.104547500610352
3975,9.092924118041992
3976,-1.938089370727539
3977,-5.109501361846924
3978,9.095548629760742
3979,-1.9369239807128906
3980,-5.112311840057373
3981,8.66008186340332
3982,-2.0405921936035156
3983,-8.203790664672852
3984,8.671937942504883
3985,-1.9048519134521484
3986,-2.611084222793579
3987,8.575706481933594
3988,-2.2568283081054688
3989,-5.802606582641602
3990,8.623140335083008
3991,-2.2482357025146484
3992,-4.394269943237305
3993,7.261770248413086
3994,-2.840106964111328
3995,-11.286138534545898
3996,7.003803253173828
3997,-2.52679443359375
3998,1.8528900146484375
3999,6.380800247192383
4000,-3.587240219116211
4001,-10.235660552978516
4002,6.429241180419922
4003,-3.665567398071289
4004,3.354370594024658
4005,5.825288772583008
4006,-3.9908618927001953
4007,-6.021437644958496
4008,6.844141006469727
4009,-4.201128005981445
4010,1.246035099029541
4011,5.490034103393555
4012,-4.055746078491211
4013,-6.503254413604736
4014,6.680734634399414
4015,-4.287504196166992
4016,1.6658968925476074
4017,5.535392761230469
4018,-4.034221649169922
4019,-6.35867166519165
4020,6.912841796875
4021,-4.2525634765625
4022,0.7165751457214355
4023,5.646566390991211
4024,-4.002208709716797
4025,-5.830869197845459
4026,7.000768661499023
4027,-4.257425308227539
4028,0.8090758323669434
4029,1.9133720397949219
4030,-3.7915802001953125
4031,-9.392688751220703
4032,1.7967815399169922
4033,-3.534025192260742
4034,-0.19576168060302734
4035,6.464748382568359
4036,-5.190071105957031
4037,-9.706308364868164
4038,6.26484489440918
4039,-5.016748428344727
4040,0.27024173736572266
4041,3.241220474243164
4042,-6.839870452880859
4043,-6.55764627456665
4044,3.2868099212646484
4045,-6.663326263427734
4046,-0.2330479621887207
4047,2.497833251953125
4048,-7.092504501342773
4049,-6.158990383148193
4050,2.454751968383789
4051,-6.765300750732422
4052,-0.3903164863586426
4053,4.622922897338867
4054,-7.659944534301758
4055,-6.526671409606934
4056,4.405178070068359
4057,-7.537776947021484
4058,-1.343231439590454
4059,8.506040573120117
4060,-0.8964462280273438
4061,-9.44036865234375
4062,8.190649032592773
4063,-0.6660289764404297
4064,-10.24570083618164
4065,8.086952209472656
4066,-0.6764450073242188
4067,-10.244413375854492
4068,8.010566711425781
4069,-0.6892185211181641
4070,-10.244083404541016
4071,8.230031967163086
4072,-0.6574344635009766
4073,-9.150922775268555
4074,8.171514511108398
4075,-0.6590156555175781
4076,-9.155179023742676
4077,8.135221481323242
4078,-0.6655731201171875
4079,-9.154598236083984
4080,7.425861358642578
4081,-0.8004341125488281
4082,-11.801020622253418
4083,7.546003341674805
4084,-0.7760238647460938
4085,-6.800352573394775
4086,8.065692901611328
4087,-1.204507827758789
4088,-9.947749137878418
4089,8.09503173828125
4090,-1.1430416107177734
4091,-8.514137268066406
4092,6.761003494262695
4093,-2.170164108276367
4094,-13.897933959960938
4095,6.8543243408203125
4096,-2.1264076232910156
4097,-2.557344436645508
4098,6.180442810058594
4099,-3.5086727142333984
4100,-11.654985427856445
4101,6.335931777954102
4102,-3.439321517944336
4103,-0.6507687568664551
4104,5.7578125
4105,-4.134393692016602
4106,-7.456816673278809
4107,6.526334762573242
4108,-4.109746932983398
4109,-2.0857458114624023
4110,5.608392715454102
4111,-4.345512390136719
4112,-8.376677513122559
4113,6.520427703857422
4114,-4.2371673583984375
4115,-1.7121293544769287
4116,5.781408309936523
4117,-4.273736953735352
4118,-8.146207809448242
4119,6.895061492919922
4120,-4.182439804077148
4121,-3.0767812728881836
4122,5.825916290283203
4123,-4.188377380371094
4124,-7.288471221923828
4125,6.822490692138672
4126,-4.1647186279296875
4127,-2.656975030899048
4128,1.8198165893554688
4129,-3.488859176635742
4130,-8.963220596313477
4131,2.144256591796875
4132,-3.451570510864258
4133,-0.619720458984375
4134,6.888315200805664
4135,-4.548130035400391
4136,-9.676763534545898
4137,7.044256210327148
4138,-4.409444808959961
4139,-0.11715412139892578
4140,5.411823272705078
4141,-6.707719802856445
4142,-6.413954257965088
4143,5.5013275146484375
4144,-6.65275764465332
4145,0.3513517379760742
4146,4.937835693359375
4147,-6.972648620605469
4148,-6.061607360839844
4149,5.002416610717773
4150,-6.851385116577148
4151,0.2893509864807129
4152,6.604179382324219
4153,-7.076946258544922
4154,-7.236531734466553
4155,6.11988639831543
4156,-7.20530891418457
4157,-1.0791778564453125
4158,4.845129013061523
4159,-4.265867233276367
4160,-8.267404556274414
4161,4.508443832397461
4162,-4.491525650024414
4163,-8.126900672912598
4164,4.469709396362305
4165,-4.495431900024414
4166,-8.124275207519531
4167,4.430585861206055
4168,-4.499813079833984
4169,-8.12249755859375
4170,4.543951034545898
4171,-4.48259162902832
4172,-9.312712669372559
4173,4.534824371337891
4174,-4.480369567871094
4175,-9.309743881225586
4176,4.524402618408203
4177,-4.479925155639648
4178,-9.307136535644531
4179,3.8682518005371094
4180,-4.422842025756836
4181,-6.226983070373535
4182,4.255989074707031
4183,-4.387670516967773
4184,-11.688311576843262
4185,4.588382720947266
4186,-4.094760894775391
4187,-7.330691814422607
4188,4.600923538208008
4189,-4.095380783081055
4190,-8.911741256713867
4191,3.3435516357421875
4192,-3.3756275177001953
4193,-2.3580801486968994
4194,4.278104782104492
4195,-3.2758731842041016
4196,-13.54429817199707
4197,4.8831329345703125
4198,-3.380767822265625
4199,2.5224881172180176
4200,7.418724060058594
4201,-3.2673797607421875
4202,-14.509023666381836
4203,6.363735198974609
4204,-4.068023681640625
4205,2.9452943801879883
4206,9.140531539916992
4207,-4.569675445556641
4208,-11.892909049987793
4209,6.566080093383789
4210,-4.247835159301758
4211,3.1654224395751953
4212,9.682750701904297
4213,-4.810821533203125
4214,-13.17696762084961
4215,6.561756134033203
4216,-4.319679260253906
4217,1.9989447593688965
4218,9.414451599121094
4219,-4.956260681152344
4220,-12.912656784057617
4221,6.586605072021484
4222,-4.231164932250977
4223,2.4276838302612305
4224,9.211374282836914
4225,-4.842657089233398
4226,-11.790969848632812
4227,4.117912292480469
4228,-0.3536968231201172
4229,-1.8290162086486816
4230,4.2179718017578125
4231,0.04491996765136719
4232,-7.756221771240234
4233,5.322370529174805
4234,-3.020936965942383
4235,-0.5395731925964355
4236,4.633848190307617
4237,-1.3376293182373047
4238,-6.627065181732178
4239,8.923057556152344
4240,-4.87445068359375
4241,3.083343029022217
4242,6.264856338500977
4243,-2.997041702270508
4244,1.404383659362793
4245,9.657417297363281
4246,-4.844154357910156
4247,3.347611904144287
4248,6.7640838623046875
4249,-3.1138687133789062
4250,2.1227574348449707
4251,9.303962707519531
4252,-6.16523551940918
4253,1.2479686737060547
4254,5.864179611206055
4255,-3.8449954986572266
4256,0.006053924560546875
4257,1.2354412078857422
4258,-0.014804840087890625
4259,-5.003753662109375
4260,0.8294773101806641
4261,0.045238494873046875
4262,-5.946351051330566
4263,0.7973546981811523
4264,0.027074813842773438
4265,-5.9481987953186035
4266,0.767730712890625
4267,0.009073257446289062
4268,-5.952004909515381
4269,0.8223495483398438
4270,0.05078315734863281
4271,-4.496603488922119
4272,0.7833156585693359
4273,0.03492164611816406
4274,-4.496435642242432
4275,0.746159553527832
4276,0.019289016723632812
4277,-4.498540878295898
4278,0.5510654449462891
4279,-0.273590087890625
4280,-8.32292366027832
4281,0.48892784118652344
4282,-0.25510597229003906
4283,-1.8432283401489258
4284,1.4270715713500977
4285,-0.25321006774902344
4286,-5.757208347320557
4287,1.4369220733642578
4288,-0.24347305297851562
4289,-3.8787155151367188
4290,1.7488269805908203
4291,-1.4299545288085938
4292,-12.192621231079102
4293,1.2951087951660156
4294,-1.471588134765625
4295,3.018470287322998
4296,4.433023452758789
4297,-2.532001495361328
4298,-13.116851806640625
4299,3.717580795288086
4300,-2.239429473876953
4301,5.2513651847839355
4302,6.754966735839844
4303,-1.6947917938232422
4304,-9.33414077758789
4305,5.348228454589844
4306,-1.8087482452392578
4307,3.2434163093566895
4308,7.335054397583008
4309,-1.467020034790039
4310,-10.275927543640137
4311,5.606906890869141
4312,-1.7260494232177734
4313,3.5633740425109863
4314,7.092855453491211
4315,-1.2638378143310547
4316,-9.655427932739258
4317,5.618991851806641
4318,-1.5595989227294922
4319,2.3659815788269043
4320,6.873252868652344
4321,-1.3794784545898438
4322,-8.977336883544922
4323,5.566816329956055
4324,-1.5758705139160156
4325,2.632993221282959
4326,5.396917343139648
4327,-3.7988452911376953
4328,-9.458574295043945
4329,5.161455154418945
4330,-3.7320823669433594
4331,-0.12292289733886719
4332,7.72504997253418
4333,-1.3235092163085938
4334,-8.706448554992676
4335,7.443479537963867
4336,-1.668539047241211
4337,1.6351985931396484
4338,11.966909408569336
4339,-1.8702239990234375
4340,-4.184384822845459
4341,11.338603973388672
4342,-2.119955062866211
4343,2.9481005668640137
4344,12.825006484985352
4345,-2.0467681884765625
4346,-3.645968437194824
4347,11.858427047729492
4348,-2.3983993530273438
4349,3.0236077308654785
4350,13.240930557250977
4351,-0.8499984741210938
4352,-3.7162370681762695
4353,12.459720611572266
4354,-1.351043701171875
4355,2.3295741081237793
4356,0.46315860748291016
4357,-0.19457435607910156
4358,-4.276378154754639
4359,0.011414527893066406
4360,-0.21660232543945312
4361,-5.2117695808410645
4362,-0.01737499237060547
4363,-0.238433837890625
4364,-5.214780330657959
4365,-0.04262542724609375
4366,-0.26056480407714844
4367,-5.220141410827637
4368,0.0128936767578125
4369,-0.22301101684570312
4370,-3.827906370162964
4371,-0.018487930297851562
4372,-0.2508525848388672
4373,-3.8259923458099365
4374,-0.04920196533203125
4375,-0.2787971496582031
4376,-3.8273367881774902
4377,-0.18683433532714844
4378,-0.5666732788085938
4379,-7.415578365325928
4380,-0.1979503631591797
4381,-0.5730819702148438
4382,-1.1857407093048096
4383,0.6799554824829102
4384,-0.4148426055908203
4385,-4.920835018157959
4386,0.6963872909545898
4387,-0.4211006164550781
4388,-3.1130337715148926
4389,1.5010929107666016
4390,-1.4269466400146484
4391,-11.211539268493652
4392,1.2507753372192383
4393,-1.6160850524902344
4394,3.7596383094787598
4395,4.465053558349609
4396,-2.168020248413086
4397,-12.195137023925781
4398,4.112520217895508
4399,-2.2405643463134766
4400,5.465388774871826
4401,6.629386901855469
4402,-0.98175048828125
4403,-9.421247482299805
4404,5.488262176513672
4405,-1.552053451538086
4406,3.2331490516662598
4407,7.040597915649414
4408,-0.6469841003417969
4409,-10.449878692626953
4410,5.671262741088867
4411,-1.4429073333740234
4412,3.563323497772217
4413,6.70857048034668
4414,-0.5038318634033203
4415,-9.64381217956543
4416,5.6468505859375
4417,-1.2396965026855469
4418,2.379373550415039
4419,6.538888931274414
4420,-0.6216621398925781
4421,-8.990266799926758
4422,5.602598190307617
4423,-1.241262435913086
4424,2.632160186767578
4425,5.49244499206543
4426,-3.4234676361083984
4427,-9.460708618164062
4428,5.44427490234375
4429,-3.639932632446289
4430,-0.1195211410522461
4431,7.708642959594727
4432,-0.8801078796386719
4433,-8.09730339050293
4434,7.84222412109375
4435,-1.326120376586914
4436,1.686579704284668
4437,11.951606750488281
4438,0.036602020263671875
4439,-3.870290756225586
4440,11.317926406860352
4441,-0.5814762115478516
4442,4.816397190093994
4443,12.539392471313477
4444,-0.20919418334960938
4445,-3.3688759803771973
4446,11.858245849609375
4447,-0.6637115478515625
4448,5.095810413360596
4449,12.149694442749023
4450,0.9515476226806641
4451,-3.786067008972168
4452,11.658767700195312
4453,0.2884559631347656
4454,4.36867094039917
4455,-0.14493751525878906
4456,-0.4353675842285156
4457,-4.868618011474609
4458,-0.5539493560791016
4459,-0.5647563934326172
4460,-5.671531677246094
4461,-0.5717849731445312
4462,-0.5887527465820312
4463,-5.675537109375
4464,-0.5850124359130859
4465,-0.6115970611572266
4466,-5.680326461791992
4467,-0.46391963958740234
4468,-0.5252685546875
4469,-4.388315200805664
4470,-0.5726194381713867
4471,-0.6041069030761719
4472,-4.386600017547607
4473,-0.5886411666870117
4474,-0.6331596374511719
4475,-4.388399600982666
4476,-0.6380910873413086
4477,-0.8866500854492188
4478,-7.434521675109863
4479,-0.6470460891723633
4480,-0.9179840087890625
4481,-1.7881877422332764
4482,0.22126102447509766
4483,-0.6520214080810547
4484,-5.3839945793151855
4485,0.28174781799316406
4486,-0.6246871948242188
4487,-3.717259645462036
4488,1.37664794921875
4489,-1.4373798370361328
4490,-11.42066478729248
4491,1.3588590621948242
4492,-1.612417221069336
4493,2.890547752380371
4494,4.534032821655273
4495,-1.7902965545654297
4496,-12.285593032836914
4497,4.416908264160156
4498,-1.8260498046875
4499,4.495718479156494
4500,6.019006729125977
4501,-0.28461265563964844
4502,-10.942028045654297
4503,5.340974807739258
4504,-0.8358955383300781
4505,1.3477864265441895
4506,6.256996154785156
4507,0.1388988494873047
4508,-12.000114440917969
4509,5.389110565185547
4510,-0.6682929992675781
4511,1.6766161918640137
4512,5.706476211547852
4513,0.21505355834960938
4514,-11.05496597290039
4515,5.242969512939453
4516,-0.4381999969482422
4517,0.45355653762817383
4518,5.684047698974609
4519,0.08849906921386719
4520,-10.479536056518555
4521,5.230411529541016
4522,-0.46295738220214844
4523,0.7409114837646484
4524,5.92042350769043
4525,-2.8838729858398438
4526,-9.241010665893555
4527,6.19639778137207
4528,-3.065023422241211
4529,-0.3301553726196289
4530,7.972827911376953
4531,-0.5121002197265625
4532,-7.618258476257324
4533,7.794435501098633
4534,-1.0433197021484375
4535,1.2956371307373047
4536,9.110404968261719
4537,1.1888561248779297
4538,-3.1879992485046387
4539,8.694150924682617
4540,0.7655582427978516
4541,4.402657985687256
4542,9.437664031982422
4543,1.3337783813476562
4544,-2.686945676803589
4545,9.134172439575195
4546,0.9812793731689453
4547,4.6906657218933105
4548,8.073484420776367
4549,2.0032119750976562
4550,-3.3715550899505615
4551,7.556163787841797
4552,1.516824722290039
4553,4.056189060211182
4554,-0.7328128814697266
4555,-0.7998676300048828
4556,-1.8645005226135254
4557,-1.0938425064086914
4558,-0.9653072357177734
4559,-2.8701887130737305
4560,-1.0875139236450195
4561,-0.9732646942138672
4562,-2.8716230392456055
4563,-1.0947961807250977
4564,-0.9708995819091797
4565,-2.8747639656066895
4566,-1.1071529388427734
4567,-1.0062885284423828
4568,-1.7981946468353271
4569,-1.1281023025512695
4570,-1.0480155944824219
4571,-1.797698974609375
4572,-1.1228151321411133
4573,-1.0762767791748047
4574,-1.8011808395385742
4575,-1.003519058227539
4576,-1.1792659759521484
4577,-5.738556861877441
4578,-1.0114517211914062
4579,-1.3159427642822266
4580,-0.942965030670166
4581,-0.4027833938598633
4582,-0.8875675201416016
4583,-2.7398953437805176
4584,-0.4154806137084961
4585,-0.9247016906738281
4586,-1.3505048751831055
4587,1.2810039520263672
4588,-1.2759628295898438
4589,-8.607324600219727
4590,1.357975959777832
4591,-1.6943531036376953
4592,2.55499267578125
4593,4.597206115722656
4594,-1.2861042022705078
4595,-7.303367614746094
4596,4.324918746948242
4597,-1.7144737243652344
4598,4.613932132720947
4599,4.336055755615234
4600,-0.2740478515625
4601,-2.892516613006592
4602,4.149641036987305
4603,-0.7552719116210938
4604,3.883452892303467
4605,4.278831481933594
4606,0.025030136108398438
4607,-3.162665605545044
4608,4.139001846313477
4609,-0.6025905609130859
4610,4.764979839324951
4611,4.032049179077148
4612,0.16941070556640625
4613,-2.4165823459625244
4614,3.942190170288086
4615,-0.42885398864746094
4616,4.049152851104736
4617,4.170574188232422
4618,0.09969711303710938
4619,-2.4521937370300293
4620,3.9135208129882812
4621,-0.4413604736328125
4622,3.6458983421325684
4623,6.1949920654296875
4624,-2.370555877685547
4625,-8.773002624511719
4626,6.132575988769531
4627,-2.6436214447021484
4628,-0.7977204322814941
4629,8.09217643737793
4630,0.7421398162841797
4631,-8.402410507202148
4632,7.810262680053711
4633,-0.06017303466796875
4634,0.042066097259521484
4635,9.621484756469727
4636,2.8314037322998047
4637,-7.557590007781982
4638,9.077144622802734
4639,2.1099300384521484
4640,0.9792904853820801
4641,10.104660034179688
4642,3.023937225341797
4643,-7.405737400054932
4644,9.533611297607422
4645,2.2751903533935547
4646,1.0466985702514648
4647,8.817625045776367
4648,3.757570266723633
4649,-9.429536819458008
4650,8.292089462280273
4651,2.8852787017822266
4652,-0.4234156608581543
4653,-0.7357749938964844
4654,-0.9110774993896484
4655,-7.9299163818359375
4656,-0.9744577407836914
4657,-1.1377639770507812
4658,-8.906782150268555
4659,-0.962306022644043
4660,-1.161224365234375
4661,-8.907854080200195
4662,-0.9534997940063477
4663,-1.1782608032226562
4664,-8.910032272338867
4665,-1.0019207000732422
4666,-1.1511993408203125
4667,-7.640213966369629
4668,-1.0116519927978516
4669,-1.1837730407714844
4670,-7.6428937911987305
4671,-1.0153255462646484
4672,-1.209463119506836
4673,-7.643268585205078
4674,-0.7513599395751953
4675,-1.4409561157226562
4676,-11.662363052368164
4677,-0.7904911041259766
4678,-1.4992256164550781
4679,-5.975290775299072
4680,-0.34209728240966797
4681,-0.9751529693603516
4682,-8.777474403381348
4683,-0.37995243072509766
4684,-0.9913043975830078
4685,-7.132140636444092
4686,1.8157520294189453
4687,-1.2896652221679688
4688,-13.460933685302734
4689,1.3681163787841797
4690,-1.8589439392089844
4691,-1.9386043548583984
4692,5.020296096801758
4693,-0.6717700958251953
4694,-13.428802490234375
4695,3.666851043701172
4696,-1.6913433074951172
4697,4.096890926361084
4698,4.058506011962891
4699,0.6229305267333984
4700,-10.97365951538086
4701,2.846414566040039
4702,-0.5448417663574219
4703,7.827987194061279
4704,3.8950462341308594
4705,0.9830284118652344
4706,-12.179679870605469
4707,2.493040084838867
4708,-0.3538074493408203
4709,8.995004653930664
4710,3.413837432861328
4711,0.8771705627441406
4712,-11.687044143676758
4713,2.343029022216797
4714,-0.18610191345214844
4715,7.8372979164123535
4716,3.4463348388671875
4717,0.7703094482421875
4718,-10.747148513793945
4719,2.519683837890625
4720,-0.20262527465820312
4721,7.50586462020874
4722,6.800132751464844
4723,-2.3634490966796875
4724,-8.53348159790039
4725,6.074028015136719
4726,-2.7045135498046875
4727,-1.0365772247314453
4728,8.207622528076172
4729,0.3257637023925781
4730,-8.38045883178711
4731,6.110935211181641
4732,-1.00311279296875
4733,2.164107322692871
4734,9.335100173950195
4735,2.379030227661133
4736,-7.455843925476074
4737,6.915155410766602
4738,0.4834613800048828
4739,5.193370342254639
4740,9.706106185913086
4741,2.6391353607177734
4742,-7.264141082763672
4743,7.317453384399414
4744,1.8868064880371094
4745,5.571166515350342
4746,8.571088790893555
4747,3.046772003173828
4748,-8.90646743774414
4749,6.09968376159668
4750,0.04203987121582031
4751,5.046194553375244
4752,-0.5725202560424805
4753,-1.1321582794189453
4754,-14.010953903198242
4755,-0.7077808380126953
4756,-1.4128799438476562
4757,-14.56114387512207
4758,-0.842432975769043
4759,-1.4434452056884766
4760,-14.56121826171875
4761,-0.7781610488891602
4762,-1.4696674346923828
4763,-14.564050674438477
4764,-0.6890478134155273
4765,-1.3741531372070312
4766,-13.666357040405273
4767,-0.7130146026611328
4768,-1.3811759948730469
4769,-13.669351577758789
4770,-0.7307825088500977
4771,-1.386932373046875
4772,-13.668153762817383
4773,0.2215280532836914
4774,-1.581298828125
4775,-15.315858840942383
4776,-0.18270301818847656
4777,-1.5186767578125
4778,-11.277687072753906
4779,-0.12895870208740234
4780,-1.0637702941894531
4781,-14.139122009277344
4782,-0.2983541488647461
4783,-1.0251140594482422
4784,-12.982757568359375
4785,2.652263641357422
4786,-1.1426811218261719
4787,-16.009538650512695
4788,1.6671648025512695
4789,-1.3448333740234375
4790,-6.587730407714844
4791,5.31602668762207
4792,0.1681365966796875
4793,-15.325977325439453
4794,3.685525894165039
4795,-0.5220813751220703
4796,-3.711901903152466
4797,3.255603790283203
4798,1.068450927734375
4799,-12.69367790222168
4800,2.7635040283203125
4801,0.5204849243164062
4802,-3.6691339015960693
4803,3.0129222869873047
4804,1.3636283874511719
4805,-13.876041412353516
4806,2.392923355102539
4807,0.6629447937011719
4808,-3.3415422439575195
4809,2.6513233184814453
4810,1.236846923828125
4811,-13.414417266845703
4812,2.3245677947998047
4813,1.0250663757324219
4814,-4.694198131561279
4815,2.6992130279541016
4816,1.1591777801513672
4817,-12.506951332092285
4818,2.397188186645508
4819,0.8561000823974609
4820,-4.21062707901001
4821,6.683315277099609
4822,-1.8247261047363281
4823,-7.818700313568115
4824,5.978370666503906
4825,-1.8543148040771484
4826,-1.7544596195220947
4827,6.682613372802734
4828,-0.24116897583007812
4829,-7.7802348136901855
4830,5.771306991577148
4831,-0.5627689361572266
4832,0.018851757049560547
4833,4.755064010620117
4834,0.2654685974121094
4835,-2.96913480758667
4836,5.068119049072266
4837,1.2646503448486328
4838,3.479231357574463
4839,4.695457458496094
4840,0.5166397094726562
4841,-2.4607465267181396
4842,5.269502639770508
4843,1.5816287994384766
4844,3.9825005531311035
4845,3.163911819458008
4846,0.08599281311035156
4847,-4.065857887268066
4848,3.672903060913086
4849,1.6652641296386719
4850,2.806997776031494
4851,-0.1579151153564453
4852,-1.3115196228027344
4853,-12.98170280456543
4854,0.27790164947509766
4855,-1.5851154327392578
4856,-13.352582931518555
4857,0.3175535202026367
4858,-1.5951614379882812
4859,-13.354297637939453
4860,0.4211435317993164
4861,-1.570058822631836
4862,-13.358583450317383
4863,0.22551918029785156
4864,-1.584625244140625
4865,-12.809104919433594
4866,0.2581787109375
4867,-1.5965843200683594
4868,-12.812007904052734
4869,0.2918968200683594
4870,-1.6066207885742188
4871,-12.810279846191406
4872,1.1378955841064453
4873,-1.5704193115234375
4874,-13.552314758300781
4875,0.88116455078125
4876,-1.5993614196777344
4877,-11.111061096191406
4878,0.17982864379882812
4879,-1.1196479797363281
4880,-12.917627334594727
4881,-0.03396320343017578
4882,-1.1391372680664062
4883,-12.219234466552734
4884,3.1509857177734375
4885,-0.6503410339355469
4886,-14.104061126708984
4887,2.2755661010742188
4888,-1.3423500061035156
4889,-7.309063911437988
4890,5.293889999389648
4891,0.7734355926513672
4892,-12.231550216674805
4893,3.778379440307617
4894,-0.3093376159667969
4895,-5.380692481994629
4896,3.229581832885742
4897,1.3535270690917969
4898,-11.113998413085938
4899,2.8133678436279297
4900,0.4562835693359375
4901,-5.643425941467285
4902,2.8115615844726562
4903,1.5462608337402344
4904,-12.900350570678711
4905,2.427928924560547
4906,0.4880809783935547
4907,-5.709197998046875
4908,2.5190601348876953
4909,1.4234867095947266
4910,-11.460323333740234
4911,2.308622360229492
4912,0.6678867340087891
4913,-6.860694885253906
4914,2.6118030548095703
4915,1.3401851654052734
4916,-11.563375473022461
4917,2.451547622680664
4918,0.6945343017578125
4919,-6.100286960601807
4920,7.223993301391602
4921,-1.1839637756347656
4922,-7.012067794799805
4923,6.116739273071289
4924,-1.5975513458251953
4925,-2.5617315769195557
4926,7.002634048461914
4927,0.12061500549316406
4928,-5.122330188751221
4929,4.736339569091797
4930,-0.7358646392822266
4931,2.318631172180176
4932,6.885431289672852
4933,0.5088920593261719
4934,1.9156451225280762
4935,5.697177886962891
4936,-0.09139823913574219
4937,7.752024173736572
4938,7.057403564453125
4939,0.6007423400878906
4940,2.712672710418701
4941,5.947994232177734
4942,-0.024677276611328125
4943,8.42263412475586
4944,5.755699157714844
4945,0.2694816589355469
4946,3.0019755363464355
4947,5.39979362487793
4948,-0.1380786895751953
4949,8.90338134765625
4950,0.590235710144043
4951,-1.462331771850586
4952,-12.890527725219727
4953,1.028482437133789
4954,-1.6763553619384766
4955,-13.33858871459961
4956,1.0790596008300781
4957,-1.6773643493652344
4958,-13.337953567504883
4959,1.139373779296875
4960,-1.6676883697509766
4961,-13.33968734741211
4962,1.0141668319702148
4963,-1.7054729461669922
4964,-12.827373504638672
4965,1.0651683807373047
4966,-1.7116222381591797
4967,-12.830196380615234
4968,1.1139640808105469
4969,-1.7154884338378906
4970,-12.827978134155273
4971,1.7465934753417969
4972,-1.5704975128173828
4973,-13.826786041259766
4974,1.601334571838379
4975,-1.6253643035888672
4976,-11.538585662841797
4977,0.7197418212890625
4978,-1.2903270721435547
4979,-12.923913955688477
4980,0.5418367385864258
4981,-1.2878742218017578
4982,-12.2578125
4983,3.243009567260742
4984,-0.5149211883544922
4985,-14.268745422363281
4986,2.90765380859375
4987,-1.1387596130371094
4988,-7.861587047576904
4989,4.702177047729492
4990,0.9710636138916016
4991,-12.57305908203125
4992,3.827787399291992
4993,-0.03660011291503906
4994,-4.736310005187988
4995,2.8535022735595703
4996,1.5640716552734375
4997,-11.604167938232422
4998,2.622791290283203
4999,0.5522098541259766
5000,-3.3311078548431396
5001,2.456787109375
5002,1.674896240234375
5003,-12.908857345581055
5004,2.219989776611328
5005,0.4905815124511719
5006,-2.9689085483551025
5007,2.2428531646728516
5008,1.549417495727539
5009,-12.764724731445312
5010,2.049623489379883
5011,0.6768703460693359
5012,-4.092039585113525
5013,2.3605194091796875
5014,1.5004997253417969
5015,-11.676355361938477
5016,2.1734275817871094
5017,0.7595710754394531
5018,-3.717067241668701
5019,7.262920379638672
5020,-0.79901123046875
5021,-6.955015182495117
5022,6.529273986816406
5023,-1.1174335479736328
5024,-2.6193721294403076
5025,7.094850540161133
5026,0.4300537109375
5027,-5.9374613761901855
5028,5.573209762573242
5029,-0.1386737823486328
5030,0.7910175323486328
5031,6.469755172729492
5032,0.6028594970703125
5033,0.6151843070983887
5034,6.013612747192383
5035,0.9008026123046875
5036,6.443453311920166
5037,6.555021286010742
5038,0.6409530639648438
5039,1.376180648803711
5040,6.195436477661133
5041,1.0211753845214844
5042,7.124502658843994
5043,5.335702896118164
5044,0.4947013854980469
5045,1.6333904266357422
5046,5.352867126464844
5047,1.2092056274414062
5048,7.39346170425415
5049,1.4917945861816406
5050,-0.9973659515380859
5051,-5.1975908279418945
5052,1.4760608673095703
5053,-1.2368240356445312
5054,-6.01002836227417
5055,1.5214366912841797
5056,-1.2601165771484375
5057,-6.012699604034424
5058,1.5673027038574219
5059,-1.284841537475586
5060,-6.016498565673828
5061,1.4550971984863281
5062,-1.2313156127929688
5063,-4.780735969543457
5064,1.4863405227661133
5065,-1.2503604888916016
5066,-4.781736373901367
5067,1.520456314086914
5068,-1.2735633850097656
5069,-4.785731315612793
5070,2.0681915283203125
5071,-1.4358386993408203
5072,-8.287483215332031
5073,2.0259971618652344
5074,-1.446695327758789
5075,-2.879909038543701
5076,1.9319219589233398
5077,-0.9314746856689453
5078,-5.929837226867676
5079,1.90478515625
5080,-0.9244709014892578
5081,-4.348348617553711
5082,3.8840999603271484
5083,-0.7895565032958984
5084,-10.813308715820312
5085,4.358066558837891
5086,-0.8882675170898438
5087,0.7021737098693848
5088,5.703975677490234
5089,1.1479549407958984
5090,-11.2107572555542
5091,5.71769905090332
5092,0.9999904632568359
5093,2.2968759536743164
5094,3.142019271850586
5095,2.1085033416748047
5096,-9.27971076965332
5097,3.6212692260742188
5098,1.861795425415039
5099,0.0956573486328125
5100,2.619626998901367
5101,2.3566226959228516
5102,-10.27685546875
5103,3.1843700408935547
5104,2.103435516357422
5105,0.1890273094177246
5106,2.3695831298828125
5107,2.111513137817383
5108,-9.539450645446777
5109,2.9195632934570312
5110,1.9278030395507812
5111,-1.0970432758331299
5112,2.5431137084960938
5113,2.0428619384765625
5114,-8.914665222167969
5115,3.0152111053466797
5116,1.8828010559082031
5117,-0.5067610740661621
5118,8.19624137878418
5119,1.7362518310546875
5120,-8.210068702697754
5121,8.40567398071289
5122,1.5521278381347656
5123,-1.3693175315856934
5124,6.21241569519043
5125,4.619045257568359
5126,-9.908306121826172
5127,7.20758056640625
5128,4.001895904541016
5129,0.1535043716430664
5130,9.438665390014648
5131,6.13932991027832
5132,-3.692716121673584
5133,9.838579177856445
5134,5.697479248046875
5135,2.4893484115600586
5136,9.945932388305664
5137,5.981653213500977
5138,-2.895754098892212
5139,10.285057067871094
5140,5.988426208496094
5141,2.705763339996338
5142,9.36134147644043
5143,6.721578598022461
5144,-1.2190639972686768
5145,9.753206253051758
5146,6.405473709106445
5147,2.4473719596862793
5148,1.3148059844970703
5149,-1.1464920043945312
5150,-5.296809196472168
5151,1.2842540740966797
5152,-1.4104633331298828
5153,-6.100108623504639
5154,1.3230390548706055
5155,-1.4349346160888672
5156,-6.103063583374023
5157,1.3636388778686523
5158,-1.458028793334961
5159,-6.10665225982666
5160,1.2763919830322266
5161,-1.4051780700683594
5162,-4.918118953704834
5163,1.3101396560668945
5164,-1.4283790588378906
5165,-4.918604850769043
5166,1.348175048828125
5167,-1.4538078308105469
5168,-4.922765731811523
5169,1.8635845184326172
5170,-1.5796356201171875
5171,-8.286275863647461
5172,1.8440923690795898
5173,-1.5934810638427734
5174,-3.0528082847595215
5175,1.7568273544311523
5176,-1.0684490203857422
5177,-5.976465225219727
5178,1.7391176223754883
5179,-1.0526103973388672
5180,-4.455565452575684
5181,3.821226119995117
5182,-0.9106502532958984
5183,-10.804049491882324
5184,4.21214485168457
5185,-0.9857425689697266
5186,0.6510295867919922
5187,5.724403381347656
5188,0.9965686798095703
5189,-11.160404205322266
5190,5.714990615844727
5191,0.8814125061035156
5192,2.199054718017578
5193,3.371440887451172
5194,2.017332077026367
5195,-9.261348724365234
5196,3.623697280883789
5197,1.7697124481201172
5198,0.061791419982910156
5199,2.869091033935547
5200,2.265779495239258
5201,-10.162464141845703
5202,3.1829051971435547
5203,1.9885330200195312
5204,0.09912490844726562
5205,2.6156463623046875
5206,2.0546646118164062
5207,-9.471047401428223
5208,2.9196300506591797
5209,1.834268569946289
5210,-1.0863850116729736
5211,2.747282028198242
5212,1.9704933166503906
5213,-8.895729064941406
5214,3.0287837982177734
5215,1.82330322265625
5216,-0.508690357208252
5217,8.165708541870117
5218,1.6396484375
5219,-8.197490692138672
5220,8.255792617797852
5221,1.4820995330810547
5222,-1.3813002109527588
5223,6.209938049316406
5224,4.434822082519531
5225,-8.697458267211914
5226,6.645755767822266
5227,3.950540542602539
5228,-0.5175409317016602
5229,9.55699348449707
5230,6.072200775146484
5231,-4.068304538726807
5232,9.797721862792969
5233,5.435914993286133
5234,2.383542060852051
5235,10.226539611816406
5236,5.976369857788086
5237,-3.5053465366363525
5238,10.25621223449707
5239,5.728445053100586
5240,2.637385368347168
5241,9.654718399047852
5242,6.667882919311523
5243,-2.4592676162719727
5244,9.759021759033203
5245,6.237831115722656
5246,2.548041820526123
5247,0.9544000625610352
5248,-1.4571151733398438
5249,-4.998383522033691
5250,0.9312934875488281
5251,-1.7506103515625
5252,-5.786184310913086
5253,0.966609001159668
5254,-1.7757625579833984
5255,-5.7892022132873535
5256,1.003103256225586
5257,-1.7999286651611328
5258,-5.79245138168335
5259,0.9372119903564453
5260,-1.749908447265625
5261,-4.546947002410889
5262,0.9782962799072266
5263,-1.7753982543945312
5264,-4.546365261077881
5265,1.0224885940551758
5266,-1.8028583526611328
5267,-4.549455642700195
5268,1.5129451751708984
5269,-1.8944034576416016
5270,-7.757555961608887
5271,1.5355310440063477
5272,-1.911346435546875
5273,-2.3445117473602295
5274,1.4079198837280273
5275,-1.3670482635498047
5276,-5.636635780334473
5277,1.4084815979003906
5278,-1.361368179321289
5279,-4.060874938964844
5280,3.360746383666992
5281,-1.1970596313476562
5282,-10.807038307189941
5283,3.9500465393066406
5284,-1.2360725402832031
5285,1.621100902557373
5286,5.509418487548828
5287,0.5006752014160156
5288,-11.818731307983398
5289,5.60687255859375
5290,0.5265922546386719
5291,2.5451464653015137
5292,3.638673782348633
5293,1.8415489196777344
5294,-10.319025039672852
5295,4.671413421630859
5296,1.7464885711669922
5297,0.00039196014404296875
5298,3.227224349975586
5299,2.190631866455078
5300,-11.46948528289795
5301,4.521266937255859
5302,1.9576492309570312
5303,-0.006529331207275391
5304,2.9551944732666016
5305,2.0536155700683594
5306,-10.683276176452637
5307,4.217853546142578
5308,1.8623695373535156
5309,-1.2468934059143066
5310,3.003629684448242
5311,1.9644241333007812
5312,-9.928117752075195
5313,4.274499893188477
5314,1.8299541473388672
5315,-0.603003978729248
5316,7.840492248535156
5317,1.335886001586914
5318,-8.297245979309082
5319,7.912178039550781
5320,1.2673530578613281
5321,-1.2828330993652344
5322,6.158233642578125
5323,4.170866012573242
5324,-8.989633560180664
5325,6.390481948852539
5326,3.7709999084472656
5327,-1.0502240657806396
5328,9.555139541625977
5329,6.016986846923828
5330,-5.458616733551025
5331,9.733123779296875
5332,5.471870422363281
5333,0.9534597396850586
5334,10.21682357788086
5335,5.9261932373046875
5336,-4.969349384307861
5337,10.274694442749023
5338,5.676048278808594
5339,1.0681524276733398
5340,9.670417785644531
5341,6.666467666625977
5342,-4.397871971130371
5343,9.754022598266602
5344,6.291950225830078
5345,0.2298283576965332
