,0
0,-1.1721735000610352
1,-4.10367488861084
2,-4.9424262046813965
3,-0.7659082412719727
4,-4.251570701599121
5,-5.746783256530762
6,-0.6873464584350586
7,-4.247833251953125
8,-5.7472968101501465
9,-0.6077804565429688
10,-4.244441032409668
11,-5.7460808753967285
12,-0.7935218811035156
13,-4.250798225402832
14,-4.297113418579102
15,-0.7419195175170898
16,-4.243416786193848
17,-4.295454978942871
18,-0.6897554397583008
19,-4.236125946044922
20,-4.298103332519531
21,-0.05887317657470703
22,-4.123029708862305
23,-7.541648864746094
24,-0.13887596130371094
25,-4.12373161315918
26,-1.0843329429626465
27,-1.0418329238891602
28,-3.9198074340820312
29,-5.447580814361572
30,-1.061563491821289
31,-3.9240856170654297
32,-3.580954074859619
33,0.060843467712402344
34,-3.3170852661132812
35,-12.958259582519531
36,-0.036805152893066406
37,-2.994381904602051
38,3.365424633026123
39,-1.6829414367675781
40,-4.719308853149414
41,-19.817895889282227
42,-0.8344488143920898
43,-1.595489501953125
44,6.409586429595947
45,-2.569265365600586
46,-6.033356666564941
47,-20.95301055908203
48,-1.8557100296020508
49,-0.3164501190185547
50,4.085279941558838
51,-2.891913414001465
52,-6.382390022277832
53,-22.79464340209961
54,-2.0352773666381836
55,0.002552032470703125
56,4.474685192108154
57,-2.686624526977539
58,-6.349233627319336
59,-21.99712371826172
60,-2.0850963592529297
61,0.0514373779296875
62,2.4935145378112793
63,-2.5721397399902344
64,-6.261557579040527
65,-20.775846481323242
66,-1.958409309387207
67,-0.08414077758789062
68,3.155989170074463
69,-0.010270118713378906
70,-0.04582977294921875
71,-10.42510986328125
72,0.0
73,0.0
74,0.0
75,-0.14958858489990234
76,2.658864974975586
77,-9.773399353027344
78,-0.18344593048095703
79,2.6084461212158203
80,0.8109745979309082
81,0.5378217697143555
82,5.1898345947265625
83,-8.500086784362793
84,0.30614185333251953
85,4.847360610961914
86,3.8350768089294434
87,1.1382722854614258
88,5.62999153137207
89,-8.60474967956543
90,0.8560943603515625
91,5.264535903930664
92,3.9240870475769043
93,-1.7045745849609375
94,5.760734558105469
95,-13.550764083862305
96,-1.7284765243530273
97,5.392732620239258
98,0.42177248001098633
99,-1.343043327331543
100,-3.977728843688965
101,-5.871997833251953
102,-0.9779825210571289
103,-4.157483100891113
104,-6.660717487335205
105,-0.9044132232666016
106,-4.156245231628418
107,-6.6627583503723145
108,-0.8329801559448242
109,-4.153433799743652
110,-6.664731025695801
111,-0.971649169921875
112,-4.161738395690918
113,-5.062230110168457
114,-0.8953523635864258
115,-4.1624298095703125
116,-5.062835693359375
117,-0.8216676712036133
118,-4.162425994873047
119,-5.065932273864746
120,-0.25788211822509766
121,-4.008702278137207
122,-9.176512718200684
123,-0.3192720413208008
124,-4.014584541320801
125,-2.009996175765991
126,-1.1474742889404297
127,-3.8189592361450195
128,-6.6971821784973145
129,-1.1555652618408203
130,-3.812222480773926
131,-4.623701095581055
132,0.09559345245361328
133,-3.2291088104248047
134,-14.031570434570312
135,-0.11081314086914062
136,-3.0299758911132812
137,1.9876713752746582
138,-1.787917137145996
139,-4.654573440551758
140,-19.830310821533203
141,-1.5288820266723633
142,-4.279558181762695
143,5.229664325714111
144,-2.772830009460449
145,-6.130100250244141
146,-20.3812313079834
147,-2.4657516479492188
148,-5.777858734130859
149,1.0905423164367676
150,-3.2051429748535156
151,-6.617683410644531
152,-22.044340133666992
153,-2.585371971130371
154,-5.848232269287109
155,0.8707990646362305
156,-3.134110450744629
157,-6.575971603393555
158,-21.1876277923584
159,-2.5763473510742188
160,-5.941667556762695
161,-0.5825009346008301
162,-3.0479488372802734
163,-6.474884033203125
164,-20.055164337158203
165,-2.624781608581543
166,-5.859551429748535
167,0.22951984405517578
168,0.02055072784423828
169,-0.10603141784667969
170,-10.607829093933105
171,-0.3711585998535156
172,-0.09329605102539062
173,0.1845703125
174,0.05366039276123047
175,2.6373252868652344
176,-10.489213943481445
177,-0.4992237091064453
178,2.471120834350586
179,0.20737409591674805
180,0.743988037109375
181,5.162624359130859
182,-9.898672103881836
183,0.20320987701416016
184,4.850198745727539
185,2.1538820266723633
186,1.301523208618164
187,5.546060562133789
188,-10.061225891113281
189,0.7783126831054688
190,5.274702072143555
191,2.100055694580078
192,-1.6236438751220703
193,5.820367813110352
194,-14.873428344726562
195,-1.6855077743530273
196,5.508035659790039
197,-1.2349555492401123
198,-1.421462059020996
199,-3.9742488861083984
200,-5.94960880279541
201,-1.042506217956543
202,-4.154716491699219
203,-6.788989067077637
204,-0.963892936706543
205,-4.153873443603516
206,-6.7911200523376465
207,-0.8879261016845703
208,-4.151416778564453
209,-6.7930192947387695
210,-1.0493946075439453
211,-4.159069061279297
212,-5.156297206878662
213,-0.9750308990478516
214,-4.160244941711426
215,-5.156626224517822
216,-0.9032392501831055
217,-4.160633087158203
218,-5.159818649291992
219,-0.30208587646484375
220,-4.008746147155762
221,-9.304110527038574
222,-0.3991975784301758
223,-4.014666557312012
224,-2.024564504623413
225,-1.191523551940918
226,-3.813070297241211
227,-6.752072334289551
228,-1.2107677459716797
229,-3.8066139221191406
230,-4.651136875152588
231,0.10188484191894531
232,-3.227630615234375
233,-14.079656600952148
234,-0.17341232299804688
235,-3.029977798461914
236,1.9870176315307617
237,-1.7880468368530273
238,-4.638816833496094
239,-19.823259353637695
240,-1.5775794982910156
241,-4.219799995422363
242,5.144647121429443
243,-2.8297643661499023
244,-6.130109786987305
245,-20.03916358947754
246,-2.664640426635742
247,-5.517360687255859
248,0.9749350547790527
249,-3.241724967956543
250,-6.6022233963012695
251,-21.690635681152344
252,-2.7434568405151367
253,-5.759244918823242
254,0.639127254486084
255,-3.1411972045898438
256,-6.57602596282959
257,-20.935768127441406
258,-2.7143983840942383
259,-5.863293647766113
260,-0.7476248741149902
261,-3.064664840698242
262,-6.475641250610352
263,-19.74964714050293
264,-2.76322078704834
265,-5.778368949890137
266,0.1193857192993164
267,0.046151161193847656
268,-0.09465980529785156
269,-10.610223770141602
270,-0.37089061737060547
271,-0.08577156066894531
272,0.18679237365722656
273,0.06135368347167969
274,2.6712169647216797
275,-10.179122924804688
276,-0.4988574981689453
277,2.5075855255126953
278,0.35480642318725586
279,0.7342081069946289
280,5.169197082519531
281,-9.250383377075195
282,0.2086801528930664
283,4.864137649536133
284,2.7042155265808105
285,1.2898368835449219
286,5.59849739074707
287,-9.362505912780762
288,0.7862462997436523
289,5.287330627441406
290,2.7138876914978027
291,-1.617884635925293
292,5.818168640136719
293,-14.139211654663086
294,-1.6848297119140625
295,5.508424758911133
296,-0.6407613754272461
297,-1.428786277770996
298,-3.990293502807617
299,-6.429225444793701
300,-1.042738914489746
301,-4.164432525634766
302,-7.313565254211426
303,-0.9639949798583984
304,-4.162156105041504
305,-7.3151984214782715
306,-0.8877401351928711
307,-4.159392356872559
308,-7.316422939300537
309,-1.0534210205078125
310,-4.171205520629883
311,-5.6327223777771
312,-0.9820575714111328
313,-4.171773910522461
314,-5.632811546325684
315,-0.9132404327392578
316,-4.172364234924316
317,-5.6358232498168945
318,-0.30243492126464844
319,-4.018235206604004
320,-9.788888931274414
321,-0.4095602035522461
322,-4.029860496520996
323,-2.3094732761383057
324,-1.197021484375
325,-3.8219242095947266
326,-7.205872535705566
327,-1.2239189147949219
328,-3.8196916580200195
329,-5.045345783233643
330,0.10312461853027344
331,-3.226962089538574
332,-14.501495361328125
333,-0.20430660247802734
334,-3.0333433151245117
335,1.8640780448913574
336,-1.8261613845825195
337,-4.600040435791016
338,-19.90963363647461
339,-1.627833366394043
340,-4.15684700012207
341,4.920658588409424
342,-2.948798179626465
343,-6.100011825561523
344,-20.021623611450195
345,-2.796398162841797
346,-5.541036605834961
347,0.6972370147705078
348,-3.329583168029785
349,-6.535618782043457
350,-21.70431900024414
351,-2.9348087310791016
352,-5.790924072265625
353,0.21155977249145508
354,-3.2040719985961914
355,-6.546165466308594
356,-20.938514709472656
357,-2.7754411697387695
358,-5.735459327697754
359,-1.134963035583496
360,-3.1473865509033203
361,-6.450156211853027
362,-19.754762649536133
363,-2.819525718688965
364,-5.653572082519531
365,-0.15564489364624023
366,0.05841636657714844
367,-0.08984375
368,-10.623523712158203
369,-0.36310672760009766
370,-0.08435630798339844
371,0.19951677322387695
372,0.0659341812133789
373,2.6936168670654297
374,-10.011356353759766
375,-0.49550914764404297
376,2.534801483154297
377,0.8319759368896484
378,0.7250509262084961
379,5.177913665771484
380,-8.815801620483398
381,0.21849346160888672
382,4.879436492919922
383,3.6710152626037598
384,1.287217140197754
385,5.655021667480469
386,-8.900572776794434
387,0.7978696823120117
388,5.303314208984375
389,3.7293667793273926
390,-1.6212444305419922
391,5.818286895751953
392,-13.746604919433594
393,-1.6849660873413086
394,5.51167106628418
395,0.3636813163757324
396,-1.4323558807373047
397,-3.9933996200561523
398,-6.818559169769287
399,-1.0518779754638672
400,-4.165989875793457
401,-7.662393093109131
402,-0.9764471054077148
403,-4.163549423217773
404,-7.663577556610107
405,-0.9003496170043945
406,-4.160829544067383
407,-7.664376258850098
408,-1.058736801147461
409,-4.173103332519531
410,-5.9677557945251465
411,-0.9879522323608398
412,-4.173619270324707
413,-5.967532157897949
414,-0.9171667098999023
415,-4.174409866333008
416,-5.9701972007751465
417,-0.31389713287353516
418,-4.019432067871094
419,-10.094748497009277
420,-0.41301918029785156
421,-4.03255558013916
422,-2.534651756286621
423,-1.213226318359375
424,-3.825010299682617
425,-7.605483531951904
426,-1.233698844909668
427,-3.8228607177734375
428,-5.417280197143555
429,0.09481143951416016
430,-3.2251577377319336
431,-14.861455917358398
432,-0.20635223388671875
433,-3.035154342651367
434,1.6460638046264648
435,-1.9862709045410156
436,-4.573923110961914
437,-20.40322494506836
438,-1.7978534698486328
439,-4.207530975341797
440,4.455699443817139
441,-3.3184890747070312
442,-6.084877014160156
443,-20.75748062133789
444,-3.2719545364379883
445,-5.6233930587768555
446,-0.30333662033081055
447,-3.7191781997680664
448,-6.504002571105957
449,-22.64476776123047
450,-3.522550582885742
451,-6.023794174194336
452,-0.8216357231140137
453,-3.6098623275756836
454,-6.537447929382324
455,-21.896263122558594
456,-3.497319221496582
457,-6.041228294372559
458,-2.262141227722168
459,-3.5225915908813477
460,-6.435271263122559
461,-20.518720626831055
462,-3.426816940307617
463,-5.91447639465332
464,-1.2136321067810059
465,0.09385490417480469
466,-0.07528495788574219
467,-10.630471229553223
468,-0.3188810348510742
469,-0.06609725952148438
470,0.2062225341796875
471,0.06790733337402344
472,2.701639175415039
473,-10.010604858398438
474,-0.4799642562866211
475,2.560516357421875
476,0.9316487312316895
477,0.7216281890869141
478,5.18351936340332
479,-8.723047256469727
480,0.2200021743774414
481,4.915256500244141
482,3.6874594688415527
483,1.2848892211914062
484,5.675626754760742
485,-8.813961029052734
486,0.8033323287963867
487,5.3382110595703125
488,3.7164711952209473
489,-1.6212291717529297
490,5.831935882568359
491,-13.744457244873047
492,-1.6886482238769531
493,5.548439025878906
494,0.24779224395751953
495,-1.4372472763061523
496,-3.9911623001098633
497,-4.859193801879883
498,-1.0685920715332031
499,-4.16319465637207
500,-5.6053290367126465
501,-0.9925565719604492
502,-4.161046981811523
503,-5.606292724609375
504,-0.9205608367919922
505,-4.15834903717041
506,-5.604689121246338
507,-1.0704641342163086
508,-4.170551300048828
509,-4.077946662902832
510,-0.9962978363037109
511,-4.1714887619018555
512,-4.077593803405762
513,-0.9259538650512695
514,-4.172436714172363
515,-4.080683708190918
516,-0.3371744155883789
517,-4.018248558044434
518,-7.496706962585449
519,-0.42147159576416016
520,-4.030865669250488
521,-0.7135357856750488
522,-1.2284936904907227
523,-3.8235368728637695
524,-5.441112995147705
525,-1.243790626525879
526,-3.821554183959961
527,-3.4831175804138184
528,0.08330535888671875
529,-3.2252845764160156
530,-13.196807861328125
531,-0.20595169067382812
532,-3.0078601837158203
533,3.501960277557373
534,-2.0790882110595703
535,-4.560052871704102
536,-19.17922592163086
537,-1.5629940032958984
538,-1.841949462890625
539,6.211039066314697
540,-3.498080253601074
541,-6.05795955657959
542,-18.630329132080078
543,-3.0774364471435547
544,-0.7897129058837891
545,3.068063259124756
546,-3.8477401733398438
547,-6.503582000732422
548,-20.4659481048584
549,-3.370354652404785
550,-0.5525245666503906
551,3.3335814476013184
552,-3.7583847045898438
553,-6.537872314453125
554,-19.5532169342041
555,-3.4053468704223633
556,-0.5478649139404297
557,1.392798900604248
558,-3.6916494369506836
559,-6.418750762939453
560,-18.37933921813965
561,-3.2081174850463867
562,-0.6462230682373047
563,2.129730224609375
564,0.11065006256103516
565,-0.06979942321777344
566,-10.627994537353516
567,-0.20046043395996094
568,-0.0471649169921875
569,0.2036142349243164
570,0.04573535919189453
571,2.710702896118164
572,-11.059940338134766
573,-0.4648408889770508
574,2.576547622680664
575,0.9213962554931641
576,0.7082281112670898
577,5.205924987792969
578,-10.387045860290527
579,0.2194652557373047
580,4.924627304077148
581,3.184579372406006
582,1.273956298828125
583,5.694555282592773
584,-10.52649211883545
585,0.8000602722167969
586,5.344951629638672
587,3.2190184593200684
588,-1.6325082778930664
589,5.847356796264648
590,-15.53492546081543
591,-1.7211637496948242
592,5.55293083190918
593,-0.08816146850585938
594,-1.5433235168457031
595,-3.962224006652832
596,-5.016664981842041
597,-1.1656122207641602
598,-4.142709732055664
599,-5.629942417144775
600,-1.0840635299682617
601,-4.143362045288086
602,-5.631825923919678
603,-1.0062780380249023
604,-4.143339157104492
605,-5.628796577453613
606,-1.1869077682495117
607,-4.147594451904297
608,-4.187952995300293
609,-1.1178159713745117
610,-4.150545120239258
611,-4.187139511108398
612,-1.0497055053710938
613,-4.153600692749023
614,-4.189419746398926
615,-0.41800403594970703
616,-4.016364097595215
617,-7.949771404266357
618,-0.5313177108764648
619,-4.028160095214844
620,-0.9529514312744141
621,-1.2957878112792969
622,-3.795769691467285
623,-5.615199565887451
624,-1.3308801651000977
625,-3.7925901412963867
626,-3.708042621612549
627,0.06394004821777344
628,-3.2259521484375
629,-13.482084274291992
630,-0.2193918228149414
631,-2.9995317459106445
632,3.1566948890686035
633,-2.295269012451172
634,-4.413152694702148
635,-19.706838607788086
636,-1.685154914855957
637,-2.7173538208007812
638,6.924654483795166
639,-4.2677202224731445
640,-5.910590171813965
641,-19.504234313964844
642,-3.5523881912231445
643,-3.0254135131835938
644,5.52133321762085
645,-4.633549690246582
646,-6.278512954711914
647,-21.428922653198242
648,-3.7937822341918945
649,-3.101353645324707
650,5.7919230461120605
651,-4.508064270019531
652,-6.361268997192383
653,-20.492069244384766
654,-3.8079967498779297
655,-3.1606197357177734
656,4.148788928985596
657,-4.419079303741455
658,-6.225772857666016
659,-19.22686767578125
660,-3.7427291870117188
661,-3.1330127716064453
662,4.690003871917725
663,0.17331409454345703
664,-0.06616401672363281
665,-10.656637191772461
666,-0.10285091400146484
667,-0.03826332092285156
668,0.2338886260986328
669,0.04057598114013672
670,2.7096424102783203
671,-10.983304023742676
672,-0.4240684509277344
673,2.5746498107910156
674,0.9542970657348633
675,0.6990585327148438
676,5.205173492431641
677,-10.350896835327148
678,0.2187976837158203
679,4.92131233215332
680,3.1418089866638184
681,1.261505126953125
682,5.691936492919922
683,-10.438220977783203
684,0.7953548431396484
685,5.334749221801758
686,3.1602158546447754
687,-1.6537981033325195
688,5.845186233520508
689,-15.076421737670898
690,-1.7729225158691406
691,5.547916412353516
692,-0.0844883918762207
693,-1.5581130981445312
694,-3.973783493041992
695,-5.64716911315918
696,-1.1817617416381836
697,-4.14874267578125
698,-6.471787929534912
699,-1.1045503616333008
700,-4.148212432861328
701,-6.472743034362793
702,-1.0320243835449219
703,-4.1472368240356445
704,-6.469413757324219
705,-1.2013978958129883
706,-4.152615547180176
707,-4.83961296081543
708,-1.1359262466430664
709,-4.153840065002441
710,-4.838123321533203
711,-1.072190284729004
712,-4.155584335327148
713,-4.839984893798828
714,-0.4445819854736328
715,-4.023526191711426
716,-8.646987915039062
717,-0.5517501831054688
718,-4.034549713134766
719,-1.0709576606750488
720,-1.332132339477539
721,-3.8049259185791016
722,-6.221916198730469
723,-1.360574722290039
724,-3.8043928146362305
725,-4.10631799697876
726,0.017600059509277344
727,-3.227315902709961
728,-14.197206497192383
729,-0.22430419921875
730,-2.996397018432617
731,2.9733119010925293
732,-2.4729461669921875
733,-4.370540618896484
734,-21.795406341552734
735,-1.6837739944458008
736,-2.3387374877929688
737,6.709571361541748
738,-4.531216144561768
739,-5.861867904663086
740,-23.41471290588379
741,-3.4464216232299805
742,-2.022563934326172
743,4.683175563812256
744,-4.97184944152832
745,-6.212947845458984
746,-25.710391998291016
747,-3.6541833877563477
748,-2.0057296752929688
749,4.925563335418701
750,-4.732777118682861
751,-6.293042182922363
752,-24.555683135986328
753,-3.6860170364379883
754,-2.052408218383789
755,3.089409351348877
756,-4.647068977355957
757,-6.153730392456055
758,-23.10877227783203
759,-3.6477508544921875
760,-2.0673961639404297
761,3.7776408195495605
762,0.1834096908569336
763,-0.06605339050292969
764,-10.687446594238281
765,-7.343292236328125e-05
766,-0.029117584228515625
767,0.2658524513244629
768,0.03331756591796875
769,2.708810806274414
770,-10.35739517211914
771,-0.35752391815185547
772,2.5974807739257812
773,1.4089422225952148
774,0.6271371841430664
775,5.219766616821289
776,-8.438772201538086
777,0.21976280212402344
778,4.960575103759766
779,4.489617824554443
780,1.2207374572753906
781,5.713283538818359
782,-8.438278198242188
783,0.7933197021484375
784,5.352151870727539
785,4.622974872589111
786,-1.6630477905273438
787,5.84520149230957
788,-13.137838363647461
789,-1.7725648880004883
790,5.550519943237305
791,1.1545658111572266
792,-1.6899795532226562
793,-3.954072952270508
794,-6.174070835113525
795,-1.3087148666381836
796,-4.139838218688965
797,-7.149930000305176
798,-1.2303524017333984
799,-4.14101505279541
800,-7.151199817657471
801,-1.1474637985229492
802,-4.142241477966309
803,-7.148508071899414
804,-1.340102195739746
805,-4.141115188598633
806,-5.401584625244141
807,-1.2815284729003906
808,-4.1424102783203125
809,-5.400251388549805
810,-1.213667869567871
811,-4.14518928527832
812,-5.402478218078613
813,-0.5523052215576172
814,-4.025535583496094
815,-9.47323989868164
816,-0.6504230499267578
817,-4.034627914428711
818,-1.3989763259887695
819,-1.4466114044189453
820,-3.787978172302246
821,-6.805178165435791
822,-1.4894475936889648
823,-3.787822723388672
824,-4.5247721672058105
825,-0.08582592010498047
826,-3.2576942443847656
827,-14.868547439575195
828,-0.16275596618652344
829,-2.993478775024414
830,2.8660225868225098
831,-2.839883804321289
832,-4.270270347595215
833,-22.498205184936523
834,-1.2186346054077148
835,-1.8306255340576172
836,6.4520440101623535
837,-5.577858924865723
838,-5.590175628662109
839,-23.64971160888672
840,-3.2294511795043945
841,-1.0696048736572266
842,3.772744655609131
843,-6.173826217651367
844,-5.861443519592285
845,-25.884098052978516
846,-3.3652820587158203
847,-0.9241313934326172
848,3.9275012016296387
849,-5.86232852935791
850,-5.959650039672852
851,-24.726299285888672
852,-3.48142147064209
853,-0.9426612854003906
854,2.1200785636901855
855,-5.744017124176025
856,-5.822349548339844
857,-23.319072723388672
858,-3.425196647644043
859,-1.014251708984375
860,2.8666186332702637
861,0.24883270263671875
862,-0.05484962463378906
863,-10.79179859161377
864,0.23417282104492188
865,0.0004215240478515625
866,0.3701601028442383
867,0.02759265899658203
868,2.710794448852539
869,-9.540176391601562
870,-0.24524593353271484
871,2.6206188201904297
872,2.1917214393615723
873,0.5588493347167969
874,5.248971939086914
875,-6.781323432922363
876,0.24210834503173828
877,4.976373672485352
878,6.139486789703369
879,1.1818971633911133
880,5.735177993774414
881,-6.736176013946533
882,0.8115091323852539
883,5.375093460083008
884,6.342322826385498
885,-1.7104072570800781
886,5.85015869140625
887,-11.476083755493164
888,-1.7695808410644531
889,5.549308776855469
890,2.7352113723754883
891,-1.7294940948486328
892,-3.925386428833008
893,-6.1110639572143555
894,-1.3538703918457031
895,-4.11747932434082
896,-7.117990493774414
897,-1.2767791748046875
898,-4.119894981384277
899,-7.119243144989014
900,-1.1978254318237305
901,-4.122532844543457
902,-7.116896152496338
903,-1.3806953430175781
904,-4.11859130859375
905,-5.378812313079834
906,-1.321634292602539
907,-4.120331764221191
908,-5.377058506011963
909,-1.257075309753418
910,-4.123522758483887
911,-5.379024505615234
912,-0.5979747772216797
913,-4.021842002868652
914,-9.607423782348633
915,-0.6829824447631836
916,-4.029294013977051
917,-1.4369778633117676
918,-1.490056037902832
919,-3.7649898529052734
920,-6.80061149597168
921,-1.5265846252441406
922,-3.7660322189331055
923,-4.493958950042725
924,-0.17638587951660156
925,-3.2588462829589844
926,-14.776634216308594
927,-0.1469411849975586
928,-2.97652530670166
929,2.853020191192627
930,-3.073648452758789
931,-4.213852882385254
932,-22.263792037963867
933,-1.5597515106201172
934,-2.5031051635742188
935,7.793086528778076
936,-5.82633638381958
937,-5.4981689453125
938,-22.383647918701172
939,-3.9108047485351562
940,-2.7893857955932617
941,7.491770267486572
942,-6.414754867553711
943,-5.769674301147461
944,-24.595136642456055
945,-4.1091814041137695
946,-2.718489646911621
947,7.865189075469971
948,-6.1403489112854
949,-5.861185073852539
950,-23.56002426147461
951,-4.205997467041016
952,-2.747391700744629
953,6.268873691558838
954,-6.006931304931641
955,-5.72730827331543
956,-22.06254768371582
957,-4.206830024719238
958,-2.7660646438598633
959,6.697067737579346
960,0.2885255813598633
961,-0.055027008056640625
962,-10.812271118164062
963,0.3656177520751953
964,0.00498199462890625
965,0.39213991165161133
966,0.004286766052246094
967,2.708566665649414
968,-9.620576858520508
969,-0.168609619140625
970,2.618101119995117
971,1.7983355522155762
972,0.5268993377685547
973,5.256664276123047
974,-7.643632411956787
975,0.2689065933227539
976,4.991090774536133
977,4.956508159637451
978,1.1641883850097656
979,5.755273818969727
980,-7.706981182098389
981,0.8175907135009766
982,5.397052764892578
983,5.04331636428833
984,-1.7594232559204102
985,5.826757431030273
986,-12.460756301879883
987,-1.7885112762451172
988,5.548973083496094
989,1.5579476356506348
990,-1.763010025024414
991,-3.898381233215332
992,-6.059910774230957
993,-1.4041671752929688
994,-4.094463348388672
995,-7.099210739135742
996,-1.3258981704711914
997,-4.097253799438477
998,-7.100449085235596
999,-1.2474956512451172
1000,-4.100425720214844
1001,-7.098403453826904
1002,-1.4339170455932617
1003,-4.096343040466309
1004,-5.346773147583008
1005,-1.3775644302368164
1006,-4.097750663757324
1007,-5.344686985015869
1008,-1.3178720474243164
1009,-4.100839614868164
1010,-5.346609592437744
1011,-0.6250696182250977
1012,-4.012577056884766
1013,-9.606241226196289
1014,-0.718684196472168
1015,-4.01861572265625
1016,-1.4904866218566895
1017,-1.5378856658935547
1018,-3.7287778854370117
1019,-6.785611152648926
1020,-1.5760412216186523
1021,-3.730654716491699
1022,-4.453135013580322
1023,-0.2376861572265625
1024,-3.2569971084594727
1025,-14.709291458129883
1026,-0.14681339263916016
1027,-2.9546165466308594
1028,2.9793105125427246
1029,-3.4915857315063477
1030,-3.977585792541504
1031,-21.327667236328125
1032,-2.018369674682617
1033,-2.6324939727783203
1034,7.286075115203857
1035,-6.478254795074463
1036,-4.9205217361450195
1037,-20.1571044921875
1038,-4.483081340789795
1039,-2.8421573638916016
1040,5.714125156402588
1041,-7.27010440826416
1042,-5.222269058227539
1043,-22.204702377319336
1044,-4.7324113845825195
1045,-2.9485979080200195
1046,5.880831241607666
1047,-7.049772262573242
1048,-5.329361915588379
1049,-21.229345321655273
1050,-4.797177791595459
1051,-3.029168128967285
1052,4.2817864418029785
1053,-6.752859592437744
1054,-5.188113212585449
1055,-19.841835021972656
1056,-4.804129123687744
1057,-2.9921016693115234
1058,4.880203723907471
1059,0.39922332763671875
1060,-0.043689727783203125
1061,-10.818397521972656
1062,0.451263427734375
1063,0.029642105102539062
1064,0.39907312393188477
1065,0.011849403381347656
1066,2.709331512451172
1067,-9.689117431640625
1068,-0.09076309204101562
1069,2.6294307708740234
1070,1.7922663688659668
1071,0.5231218338012695
1072,5.26905632019043
1073,-8.015846252441406
1074,0.2790203094482422
1075,4.996746063232422
1076,4.783627986907959
1077,1.1639432907104492
1078,5.765068054199219
1079,-8.107905387878418
1080,0.8361473083496094
1081,5.398622512817383
1082,4.890970706939697
1083,-1.7695789337158203
1084,5.826761245727539
1085,-12.915142059326172
1086,-1.788106918334961
1087,5.542905807495117
1088,1.6519694328308105
1089,-1.7862272262573242
1090,-3.869535446166992
1091,-5.544747352600098
1092,-1.426863670349121
1093,-4.067730903625488
1094,-6.712207794189453
1095,-1.347020149230957
1096,-4.071018218994141
1097,-6.713710308074951
1098,-1.267207145690918
1099,-4.0742292404174805
1100,-6.712105751037598
1101,-1.4650983810424805
1102,-4.069087028503418
1103,-4.918396949768066
1104,-1.412644386291504
1105,-4.071067810058594
1106,-4.916520595550537
1107,-1.3571767807006836
1108,-4.074724197387695
1109,-4.918535232543945
1110,-0.6471099853515625
1111,-3.9854536056518555
1112,-9.582626342773438
1113,-0.7423820495605469
1114,-3.9997406005859375
1115,-1.4477977752685547
1116,-1.5564956665039062
1117,-3.6960744857788086
1118,-6.41301155090332
1119,-1.6106271743774414
1120,-3.698605537414551
1121,-4.072702884674072
1122,-0.3918323516845703
1123,-3.2506752014160156
1124,-14.66213607788086
1125,0.01817607879638672
1126,-2.949481964111328
1127,3.3033499717712402
1128,-3.7152013778686523
1129,-3.9155807495117188
1130,-20.880128860473633
1131,-1.8582258224487305
1132,-2.300992965698242
1133,8.524307250976562
1134,-6.594061851501465
1135,-4.778948783874512
1136,-19.31382179260254
1137,-4.205097198486328
1138,-1.9298248291015625
1139,9.241052627563477
1140,-7.3573198318481445
1141,-5.067266464233398
1142,-21.209896087646484
1143,-4.465276718139648
1144,-1.9489784240722656
1145,9.930538177490234
1146,-7.139463424682617
1147,-5.173490524291992
1148,-20.19767951965332
1149,-4.448619365692139
1150,-2.0062522888183594
1151,8.368499755859375
1152,-6.92044734954834
1153,-5.045804977416992
1154,-18.967838287353516
1155,-4.437633037567139
1156,-2.009439468383789
1157,8.542572021484375
1158,0.4104433059692383
1159,-0.024976730346679688
1160,-10.878442764282227
1161,0.641789436340332
1162,0.0445556640625
1163,0.46100473403930664
1164,-0.005779266357421875
1165,2.7064571380615234
1166,-9.924278259277344
1167,0.06885814666748047
1168,2.6261940002441406
1169,2.0800204277038574
1170,0.4794921875
1171,5.280202865600586
1172,-8.18766975402832
1173,0.28530025482177734
1174,4.995357513427734
1175,5.052876949310303
1176,1.1554574966430664
1177,5.765653610229492
1178,-8.212118148803711
1179,0.8551740646362305
1180,5.409170150756836
1181,5.203484058380127
1182,-1.836045265197754
1183,5.82600212097168
1184,-13.138910293579102
1185,-1.8303136825561523
1186,5.501991271972656
1187,2.2725205421447754
1188,-1.823164939880371
1189,-3.7882423400878906
1190,-5.235522747039795
1191,-1.484684944152832
1192,-4.00511360168457
1193,-6.344281196594238
1194,-1.4041776657104492
1195,-4.011199951171875
1196,-6.3462605476379395
1197,-1.325448989868164
1198,-4.021495819091797
1199,-6.345826625823975
1200,-1.5280447006225586
1201,-4.00745964050293
1202,-4.586714744567871
1203,-1.4776020050048828
1204,-4.012667655944824
1205,-4.5843987464904785
1206,-1.4260759353637695
1207,-4.019609451293945
1208,-4.58583402633667
1209,-0.6779565811157227
1210,-3.9468955993652344
1211,-9.066843032836914
1212,-0.7708425521850586
1213,-3.9644622802734375
1214,-1.1622791290283203
1215,-1.577676773071289
1216,-3.616962432861328
1217,-6.050046920776367
1218,-1.6389751434326172
1219,-3.6191930770874023
1220,-3.7683653831481934
1221,-0.43586254119873047
1222,-3.244980812072754
1223,-14.107934951782227
1224,0.06208515167236328
1225,-2.923506736755371
1226,4.022918224334717
1227,-4.006097793579102
1228,-3.436478614807129
1229,-18.959476470947266
1230,-2.5061798095703125
1231,-2.5530614852905273
1232,8.166618347167969
1233,-7.478010654449463
1234,-3.9089174270629883
1235,-17.541915893554688
1236,-5.586850166320801
1237,-2.702646255493164
1238,6.693817615509033
1239,-8.396459579467773
1240,-4.116416931152344
1241,-19.452016830444336
1242,-6.072922706604004
1243,-2.7891998291015625
1244,7.000136852264404
1245,-8.346979141235352
1246,-4.238673210144043
1247,-18.394834518432617
1248,-6.050910472869873
1249,-2.8166866302490234
1250,5.391763210296631
1251,-7.64759635925293
1252,-3.965529441833496
1253,-17.15106773376465
1254,-6.088588714599609
1255,-2.8073348999023438
1256,5.888870716094971
1257,0.5766105651855469
1258,-0.024875640869140625
1259,-10.898483276367188
1260,0.8302803039550781
1261,0.04374504089355469
1262,0.4809412956237793
1263,0.01742839813232422
1264,2.6954917907714844
1265,-10.499542236328125
1266,0.10704231262207031
1267,2.6247596740722656
1268,2.2179903984069824
1269,0.4368581771850586
1270,5.28672981262207
1271,-9.373895645141602
1272,0.28069591522216797
1273,4.992977142333984
1274,4.936257839202881
1275,1.1354808807373047
1276,5.767398834228516
1277,-9.466543197631836
1278,0.8550195693969727
1279,5.424257278442383
1280,5.063597202301025
1281,-1.9420547485351562
1282,5.825826644897461
1283,-13.850828170776367
1284,-1.8369512557983398
1285,5.495569229125977
1286,2.0839290618896484
1287,-1.9284591674804688
1288,-3.7720842361450195
1289,-5.302403450012207
1290,-1.5592889785766602
1291,-3.9898157119750977
1292,-6.3742451667785645
1293,-1.4720001220703125
1294,-3.9970054626464844
1295,-6.376222610473633
1296,-1.3881216049194336
1297,-4.007135391235352
1298,-6.375956058502197
1299,-1.5996761322021484
1300,-3.993340492248535
1301,-4.62622594833374
1302,-1.5406627655029297
1303,-4.000598907470703
1304,-4.624668598175049
1305,-1.4810495376586914
1306,-4.009490013122559
1307,-4.626730442047119
1308,-0.7230701446533203
1309,-3.9355087280273438
1310,-9.03874397277832
1311,-0.8081579208374023
1312,-3.9503393173217773
1313,-1.245880365371704
1314,-1.6385726928710938
1315,-3.587646484375
1316,-6.109203338623047
1317,-1.7095212936401367
1318,-3.595233917236328
1319,-3.8578412532806396
1320,-0.4910402297973633
1321,-3.1991043090820312
1322,-14.023038864135742
1323,0.08122634887695312
1324,-2.9170122146606445
1325,3.8782734870910645
1326,-4.325369834899902
1327,-3.3652257919311523
1328,-18.120315551757812
1329,-3.5321645736694336
1330,-2.674924850463867
1331,6.474930286407471
1332,-7.771050453186035
1333,-3.7940406799316406
1334,-17.24134635925293
1335,-6.716341495513916
1336,-2.9715538024902344
1337,2.0687432289123535
1338,-8.813308715820312
1339,-4.018776893615723
1340,-19.28174591064453
1341,-7.103814601898193
1342,-2.835761070251465
1343,1.9405202865600586
1344,-8.720062255859375
1345,-4.12123966217041
1346,-18.27481460571289
1347,-7.279399871826172
1348,-2.8572349548339844
1349,0.17531871795654297
1350,-8.361392974853516
1351,-3.9662885665893555
1352,-16.87474822998047
1353,-7.395470142364502
1354,-3.017274856567383
1355,1.0990586280822754
1356,0.6374101638793945
1357,0.008714675903320312
1358,-10.897506713867188
1359,0.9946107864379883
1360,0.05393218994140625
1361,0.47960662841796875
1362,0.03240680694580078
1363,2.6978321075439453
1364,-10.490460395812988
1365,0.1821146011352539
1366,2.6401100158691406
1367,2.9090828895568848
1368,0.4101581573486328
1369,5.297060012817383
1370,-9.32973861694336
1371,0.2772102355957031
1372,4.9889068603515625
1373,6.581257343292236
1374,1.096501350402832
1375,5.773931503295898
1376,-9.432088851928711
1377,0.843876838684082
1378,5.424871444702148
1379,6.835635662078857
1380,-1.9982805252075195
1381,5.822452545166016
1382,-13.819414138793945
1383,-1.839766502380371
1384,5.4745025634765625
1385,3.7561802864074707
1386,-2.0759267807006836
1387,-3.6995811462402344
1388,-5.315451622009277
1389,-1.727529525756836
1390,-3.9196319580078125
1391,-6.532346725463867
1392,-1.6317682266235352
1393,-3.9305152893066406
1394,-6.535336494445801
1395,-1.5408544540405273
1396,-3.9428672790527344
1397,-6.536081790924072
1398,-1.7653417587280273
1399,-3.924283027648926
1400,-4.746362209320068
1401,-1.698434829711914
1402,-3.936272621154785
1403,-4.743789196014404
1404,-1.621673583984375
1405,-3.951645851135254
1406,-4.745234966278076
1407,-0.8398962020874023
1408,-3.887958526611328
1409,-9.482135772705078
1410,-0.9264354705810547
1411,-3.914827346801758
1412,-1.5151267051696777
1413,-1.7336578369140625
1414,-3.535318374633789
1415,-6.14935302734375
1416,-1.8090238571166992
1417,-3.534531593322754
1418,-3.887087345123291
1419,-0.5175771713256836
1420,-3.119182586669922
1421,-14.118833541870117
1422,0.09799575805664062
1423,-2.928281784057617
1424,3.6307950019836426
1425,-4.304721355438232
1426,-2.879452705383301
1427,-17.385814666748047
1428,-3.1449413299560547
1429,-2.7834243774414062
1430,6.38647985458374
1431,-7.4696221351623535
1432,-2.879025459289551
1433,-14.54301643371582
1434,-5.913064479827881
1435,-3.008953094482422
1436,2.5884275436401367
1437,-8.574943542480469
1438,-2.8619518280029297
1439,-16.16214942932129
1440,-6.294130802154541
1441,-3.0607519149780273
1442,2.566990375518799
1443,-8.220468521118164
1444,-3.005253791809082
1445,-15.505105972290039
1446,-6.481152534484863
1447,-3.089071273803711
1448,0.8709278106689453
1449,-7.755110263824463
1450,-2.9949417114257812
1451,-14.212291717529297
1452,-6.468995094299316
1453,-3.0848560333251953
1454,1.6840591430664062
1455,0.7817573547363281
1456,0.0260162353515625
1457,-10.895476341247559
1458,1.169661521911621
1459,0.052265167236328125
1460,0.4774770736694336
1461,0.12022113800048828
1462,2.704866409301758
1463,-10.813663482666016
1464,0.20276165008544922
1465,2.6379776000976562
1466,4.175652980804443
1467,0.39058589935302734
1468,5.3012542724609375
1469,-10.662459373474121
1470,0.24311351776123047
1471,4.964550018310547
1472,8.539949417114258
1473,1.0698366165161133
1474,5.770544052124023
1475,-10.868651390075684
1476,0.757756233215332
1477,5.405178070068359
1478,8.85453987121582
1479,-2.0217199325561523
1480,5.823385238647461
1481,-15.230741500854492
1482,-1.8518362045288086
1483,5.450042724609375
1484,6.27537202835083
1485,-2.0877017974853516
1486,-3.67903995513916
1487,-5.4609808921813965
1488,-1.7509708404541016
1489,-3.8997716903686523
1490,-6.7144083976745605
1491,-1.6568269729614258
1492,-3.9081945419311523
1493,-6.718270301818848
1494,-1.5624675750732422
1495,-3.9176597595214844
1496,-6.719692707061768
1497,-1.7975664138793945
1498,-3.905329704284668
1499,-4.973604202270508
1500,-1.7373838424682617
1501,-3.916078567504883
1502,-4.971282005310059
1503,-1.6678037643432617
1504,-3.930337905883789
1505,-4.97280740737915
1506,-0.8591442108154297
1507,-3.8581619262695312
1508,-9.5136079788208
1509,-0.9589176177978516
1510,-3.895054817199707
1511,-1.7623882293701172
1512,-1.741281509399414
1513,-3.5189762115478516
1514,-6.214366912841797
1515,-1.8273630142211914
1516,-3.5168495178222656
1517,-3.985260009765625
1518,-0.5523128509521484
1519,-3.090847969055176
1520,-14.118616104125977
1521,0.13171005249023438
1522,-2.933089256286621
1523,3.5508322715759277
1524,-4.371492385864258
1525,-2.7739791870117188
1526,-17.78018569946289
1527,-2.886547088623047
1528,-2.8499765396118164
1529,6.390786647796631
1530,-7.844277381896973
1531,-2.770474433898926
1532,-15.907783508300781
1533,-5.564838409423828
1534,-2.9984922409057617
1535,2.872072696685791
1536,-8.974976539611816
1537,-2.7391815185546875
1538,-17.742307662963867
1539,-5.92726469039917
1540,-3.1326065063476562
1541,2.9366650581359863
1542,-8.648448944091797
1543,-2.872298240661621
1544,-16.8378849029541
1545,-6.106157302856445
1546,-3.1569881439208984
1547,1.2062206268310547
1548,-8.436857223510742
1549,-2.844578742980957
1550,-15.509214401245117
1551,-6.081387519836426
1552,-3.093076705932617
1553,1.9836792945861816
1554,0.8414430618286133
1555,0.023609161376953125
1556,-10.89279556274414
1557,1.2471647262573242
1558,0.04066658020019531
1559,0.4747781753540039
1560,0.11972332000732422
1561,2.7044200897216797
1562,-11.240518569946289
1563,0.37530994415283203
1564,2.636629104614258
1565,3.7908520698547363
1566,0.32235240936279297
1567,5.301088333129883
1568,-11.690587043762207
1569,0.2801523208618164
1570,4.952482223510742
1571,7.40706205368042
1572,1.023341178894043
1573,5.773918151855469
1574,-11.951997756958008
1575,0.8114700317382812
1576,5.396999359130859
1577,7.645650386810303
1578,-2.0582456588745117
1579,5.825435638427734
1580,-16.23781967163086
1581,-1.7081079483032227
1582,5.430341720581055
1583,4.926476955413818
1584,-2.1391220092773438
1585,-3.6767539978027344
1586,-5.96112060546875
1587,-1.820540428161621
1588,-3.89052677154541
1589,-7.224946975708008
1590,-1.7435846328735352
1591,-3.895022392272949
1592,-7.227963447570801
1593,-1.6702203750610352
1594,-3.900785446166992
1595,-7.227912902832031
1596,-1.8359041213989258
1597,-3.900136947631836
1598,-5.495994567871094
1599,-1.769129753112793
1600,-3.909276008605957
1601,-5.495523452758789
1602,-1.698307991027832
1603,-3.922316551208496
1604,-5.497966766357422
1605,-1.0367918014526367
1606,-3.8342514038085938
1607,-10.13895320892334
1608,-1.0171375274658203
1609,-3.884357452392578
1610,-2.4726462364196777
1611,-1.801527976989746
1612,-3.50838565826416
1613,-6.795753002166748
1614,-1.848388671875
1615,-3.5134172439575195
1616,-4.566079139709473
1617,-0.7456903457641602
1618,-2.941347122192383
1619,-14.66261100769043
1620,0.24846553802490234
1621,-2.944972038269043
1622,3.2749056816101074
1623,-4.147324562072754
1624,-2.063570022583008
1625,-18.142330169677734
1626,-2.75100040435791
1627,-2.5050344467163086
1628,6.394935131072998
1629,-7.546746253967285
1630,-1.4451904296875
1631,-17.02130699157715
1632,-5.273279666900635
1633,-2.372112274169922
1634,4.413247585296631
1635,-8.722068786621094
1636,-1.3536186218261719
1637,-18.95768165588379
1638,-5.663036823272705
1639,-2.42397403717041
1640,5.037057399749756
1641,-8.6467866897583
1642,-1.4941883087158203
1643,-17.980024337768555
1644,-5.87684440612793
1645,-2.5705318450927734
1646,3.0105834007263184
1647,-8.33422565460205
1648,-1.4630126953125
1649,-16.612308502197266
1650,-5.942049026489258
1651,-2.258664131164551
1652,3.559500217437744
1653,0.909454345703125
1654,0.049900054931640625
1655,-10.89619255065918
1656,1.7401885986328125
1657,0.030324935913085938
1658,0.4790315628051758
1659,0.1167764663696289
1660,2.7078609466552734
1661,-11.107454299926758
1662,0.8063163757324219
1663,2.6360702514648438
1664,3.3490757942199707
1665,0.28653717041015625
1666,5.302722930908203
1667,-11.086841583251953
1668,0.3464784622192383
1669,4.936574935913086
1670,6.806416988372803
1671,0.9884653091430664
1672,5.772195816040039
1673,-11.212686538696289
1674,0.8637065887451172
1675,5.385263442993164
1676,7.043543338775635
1677,-2.050337791442871
1678,5.823646545410156
1679,-14.459432601928711
1680,-1.4633207321166992
1681,5.378776550292969
1682,4.409047603607178
1683,-2.198526382446289
1684,-3.6788272857666016
1685,-9.995872497558594
1686,-1.8819007873535156
1687,-3.8851776123046875
1688,-11.25389575958252
1689,-1.8108339309692383
1690,-3.886488914489746
1691,-11.255194664001465
1692,-1.7427253723144531
1693,-3.8883800506591797
1694,-11.254695892333984
1695,-1.8917484283447266
1696,-3.8976192474365234
1697,-9.464847564697266
1698,-1.82659912109375
1699,-3.90610408782959
1700,-9.465604782104492
1701,-1.7593421936035156
1702,-3.9180259704589844
1703,-9.46761703491211
1704,-1.090336799621582
1705,-3.80706787109375
1706,-14.037210464477539
1707,-1.0602378845214844
1708,-3.86978816986084
1709,-6.103757381439209
1710,-1.872004508972168
1711,-3.505936622619629
1712,-10.804452896118164
1713,-1.9167194366455078
1714,-3.513803482055664
1715,-8.487388610839844
1716,-0.7887201309204102
1717,-2.8591089248657227
1718,-17.903974533081055
1719,0.23780441284179688
1720,-2.947453498840332
1721,0.15193605422973633
1722,-4.0177507400512695
1723,-1.9885177612304688
1724,-21.06732749938965
1725,-2.757657051086426
1726,-2.6184768676757812
1727,3.8958888053894043
1728,-7.285180568695068
1729,-1.3685588836669922
1730,-20.795114517211914
1731,-5.3302202224731445
1732,-2.5380125045776367
1733,1.4578661918640137
1734,-8.324268341064453
1735,-1.2951030731201172
1736,-23.278884887695312
1737,-5.938559532165527
1738,-2.660917282104492
1739,1.9310321807861328
1740,-8.414314270019531
1741,-1.407449722290039
1742,-22.195253372192383
1743,-5.919060230255127
1744,-2.7497806549072266
1745,-0.2792081832885742
1746,-8.01736068725586
1747,-1.387868881225586
1748,-20.382394790649414
1749,-5.841438293457031
1750,-2.6279773712158203
1751,0.5145931243896484
1752,1.0005598068237305
1753,0.07436943054199219
1754,-10.92695426940918
1755,1.841573715209961
1756,0.028408050537109375
1757,0.510932445526123
1758,0.13128280639648438
1759,2.7075862884521484
1760,-11.095232009887695
1761,0.7889413833618164
1762,2.6354026794433594
1763,4.080880641937256
1764,0.23807430267333984
1765,5.3021240234375
1766,-10.452638626098633
1767,0.3547658920288086
1768,4.937322616577148
1769,8.374458312988281
1770,0.9303665161132812
1771,5.769950866699219
1772,-10.5203857421875
1773,0.863194465637207
1774,5.385759353637695
1775,8.675209045410156
1776,-2.041295051574707
1777,5.821903228759766
1778,-14.029273986816406
1779,-1.4744396209716797
1780,5.382678985595703
1781,5.885888576507568
1782,-2.3796777725219727
1783,-3.6016530990600586
1784,-8.614688873291016
1785,-2.038545608520508
1786,-3.8140439987182617
1787,-9.663446426391602
1788,-1.9606733322143555
1789,-3.816722869873047
1790,-9.665059089660645
1791,-1.8932838439941406
1792,-3.8178672790527344
1793,-9.666337966918945
1794,-2.0264816284179688
1795,-3.831411361694336
1796,-8.004117012023926
1797,-1.9531469345092773
1798,-3.842073440551758
1799,-8.00462532043457
1800,-1.8827886581420898
1801,-3.8552045822143555
1802,-8.006670951843262
1803,-1.274160385131836
1804,-3.7403182983398438
1805,-12.271173477172852
1806,-1.213632583618164
1807,-3.808328628540039
1808,-4.74348258972168
1809,-2.033161163330078
1810,-3.437093734741211
1811,-9.359857559204102
1812,-2.053370475769043
1813,-3.4441423416137695
1814,-7.189772605895996
1815,-0.876317024230957
1816,-2.7195701599121094
1817,-16.571950912475586
1818,0.22588253021240234
1819,-2.8776607513427734
1820,1.65781831741333
1821,-3.9979000091552734
1822,-1.2759761810302734
1823,-18.994863510131836
1824,-2.744365692138672
1825,-1.5962963104248047
1826,4.3451457023620605
1827,-7.060050964355469
1828,-0.055145263671875
1829,-17.3566837310791
1830,-5.092597007751465
1831,-0.42447662353515625
1832,0.5305733680725098
1833,-7.871725082397461
1834,0.17186927795410156
1835,-19.53266143798828
1836,-5.637270450592041
1837,-0.3219642639160156
1838,0.8155379295349121
1839,-7.798384189605713
1840,0.14600563049316406
1841,-18.421588897705078
1842,-5.633778095245361
1843,-0.2916603088378906
1844,-1.272871732711792
1845,-7.514448165893555
1846,0.08704376220703125
1847,-16.892648696899414
1848,-5.55869197845459
1849,-0.27549171447753906
1850,-0.43511295318603516
1851,1.1818418502807617
1852,0.15842247009277344
1853,-10.960399627685547
1854,2.024728775024414
1855,0.06163597106933594
1856,0.5441060066223145
1857,0.1197214126586914
1858,2.7094650268554688
1859,-10.729410171508789
1860,0.8083820343017578
1861,2.6424121856689453
1862,3.594709873199463
1863,0.23012256622314453
1864,5.311727523803711
1865,-8.447554588317871
1866,0.4001274108886719
1867,4.937864303588867
1868,7.1522440910339355
1869,0.9164228439331055
1870,5.776683807373047
1871,-8.386961936950684
1872,0.8869819641113281
1873,5.401678085327148
1874,7.3659348487854
1875,-2.0340347290039062
1876,5.821929931640625
1877,-11.728456497192383
1878,-1.4714069366455078
1879,5.385654449462891
1880,4.609462261199951
1881,-2.386219024658203
1882,-3.5929555892944336
1883,-7.876997470855713
1884,-2.05747127532959
1885,-3.7982187271118164
1886,-8.96914005279541
1887,-1.997079849243164
1888,-3.794767379760742
1889,-8.9708890914917
1890,-1.9395256042480469
1891,-3.7925853729248047
1892,-8.971179962158203
1893,-2.030017852783203
1894,-3.8205490112304688
1895,-7.253066539764404
1896,-1.9466533660888672
1897,-3.8318004608154297
1898,-7.253182888031006
1899,-1.8755159378051758
1900,-3.843398094177246
1901,-7.255791664123535
1902,-1.3705072402954102
1903,-3.6969985961914062
1904,-11.654078483581543
1905,-1.246272087097168
1906,-3.7787275314331055
1907,-4.005823135375977
1908,-2.080904006958008
1909,-3.410276412963867
1910,-8.672218322753906
1911,-2.057455062866211
1912,-3.4269046783447266
1913,-6.4569807052612305
1914,-0.9888925552368164
1915,-2.608663558959961
1916,-16.27892303466797
1917,0.20418930053710938
1918,-2.849020004272461
1919,1.674513339996338
1920,-3.940570831298828
1921,-1.1434898376464844
1922,-18.522409439086914
1923,-2.7407894134521484
1924,-1.4174861907958984
1925,4.417089939117432
1926,-6.803976058959961
1927,0.0948333740234375
1928,-16.3252010345459
1929,-4.944565773010254
1930,-0.342010498046875
1931,0.8898305892944336
1932,-7.596009254455566
1933,0.28992462158203125
1934,-18.313465118408203
1935,-5.4109697341918945
1936,-0.2184581756591797
1937,1.2153425216674805
1938,-7.497329235076904
1939,0.25162696838378906
1940,-17.2786808013916
1941,-5.4565839767456055
1942,-0.15791893005371094
1943,-0.7613649368286133
1944,-7.232287406921387
1945,0.17473983764648438
1946,-15.865802764892578
1947,-5.383286476135254
1948,-0.18948745727539062
1949,-0.017462730407714844
1950,1.2753620147705078
1951,0.19127655029296875
1952,-11.028221130371094
1953,2.140425682067871
1954,0.0661468505859375
1955,0.6118249893188477
1956,0.08902549743652344
1957,2.7134571075439453
1958,-11.07110595703125
1959,0.9484014511108398
1960,2.6447219848632812
1961,3.274895191192627
1962,0.21242713928222656
1963,5.310905456542969
1964,-9.106168746948242
1965,0.5193195343017578
1966,4.944145202636719
1967,6.612076282501221
1968,0.8921384811401367
1969,5.777177810668945
1970,-9.004693984985352
1971,1.0409879684448242
1972,5.414215087890625
1973,6.80125093460083
1974,-2.046574592590332
1975,5.82191276550293
1976,-12.481529235839844
1977,-1.3516244888305664
1978,5.371402740478516
1979,4.230472087860107
1980,-2.552692413330078
1981,-3.373607635498047
1982,-5.950347900390625
1983,-2.2405004501342773
1984,-3.5891494750976562
1985,-7.063319683074951
1986,-2.1822500228881836
1987,-3.585590362548828
1988,-7.064942836761475
1989,-2.1260108947753906
1990,-3.5816850662231445
1991,-7.06441068649292
1992,-2.2100534439086914
1993,-3.6135034561157227
1994,-5.247745990753174
1995,-2.131098747253418
1996,-3.624697685241699
1997,-5.246963024139404
1998,-2.059016227722168
1999,-3.6362619400024414
2000,-5.252127647399902
2001,-1.5855388641357422
2002,-3.488471031188965
2003,-10.126888275146484
2004,-1.4485998153686523
2005,-3.571451187133789
2006,-2.123666524887085
2007,-2.2480525970458984
2008,-3.1849241256713867
2009,-6.939146995544434
2010,-2.2173147201538086
2011,-3.206965446472168
2012,-4.616444110870361
2013,-1.1643791198730469
2014,-2.465888023376465
2015,-15.736503601074219
2016,0.11107444763183594
2017,-2.663619041442871
2018,4.092649936676025
2019,-2.6366167068481445
2020,-0.6571178436279297
2021,-16.57951545715332
2022,-0.8568058013916016
2023,-0.8766212463378906
2024,5.821077823638916
2025,-4.249447822570801
2026,0.9141845703125
2027,-12.791128158569336
2028,-2.609452247619629
2029,0.5761985778808594
2030,1.801867961883545
2031,-4.778737545013428
2032,1.248300552368164
2033,-14.190317153930664
2034,-3.0251197814941406
2035,0.8520641326904297
2036,2.589967727661133
2037,-4.891348838806152
2038,1.268209457397461
2039,-13.526422500610352
2040,-3.2271347045898438
2041,0.8831462860107422
2042,0.8674120903015137
2043,-4.687785625457764
2044,1.2040786743164062
2045,-12.382890701293945
2046,-2.9753427505493164
2047,0.8113555908203125
2048,1.1169400215148926
2049,1.4445486068725586
2050,0.2831401824951172
2051,-11.101476669311523
2052,2.3103342056274414
2053,0.19506454467773438
2054,0.6843647956848145
2055,-0.18120193481445312
2056,2.718851089477539
2057,-12.088207244873047
2058,1.190664291381836
2059,2.643768310546875
2060,3.4003453254699707
2061,0.21850872039794922
2062,5.312040328979492
2063,-11.25375747680664
2064,0.8518857955932617
2065,4.922967910766602
2066,6.707688808441162
2067,0.9100875854492188
2068,5.778263092041016
2069,-11.311454772949219
2070,1.4788093566894531
2071,5.344432830810547
2072,6.926700115203857
2073,-2.03524112701416
2074,5.815021514892578
2075,-14.229393005371094
2076,-0.990168571472168
2077,5.275793075561523
2078,5.254326343536377
2079,-2.5890798568725586
2080,-3.382683753967285
2081,-7.473701477050781
2082,-2.2675209045410156
2083,-3.57523250579834
2084,-8.59267807006836
2085,-2.2046165466308594
2086,-3.5695838928222656
2087,-8.594719886779785
2088,-2.142446517944336
2089,-3.563055992126465
2090,-8.594926834106445
2091,-2.242152214050293
2092,-3.594069480895996
2093,-6.692664623260498
2094,-2.163846969604492
2095,-3.599803924560547
2096,-6.691597938537598
2097,-2.0897083282470703
2098,-3.605327606201172
2099,-6.696101665496826
2100,-1.5619134902954102
2101,-3.4521751403808594
2102,-11.426005363464355
2103,-1.4531745910644531
2104,-3.5268564224243164
2105,-3.0716392993927
2106,-2.2983665466308594
2107,-3.1548328399658203
2108,-8.386656761169434
2109,-2.2786197662353516
2110,-3.1655731201171875
2111,-5.947722434997559
2112,-1.1692514419555664
2113,-2.429844856262207
2114,-16.448427200317383
2115,-0.07857418060302734
2116,-2.611832618713379
2117,4.037968158721924
2118,-2.2623519897460938
2119,-0.5660839080810547
2120,-17.436147689819336
2121,-0.8582258224487305
2122,-0.8079967498779297
2123,4.742430210113525
2124,-3.815488815307617
2125,1.0799827575683594
2126,-15.265092849731445
2127,-2.440582275390625
2128,0.6700401306152344
2129,0.7220072746276855
2130,-4.4325995445251465
2131,1.4666881561279297
2132,-17.044767379760742
2133,-2.858443260192871
2134,0.8907966613769531
2135,1.2884063720703125
2136,-4.592396259307861
2137,1.4797840118408203
2138,-16.126998901367188
2139,-3.055058479309082
2140,0.9631900787353516
2141,-0.6757073402404785
2142,-4.27895450592041
2143,1.3646202087402344
2144,-14.829917907714844
2145,-2.772153854370117
2146,0.8842964172363281
2147,-0.13148736953735352
2148,1.6019401550292969
2149,0.30117225646972656
2150,-11.251554489135742
2151,2.351978302001953
2152,0.2116832733154297
2153,0.8352570533752441
2154,-0.2542295455932617
2155,2.7331905364990234
2156,-11.930299758911133
2157,1.2600631713867188
2158,2.6429500579833984
2159,2.950854778289795
2160,0.2262439727783203
2161,5.354448318481445
2162,-10.269034385681152
2163,0.9010858535766602
2164,4.968288421630859
2165,6.635635852813721
2166,0.9140453338623047
2167,5.805316925048828
2168,-10.086233139038086
2169,1.4822072982788086
2170,5.381429672241211
2171,6.760671138763428
2172,-1.9655427932739258
2173,5.813861846923828
2174,-12.655303955078125
2175,-1.0499458312988281
2176,5.2862396240234375
2177,4.433741092681885
2178,-2.767749786376953
2179,-3.221813201904297
2180,-8.931421279907227
2181,-2.4758710861206055
2182,-3.392462730407715
2183,-9.943437576293945
2184,-2.4253005981445312
2185,-3.383098602294922
2186,-9.945551872253418
2187,-2.3876075744628906
2188,-3.3700685501098633
2189,-9.947288513183594
2190,-2.4451828002929688
2191,-3.4084558486938477
2192,-8.07777214050293
2193,-2.367403030395508
2194,-3.411853790283203
2195,-8.075993537902832
2196,-2.3070545196533203
2197,-3.410421371459961
2198,-8.080077171325684
2199,-1.894754409790039
2200,-3.2195520401000977
2201,-12.51121711730957
2202,-1.7460527420043945
2203,-3.291086196899414
2204,-4.32321310043335
2205,-2.557936668395996
2206,-2.9882211685180664
2207,-9.78712272644043
2208,-2.5344953536987305
2209,-2.988339424133301
2210,-7.392642021179199
2211,-1.3269233703613281
2212,-2.1472606658935547
2213,-17.14840316772461
2214,-0.3536825180053711
2215,-2.2783641815185547
2216,2.159756660461426
2217,-1.0893898010253906
2218,-0.2959918975830078
2219,-17.698177337646484
2220,0.0037088394165039062
2221,-0.46248435974121094
2222,3.131751537322998
2223,-1.012847900390625
2224,1.446258544921875
2225,-16.178693771362305
2226,-0.11713504791259766
2227,1.2391223907470703
2228,-0.3342752456665039
2229,-1.0480642318725586
2230,1.9021358489990234
2231,-18.036531448364258
2232,-0.1592721939086914
2233,1.6045875549316406
2234,0.10520076751708984
2235,-1.2061376571655273
2236,2.004903793334961
2237,-17.106609344482422
2238,-0.19945430755615234
2239,1.6689834594726562
2240,-1.6668291091918945
2241,-1.1338262557983398
2242,1.8433914184570312
2243,-15.801956176757812
2244,-0.060080528259277344
2245,1.540618896484375
2246,-1.1264195442199707
2247,1.7360010147094727
2248,0.4495582580566406
2249,-11.231269836425781
2250,2.3832902908325195
2251,0.38494110107421875
2252,0.8134360313415527
2253,-0.2758045196533203
2254,2.7966175079345703
2255,-11.149982452392578
2256,1.1206512451171875
2257,2.6935062408447266
2258,4.463267803192139
2259,0.233978271484375
2260,5.405647277832031
2261,-8.56535816192627
2262,0.9534549713134766
2263,4.986272811889648
2264,10.732446670532227
2265,0.959141731262207
2266,5.892873764038086
2267,-8.4693021774292
2268,1.5557289123535156
2269,5.388084411621094
2270,11.234794616699219
2271,-1.894491195678711
2272,5.813405990600586
2273,-11.785371780395508
2274,-1.0615615844726562
2275,5.287286758422852
2276,9.431562423706055
2277,-3.0774316787719727
2278,-3.073775291442871
2279,-9.15993881225586
2280,-2.805440902709961
2281,-3.22611141204834
2282,-10.120306968688965
2283,-2.751636505126953
2284,-3.2155466079711914
2285,-10.122322082519531
2286,-2.700155258178711
2287,-3.2026662826538086
2288,-10.124013900756836
2289,-2.779855728149414
2290,-3.2348899841308594
2291,-8.299407958984375
2292,-2.710592269897461
2293,-3.231191635131836
2294,-8.297998428344727
2295,-2.646451950073242
2296,-3.225404739379883
2297,-8.301304817199707
2298,-2.1007919311523438
2299,-3.0673274993896484
2300,-12.51645278930664
2301,-1.9954910278320312
2302,-3.132025718688965
2303,-4.516086101531982
2304,-2.836026191711426
2305,-2.837050437927246
2306,-9.961177825927734
2307,-2.8307743072509766
2308,-2.8370933532714844
2309,-7.622269630432129
2310,-1.3962945938110352
2311,-1.9761295318603516
2312,-17.065895080566406
2313,-0.4755678176879883
2314,-2.1607627868652344
2315,1.6839790344238281
2316,-0.7290029525756836
2317,-0.19240951538085938
2318,-18.00260353088379
2319,0.2268352508544922
2320,-0.2857036590576172
2321,2.8539958000183105
2322,-0.5898370742797852
2323,1.5919017791748047
2324,-15.196907043457031
2325,0.15071582794189453
2326,1.3423423767089844
2327,-0.6285314559936523
2328,-0.6393957138061523
2329,2.0375022888183594
2330,-16.89800453186035
2331,0.15363121032714844
2332,1.723989486694336
2333,-0.26584529876708984
2334,-0.785243034362793
2335,2.135835647583008
2336,-16.353351593017578
2337,0.14034175872802734
2338,1.7751789093017578
2339,-1.992175817489624
2340,-0.6560268402099609
2341,1.9595260620117188
2342,-14.873149871826172
2343,0.15736675262451172
2344,1.7077045440673828
2345,-1.4205529689788818
2346,1.845205307006836
2347,0.5131988525390625
2348,-11.207100868225098
2349,2.5432891845703125
2350,0.4293022155761719
2351,0.7934231758117676
2352,-0.31247997283935547
2353,2.833782196044922
2354,-11.224777221679688
2355,1.0910673141479492
2356,2.7036609649658203
2357,5.1190361976623535
2358,0.2380819320678711
2359,5.404685974121094
2360,-8.817748069763184
2361,1.0387039184570312
2362,4.981073379516602
2363,11.016580581665039
2364,0.9746828079223633
2365,5.888446807861328
2366,-8.730690002441406
2367,1.583125114440918
2368,5.38865852355957
2369,11.47081184387207
2370,-1.8375577926635742
2371,5.813619613647461
2372,-12.363149642944336
2373,-0.9221792221069336
2374,5.279840469360352
2375,10.030912399291992
2376,-3.4041643142700195
2377,-2.6727542877197266
2378,-9.055388450622559
2379,-3.0896406173706055
2380,-2.835850715637207
2381,-10.031803131103516
2382,-3.026524543762207
2383,-2.828390121459961
2384,-10.03256893157959
2385,-2.967595100402832
2386,-2.8188562393188477
2387,-10.034385681152344
2388,-3.0917224884033203
2389,-2.842909812927246
2390,-8.155521392822266
2391,-3.0342721939086914
2392,-2.84188175201416
2393,-8.154273986816406
2394,-2.9791650772094727
2395,-2.840601921081543
2396,-8.158039093017578
2397,-2.3922014236450195
2398,-2.688373565673828
2399,-12.542537689208984
2400,-2.306722640991211
2401,-2.7626333236694336
2402,-4.297355651855469
2403,-3.103093147277832
2404,-2.428959846496582
2405,-9.91832160949707
2406,-3.119831085205078
2407,-2.4327125549316406
2408,-7.49410343170166
2409,-1.475362777709961
2410,-1.6274089813232422
2411,-17.120784759521484
2412,-0.8694868087768555
2413,-1.7658557891845703
2414,1.532660961151123
2415,0.41996288299560547
2416,-0.09997367858886719
2417,-19.096240997314453
2418,0.6122417449951172
2419,-0.20328903198242188
2420,2.9927115440368652
2421,1.9171867370605469
2422,1.357839584350586
2423,-18.426870346069336
2424,1.9878692626953125
2425,1.2061405181884766
2426,0.23932123184204102
2427,2.290904998779297
2428,1.726186752319336
2429,-20.382436752319336
2430,2.1917343139648438
2431,1.5272712707519531
2432,0.654289722442627
2433,2.191330909729004
2434,1.8047428131103516
2435,-19.907617568969727
2436,2.3571596145629883
2437,1.6153316497802734
2438,-0.9728288650512695
2439,2.068547248840332
2440,1.6857566833496094
2441,-18.182645797729492
2442,2.0876893997192383
2443,1.545083999633789
2444,-0.4987497329711914
2445,2.1143112182617188
2446,0.8664836883544922
2447,-11.318553924560547
2448,2.5356969833374023
2449,0.6825981140136719
2450,0.908348560333252
2451,-0.7377090454101562
2452,2.9331912994384766
2453,-12.879009246826172
2454,-0.35544395446777344
2455,2.8808460235595703
2456,3.0641608238220215
2457,0.24391746520996094
2458,5.445465087890625
2459,-10.883241653442383
2460,1.0035419464111328
2461,5.007963180541992
2462,9.125965118408203
2463,0.9765796661376953
2464,5.901369094848633
2465,-10.805788040161133
2466,1.5263490676879883
2467,5.393550872802734
2468,9.579092025756836
2469,-1.8287324905395508
2470,5.841739654541016
2471,-13.686502456665039
2472,-0.9874172210693359
2473,5.318325042724609
2474,8.431476593017578
2475,-3.4951953887939453
2476,-2.483724594116211
2477,-7.586379051208496
2478,-3.204296112060547
2479,-2.630204200744629
2480,-8.39706802368164
2481,-3.142819404602051
2482,-2.6272172927856445
2483,-8.396907806396484
2484,-3.0848398208618164
2485,-2.6224517822265625
2486,-8.398687362670898
2487,-3.205817222595215
2488,-2.6350603103637695
2489,-6.403229713439941
2490,-3.147756576538086
2491,-2.636537551879883
2492,-6.400832653045654
2493,-3.0902957916259766
2494,-2.6387882232666016
2495,-6.405747413635254
2496,-2.490345001220703
2497,-2.5441675186157227
2498,-10.841450691223145
2499,-2.4217796325683594
2500,-2.600912094116211
2501,-2.1372480392456055
2502,-3.1830997467041016
2503,-2.309206008911133
2504,-8.507019996643066
2505,-3.204291343688965
2506,-2.3205108642578125
2507,-5.891214847564697
2508,-1.5743207931518555
2509,-1.5400581359863281
2510,-16.150856018066406
2511,-0.9144439697265625
2512,-1.672830581665039
2513,3.523939609527588
2514,0.5178651809692383
2515,-0.14719009399414062
2516,-19.04606819152832
2517,1.1336488723754883
2518,-0.20138168334960938
2519,5.234231472015381
2520,1.9235668182373047
2521,1.2422943115234375
2522,-19.452470779418945
2523,2.200162887573242
2524,1.1188240051269531
2525,3.1145529747009277
2526,2.368025779724121
2527,1.5665531158447266
2528,-21.420215606689453
2529,2.5949525833129883
2530,1.4208812713623047
2531,3.8731532096862793
2532,2.2700986862182617
2533,1.6440372467041016
2534,-20.738340377807617
2535,2.4931602478027344
2536,1.509866714477539
2537,2.3856754302978516
2538,2.1885156631469727
2539,1.5629844665527344
2540,-19.15314483642578
2541,2.2531614303588867
2542,1.3890819549560547
2543,2.4630885124206543
2544,2.18734073638916
2545,0.9472312927246094
2546,-11.479040145874023
2547,2.5420331954956055
2548,0.7215709686279297
2549,1.0691962242126465
2550,-0.97003173828125
2551,3.000699996948242
2552,-14.543680191040039
2553,-0.6944551467895508
2554,2.938058853149414
2555,1.2484259605407715
2556,0.259979248046875
2557,5.483562469482422
2558,-13.759321212768555
2559,0.973210334777832
2560,5.036342620849609
2561,6.9168171882629395
2562,1.004866600036621
2563,5.9139404296875
2564,-13.738225936889648
2565,1.521993637084961
2566,5.396100997924805
2567,7.47542142868042
2568,-1.810281753540039
2569,5.860605239868164
2570,-16.170896530151367
2571,-0.9959793090820312
2572,5.464221954345703
2573,6.853179454803467
2574,-3.6199045181274414
2575,-2.173707962036133
2576,-6.461585521697998
2577,-3.2750377655029297
2578,-2.285468101501465
2579,-7.465126991271973
2580,-3.214491844177246
2581,-2.268495559692383
2582,-7.4632744789123535
2583,-3.158557891845703
2584,-2.2517776489257812
2585,-7.464224338531494
2586,-3.268691062927246
2587,-2.3147926330566406
2588,-5.4244537353515625
2589,-3.205935478210449
2590,-2.3185224533081055
2591,-5.4224982261657715
2592,-3.1445350646972656
2593,-2.3226451873779297
2594,-5.426119327545166
2595,-2.6140880584716797
2596,-2.1214447021484375
2597,-10.712016105651855
2598,-2.5253162384033203
2599,-2.239241600036621
2600,-1.7886693477630615
2601,-3.3653430938720703
2602,-1.9466171264648438
2603,-7.722036361694336
2604,-3.3707990646362305
2605,-1.9832019805908203
2606,-5.039857387542725
2607,-1.5172090530395508
2608,-1.1513290405273438
2609,-16.075603485107422
2610,-0.8336687088012695
2611,-1.3863868713378906
2612,3.312807559967041
2613,1.5576200485229492
2614,-0.18775558471679688
2615,-21.049571990966797
2616,2.204751968383789
2617,-0.4332561492919922
2618,5.876719951629639
2619,4.25571346282959
2620,0.8554000854492188
2621,-25.470335006713867
2622,4.732964515686035
2623,0.353179931640625
2624,5.671419620513916
2625,5.078124046325684
2626,1.0902843475341797
2627,-27.562519073486328
2628,5.434975624084473
2629,0.6101455688476562
2630,6.61814546585083
2631,5.04642391204834
2632,1.1384601593017578
2633,-27.08763313293457
2634,5.379342079162598
2635,0.6785221099853516
2636,5.481749057769775
2637,4.759842872619629
2638,1.0309505462646484
2639,-25.318897247314453
2640,5.120816230773926
2641,0.6136817932128906
2642,5.203145503997803
2643,2.301706314086914
2644,1.2340984344482422
2645,-11.723785400390625
2646,2.605910301208496
2647,1.0474395751953125
2648,1.3123269081115723
2649,-1.2516355514526367
2650,3.114727020263672
2651,-14.896743774414062
2652,-0.4503488540649414
2653,3.047056198120117
2654,1.4347357749938965
2655,0.2641172409057617
2656,5.5078887939453125
2657,-13.699485778808594
2658,1.140024185180664
2659,5.032445907592773
2660,8.640600204467773
2661,1.0451622009277344
2662,5.932056427001953
2663,-13.627250671386719
2664,1.672703742980957
2665,5.378959655761719
2666,9.265798568725586
2667,-1.7707509994506836
2668,5.884510040283203
2669,-16.287416458129883
2670,-0.782374382019043
2671,5.505832672119141
2672,9.044645309448242
2673,-3.5920562744140625
2674,-2.0736007690429688
2675,-6.410711765289307
2676,-3.2735862731933594
2677,-2.180410385131836
2678,-7.437571048736572
2679,-3.2152252197265625
2680,-2.163799285888672
2681,-7.435729026794434
2682,-3.1609277725219727
2683,-2.147336959838867
2684,-7.43684720993042
2685,-3.2630863189697266
2686,-2.213226318359375
2687,-5.478536605834961
2688,-3.1977920532226562
2689,-2.2205820083618164
2690,-5.476661682128906
2691,-3.1327648162841797
2692,-2.2283105850219727
2693,-5.479963302612305
2694,-2.621127128601074
2695,-2.031869888305664
2696,-10.714559555053711
2697,-2.527462959289551
2698,-2.1395530700683594
2699,-2.042729616165161
2700,-3.3458566665649414
2701,-1.8760509490966797
2702,-7.662574768066406
2703,-3.361762046813965
2704,-1.9095230102539062
2705,-5.074371814727783
2706,-1.5417718887329102
2707,-1.0181751251220703
2708,-16.047677993774414
2709,-0.7563667297363281
2710,-1.3490657806396484
2711,2.6532678604125977
2712,1.6648550033569336
2713,-0.08216667175292969
2714,-21.66128158569336
2715,2.695155143737793
2716,-0.4965534210205078
2717,5.400766849517822
2718,4.331772804260254
2719,0.8358421325683594
2720,-26.57362937927246
2721,4.994458198547363
2722,0.30469703674316406
2723,4.768579006195068
2724,5.200861930847168
2725,0.9860477447509766
2726,-28.65847396850586
2727,5.6472673416137695
2728,0.5340290069580078
2729,5.62621545791626
2730,5.224862098693848
2731,1.065011978149414
2732,-28.177547454833984
2733,5.624211311340332
2734,0.5898971557617188
2735,4.453567028045654
2736,4.833489418029785
2737,1.0098953247070312
2738,-26.453527450561523
2739,5.39992618560791
2740,0.5242137908935547
2741,4.2663445472717285
2742,2.2471160888671875
2743,1.3315410614013672
2744,-11.684078216552734
2745,2.7306604385375977
2746,1.0938186645507812
2747,1.2714900970458984
2748,-1.373361587524414
2749,3.185028076171875
2750,-14.06776237487793
2751,-0.3078603744506836
2752,3.083934783935547
2753,1.5972833633422852
2754,0.27427005767822266
2755,5.498374938964844
2756,-12.545159339904785
2757,1.2310819625854492
2758,5.029096603393555
2759,8.952421188354492
2760,1.1250591278076172
2761,5.925971984863281
2762,-12.45744800567627
2763,1.7289133071899414
2764,5.3724822998046875
2765,9.554452896118164
2766,-1.6832027435302734
2767,5.895124435424805
2768,-16.118444442749023
2769,-0.7024421691894531
2770,5.507139205932617
2771,9.32341194152832
2772,-3.5597496032714844
2773,-1.758768081665039
2774,-6.517642974853516
2775,-3.239076614379883
2776,-1.8873462677001953
2777,-7.463279724121094
2778,-3.181253433227539
2779,-1.8762226104736328
2780,-7.462390899658203
2781,-3.1254806518554688
2782,-1.8623428344726562
2783,-7.46251916885376
2784,-3.2347002029418945
2785,-1.9047603607177734
2786,-5.603147983551025
2787,-3.175795555114746
2788,-1.9068489074707031
2789,-5.601966381072998
2790,-3.1163110733032227
2791,-1.9070911407470703
2792,-5.606215000152588
2793,-2.6007394790649414
2794,-1.7184123992919922
2795,-10.714164733886719
2796,-2.561939239501953
2797,-1.7856388092041016
2798,-2.0153284072875977
2799,-3.343876838684082
2800,-1.544351577758789
2801,-7.763144493103027
2802,-3.359163284301758
2803,-1.5554618835449219
2804,-5.085213661193848
2805,-1.4963598251342773
2806,-0.7952003479003906
2807,-15.43145751953125
2808,-0.7769861221313477
2809,-0.9095306396484375
2810,2.5346784591674805
2811,1.9037590026855469
2812,-0.24634552001953125
2813,-20.932273864746094
2814,2.6838817596435547
2815,-0.42130470275878906
2816,5.707591533660889
2817,5.200507164001465
2818,0.24115753173828125
2819,-25.602632522583008
2820,5.56490421295166
2821,0.008749008178710938
2822,6.605739116668701
2823,6.059784889221191
2824,0.3603973388671875
2825,-27.624267578125
2826,6.477194786071777
2827,0.1725311279296875
2828,7.5467352867126465
2829,6.1480817794799805
2830,0.41777610778808594
2831,-27.326683044433594
2832,6.531182289123535
2833,0.19034194946289062
2834,6.7193989753723145
2835,5.751212120056152
2836,0.4099845886230469
2837,-25.5705623626709
2838,6.194005012512207
2839,0.1530628204345703
2840,6.294083118438721
2841,2.2211952209472656
2842,1.5524845123291016
2843,-11.637859344482422
2844,2.726703643798828
2845,1.4279422760009766
2846,1.2244133949279785
2847,-1.6278667449951172
2848,3.2511825561523438
2849,-13.83177375793457
2850,-0.4255256652832031
2851,3.174968719482422
2852,1.7983317375183105
2853,0.2773294448852539
2854,5.519678115844727
2855,-12.486741065979004
2856,1.2206745147705078
2857,5.03959846496582
2858,8.4869384765625
2859,1.1464452743530273
2860,5.925378799438477
2861,-12.352354049682617
2862,1.7613496780395508
2863,5.373439788818359
2864,8.903055191040039
2865,-1.6513042449951172
2866,5.910863876342773
2867,-15.488821029663086
2868,-0.7751407623291016
2869,5.632404327392578
2870,7.979625225067139
2871,-3.5475826263427734
2872,-1.67498779296875
2873,-4.192929744720459
2874,-3.2505245208740234
2875,-1.7752399444580078
2876,-5.05991792678833
2877,-3.198375701904297
2878,-1.7614917755126953
2879,-5.058450222015381
2880,-3.147022247314453
2881,-1.7459754943847656
2882,-5.059593677520752
2883,-3.2407779693603516
2884,-1.801666259765625
2885,-3.194208860397339
2886,-3.1757211685180664
2887,-1.8104438781738281
2888,-3.1919240951538086
2889,-3.1118545532226562
2890,-1.8170299530029297
2891,-3.1933770179748535
2892,-2.6081018447875977
2893,-1.6293964385986328
2894,-8.168354988098145
2895,-2.543996810913086
2896,-1.7178230285644531
2897,0.22835254669189453
2898,-3.3547744750976562
2899,-1.4849720001220703
2900,-5.3625969886779785
2901,-3.3768091201782227
2902,-1.5060234069824219
2903,-2.8965625762939453
2904,-1.5533933639526367
2905,-0.7420310974121094
2906,-13.391141891479492
2907,-0.7480220794677734
2908,-0.8456935882568359
2909,3.9066576957702637
2910,1.6122541427612305
2911,-0.25795936584472656
2912,-20.709762573242188
2913,2.8277225494384766
2914,-0.44664764404296875
2915,7.079275608062744
2916,4.898953437805176
2917,0.09850311279296875
2918,-25.697288513183594
2919,5.537905693054199
2920,-0.11188888549804688
2921,7.4544196128845215
2922,5.801016807556152
2923,0.22278404235839844
2924,-27.64983367919922
2925,6.489348411560059
2926,0.029695510864257812
2927,8.450691223144531
2928,5.9243574142456055
2929,0.2927589416503906
2930,-27.144502639770508
2931,6.512635231018066
2932,0.029432296752929688
2933,7.617578983306885
2934,5.4258317947387695
2935,0.2943859100341797
2936,-25.58584976196289
2937,6.236355781555176
2938,-0.0046405792236328125
2939,7.12990140914917
2940,2.203763008117676
2941,1.5469684600830078
2942,-11.608037948608398
2943,2.8274030685424805
2944,1.4284343719482422
2945,1.192591667175293
2946,-1.6519975662231445
2947,3.326833724975586
2948,-14.332574844360352
2949,-0.5182781219482422
2950,3.2021865844726562
2951,1.3550500869750977
2952,0.29855918884277344
2953,5.5458984375
2954,-14.519622802734375
2955,1.1697998046875
2956,5.058267593383789
2957,6.021027088165283
2958,1.2048358917236328
2959,5.924261093139648
2960,-14.49992561340332
2961,1.7317886352539062
2962,5.374485015869141
2963,6.411754131317139
2964,-1.6353607177734375
2965,5.923351287841797
2966,-16.53499984741211
2967,-0.8159103393554688
2968,5.658193588256836
2969,6.901391506195068
2970,-3.5091819763183594
2971,-1.326681137084961
2972,-7.384878158569336
2973,-3.218478202819824
2974,-1.4649600982666016
2975,-8.413865089416504
2976,-3.1628475189208984
2977,-1.4511222839355469
2978,-8.412857055664062
2979,-3.105937957763672
2980,-1.434305191040039
2981,-8.416054725646973
2982,-3.2202749252319336
2983,-1.4917774200439453
2984,-6.460381507873535
2985,-3.165806770324707
2986,-1.4979171752929688
2987,-6.457586288452148
2988,-3.1096925735473633
2989,-1.5014381408691406
2990,-6.457292079925537
2991,-2.5714645385742188
2992,-1.2984352111816406
2993,-11.55679702758789
2994,-2.5418882369995117
2995,-1.3850383758544922
2996,-2.7865047454833984
2997,-3.312680244445801
2998,-1.0958595275878906
2999,-8.54867935180664
3000,-3.3320131301879883
3001,-1.113077163696289
3002,-5.998293399810791
3003,-1.5067825317382812
3004,-0.4127693176269531
3005,-15.579496383666992
3006,-0.7480697631835938
3007,-0.5356731414794922
3008,1.037734031677246
3009,2.0808591842651367
3010,-0.15225982666015625
3011,-22.81163215637207
3012,2.513167381286621
3013,-0.26845359802246094
3014,6.553828716278076
3015,5.245104789733887
3016,-0.04324913024902344
3017,-29.231807708740234
3018,5.433547019958496
3019,-0.17351722717285156
3020,7.836475849151611
3021,6.132861137390137
3022,0.0302886962890625
3023,-31.488868713378906
3024,6.415688514709473
3025,-0.03698921203613281
3026,8.824394226074219
3027,6.200583457946777
3028,0.08469009399414062
3029,-31.3459529876709
3030,6.4461774826049805
3031,-0.0732269287109375
3032,8.005760192871094
3033,5.78262996673584
3034,0.09190559387207031
3035,-29.33538246154785
3036,6.030510902404785
3037,-0.09798431396484375
3038,7.5541510581970215
3039,2.324005126953125
3040,1.868692398071289
3041,-11.580211639404297
3042,2.8048276901245117
3043,1.7427349090576172
3044,1.1655874252319336
3045,-1.8180465698242188
3046,3.405515670776367
3047,-13.702983856201172
3048,-0.6647329330444336
3049,3.2893505096435547
3050,1.626668930053711
3051,0.30243778228759766
3052,5.56840705871582
3053,-10.40693473815918
3054,1.1321535110473633
3055,5.130401611328125
3056,7.874638080596924
3057,1.213700294494629
3058,5.919704437255859
3059,-9.899503707885742
3060,1.724909782409668
3061,5.416431427001953
3062,8.488569259643555
3063,-1.6325969696044922
3064,5.95356559753418
3065,-11.410202026367188
3066,-0.8523197174072266
3067,5.744289398193359
3068,8.343439102172852
3069,-3.51870059967041
3070,-1.2520275115966797
3071,-7.329893112182617
3072,-3.2491636276245117
3073,-1.3665695190429688
3074,-8.358904838562012
3075,-3.2016448974609375
3076,-1.3498401641845703
3077,-8.359207153320312
3078,-3.1536760330200195
3079,-1.3314228057861328
3080,-8.360995292663574
3081,-3.234431266784668
3082,-1.397247314453125
3083,-6.396146774291992
3084,-3.1765480041503906
3085,-1.4025840759277344
3086,-6.393867492675781
3087,-3.1170244216918945
3088,-1.40606689453125
3089,-6.394771575927734
3090,-2.6331729888916016
3091,-1.2099189758300781
3092,-11.471489906311035
3093,-2.531949043273926
3094,-1.3120136260986328
3095,-3.1448800563812256
3096,-3.317568778991699
3097,-1.0454177856445312
3098,-8.385802268981934
3099,-3.3273391723632812
3100,-1.0673675537109375
3101,-5.881290435791016
3102,-1.5184297561645508
3103,-0.3401355743408203
3104,-15.72408676147461
3105,-0.7225627899169922
3106,-0.4815711975097656
3107,0.5674076080322266
3108,1.943812370300293
3109,-0.1397991180419922
3110,-22.416309356689453
3111,2.6078739166259766
3112,-0.22553253173828125
3113,5.158466815948486
3114,5.378302574157715
3115,-0.10224533081054688
3116,-28.684720993041992
3117,5.549010276794434
3118,-0.1939849853515625
3119,6.426537036895752
3120,6.290850639343262
3121,-0.0625152587890625
3122,-30.83271598815918
3123,6.585240364074707
3124,-0.08711624145507812
3125,7.2745585441589355
3126,6.439570426940918
3127,-0.019666671752929688
3128,-30.655141830444336
3129,6.674008369445801
3130,-0.13319969177246094
3131,6.503249645233154
3132,6.051552772521973
3133,-0.008581161499023438
3134,-28.769678115844727
3135,6.274458885192871
3136,-0.15418624877929688
3137,6.1131367683410645
3138,2.222805976867676
3139,1.9462814331054688
3140,-11.5048828125
3141,2.9243345260620117
3142,1.7804813385009766
3143,1.085556983947754
3144,-1.9249143600463867
3145,3.4229488372802734
3146,-11.432661056518555
3147,-0.6144475936889648
3148,3.282773971557617
3149,4.827756404876709
3150,0.3036823272705078
3151,5.598405838012695
3152,-9.923227310180664
3153,1.1493120193481445
3154,5.121759414672852
3155,10.536064147949219
3156,1.2114038467407227
3157,5.945398330688477
3158,-9.622161865234375
3159,1.728653907775879
3160,5.411319732666016
3161,11.071380615234375
3162,-1.6306076049804688
3163,5.96796989440918
3164,-11.548375129699707
3165,-0.7158527374267578
3166,5.711397171020508
3167,10.782922744750977
3168,-3.4561843872070312
3169,-1.1050758361816406
3170,-7.226141929626465
3171,-3.195797920227051
3172,-1.236593246459961
3173,-8.27182674407959
3174,-3.1538496017456055
3175,-1.222930908203125
3176,-8.272538185119629
3177,-3.1134843826293945
3178,-1.206563949584961
3179,-8.273720741271973
3180,-3.1780481338500977
3181,-1.2609729766845703
3182,-6.334699630737305
3183,-3.1226587295532227
3184,-1.266225814819336
3185,-6.332653999328613
3186,-3.0652036666870117
3187,-1.2674121856689453
3188,-6.3340630531311035
3189,-2.5994558334350586
3190,-1.0901775360107422
3191,-11.942187309265137
3192,-2.460385322570801
3193,-1.1845016479492188
3194,-3.679811477661133
3195,-3.256230354309082
3196,-0.9006443023681641
3197,-8.286870002746582
3198,-3.262857437133789
3199,-0.9177646636962891
3200,-5.831593036651611
3201,-1.4865741729736328
3202,-0.1826171875
3203,-16.653547286987305
3204,-0.6984586715698242
3205,-0.38611602783203125
3206,-0.0798802375793457
3207,1.8420095443725586
3208,0.1698284149169922
3209,-23.350868225097656
3210,2.541895866394043
3211,-0.035411834716796875
3212,4.962900638580322
3213,5.225035667419434
3214,0.1874866485595703
3215,-29.401086807250977
3216,5.293522834777832
3217,0.05364036560058594
3218,7.945760250091553
3219,6.199328422546387
3220,0.18763160705566406
3221,-31.506269454956055
3222,6.372591972351074
3223,0.18177223205566406
3224,9.080108642578125
3225,6.274542808532715
3226,0.21323013305664062
3227,-31.304847717285156
3228,6.45188045501709
3229,0.06635856628417969
3230,8.417587280273438
3231,5.839774131774902
3232,0.24164390563964844
3233,-29.47425651550293
3234,5.931797981262207
3235,0.051647186279296875
3236,7.737080097198486
3237,2.257291793823242
3238,2.140981674194336
3239,-11.500495910644531
3240,2.863703727722168
3241,1.8662567138671875
3242,1.080047607421875
3243,-2.038723945617676
3244,3.5670814514160156
3245,-10.551641464233398
3246,-0.8636751174926758
3247,3.3549232482910156
3248,5.607748508453369
3249,0.3057546615600586
3250,5.626119613647461
3251,-8.091584205627441
3252,1.1294450759887695
3253,5.08411979675293
3254,12.317113876342773
3255,1.2096195220947266
3256,5.978219985961914
3257,-7.666679859161377
3258,1.7345991134643555
3259,5.283168792724609
3260,12.991340637207031
3261,-1.6205921173095703
3262,6.0054473876953125
3263,-9.240827560424805
3264,-0.10219478607177734
3265,5.707075119018555
3266,13.013946533203125
3267,-3.460341453552246
3268,-1.0747051239013672
3269,-8.07545280456543
3270,-3.2099952697753906
3271,-1.1974925994873047
3272,-9.194643020629883
3273,-3.169022560119629
3274,-1.1840076446533203
3275,-9.194245338439941
3276,-3.128298759460449
3277,-1.1690006256103516
3278,-9.197467803955078
3279,-3.1893491744995117
3280,-1.2278690338134766
3281,-7.358081817626953
3282,-3.132875442504883
3283,-1.2369709014892578
3284,-7.355944633483887
3285,-3.0730247497558594
3286,-1.2429962158203125
3287,-7.35667610168457
3288,-2.5942296981811523
3289,-1.0753097534179688
3290,-12.85954475402832
3291,-2.460979461669922
3292,-1.1643390655517578
3293,-4.7358927726745605
3294,-3.2748289108276367
3295,-0.8861446380615234
3296,-9.310577392578125
3297,-3.280653953552246
3298,-0.9070682525634766
3299,-6.9427809715271
3300,-1.4817113876342773
3301,-0.1311321258544922
3302,-17.243059158325195
3303,-0.7154178619384766
3304,-0.38576507568359375
3305,-1.017974853515625
3306,1.9066638946533203
3307,0.1805572509765625
3308,-23.078256607055664
3309,2.5527400970458984
3310,-0.14230728149414062
3311,3.515617847442627
3312,5.544997215270996
3313,0.21631813049316406
3314,-28.171491622924805
3315,5.538296699523926
3316,0.06877517700195312
3317,6.4574055671691895
3318,6.49069881439209
3319,0.19989776611328125
3320,-30.230388641357422
3321,6.628121376037598
3322,0.13953781127929688
3323,7.33707857131958
3324,6.59940242767334
3325,0.21435546875
3326,-30.11501693725586
3327,6.682522773742676
3328,0.04694557189941406
3329,6.527198314666748
3330,6.192627906799316
3331,0.24304771423339844
3332,-28.268539428710938
3333,6.327736854553223
3334,0.03847694396972656
3335,6.120755672454834
3336,2.344484329223633
3337,2.1910362243652344
3338,-11.46597671508789
3339,2.769023895263672
3340,1.8948726654052734
3341,1.045457363128662
3342,-2.034745216369629
3343,3.5822677612304688
3344,-10.69597053527832
3345,-1.1433744430541992
3346,3.380983352661133
3347,4.893637180328369
3348,0.30267906188964844
3349,5.646703720092773
3350,-6.9862060546875
3351,1.0835247039794922
3352,5.063484191894531
3353,12.857280731201172
3354,1.2083024978637695
3355,5.980005264282227
3356,-6.482903480529785
3357,1.715928077697754
3358,5.276607513427734
3359,13.650644302368164
3360,-1.6211280822753906
3361,6.016630172729492
3362,-8.155011177062988
3363,-0.2347879409790039
3364,5.731794357299805
3365,13.665340423583984
3366,-3.4461889266967773
3367,-1.021932601928711
3368,-2.728168249130249
3369,-3.1786012649536133
3370,-1.145233154296875
3371,-3.962985038757324
3372,-3.128096580505371
3373,-1.1351280212402344
3374,-3.9607996940612793
3375,-3.079042434692383
3376,-1.1235847473144531
3377,-3.962655544281006
3378,-3.170795440673828
3379,-1.1673965454101562
3380,-2.234210968017578
3381,-3.112447738647461
3382,-1.1737289428710938
3383,-2.2325546741485596
3384,-3.052212715148926
3385,-1.1781997680664062
3386,-2.2354977130889893
3387,-2.5226898193359375
3388,-1.0364646911621094
3389,-8.70792293548584
3390,-2.454352378845215
3391,-1.1305484771728516
3392,-1.0081791877746582
3393,-3.2453880310058594
3394,-0.8361778259277344
3395,-4.393393039703369
3396,-3.264760971069336
3397,-0.8492050170898438
3398,-2.1608150005340576
3399,-1.4773578643798828
3400,-0.10410308837890625
3401,-14.845401763916016
3402,-0.36037158966064453
3403,-0.4130840301513672
3404,1.4529385566711426
3405,1.7479286193847656
3406,0.5095119476318359
3407,-22.1381778717041
3408,2.63791561126709
3409,0.2110137939453125
3410,6.181058406829834
3411,4.8671674728393555
3412,1.108633041381836
3413,-26.136449813842773
3414,5.335139274597168
3415,0.8367576599121094
3416,9.22586441040039
3417,5.797167778015137
3418,1.137186050415039
3419,-27.957988739013672
3420,6.148934364318848
3421,1.0013256072998047
3422,10.489965438842773
3423,5.714211463928223
3424,1.2187042236328125
3425,-27.579147338867188
3426,6.126114845275879
3427,1.0267353057861328
3428,9.800575256347656
3429,5.465106010437012
3430,1.1811790466308594
3431,-26.081281661987305
3432,5.884543418884277
3433,0.96795654296875
3434,8.983829498291016
3435,2.315065383911133
3436,2.2801589965820312
3437,-11.414579391479492
3438,2.8291873931884766
3439,1.993673324584961
3440,0.9900636672973633
3441,-2.1297969818115234
3442,3.6650390625
3443,-10.57182502746582
3444,-0.9636735916137695
3445,3.453390121459961
3446,6.050297260284424
3447,0.2505836486816406
3448,5.673433303833008
3449,-8.466793060302734
3450,1.069951057434082
3451,5.043767929077148
3452,12.827606201171875
3453,1.1839885711669922
3454,5.989276885986328
3455,-8.168139457702637
3456,1.7081489562988281
3457,5.218843460083008
3458,13.542884826660156
3459,-1.6228923797607422
3460,6.039546966552734
3461,-9.891817092895508
3462,0.05866241455078125
3463,5.7175140380859375
3464,13.88874626159668
3465,-3.4391231536865234
3466,-1.0560779571533203
3467,-2.5675594806671143
3468,-3.1386117935180664
3469,-1.1676807403564453
3470,-3.7760627269744873
3471,-3.0825414657592773
3472,-1.1568756103515625
3473,-3.77404522895813
3474,-3.0288572311401367
3475,-1.1441688537597656
3476,-3.7759673595428467
3477,-3.134047508239746
3478,-1.1887397766113281
3479,-2.0186896324157715
3480,-3.072310447692871
3481,-1.1941566467285156
3482,-2.01739501953125
3483,-3.01699161529541
3484,-1.2016944885253906
3485,-2.019990921020508
3486,-2.47054386138916
3487,-1.0526065826416016
3488,-8.360857009887695
3489,-2.4253063201904297
3490,-1.1344547271728516
3491,-0.5280036926269531
3492,-3.2169198989868164
3493,-0.8789081573486328
3494,-4.184146881103516
3495,-3.240635871887207
3496,-0.8941020965576172
3497,-1.915640115737915
3498,-1.4678173065185547
3499,-0.11136817932128906
3500,-14.54159164428711
3501,-0.18706989288330078
3502,-0.4085540771484375
3503,2.213223457336426
3504,1.731553077697754
3505,0.5281200408935547
3506,-21.74627685546875
3507,2.7226057052612305
3508,0.23422813415527344
3509,6.802979946136475
3510,5.092772483825684
3511,1.2049732208251953
3512,-26.160579681396484
3513,5.444514274597168
3514,0.9841499328613281
3515,9.627962112426758
3516,5.879199028015137
3517,1.2968101501464844
3518,-27.927783966064453
3519,6.209399223327637
3520,1.1142139434814453
3521,10.921228408813477
3522,5.940920829772949
3523,1.3481464385986328
3524,-27.453310012817383
3525,6.205052375793457
3526,1.1351261138916016
3527,10.205484390258789
3528,5.570849418640137
3529,1.3434066772460938
3530,-26.073314666748047
3531,5.971125602722168
3532,1.0927867889404297
3533,9.381933212280273
3534,2.2699012756347656
3535,2.2621994018554688
3536,-11.413077354431152
3537,2.8226375579833984
3538,2.023447036743164
3539,0.9864602088928223
3540,-2.1075620651245117
3541,3.6656246185302734
3542,-10.130500793457031
3543,-0.9796829223632812
3544,3.507028579711914
3545,6.2684502601623535
3546,0.2450571060180664
3547,5.685262680053711
3548,-8.422289848327637
3549,1.0670900344848633
3550,5.042581558227539
3551,12.977907180786133
3552,1.176497459411621
3553,6.002336502075195
3554,-8.118971824645996
3555,1.7087726593017578
3556,5.207061767578125
3557,13.684335708618164
3558,-1.6252880096435547
3559,6.04564094543457
3560,-9.71392822265625
3561,0.11944866180419922
3562,5.725046157836914
3563,13.937360763549805
3564,-2.736776351928711
3565,-1.2390937805175781
3566,-6.443641185760498
3567,-2.521963119506836
3568,-1.3498859405517578
3569,-7.558310508728027
3570,-2.498427391052246
3571,-1.3372020721435547
3572,-7.557372570037842
3573,-2.478560447692871
3574,-1.3232898712158203
3575,-7.559196472167969
3576,-2.4226551055908203
3577,-1.3769569396972656
3578,-5.804082870483398
3579,-2.3357362747192383
3580,-1.3819007873535156
3581,-5.802526950836182
3582,-2.2538280487060547
3583,-1.3861656188964844
3584,-5.807736396789551
3585,-2.003432273864746
3586,-1.2381343841552734
3587,-11.330782890319824
3588,-1.715261459350586
3589,-1.3208751678466797
3590,-3.4172067642211914
3591,-2.612236976623535
3592,-1.0624122619628906
3593,-7.784273147583008
3594,-2.5633888244628906
3595,-1.076772689819336
3596,-5.4820661544799805
3597,-1.1929550170898438
3598,-0.24895286560058594
3599,-16.575136184692383
3600,-0.18386459350585938
3601,-0.4234580993652344
3602,0.5486035346984863
3603,1.4797782897949219
3604,1.0552005767822266
3605,-22.036828994750977
3606,2.444580078125
3607,0.9362831115722656
3608,3.2676339149475098
3609,3.9518022537231445
3610,2.4889373779296875
3611,-25.35850715637207
3612,4.31789493560791
3613,2.1732444763183594
3614,3.1668381690979004
3615,4.505629539489746
3616,2.775106430053711
3617,-27.270145416259766
3618,5.106345176696777
3619,2.364614486694336
3620,3.932497501373291
3621,4.564549446105957
3622,2.892852783203125
3623,-26.75603675842285
3624,5.4125776290893555
3625,2.460878372192383
3626,2.655595302581787
3627,4.3008928298950195
3628,2.719114303588867
3629,-25.221948623657227
3630,5.03732967376709
3631,2.378458023071289
3632,2.621222972869873
3633,2.3467254638671875
3634,2.3325748443603516
3635,-11.269786834716797
3636,2.777862548828125
3637,2.083934783935547
3638,0.8500065803527832
3639,-2.1282758712768555
3640,3.6316490173339844
3641,-11.891244888305664
3642,-1.3245105743408203
3643,3.418313980102539
3644,5.4506916999816895
3645,0.23836612701416016
3646,5.71356201171875
3647,-8.697848320007324
3648,0.9536800384521484
3649,5.041547775268555
3650,11.843803405761719
3651,1.1762208938598633
3652,6.039615631103516
3653,-8.164786338806152
3654,1.6850261688232422
3655,5.216878890991211
3656,12.558332443237305
3657,-1.6258773803710938
3658,6.079156875610352
3659,-10.737165451049805
3660,-0.05579090118408203
3661,5.740133285522461
3662,12.492162704467773
3663,-2.519519805908203
3664,-1.2630558013916016
3665,-10.439712524414062
3666,-2.318007469177246
3667,-1.3873577117919922
3668,-11.361932754516602
3669,-2.2919998168945312
3670,-1.3742008209228516
3671,-11.362165451049805
3672,-2.2721147537231445
3673,-1.3595123291015625
3674,-11.364530563354492
3675,-2.2442684173583984
3676,-1.4078540802001953
3677,-9.513906478881836
3678,-2.1674766540527344
3679,-1.4105167388916016
3680,-9.512554168701172
3681,-2.096170425415039
3682,-1.4112625122070312
3683,-9.516448020935059
3684,-1.8231925964355469
3685,-1.2544422149658203
3686,-14.08582878112793
3687,-1.563929557800293
3688,-1.3327960968017578
3689,-5.817710876464844
3690,-2.3482446670532227
3691,-1.082326889038086
3692,-11.386823654174805
3693,-2.3063764572143555
3694,-1.0974750518798828
3695,-8.971904754638672
3696,-1.0755338668823242
3697,-0.2053070068359375
3698,-18.289962768554688
3699,-0.17305564880371094
3700,-0.41412353515625
3701,-1.033395767211914
3702,1.3339662551879883
3703,1.2465400695800781
3704,-22.51380729675293
3705,2.1765623092651367
3706,1.051412582397461
3707,1.3366522789001465
3708,3.6360044479370117
3709,2.6725025177001953
3710,-24.899450302124023
3711,3.8484106063842773
3712,2.2239818572998047
3713,0.3632988929748535
3714,4.130722999572754
3715,2.973337173461914
3716,-26.8515567779541
3717,4.623404502868652
3718,2.536130905151367
3719,0.9340896606445312
3720,4.159207344055176
3721,3.009561538696289
3722,-26.382308959960938
3723,5.073504447937012
3724,2.6313819885253906
3725,-0.41832399368286133
3726,3.90720272064209
3727,2.8619842529296875
3728,-24.767776489257812
3729,4.380803108215332
3730,2.5497684478759766
3731,-0.23654842376708984
3732,2.3666391372680664
3733,2.4002418518066406
3734,-11.151586532592773
3735,2.7473974227905273
3736,2.064115524291992
3737,0.7367186546325684
3738,-2.126016616821289
3739,3.6257076263427734
3740,-11.888439178466797
3741,-1.4050531387329102
3742,3.3897647857666016
3743,4.951291561126709
3744,0.19161319732666016
3745,5.69523811340332
3746,-8.1011962890625
3747,0.9304447174072266
3748,4.988468170166016
3749,12.459413528442383
3750,1.1367101669311523
3751,6.030832290649414
3752,-7.679507255554199
3753,1.7411565780639648
3754,5.138517379760742
3755,13.276962280273438
3756,-1.629075050354004
3757,6.0802764892578125
3758,-9.56208324432373
3759,0.18146038055419922
3760,5.717046737670898
3761,13.410123825073242
3762,-2.142605781555176
3763,-1.4686641693115234
3764,-13.029644966125488
3765,-1.8462228775024414
3766,-1.5973014831542969
3767,-14.016788482666016
3768,-1.7980785369873047
3769,-1.585174560546875
3770,-14.019170761108398
3771,-1.7464103698730469
3772,-1.5715465545654297
3773,-14.020824432373047
3774,-1.8244142532348633
3775,-1.6166820526123047
3776,-12.32464599609375
3777,-1.7632780075073242
3778,-1.6189842224121094
3779,-12.323999404907227
3780,-1.6890592575073242
3781,-1.6200408935546875
3782,-12.326772689819336
3783,-1.2340097427368164
3784,-1.4553794860839844
3785,-16.45174217224121
3786,-1.049443244934082
3787,-1.5237464904785156
3788,-8.871574401855469
3789,-2.002495765686035
3790,-1.2809410095214844
3791,-13.808349609375
3792,-2.0099706649780273
3793,-1.295999526977539
3794,-11.594369888305664
3795,-0.7708883285522461
3796,-0.2810630798339844
3797,-19.874868392944336
3798,0.04176807403564453
3799,-0.5381202697753906
3800,-3.411515474319458
3801,0.4290761947631836
3802,1.577779769897461
3803,-22.251522064208984
3804,1.1723508834838867
3805,1.305490493774414
3806,-1.8776121139526367
3807,0.37670421600341797
3808,3.398956298828125
3809,-21.01364517211914
3810,0.9446077346801758
3811,2.9188613891601562
3812,-4.0377984046936035
3813,0.47708606719970703
3814,3.820903778076172
3815,-22.906801223754883
3816,0.9085350036621094
3817,3.243816375732422
3818,-3.9549872875213623
3819,0.1613922119140625
3820,3.931673049926758
3821,-22.502180099487305
3822,0.9320516586303711
3823,3.4595508575439453
3824,-5.599370956420898
3825,0.11119461059570312
3826,3.757749557495117
3827,-20.828628540039062
3828,0.9797687530517578
3829,3.3688697814941406
3830,-4.7862467765808105
3831,2.354250907897949
3832,2.337169647216797
3833,-11.012401580810547
3834,2.7645998001098633
3835,2.065370559692383
3836,0.5989375114440918
3837,-2.4100875854492188
3838,3.5803394317626953
3839,-9.663665771484375
3840,-1.3096132278442383
3841,3.265310287475586
3842,8.277326583862305
3843,0.136749267578125
3844,5.6873931884765625
3845,-2.927441358566284
3846,0.9417133331298828
3847,4.922992706298828
3848,18.560321807861328
3849,1.0068235397338867
3850,6.028020858764648
3851,-2.257173538208008
3852,1.7400522232055664
3853,5.083030700683594
3854,19.52549171447754
3855,-1.63128662109375
3856,6.07752799987793
3857,-3.2347946166992188
3858,0.3273439407348633
3859,5.593448638916016
3860,19.674087524414062
3861,-1.9501028060913086
3862,-1.56915283203125
3863,-12.598517417907715
3864,-1.6586427688598633
3865,-1.6901836395263672
3866,-13.532218933105469
3867,-1.6169767379760742
3868,-1.6762523651123047
3869,-13.534273147583008
3870,-1.5729198455810547
3871,-1.6609973907470703
3872,-13.536050796508789
3873,-1.6269731521606445
3874,-1.7095813751220703
3875,-11.886686325073242
3876,-1.561330795288086
3877,-1.7107353210449219
3878,-11.885001182556152
3879,-1.4852752685546875
3880,-1.7107200622558594
3881,-11.886431694030762
3882,-1.0576105117797852
3883,-1.5282955169677734
3884,-15.92732048034668
3885,-0.8270912170410156
3886,-1.5964488983154297
3887,-8.569269180297852
3888,-1.8312482833862305
3889,-1.3742351531982422
3890,-13.36160659790039
3891,-1.8353042602539062
3892,-1.3933906555175781
3893,-11.209250450134277
3894,-0.6955633163452148
3895,-0.32117271423339844
3896,-19.362895965576172
3897,0.20493602752685547
3898,-0.5703697204589844
3899,-3.0784339904785156
3900,-0.009840965270996094
3901,1.5871829986572266
3902,-21.98550796508789
3903,1.148214340209961
3904,1.2211227416992188
3905,-1.3516669273376465
3906,-0.25417232513427734
3907,3.446165084838867
3908,-19.537565231323242
3909,0.43430042266845703
3910,2.9468936920166016
3911,-3.140946865081787
3912,-0.28499412536621094
3913,3.8616771697998047
3914,-21.27427101135254
3915,0.5560131072998047
3916,3.3234081268310547
3917,-2.8692829608917236
3918,-0.6056480407714844
3919,3.9240150451660156
3920,-20.77618980407715
3921,0.5206823348999023
3922,3.4218597412109375
3923,-4.402040481567383
3924,-0.5880060195922852
3925,3.7355728149414062
3926,-19.290077209472656
3927,0.6089544296264648
3928,3.3356399536132812
3929,-3.8170166015625
3930,2.187150001525879
3931,2.3098888397216797
3932,-10.905488014221191
3933,2.744002342224121
3934,2.0651798248291016
3935,0.49091243743896484
3936,-2.3229875564575195
3937,3.6908912658691406
3938,-9.0773344039917
3939,-1.2222795486450195
3940,3.187044143676758
3941,7.09357213973999
3942,0.10973644256591797
3943,5.697710037231445
3944,-4.083508014678955
3945,0.9654788970947266
3946,4.917062759399414
3947,14.684782028198242
3948,0.9913749694824219
3949,6.021848678588867
3950,-3.583434820175171
3951,1.7497901916503906
3952,5.047178268432617
3953,15.371826171875
3954,-1.6440153121948242
3955,6.086565017700195
3956,-4.393002033233643
3957,0.6959085464477539
3958,5.543573379516602
3959,15.47840690612793
3960,-0.9825801849365234
3961,-1.9299678802490234
3962,-8.816634178161621
3963,-0.6441116333007812
3964,-1.9901008605957031
3965,-10.374431610107422
3966,-0.6103649139404297
3967,-1.958648681640625
3968,-10.383136749267578
3969,-0.5753726959228516
3970,-1.9263782501220703
3971,-10.381729125976562
3972,-0.5610017776489258
3973,-2.016450881958008
3974,-9.161458969116211
3975,-0.47020435333251953
3976,-2.0048351287841797
3977,-9.161260604858398
3978,-0.36577701568603516
3979,-1.9933624267578125
3980,-9.155187606811523
3981,-0.1913156509399414
3982,-1.6808395385742188
3983,-14.048973083496094
3984,0.09633064270019531
3985,-1.7420177459716797
3986,-6.643033027648926
3987,-0.9665384292602539
3988,-1.6552658081054688
3989,-9.810583114624023
3990,-0.9120187759399414
3991,-1.6895713806152344
3992,-8.121363639831543
3993,-0.5606412887573242
3994,-0.43837738037109375
3995,-16.692407608032227
3996,0.7095375061035156
3997,-0.67718505859375
3998,-2.7974071502685547
3999,-1.9260244369506836
4000,1.1348838806152344
4001,-16.066505432128906
4002,-0.1915121078491211
4003,0.7794685363769531
4004,2.928187847137451
4005,-4.465619087219238
4006,2.333354949951172
4007,-11.701460838317871
4008,-2.9834156036376953
4009,1.8491096496582031
4010,5.217230319976807
4011,-5.3422956466674805
4012,2.595731735229492
4013,-13.195535659790039
4014,-3.5031490325927734
4015,2.2475547790527344
4016,6.027037143707275
4017,-5.485284805297852
4018,2.570598602294922
4019,-12.215131759643555
4020,-3.5569000244140625
4021,2.3730392456054688
4022,4.520704746246338
4023,-5.157405853271484
4024,2.4849109649658203
4025,-11.213714599609375
4026,-3.443068504333496
4027,2.1849098205566406
4028,4.658607006072998
4029,2.0597620010375977
4030,2.1988048553466797
4031,-10.6318359375
4032,2.72792911529541
4033,1.9807109832763672
4034,0.22037553787231445
4035,-2.3314714431762695
4036,3.703380584716797
4037,-7.397314071655273
4038,-1.1512670516967773
4039,3.2692813873291016
4040,6.698183536529541
4041,0.06916236877441406
4042,5.710416793823242
4043,-2.1358842849731445
4044,0.9877099990844727
4045,4.918220520019531
4046,14.600404739379883
4047,0.9720458984375
4048,6.016994476318359
4049,-1.443340539932251
4050,1.7938919067382812
4051,5.07453727722168
4052,15.486324310302734
4053,-1.6448984146118164
4054,6.08427619934082
4055,-1.3579823970794678
4056,0.8276777267456055
4057,5.540327072143555
4058,16.032176971435547
4059,-0.754185676574707
4060,-2.054048538208008
4061,-6.809404373168945
4062,-0.4092731475830078
4063,-2.0927295684814453
4064,-8.301623344421387
4065,-0.3933267593383789
4066,-2.0595760345458984
4067,-8.307477951049805
4068,-0.37589263916015625
4069,-2.027090072631836
4070,-8.305310249328613
4071,-0.2939634323120117
4072,-2.1183605194091797
4073,-7.001211166381836
4074,-0.18932151794433594
4075,-2.1035728454589844
4076,-7.001059532165527
4077,-0.08301830291748047
4078,-2.089265823364258
4079,-6.998383045196533
4080,-0.01884746551513672
4081,-1.7688751220703125
4082,-12.376106262207031
4083,0.3836097717285156
4084,-1.8117389678955078
4085,-5.745039939880371
4086,-0.7720460891723633
4087,-1.7765560150146484
4088,-7.974154472351074
4089,-0.6750965118408203
4090,-1.809793472290039
4091,-6.219671249389648
4092,-0.5356922149658203
4093,-0.5215492248535156
4094,-15.777202606201172
4095,0.9480743408203125
4096,-0.7541675567626953
4097,-1.847357988357544
4098,-2.316316604614258
4099,1.0002708435058594
4100,-15.453231811523438
4101,0.1675271987915039
4102,0.7391586303710938
4103,3.8946242332458496
4104,-4.903299331665039
4105,2.0824432373046875
4106,-10.976738929748535
4107,-1.8609590530395508
4108,1.8631305694580078
4109,6.174004077911377
4110,-5.70690393447876
4111,2.2796287536621094
4112,-12.36496353149414
4113,-2.2209653854370117
4114,2.0014495849609375
4115,6.848544597625732
4116,-5.87652063369751
4117,2.248109817504883
4118,-11.548664093017578
4119,-2.2703962326049805
4120,2.036876678466797
4121,5.519735813140869
4122,-5.553356170654297
4123,2.1789493560791016
4124,-10.539852142333984
4125,-2.162184715270996
4126,1.9882793426513672
4127,5.678228855133057
4128,1.9037208557128906
4129,2.1560707092285156
4130,-10.552652359008789
4131,2.713393211364746
4132,1.9640426635742188
4133,0.1398625373840332
4134,-2.3336143493652344
4135,3.6766624450683594
4136,-8.367420196533203
4137,-1.108922004699707
4138,3.4412765502929688
4139,6.817989826202393
4140,0.05275726318359375
4141,5.722326278686523
4142,-4.233088970184326
4143,0.986506462097168
4144,4.924055099487305
4145,14.865472793579102
4146,0.9312067031860352
4147,6.019571304321289
4148,-3.6780011653900146
4149,1.781987190246582
4150,5.077049255371094
4151,15.760246276855469
4152,-1.7006921768188477
4153,6.082555770874023
4154,-4.399625301361084
4155,0.7329978942871094
4156,5.548160552978516
4157,16.311025619506836
4158,0.10184955596923828
4159,-2.263944625854492
4160,-3.3335325717926025
4161,0.40364742279052734
4162,-2.3132505416870117
4163,-4.755542755126953
4164,0.40387821197509766
4165,-2.286269187927246
4166,-4.7574238777160645
4167,0.4011058807373047
4168,-2.260178565979004
4169,-4.757014274597168
4170,0.5779752731323242
4171,-2.3354272842407227
4172,-3.4665303230285645
4173,0.6780786514282227
4174,-2.3224668502807617
4175,-3.465993881225586
4176,0.7704639434814453
4177,-2.310053825378418
4178,-3.4658477306365967
4179,0.6141366958618164
4180,-2.0452632904052734
4181,-9.05248737335205
4182,1.176224708557129
4183,-2.067647933959961
4184,-3.446956157684326
4185,0.050884246826171875
4186,-2.0070858001708984
4187,-4.663785934448242
4188,0.1612262725830078
4189,-2.034616470336914
4190,-3.001344919204712
4191,-0.5194807052612305
4192,-0.7201175689697266
4193,-13.717714309692383
4194,1.4938793182373047
4195,-1.0130596160888672
4196,0.28632688522338867
4197,-3.2772445678710938
4198,-0.021907806396484375
4199,-14.432357788085938
4200,0.15627670288085938
4201,-0.6602210998535156
4202,7.706251621246338
4203,-6.15172815322876
4204,-0.28172874450683594
4205,-12.163413047790527
4206,-2.0089426040649414
4207,-1.194417953491211
4208,12.363851547241211
4209,-7.118194580078125
4210,-0.32669639587402344
4211,-13.676759719848633
4212,-2.22922420501709
4213,-1.4732837677001953
4214,13.487926483154297
4215,-7.063895225524902
4216,-0.5033073425292969
4217,-12.967545509338379
4218,-2.4436779022216797
4219,-1.5215206146240234
4220,12.524019241333008
4221,-6.746622085571289
4222,-0.48317909240722656
4223,-11.825191497802734
4224,-2.467532157897949
4225,-1.4170207977294922
4226,12.092544555664062
4227,1.6174707412719727
4228,2.0690479278564453
4229,-10.554410934448242
4230,2.701192855834961
4231,1.873830795288086
4232,0.13823366165161133
4233,-2.368988037109375
4234,3.643556594848633
4235,-8.606222152709961
4236,-1.0746593475341797
4237,3.4059600830078125
4238,6.482726573944092
4239,0.03225994110107422
4240,5.727895736694336
4241,-5.939703941345215
4242,0.9854936599731445
4243,4.957658767700195
4244,13.374715805053711
4245,0.8924341201782227
4246,6.032316207885742
4247,-5.5316948890686035
4248,1.7772350311279297
4249,5.109367370605469
4250,14.120161056518555
4251,-1.744720458984375
4252,6.096296310424805
4253,-6.412971496582031
4254,0.7628364562988281
4255,5.631845474243164
4256,14.214712142944336
4257,0.020566940307617188
4258,-2.3151960372924805
4259,-4.5576934814453125
4260,0.3900575637817383
4261,-2.3832082748413086
4262,-5.811359405517578
4263,0.3989572525024414
4264,-2.3622264862060547
4265,-5.813651084899902
4266,0.4161243438720703
4267,-2.34271240234375
4268,-5.814040184020996
4269,0.5079202651977539
4270,-2.402430534362793
4271,-4.418893814086914
4272,0.5938034057617188
4273,-2.3937454223632812
4274,-4.418499946594238
4275,0.6803674697875977
4276,-2.3856163024902344
4277,-4.418707847595215
4278,0.7299766540527344
4279,-2.1534290313720703
4280,-9.333621978759766
4281,1.1066246032714844
4282,-2.172403335571289
4283,-3.413329601287842
4284,0.0072803497314453125
4285,-2.076601028442383
4286,-5.659774303436279
4287,0.11382770538330078
4288,-2.0998001098632812
4289,-3.883668899536133
4290,-0.4626779556274414
4291,-0.8036136627197266
4292,-13.766021728515625
4293,1.6673927307128906
4294,-1.1428565979003906
4295,0.8628463745117188
4296,-3.2721729278564453
4297,-0.27971458435058594
4298,-14.370542526245117
4299,0.38318347930908203
4300,-1.0503807067871094
4301,8.37092399597168
4302,-6.301717281341553
4303,-0.5238285064697266
4304,-10.307001113891602
4305,-0.7571802139282227
4306,-1.5249176025390625
4307,13.805364608764648
4308,-7.047313213348389
4309,-0.6077919006347656
4310,-11.55644416809082
4311,-0.7899265289306641
4312,-1.743011474609375
4313,14.971784591674805
4314,-7.056538105010986
4315,-0.7743339538574219
4316,-11.049558639526367
4317,-0.9479579925537109
4318,-1.803466796875
4319,14.105283737182617
4320,-6.793270587921143
4321,-0.7619838714599609
4322,-9.990673065185547
4323,-1.0213985443115234
4324,-1.7135944366455078
4325,13.604024887084961
4326,1.4313459396362305
4327,2.0132198333740234
4328,-10.591785430908203
4329,2.698397636413574
4330,1.827178955078125
4331,0.17489385604858398
4332,-2.4373340606689453
4333,3.6158676147460938
4334,-10.565511703491211
4335,-1.0701351165771484
4336,3.3816566467285156
4337,7.09347677230835
4338,0.04024314880371094
4339,5.751483917236328
4340,-9.730422973632812
4341,0.9844064712524414
4342,4.955883026123047
4343,14.013713836669922
4344,0.8993377685546875
4345,6.05732536315918
4346,-9.385622024536133
4347,1.769430160522461
4348,5.1270751953125
4349,14.785736083984375
4350,-1.7557802200317383
4351,6.107685089111328
4352,-9.928627014160156
4353,0.5842475891113281
4354,5.616184234619141
4355,15.307537078857422
4356,0.9827804565429688
4357,-2.645421028137207
4358,-3.4369730949401855
4359,1.3533706665039062
4360,-2.7352771759033203
4361,-4.818086624145508
4362,1.3620710372924805
4363,-2.7195892333984375
4364,-4.818972587585449
4365,1.3698482513427734
4366,-2.7040042877197266
4367,-4.818232536315918
4368,1.4829540252685547
4369,-2.745415687561035
4370,-3.5230777263641357
4371,1.564894676208496
4372,-2.729367256164551
4373,-3.5231451988220215
4374,1.6393108367919922
4375,-2.7175045013427734
4376,-3.5243465900421143
4377,1.6070661544799805
4378,-2.517667770385742
4379,-8.810319900512695
4380,2.00675106048584
4381,-2.521434783935547
4382,-3.1175448894500732
4383,0.9614992141723633
4384,-2.466531753540039
4385,-4.692389965057373
4386,1.0390758514404297
4387,-2.4766149520874023
4388,-3.0358901023864746
4389,0.00214385986328125
4390,-1.5210418701171875
4391,-13.167601585388184
4392,2.3541011810302734
4393,-1.4855899810791016
4394,0.834991455078125
4395,-2.6089658737182617
4396,-1.8593368530273438
4397,-13.931243896484375
4398,0.8189668655395508
4399,-1.6682605743408203
4400,6.562078952789307
4401,-4.765648365020752
4402,-2.8291501998901367
4403,-11.151298522949219
4404,-0.528813362121582
4405,-2.5788450241088867
4406,8.603649139404297
4407,-5.4004716873168945
4408,-3.0636539459228516
4409,-12.522172927856445
4410,-0.6918230056762695
4411,-2.8080663681030273
4412,9.350412368774414
4413,-5.215827941894531
4414,-3.129169464111328
4415,-12.22276496887207
4416,-0.8419256210327148
4417,-2.8847618103027344
4418,8.227376937866211
4419,-5.012940883636475
4420,-3.051706314086914
4421,-10.96095085144043
4422,-0.8716487884521484
4423,-2.8243274688720703
4424,8.201116561889648
4425,1.3032817840576172
4426,1.7574996948242188
4427,-10.389341354370117
4428,2.615504264831543
4429,1.6829700469970703
4430,-0.029175758361816406
4431,-2.456305503845215
4432,3.603425979614258
4433,-10.738432884216309
4434,-1.0349016189575195
4435,3.372539520263672
4436,7.079375743865967
4437,0.0209503173828125
4438,5.74317741394043
4439,-9.682537078857422
4440,0.9670372009277344
4441,4.964824676513672
4442,13.86471176147461
4443,0.8778963088989258
4444,6.055185317993164
4445,-9.382301330566406
4446,1.646127700805664
4447,5.152490615844727
4448,14.512311935424805
4449,-1.7587776184082031
4450,6.113248825073242
4451,-10.587640762329102
4452,0.4632854461669922
4453,5.647712707519531
4454,14.323715209960938
4455,1.2415399551391602
4456,-2.8547563552856445
4457,-7.456094264984131
4458,1.6685514450073242
4459,-2.9146804809570312
4460,-8.356795310974121
4461,1.6957988739013672
4462,-2.893559455871582
4463,-8.356474876403809
4464,1.7208843231201172
4465,-2.871953010559082
4466,-8.355646133422852
4467,1.7494277954101562
4468,-2.927013397216797
4469,-6.823728084564209
4470,1.8116207122802734
4471,-2.913318634033203
4472,-6.824254512786865
4473,1.8799800872802734
4474,-2.898975372314453
4475,-6.822503089904785
4476,1.960348129272461
4477,-2.6492996215820312
4478,-10.189844131469727
4479,2.191103935241699
4480,-2.66953182220459
4481,-3.8406217098236084
4482,1.176279067993164
4483,-2.6662349700927734
4484,-8.037015914916992
4485,1.210723876953125
4486,-2.67913818359375
4487,-6.082913875579834
4488,0.7064151763916016
4489,-1.681589126586914
4490,-13.760366439819336
4491,2.2843799591064453
4492,-1.725809097290039
4493,0.5930485725402832
4494,-2.4943037033081055
4495,-1.8853397369384766
4496,-16.434162139892578
4497,-0.7176380157470703
4498,-2.174877166748047
4499,3.601381778717041
4500,-4.4256391525268555
4501,-2.91485595703125
4502,-16.04888343811035
4503,-3.552218437194824
4504,-2.9610795974731445
4505,0.27311277389526367
4506,-5.056410312652588
4507,-3.1570043563842773
4508,-17.60776710510254
4509,-3.5322046279907227
4510,-3.303006172180176
4511,-0.03823232650756836
4512,-4.794737339019775
4513,-3.3106184005737305
4514,-17.191635131835938
4515,-3.5449438095092773
4516,-3.368877410888672
4517,-1.444958209991455
4518,-4.572505950927734
4519,-3.220381736755371
4520,-15.841009140014648
4521,-3.809398651123047
4522,-3.2291336059570312
4523,-0.47428131103515625
4524,1.1616497039794922
4525,1.6756763458251953
4526,-10.47274398803711
4527,2.404529571533203
4528,1.6086273193359375
4529,0.05445432662963867
4530,-2.382513999938965
4531,3.5876426696777344
4532,-9.98518180847168
4533,-1.0056238174438477
4534,3.3573741912841797
4535,5.603975772857666
4536,-0.013846397399902344
4537,5.736104965209961
4538,-7.18351411819458
4539,0.9114160537719727
4540,4.997835159301758
4541,13.554716110229492
4542,0.847020149230957
4543,6.050708770751953
4544,-6.838775157928467
4545,1.5445938110351562
4546,5.294198989868164
4547,13.993246078491211
4548,-1.7866029739379883
4549,6.123054504394531
4550,-8.548389434814453
4551,0.25112247467041016
4552,5.643833160400391
4553,14.29669189453125
4554,2.7422733306884766
4555,-3.184112548828125
4556,-3.6386404037475586
4557,3.170975685119629
4558,-3.1849241256713867
4559,-4.446913719177246
4560,3.19655704498291
4561,-3.1676931381225586
4562,-4.447847843170166
4563,3.2244272232055664
4564,-3.1365766525268555
4565,-4.4498772621154785
4566,3.2190732955932617
4567,-3.1824417114257812
4568,-2.8490688800811768
4569,3.2762861251831055
4570,-3.1542558670043945
4571,-2.848815679550171
4572,3.3334054946899414
4573,-3.1323652267456055
4574,-2.8470892906188965
4575,3.3324432373046875
4576,-2.911545753479004
4577,-6.8198442459106445
4578,3.461446762084961
4579,-2.89736270904541
4580,0.2832002639770508
4581,2.5280704498291016
4582,-3.018984794616699
4583,-4.430964946746826
4584,2.523165702819824
4585,-3.0128870010375977
4586,-2.379481792449951
4587,1.6849727630615234
4588,-2.2637157440185547
4589,-11.655866622924805
4590,2.6225290298461914
4591,-1.9468307495117188
4592,4.422952175140381
4593,-2.44549560546875
4594,-3.2914323806762695
4595,-13.050409317016602
4596,-0.2743701934814453
4597,-2.972330093383789
4598,7.118963718414307
4599,-3.258270263671875
4600,-4.629879951477051
4601,-9.043265342712402
4602,-1.5006914138793945
4603,-4.197145462036133
4604,3.5704522132873535
4605,-3.687932014465332
4606,-4.867059707641602
4607,-10.188573837280273
4608,-1.3842620849609375
4609,-4.397183418273926
4610,1.8723220825195312
4611,-4.5580973625183105
4612,-4.7771100997924805
4613,-9.698043823242188
4614,-1.4216594696044922
4615,-4.4898681640625
4616,1.4321613311767578
4617,-4.256046295166016
4618,-4.696664810180664
4619,-8.764473915100098
4620,-1.576279640197754
4621,-4.370919227600098
4622,2.7155981063842773
4623,0.8735427856445312
4624,1.103036880493164
4625,-10.527347564697266
4626,1.6937685012817383
4627,1.1775379180908203
4628,0.1095423698425293
4629,-2.4653587341308594
4630,3.4847679138183594
4631,-11.321662902832031
4632,-1.004312515258789
4633,3.288421630859375
4634,1.408130168914795
4635,-0.10056304931640625
4636,5.722173690795898
4637,-10.966475486755371
4638,0.8152370452880859
4639,4.99803352355957
4640,3.8201098442077637
4641,0.7448310852050781
4642,6.008098602294922
4643,-10.903739929199219
4644,1.3229179382324219
4645,5.292924880981445
4646,3.999152660369873
4647,-1.7878408432006836
4648,6.133476257324219
4649,-12.908346176147461
4650,-0.2033214569091797
4651,5.6594696044921875
4652,2.688377857208252
4653,2.8788366317749023
4654,-3.149892807006836
4655,-2.163674831390381
4656,3.3423776626586914
4657,-3.1467437744140625
4658,-2.984694480895996
4659,3.371027946472168
4660,-3.126896858215332
4661,-2.9860286712646484
4662,3.404308319091797
4663,-3.103961944580078
4664,-2.9884867668151855
4665,3.361164093017578
4666,-3.1470460891723633
4667,-1.3976101875305176
4668,3.399871826171875
4669,-3.1244258880615234
4670,-1.397948980331421
4671,3.441948890686035
4672,-3.1040287017822266
4673,-1.397881031036377
4674,3.523177146911621
4675,-2.8899593353271484
4676,-5.527877330780029
4677,3.5561342239379883
4678,-2.8916187286376953
4679,1.575188159942627
4680,2.7111454010009766
4681,-2.995549201965332
4682,-2.9912731647491455
4683,2.683974266052246
4684,-2.991527557373047
4685,-0.9535403251647949
4686,1.9747076034545898
4687,-2.39984130859375
4688,-10.745141983032227
4689,2.798980712890625
4690,-2.0679454803466797
4691,5.822582721710205
4692,-2.2624149322509766
4693,-3.3535594940185547
4694,-12.368766784667969
4695,-0.1843700408935547
4696,-3.069101333618164
4697,9.240121841430664
4698,-2.397737503051758
4699,-4.740400314331055
4700,-8.138978958129883
4701,-0.9076509475708008
4702,-4.39693546295166
4703,7.716817378997803
4704,-2.4979429244995117
4705,-5.06191349029541
4706,-9.080377578735352
4707,-0.8652381896972656
4708,-4.623290061950684
4709,7.608059406280518
4710,-3.556692123413086
4711,-5.030021667480469
4712,-8.4871244430542
4713,-0.8160991668701172
4714,-4.737454414367676
4715,6.742912769317627
4716,-3.5948638916015625
4717,-4.934954643249512
4718,-7.785717964172363
4719,-0.8694887161254883
4720,-4.589934349060059
4721,7.08522367477417
4722,0.6541614532470703
4723,0.9989528656005859
4724,-10.555845260620117
4725,1.4227924346923828
4726,1.0270004272460938
4727,0.1403636932373047
4728,-2.460641860961914
4729,3.387998580932617
4730,-11.316961288452148
4731,-0.9905910491943359
4732,3.1685409545898438
4733,1.810838222503662
4734,-0.15999984741210938
4735,5.706220626831055
4736,-11.147942543029785
4737,0.6898574829101562
4738,4.997123718261719
4739,4.420887470245361
4740,0.6643638610839844
4741,5.953947067260742
4742,-11.071908950805664
4743,1.15966796875
4744,5.287397384643555
4745,4.6764302253723145
4746,-1.8329124450683594
4747,6.1822967529296875
4748,-12.865805625915527
4749,-0.28649044036865234
4750,5.699274063110352
4751,3.7486214637756348
4752,4.118338584899902
4753,-3.4326934814453125
4754,-3.5735936164855957
4755,4.672938346862793
4756,-3.3386669158935547
4757,-4.3752923011779785
4758,4.702273368835449
4759,-3.3068389892578125
4760,-4.376134872436523
4761,4.7295331954956055
4762,-3.2757863998413086
4763,-4.3783674240112305
4764,4.674435615539551
4765,-3.3419055938720703
4766,-2.821462869644165
4767,4.701382637023926
4768,-3.3111162185668945
4769,-2.821608781814575
4770,4.725584983825684
4771,-3.2810792922973633
4772,-2.8207597732543945
4773,4.695382118225098
4774,-3.0021705627441406
4775,-6.830860137939453
4776,4.701903343200684
4777,-3.008650779724121
4778,0.1335430145263672
4779,3.813471794128418
4780,-3.292880058288574
4781,-4.426538467407227
4782,3.750849723815918
4783,-3.302989959716797
4784,-2.414552927017212
4785,3.019134521484375
4786,-2.694671630859375
4787,-11.441349029541016
4788,2.989190101623535
4789,-2.385303497314453
4790,3.9585185050964355
4791,0.8997392654418945
4792,-4.044532775878906
4793,-13.964824676513672
4794,1.130105972290039
4795,-3.6956968307495117
4796,7.394699573516846
4797,1.8266992568969727
4798,-5.358834266662598
4799,-11.093189239501953
4800,1.7317562103271484
4801,-4.995125770568848
4802,6.80905294418335
4803,1.9861984252929688
4804,-5.657281875610352
4805,-12.288252830505371
4806,2.1675949096679688
4807,-4.914707183837891
4808,7.058386325836182
4809,2.263936996459961
4810,-5.586308479309082
4811,-11.63637638092041
4812,2.366744041442871
4813,-4.945778846740723
4814,6.009077548980713
4815,2.2082948684692383
4816,-5.511416435241699
4817,-10.817045211791992
4818,2.204920768737793
4819,-5.041530609130859
4820,6.2353692054748535
4821,0.1844797134399414
4822,0.3452301025390625
4823,-10.356646537780762
4824,0.6089553833007812
4825,0.42612266540527344
4826,-0.06099843978881836
4827,-2.3974857330322266
4828,3.027406692504883
4829,-11.226341247558594
4830,-0.9860343933105469
4831,2.834514617919922
4832,-0.0029397010803222656
4833,-0.47339630126953125
4834,5.529409408569336
4835,-11.038925170898438
4836,0.28360557556152344
4837,4.925300598144531
4838,1.6318302154541016
4839,0.24366378784179688
4840,5.739263534545898
4841,-10.966944694519043
4842,0.7680377960205078
4843,5.134666442871094
4844,1.733922004699707
4845,-1.8878250122070312
4846,6.183872222900391
4847,-13.257917404174805
4848,-0.8062705993652344
4849,5.695411682128906
4850,-0.19119834899902344
4851,4.250914573669434
4852,-3.4774932861328125
4853,-2.6926209926605225
4854,4.77327823638916
4855,-3.3678226470947266
4856,-3.298630714416504
4857,4.814562797546387
4858,-3.3334970474243164
4859,-3.2995030879974365
4860,4.8611650466918945
4861,-3.298619270324707
4862,-3.3025240898132324
4863,4.736392021179199
4864,-3.3797054290771484
4865,-1.7690622806549072
4866,4.762820243835449
4867,-3.35060977935791
4868,-1.7695591449737549
4869,4.789463996887207
4870,-3.322136878967285
4871,-1.7674918174743652
4872,4.834792137145996
4873,-3.0269241333007812
4874,-5.303627967834473
4875,4.749062538146973
4876,-3.07938289642334
4877,1.6089820861816406
4878,3.9491472244262695
4879,-3.3719921112060547
4880,-3.4076638221740723
4881,3.8540239334106445
4882,-3.394831657409668
4883,-1.4306738376617432
4884,3.3019466400146484
4885,-2.7475204467773438
4886,-10.230627059936523
4887,2.91925048828125
4888,-2.5251827239990234
4889,5.194775104522705
4890,1.5969438552856445
4891,-4.0927934646606445
4892,-12.109386444091797
4893,1.5309438705444336
4894,-3.857759475708008
4895,7.730675220489502
4896,2.641305923461914
4897,-5.38958740234375
4898,-8.07132339477539
4899,2.4032201766967773
4900,-5.04682731628418
4901,6.611055850982666
4902,2.7551355361938477
4903,-5.672746658325195
4904,-9.155597686767578
4905,2.663450241088867
4906,-5.405575752258301
4907,6.761438846588135
4908,3.116793632507324
4909,-5.583255767822266
4910,-8.50813102722168
4911,3.072962760925293
4912,-5.352264404296875
4913,5.802012920379639
4914,3.0670690536499023
4915,-5.456737518310547
4916,-7.787823677062988
4917,2.8735132217407227
4918,-5.280634880065918
4919,6.03728723526001
4920,0.016590118408203125
4921,0.2484149932861328
4922,-10.40164566040039
4923,0.17911434173583984
4924,0.3078575134277344
4925,-0.01678943634033203
4926,-2.392627716064453
4927,2.9271697998046875
4928,-11.459085464477539
4929,-1.1637763977050781
4930,2.7521629333496094
4931,-0.2517237663269043
4932,-0.6504278182983398
4933,5.471246719360352
4934,-11.732683181762695
4935,-0.008910179138183594
4936,4.924474716186523
4937,1.4825773239135742
4938,0.04376411437988281
4939,5.675027847290039
4940,-11.665189743041992
4941,0.5700492858886719
4942,5.135707855224609
4943,1.607104778289795
4944,-1.9014558792114258
4945,6.248046875
4946,-14.159063339233398
4947,-1.1094017028808594
4948,5.691774368286133
4949,-0.26812744140625
4950,5.710646629333496
4951,-3.5490522384643555
4952,4.177918910980225
4953,6.090838432312012
4954,-3.375547409057617
4955,3.7684102058410645
4956,6.091078758239746
4957,-3.3391828536987305
4958,3.768761157989502
4959,6.0924787521362305
4960,-3.3048810958862305
4961,3.7642674446105957
4962,6.078818321228027
4963,-3.3865318298339844
4964,5.271562099456787
4965,6.071282386779785
4966,-3.354306221008301
4967,5.272180080413818
4968,6.064757347106934
4969,-3.3233327865600586
4970,5.278952121734619
4971,5.800278663635254
4972,-3.0494155883789062
4973,1.6129775047302246
4974,5.768414497375488
4975,-3.088010787963867
4976,8.515958786010742
4977,5.297795295715332
4978,-3.4784364700317383
4979,3.334951877593994
4980,5.235184669494629
4981,-3.5002384185791016
4982,5.298625469207764
4983,3.84352970123291
4984,-2.9091014862060547
4985,-4.072134494781494
4986,3.312577247619629
4987,-2.599363327026367
4988,10.983678817749023
4989,3.8294858932495117
4990,-4.394506454467773
4991,-5.627503395080566
4992,3.504528045654297
4993,-4.0017547607421875
4994,15.222921371459961
4995,5.829438209533691
4996,-5.614659309387207
4997,-0.38178586959838867
4998,5.0333967208862305
4999,-5.002516746520996
5000,18.110408782958984
5001,6.097945213317871
5002,-5.77082633972168
5003,-0.9752302169799805
5004,5.567259788513184
5005,-5.191728591918945
5006,18.661657333374023
5007,6.168337821960449
5008,-5.602950096130371
5009,0.0017418861389160156
5010,5.8540143966674805
5011,-5.2188873291015625
5012,18.19603729248047
5013,6.23721981048584
5014,-5.543039321899414
5015,0.0631570816040039
5016,5.681384086608887
5017,-5.231502532958984
5018,17.736005783081055
5019,-0.34671783447265625
5020,-0.49314308166503906
5021,-10.414335250854492
5022,-0.20168018341064453
5023,-0.335296630859375
5024,-0.0016264915466308594
5025,-2.437145233154297
5026,1.996175765991211
5027,-14.504400253295898
5028,-1.2392549514770508
5029,2.081277847290039
5030,-3.3681557178497314
5031,-1.1395463943481445
5032,4.745052337646484
5033,-16.31270980834961
5034,-0.5995702743530273
5035,4.624256134033203
5036,-3.601651906967163
5037,-0.48556995391845703
5038,4.812686920166016
5039,-16.333587646484375
5040,-0.019339561462402344
5041,4.664045333862305
5042,-3.6817548274993896
5043,-1.8833847045898438
5044,6.071470260620117
5045,-19.260950088500977
5046,-1.3943099975585938
5047,5.683868408203125
5048,-6.039523124694824
5049,5.82180118560791
5050,-3.3565120697021484
5051,5.189634799957275
5052,6.197493553161621
5053,-3.2039031982421875
5054,4.701364994049072
5055,6.195601463317871
5056,-3.172496795654297
5057,4.7017130851745605
5058,6.1910200119018555
5059,-3.1416263580322266
5060,4.697940349578857
5061,6.207053184509277
5062,-3.2129898071289062
5063,6.2725653648376465
5064,6.211670875549316
5065,-3.186068534851074
5066,6.270885944366455
5067,6.213482856750488
5068,-3.1595821380615234
5069,6.276456356048584
5070,5.916495323181152
5071,-2.9305238723754883
5072,2.2070040702819824
5073,5.953143119812012
5074,-2.956557273864746
5075,9.404380798339844
5076,5.4240007400512695
5077,-3.285130500793457
5078,4.258354663848877
5079,5.410077095031738
5080,-3.305135726928711
5081,6.30340051651001
5082,4.081114768981934
5083,-2.8448753356933594
5084,-3.6598591804504395
5085,3.555506706237793
5086,-2.544647216796875
5087,11.854269027709961
5088,4.010567665100098
5089,-4.266350746154785
5090,-4.6428093910217285
5091,3.879176139831543
5092,-3.838237762451172
5093,17.253843307495117
5094,5.7932024002075195
5095,-5.405243873596191
5096,1.30851411819458
5097,5.520615577697754
5098,-4.824221611022949
5099,21.45802116394043
5100,6.150420188903809
5101,-5.744558334350586
5102,1.1399812698364258
5103,5.994318962097168
5104,-5.029338836669922
5105,22.402503967285156
5106,6.141810417175293
5107,-5.5223283767700195
5108,2.0439791679382324
5109,6.204455375671387
5110,-5.040467262268066
5111,21.849315643310547
5112,6.203310966491699
5113,-5.503150939941406
5114,1.8330779075622559
5115,6.085360527038574
5116,-5.034787178039551
5117,21.153141021728516
5118,-0.48326969146728516
5119,-0.6997852325439453
5120,-10.450486183166504
5121,-0.13473796844482422
5122,-0.428619384765625
5123,0.03447723388671875
5124,-2.589158058166504
5125,1.801797866821289
5126,-14.983793258666992
5127,-1.2941560745239258
5128,1.924276351928711
5129,-3.0385959148406982
5130,-1.6099252700805664
5131,4.514497756958008
5132,-17.313922882080078
5133,-0.7850923538208008
5134,4.393215179443359
5135,-2.7300596237182617
5136,-0.9168472290039062
5137,4.667633056640625
5138,-17.33831787109375
5139,-0.07697582244873047
5140,4.447109222412109
5141,-2.716181755065918
5142,-1.8800983428955078
5143,5.935068130493164
5144,-20.13159942626953
5145,-1.4769506454467773
5146,5.606044769287109
5147,-4.492301940917969
5148,7.238430976867676
5149,-3.321910858154297
5150,-5.133727550506592
5151,7.523013114929199
5152,-3.140549659729004
5153,-5.503950119018555
5154,7.50270938873291
5155,-3.113374710083008
5156,-5.502140045166016
5157,7.457148551940918
5158,-3.0819597244262695
5159,-5.504799842834473
5160,7.538800239562988
5161,-3.1509552001953125
5162,-4.009912490844727
5163,7.530072212219238
5164,-3.1284656524658203
5165,-4.012596607208252
5166,7.522259712219238
5167,-3.109027862548828
5168,-4.006615161895752
5169,6.904007911682129
5170,-2.898456573486328
5171,-6.763184547424316
5172,7.005585670471191
5173,-2.9275588989257812
5174,0.1565685272216797
5175,6.797677040100098
5176,-3.3124771118164062
5177,-5.730055809020996
5178,6.793780326843262
5179,-3.3519506454467773
5180,-3.754070520401001
5181,4.578351020812988
5182,-2.953183174133301
5183,-10.773458480834961
5184,4.442749977111816
5185,-2.841860771179199
5186,4.3001532554626465
5187,4.876702308654785
5188,-4.206958770751953
5189,-12.4718017578125
5190,4.9089555740356445
5191,-4.096377372741699
5192,6.918572902679443
5193,6.972634315490723
5194,-5.215206146240234
5195,-11.413418769836426
5196,6.838425636291504
5197,-5.020208358764648
5198,7.480760097503662
5199,7.4546403884887695
5200,-5.567159652709961
5201,-13.664194107055664
5202,7.9369401931762695
5203,-5.1887006759643555
5204,7.279902935028076
5205,7.700453758239746
5206,-5.392256736755371
5207,-12.604461669921875
5208,8.056796073913574
5209,-5.153882026672363
5210,6.540459156036377
5211,7.4620866775512695
5212,-5.253064155578613
5213,-11.276114463806152
5214,7.801854133605957
5215,-5.123079299926758
5216,6.874838352203369
5217,-0.8285703659057617
5218,-0.8100204467773438
5219,-10.501891136169434
5220,-0.4491090774536133
5221,-0.6978950500488281
5222,0.09044218063354492
5223,-2.991657257080078
5224,1.4343585968017578
5225,-13.824790954589844
5226,-1.8122739791870117
5227,1.5879631042480469
5228,-0.3673868179321289
5229,-1.6831741333007812
5230,3.826833724975586
5231,-14.105199813842773
5232,-1.2235345840454102
5233,3.706422805786133
5234,2.5967960357666016
5235,-0.9642877578735352
5236,3.9088001251220703
5237,-14.174165725708008
5238,-0.63006591796875
5239,3.770841598510742
5240,2.8952670097351074
5241,-1.9037199020385742
5242,5.132608413696289
5243,-16.4092960357666
5244,-1.7605810165405273
5245,4.701784133911133
5246,1.414926528930664
5247,7.503470420837402
5248,-3.3378753662109375
5249,-7.042523384094238
5250,7.739657402038574
5251,-3.124070167541504
5252,-7.680233955383301
5253,7.712227821350098
5254,-3.098233222961426
5255,-7.679636001586914
5256,7.685065269470215
5257,-3.071652412414551
5258,-7.682353973388672
5259,7.7687788009643555
5260,-3.1255664825439453
5261,-6.082968711853027
5262,7.759274482727051
5263,-3.099679946899414
5264,-6.084855556488037
5265,7.750029563903809
5266,-3.0770492553710938
5267,-6.080089569091797
5268,7.134615898132324
5269,-2.887968063354492
5270,-9.696781158447266
5271,7.275374412536621
5272,-2.92044734954834
5273,-2.290092706680298
5274,7.111666679382324
5275,-3.370046615600586
5276,-7.7982892990112305
5277,7.093661308288574
5278,-3.3916025161743164
5279,-5.692936897277832
5280,4.820412635803223
5281,-2.951949119567871
5282,-13.772693634033203
5283,4.749890327453613
5284,-2.8583850860595703
5285,2.1257972717285156
5286,5.146243095397949
5287,-4.313640594482422
5288,-15.900232315063477
5289,5.289515495300293
5290,-4.049367904663086
5291,5.306813716888428
5292,7.223078727722168
5293,-5.214842796325684
5294,-14.217460632324219
5295,7.77243709564209
5296,-4.766759872436523
5297,6.128042697906494
5298,7.726849555969238
5299,-5.603122711181641
5300,-16.206619262695312
5301,8.638752937316895
5302,-4.924237251281738
5303,6.199012279510498
5304,7.8470659255981445
5305,-5.293231010437012
5306,-15.164453506469727
5307,8.648638725280762
5308,-4.882197380065918
5309,5.243868350982666
5310,7.678666114807129
5311,-5.157657623291016
5312,-13.989446640014648
5313,8.383635520935059
5314,-4.85343074798584
5315,5.492288112640381
5316,-1.0340213775634766
5317,-0.9973640441894531
5318,-10.569737434387207
5319,-0.6340656280517578
5320,-0.8631820678710938
5321,0.1602797508239746
5322,-3.4071426391601562
5323,1.249624252319336
5324,-13.307695388793945
5325,-2.010025978088379
5326,1.3864555358886719
5327,0.4759225845336914
5328,-1.9269084930419922
5329,3.739940643310547
5330,-12.553555488586426
5331,-1.404465675354004
5332,3.5625381469726562
5333,3.7671189308166504
5334,-1.2248401641845703
5335,3.8102779388427734
5336,-12.47964859008789
5337,-0.7958087921142578
5338,3.622468948364258
5339,4.102840900421143
5340,-2.213949203491211
5341,4.923023223876953
5342,-14.515411376953125
5343,-1.900252342224121
5344,4.606851577758789
5345,2.5927491188049316
5346,7.960782051086426
5347,-3.252765655517578
5348,-7.190304756164551
5349,8.085709571838379
5350,-3.0513086318969727
5351,-7.8353657722473145
5352,8.030180931091309
5353,-3.0267868041992188
5354,-7.833827495574951
5355,7.977786064147949
5356,-3.002182960510254
5357,-7.835634231567383
5358,8.14461612701416
5359,-3.052274703979492
5360,-6.263786792755127
5361,8.11574649810791
5362,-3.027719497680664
5363,-6.264741897583008
5364,8.10644245147705
5365,-3.0071468353271484
5366,-6.261831760406494
5367,7.402522087097168
5368,-2.8241147994995117
5369,-9.757423400878906
5370,7.56156063079834
5371,-2.848269462585449
5372,-2.5096659660339355
5373,7.4894819259643555
5374,-3.281646728515625
5375,-7.885837554931641
5376,7.526917457580566
5377,-3.2755374908447266
5378,-5.824657917022705
5379,5.100102424621582
5380,-3.013418197631836
5381,-13.990396499633789
5382,4.973773002624512
5383,-2.826889991760254
5384,2.1372575759887695
5385,5.4746294021606445
5386,-4.367785453796387
5387,-16.60455894470215
5388,5.507328987121582
5389,-4.040467262268066
5390,5.079033374786377
5391,7.5599470138549805
5392,-5.376008033752441
5393,-15.522378921508789
5394,7.265915870666504
5395,-4.891487121582031
5396,4.595180988311768
5397,8.070219993591309
5398,-5.614487648010254
5399,-17.574878692626953
5400,7.960152626037598
5401,-4.922410011291504
5402,4.73244047164917
5403,8.248467445373535
5404,-5.472783088684082
5405,-16.640199661254883
5406,7.9926862716674805
5407,-4.9131879806518555
5408,3.496361255645752
5409,8.001900672912598
5410,-5.3368024826049805
5411,-15.306373596191406
5412,7.788054466247559
5413,-4.883060455322266
5414,3.832345485687256
5415,-0.9888410568237305
5416,-1.3025875091552734
5417,-10.600379943847656
5418,-0.7482404708862305
5419,-1.0536041259765625
5420,0.1923980712890625
5421,-4.310263633728027
5422,0.6296977996826172
5423,-13.715972900390625
5424,-3.7983694076538086
5425,1.062713623046875
5426,0.6557698249816895
5427,-2.0740299224853516
5428,2.606534957885742
5429,-11.85619831085205
5430,-1.8056001663208008
5431,2.6503524780273438
5432,4.5166144371032715
5433,-1.327010154724121
5434,2.6039371490478516
5435,-11.142672538757324
5436,-1.0192203521728516
5437,2.6047229766845703
5438,4.938196659088135
5439,-2.162555694580078
5440,3.7971553802490234
5441,-10.698305130004883
5442,-1.8083600997924805
5443,3.6276931762695312
5444,3.499390125274658
5445,7.932692527770996
5446,-3.188727378845215
5447,-6.414140701293945
5448,8.161742210388184
5449,-3.0043983459472656
5450,-7.2513628005981445
5451,8.15124225616455
5452,-2.986520767211914
5453,-7.25148344039917
5454,8.105299949645996
5455,-2.963648796081543
5456,-7.252532005310059
5457,8.197951316833496
5458,-3.0078659057617188
5459,-5.62290620803833
5460,8.207205772399902
5461,-2.9973573684692383
5462,-5.623483657836914
5463,8.180312156677246
5464,-2.982937812805176
5465,-5.62227725982666
5466,7.503649711608887
5467,-2.7878055572509766
5468,-8.831077575683594
5469,7.619339942932129
5470,-2.8223037719726562
5471,-1.8554518222808838
5472,7.492648124694824
5473,-3.197397232055664
5474,-7.354508399963379
5475,7.484162330627441
5476,-3.202983856201172
5477,-5.219269275665283
5478,5.226439476013184
5479,-2.879514694213867
5480,-12.861226081848145
5481,4.809527397155762
5482,-2.777369499206543
5483,3.1457371711730957
5484,5.552309989929199
5485,-4.212812423706055
5486,-15.011056900024414
5487,5.191401481628418
5488,-3.9714927673339844
5489,5.4688029289245605
5490,7.564362525939941
5491,-5.361189842224121
5492,-13.170137405395508
5493,6.910445213317871
5494,-4.974706649780273
5495,4.4446282386779785
5496,8.353909492492676
5497,-5.611669540405273
5498,-15.061269760131836
5499,7.392489433288574
5500,-5.117630958557129
5501,4.480836391448975
5502,8.28288745880127
5503,-5.369709014892578
5504,-14.155092239379883
5505,7.639174461364746
5506,-5.166717529296875
5507,3.3287158012390137
5508,8.19674015045166
5509,-5.336261749267578
5510,-12.9397611618042
5511,7.500685691833496
5512,-5.043621063232422
5513,3.6840310096740723
5514,-1.0082807540893555
5515,-1.3905410766601562
5516,-10.57137680053711
5517,-1.0373830795288086
5518,-1.1604766845703125
5519,0.16205310821533203
5520,-4.811192035675049
5521,0.7923202514648438
5522,-14.05763053894043
5523,-4.7218828201293945
5524,1.0178756713867188
5525,0.4658317565917969
5526,-1.9980030059814453
5527,2.5219268798828125
5528,-9.210954666137695
5529,-1.8539838790893555
5530,2.5643768310546875
5531,4.983455181121826
5532,-1.235713005065918
5533,2.5408935546875
5534,-8.273018836975098
5535,-1.0695600509643555
5536,2.5086212158203125
5537,5.364810466766357
5538,-2.0654964447021484
5539,3.7336597442626953
5540,-7.274347305297852
5541,-1.7238941192626953
5542,3.624725341796875
5543,5.084432125091553
5544,8.168999671936035
5545,-3.1277341842651367
5546,-6.348209381103516
5547,8.334214210510254
5548,-2.9182395935058594
5549,-7.012088775634766
5550,8.289153099060059
5551,-2.900754928588867
5552,-7.0119476318359375
5553,8.196364402770996
5554,-2.862905502319336
5555,-7.013787746429443
5556,8.40001392364502
5557,-2.923704147338867
5558,-5.509389400482178
5559,8.390158653259277
5560,-2.9160499572753906
5561,-5.509614944458008
5562,8.338984489440918
5563,-2.8916101455688477
5564,-5.507187843322754
5565,7.74196720123291
5566,-2.7313175201416016
5567,-8.826346397399902
5568,7.895596504211426
5569,-2.748965263366699
5570,-1.8882145881652832
5571,7.7664690017700195
5572,-3.102479934692383
5573,-7.060380935668945
5574,7.815011024475098
5575,-3.1123313903808594
5576,-5.093362331390381
5577,5.515763282775879
5578,-2.7314071655273438
5579,-12.576248168945312
5580,5.063143730163574
5581,-2.822782516479492
5582,2.57769775390625
5583,5.436270713806152
5584,-4.315066337585449
5585,-14.804859161376953
5586,5.165759086608887
5587,-4.252176284790039
5588,4.364905834197998
5589,7.0769548416137695
5590,-5.670757293701172
5591,-13.313060760498047
5592,6.63308048248291
5593,-5.3915510177612305
5594,2.366950035095215
5595,7.633200645446777
5596,-6.029777526855469
5597,-15.091938018798828
5598,7.16287899017334
5599,-5.701153755187988
5600,2.433262348175049
5601,7.663561820983887
5602,-5.7924089431762695
5603,-14.275213241577148
5604,7.46366024017334
5605,-5.693236351013184
5606,1.1681065559387207
5607,7.419211387634277
5608,-5.739727973937988
5609,-13.09354019165039
5610,7.2519426345825195
5611,-5.63572883605957
5612,1.588249683380127
5613,-0.8057136535644531
5614,-1.4870643615722656
5615,-10.26303482055664
5616,-0.9158849716186523
5617,-1.497751235961914
5618,-0.15061521530151367
5619,-5.727099895477295
5620,-0.45827674865722656
5621,-14.434944152832031
5622,-5.570130825042725
5623,-0.4687004089355469
5624,-0.20287370681762695
5625,-2.801884651184082
5626,1.5760879516601562
5627,-8.457501411437988
5628,-2.8079376220703125
5629,1.4409980773925781
5630,4.705978870391846
5631,-2.1617841720581055
5632,1.4082164764404297
5633,-7.498801231384277
5634,-1.9905014038085938
5635,1.358175277709961
5636,5.2373881340026855
5637,-2.731843948364258
5638,2.7195587158203125
5639,-5.844111919403076
5640,-2.5970544815063477
5641,2.474903106689453
5642,5.1497063636779785
5643,7.980040550231934
5644,-3.1369104385375977
5645,-6.258010387420654
5646,8.266861915588379
5647,-2.9054059982299805
5648,-6.893927097320557
5649,8.23262882232666
5650,-2.8837509155273438
5651,-6.893833160400391
5652,8.191460609436035
5653,-2.8481407165527344
5654,-6.896032810211182
5655,8.315533638000488
5656,-2.9121360778808594
5657,-5.417665004730225
5658,8.310935020446777
5659,-2.899599075317383
5660,-5.418479919433594
5661,8.301701545715332
5662,-2.8760032653808594
5663,-5.417057514190674
5664,7.822768211364746
5665,-2.709348678588867
5666,-8.813714027404785
5667,7.957400321960449
5668,-2.7265825271606445
5669,-1.8369219303131104
5670,7.581830024719238
5671,-3.0957212448120117
5672,-6.880892753601074
5673,7.610260963439941
5674,-3.1164417266845703
5675,-4.947134017944336
5676,5.700461387634277
5677,-2.6252832412719727
5678,-12.293371200561523
5679,5.152228355407715
5680,-2.8602943420410156
5681,2.3808608055114746
5682,5.096693992614746
5683,-4.056144714355469
5684,-14.265518188476562
5685,4.889832496643066
5686,-4.113551139831543
5687,4.304985523223877
5688,6.832995414733887
5689,-5.554595947265625
5690,-13.13843059539795
5691,6.219365119934082
5692,-5.295320510864258
5693,1.6776089668273926
5694,7.237008094787598
5695,-5.833217620849609
5696,-14.758695602416992
5697,6.729498863220215
5698,-5.605497360229492
5699,1.5793113708496094
5700,7.390402793884277
5701,-5.745205879211426
5702,-13.964548110961914
5703,6.9486188888549805
5704,-5.613372802734375
5705,0.3240680694580078
5706,7.297429084777832
5707,-5.636074066162109
5708,-12.872848510742188
5709,6.846407890319824
5710,-5.554698944091797
5711,0.9008326530456543
5712,-0.740870475769043
5713,-1.5262737274169922
5714,-9.870983123779297
5715,-0.9695940017700195
5716,-1.682291030883789
5717,-0.5460262298583984
5718,-5.829881191253662
5719,-0.5046577453613281
5720,-14.413599014282227
5721,-5.741968154907227
5722,-0.625823974609375
5723,-0.5982718467712402
5724,-3.0045814514160156
5725,1.4803752899169922
5726,-6.941052436828613
5727,-2.904848098754883
5728,1.3303413391113281
5729,4.968723773956299
5730,-2.3673095703125
5731,1.379180908203125
5732,-5.873781204223633
5733,-2.0201101303100586
5734,1.2959003448486328
5735,5.286942005157471
5736,-2.9115772247314453
5737,2.6509761810302734
5738,-4.517193794250488
5739,-2.768734931945801
5740,2.2683181762695312
5741,6.049347400665283
5742,8.41988468170166
5743,-3.1108131408691406
5744,-5.135565757751465
5745,8.683403968811035
5746,-2.8977556228637695
5747,-5.794268608093262
5748,8.656065940856934
5749,-2.880838394165039
5750,-5.794024467468262
5751,8.6174898147583
5752,-2.8399181365966797
5753,-5.794596195220947
5754,8.72598934173584
5755,-2.9022817611694336
5756,-4.442086696624756
5757,8.709073066711426
5758,-2.8878564834594727
5759,-4.443819999694824
5760,8.71544361114502
5761,-2.8706798553466797
5762,-4.444582939147949
5763,8.199536323547363
5764,-2.689573287963867
5765,-7.213520050048828
5766,8.360682487487793
5767,-2.7247657775878906
5768,-1.021289348602295
5769,7.964573860168457
5770,-3.0761585235595703
5771,-5.524975299835205
5772,7.989027976989746
5773,-3.101316452026367
5774,-3.780040979385376
5775,5.992417335510254
5776,-2.589938163757324
5777,-10.879169464111328
5778,5.679110527038574
5779,-2.745722770690918
5780,2.8479056358337402
5781,4.450615882873535
5782,-3.8369836807250977
5783,-12.25257682800293
5784,4.7831220626831055
5785,-3.972869873046875
5786,4.651639461517334
5787,5.452296257019043
5788,-5.281072616577148
5789,-10.789262771606445
5790,5.703490257263184
5791,-5.382561683654785
5792,2.0700154304504395
5793,5.56430721282959
5794,-5.611806869506836
5795,-12.164145469665527
5796,6.1904096603393555
5797,-5.638885498046875
5798,2.1886143684387207
5799,6.236720085144043
5800,-5.532126426696777
5801,-11.119431495666504
5802,6.366354942321777
5803,-5.7058868408203125
5804,0.779686450958252
5805,6.177582740783691
5806,-5.421594619750977
5807,-10.355447769165039
5808,6.277215003967285
5809,-5.637447357177734
5810,1.3123984336853027
5811,-0.632075309753418
5812,-1.5369815826416016
5813,-9.665788650512695
5814,-0.7284870147705078
5815,-1.5993785858154297
5816,-0.7514185905456543
5817,-6.016922950744629
5818,-1.8375129699707031
5819,-14.290933609008789
5820,-5.710877418518066
5821,-1.8838672637939453
5822,-0.6232929229736328
5823,-4.029043197631836
5824,0.26934242248535156
5825,-6.450008392333984
5826,-3.9679269790649414
5827,0.28401947021484375
5828,4.515709400177002
5829,-3.1569557189941406
5830,0.28101539611816406
5831,-5.440988540649414
5832,-2.803831100463867
5833,0.4145050048828125
5834,4.9621710777282715
5835,-4.3513689041137695
5836,1.450143814086914
5837,-3.677938938140869
5838,-4.3008832931518555
5839,1.3310413360595703
5840,5.729214191436768
5841,8.332722663879395
5842,-3.0931873321533203
5843,-5.099669933319092
5844,8.579182624816895
5845,-2.891735076904297
5846,-5.774848461151123
5847,8.538176536560059
5848,-2.8750572204589844
5849,-5.774557113647461
5850,8.522589683532715
5851,-2.8327627182006836
5852,-5.775022506713867
5853,8.632676124572754
5854,-2.8957481384277344
5855,-4.402559280395508
5856,8.6228609085083
5857,-2.8805770874023438
5858,-4.404393196105957
5859,8.618626594543457
5860,-2.862762451171875
5861,-4.40549373626709
5862,8.134394645690918
5863,-2.667452812194824
5864,-7.252750396728516
5865,8.300515174865723
5866,-2.7067346572875977
5867,-0.9065690040588379
5868,7.864239692687988
5869,-3.0609006881713867
5870,-5.500288963317871
5871,7.914494514465332
5872,-3.0825767517089844
5873,-3.705658435821533
5874,6.022038459777832
5875,-2.559232711791992
5876,-11.201101303100586
5877,5.845263481140137
5878,-2.6784048080444336
5879,3.0096564292907715
5880,4.209691047668457
5881,-3.734440803527832
5882,-12.874963760375977
5883,4.682852745056152
5884,-3.9066295623779297
5885,4.546144008636475
5886,5.2777910232543945
5887,-5.27983283996582
5888,-11.296393394470215
5889,5.476441383361816
5890,-5.303065299987793
5891,1.384368896484375
5892,5.256514549255371
5893,-5.609235763549805
5894,-12.79214859008789
5895,6.060427665710449
5896,-5.546006202697754
5897,1.488546371459961
5898,6.17141056060791
5899,-5.538791656494141
5900,-11.736223220825195
5901,6.189475059509277
5902,-5.606114387512207
5903,-0.07358360290527344
5904,6.126992225646973
5905,-5.429873466491699
5906,-10.865367889404297
5907,6.1170454025268555
5908,-5.5399885177612305
5909,0.5718069076538086
5910,-0.5335578918457031
5911,-1.5978145599365234
5912,-9.75940990447998
5913,-0.5682392120361328
5914,-1.5894527435302734
5915,-0.6577920913696289
5916,-5.990886211395264
5917,-1.9704780578613281
5918,-14.400367736816406
5919,-5.533233165740967
5920,-1.871023178100586
5921,-0.34293127059936523
5922,-4.276998519897461
5923,0.18073654174804688
5924,-6.837047576904297
5925,-4.210723876953125
5926,0.2538490295410156
5927,4.580526828765869
5928,-3.394306182861328
5929,0.2288990020751953
5930,-5.928822994232178
5931,-3.1815185546875
5932,0.41587066650390625
5933,5.041051387786865
5934,-4.776517391204834
5935,1.3478984832763672
5936,-4.702889919281006
5937,-4.69112491607666
5938,1.2959766387939453
5939,5.428257465362549
5940,7.884699821472168
5941,-2.9772510528564453
5942,-2.956055164337158
5943,8.10440731048584
5944,-2.7199058532714844
5945,-3.5508077144622803
5946,8.078320503234863
5947,-2.6862993240356445
5948,-3.551575183868408
5949,8.059891700744629
5950,-2.6399097442626953
5951,-3.5515334606170654
5952,8.106402397155762
5953,-2.7589874267578125
5954,-2.3159799575805664
5955,8.0826997756958
5956,-2.7532901763916016
5957,-2.318056344985962
5958,8.066145896911621
5959,-2.7444067001342773
5960,-2.3207716941833496
5961,7.716544151306152
5962,-2.4784698486328125
5963,-4.664480209350586
5964,7.781882286071777
5965,-2.5985488891601562
5966,0.8489232063293457
5967,7.493924140930176
5968,-2.962100028991699
5969,-3.236675262451172
5970,7.487736701965332
5971,-3.02645206451416
5972,-1.6545326709747314
5973,5.760939598083496
5974,-2.525567054748535
5975,-9.381118774414062
5976,5.392874717712402
5977,-2.6177568435668945
5978,5.30902624130249
5979,4.069573402404785
5980,-3.584867477416992
5981,-11.136053085327148
5982,3.9902429580688477
5983,-3.6859664916992188
5984,7.965693950653076
5985,3.208857536315918
5986,-4.9144086837768555
5987,-8.448190689086914
5988,2.734126091003418
5989,-4.837868690490723
5990,6.453615665435791
5991,2.7239770889282227
5992,-5.342123031616211
5993,-9.401562690734863
5994,2.801995277404785
5995,-5.249582290649414
5996,7.204173564910889
5997,3.3862104415893555
5998,-5.268011093139648
5999,-8.228020668029785
6000,2.9362287521362305
6001,-5.333340644836426
6002,5.8827033042907715
6003,3.2085609436035156
6004,-5.097193717956543
6005,-7.866381645202637
6006,2.888519287109375
6007,-5.250831604003906
6008,5.867464542388916
6009,-0.5802640914916992
6010,-1.3987140655517578
6011,-9.840448379516602
6012,-0.7495641708374023
6013,-1.5024852752685547
6014,-0.5782790184020996
6015,-5.355784893035889
6016,-3.197694778442383
6017,-12.690605163574219
6018,-4.919539451599121
6019,-2.9921789169311523
6020,-0.2868657112121582
6021,-5.225119113922119
6022,-0.8479404449462891
6023,-7.039544105529785
6024,-5.269040107727051
6025,-0.8337631225585938
6026,4.106074810028076
6027,-4.406311988830566
6028,-0.5717887878417969
6029,-6.317968368530273
6030,-4.390768527984619
6031,-0.5837001800537109
6032,4.533346652984619
6033,-6.653231143951416
6034,0.024446487426757812
6035,-4.933777809143066
6036,-6.986175060272217
6037,-0.06589508056640625
6038,5.177844524383545
6039,7.939749717712402
6040,-2.924851417541504
6041,-3.6363182067871094
6042,8.157343864440918
6043,-2.640753746032715
6044,-4.284593105316162
6045,8.125798225402832
6046,-2.603952407836914
6047,-4.285262107849121
6048,8.097477912902832
6049,-2.560164451599121
6050,-4.285818576812744
6051,8.157036781311035
6052,-2.6840391159057617
6053,-2.9290785789489746
6054,8.129300117492676
6055,-2.674483299255371
6056,-2.930361032485962
6057,8.105744361877441
6058,-2.663041114807129
6059,-2.931234359741211
6060,7.702540397644043
6061,-2.401824951171875
6062,-5.520301818847656
6063,7.791749000549316
6064,-2.5015602111816406
6065,0.2745070457458496
6066,7.460433006286621
6067,-2.911614418029785
6068,-4.052165508270264
6069,7.4629926681518555
6070,-2.9759140014648438
6071,-2.3473212718963623
6072,5.795025825500488
6073,-2.5026473999023438
6074,-9.886795043945312
6075,5.299368858337402
6076,-2.606142997741699
6077,4.6484904289245605
6078,3.9288949966430664
6079,-3.607663154602051
6080,-12.164389610290527
6081,3.46610164642334
6082,-3.638032913208008
6083,7.28895902633667
6084,3.2815942764282227
6085,-5.172879219055176
6086,-10.335271835327148
6087,2.2064380645751953
6088,-4.868329048156738
6089,6.03693151473999
6090,2.9214000701904297
6091,-5.578276634216309
6092,-11.496437072753906
6093,2.1880369186401367
6094,-5.211208343505859
6095,6.55842924118042
6096,3.2805891036987305
6097,-5.545458793640137
6098,-10.267505645751953
6099,2.3135690689086914
6100,-5.242748260498047
6101,5.310222148895264
6102,3.3845386505126953
6103,-5.457619667053223
6104,-9.800188064575195
6105,2.3355979919433594
6106,-5.170340538024902
6107,5.415587902069092
6108,-0.5609188079833984
6109,-1.3382797241210938
6110,-9.682010650634766
6111,-0.8299064636230469
6112,-1.4462699890136719
6113,-0.7380905151367188
6114,-5.082587242126465
6115,-3.178999900817871
6116,-11.39991569519043
6117,-4.80117130279541
6118,-3.0624170303344727
6119,-0.5265045166015625
6120,-5.180992126464844
6121,-0.8646297454833984
6122,-6.439451217651367
6123,-5.675343990325928
6124,-0.9290256500244141
6125,3.934143543243408
6126,-4.407283782958984
6127,-0.5869178771972656
6128,-5.779467582702637
6129,-4.717845916748047
6130,-0.6156520843505859
6131,4.392329692840576
6132,-6.59972620010376
6133,-0.06509208679199219
6134,-4.610466003417969
6135,-7.421122074127197
6136,-0.2882099151611328
6137,4.846625804901123
6138,7.702130317687988
6139,-2.665219306945801
6140,-2.912863254547119
6141,7.884940147399902
6142,-2.401273727416992
6143,-3.5568957328796387
6144,7.856919288635254
6145,-2.3488845825195312
6146,-3.5579752922058105
6147,7.821810722351074
6148,-2.304088592529297
6149,-3.556882381439209
6150,7.889586448669434
6151,-2.441650390625
6152,-2.4550392627716064
6153,7.85830020904541
6154,-2.4332923889160156
6155,-2.457007884979248
6156,7.838984489440918
6157,-2.410820960998535
6158,-2.458883047103882
6159,7.407608985900879
6160,-2.160930633544922
6161,-5.01002836227417
6162,7.478177070617676
6163,-2.252239227294922
6164,0.020578384399414062
6165,7.207756996154785
6166,-2.644333839416504
6167,-3.3926258087158203
6168,7.2233381271362305
6169,-2.7159786224365234
6170,-1.986832857131958
6171,5.480565071105957
6172,-2.3850460052490234
6173,-8.878778457641602
6174,4.995331764221191
6175,-2.506171226501465
6176,4.176832675933838
6177,3.434739112854004
6178,-3.4603967666625977
6179,-10.699960708618164
6180,2.423394203186035
6181,-3.6137466430664062
6182,5.688460826873779
6183,2.1283836364746094
6184,-4.866260528564453
6185,-9.508663177490234
6186,0.9807586669921875
6187,-4.647382736206055
6188,4.080589771270752
6189,1.624542236328125
6190,-5.204318046569824
6191,-10.540182113647461
6192,0.7471208572387695
6193,-4.9005231857299805
6194,4.234054088592529
6195,1.896505355834961
6196,-5.161994934082031
6197,-9.679290771484375
6198,1.014664649963379
6199,-4.931306838989258
6200,3.1000847816467285
6201,1.9368114471435547
6202,-5.069986343383789
6203,-9.11313247680664
6204,0.8837394714355469
6205,-4.866772651672363
6206,3.570735454559326
6207,-0.6647176742553711
6208,-1.3857269287109375
6209,-9.38132381439209
6210,-0.9613800048828125
6211,-1.4321174621582031
6212,-1.0377845764160156
6213,-3.3188705444335938
6214,-3.888442039489746
6215,-10.701794624328613
6216,-3.6973724365234375
6217,-3.6265172958374023
6218,-1.5667285919189453
6219,-6.151082992553711
6220,-2.1760692596435547
6221,-6.700799465179443
6222,-5.807313919067383
6223,-1.9210376739501953
6224,1.8382368087768555
6225,-5.946250915527344
6226,-1.6807613372802734
6227,-6.075038909912109
6228,-5.564442157745361
6229,-1.4791450500488281
6230,2.218581199645996
6231,-8.346769332885742
6232,-2.2659683227539062
6233,-4.887434005737305
6234,-7.727405548095703
6235,-1.7906818389892578
6236,2.6087646484375
6237,7.75247859954834
6238,-2.519364356994629
6239,-4.153841018676758
6240,7.883557319641113
6241,-2.2560482025146484
6242,-4.877382278442383
6243,7.849703788757324
6244,-2.2202014923095703
6245,-4.880148887634277
6246,7.814330101013184
6247,-2.1867237091064453
6248,-4.878488063812256
6249,7.887621879577637
6250,-2.279404640197754
6251,-3.863119125366211
6252,7.855860710144043
6253,-2.265334129333496
6254,-3.864572763442993
6255,7.830964088439941
6256,-2.244614601135254
6257,-3.86676287651062
6258,7.398825645446777
6259,-2.054075241088867
6260,-5.948827743530273
6261,7.477276802062988
6262,-2.0956878662109375
6263,-1.4642980098724365
6264,7.291869163513184
6265,-2.5400924682617188
6266,-4.5117974281311035
6267,7.303317070007324
6268,-2.5846166610717773
6269,-3.257093906402588
6270,5.365666389465332
6271,-2.314944267272949
6272,-9.381330490112305
6273,4.945887565612793
6274,-2.3333654403686523
6275,2.749433994293213
6276,3.0529136657714844
6277,-3.4291601181030273
6278,-11.990461349487305
6279,2.210202217102051
6280,-3.562467575073242
6281,4.1151204109191895
6282,1.9626054763793945
6283,-4.791950225830078
6284,-10.592772483825684
6285,0.6632528305053711
6286,-4.516444206237793
6287,2.2812743186950684
6288,1.5937185287475586
6289,-5.157648086547852
6290,-11.804161071777344
6291,0.5787067413330078
6292,-4.761246681213379
6293,2.3855772018432617
6294,1.9057426452636719
6295,-5.141360282897949
6296,-10.912069320678711
6297,0.5958518981933594
6298,-4.796625137329102
6299,1.1950287818908691
6300,1.8625640869140625
6301,-5.027886390686035
6302,-10.205617904663086
6303,0.6686725616455078
6304,-4.733104705810547
6305,1.7209086418151855
6306,-0.8410301208496094
6307,-1.4151077270507812
6308,-9.511053085327148
6309,-0.9376974105834961
6310,-1.4837112426757812
6311,-0.9074764251708984
6312,-3.0711936950683594
6313,-3.8735342025756836
6314,-10.489968299865723
6315,-3.107860565185547
6316,-3.6683425903320312
6317,-0.8908190727233887
6318,-6.3118438720703125
6319,-2.194520950317383
6320,-5.729466915130615
6321,-5.775879859924316
6322,-2.007781982421875
6323,2.948392391204834
6324,-6.069854259490967
6325,-1.6464576721191406
6326,-5.009504318237305
6327,-5.679591655731201
6328,-1.5403728485107422
6329,3.3590455055236816
6330,-8.47832202911377
6331,-2.234381675720215
6332,-3.5091190338134766
6333,-7.900135040283203
6334,-2.005664825439453
6335,3.298806667327881
6336,7.455906867980957
6337,-2.1803646087646484
6338,-4.9588212966918945
6339,7.620871543884277
6340,-1.9264144897460938
6341,-5.596959590911865
6342,7.590485572814941
6343,-1.8669071197509766
6344,-5.600778102874756
6345,7.550911903381348
6346,-1.8264427185058594
6347,-5.601378917694092
6348,7.631011009216309
6349,-1.9547252655029297
6350,-4.442549705505371
6351,7.597897529602051
6352,-1.9427986145019531
6353,-4.443467617034912
6354,7.567582130432129
6355,-1.928030014038086
6356,-4.445967674255371
6357,7.112374305725098
6358,-1.6776676177978516
6359,-5.969958782196045
6360,7.199755668640137
6361,-1.758615493774414
6362,-1.421886920928955
6363,6.946988105773926
6364,-2.1770668029785156
6365,-5.178084850311279
6366,6.968207359313965
6367,-2.235698699951172
6368,-3.7483577728271484
6369,5.205046653747559
6370,-2.067066192626953
6371,-9.518299102783203
6372,4.911017417907715
6373,-1.9821414947509766
6374,3.233940601348877
6375,2.232940673828125
6376,-3.2685251235961914
6377,-12.351286888122559
6378,1.660893440246582
6379,-3.1090927124023438
6380,4.937760829925537
6381,1.4558944702148438
6382,-4.704639434814453
6383,-10.285512924194336
6384,0.2513895034790039
6385,-4.232565879821777
6386,3.099846363067627
6387,1.1672039031982422
6388,-5.033210754394531
6389,-11.457982063293457
6390,0.2570610046386719
6391,-4.404511451721191
6392,3.2669644355773926
6393,1.3903045654296875
6394,-5.0202226638793945
6395,-10.562959671020508
6396,0.4523639678955078
6397,-4.475298881530762
6398,2.1709799766540527
6399,1.4337844848632812
6400,-4.896269798278809
6401,-9.853446960449219
6402,0.44086265563964844
6403,-4.40557861328125
6404,2.5292749404907227
6405,-1.0496644973754883
6406,-1.44970703125
6407,-9.62282943725586
6408,-1.1282386779785156
6409,-1.4648265838623047
6410,-0.7971649169921875
6411,-1.0784120559692383
6412,-4.081193923950195
6413,-11.068009376525879
6414,-1.5209598541259766
6415,-3.763427734375
6416,0.6424779891967773
6417,-5.953301429748535
6418,-3.4643001556396484
6419,-6.575780868530273
6420,-5.199841499328613
6421,-2.9964523315429688
6422,4.730898380279541
6423,-6.448053359985352
6424,-3.017017364501953
6425,-5.915452480316162
6426,-5.433143138885498
6427,-2.6650657653808594
6428,5.154675006866455
6429,-7.413549900054932
6430,-4.22923469543457
6431,-5.143221855163574
6432,-6.663952827453613
6433,-3.4354257583618164
6434,5.09595251083374
6435,7.389748573303223
6436,-2.034992218017578
6437,-5.304292678833008
6438,7.544754981994629
6439,-1.7926216125488281
6440,-6.060420036315918
6441,7.509791374206543
6442,-1.7545814514160156
6443,-6.064384460449219
6444,7.468453407287598
6445,-1.7177066802978516
6446,-6.066488742828369
6447,7.550642967224121
6448,-1.8128795623779297
6449,-4.699889659881592
6450,7.512761116027832
6451,-1.7945022583007812
6452,-4.700209140777588
6453,7.4800615310668945
6454,-1.7582015991210938
6455,-4.702342987060547
6456,7.011702537536621
6457,-1.570709228515625
6458,-7.347451210021973
6459,7.086777687072754
6460,-1.6039237976074219
6461,-1.5104522705078125
6462,6.859688758850098
6463,-2.057577133178711
6464,-5.753334999084473
6465,6.873696327209473
6466,-2.0765438079833984
6467,-4.022751331329346
6468,5.102147102355957
6469,-1.9237728118896484
6470,-11.73142147064209
6471,4.855071067810059
6472,-1.8099842071533203
6473,3.379453182220459
6474,2.063809394836426
6475,-3.1652441024780273
6476,-12.933810234069824
6477,1.6402387619018555
6478,-2.9393959045410156
6479,4.943356990814209
6480,1.5522689819335938
6481,-4.644861221313477
6482,-10.80066204071045
6483,0.3680286407470703
6484,-4.220701217651367
6485,3.161994457244873
6486,1.2637815475463867
6487,-4.98723030090332
6488,-12.071460723876953
6489,0.4448385238647461
6490,-4.381217956542969
6491,3.3514161109924316
6492,1.5862226486206055
6493,-4.956960678100586
6494,-11.164787292480469
6495,0.6369209289550781
6496,-4.459063529968262
6497,2.0378031730651855
6498,1.588735580444336
6499,-4.854156494140625
6500,-10.380448341369629
6501,0.6008329391479492
6502,-4.386473655700684
6503,2.507190227508545
6504,-1.1101484298706055
6505,-1.5284271240234375
6506,-10.053388595581055
6507,-1.2238330841064453
6508,-1.4746131896972656
6509,-0.36338186264038086
6510,-0.9939908981323242
6511,-4.145666122436523
6512,-11.203193664550781
6513,-1.6510276794433594
6514,-3.8061599731445312
6515,2.305518627166748
6516,-6.044390678405762
6517,-3.677670478820801
6518,-6.323814868927002
6519,-5.419497013092041
6520,-3.014646530151367
6521,8.312929153442383
6522,-6.833189010620117
6523,-3.3054351806640625
6524,-5.620095252990723
6525,-5.715876579284668
6526,-2.7372169494628906
6527,8.942461013793945
6528,-7.367387771606445
6529,-4.489361763000488
6530,-4.991687774658203
6531,-6.632554531097412
6532,-3.4924278259277344
6533,9.261983871459961
6534,7.306319236755371
6535,-1.6497917175292969
6536,-7.617346286773682
6537,7.400515556335449
6538,-1.426513671875
6539,-8.248337745666504
6540,7.332280158996582
6541,-1.3851776123046875
6542,-8.251877784729004
6543,7.262772560119629
6544,-1.3414897918701172
6545,-8.255718231201172
6546,7.415814399719238
6547,-1.4505176544189453
6548,-6.7556352615356445
6549,7.362607002258301
6550,-1.4330768585205078
6551,-6.754570007324219
6552,7.318358421325684
6553,-1.4101371765136719
6554,-6.755536079406738
6555,6.6704607009887695
6556,-1.166717529296875
6557,-9.093969345092773
6558,6.768866539001465
6559,-1.223806381225586
6560,-2.440638780593872
6561,6.676413536071777
6562,-1.671884536743164
6563,-7.862922191619873
6564,6.7292680740356445
6565,-1.7106761932373047
6566,-5.908978462219238
6567,4.377741813659668
6568,-1.6066856384277344
6569,-13.345304489135742
6570,4.193722724914551
6571,-1.4460830688476562
6572,3.5463805198669434
6573,1.2569456100463867
6574,-2.8122024536132812
6575,-14.532510757446289
6576,1.0300045013427734
6577,-2.4830474853515625
6578,5.428768634796143
6579,0.7209758758544922
6580,-4.270356178283691
6581,-12.030860900878906
6582,-0.1058340072631836
6583,-3.5726146697998047
6584,2.9881463050842285
6585,0.1860809326171875
6586,-4.611455917358398
6587,-13.464471817016602
6588,-0.16280269622802734
6589,-3.687411308288574
6590,3.367323398590088
6591,0.4036741256713867
6592,-4.670616149902344
6593,-12.437932014465332
6594,0.011760711669921875
6595,-3.767559051513672
6596,1.8457231521606445
6597,0.589329719543457
6598,-4.496878623962402
6599,-11.531673431396484
6600,0.02610301971435547
6601,-3.725240707397461
6602,2.2556867599487305
6603,-1.5131874084472656
6604,-1.5065689086914062
6605,-10.439382553100586
6606,-1.6732559204101562
6607,-1.415822982788086
6608,0.027491092681884766
6609,0.11143302917480469
6610,-4.035700798034668
6611,-10.655195236206055
6612,-0.24658489227294922
6613,-3.5931386947631836
6614,1.7957448959350586
6615,-5.453894138336182
6616,-4.607870101928711
6617,-4.658239364624023
6618,-4.774850845336914
6619,-4.483770370483398
6620,6.597970485687256
6621,-5.522130966186523
6622,-4.473533630371094
6623,-3.939995765686035
6624,-5.150326251983643
6625,-4.340543746948242
6626,6.737660884857178
6627,-5.3917694091796875
6628,-5.662849426269531
6629,-3.790806293487549
6630,-5.695434093475342
6631,-5.493202209472656
6632,5.453843593597412
6633,7.145909309387207
6634,-1.565958023071289
6635,-6.910129547119141
6636,7.305102348327637
6637,-1.3392486572265625
6638,-7.649230003356934
6639,7.25771427154541
6640,-1.298715591430664
6641,-7.652013301849365
6642,7.212563514709473
6643,-1.2468147277832031
6644,-7.6551923751831055
6645,7.3302717208862305
6646,-1.3630332946777344
6647,-6.106999397277832
6648,7.299075126647949
6649,-1.342498779296875
6650,-6.106105804443359
6651,7.282029151916504
6652,-1.3155784606933594
6653,-6.1070051193237305
6654,6.579220771789551
6655,-1.0556163787841797
6656,-9.178059577941895
6657,6.656394004821777
6658,-1.1016063690185547
6659,-2.2083606719970703
6660,6.66690731048584
6661,-1.5916481018066406
6662,-7.406224727630615
6663,6.715876579284668
6664,-1.6210594177246094
6665,-5.384612083435059
6666,4.089003562927246
6667,-1.4601459503173828
6668,-13.852556228637695
6669,3.8133344650268555
6670,-1.3296489715576172
6671,3.548184871673584
6672,1.2228803634643555
6673,-2.6461124420166016
6674,-15.471681594848633
6675,1.1133670806884766
6676,-2.3536949157714844
6677,5.257330417633057
6678,0.7473793029785156
6679,-4.1693925857543945
6680,-12.442595481872559
6681,-0.2720975875854492
6682,-3.592987060546875
6683,2.0390162467956543
6684,0.21783447265625
6685,-4.546968460083008
6686,-13.892351150512695
6687,-0.3360586166381836
6688,-3.747648239135742
6689,2.335543155670166
6690,0.4303312301635742
6691,-4.614139556884766
6692,-12.791969299316406
6693,-0.22930145263671875
6694,-3.900890350341797
6695,0.759498119354248
6696,0.5907754898071289
6697,-4.4351654052734375
6698,-11.903209686279297
6699,-0.20633602142333984
6700,-3.7506818771362305
6701,1.261064052581787
6702,-1.578873634338379
6703,-1.5163097381591797
6704,-10.54670238494873
6705,-1.8818130493164062
6706,-1.423004150390625
6707,0.13573789596557617
6708,0.28354454040527344
6709,-4.013876914978027
6710,-10.75462532043457
6711,-0.2702159881591797
6712,-3.628694534301758
6713,1.4749374389648438
6714,-5.01153039932251
6715,-4.585080146789551
6716,-4.583007335662842
6717,-4.655877113342285
6718,-4.383601188659668
6719,6.17318868637085
6720,-5.3184027671813965
6721,-4.446551322937012
6722,-3.818056106567383
6723,-5.285680294036865
6724,-4.269935607910156
6725,6.469239711761475
6726,-5.160477161407471
6727,-5.637144088745117
6728,-3.234457015991211
6729,-5.547467231750488
6730,-5.384150505065918
6731,5.571598529815674
6732,6.570923805236816
6733,-1.1047649383544922
6734,-6.5684814453125
6735,6.644177436828613
6736,-0.8927841186523438
6737,-7.367712020874023
6738,6.57796573638916
6739,-0.8598117828369141
6740,-7.370739936828613
6741,6.508231163024902
6742,-0.8222255706787109
6743,-7.375252723693848
6744,6.6851606369018555
6745,-0.9163303375244141
6746,-5.803857326507568
6747,6.654698371887207
6748,-0.9054222106933594
6749,-5.803653240203857
6750,6.628655433654785
6751,-0.8914909362792969
6752,-5.804671287536621
6753,5.856631278991699
6754,-0.6594257354736328
6755,-9.087482452392578
6756,5.996376991271973
6757,-0.696624755859375
6758,-2.0288751125335693
6759,6.030892372131348
6760,-1.1587963104248047
6761,-7.136724472045898
6762,6.084214210510254
6763,-1.1987113952636719
6764,-5.092437744140625
6765,3.464688301086426
6766,-1.0753707885742188
6767,-13.517423629760742
6768,3.3036041259765625
6769,-1.0066242218017578
6770,3.6961617469787598
6771,0.5270452499389648
6772,-2.177947998046875
6773,-14.973432540893555
6774,0.45638465881347656
6775,-2.039165496826172
6776,5.816467761993408
6777,1.0220861434936523
6778,-3.570582389831543
6779,-10.717147827148438
6780,0.5813941955566406
6781,-3.286625862121582
6782,2.5461225509643555
6783,0.8994255065917969
6784,-3.930983543395996
6785,-11.870245933532715
6786,0.6441535949707031
6787,-3.4695539474487305
6788,2.8456454277038574
6789,1.2999849319458008
6790,-3.8595123291015625
6791,-11.131806373596191
6792,0.8688449859619141
6793,-3.4155101776123047
6794,1.3699302673339844
6795,1.364034652709961
6796,-3.7278261184692383
6797,-10.312165260314941
6798,0.852931022644043
6799,-3.347752571105957
6800,1.7875561714172363
6801,-2.07696533203125
6802,-1.5072040557861328
6803,-10.616157531738281
6804,-2.226017951965332
6805,-1.44390869140625
6806,0.2089085578918457
6807,1.4368705749511719
6808,-3.583251953125
6809,-10.26819896697998
6810,1.180872917175293
6811,-3.5294647216796875
6812,0.6948676109313965
6813,-2.012057304382324
6814,-5.116718292236328
6815,-5.334225654602051
6816,-1.962747573852539
6817,-5.052475929260254
6818,2.9529061317443848
6819,-3.0941238403320312
6820,-5.244784355163574
6821,-4.75393009185791
6822,-3.053860664367676
6823,-5.221189498901367
6824,3.028931140899658
6825,-1.0130910873413086
6826,-6.033312797546387
6827,-3.778207540512085
6828,-1.221771240234375
6829,-5.951994895935059
6830,1.3826088905334473
6831,6.374869346618652
6832,-1.0663490295410156
6833,-7.442995071411133
6834,6.415390968322754
6835,-0.8282833099365234
6836,-8.233772277832031
6837,6.3468523025512695
6838,-0.7978439331054688
6839,-8.236522674560547
6840,6.269587516784668
6841,-0.7620620727539062
6842,-8.2412691116333
6843,6.451529502868652
6844,-0.8477230072021484
6845,-6.653273582458496
6846,6.416543006896973
6847,-0.8341922760009766
6848,-6.653252601623535
6849,6.378544807434082
6850,-0.8165569305419922
6851,-6.65382194519043
6852,5.5622663497924805
6853,-0.5942592620849609
6854,-9.76064682006836
6855,5.719775199890137
6856,-0.6224479675292969
6857,-2.6333298683166504
6858,5.7799577713012695
6859,-1.1396808624267578
6860,-7.948357105255127
6861,5.836701393127441
6862,-1.1633777618408203
6863,-5.873887062072754
6864,3.2194719314575195
6865,-1.006063461303711
6866,-14.16482162475586
6867,3.110581398010254
6868,-0.9088973999023438
6869,3.5948472023010254
6870,0.48650074005126953
6871,-2.1434783935546875
6872,-14.949731826782227
6873,0.45642662048339844
6874,-1.9865531921386719
6875,5.744394779205322
6876,1.1112909317016602
6877,-3.5200881958007812
6878,-10.515932083129883
6879,0.8112831115722656
6880,-3.226181983947754
6881,1.661294937133789
6882,1.1130762100219727
6883,-3.887345314025879
6884,-11.695772171020508
6885,0.9111804962158203
6886,-3.435366630554199
6887,1.7992072105407715
6888,1.4723520278930664
6889,-3.81986141204834
6890,-11.044584274291992
6891,1.0995779037475586
6892,-3.3829498291015625
6893,0.2730398178100586
6894,1.502798080444336
6895,-3.67734432220459
6896,-10.14228630065918
6897,1.0966367721557617
6898,-3.3677892684936523
6899,0.8505973815917969
6900,-2.0945968627929688
6901,-1.5287036895751953
6902,-10.701502799987793
6903,-2.2843236923217773
6904,-1.4656925201416016
6905,0.29495906829833984
6906,1.4934186935424805
6907,-3.5275392532348633
6908,-9.977375984191895
6909,1.209731101989746
6910,-3.5359954833984375
6911,0.47588300704956055
6912,-1.5929813385009766
6913,-5.061110496520996
6914,-4.593770980834961
6915,-1.7647905349731445
6916,-5.173649787902832
6917,2.806551456451416
6918,-2.4972047805786133
6919,-5.228458404541016
6920,-4.043207168579102
6921,-2.7403745651245117
6922,-5.304460525512695
6923,2.8888707160949707
6924,-0.5295839309692383
6925,-6.0352630615234375
6926,-4.590106010437012
6927,-0.6218814849853516
6928,-5.9707136154174805
6929,1.31026029586792
6930,5.333100318908691
6931,-0.5241603851318359
6932,-7.7988786697387695
6933,5.383856773376465
6934,-0.28634071350097656
6935,-8.582651138305664
6936,5.302166938781738
6937,-0.25504302978515625
6938,-8.586492538452148
6939,5.21413516998291
6940,-0.21933555603027344
6941,-8.592249870300293
6942,5.461712837219238
6943,-0.3093070983886719
6944,-6.987268924713135
6945,5.4419450759887695
6946,-0.29749488830566406
6947,-6.987415790557861
6948,5.420781135559082
6949,-0.2816028594970703
6950,-6.9875664710998535
6951,4.580405235290527
6952,-0.07291412353515625
6953,-10.104410171508789
6954,4.798703193664551
6955,-0.10709381103515625
6956,-2.866997241973877
6957,4.779616355895996
6958,-0.5785617828369141
6959,-8.302956581115723
6960,4.878640174865723
6961,-0.6147346496582031
6962,-6.20012903213501
6963,2.4634876251220703
6964,-0.5592079162597656
6965,-13.894512176513672
6966,2.5389671325683594
6967,-0.5991573333740234
6968,3.2913737297058105
6969,0.2221841812133789
6970,-1.8429889678955078
6971,-14.860025405883789
6972,0.3646097183227539
6973,-1.7922935485839844
6974,5.745887279510498
6975,1.1258516311645508
6976,-2.9373884201049805
6977,-11.146285057067871
6978,1.316819190979004
6979,-2.754338264465332
6980,1.3660149574279785
6981,1.910287857055664
6982,-3.182758331298828
6983,-12.514699935913086
6984,1.4700355529785156
6985,-2.87673282623291
6986,1.5337657928466797
6987,2.364604949951172
6988,-3.0350818634033203
6989,-11.983383178710938
6990,2.115506172180176
6991,-2.94657039642334
6992,-0.08914852142333984
6993,2.232542037963867
6994,-2.907599449157715
6995,-10.867732048034668
6996,2.0912179946899414
6997,-2.900761604309082
6998,0.5150923728942871
6999,-2.6782751083374023
7000,-1.557027816772461
7001,-10.652856826782227
7002,-2.663313865661621
7003,-1.5614643096923828
7004,0.24295520782470703
7005,2.0056238174438477
7006,-3.0991687774658203
7007,-9.89942741394043
7008,1.9338436126708984
7009,-3.0534439086914062
7010,0.35334157943725586
7011,0.5304994583129883
7012,-5.004883766174316
7013,-5.1505889892578125
7014,0.5026025772094727
7015,-4.9617414474487305
7016,2.729947090148926
7017,0.03901958465576172
7018,-5.245575904846191
7019,-4.67229700088501
7020,-0.06754493713378906
7021,-5.2375030517578125
7022,2.809204578399658
7023,2.0440196990966797
7024,-5.551366806030273
7025,-5.917696952819824
7026,1.9959955215454102
7027,-5.554608345031738
7028,0.7740955352783203
7029,5.0731611251831055
7030,-0.4669170379638672
7031,-7.392597198486328
7032,5.143912315368652
7033,-0.2263507843017578
7034,-8.538607597351074
7035,5.082915306091309
7036,-0.19678688049316406
7037,-8.544944763183594
7038,5.016396522521973
7039,-0.1650543212890625
7040,-8.556366920471191
7041,5.185347557067871
7042,-0.24394607543945312
7043,-6.887020111083984
7044,5.156603813171387
7045,-0.22838973999023438
7046,-6.88847541809082
7047,5.125090599060059
7048,-0.20994186401367188
7049,-6.892570495605469
7050,4.412554740905762
7051,-0.008481979370117188
7052,-9.453291893005371
7053,4.540173530578613
7054,-0.03166770935058594
7055,-2.51440691947937
7056,4.527714729309082
7057,-0.5358715057373047
7058,-8.162314414978027
7059,4.578606605529785
7060,-0.5598258972167969
7061,-6.183272838592529
7062,2.276444435119629
7063,-0.40868568420410156
7064,-13.581470489501953
7065,2.2870044708251953
7066,-0.49315452575683594
7067,3.1518359184265137
7068,0.2201852798461914
7069,-1.7433948516845703
7070,-14.667068481445312
7071,0.3522148132324219
7072,-1.7143630981445312
7073,4.921964168548584
7074,1.2730979919433594
7075,-2.8715295791625977
7076,-11.596485137939453
7077,1.325887680053711
7078,-2.745403289794922
7079,0.8036923408508301
7080,2.2104005813598633
7081,-3.1320438385009766
7082,-12.923351287841797
7083,1.5964584350585938
7084,-2.880276679992676
7085,0.9241046905517578
7086,2.570736885070801
7087,-2.937617301940918
7088,-12.223743438720703
7089,2.130046844482422
7090,-2.9178972244262695
7091,-0.4694504737854004
7092,2.4876785278320312
7093,-2.85501766204834
7094,-11.268308639526367
7095,2.1035995483398438
7096,-2.865680694580078
7097,0.0462193489074707
7098,-2.673760414123535
7099,-1.6118030548095703
7100,-10.495018005371094
7101,-2.6471071243286133
7102,-1.6305732727050781
7103,0.08630800247192383
7104,2.5166664123535156
7105,-2.9473018646240234
7106,-9.494781494140625
7107,2.425614356994629
7108,-2.9451990127563477
7109,-0.29970550537109375
7110,0.9554557800292969
7111,-4.919224739074707
7112,-5.071946620941162
7113,1.101679801940918
7114,-4.937541961669922
7115,1.6110124588012695
7116,0.4272775650024414
7117,-5.230804443359375
7118,-4.623507976531982
7119,0.4371786117553711
7120,-5.122740745544434
7121,1.6654939651489258
7122,2.541738510131836
7123,-5.656632423400879
7124,-5.888903617858887
7125,2.5399398803710938
7126,-5.645023345947266
7127,0.0317540168762207
7128,4.213315010070801
7129,0.19181060791015625
7130,-6.860241889953613
7131,4.209612846374512
7132,0.46173667907714844
7133,-7.798456192016602
7134,4.117840766906738
7135,0.4852447509765625
7136,-7.802324295043945
7137,4.015656471252441
7138,0.5136585235595703
7139,-7.809010028839111
7140,4.286290168762207
7141,0.44031333923339844
7142,-6.242466449737549
7143,4.257479667663574
7144,0.44799232482910156
7145,-6.24337100982666
7146,4.223631858825684
7147,0.4603137969970703
7148,-6.245371341705322
7149,3.3134374618530273
7150,0.5976676940917969
7151,-9.347861289978027
7152,3.574549674987793
7153,0.5756645202636719
7154,-2.422471523284912
7155,3.657160758972168
7156,0.06218719482421875
7157,-7.528735160827637
7158,3.7646913528442383
7159,0.04181861877441406
7160,-5.574256896972656
7161,1.4718894958496094
7162,-0.12202644348144531
7163,-13.28648567199707
7164,1.4923477172851562
7165,-0.08260345458984375
7166,2.954738140106201
7167,0.12662029266357422
7168,-1.602529525756836
7169,-13.095268249511719
7170,0.39152050018310547
7171,-1.4988746643066406
7172,4.97461462020874
7173,2.2881832122802734
7174,-2.0478992462158203
7175,-7.350081443786621
7176,2.2891616821289062
7177,-1.9000358581542969
7178,0.817105770111084
7179,3.2100181579589844
7180,-2.227047920227051
7181,-8.233137130737305
7182,2.874140739440918
7183,-1.9628467559814453
7184,0.9422512054443359
7185,3.4442033767700195
7186,-1.9920997619628906
7187,-7.646739959716797
7188,3.1728878021240234
7189,-1.8970203399658203
7190,-0.36058521270751953
7191,3.2330551147460938
7192,-1.9657764434814453
7193,-6.996615886688232
7194,3.0762453079223633
7195,-1.8724117279052734
7196,0.10048627853393555
7197,-2.883824348449707
7198,-1.7512264251708984
7199,-10.455129623413086
7200,-2.789383888244629
7201,-1.6948795318603516
7202,0.05108928680419922
7203,2.741604804992676
7204,-2.924710273742676
7205,-9.875699043273926
7206,2.7750062942504883
7207,-2.603335380554199
7208,-0.14543390274047852
7209,3.701409339904785
7210,-4.355810165405273
7211,-5.21837043762207
7212,3.6983861923217773
7213,-4.303036689758301
7214,2.3021187782287598
7215,3.46126651763916
7216,-4.777960777282715
7217,-5.268804550170898
7218,3.486752510070801
7219,-4.673803329467773
7220,2.393470287322998
7221,5.596793174743652
7222,-4.556795120239258
7223,-7.803715229034424
7224,5.48050594329834
7225,-4.49543571472168
7226,0.47533321380615234
7227,4.0488481521606445
7228,0.24637222290039062
7229,-6.156852722167969
7230,4.0332746505737305
7231,0.4959449768066406
7232,-7.216517448425293
7233,3.9550065994262695
7234,0.5217437744140625
7235,-7.219722747802734
7236,3.867783546447754
7237,0.5508079528808594
7238,-7.226752758026123
7239,4.081761360168457
7240,0.4759788513183594
7241,-5.625474452972412
7242,4.0442609786987305
7243,0.48516082763671875
7244,-5.627161502838135
7245,4.0009870529174805
7246,0.5000476837158203
7247,-5.629354953765869
7248,3.1686439514160156
7249,0.6425533294677734
7250,-9.161577224731445
7251,3.335860252380371
7252,0.6300220489501953
7253,-2.2830262184143066
7254,3.5025806427001953
7255,0.10289192199707031
7256,-6.981691360473633
7257,3.5691747665405273
7258,0.08407402038574219
7259,-4.933988571166992
7260,1.2267837524414062
7261,0.0379638671875
7262,-13.174947738647461
7263,1.2738914489746094
7264,-0.04896354675292969
7265,2.9611964225769043
7266,0.17746829986572266
7267,-1.5366992950439453
7268,-13.211994171142578
7269,0.35773468017578125
7270,-1.4757652282714844
7271,5.03082799911499
7272,2.77321720123291
7273,-2.0753040313720703
7274,-8.999185562133789
7275,2.6516504287719727
7276,-1.9999675750732422
7277,0.8961496353149414
7278,3.4180917739868164
7279,-2.274677276611328
7280,-10.04893684387207
7281,3.177631378173828
7282,-2.09600830078125
7283,1.0032010078430176
7284,3.650419235229492
7285,-2.092519760131836
7286,-9.370283126831055
7287,3.5247697830200195
7288,-2.0488967895507812
7289,-0.25362205505371094
7290,3.459170341491699
7291,-1.9948959350585938
7292,-8.639383316040039
7293,3.370572090148926
7294,-1.9490489959716797
7295,0.18834733963012695
7296,-2.6716508865356445
7297,-1.8046321868896484
7298,-10.328011512756348
7299,-2.6381664276123047
7300,-1.8225936889648438
7301,-0.07488155364990234
7302,3.0296201705932617
7303,-2.7609691619873047
7304,-9.32815933227539
7305,3.000584602355957
7306,-2.5473413467407227
7307,-0.023075580596923828
7308,3.914851188659668
7309,-4.38260555267334
7310,-5.2783708572387695
7311,3.749638557434082
7312,-4.33708381652832
7313,2.746713638305664
7314,3.6845312118530273
7315,-4.770783424377441
7316,-5.052967071533203
7317,3.493318557739258
7318,-4.720125198364258
7319,2.883425235748291
7320,5.848380088806152
7321,-4.546665191650391
7322,-7.526084899902344
7323,5.7041425704956055
7324,-4.596614837646484
7325,1.3028764724731445
7326,3.0835981369018555
7327,0.8463516235351562
7328,-5.519821643829346
7329,2.853099822998047
7330,1.1051712036132812
7331,-6.351992130279541
7332,2.74167537689209
7333,1.1147327423095703
7334,-6.354602813720703
7335,2.623960494995117
7336,1.1268043518066406
7337,-6.3605170249938965
7338,2.980973243713379
7339,1.104684829711914
7340,-4.957592487335205
7341,2.9667959213256836
7342,1.110565185546875
7343,-4.959307670593262
7344,2.9373950958251953
7345,1.1240463256835938
7346,-4.960061073303223
7347,1.8632049560546875
7348,1.1095352172851562
7349,-8.231245040893555
7350,2.153384208679199
7351,1.133575439453125
7352,-2.0932090282440186
7353,2.586127281188965
7354,0.6342868804931641
7355,-6.2358479499816895
7356,2.778230667114258
7357,0.615753173828125
7358,-4.4239115715026855
7359,0.3011798858642578
7360,0.23499107360839844
7361,-11.643899917602539
7362,0.7966279983520508
7363,0.1422252655029297
7364,2.7364583015441895
7365,0.11665821075439453
7366,-1.2547130584716797
7367,-11.259520530700684
7368,0.6692104339599609
7369,-1.2557373046875
7370,4.319967746734619
7371,3.049825668334961
7372,-1.1648006439208984
7373,-6.2369794845581055
7374,3.401240348815918
7375,-1.7471637725830078
7376,0.4942593574523926
7377,3.722113609313965
7378,-1.27447509765625
7379,-6.950065612792969
7380,3.9637765884399414
7381,-1.8352336883544922
7382,0.6620168685913086
7383,3.7768983840942383
7384,-1.0487213134765625
7385,-6.278717041015625
7386,4.277955055236816
7387,-1.7598457336425781
7388,-0.6892004013061523
7389,3.6068849563598633
7390,-1.0210437774658203
7391,-5.870650768280029
7392,4.130579948425293
7393,-1.7232494354248047
7394,-0.2426137924194336
7395,-2.542788505554199
7396,-1.8162155151367188
7397,-9.93691635131836
7398,-2.4085769653320312
7399,-1.9113826751708984
7400,-0.4673433303833008
7401,3.1397409439086914
7402,-1.6356983184814453
7403,-8.947687149047852
7404,3.1822290420532227
7405,-1.7117748260498047
7406,-0.10151147842407227
7407,5.893153190612793
7408,-3.5451793670654297
7409,-5.54905891418457
7410,5.847897529602051
7411,-3.463838577270508
7412,2.0674352645874023
7413,6.13008975982666
7414,-3.8965673446655273
7415,-5.231853485107422
7416,6.08095645904541
7417,-3.812371253967285
7418,2.136813163757324
7419,7.914742469787598
7420,-3.8225040435791016
7421,-7.500869274139404
7422,7.724532127380371
7423,-3.703533172607422
7424,0.18176698684692383
7425,2.9219093322753906
7426,0.8955650329589844
7427,-5.120375156402588
7428,2.725727081298828
7429,1.1692485809326172
7430,-5.9194231033325195
7431,2.6216907501220703
7432,1.1845512390136719
7433,-5.921182155609131
7434,2.506749153137207
7435,1.2049903869628906
7436,-5.92513370513916
7437,2.8384342193603516
7438,1.1615543365478516
7439,-4.508455753326416
7440,2.8145456314086914
7441,1.1711292266845703
7442,-4.510757923126221
7443,2.786527633666992
7444,1.1836051940917969
7445,-4.512026309967041
7446,1.6815509796142578
7447,1.2083797454833984
7448,-7.787895202636719
7449,2.0379247665405273
7450,1.1978340148925781
7451,-1.5340831279754639
7452,2.455155372619629
7453,0.6766262054443359
7454,-5.771017551422119
7455,2.609170913696289
7456,0.6638813018798828
7457,-3.9370269775390625
7458,0.041701316833496094
7459,0.370635986328125
7460,-11.5018949508667
7461,0.5349845886230469
7462,0.09718513488769531
7463,3.1861863136291504
7464,0.06886577606201172
7465,-1.139963150024414
7466,-13.035102844238281
7467,0.8129215240478516
7468,-1.23486328125
7469,4.625101566314697
7470,3.134678840637207
7471,-1.044504165649414
7472,-12.150887489318848
7473,3.5039615631103516
7474,-1.2384204864501953
7475,1.2012395858764648
7476,3.739750862121582
7477,-1.1066322326660156
7478,-13.157032012939453
7479,4.017901420593262
7480,-1.2400970458984375
7481,1.4652509689331055
7482,3.79556941986084
7483,-0.9038524627685547
7484,-12.389789581298828
7485,4.1937761306762695
7486,-1.2296524047851562
7487,0.13323402404785156
7488,3.627078056335449
7489,-0.8830585479736328
7490,-11.804454803466797
7491,3.9472341537475586
7492,-1.1468391418457031
7493,0.5393209457397461
7494,-2.390289306640625
7495,-1.8612709045410156
7496,-9.969632148742676
7497,-2.2344350814819336
7498,-2.0984973907470703
7499,-0.4358959197998047
7500,3.2450332641601562
7501,-1.325571060180664
7502,-9.292155265808105
7503,3.276209831237793
7504,-1.6026248931884766
7505,-0.18755435943603516
7506,5.996560096740723
7507,-3.214667320251465
7508,-8.510397911071777
7509,5.9898176193237305
7510,-3.1981544494628906
7511,0.4505915641784668
7512,6.304177284240723
7513,-3.670673370361328
7514,-8.426774978637695
7515,6.074233055114746
7516,-3.577129364013672
7517,0.3561062812805176
7518,8.187956809997559
7519,-3.612506866455078
7520,-10.843587875366211
7521,7.91739559173584
7522,-3.2975215911865234
7523,-1.6087820529937744
7524,1.653691291809082
7525,1.5427703857421875
7526,-3.9517385959625244
7527,1.236989974975586
7528,1.7107620239257812
7529,-4.629232883453369
7530,1.1318445205688477
7531,1.6996574401855469
7532,-4.630982398986816
7533,1.0216636657714844
7534,1.6907539367675781
7535,-4.63480281829834
7536,1.3389873504638672
7537,1.7247447967529297
7538,-3.250615119934082
7539,1.3074913024902344
7540,1.7246990203857422
7541,-3.2528629302978516
7542,1.2633638381958008
7543,1.7274093627929688
7544,-3.2539443969726562
7545,0.3262825012207031
7546,1.5614643096923828
7547,-6.37679386138916
7548,0.5362892150878906
7549,1.630859375
7550,-0.19901275634765625
7551,1.3859634399414062
7552,1.2625102996826172
7553,-4.556187629699707
7554,1.5604333877563477
7555,1.288717269897461
7556,-2.764941453933716
7557,-0.6993207931518555
7558,0.5314846038818359
7559,-10.028738021850586
7560,0.011317253112792969
7561,0.49228668212890625
7562,3.7289681434631348
7563,0.25752735137939453
7564,-0.7472171783447266
7565,-11.167374610900879
7566,0.9621095657348633
7567,-0.47124481201171875
7568,4.563448429107666
7569,3.13461971282959
7570,-0.2951068878173828
7571,-8.400190353393555
7572,3.894864082336426
7573,-0.4083843231201172
7574,-0.07007217407226562
7575,3.7135534286499023
7576,-0.3068065643310547
7577,-9.36929702758789
7578,4.410883903503418
7579,-0.3716316223144531
7580,0.20792722702026367
7581,3.7008304595947266
7582,-0.11130332946777344
7583,-8.569458961486816
7584,4.653700828552246
7585,-0.27507591247558594
7586,-1.1490883827209473
7587,3.556363105773926
7588,-0.08365058898925781
7589,-8.055822372436523
7590,4.502091407775879
7591,-0.27816009521484375
7592,-0.8123540878295898
7593,-2.2480039596557617
7594,-1.7969207763671875
7595,-9.992645263671875
7596,-2.1336402893066406
7597,-2.0227088928222656
7598,-0.41364192962646484
7599,3.0383081436157227
7600,-0.37085914611816406
7601,-9.556835174560547
7602,3.1152000427246094
7603,-0.6153526306152344
7604,-0.18660926818847656
7605,7.415682792663574
7606,-1.4608650207519531
7607,-9.75439453125
7608,7.532397270202637
7609,-1.5632095336914062
7610,0.20819807052612305
7611,8.045939445495605
7612,-1.8794097900390625
7613,-9.756053924560547
7614,7.885703086853027
7615,-1.9390907287597656
7616,0.11665821075439453
7617,8.777174949645996
7618,-0.6999187469482422
7619,-12.394359588623047
7620,8.478734016418457
7621,-0.6731090545654297
7622,-2.2005720138549805
7623,1.524277687072754
7624,1.522329330444336
7625,-3.9462060928344727
7626,1.1034116744995117
7627,1.7378005981445312
7628,-4.509523391723633
7629,0.989232063293457
7630,1.7335243225097656
7631,-4.510750770568848
7632,0.8648481369018555
7633,1.7300853729248047
7634,-4.512805938720703
7635,1.2135963439941406
7636,1.7493209838867188
7637,-3.168422222137451
7638,1.1832332611083984
7639,1.7532844543457031
7640,-3.1707401275634766
7641,1.141921043395996
7642,1.7591419219970703
7643,-3.1729378700256348
7644,0.1752939224243164
7645,1.6119060516357422
7646,-5.98602819442749
7647,0.44179248809814453
7648,1.6703319549560547
7649,0.05200052261352539
7650,1.2629528045654297
7651,1.2620086669921875
7652,-4.479316711425781
7653,1.3996696472167969
7654,1.278585433959961
7655,-2.7223808765411377
7656,-0.9946460723876953
7657,0.6494255065917969
7658,-9.910429000854492
7659,0.02292919158935547
7660,0.4575538635253906
7661,3.9590096473693848
7662,-0.0039005279541015625
7663,-0.6332073211669922
7664,-13.428726196289062
7665,1.5134916305541992
7666,-0.6291255950927734
7667,4.581802845001221
7668,3.06418514251709
7669,-0.13152122497558594
7670,-15.574262619018555
7671,4.607155799865723
7672,-0.9866619110107422
7673,0.1371784210205078
7674,3.600942611694336
7675,-0.18121910095214844
7676,-17.01409339904785
7677,5.257199287414551
7678,-1.0499401092529297
7679,1.1018738746643066
7680,3.6200027465820312
7681,0.019338607788085938
7682,-15.901391983032227
7683,5.451539039611816
7684,-0.9766292572021484
7685,-0.48271608352661133
7686,3.459064483642578
7687,0.012908935546875
7688,-15.194461822509766
7689,5.226069450378418
7690,-0.9463825225830078
7691,-0.7653579711914062
7692,-2.1896743774414062
7693,-1.7564353942871094
7694,-9.993305206298828
7695,-1.6007041931152344
7696,-2.027650833129883
7697,-0.4159126281738281
7698,2.9939308166503906
7699,-0.21211814880371094
7700,-10.674575805664062
7701,3.3287343978881836
7702,-0.6103763580322266
7703,-0.48996734619140625
7704,7.435673713684082
7705,-1.241872787475586
7706,-10.150914192199707
7707,7.516650199890137
7708,-1.3312149047851562
7709,-0.31900930404663086
7710,8.1133394241333
7711,-1.5624561309814453
7712,-10.105173110961914
7713,8.437201499938965
7714,-1.65838623046875
7715,-0.4340357780456543
7716,8.75397777557373
7717,-0.38654327392578125
7718,-12.531012535095215
7719,8.848551750183105
7720,-0.5841960906982422
7721,-2.56947922706604
7722,-0.06693267822265625
7723,2.1912689208984375
7724,-4.212591648101807
7725,-0.5628948211669922
7726,2.2621593475341797
7727,-4.937408924102783
7728,-0.6449594497680664
7729,2.234233856201172
7730,-4.938897609710693
7731,-0.7353801727294922
7732,2.2044601440429688
7733,-4.941141605377197
7734,-0.4989480972290039
7735,2.2990264892578125
7736,-3.4587433338165283
7737,-0.5363855361938477
7738,2.294818878173828
7739,-3.4602890014648438
7740,-0.5871734619140625
7741,2.289562225341797
7742,-3.4619996547698975
7743,-1.2127275466918945
7744,1.980997085571289
7745,-6.657033443450928
7746,-1.1406621932983398
7747,2.0817337036132812
7748,-0.0877079963684082
7749,-0.12672710418701172
7750,1.895669937133789
7751,-4.838903427124023
7752,-0.02875518798828125
7753,1.9587440490722656
7754,-2.9075331687927246
7755,-1.2516250610351562
7756,0.8666419982910156
7757,-10.619813919067383
7758,-0.5532140731811523
7759,0.9653816223144531
7760,4.256372928619385
7761,0.11500072479248047
7762,-0.25461578369140625
7763,-14.02570915222168
7764,1.5160341262817383
7765,0.2579669952392578
7766,5.212003231048584
7767,2.650745391845703
7768,0.7173061370849609
7769,-15.319047927856445
7770,4.350306510925293
7771,0.6933040618896484
7772,0.8659281730651855
7773,3.388728141784668
7774,0.8775596618652344
7775,-16.98738670349121
7776,4.896380424499512
7777,0.8193950653076172
7778,1.4591283798217773
7779,2.956254005432129
7780,1.069345474243164
7781,-16.055795669555664
7782,5.117697715759277
7783,0.9548969268798828
7784,-0.15097618103027344
7785,2.787302017211914
7786,0.9946689605712891
7787,-15.019258499145508
7788,4.965182304382324
7789,0.9090423583984375
7790,0.023678302764892578
7791,-1.5382623672485352
7792,-1.70318603515625
7793,-10.044692039489746
7794,-1.1778173446655273
7795,-1.9169578552246094
7796,-0.36458349227905273
7797,2.5587730407714844
7798,0.6362266540527344
7799,-11.000425338745117
7800,3.0391807556152344
7801,0.5430450439453125
7802,-0.42765140533447266
7803,7.514521598815918
7804,0.8180809020996094
7805,-9.827831268310547
7806,7.352837562561035
7807,0.7214107513427734
7808,0.5578927993774414
7809,8.21994686126709
7810,0.7389545440673828
7811,-9.768884658813477
7812,8.028691291809082
7813,0.6462917327880859
7814,0.5453715324401855
7815,7.568102836608887
7816,1.8453292846679688
7817,-13.020610809326172
7818,7.6267499923706055
7819,1.8240718841552734
7820,-2.339083671569824
7821,-0.14899826049804688
7822,2.0731430053710938
7823,-2.863679885864258
7824,-0.5802764892578125
7825,2.1768722534179688
7826,-3.8082706928253174
7827,-0.6503782272338867
7828,2.155721664428711
7829,-3.808079242706299
7830,-0.7244195938110352
7831,2.1354503631591797
7832,-3.8089845180511475
7833,-0.545191764831543
7834,2.208538055419922
7835,-2.2791013717651367
7836,-0.59381103515625
7837,2.2080326080322266
7838,-2.280717134475708
7839,-0.6512250900268555
7840,2.2077274322509766
7841,-2.2818243503570557
7842,-1.1839628219604492
7843,1.9746131896972656
7844,-6.321796417236328
7845,-1.1663427352905273
7846,2.0606327056884766
7847,0.5639762878417969
7848,-0.2518119812011719
7849,1.8223876953125
7850,-3.70231294631958
7851,-0.19588756561279297
7852,1.8552837371826172
7853,-1.7023298740386963
7854,-1.4994230270385742
7855,0.9431819915771484
7856,-10.371360778808594
7857,-1.4613542556762695
7858,0.9890556335449219
7859,4.790268421173096
7860,-0.04705524444580078
7861,-0.10420799255371094
7862,-14.918533325195312
7863,0.7379665374755859
7864,0.5877552032470703
7865,8.069543838500977
7866,2.330136299133301
7867,0.8719539642333984
7868,-17.299470901489258
7869,2.8790388107299805
7870,0.9942150115966797
7871,7.406226634979248
7872,3.2377614974975586
7873,0.9817485809326172
7874,-18.932918548583984
7875,3.1465606689453125
7876,1.326955795288086
7877,8.35211181640625
7878,2.699403762817383
7879,1.1427268981933594
7880,-17.819137573242188
7881,3.355971336364746
7882,1.462961196899414
7883,7.0918707847595215
7884,2.5324525833129883
7885,1.1042938232421875
7886,-16.94888687133789
7887,3.4105920791625977
7888,1.4102783203125
7889,6.8361287117004395
7890,-1.1373043060302734
7891,-1.7005252838134766
7892,-10.1771240234375
7893,-0.8272275924682617
7894,-1.8522891998291016
7895,-0.2337508201599121
7896,2.696293830871582
7897,0.7242488861083984
7898,-11.418596267700195
7899,3.1318445205688477
7900,0.5312061309814453
7901,-0.5194096565246582
7902,7.583016395568848
7903,1.0150699615478516
7904,-10.892671585083008
7905,7.581723213195801
7906,0.9450321197509766
7907,-0.040676116943359375
7908,8.365670204162598
7909,0.9217185974121094
7910,-10.898483276367188
7911,8.222317695617676
7912,0.7797985076904297
7913,-0.12004518508911133
7914,7.725432395935059
7915,2.036346435546875
7916,-14.027019500732422
7917,7.655966758728027
7918,1.9691600799560547
7919,-2.8404242992401123
7920,-1.58154296875
7921,2.4894580841064453
7922,-3.6460843086242676
7923,-2.095738410949707
7924,2.493803024291992
7925,-4.510165691375732
7926,-2.155202865600586
7927,2.4608230590820312
7928,-4.511038780212402
7929,-2.217487335205078
7930,2.4271297454833984
7931,-4.512753486633301
7932,-2.0580005645751953
7933,2.5279788970947266
7934,-2.9858736991882324
7935,-2.092914581298828
7936,2.5184268951416016
7937,-2.9874565601348877
7938,-2.136481285095215
7939,2.506885528564453
7940,-2.988994836807251
7941,-2.518583297729492
7942,2.190584182739258
7943,-6.732481002807617
7944,-2.5200653076171875
7945,2.2808837890625
7946,0.15929269790649414
7947,-1.5455703735351562
7948,2.2114906311035156
7949,-4.385345458984375
7950,-1.4813709259033203
7951,2.2535037994384766
7952,-2.3903605937957764
7953,-2.1181020736694336
7954,1.2785263061523438
7955,-10.774459838867188
7956,-1.3608055114746094
7957,1.3206748962402344
7958,4.535362720489502
7959,-0.0029058456420898438
7960,0.4704875946044922
7961,-14.760597229003906
7962,0.8430719375610352
7963,1.0424175262451172
7964,7.20808744430542
7965,1.4250822067260742
7966,1.7721500396728516
7967,-15.041130065917969
7968,3.7812299728393555
7969,1.9742069244384766
7970,6.909874439239502
7971,1.8751459121704102
7972,1.9414176940917969
7973,-16.549602508544922
7974,4.3279523849487305
7975,2.2081356048583984
7976,7.75532865524292
7977,1.4448051452636719
7978,2.0990467071533203
7979,-15.682062149047852
7980,5.0405778884887695
7981,2.4805641174316406
7982,4.202322483062744
7983,1.4018621444702148
7984,2.0118751525878906
7985,-14.735588073730469
7986,4.336432456970215
7987,2.3333816528320312
7988,5.503098011016846
7989,-0.36839962005615234
7990,-1.4121170043945312
7991,-10.19290542602539
7992,-0.11872196197509766
7993,-1.5052070617675781
7994,-0.2181529998779297
7995,2.0881853103637695
7996,1.1949176788330078
7997,-11.45474624633789
7998,2.4315576553344727
7999,0.9101619720458984
8000,-1.348517656326294
8001,6.277579307556152
8002,2.9118900299072266
8003,-10.070230484008789
8004,5.826149940490723
8005,2.846345901489258
8006,-0.3267788887023926
8007,6.920592308044434
8008,2.9714603424072266
8009,-10.001411437988281
8010,6.679154396057129
8011,2.9566612243652344
8012,-0.32170724868774414
8013,5.595101356506348
8014,3.638031005859375
8015,-13.450155258178711
8016,5.481156349182129
8017,3.8303680419921875
8018,-3.757843017578125
8019,-1.638138771057129
8020,2.360210418701172
8021,-2.3641412258148193
8022,-2.114657402038574
8023,2.4365901947021484
8024,-3.400751829147339
8025,-2.1686153411865234
8026,2.4161529541015625
8027,-3.4005727767944336
8028,-2.2271928787231445
8029,2.3964099884033203
8030,-3.4017696380615234
8031,-2.111384391784668
8032,2.461467742919922
8033,-1.7084624767303467
8034,-2.162074089050293
8035,2.4564476013183594
8036,-1.7101778984069824
8037,-2.2166967391967773
8038,2.4513111114501953
8039,-1.7117071151733398
8040,-2.6365528106689453
8041,2.2101211547851562
8042,-6.269611358642578
8043,-2.625237464904785
8044,2.2764434814453125
8045,1.3839459419250488
8046,-1.5789766311645508
8047,2.1300048828125
8048,-3.308615207672119
8049,-1.5444717407226562
8050,2.156637191772461
8051,-1.094594955444336
8052,-2.335801124572754
8053,1.2719173431396484
8054,-10.61739730834961
8055,-2.150259017944336
8056,1.2337112426757812
8057,5.776723384857178
8058,-0.048668861389160156
8059,0.5476055145263672
8060,-14.524093627929688
8061,0.5087308883666992
8062,1.0004615783691406
8063,7.813086032867432
8064,1.2878875732421875
8065,1.7917919158935547
8066,-13.949779510498047
8067,1.8743410110473633
8068,1.847799301147461
8069,4.802353382110596
8070,1.8522777557373047
8071,1.9972419738769531
8072,-15.329219818115234
8073,2.2540388107299805
8074,2.2054405212402344
8075,5.300883769989014
8076,1.3611316680908203
8077,2.105510711669922
8078,-14.383975982666016
8079,2.420360565185547
8080,2.3953094482421875
8081,3.327340602874756
8082,1.2701215744018555
8083,2.0427169799804688
8084,-13.576175689697266
8085,2.3150768280029297
8086,2.3412952423095703
8087,3.8712515830993652
8088,0.008231163024902344
8089,-1.2354774475097656
8090,-10.350077629089355
8091,0.3380746841430664
8092,-1.3251876831054688
8093,-0.0617222785949707
8094,1.9919652938842773
8095,1.5114860534667969
8096,-11.518659591674805
8097,2.3777408599853516
8098,1.42376708984375
8099,-1.0118722915649414
8100,5.818680763244629
8101,3.0223026275634766
8102,-10.658978462219238
8103,5.7640790939331055
8104,2.915264129638672
8105,-0.12018537521362305
8106,6.7380266189575195
8107,3.1468257904052734
8108,-10.683917999267578
8109,6.599495887756348
8110,2.9720287322998047
8111,-0.15540552139282227
8112,5.080153465270996
8113,3.8547534942626953
8114,-13.907962799072266
8115,5.396468162536621
8116,3.876598358154297
8117,-2.911395788192749
8118,-2.793394088745117
8119,2.6621437072753906
8120,-3.001641273498535
8121,-3.3394346237182617
8122,2.699207305908203
8123,-4.082520484924316
8124,-3.374232292175293
8125,2.6717967987060547
8126,-4.082786560058594
8127,-3.41184139251709
8128,2.6415233612060547
8129,-4.084647178649902
8130,-3.3586483001708984
8131,2.7138633728027344
8132,-2.3788247108459473
8133,-3.402989387512207
8134,2.6960792541503906
8135,-2.37994647026062
8136,-3.452198028564453
8137,2.6763381958007812
8138,-2.379896879196167
8139,-3.633901596069336
8140,2.355306625366211
8141,-7.081771373748779
8142,-3.716404914855957
8143,2.3998031616210938
8144,0.658318042755127
8145,-2.5301809310913086
8146,2.4127044677734375
8147,-3.998555898666382
8148,-2.517390251159668
8149,2.4187469482421875
8150,-1.7911925315856934
8151,-2.565670967102051
8152,1.6336212158203125
8153,-11.601787567138672
8154,-2.4083662033081055
8155,1.4991531372070312
8156,5.162875652313232
8157,0.11521434783935547
8158,1.6030426025390625
8159,-12.248141288757324
8160,0.5201683044433594
8161,1.600606918334961
8162,7.186862468719482
8163,0.2581815719604492
8164,2.5988082885742188
8165,-5.496122360229492
8166,1.3545246124267578
8167,2.895761489868164
8168,2.7682695388793945
8169,0.5304355621337891
8170,2.8129444122314453
8171,-6.104974746704102
8172,1.4948759078979492
8173,3.158926010131836
8174,2.9103474617004395
8175,-0.10737323760986328
8176,2.8489227294921875
8177,-5.732115268707275
8178,1.4247684478759766
8179,3.367460250854492
8180,1.252805233001709
8181,-0.12671470642089844
8182,2.804342269897461
8183,-5.1819281578063965
8184,1.385828971862793
8185,3.3114070892333984
8186,1.8274497985839844
8187,0.8553934097290039
8188,-0.6101207733154297
8189,-10.427608489990234
8190,0.8253889083862305
8191,-0.6816043853759766
8192,0.018082141876220703
8193,1.823775291442871
8194,2.3103981018066406
8195,-11.04902458190918
8196,2.1145315170288086
8197,1.9334182739257812
8198,-0.16133546829223633
8199,4.501458168029785
8200,4.579570770263672
8201,-10.015446662902832
8202,5.245644569396973
8203,4.37498664855957
8204,1.1505017280578613
8205,5.058760643005371
8206,4.907100677490234
8207,-9.674317359924316
8208,5.1213274002075195
8209,4.667325973510742
8210,1.0740184783935547
8211,3.0545053482055664
8212,5.190053939819336
8213,-12.201101303100586
8214,2.8760385513305664
8215,5.1806182861328125
8216,-1.5281763076782227
8217,-2.909989356994629
8218,2.588766098022461
8219,-2.4803099632263184
8220,-3.386127471923828
8221,2.635477066040039
8222,-3.7648062705993652
8223,-3.417837142944336
8224,2.6118640899658203
8225,-3.7637553215026855
8226,-3.4548768997192383
8227,2.588563919067383
8228,-3.7641165256500244
8229,-3.4237289428710938
8230,2.6470794677734375
8231,-2.099093198776245
8232,-3.4729061126708984
8233,2.6305007934570312
8234,-2.100790500640869
8235,-3.5275888442993164
8236,2.613405227661133
8237,-2.100626230239868
8238,-3.7202844619750977
8239,2.345012664794922
8240,-7.134324550628662
8241,-3.815807342529297
8242,2.378580093383789
8243,0.3509950637817383
8244,-2.72091007232666
8245,2.3801136016845703
8246,-3.6438534259796143
8247,-2.7333974838256836
8248,2.383106231689453
8249,-1.468658208847046
8250,-2.7980546951293945
8251,1.6539535522460938
8252,-11.706741333007812
8253,-3.0019969940185547
8254,1.4492607116699219
8255,4.968142986297607
8256,0.010485649108886719
8257,1.5191612243652344
8258,-12.68331527709961
8259,-1.3670578002929688
8260,1.7043571472167969
8261,10.249500274658203
8262,0.005374908447265625
8263,2.6046485900878906
8264,-8.163476943969727
8265,-1.929417610168457
8266,2.7669601440429688
8267,11.642919540405273
8268,0.2755308151245117
8269,2.8305835723876953
8270,-8.902069091796875
8271,-2.1767568588256836
8272,2.9605464935302734
8273,12.610767364501953
8274,-0.2964973449707031
8275,2.859903335571289
8276,-8.408029556274414
8277,-2.3043298721313477
8278,3.083568572998047
8279,11.599376678466797
8280,-0.2799549102783203
8281,2.760580062866211
8282,-7.848731994628906
8283,-2.175821304321289
8284,3.044431686401367
8285,11.20492172241211
8286,0.9475173950195312
8287,-0.34808921813964844
8288,-10.654582977294922
8289,1.0212488174438477
8290,-0.5207538604736328
8291,0.24604272842407227
8292,1.6903696060180664
8293,2.4327754974365234
8294,-11.291828155517578
8295,1.6340703964233398
8296,2.1644630432128906
8297,-0.6680936813354492
8298,4.197384834289551
8299,4.677995681762695
8300,-10.539762496948242
8301,4.561633110046387
8302,4.466438293457031
8303,0.3382878303527832
8304,4.4969072341918945
8305,5.019004821777344
8306,-10.465656280517578
8307,4.446314811706543
8308,4.805994033813477
8309,0.282928466796875
8310,2.217299461364746
8311,5.433084487915039
8312,-13.67038345336914
8313,2.063113212585449
8314,5.31732177734375
8315,-2.6142189502716064
8316,-4.1230878829956055
8317,2.6296615600585938
8318,0.28124332427978516
8319,-4.539520263671875
8320,2.642976760864258
8321,-1.3035366535186768
8322,-4.52100944519043
8323,2.633441925048828
8324,-1.3004493713378906
8325,-4.497248649597168
8326,2.627328872680664
8327,-1.2980706691741943
8328,-4.667535781860352
8329,2.6118602752685547
8330,-0.04298830032348633
8331,-4.723838806152344
8332,2.5935401916503906
8333,-0.044568538665771484
8334,-4.76886510848999
8335,2.5756893157958984
8336,-0.04440593719482422
8337,-4.495693206787109
8338,2.4300537109375
8339,-6.37231969833374
8340,-4.891881465911865
8341,2.3288707733154297
8342,0.20502042770385742
8343,-3.773787498474121
8344,2.4878692626953125
8345,-1.3432681560516357
8346,-3.842818260192871
8347,2.468353271484375
8348,0.30145692825317383
8349,-2.535585403442383
8350,2.1907005310058594
8351,-10.25660514831543
8352,-3.680222511291504
8353,1.541189193725586
8354,3.4885926246643066
8355,-0.3889169692993164
8356,2.7386035919189453
8357,-6.051517009735107
8358,-3.0628509521484375
8359,1.941162109375
8360,11.910585403442383
8361,-2.3638534545898438
8362,3.3308849334716797
8363,2.8116965293884277
8364,-4.0494232177734375
8365,3.1103897094726562
8366,17.776594161987305
8367,-2.511960983276367
8368,3.61199951171875
8369,2.8671021461486816
8370,-4.365749835968018
8371,3.2771778106689453
8372,18.936429977416992
8373,-2.897414207458496
8374,3.5041255950927734
8375,2.342072010040283
8376,-4.384865760803223
8377,3.3700733184814453
8378,17.797893524169922
8379,-2.871255874633789
8380,3.419435501098633
8381,2.806605815887451
8382,-4.241763114929199
8383,3.350522994995117
8384,17.41450309753418
8385,1.8572444915771484
8386,0.4236278533935547
8387,-10.560802459716797
8388,1.3205833435058594
8389,0.14614105224609375
8390,0.15250587463378906
8391,0.9543895721435547
8392,2.8002853393554688
8393,-11.237100601196289
8394,0.8034553527832031
8395,2.7015228271484375
8396,-1.4501636028289795
8397,2.2783966064453125
8398,5.628868103027344
8399,-9.994590759277344
8400,1.4119443893432617
8401,5.059755325317383
8402,0.07900047302246094
8403,2.715259552001953
8404,6.040637969970703
8405,-9.908988952636719
8406,1.820826530456543
8407,5.422201156616211
8408,0.11194801330566406
8409,0.0644369125366211
8410,6.0495452880859375
8411,-13.617866516113281
8412,-0.3935108184814453
8413,5.559471130371094
8414,-3.3474583625793457
8415,-4.088301658630371
8416,2.6624832153320312
8417,0.10808658599853516
8418,-4.576449871063232
8419,2.6734752655029297
8420,-1.3102748394012451
8421,-4.584904193878174
8422,2.656993865966797
8423,-1.3080766201019287
8424,-4.603170871734619
8425,2.6435604095458984
8426,-1.307196855545044
8427,-4.597099304199219
8428,2.668933868408203
8429,-0.006407737731933594
8430,-4.626911163330078
8431,2.6512718200683594
8432,-0.008409976959228516
8433,-4.6705732345581055
8434,2.628934860229492
8435,-0.009545326232910156
8436,-4.692093372344971
8437,2.4143848419189453
8438,-5.759667873382568
8439,-4.846399784088135
8440,2.376405715942383
8441,0.295443058013916
8442,-3.794607162475586
8443,2.5169830322265625
8444,-1.254687786102295
8445,-3.8132400512695312
8446,2.5164527893066406
8447,0.4257659912109375
8448,-2.9417409896850586
8449,2.0901947021484375
8450,-10.014941215515137
8451,-3.6765260696411133
8452,1.47857666015625
8453,3.8409743309020996
8454,-0.5416593551635742
8455,2.688108444213867
8456,-8.00930404663086
8457,-2.8618717193603516
8458,1.7490272521972656
8459,13.479183197021484
8460,-2.5887622833251953
8461,3.443082809448242
8462,-0.8062291145324707
8463,-4.154949188232422
8464,2.726064682006836
8465,19.869367599487305
8466,-2.7591562271118164
8467,3.6753883361816406
8468,-0.8634276390075684
8469,-4.453434944152832
8470,2.8491458892822266
8471,21.277559280395508
8472,-3.1591567993164062
8473,3.5584964752197266
8474,-1.0737485885620117
8475,-4.601573944091797
8476,2.9646739959716797
8477,20.535829544067383
8478,-3.0527610778808594
8479,3.4538230895996094
8480,-0.7033042907714844
8481,-4.471150875091553
8482,2.960662841796875
8483,19.669082641601562
8484,1.79541015625
8485,0.5811309814453125
8486,-10.541548728942871
8487,1.8058948516845703
8488,0.3508167266845703
8489,0.1328282356262207
8490,0.8428468704223633
8491,3.2922592163085938
8492,-11.364709854125977
8493,0.5983238220214844
8494,2.9522438049316406
8495,-1.9442329406738281
8496,1.777566909790039
8497,5.803642272949219
8498,-10.992412567138672
8499,1.151876449584961
8500,5.292724609375
8501,-1.213848352432251
8502,2.316399574279785
8503,6.202007293701172
8504,-10.946731567382812
8505,1.9058303833007812
8506,5.812828063964844
8507,-1.2618193626403809
8508,-0.3192596435546875
8509,6.209672927856445
8510,-14.394344329833984
8511,-0.353515625
8512,5.937849044799805
8513,-4.386103630065918
8514,-4.656689167022705
8515,2.446229934692383
8516,-0.5095405578613281
8517,-5.136285781860352
8518,2.396760940551758
8519,-2.057790994644165
8520,-5.149156093597412
8521,2.385812759399414
8522,-2.055349111557007
8523,-5.166049480438232
8524,2.3769798278808594
8525,-2.0539910793304443
8526,-5.162500381469727
8527,2.3850536346435547
8528,-0.5383267402648926
8529,-5.185579776763916
8530,2.3645668029785156
8531,-0.5400052070617676
8532,-5.211907386779785
8533,2.3453197479248047
8534,-0.5405569076538086
8535,-5.11524772644043
8536,2.1770095825195312
8537,-6.038267612457275
8538,-5.226271629333496
8539,2.1083602905273438
8540,0.18521547317504883
8541,-4.276383399963379
8542,2.374074935913086
8543,-1.9678845405578613
8544,-4.27186393737793
8545,2.359415054321289
8546,0.004994869232177734
8547,-3.4690170288085938
8548,2.146402359008789
8549,-10.954885482788086
8550,-3.578171730041504
8551,1.4979496002197266
8552,4.290398120880127
8553,-2.1025009155273438
8554,3.4655208587646484
8555,-10.268941879272461
8556,-2.809946060180664
8557,2.1608047485351562
8558,13.914087295532227
8559,-4.958399772644043
8560,3.7178401947021484
8561,-4.509050369262695
8562,-4.757033824920654
8563,2.745321273803711
8564,19.608060836791992
8565,-5.482787609100342
8566,3.847837448120117
8567,-5.10535192489624
8568,-5.118954658508301
8569,2.7151355743408203
8570,21.04865837097168
8571,-5.733241081237793
8572,3.676725387573242
8573,-5.37852668762207
8574,-5.466177940368652
8575,2.7741661071777344
8576,20.302021026611328
8577,-5.498388290405273
8578,3.648540496826172
8579,-4.482427597045898
8580,-5.366968154907227
8581,2.8372135162353516
8582,19.41721534729004
8583,2.2752294540405273
8584,1.0629634857177734
8585,-10.760289192199707
8586,2.291275978088379
8587,0.7316455841064453
8588,0.3512091636657715
8589,0.30135536193847656
8590,3.3405094146728516
8591,-11.132527351379395
8592,0.4270200729370117
8593,2.921895980834961
8594,0.3060474395751953
8595,1.3315467834472656
8596,5.600191116333008
8597,-9.924285888671875
8598,0.890467643737793
8599,5.1425933837890625
8600,2.5425686836242676
8601,1.9640865325927734
8602,5.88507080078125
8603,-9.820341110229492
8604,1.8189611434936523
8605,5.656896591186523
8606,2.6460037231445312
8607,-0.1880636215209961
8608,6.125555038452148
8609,-13.433404922485352
8610,-0.7230386734008789
8611,5.699054718017578
8612,0.10164403915405273
8613,-4.602748870849609
8614,2.415407180786133
8615,1.7271533012390137
8616,-5.067826271057129
8617,2.393819808959961
8618,-0.0017151832580566406
8619,-5.08171272277832
8620,2.394685745239258
8621,0.0010600090026855469
8622,-5.096719264984131
8623,2.3991241455078125
8624,0.0018529891967773438
8625,-5.110754489898682
8626,2.3645458221435547
8627,1.2698659896850586
8628,-5.129596710205078
8629,2.3413772583007812
8630,1.2691454887390137
8631,-5.1713080406188965
8632,2.3059864044189453
8633,1.2677044868469238
8634,-5.050731658935547
8635,2.223093032836914
8636,-5.447718620300293
8637,-5.2263336181640625
8638,2.0835742950439453
8639,0.3728146553039551
8640,-4.250950813293457
8641,2.367788314819336
8642,0.00953054428100586
8643,-4.285586357116699
8644,2.320486068725586
8645,1.6724729537963867
8646,-3.406153678894043
8647,2.202005386352539
8648,-10.06124210357666
8649,-3.74493408203125
8650,1.3584747314453125
8651,4.272170543670654
8652,-2.059518814086914
8653,3.576547622680664
8654,-6.462447643280029
8655,-3.4960126876831055
8656,1.8074722290039062
8657,14.094474792480469
8658,-4.9316725730896
8659,3.7493839263916016
8660,2.8370108604431152
8661,-5.487543106079102
8662,2.573282241821289
8663,20.563709259033203
8664,-5.426700115203857
8665,3.883401870727539
8666,2.9129414558410645
8667,-5.971908092498779
8668,2.5984954833984375
8669,22.030118942260742
8670,-5.664562702178955
8671,3.682619094848633
8672,2.2940049171447754
8673,-6.087306499481201
8674,2.7267837524414062
8675,21.2199649810791
8676,-5.500851631164551
8677,3.6421375274658203
8678,2.81400728225708
8679,-5.953584671020508
8680,2.7390995025634766
8681,20.403221130371094
8682,2.3859100341796875
8683,1.2973976135253906
8684,-10.742201805114746
8685,2.4546165466308594
8686,0.8323993682861328
8687,0.3319110870361328
8688,0.16721820831298828
8689,3.655668258666992
8690,-11.238449096679688
8691,0.4840240478515625
8692,3.188913345336914
8693,1.4398059844970703
8694,1.4310531616210938
8695,5.816827774047852
8696,-9.647406578063965
8697,1.2954130172729492
8698,5.371950149536133
8699,3.7842116355895996
8700,2.1892595291137695
8701,6.149711608886719
8702,-9.461959838867188
8703,2.0809507369995117
8704,5.792934417724609
8705,3.9506115913391113
8706,0.035938262939453125
8707,6.325542449951172
8708,-12.381428718566895
8709,0.01220703125
8710,6.012243270874023
8711,2.090132713317871
8712,-4.781846046447754
8713,2.314788818359375
8714,-0.5804438591003418
8715,-5.25447416305542
8716,2.172637939453125
8717,-1.8882572650909424
8718,-5.248434066772461
8719,2.1571712493896484
8720,-1.8872597217559814
8721,-5.217851638793945
8722,2.143413543701172
8723,-1.8878159523010254
8724,-5.256914138793945
8725,2.1605224609375
8726,-0.45852041244506836
8727,-5.248039245605469
8728,2.135427474975586
8729,-0.45946264266967773
8730,-5.218199253082275
8731,2.1070384979248047
8732,-0.46006155014038086
8733,-4.894079208374023
8734,1.9476299285888672
8735,-5.918259620666504
8736,-4.994083881378174
8737,1.8839073181152344
8738,0.7419495582580566
8739,-4.354979991912842
8740,2.2955074310302734
8741,-1.815974235534668
8742,-4.354241371154785
8743,2.276823043823242
8744,0.057437896728515625
8745,-3.1773834228515625
8746,2.059103012084961
8747,-10.203710556030273
8748,-3.1881837844848633
8749,1.4294490814208984
8750,4.852420330047607
8751,-3.456035614013672
8752,3.5953731536865234
8753,-9.31673526763916
8754,-3.7795543670654297
8755,2.6368064880371094
8756,11.195610046386719
8757,-6.671233654022217
8758,3.6809234619140625
8759,-4.002610206604004
8760,-6.115249156951904
8761,3.172128677368164
8762,12.603681564331055
8763,-7.2720513343811035
8764,3.8286056518554688
8765,-4.4136762619018555
8766,-6.69345760345459
8767,3.114511489868164
8768,13.43293571472168
8769,-7.344869136810303
8770,3.6958351135253906
8771,-4.097280979156494
8772,-6.948001861572266
8773,3.1189308166503906
8774,12.29568862915039
8775,-7.157500743865967
8776,3.627859115600586
8777,-3.7770533561706543
8778,-6.782772064208984
8779,3.193798065185547
8780,12.111749649047852
8781,2.602654457092285
8782,1.527587890625
8783,-10.709056854248047
8784,2.652097702026367
8785,1.2059783935546875
8786,0.2985835075378418
8787,-0.6331691741943359
8788,3.604717254638672
8789,-11.582271575927734
8790,0.11369514465332031
8791,3.068815231323242
8792,0.9553017616271973
8793,1.4993114471435547
8794,5.623025894165039
8795,-9.703377723693848
8796,1.5377998352050781
8797,5.1688690185546875
8798,3.1037917137145996
8799,2.288041114807129
8800,6.011648178100586
8801,-9.54088306427002
8802,2.228727340698242
8803,5.567527770996094
8804,3.2327799797058105
8805,-0.054482460021972656
8806,6.167289733886719
8807,-12.10909366607666
8808,0.4309234619140625
8809,5.752099990844727
8810,1.343275547027588
8811,-4.641653537750244
8812,2.3369922637939453
8813,-0.29707765579223633
8814,-5.198525428771973
8815,2.151531219482422
8816,-1.7083344459533691
8817,-5.202563762664795
8818,2.1288414001464844
8819,-1.7077844142913818
8820,-5.200780868530273
8821,2.108114242553711
8822,-1.709458589553833
8823,-5.200414657592773
8824,2.1409873962402344
8825,-0.26102590560913086
8826,-5.2018280029296875
8827,2.1106910705566406
8828,-0.2631258964538574
8829,-5.206699848175049
8830,2.069955825805664
8831,-0.2645549774169922
8832,-4.937997817993164
8833,1.8885021209716797
8834,-5.978674411773682
8835,-4.996374607086182
8836,1.8262042999267578
8837,0.6458420753479004
8838,-4.258013725280762
8839,2.296070098876953
8840,-1.6162548065185547
8841,-4.247801780700684
8842,2.2835636138916016
8843,0.27049684524536133
8844,-3.1458921432495117
8845,2.07830810546875
8846,-10.321954727172852
8847,-3.079808235168457
8848,1.3660945892333984
8849,5.184581279754639
8850,-3.475518226623535
8851,3.6458816528320312
8852,-8.86662769317627
8853,-4.047943115234375
8854,2.4120960235595703
8855,13.977609634399414
8856,-6.6462321281433105
8857,3.6984825134277344
8858,-1.1290440559387207
8859,-6.421683311462402
8860,3.0174026489257812
8861,18.589555740356445
8862,-7.279908180236816
8863,3.812498092651367
8864,-1.7799992561340332
8865,-6.963230609893799
8866,3.0186901092529297
8867,19.908353805541992
8868,-7.421282768249512
8869,3.694904327392578
8870,-1.9692354202270508
8871,-7.105579853057861
8872,3.030719757080078
8873,18.939937591552734
8874,-7.203372478485107
8875,3.6395416259765625
8876,-1.035738468170166
8877,-6.948007583618164
8878,3.0788707733154297
8879,18.300790786743164
8880,2.4984073638916016
8881,1.6923198699951172
8882,-10.902002334594727
8883,2.810713768005371
8884,1.2175922393798828
8885,0.48696136474609375
8886,-0.9075746536254883
8887,3.588949203491211
8888,-11.742836952209473
8889,-0.14128780364990234
8890,2.9075679779052734
8891,3.137669086456299
8892,1.2826385498046875
8893,5.634735107421875
8894,-9.59957504272461
8895,1.6852712631225586
8896,4.959951400756836
8897,7.534450054168701
8898,2.1690855026245117
8899,6.006475448608398
8900,-9.266514778137207
8901,2.3248186111450195
8902,5.405157089233398
8903,7.890106678009033
8904,-0.26402759552001953
8905,6.236871719360352
8906,-11.107667922973633
8907,0.7028303146362305
8908,5.608469009399414
8909,6.752115726470947
8910,-4.995431423187256
8911,2.026224136352539
8912,0.7064237594604492
8913,-5.4012908935546875
8914,1.9594554901123047
8915,-0.5790328979492188
8916,-5.401299953460693
8917,1.9475078582763672
8918,-0.5777301788330078
8919,-5.400849342346191
8920,1.9379100799560547
8921,-0.5790438652038574
8922,-5.385183334350586
8923,1.95294189453125
8924,1.0047502517700195
8925,-5.367379665374756
8926,1.9409599304199219
8927,1.0027599334716797
8928,-5.3492279052734375
8929,1.9193115234375
8930,1.0013484954833984
8931,-5.138092517852783
8932,1.7792167663574219
8933,-4.567874431610107
8934,-5.122066497802734
8935,1.7625961303710938
8936,2.6136527061462402
8937,-4.647856712341309
8938,1.9915847778320312
8939,-0.550084114074707
8940,-4.595885276794434
8941,1.9844341278076172
8942,1.5073199272155762
8943,-3.586668014526367
8944,1.8036441802978516
8945,-9.487850189208984
8946,-2.899446487426758
8947,1.2244682312011719
8948,7.255943775177002
8949,-4.072027206420898
8950,3.346712112426758
8951,-8.376609802246094
8952,-3.3413686752319336
8953,2.2472782135009766
8954,15.417318344116211
8955,-6.934820652008057
8956,3.1931304931640625
8957,-1.1394710540771484
8958,-5.584443092346191
8959,2.707517623901367
8960,19.7901668548584
8961,-7.613075256347656
8962,3.2659912109375
8963,-1.662407636642456
8964,-5.99317741394043
8965,2.6982345581054688
8966,21.319612503051758
8967,-7.6265764236450195
8968,3.133880615234375
8969,-1.833735466003418
8970,-6.296743392944336
8971,2.6685028076171875
8972,20.53696632385254
8973,-7.367192268371582
8974,3.0852298736572266
8975,-1.0177574157714844
8976,-6.227227210998535
8977,2.722278594970703
8978,19.570932388305664
8979,2.460268974304199
8980,1.696258544921875
8981,-11.039527893066406
8982,2.9377546310424805
8983,1.3132648468017578
8984,0.6226139068603516
8985,-1.2015008926391602
8986,3.7290096282958984
8987,-11.923673629760742
8988,-0.10388469696044922
8989,3.044473648071289
8990,3.047940731048584
8991,1.278768539428711
8992,5.725072860717773
8993,-10.320664405822754
8994,1.7340917587280273
8995,5.351629257202148
8996,5.729053974151611
8997,2.191801071166992
8998,6.059120178222656
8999,-10.107568740844727
9000,2.389054298400879
9001,5.587697982788086
9002,5.917727947235107
9003,-0.30121517181396484
9004,6.327106475830078
9005,-11.8733491897583
9006,0.42255306243896484
9007,5.991201400756836
9008,4.815356731414795
9009,-4.917033672332764
9010,1.8969306945800781
9011,2.425197124481201
9012,-5.352099895477295
9013,1.8525409698486328
9014,0.839838981628418
9015,-5.364485263824463
9016,1.8425750732421875
9017,0.8417935371398926
9018,-5.376051425933838
9019,1.8344364166259766
9020,0.841893196105957
9021,-5.31488037109375
9022,1.8644962310791016
9023,2.1351518630981445
9024,-5.29392147064209
9025,1.8708477020263672
9026,2.1328601837158203
9027,-5.273419380187988
9028,1.895547866821289
9029,2.129333972930908
9030,-5.1441426277160645
9031,1.7095451354980469
9032,-4.31155252456665
9033,-5.0704522132873535
9034,1.6737632751464844
9035,1.837846279144287
9036,-4.58409309387207
9037,1.8731632232666016
9038,0.8039693832397461
9039,-4.507059097290039
9040,1.8366203308105469
9041,2.481339931488037
9042,-3.68685245513916
9043,1.799224853515625
9044,-9.668356895446777
9045,-2.86556339263916
9046,1.0968399047851562
9047,6.291244029998779
9048,-4.077045440673828
9049,3.287109375
9050,-7.894047737121582
9051,-2.682840347290039
9052,1.786489486694336
9053,14.883914947509766
9054,-7.021149635314941
9055,3.2275543212890625
9056,-0.10026836395263672
9057,-4.577306270599365
9058,2.3267383575439453
9059,20.471057891845703
9060,-7.653194904327393
9061,3.285554885864258
9062,-0.635167121887207
9063,-4.974506378173828
9064,2.3423805236816406
9065,22.01690101623535
9066,-7.660379409790039
9067,3.117382049560547
9068,-0.9270462989807129
9069,-5.216818332672119
9070,2.3651504516601562
9071,21.253761291503906
9072,-7.468086242675781
9073,3.089618682861328
9074,-0.046984195709228516
9075,-5.12191915512085
9076,2.406757354736328
9077,20.3101749420166
9078,2.412827491760254
9079,1.8376197814941406
9080,-11.08803653717041
9081,3.0325708389282227
9082,1.2941970825195312
9083,0.6699481010437012
9084,-1.1546630859375
9085,3.789205551147461
9086,-12.640059471130371
9087,-0.25123119354248047
9088,2.903759002685547
9089,6.2525506019592285
9090,1.346334457397461
9091,5.818429946899414
9092,-11.42795181274414
9093,1.7659416198730469
9094,5.213977813720703
9095,11.515417098999023
9096,2.2621898651123047
9097,6.132429122924805
9098,-11.199394226074219
9099,2.424422264099121
9100,5.472734451293945
9101,12.000003814697266
9102,-0.24276351928710938
9103,6.359884262084961
9104,-13.225231170654297
9105,0.3876609802246094
9106,5.907987594604492
9107,11.127521514892578
9108,-4.873818874359131
9109,1.86907958984375
9110,2.472792148590088
9111,-5.328526496887207
9112,1.781890869140625
9113,0.8137903213500977
9114,-5.3483757972717285
9115,1.772745132446289
9116,0.8162097930908203
9117,-5.366927146911621
9118,1.765298843383789
9119,0.8160157203674316
9120,-5.28898286819458
9121,1.7815437316894531
9122,2.0891036987304688
9123,-5.273437976837158
9124,1.782632827758789
9125,2.0869908332824707
9126,-5.255288600921631
9127,1.8128910064697266
9128,2.0838308334350586
9129,-5.156728744506836
9130,1.643453598022461
9131,-4.617068290710449
9132,-5.06928825378418
9133,1.6027755737304688
9134,1.375783920288086
9135,-4.5523223876953125
9136,1.8518829345703125
9137,0.7587137222290039
9138,-4.4669036865234375
9139,1.801095962524414
9140,2.404447555541992
9141,-3.6582441329956055
9142,1.8176803588867188
9143,-9.916902542114258
9144,-2.864741325378418
9145,1.0299110412597656
9146,5.791551113128662
9147,-3.975132942199707
9148,3.2723350524902344
9149,-7.680022239685059
9150,-2.795682907104492
9151,1.6225414276123047
9152,14.508598327636719
9153,-7.051732540130615
9154,3.2309799194335938
9155,0.7089180946350098
9156,-5.027126789093018
9157,2.2315731048583984
9158,20.02971076965332
9159,-7.66209077835083
9160,3.308361053466797
9161,0.32950735092163086
9162,-5.512904167175293
9163,2.2692642211914062
9164,21.524763107299805
9165,-7.7503180503845215
9166,3.156766891479492
9167,-0.01739025115966797
9168,-5.759021759033203
9169,2.308483123779297
9170,20.807254791259766
9171,-7.475557804107666
9172,3.118673324584961
9173,0.7737650871276855
9174,-5.622507095336914
9175,2.3448028564453125
9176,19.880727767944336
9177,2.3507080078125
9178,1.8791160583496094
9179,-11.062955856323242
9180,3.05706787109375
9181,1.2860546112060547
9182,0.6441850662231445
9183,-1.1732158660888672
9184,3.783966064453125
9185,-12.334070205688477
9186,-0.25345325469970703
9187,2.8995704650878906
9188,6.3975701332092285
9189,1.2973785400390625
9190,5.784597396850586
9191,-10.672544479370117
9192,1.7752151489257812
9193,5.258108139038086
9194,12.0369873046875
9195,2.2103700637817383
9196,6.080894470214844
9197,-10.42249870300293
9198,2.3941688537597656
9199,5.441461563110352
9200,12.554664611816406
9201,-0.27669429779052734
9202,6.375009536743164
9203,-12.696333885192871
9204,0.4194908142089844
9205,5.819660186767578
9206,11.809850692749023
9207,-4.891043663024902
9208,1.7375373840332031
9209,4.399451732635498
9210,-5.282516002655029
9211,1.496377944946289
9212,2.940187931060791
9213,-5.296950340270996
9214,1.4913711547851562
9215,2.9433016777038574
9216,-5.314421653747559
9217,1.4867687225341797
9218,2.9437308311462402
9219,-5.228498458862305
9220,1.4569358825683594
9221,4.157273769378662
9222,-5.192417621612549
9223,1.4099674224853516
9224,4.154914379119873
9225,-5.161374568939209
9226,1.3923892974853516
9227,4.150434970855713
9228,-5.057645797729492
9229,1.3284168243408203
9230,-2.2306110858917236
9231,-4.928030014038086
9232,1.1813793182373047
9233,3.283233165740967
9234,-4.568665981292725
9235,1.8315067291259766
9236,2.7265567779541016
9237,-4.472200393676758
9238,1.7506446838378906
9239,4.299980640411377
9240,-3.7111310958862305
9241,1.6714191436767578
9242,-8.011330604553223
9243,-2.737359046936035
9244,1.0272331237792969
9245,6.912755489349365
9246,-4.388541221618652
9247,2.945535659790039
9248,-5.031455993652344
9249,-2.3858556747436523
9250,1.4409408569335938
9251,15.772636413574219
9252,-7.089081287384033
9253,2.8532466888427734
9254,3.995255947113037
9255,-4.364623069763184
9256,2.011747360229492
9257,21.559207916259766
9258,-7.7063679695129395
9259,2.955230712890625
9260,3.902963161468506
9261,-4.751588344573975
9262,2.056652069091797
9263,23.124711990356445
9264,-7.776813507080078
9265,2.800537109375
9266,3.47706937789917
9267,-4.986004829406738
9268,2.0977954864501953
9269,22.448793411254883
9270,-7.521597385406494
9271,2.7547683715820312
9272,4.0629658699035645
9273,-4.911989688873291
9274,2.130697250366211
9275,21.46082305908203
9276,2.346120834350586
9277,1.8356761932373047
9278,-11.084264755249023
9279,3.1245203018188477
9280,1.2657947540283203
9281,0.6633191108703613
9282,-1.0882339477539062
9283,3.8497562408447266
9284,-12.788826942443848
9285,-0.2502307891845703
9286,2.941518783569336
9287,5.705618381500244
9288,1.4242982864379883
9289,5.782323837280273
9290,-13.58096694946289
9291,1.816065788269043
9292,5.324333190917969
9293,8.969358444213867
9294,2.273247718811035
9295,6.087467193603516
9296,-13.602256774902344
9297,2.3973493576049805
9298,5.572582244873047
9299,9.211227416992188
9300,-0.08343887329101562
9301,6.377597808837891
9302,-15.497831344604492
9303,0.4423704147338867
9304,5.955848693847656
9305,8.407541275024414
