,0
0,-1.4564523696899414
1,-3.180295944213867
2,-7.916472434997559
3,-1.2103471755981445
4,-3.345632553100586
5,-8.73805046081543
6,-1.1523566246032715
7,-3.34481143951416
8,-8.73999309539795
9,-1.0971016883850098
10,-3.342961311340332
11,-8.741561889648438
12,-1.231534481048584
13,-3.361757278442383
14,-7.459601879119873
15,-1.1886897087097168
16,-3.3719358444213867
17,-7.460585594177246
18,-1.1496195793151855
19,-3.3807029724121094
20,-7.463666915893555
21,-0.6493258476257324
22,-3.2687807083129883
23,-10.855987548828125
24,-0.713167667388916
25,-3.308497428894043
26,-5.095864772796631
27,-1.2927055358886719
28,-3.0266265869140625
29,-8.523696899414062
30,-1.348550796508789
31,-3.0348501205444336
32,-6.869252681732178
33,-0.24382495880126953
34,-2.598116874694824
35,-13.735796928405762
36,0.008549690246582031
37,-2.690314292907715
38,-1.1994285583496094
39,-3.1106178760528564
40,-2.530590057373047
41,-15.381254196166992
42,-2.1109137535095215
43,-2.820265769958496
44,4.186286926269531
45,-4.753582954406738
46,-3.3818254470825195
47,-12.523951530456543
48,-4.3968892097473145
49,-3.391659736633301
50,5.83664608001709
51,-5.299182415008545
52,-3.5677099227905273
53,-13.57972526550293
54,-4.691269874572754
55,-3.5224409103393555
56,6.085788726806641
57,-5.082841873168945
58,-3.6142406463623047
59,-13.374672889709473
60,-4.892093658447266
61,-3.630711555480957
62,5.177067756652832
63,-4.99619197845459
64,-3.570429801940918
65,-12.409897804260254
66,-4.531028747558594
67,-3.5411643981933594
68,5.395246505737305
69,0.15511035919189453
70,0.08243465423583984
71,-8.066682815551758
72,0.0
73,0.0
74,0.0
75,0.46449851989746094
76,1.8142728805541992
77,-2.9832818508148193
78,0.3369312286376953
79,1.580057144165039
80,5.963100433349609
81,0.5841078758239746
82,3.4277772903442383
83,2.166430950164795
84,0.7111778259277344
85,2.9486570358276367
86,12.8660306930542
87,0.8928337097167969
88,3.707371711730957
89,2.6356868743896484
90,1.0230460166931152
91,3.1886205673217773
92,13.565842628479004
93,-1.048447608947754
94,3.7817506790161133
95,0.064788818359375
96,-0.4501767158508301
97,3.3982934951782227
98,12.643786430358887
99,-1.4940714836120605
100,-3.1782608032226562
101,-6.65170431137085
102,-1.2455267906188965
103,-3.3447837829589844
104,-7.519063949584961
105,-1.178220272064209
106,-3.344729423522949
107,-7.521641731262207
108,-1.1163487434387207
109,-3.3434219360351562
110,-7.522516250610352
111,-1.2810149192810059
112,-3.3581790924072266
113,-6.18508243560791
114,-1.2367424964904785
115,-3.3676462173461914
116,-6.185549736022949
117,-1.19618558883667
118,-3.376641273498535
119,-6.1886305809021
120,-0.6582522392272949
121,-3.2804012298583984
122,-9.604990005493164
123,-0.7509865760803223
124,-3.310789108276367
125,-3.6285367012023926
126,-1.2971138954162598
127,-3.0266103744506836
128,-7.254336357116699
129,-1.3618898391723633
130,-3.0337438583374023
131,-5.527067184448242
132,-0.1875777244567871
133,-2.6584653854370117
134,-12.653644561767578
135,-0.11969804763793945
136,-2.6885299682617188
137,0.09388256072998047
138,-3.027102470397949
139,-2.579408645629883
140,-15.183415412902832
141,-2.130018711090088
142,-2.6907501220703125
143,4.088733673095703
144,-4.652930736541748
145,-3.37545108795166
146,-12.680305480957031
147,-4.307206153869629
148,-3.3035411834716797
149,3.6112189292907715
150,-5.040336608886719
151,-3.5612525939941406
152,-13.748236656188965
153,-4.470679759979248
154,-3.2528953552246094
155,3.603754997253418
156,-4.935299873352051
157,-3.6128015518188477
158,-13.544761657714844
159,-4.6475982666015625
160,-3.483902931213379
161,2.6162052154541016
162,-4.850754737854004
163,-3.565399169921875
164,-12.575348854064941
165,-4.400235176086426
166,-3.432339668273926
167,3.057370185852051
168,0.16105318069458008
169,0.018530845642089844
170,-8.06462287902832
171,-0.06073808670043945
172,-0.04576301574707031
173,-0.002101421356201172
174,0.48875904083251953
175,1.813277244567871
176,-5.022822380065918
177,0.20177650451660156
178,1.579981803894043
179,2.85219144821167
180,0.5786819458007812
181,3.4323339462280273
182,-1.7202961444854736
183,0.6853837966918945
184,2.983159065246582
185,7.096104621887207
186,0.8896651268005371
187,3.733466148376465
188,-1.5155858993530273
189,0.9958586692810059
190,3.2022485733032227
191,7.438967704772949
192,-1.0809998512268066
193,3.7847089767456055
194,-4.598536014556885
195,-0.5358185768127441
196,3.461361885070801
197,5.697786331176758
198,-1.514859676361084
199,-3.1799468994140625
200,-5.3240580558776855
201,-1.2634592056274414
202,-3.3470945358276367
203,-6.187103271484375
204,-1.1964044570922852
205,-3.3486480712890625
206,-6.1894354820251465
207,-1.1343703269958496
208,-3.350088119506836
209,-6.189777851104736
210,-1.2944817543029785
211,-3.359010696411133
212,-4.936569690704346
213,-1.247133731842041
214,-3.3684940338134766
215,-4.936852931976318
216,-1.2030797004699707
217,-3.3777341842651367
218,-4.938340663909912
219,-0.6816654205322266
220,-3.290665626525879
221,-8.31606388092041
222,-0.7548880577087402
223,-3.315443992614746
224,-2.757143974304199
225,-1.3119621276855469
226,-3.029263496398926
227,-5.948021411895752
228,-1.370236873626709
229,-3.034778594970703
230,-4.3362836837768555
231,-0.27741146087646484
232,-2.6562185287475586
233,-11.303054809570312
234,0.10228347778320312
235,-2.658649444580078
236,0.860877513885498
237,-3.116635799407959
238,-2.5669946670532227
239,-13.230820655822754
240,-1.9386868476867676
241,-2.530999183654785
242,4.098363876342773
243,-4.701651096343994
244,-3.1724014282226562
245,-10.767982482910156
246,-3.8553600311279297
247,-2.850069999694824
248,3.795534133911133
249,-5.108069896697998
250,-3.331009864807129
251,-11.673883438110352
252,-4.072489261627197
253,-2.987751007080078
254,3.971517562866211
255,-5.005440711975098
256,-3.417919158935547
257,-11.314200401306152
258,-4.142199516296387
259,-3.0769729614257812
260,2.9696216583251953
261,-4.856841564178467
262,-3.358340263366699
263,-10.585055351257324
264,-4.109360218048096
265,-3.009157180786133
266,3.271313190460205
267,0.16234254837036133
268,-0.005831718444824219
269,-7.981123924255371
270,0.048415184020996094
271,-0.05736064910888672
272,-0.08611297607421875
273,0.4947209358215332
274,1.811985969543457
275,-5.890438079833984
276,0.20680522918701172
277,1.604604721069336
278,2.0718040466308594
279,0.5341105461120605
280,3.4668703079223633
281,-3.979518413543701
282,0.6086063385009766
283,3.041367530822754
284,5.435052871704102
285,0.8246359825134277
286,3.7633581161499023
287,-3.9186787605285645
288,0.8865737915039062
289,3.259310722351074
290,5.6989336013793945
291,-1.1028881072998047
292,3.806117057800293
293,-6.722820281982422
294,-0.7695646286010742
295,3.512192726135254
296,4.261268615722656
297,-1.5732059478759766
298,-3.179666519165039
299,-4.734382629394531
300,-1.33790922164917
301,-3.347299575805664
302,-5.6522536277771
303,-1.274993896484375
304,-3.349384307861328
305,-5.654263019561768
306,-1.2110891342163086
307,-3.351835250854492
308,-5.654860496520996
309,-1.3589558601379395
310,-3.359037399291992
311,-4.468622207641602
312,-1.310391902923584
313,-3.368621826171875
314,-4.46806001663208
315,-1.2592525482177734
316,-3.3781614303588867
317,-4.4690842628479
318,-0.7319130897521973
319,-3.293087959289551
320,-7.990470886230469
321,-0.800743579864502
322,-3.316631317138672
323,-2.7428231239318848
324,-1.359395980834961
325,-3.0248937606811523
326,-5.404796600341797
327,-1.4148402214050293
328,-3.0320539474487305
329,-3.8855600357055664
330,-0.3328256607055664
331,-2.6515026092529297
332,-10.878681182861328
333,0.254457950592041
334,-2.654109001159668
335,0.9435949325561523
336,-3.2541446685791016
337,-2.557821273803711
338,-12.556739807128906
339,-1.55244779586792
340,-2.5745134353637695
341,4.925771713256836
342,-5.002077579498291
343,-3.1649532318115234
344,-10.355046272277832
345,-3.4025707244873047
346,-2.987027168273926
347,6.090017318725586
348,-5.302927494049072
349,-3.341710090637207
350,-11.245842933654785
351,-3.1266560554504395
352,-3.103602409362793
353,6.59626579284668
354,-5.187106609344482
355,-3.4115734100341797
356,-10.929981231689453
357,-3.355855941772461
358,-3.2134323120117188
359,5.778687477111816
360,-4.940150260925293
361,-3.3462657928466797
362,-10.17721176147461
363,-3.3960940837860107
364,-3.13592529296875
365,5.7129974365234375
366,0.162689208984375
367,-0.02536296844482422
368,-7.758842468261719
369,0.16131925582885742
370,-0.06690692901611328
371,-0.3094778060913086
372,0.4716348648071289
373,1.811920166015625
374,-5.4333343505859375
375,0.24010705947875977
376,1.617279052734375
377,1.5099749565124512
378,0.5278100967407227
379,3.472744941711426
380,-3.1050305366516113
381,0.6102309226989746
382,3.0730676651000977
383,4.599102020263672
384,0.8256053924560547
385,3.774416923522949
386,-2.965425729751587
387,0.8855695724487305
388,3.3063478469848633
389,4.858298301696777
390,-1.094749927520752
391,3.814568519592285
392,-5.312995910644531
393,-0.7738246917724609
394,3.5227346420288086
395,3.5743651390075684
396,-1.5822949409484863
397,-3.188530921936035
398,-5.659765243530273
399,-1.3575482368469238
400,-3.352130889892578
401,-6.546506881713867
402,-1.2976655960083008
403,-3.3541479110717773
404,-6.548479080200195
405,-1.237351417541504
406,-3.356705665588379
407,-6.549233436584473
408,-1.3703656196594238
409,-3.36331844329834
410,-5.306280136108398
411,-1.3200039863586426
412,-3.3723936080932617
413,-5.306440830230713
414,-1.2649445533752441
415,-3.3817434310913086
416,-5.308310031890869
417,-0.7740950584411621
418,-3.2989206314086914
419,-8.777482032775879
420,-0.8138494491577148
421,-3.3215694427490234
422,-3.2795073986053467
423,-1.3692455291748047
424,-3.0305347442626953
425,-6.309955596923828
426,-1.4148187637329102
427,-3.037708282470703
428,-4.713884353637695
429,-0.35066699981689453
430,-2.6440916061401367
431,-11.65445327758789
432,0.2594337463378906
433,-2.633406639099121
434,0.506497859954834
435,-3.284670829772949
436,-2.4065465927124023
437,-13.055620193481445
438,-1.389394760131836
439,-2.1303882598876953
440,4.509269714355469
441,-4.979031562805176
442,-2.8310728073120117
443,-9.034955978393555
444,-3.1299242973327637
445,-2.212970733642578
446,5.52985954284668
447,-5.20873498916626
448,-3.1144323348999023
449,-9.795808792114258
450,-3.2879936695098877
451,-2.318540573120117
452,6.182448387145996
453,-5.295576095581055
454,-3.1068601608276367
455,-9.456579208374023
456,-3.3548874855041504
457,-2.3790359497070312
458,5.287052154541016
459,-4.7835845947265625
460,-3.065286636352539
461,-8.810173988342285
462,-3.3344955444335938
463,-2.3278865814208984
464,5.145942687988281
465,0.16276931762695312
466,-0.03103351593017578
467,-7.785562992095947
468,0.32700634002685547
469,-0.07684898376464844
470,-0.2810349464416504
471,0.37220287322998047
472,1.8042020797729492
473,-5.140751361846924
474,0.28489017486572266
475,1.618448257446289
476,2.496715545654297
477,0.45018625259399414
478,3.4769182205200195
479,-2.1080374717712402
480,0.5883378982543945
481,3.0943899154663086
482,6.3898773193359375
483,0.7912435531616211
484,3.778388023376465
485,-1.899033546447754
486,0.8582353591918945
487,3.3364782333374023
488,6.736713409423828
489,-1.1055197715759277
490,3.8143320083618164
491,-4.212192535400391
492,-0.8157811164855957
493,3.518660545349121
494,5.486053466796875
495,-1.5827860832214355
496,-3.1868247985839844
497,-5.762646675109863
498,-1.363680362701416
499,-3.350052833557129
500,-6.706486225128174
501,-1.3030905723571777
502,-3.3520069122314453
503,-6.708366870880127
504,-1.243535041809082
505,-3.3545446395874023
506,-6.7088623046875
507,-1.3801007270812988
508,-3.3612661361694336
509,-5.439249515533447
510,-1.3310484886169434
511,-3.3703222274780273
512,-5.439497470855713
513,-1.2741975784301758
514,-3.3799819946289062
515,-5.441013336181641
516,-0.7793316841125488
517,-3.298689842224121
518,-9.036914825439453
519,-0.8186764717102051
520,-3.321589469909668
521,-3.4392266273498535
522,-1.368776798248291
523,-3.02874755859375
524,-6.450733661651611
525,-1.4120430946350098
526,-3.036090850830078
527,-4.82144832611084
528,-0.4186739921569824
529,-2.6245479583740234
530,-11.954368591308594
531,0.39089298248291016
532,-2.629460334777832
533,0.4661750793457031
534,-3.1192004680633545
535,-2.3649072647094727
536,-13.458009719848633
537,-0.8484597206115723
538,-2.2702064514160156
539,5.653244972229004
540,-4.938482761383057
541,-2.842365264892578
542,-10.098823547363281
543,-2.590081214904785
544,-2.499667167663574
545,8.872068405151367
546,-5.2083916664123535
547,-3.0735902786254883
548,-10.930221557617188
549,-2.8563308715820312
550,-2.6253662109375
551,9.70737075805664
552,-5.207185745239258
553,-3.1276426315307617
554,-10.624481201171875
555,-2.908417224884033
556,-2.6799440383911133
557,8.843988418579102
558,-4.791876792907715
559,-3.0415430068969727
560,-9.902616500854492
561,-2.8814258575439453
562,-2.617690086364746
563,8.53909969329834
564,0.1628131866455078
565,-0.044938087463378906
566,-7.833616256713867
567,0.4651312828063965
568,-0.09638023376464844
569,-0.23234033584594727
570,0.3279261589050293
571,1.7995996475219727
572,-5.269908428192139
573,0.3403439521789551
574,1.6183910369873047
575,2.4894051551818848
576,0.43120574951171875
577,3.4879865646362305
578,-2.5265512466430664
579,0.5895977020263672
580,3.119227409362793
581,6.054656028747559
582,0.7727336883544922
583,3.7988996505737305
584,-2.3362977504730225
585,0.8616280555725098
586,3.349757194519043
587,6.362017631530762
588,-1.1334433555603027
589,3.814234733581543
590,-4.4687066078186035
591,-0.8206701278686523
592,3.5237417221069336
593,5.112577438354492
594,-1.661839485168457
595,-3.1741104125976562
596,-4.8680620193481445
597,-1.4495291709899902
598,-3.3357067108154297
599,-5.8799896240234375
600,-1.391099452972412
601,-3.3374719619750977
602,-5.880663871765137
603,-1.3386120796203613
604,-3.339862823486328
605,-5.881363391876221
606,-1.4381089210510254
607,-3.34830379486084
608,-4.639932632446289
609,-1.382617473602295
610,-3.357358932495117
611,-4.6405720710754395
612,-1.3227462768554688
613,-3.3672714233398438
614,-4.642679214477539
615,-0.8850598335266113
616,-3.2831802368164062
617,-8.552936553955078
618,-0.8623781204223633
619,-3.3102903366088867
620,-3.060149908065796
621,-1.4647879600524902
622,-3.009232521057129
623,-5.709951877593994
624,-1.4819049835205078
625,-3.0133352279663086
626,-4.1189141273498535
627,-0.5355405807495117
628,-2.5396080017089844
629,-11.36726188659668
630,0.41103124618530273
631,-2.583078384399414
632,0.5089693069458008
633,-2.1052446365356445
634,-1.7235021591186523
635,-9.522031784057617
636,-0.4915609359741211
637,-1.7682619094848633
638,5.037135124206543
639,-2.892066478729248
640,-2.0085744857788086
641,-1.2452597618103027
642,-1.895665168762207
643,-1.656747817993164
644,7.274733543395996
645,-3.089792251586914
646,-2.1050596237182617
647,-1.041015625
648,-2.247910499572754
649,-1.645157814025879
650,7.781111717224121
651,-2.963449478149414
652,-2.1754961013793945
653,-1.0594313144683838
654,-2.2250571250915527
655,-1.6923580169677734
656,6.949082374572754
657,-2.7751107215881348
658,-2.122987747192383
659,-0.9994959831237793
660,-2.1416172981262207
661,-1.6906814575195312
662,6.856548309326172
663,0.1875143051147461
664,-0.045040130615234375
665,-7.842081069946289
666,0.5976762771606445
667,-0.10078716278076172
668,-0.22575855255126953
669,0.119140625
670,1.7905263900756836
671,-7.131125450134277
672,0.34641218185424805
673,1.6220035552978516
674,2.3424105644226074
675,0.42876577377319336
676,3.4869089126586914
677,-6.264890670776367
678,0.5898656845092773
679,3.162339210510254
680,5.040650367736816
681,0.7663826942443848
682,3.7982091903686523
683,-6.231642723083496
684,0.8642086982727051
685,3.3885717391967773
686,5.238630294799805
687,-1.1291131973266602
688,3.813157081604004
689,-7.829285144805908
690,-0.8418426513671875
691,3.5426950454711914
692,4.56844425201416
693,-1.7149195671081543
694,-3.163614273071289
695,-5.273114204406738
696,-1.4959425926208496
697,-3.3287696838378906
698,-6.266879081726074
699,-1.4408187866210938
700,-3.331296920776367
701,-6.267623424530029
702,-1.3897075653076172
703,-3.3344526290893555
704,-6.268228054046631
705,-1.4820685386657715
706,-3.338650703430176
707,-4.981380939483643
708,-1.4235138893127441
709,-3.3471450805664062
710,-4.981875896453857
711,-1.3646516799926758
712,-3.3564157485961914
713,-4.984013557434082
714,-0.9445524215698242
715,-3.27823543548584
716,-8.820131301879883
717,-0.9049139022827148
718,-3.3042726516723633
719,-3.1828489303588867
720,-1.5005078315734863
721,-3.0018625259399414
722,-6.0838093757629395
723,-1.508389949798584
724,-3.0036725997924805
725,-4.4370036125183105
726,-0.5404253005981445
727,-2.5083627700805664
728,-11.678834915161133
729,0.3864779472351074
730,-2.564028739929199
731,0.5221848487854004
732,-2.084132671356201
733,-1.6987171173095703
734,-10.176047325134277
735,-0.4205775260925293
736,-1.6314764022827148
737,4.577435493469238
738,-2.9517874717712402
739,-2.095334053039551
740,-2.2990047931671143
741,-1.6243782043457031
742,-1.313096046447754
743,6.021466255187988
744,-3.2195258140563965
745,-2.2067012786865234
746,-2.33760929107666
747,-1.93147611618042
748,-1.2246341705322266
749,6.575773239135742
750,-3.0617055892944336
751,-2.2835569381713867
752,-2.3427162170410156
753,-1.9216647148132324
754,-1.2873296737670898
755,5.738329887390137
756,-2.869624614715576
757,-2.2260704040527344
758,-2.0692026615142822
759,-1.8552799224853516
760,-1.311936378479004
761,5.654728889465332
762,0.22546148300170898
763,-0.04283428192138672
764,-7.9422688484191895
765,0.6329331398010254
766,-0.10074806213378906
767,-0.12248826026916504
768,-0.03490734100341797
769,1.776357650756836
770,-6.72773551940918
771,0.34549808502197266
772,1.6211662292480469
773,2.5812597274780273
774,0.3827338218688965
775,3.4863767623901367
776,-4.947740077972412
777,0.5601720809936523
778,3.1639909744262695
779,6.49246883392334
780,0.710207462310791
781,3.79746150970459
782,-4.830979824066162
783,0.8341946601867676
784,3.387871742248535
785,6.829165458679199
786,-1.2368097305297852
787,3.822606086730957
788,-6.661881446838379
789,-0.8851804733276367
790,3.544253349304199
791,5.793642044067383
792,-1.8731203079223633
793,-3.135382652282715
794,-5.479490280151367
795,-1.696974754333496
796,-3.2944087982177734
797,-6.434592247009277
798,-1.6404247283935547
799,-3.295816421508789
800,-6.436209678649902
801,-1.5807933807373047
802,-3.2976818084716797
803,-6.436558723449707
804,-1.6923675537109375
805,-3.30108642578125
806,-5.171743392944336
807,-1.6403660774230957
808,-3.307039260864258
809,-5.172199249267578
810,-1.5863232612609863
811,-3.3137292861938477
812,-5.174777984619141
813,-1.055375576019287
814,-3.239314079284668
815,-8.942941665649414
816,-1.0774321556091309
817,-3.2652502059936523
818,-3.278956651687622
819,-1.6404180526733398
820,-2.96844482421875
821,-6.243138313293457
822,-1.647221565246582
823,-2.970736503601074
824,-4.613797187805176
825,-0.6166458129882812
826,-2.4311599731445312
827,-11.828411102294922
828,0.04653167724609375
829,-2.482332229614258
830,0.49623680114746094
831,-2.034090042114258
832,-1.4714841842651367
833,-10.072664260864258
834,-0.6925172805786133
835,-1.537923812866211
836,1.5065226554870605
837,-2.9308462142944336
838,-1.7139081954956055
839,-1.6864335536956787
840,-2.0384345054626465
841,-1.2647151947021484
842,-0.7094666957855225
843,-3.1893608570098877
844,-1.779597282409668
845,-1.7501246929168701
846,-2.3514256477355957
847,-1.213089942932129
848,-0.6411983966827393
849,-3.022152900695801
850,-1.870248794555664
851,-1.7497422695159912
852,-2.31425142288208
853,-1.2796306610107422
854,-1.3375532627105713
855,-2.834874153137207
856,-1.8255977630615234
857,-1.44264554977417
858,-2.2188844680786133
859,-1.2910652160644531
860,-1.114426851272583
861,0.3203873634338379
862,-0.038880348205566406
863,-7.999252796173096
864,0.660789966583252
865,-0.0979461669921875
866,-0.06274962425231934
867,-0.27166271209716797
868,1.7760391235351562
869,-7.180635452270508
870,0.34246206283569336
871,1.6238527297973633
872,2.5962514877319336
873,0.3257880210876465
874,3.486018180847168
875,-5.8900532722473145
876,0.5520634651184082
877,3.1789770126342773
878,6.6521501541137695
879,0.6527080535888672
880,3.7963762283325195
881,-5.831881523132324
882,0.8291735649108887
883,3.3999147415161133
884,6.9236040115356445
885,-1.322037696838379
886,3.831536293029785
887,-7.666050910949707
888,-0.8837485313415527
889,3.546422004699707
890,6.031817436218262
891,-1.8551955223083496
892,-3.1338043212890625
893,-6.759119033813477
894,-1.6764836311340332
895,-3.289766311645508
896,-7.7003912925720215
897,-1.6226539611816406
898,-3.291567802429199
899,-7.700168609619141
900,-1.5692152976989746
901,-3.2931995391845703
902,-7.70156192779541
903,-1.6788835525512695
904,-3.2926158905029297
905,-6.450479030609131
906,-1.6304759979248047
907,-3.296457290649414
908,-6.450530052185059
909,-1.582075595855713
910,-3.300490379333496
911,-6.45121431350708
912,-1.0801997184753418
913,-3.230502128601074
914,-9.640996932983398
915,-1.0976848602294922
916,-3.250950813293457
917,-4.115973949432373
918,-1.6208405494689941
919,-2.967789649963379
920,-7.313915729522705
921,-1.63319730758667
922,-2.969792366027832
923,-5.719308376312256
924,-0.6941123008728027
925,-2.397101402282715
926,-12.003076553344727
927,-0.053057193756103516
928,-2.484524726867676
929,0.29916906356811523
930,-2.0209102630615234
931,-1.441554069519043
932,-10.37098503112793
933,-0.7885222434997559
934,-1.5599031448364258
935,2.0273613929748535
936,-2.799650192260742
937,-1.9855566024780273
938,-2.175323963165283
939,-2.2292985916137695
940,-1.7201871871948242
941,1.3108386993408203
942,-3.0500097274780273
943,-2.162356376647949
944,-2.236116886138916
945,-2.5529704093933105
946,-1.7687177658081055
947,1.501408576965332
948,-2.841303825378418
949,-2.241016387939453
950,-2.3012425899505615
951,-2.49825382232666
952,-1.8395671844482422
953,1.0043883323669434
954,-2.6749472618103027
955,-2.158146858215332
956,-1.9600298404693604
957,-2.3864846229553223
958,-1.8074769973754883
959,1.02894926071167
960,0.37744569778442383
961,-0.013926506042480469
962,-8.028059005737305
963,0.700808048248291
964,-0.0926971435546875
965,-0.03075885772705078
966,-0.32390785217285156
967,1.7771940231323242
968,-6.51739501953125
969,0.336151123046875
970,1.6306076049804688
971,3.743746757507324
972,0.2725648880004883
973,3.480790138244629
974,-4.627087593078613
975,0.5471320152282715
976,3.176894187927246
977,8.01321792602539
978,0.6345629692077637
979,3.7958250045776367
980,-4.5209245681762695
981,0.8338832855224609
982,3.407599449157715
983,8.328279495239258
984,-1.3440241813659668
985,3.833306312561035
986,-6.536046981811523
987,-0.8918871879577637
988,3.559962272644043
989,7.401363372802734
990,-2.273219585418701
991,-3.0872583389282227
992,-8.807828903198242
993,-2.0650672912597656
994,-3.230165481567383
995,-9.721931457519531
996,-1.9993376731872559
997,-3.230959892272949
998,-9.72291374206543
999,-1.9388809204101562
1000,-3.231424331665039
1001,-9.724515914916992
1002,-2.0728812217712402
1003,-3.229609489440918
1004,-8.323263168334961
1005,-2.00942325592041
1006,-3.23043155670166
1007,-8.323314666748047
1008,-1.951765537261963
1009,-3.2323074340820312
1010,-8.325607299804688
1011,-1.3765521049499512
1012,-3.1514883041381836
1013,-11.736351013183594
1014,-1.396148681640625
1015,-3.1818370819091797
1016,-5.505749702453613
1017,-1.9916753768920898
1018,-2.8935890197753906
1019,-9.421978950500488
1020,-2.000845432281494
1021,-2.889742851257324
1022,-7.614921569824219
1023,-0.7591753005981445
1024,-2.227719306945801
1025,-14.43528938293457
1026,-0.42491674423217773
1027,-2.3379669189453125
1028,-0.847196102142334
1029,-1.4775018692016602
1030,-1.0064172744750977
1031,-13.655776023864746
1032,-0.8679466247558594
1033,-1.1768598556518555
1034,0.3531761169433594
1035,-2.003976345062256
1036,-0.3662900924682617
1037,-8.319639205932617
1038,-2.0582761764526367
1039,-0.437347412109375
1040,-2.3862404823303223
1041,-2.089980125427246
1042,-0.2485637664794922
1043,-9.13200855255127
1044,-2.3881378173828125
1045,-0.2999601364135742
1046,-2.448352575302124
1047,-2.0783767700195312
1048,-0.27928733825683594
1049,-9.07928466796875
1050,-2.4040026664733887
1051,-0.3011589050292969
1052,-3.610304594039917
1053,-1.991119384765625
1054,-0.30532360076904297
1055,-8.192481994628906
1056,-2.2800841331481934
1057,-0.33772945404052734
1058,-2.987823724746704
1059,0.5989565849304199
1060,0.04362678527832031
1061,-8.238319396972656
1062,0.6679682731628418
1063,-0.051064491271972656
1064,0.17752456665039062
1065,-0.5053496360778809
1066,1.760666847229004
1067,-6.318220138549805
1068,0.0898885726928711
1069,1.630589485168457
1070,4.568471908569336
1071,0.2372417449951172
1072,3.4341611862182617
1073,-2.443834066390991
1074,0.5355806350708008
1075,3.199141502380371
1076,9.12075138092041
1077,0.5965304374694824
1078,3.687685966491699
1079,-2.1286773681640625
1080,0.8368563652038574
1081,3.450676918029785
1082,9.446049690246582
1083,-1.3407392501831055
1084,3.8292112350463867
1085,-4.332212924957275
1086,-0.8604049682617188
1087,3.5447778701782227
1088,8.121122360229492
1089,-2.3246445655822754
1090,-3.0406017303466797
1091,-8.16292953491211
1092,-2.097179412841797
1093,-3.1806716918945312
1094,-9.072933197021484
1095,-2.0435643196105957
1096,-3.1815948486328125
1097,-9.074104309082031
1098,-1.990830421447754
1099,-3.18125057220459
1100,-9.0762300491333
1101,-2.100433349609375
1102,-3.179234504699707
1103,-7.700465202331543
1104,-2.0461435317993164
1105,-3.1796741485595703
1106,-7.700552940368652
1107,-1.9919910430908203
1108,-3.1802263259887695
1109,-7.702588081359863
1110,-1.424069881439209
1111,-3.0874805450439453
1112,-11.177478790283203
1113,-1.4312834739685059
1114,-3.107876777648926
1115,-5.059176445007324
1116,-2.0636186599731445
1117,-2.8644418716430664
1118,-8.817120552062988
1119,-2.0775599479675293
1120,-2.859895706176758
1121,-7.041463851928711
1122,-0.8385529518127441
1123,-2.1599931716918945
1124,-13.756608009338379
1125,-0.4710073471069336
1126,-2.2526607513427734
1127,-0.7562623023986816
1128,-1.4018874168395996
1129,-1.0276355743408203
1130,-12.65807819366455
1131,-0.8303565979003906
1132,-1.1167430877685547
1133,0.8980035781860352
1134,-1.8190655708312988
1135,-0.8293218612670898
1136,-6.04652738571167
1137,-1.7390027046203613
1138,-0.5682840347290039
1139,-1.026036262512207
1140,-1.9180927276611328
1141,-0.8150119781494141
1142,-6.666814804077148
1143,-1.9973225593566895
1144,-0.46888160705566406
1145,-0.9974119663238525
1146,-1.8522825241088867
1147,-0.9056692123413086
1148,-6.720911979675293
1149,-2.0243630409240723
1150,-0.507349967956543
1151,-2.0257744789123535
1152,-1.7418770790100098
1153,-0.8971767425537109
1154,-5.93497896194458
1155,-1.9431653022766113
1156,-0.5352792739868164
1157,-1.5535175800323486
1158,0.7044210433959961
1159,0.08146476745605469
1160,-8.221841812133789
1161,0.681725025177002
1162,-0.00986480712890625
1163,0.16018915176391602
1164,-0.5023641586303711
1165,1.7558488845825195
1166,-6.323912620544434
1167,-0.03324317932128906
1168,1.6263809204101562
1169,3.485611915588379
1170,0.1759181022644043
1171,3.3659143447875977
1172,-2.4877989292144775
1173,0.4812355041503906
1174,3.194058418273926
1175,7.47287654876709
1176,0.5676841735839844
1177,3.5849618911743164
1178,-2.1712050437927246
1179,0.8373551368713379
1180,3.445328712463379
1181,7.7667999267578125
1182,-1.3338007926940918
1183,3.8272695541381836
1184,-3.98087215423584
1185,-0.8591599464416504
1186,3.517359733581543
1187,6.690511703491211
1188,-2.230386734008789
1189,-2.9128599166870117
1190,-7.4563398361206055
1191,-2.0071702003479004
1192,-3.01339054107666
1193,-8.18376350402832
1194,-1.9549212455749512
1195,-3.0095996856689453
1196,-8.185469627380371
1197,-1.9084935188293457
1198,-3.0029077529907227
1199,-8.187795639038086
1200,-2.011500835418701
1201,-3.0108461380004883
1202,-6.811491012573242
1203,-1.9588513374328613
1204,-3.0067825317382812
1205,-6.810479164123535
1206,-1.9093704223632812
1207,-3.0007381439208984
1208,-6.814858436584473
1209,-1.3580865859985352
1210,-2.8966188430786133
1211,-9.994290351867676
1212,-1.368117332458496
1213,-2.913079261779785
1214,-3.96384334564209
1215,-1.9928736686706543
1216,-2.7574195861816406
1217,-8.01921272277832
1218,-2.004678249359131
1219,-2.747549057006836
1220,-6.2285261154174805
1221,-0.8097543716430664
1222,-2.0503273010253906
1223,-13.08067798614502
1224,-0.4470047950744629
1225,-2.073118209838867
1226,0.222503662109375
1227,-0.5881428718566895
1228,-0.7810764312744141
1229,-12.856489181518555
1230,-0.5522065162658691
1231,-0.8970193862915039
1232,1.5479021072387695
1233,-0.6827468872070312
1234,-0.04241371154785156
1235,-9.455860137939453
1236,-0.9328470230102539
1237,-0.16749095916748047
1238,-0.6074233055114746
1239,-0.6926264762878418
1240,0.06711101531982422
1241,-10.318273544311523
1242,-1.0218167304992676
1243,-0.012219429016113281
1244,-0.4289824962615967
1245,-0.6337652206420898
1246,0.07050132751464844
1247,-10.145713806152344
1248,-1.0812797546386719
1249,-0.03342151641845703
1250,-1.4456722736358643
1251,-0.6352100372314453
1252,0.03061199188232422
1253,-9.30842399597168
1254,-1.0537433624267578
1255,-0.08512687683105469
1256,-1.114856243133545
1257,0.9471287727355957
1258,0.20796489715576172
1259,-8.280477523803711
1260,0.8484325408935547
1261,0.14789676666259766
1262,0.2202749252319336
1263,-0.6925091743469238
1264,1.7513504028320312
1265,-7.427172660827637
1266,-0.23153400421142578
1267,1.6365604400634766
1268,1.5587244033813477
1269,0.16704130172729492
1270,3.3162450790405273
1271,-3.7404301166534424
1272,0.554936408996582
1273,3.2102766036987305
1274,5.131658554077148
1275,0.5670313835144043
1276,3.5210180282592773
1277,-3.41446852684021
1278,0.8354830741882324
1279,3.4424867630004883
1280,5.378537178039551
1281,-1.3280978202819824
1282,3.7878637313842773
1283,-4.859374046325684
1284,-0.8501291275024414
1285,3.6073293685913086
1286,4.291214942932129
1287,-2.375682830810547
1288,-2.8065948486328125
1289,-7.372138500213623
1290,-2.137587070465088
1291,-2.919766426086426
1292,-8.124881744384766
1293,-2.083651542663574
1294,-2.9161548614501953
1295,-8.127176284790039
1296,-2.0148844718933105
1297,-2.912400245666504
1298,-8.130013465881348
1299,-2.14566707611084
1300,-2.922945976257324
1301,-6.763668060302734
1302,-2.0898427963256836
1303,-2.9201507568359375
1304,-6.761962890625
1305,-2.0067853927612305
1306,-2.9147262573242188
1307,-6.768129825592041
1308,-1.4315085411071777
1309,-2.8094348907470703
1310,-9.838480949401855
1311,-1.438767910003662
1312,-2.8390073776245117
1313,-3.9110524654388428
1314,-2.1013050079345703
1315,-2.651698112487793
1316,-7.9823503494262695
1317,-2.125974178314209
1318,-2.653641700744629
1319,-6.19472599029541
1320,-0.8675556182861328
1321,-2.030996322631836
1322,-12.977327346801758
1323,-0.4797935485839844
1324,-2.0393381118774414
1325,0.29250144958496094
1326,-0.6126494407653809
1327,-0.7213039398193359
1328,-13.096714973449707
1329,-0.4138460159301758
1330,-0.8552532196044922
1331,1.5686030387878418
1332,-0.5761871337890625
1333,0.05041790008544922
1334,-9.939615249633789
1335,-0.6329174041748047
1336,-0.06070423126220703
1337,-0.7028074264526367
1338,-0.6415724754333496
1339,0.19033241271972656
1340,-10.780590057373047
1341,-0.6932048797607422
1342,0.1077423095703125
1343,-0.5210123062133789
1344,-0.48408985137939453
1345,0.1769847869873047
1346,-10.608707427978516
1347,-0.7721514701843262
1348,0.10033798217773438
1349,-1.53536057472229
1350,-0.49585533142089844
1351,0.1367206573486328
1352,-9.79366397857666
1353,-0.7492890357971191
1354,0.043847084045410156
1355,-1.2059733867645264
1356,0.9170060157775879
1357,0.23445796966552734
1358,-8.275019645690918
1359,0.8849587440490723
1360,0.18103408813476562
1361,0.21470212936401367
1362,-0.8127532005310059
1363,1.7459840774536133
1364,-7.101597785949707
1365,-0.16683244705200195
1366,1.650949478149414
1367,2.336787700653076
1368,0.12449216842651367
1369,3.3146772384643555
1370,-3.5970919132232666
1371,0.5290145874023438
1372,3.234135627746582
1373,6.218583106994629
1374,0.5370121002197266
1375,3.5105676651000977
1376,-3.300785779953003
1377,0.8407096862792969
1378,3.4724626541137695
1379,6.508406639099121
1380,-1.3233160972595215
1381,3.7688589096069336
1382,-4.7734222412109375
1383,-0.8670506477355957
1384,3.628310203552246
1385,5.429347038269043
1386,-2.586115837097168
1387,-2.437270164489746
1388,-6.406491756439209
1389,-2.4005227088928223
1390,-2.5632333755493164
1391,-7.1538801193237305
1392,-2.3479838371276855
1393,-2.560152053833008
1394,-7.155628204345703
1395,-2.299931049346924
1396,-2.5569515228271484
1397,-7.157880783081055
1398,-2.4304099082946777
1399,-2.566059112548828
1400,-5.795440673828125
1401,-2.394763946533203
1402,-2.564420700073242
1403,-5.794389247894287
1404,-2.3606581687927246
1405,-2.563253402709961
1406,-5.7979936599731445
1407,-1.7997736930847168
1408,-2.466358184814453
1409,-9.017861366271973
1410,-1.902829647064209
1411,-2.486509323120117
1412,-2.997879981994629
1413,-2.3649792671203613
1414,-2.290785789489746
1415,-7.038241386413574
1416,-2.3987174034118652
1417,-2.2871437072753906
1418,-5.2719316482543945
1419,-0.885261058807373
1420,-1.6399860382080078
1421,-12.157670974731445
1422,-0.9312605857849121
1423,-1.6547527313232422
1424,0.7824668884277344
1425,0.20602035522460938
1426,-0.6387672424316406
1427,-13.250402450561523
1428,-0.03880167007446289
1429,-0.502161979675293
1430,2.0252223014831543
1431,0.31467342376708984
1432,0.1960439682006836
1433,-11.486181259155273
1434,0.21817827224731445
1435,0.27928829193115234
1436,0.29021167755126953
1437,0.41455793380737305
1438,0.35930347442626953
1439,-12.457103729248047
1440,0.2989230155944824
1441,0.46857643127441406
1442,0.5019817352294922
1443,0.32860755920410156
1444,0.3284034729003906
1445,-12.142834663391113
1446,0.20230388641357422
1447,0.464752197265625
1448,-0.4664289951324463
1449,0.2981085777282715
1450,0.2757539749145508
1451,-11.314537048339844
1452,0.17864465713500977
1453,0.3865480422973633
1454,-0.18806910514831543
1455,1.0090603828430176
1456,0.4810981750488281
1457,-8.331192016601562
1458,0.857454776763916
1459,0.4155311584472656
1460,0.2731647491455078
1461,-1.0858235359191895
1462,1.8035831451416016
1463,-8.656671524047852
1464,-0.8002057075500488
1465,1.7071943283081055
1466,0.9430499076843262
1467,0.13091087341308594
1468,3.315028190612793
1469,-5.369691371917725
1470,0.45792150497436523
1471,3.2328367233276367
1472,4.369988441467285
1473,0.5419373512268066
1474,3.500521659851074
1475,-5.0540876388549805
1476,0.827786922454834
1477,3.4701719284057617
1478,4.607331275939941
1479,-1.2996859550476074
1480,3.7635183334350586
1481,-6.046787261962891
1482,-0.8631434440612793
1483,3.629622459411621
1484,3.901060104370117
1485,-2.6365127563476562
1486,-2.3867006301879883
1487,-5.417659759521484
1488,-2.44071626663208
1489,-2.522613525390625
1490,-6.251034259796143
1491,-2.403073787689209
1492,-2.5177125930786133
1493,-6.252479076385498
1494,-2.370811939239502
1495,-2.513138771057129
1496,-6.254583358764648
1497,-2.455974578857422
1498,-2.528759002685547
1499,-5.011240482330322
1500,-2.4236955642700195
1501,-2.528355598449707
1502,-5.0108537673950195
1503,-2.394937038421631
1504,-2.5289621353149414
1505,-5.014534950256348
1506,-1.930190086364746
1507,-2.415085792541504
1508,-8.49795913696289
1509,-1.9571619033813477
1510,-2.4437551498413086
1511,-2.936126708984375
1512,-2.3940486907958984
1513,-2.2383527755737305
1514,-6.162118911743164
1515,-2.4369378089904785
1516,-2.245779037475586
1517,-4.555147171020508
1518,-1.0710949897766113
1519,-1.5561695098876953
1520,-11.52856731414795
1521,-0.7986421585083008
1522,-1.5975618362426758
1523,0.6771240234375
1524,0.14880084991455078
1525,-0.47516536712646484
1526,-11.403152465820312
1527,0.038340091705322266
1528,-0.4491558074951172
1529,2.1196041107177734
1530,0.2361164093017578
1531,0.20333099365234375
1532,-7.75482177734375
1533,-0.12262296676635742
1534,0.2814483642578125
1535,0.4546937942504883
1536,0.3427577018737793
1537,0.3407411575317383
1538,-8.151973724365234
1539,-0.13517427444458008
1540,0.4668693542480469
1541,0.8749508857727051
1542,0.2930765151977539
1543,0.29518890380859375
1544,-8.107272148132324
1545,-0.25455665588378906
1546,0.4418058395385742
1547,0.11059236526489258
1548,0.2795109748840332
1549,0.2472696304321289
1550,-7.6365556716918945
1551,-0.2595334053039551
1552,0.37465667724609375
1553,0.11491155624389648
1554,0.9842619895935059
1555,0.5620765686035156
1556,-8.317060470581055
1557,0.890897274017334
1558,0.4621620178222656
1559,0.2584800720214844
1560,-1.2321381568908691
1561,1.856893539428711
1562,-8.199642181396484
1563,-0.8459982872009277
1564,1.7065496444702148
1565,1.1170892715454102
1566,0.11282634735107422
1567,3.300198554992676
1568,-4.966824531555176
1569,0.28987836837768555
1570,3.2277650833129883
1571,4.218680381774902
1572,0.5445079803466797
1573,3.502274513244629
1574,-4.649316310882568
1575,0.6728124618530273
1576,3.4634275436401367
1577,4.441603660583496
1578,-1.298515796661377
1579,3.763972282409668
1580,-5.708667278289795
1581,-0.9795088768005371
1582,3.671433448791504
1583,3.8047938346862793
1584,-2.747404098510742
1585,-1.9866342544555664
1586,-9.297823905944824
1587,-2.549854278564453
1588,-2.1606407165527344
1589,-10.017561912536621
1590,-2.5015177726745605
1591,-2.163980484008789
1592,-10.020110130310059
1593,-2.463463306427002
1594,-2.1651716232299805
1595,-10.02346420288086
1596,-2.58526611328125
1597,-2.1592578887939453
1598,-8.808868408203125
1599,-2.5579843521118164
1600,-2.162022590637207
1601,-8.807634353637695
1602,-2.5390515327453613
1603,-2.1636056900024414
1604,-8.811225891113281
1605,-1.9691414833068848
1606,-2.1148481369018555
1607,-11.417905807495117
1608,-2.12783145904541
1609,-2.1070594787597656
1610,-5.993558406829834
1611,-2.46506404876709
1612,-1.8441667556762695
1613,-9.698073387145996
1614,-2.520284652709961
1615,-1.8437223434448242
1616,-8.122234344482422
1617,-0.8469300270080566
1618,-1.326228141784668
1619,-13.438834190368652
1620,-1.1019024848937988
1621,-1.2956581115722656
1622,-1.5546648502349854
1623,1.1210741996765137
1624,-0.3699369430541992
1625,-16.215370178222656
1626,0.3080754280090332
1627,-0.3912801742553711
1628,2.0931382179260254
1629,2.0908942222595215
1630,0.2789945602416992
1631,-18.156002044677734
1632,0.9824471473693848
1633,0.25070858001708984
1634,2.5672965049743652
1635,2.5118346214294434
1636,0.3876333236694336
1637,-19.580053329467773
1638,1.191230297088623
1639,0.41574573516845703
1640,3.1514153480529785
1641,2.365875720977783
1642,0.38411617279052734
1643,-19.550922393798828
1644,1.0565791130065918
1645,0.43506526947021484
1646,2.1849875450134277
1647,2.1851086616516113
1648,0.3499155044555664
1649,-18.20368194580078
1650,0.9890666007995605
1651,0.3731527328491211
1652,2.2144041061401367
1653,1.4153180122375488
1654,0.7581386566162109
1655,-8.323163986206055
1656,0.9246101379394531
1657,0.6317329406738281
1658,0.26604127883911133
1659,-1.3325061798095703
1660,1.860081672668457
1661,-8.190162658691406
1662,-1.284646987915039
1663,1.7644567489624023
1664,0.05338335037231445
1665,0.1189584732055664
1666,3.2588911056518555
1667,-4.111462593078613
1668,0.17354726791381836
1669,3.151543617248535
1670,4.830072402954102
1671,0.5469765663146973
1672,3.4695425033569336
1673,-3.5603413581848145
1674,0.6025981903076172
1675,3.4252939224243164
1676,5.183523178100586
1677,-1.2654447555541992
1678,3.764052391052246
1679,-4.763016700744629
1680,-1.1273207664489746
1681,3.694350242614746
1682,4.095358848571777
1683,-2.768385410308838
1684,-2.1681041717529297
1685,-10.294149398803711
1686,-2.5166258811950684
1687,-2.3194494247436523
1688,-11.056093215942383
1689,-2.445934295654297
1690,-2.3254013061523438
1691,-11.059001922607422
1692,-2.403796672821045
1693,-2.3207502365112305
1694,-11.06344223022461
1695,-2.5385913848876953
1696,-2.323841094970703
1697,-9.719736099243164
1698,-2.48240327835083
1699,-2.3325843811035156
1700,-9.718746185302734
1701,-2.4532008171081543
1702,-2.3323793411254883
1703,-9.721639633178711
1704,-1.8982610702514648
1705,-2.2056941986083984
1706,-12.863402366638184
1707,-2.0184364318847656
1708,-2.237513542175293
1709,-6.885672569274902
1710,-2.5438528060913086
1711,-1.9925994873046875
1712,-10.87552261352539
1713,-2.60823392868042
1714,-1.9984416961669922
1715,-9.134492874145508
1716,-0.7433910369873047
1717,-1.268864631652832
1718,-15.040942192077637
1719,-1.1717162132263184
1720,-1.306488037109375
1721,-2.5825822353363037
1722,1.364661693572998
1723,-0.23698139190673828
1724,-15.70226764678955
1725,0.5202927589416504
1726,-0.21580791473388672
1727,0.23528051376342773
1728,2.569732189178467
1729,0.41823673248291016
1730,-14.797341346740723
1731,0.973792552947998
1732,0.5186653137207031
1733,-0.5022101402282715
1734,2.95914888381958
1735,0.6143093109130859
1736,-16.017168045043945
1737,1.1460423469543457
1738,0.6851062774658203
1739,-0.12975430488586426
1740,2.7142844200134277
1741,0.6006851196289062
1742,-16.0330810546875
1743,0.9701962471008301
1744,0.6789684295654297
1745,-1.2268006801605225
1746,2.552786350250244
1747,0.5523204803466797
1748,-14.778860092163086
1749,0.9367499351501465
1750,0.6140861511230469
1751,-0.9714570045471191
1752,1.5638813972473145
1753,0.7578296661376953
1754,-8.317480087280273
1755,0.9425868988037109
1756,0.6270780563354492
1757,0.26100730895996094
1758,-1.3855829238891602
1759,1.8549566268920898
1760,-7.896985054016113
1761,-1.3054699897766113
1762,1.7880306243896484
1763,0.0746307373046875
1764,0.08658981323242188
1765,3.2682390213012695
1766,-2.505864143371582
1767,0.14703750610351562
1768,3.153428077697754
1769,7.934393882751465
1770,0.5707159042358398
1771,3.4849443435668945
1772,-1.9136543273925781
1773,0.6034555435180664
1774,3.354994773864746
1775,8.489484786987305
1776,-1.2736797332763672
1777,3.764462471008301
1778,-2.8378915786743164
1779,-1.1543807983398438
1780,3.686915397644043
1781,8.037169456481934
1782,-2.965458869934082
1783,-1.754434585571289
1784,-8.756458282470703
1785,-2.7634639739990234
1786,-1.8980531692504883
1787,-9.570032119750977
1788,-2.7066736221313477
1789,-1.9025068283081055
1790,-9.572067260742188
1791,-2.6614322662353516
1792,-1.9041852951049805
1793,-9.574992179870605
1794,-2.7773194313049316
1795,-1.9043340682983398
1796,-8.2814359664917
1797,-2.733349323272705
1798,-1.9131345748901367
1799,-8.281436920166016
1800,-2.700078010559082
1801,-1.9200382232666016
1802,-8.285213470458984
1803,-2.1473326683044434
1804,-1.8453807830810547
1805,-11.52949333190918
1806,-2.23433256149292
1807,-1.8893537521362305
1808,-6.207738399505615
1809,-2.683979034423828
1810,-1.6138114929199219
1811,-9.376291275024414
1812,-2.714444637298584
1813,-1.6109485626220703
1814,-7.674953937530518
1815,-0.7780323028564453
1816,-1.0107049942016602
1817,-14.062193870544434
1818,-1.2972421646118164
1819,-1.1458463668823242
1820,-1.5283434391021729
1821,1.4783625602722168
1822,-0.34466075897216797
1823,-14.8721284866333
1824,0.9030613899230957
1825,-0.42287445068359375
1826,1.0324816703796387
1827,3.362422466278076
1828,0.2525911331176758
1829,-13.804078102111816
1830,2.239743709564209
1831,0.18268299102783203
1832,0.11719083786010742
1833,3.837130069732666
1834,0.3639860153198242
1835,-14.931928634643555
1836,2.8459906578063965
1837,0.36200809478759766
1838,0.42728328704833984
1839,3.6897072792053223
1840,0.4298820495605469
1841,-14.892356872558594
1842,2.797398090362549
1843,0.3907299041748047
1844,-0.780555248260498
1845,3.535752773284912
1846,0.4098682403564453
1847,-13.748900413513184
1848,2.7557730674743652
1849,0.361846923828125
1850,-0.4252307415008545
1851,1.735933780670166
1852,0.9595346450805664
1853,-8.461065292358398
1854,1.1354413032531738
1855,0.7441892623901367
1856,0.40502500534057617
1857,-1.66111421585083
1858,1.8911323547363281
1859,-7.993038177490234
1860,-1.7174978256225586
1861,1.7268171310424805
1862,0.6685318946838379
1863,0.05545949935913086
1864,3.2700071334838867
1865,-2.512737274169922
1866,0.17194652557373047
1867,3.0480451583862305
1868,7.479073524475098
1869,0.5670866966247559
1870,3.4714784622192383
1871,-1.894620656967163
1872,0.6187596321105957
1873,3.2576475143432617
1874,7.9682111740112305
1875,-1.265787124633789
1876,3.762894630432129
1877,-2.1255507469177246
1878,-0.8475747108459473
1879,3.5935659408569336
1880,8.027294158935547
1881,-2.940746784210205
1882,-1.7548828125
1883,-8.200887680053711
1884,-2.7532668113708496
1885,-1.887242317199707
1886,-9.057977676391602
1887,-2.709519863128662
1888,-1.8852720260620117
1889,-9.059207916259766
1890,-2.659121513366699
1891,-1.8846673965454102
1892,-9.062349319458008
1893,-2.7559380531311035
1894,-1.8951530456542969
1895,-7.5166521072387695
1896,-2.7157392501831055
1897,-1.8999261856079102
1898,-7.513458728790283
1899,-2.6657090187072754
1900,-1.9084386825561523
1901,-7.51322078704834
1902,-2.179441452026367
1903,-1.7974739074707031
1904,-11.484781265258789
1905,-2.208489418029785
1906,-1.8331642150878906
1907,-4.720278263092041
1908,-2.659289836883545
1909,-1.6091337203979492
1910,-9.080276489257812
1911,-2.6919941902160645
1912,-1.6186094284057617
1913,-7.000104904174805
1914,-0.8381752967834473
1915,-1.0050287246704102
1916,-13.747425079345703
1917,-1.1705808639526367
1918,-1.066452980041504
1919,-0.5418016910552979
1920,1.472994327545166
1921,-0.3914175033569336
1922,-14.83524227142334
1923,1.4724278450012207
1924,-0.4140176773071289
1925,1.089087963104248
1926,3.4982190132141113
1927,0.2635822296142578
1928,-13.865899085998535
1929,2.9301466941833496
1930,0.17111873626708984
1931,0.16652917861938477
1932,3.9365220069885254
1933,0.3921489715576172
1934,-14.956273078918457
1935,3.302894115447998
1936,0.3607645034790039
1937,0.4821491241455078
1938,3.8232169151306152
1939,0.4758491516113281
1940,-14.761919975280762
1941,3.278942584991455
1942,0.4061288833618164
1943,-0.4817483425140381
1944,3.688645839691162
1945,0.45449161529541016
1946,-13.733613014221191
1947,3.1281380653381348
1948,0.3424873352050781
1949,-0.2878596782684326
1950,1.8011555671691895
1951,0.9697065353393555
1952,-8.630742073059082
1953,1.3294835090637207
1954,0.7895917892456055
1955,0.5747275352478027
1956,-1.55983304977417
1957,1.9123258590698242
1958,-8.526742935180664
1959,-1.5345354080200195
1960,1.7793989181518555
1961,0.9261398315429688
1962,0.059824466705322266
1963,3.2853403091430664
1964,-3.061265707015991
1965,0.10322332382202148
1966,3.098374366760254
1967,6.743316650390625
1968,0.6343216896057129
1969,3.476456642150879
1970,-2.24715518951416
1971,0.6289153099060059
1972,3.2627954483032227
1973,7.261652946472168
1974,-1.165156364440918
1975,3.8060998916625977
1976,-3.1472315788269043
1977,-1.0077509880065918
1978,3.695683479309082
1979,7.372611999511719
1980,-2.9295859336853027
1981,-1.4547815322875977
1982,-10.359313011169434
1983,-2.702523708343506
1984,-1.5697021484375
1985,-11.127758026123047
1986,-2.6566858291625977
1987,-1.563612937927246
1988,-11.128786087036133
1989,-2.6096229553222656
1990,-1.556696891784668
1991,-11.13162899017334
1992,-2.706808567047119
1993,-1.584956169128418
1994,-9.776288986206055
1995,-2.6655731201171875
1996,-1.5897579193115234
1997,-9.77476978302002
1998,-2.6218810081481934
1999,-1.5937261581420898
2000,-9.77530288696289
2001,-2.1660962104797363
2002,-1.4736213684082031
2003,-12.880568504333496
2004,-2.1904549598693848
2005,-1.5226783752441406
2006,-6.84802770614624
2007,-2.701709747314453
2008,-1.3158082962036133
2009,-10.916101455688477
2010,-2.7311997413635254
2011,-1.3235692977905273
2012,-9.159597396850586
2013,-0.8246879577636719
2014,-0.6146993637084961
2015,-14.676644325256348
2016,-1.3054389953613281
2017,-0.847813606262207
2018,-2.7341432571411133
2019,1.9362092018127441
2020,-0.1441030502319336
2021,-15.599874496459961
2022,1.305403232574463
2023,-0.2245464324951172
2024,1.028428554534912
2025,3.637906551361084
2026,0.44577598571777344
2027,-15.514379501342773
2028,2.4607396125793457
2029,0.4045143127441406
2030,1.4978389739990234
2031,4.0488600730896
2032,0.5058565139770508
2033,-16.77566146850586
2034,2.792365550994873
2035,0.5544309616088867
2036,2.0812807083129883
2037,3.877593517303467
2038,0.5927162170410156
2039,-16.776920318603516
2040,2.7132086753845215
2041,0.6010351181030273
2042,1.0384764671325684
2043,3.737326145172119
2044,0.5728425979614258
2045,-15.502937316894531
2046,2.612917423248291
2047,0.5461215972900391
2048,1.1245613098144531
2049,1.774857997894287
2050,1.1669797897338867
2051,-8.574516296386719
2052,1.2509675025939941
2053,0.8885173797607422
2054,0.521021842956543
2055,-1.6472249031066895
2056,1.9907197952270508
2057,-7.945208549499512
2058,-1.5118498802185059
2059,1.8485174179077148
2060,1.6739311218261719
2061,0.04165363311767578
2062,3.297724723815918
2063,-1.1741955280303955
2064,0.12123394012451172
2065,3.100083351135254
2066,7.600162506103516
2067,0.5715794563293457
2068,3.4829721450805664
2069,-0.42600393295288086
2070,0.635615348815918
2071,3.2739057540893555
2072,8.109768867492676
2073,-1.074388027191162
2074,3.8244733810424805
2075,-0.6543793678283691
2076,-0.8796277046203613
2077,3.7141294479370117
2078,7.965062141418457
2079,-2.9218454360961914
2080,-1.421635627746582
2081,-9.399900436401367
2082,-2.691608428955078
2083,-1.5384321212768555
2084,-10.220243453979492
2085,-2.6426963806152344
2086,-1.5314455032348633
2087,-10.221553802490234
2088,-2.593606472015381
2089,-1.5244226455688477
2090,-10.224870681762695
2091,-2.697512626647949
2092,-1.5560340881347656
2093,-8.858620643615723
2094,-2.654360771179199
2095,-1.5609893798828125
2096,-8.857290267944336
2097,-2.6104202270507812
2098,-1.5658445358276367
2099,-8.8582763671875
2100,-2.1472606658935547
2101,-1.4453601837158203
2102,-12.280035018920898
2103,-2.1549859046936035
2104,-1.4947404861450195
2105,-6.175365447998047
2106,-2.6870265007019043
2107,-1.2743606567382812
2108,-10.06249713897705
2109,-2.720493793487549
2110,-1.288346290588379
2111,-8.291622161865234
2112,-0.9164657592773438
2113,-0.59527587890625
2114,-14.63471794128418
2115,-1.2141451835632324
2116,-0.8049631118774414
2117,-2.3459506034851074
2118,1.7621455192565918
2119,-0.07393550872802734
2120,-15.572373390197754
2121,1.6418957710266113
2122,-0.20199298858642578
2123,0.21210765838623047
2124,3.6294398307800293
2125,0.5070772171020508
2126,-14.790409088134766
2127,2.9944357872009277
2128,0.4620819091796875
2129,-0.15460991859436035
2130,4.059116840362549
2131,0.5623693466186523
2132,-15.961522102355957
2133,3.381054401397705
2134,0.6142387390136719
2135,0.17153167724609375
2136,3.9086813926696777
2137,0.6530637741088867
2138,-15.88823413848877
2139,3.2851462364196777
2140,0.6554784774780273
2141,-0.7540566921234131
2142,3.7470345497131348
2143,0.619776725769043
2144,-14.733681678771973
2145,3.1669716835021973
2146,0.6035747528076172
2147,-0.5546736717224121
2148,1.7183032035827637
2149,1.2084121704101562
2150,-8.56765079498291
2151,1.3599801063537598
2152,0.9418706893920898
2153,0.5156078338623047
2154,-1.8010892868041992
2155,2.009516716003418
2156,-7.527199745178223
2157,-1.5149507522583008
2158,1.8842735290527344
2159,2.3324060440063477
2160,0.03486013412475586
2161,3.299130439758301
2162,-1.1038153171539307
2163,0.12482976913452148
2164,3.0986948013305664
2165,8.579806327819824
2166,0.5336880683898926
2167,3.485356330871582
2168,-0.40224170684814453
2169,0.6561665534973145
2170,3.253201484680176
2171,9.158716201782227
2172,-1.0993232727050781
2173,3.8232831954956055
2174,-0.46362757682800293
2175,-0.526587963104248
2176,3.714695930480957
2177,9.307098388671875
2178,-2.8844857215881348
2179,-1.3359498977661133
2180,-8.23745346069336
2181,-2.6564297676086426
2182,-1.4621143341064453
2183,-9.127483367919922
2184,-2.6067728996276855
2185,-1.4532012939453125
2186,-9.127779006958008
2187,-2.5580639839172363
2188,-1.444676399230957
2189,-9.130760192871094
2190,-2.6634974479675293
2191,-1.4798717498779297
2192,-7.822601318359375
2193,-2.620164394378662
2194,-1.482391357421875
2195,-7.822369575500488
2196,-2.5818190574645996
2197,-1.490492820739746
2198,-7.8226423263549805
2199,-2.1052613258361816
2200,-1.3512163162231445
2201,-11.767997741699219
2202,-2.1252317428588867
2203,-1.4081735610961914
2204,-6.101347923278809
2205,-2.647932529449463
2206,-1.1714696884155273
2207,-9.064103126525879
2208,-2.6812362670898438
2209,-1.1764030456542969
2210,-7.3732075691223145
2211,-0.9815468788146973
2212,-0.4669837951660156
2213,-13.633458137512207
2214,-1.1622390747070312
2215,-0.7160520553588867
2216,-1.8992767333984375
2217,1.5568222999572754
2218,0.2299795150756836
2219,-13.232457160949707
2220,1.2794194221496582
2221,0.12915706634521484
2222,0.3232588768005371
2223,2.916435718536377
2224,0.6988620758056641
2225,-11.251285552978516
2226,2.274167537689209
2227,0.6584272384643555
2228,1.7803449630737305
2229,3.3002171516418457
2230,0.7281684875488281
2231,-12.022223472595215
2232,2.5338196754455566
2233,0.7686300277709961
2234,2.3239006996154785
2235,3.2229104042053223
2236,0.7378053665161133
2237,-12.093071937561035
2238,2.4029879570007324
2239,0.7918291091918945
2240,1.4899373054504395
2241,3.071887493133545
2242,0.7262735366821289
2243,-11.247461318969727
2244,2.3223280906677246
2245,0.7499513626098633
2246,1.4589629173278809
2247,1.6742339134216309
2248,1.319746971130371
2249,-8.340180397033691
2250,1.3485541343688965
2251,1.034123420715332
2252,0.2865300178527832
2253,-2.0214133262634277
2254,2.0228452682495117
2255,-7.524627208709717
2256,-1.698460578918457
2257,1.8654403686523438
2258,1.9085817337036133
2259,-0.02720928192138672
2260,3.3000879287719727
2261,-1.812225341796875
2262,0.12019729614257812
2263,3.080653190612793
2264,6.853759765625
2265,0.4797224998474121
2266,3.489190101623535
2267,-1.2112939357757568
2268,0.6511917114257812
2269,3.260685920715332
2270,7.333902359008789
2271,-1.2101125717163086
2272,3.8195390701293945
2273,-1.4219424724578857
2274,-0.5788092613220215
2275,3.694960594177246
2276,8.011597633361816
2277,-2.843050956726074
2278,-1.3845911026000977
2279,-6.659078598022461
2280,-2.5930304527282715
2281,-1.4955635070800781
2282,-7.549470901489258
2283,-2.5546212196350098
2284,-1.484720230102539
2285,-7.550741195678711
2286,-2.5165467262268066
2287,-1.4728879928588867
2288,-7.553822040557861
2289,-2.5836896896362305
2290,-1.5113897323608398
2291,-6.3279709815979
2292,-2.5251550674438477
2293,-1.5146265029907227
2294,-6.327056884765625
2295,-2.4821696281433105
2296,-1.5159530639648438
2297,-6.327937126159668
2298,-2.0801281929016113
2299,-1.3620891571044922
2300,-10.261275291442871
2301,-2.0500125885009766
2302,-1.4112329483032227
2303,-4.87186861038208
2304,-2.6357030868530273
2305,-1.2104368209838867
2306,-7.526163578033447
2307,-2.657198429107666
2308,-1.222198486328125
2309,-5.937543869018555
2310,-1.0367097854614258
2311,-0.4770774841308594
2312,-12.770343780517578
2313,-1.0062646865844727
2314,-0.7045478820800781
2315,-1.8667628765106201
2316,1.366197109222412
2317,0.3218250274658203
2318,-12.775089263916016
2319,1.423917293548584
2320,0.12737560272216797
2321,0.7487430572509766
2322,3.037271022796631
2323,0.6612405776977539
2324,-11.295476913452148
2325,2.838461399078369
2326,0.6001501083374023
2327,1.2304434776306152
2328,3.4918465614318848
2329,0.6871824264526367
2330,-12.124682426452637
2331,3.1921133995056152
2332,0.7026071548461914
2333,1.6510777473449707
2334,3.4815115928649902
2335,0.697077751159668
2336,-12.157424926757812
2337,3.007737636566162
2338,0.7014360427856445
2339,1.157158374786377
2340,3.340541362762451
2341,0.7347040176391602
2342,-11.281742095947266
2343,2.8776955604553223
2344,0.6642665863037109
2345,0.9942622184753418
2346,1.5939688682556152
2347,1.360696792602539
2348,-8.279613494873047
2349,1.3881030082702637
2350,1.0759305953979492
2351,0.22176122665405273
2352,-2.101740837097168
2353,2.0291929244995117
2354,-6.3369364738464355
2355,-1.6106395721435547
2356,1.856013298034668
2357,3.4018497467041016
2358,-0.09333086013793945
2359,3.300875663757324
2360,-1.6956541538238525
2361,0.13147544860839844
2362,3.063204765319824
2363,7.841870307922363
2364,0.4326767921447754
2365,3.4896974563598633
2366,-1.116948127746582
2367,0.6509137153625488
2368,3.2296876907348633
2369,8.276213645935059
2370,-1.2220139503479004
2371,3.8189802169799805
2372,-1.1409413814544678
2373,-0.6106581687927246
2374,3.673275947570801
2375,8.60731029510498
2376,-2.558816432952881
2377,-1.3303804397583008
2378,-4.35609769821167
2379,-2.383983612060547
2380,-1.4454431533813477
2381,-5.289493560791016
2382,-2.3552465438842773
2383,-1.4378814697265625
2384,-5.290245532989502
2385,-2.3290395736694336
2386,-1.4301795959472656
2387,-5.291776657104492
2388,-2.358213424682617
2389,-1.4645986557006836
2390,-4.137002468109131
2391,-2.3041653633117676
2392,-1.4696788787841797
2393,-4.136460304260254
2394,-2.2406787872314453
2395,-1.476893424987793
2396,-4.1392903327941895
2397,-1.9656238555908203
2398,-1.3607368469238281
2399,-8.0848388671875
2400,-1.8010387420654297
2401,-1.4167098999023438
2402,-2.9537582397460938
2403,-2.3690924644470215
2404,-1.185516357421875
2405,-5.29627799987793
2406,-2.349362373352051
2407,-1.1991100311279297
2408,-3.802846670150757
2409,-1.0230441093444824
2410,-0.5089540481567383
2411,-11.16523551940918
2412,-0.7019758224487305
2413,-0.710780143737793
2414,-0.19009017944335938
2415,1.2606396675109863
2416,0.36317920684814453
2417,-11.620733261108398
2418,1.3310561180114746
2419,0.2871074676513672
2420,1.0817055702209473
2421,2.849984645843506
2422,0.8929653167724609
2423,-9.962420463562012
2424,2.0401902198791504
2425,0.962244987487793
2426,0.6419596672058105
2427,3.213278293609619
2428,1.0078763961791992
2429,-10.698559761047363
2430,2.051021099090576
2431,1.1278505325317383
2432,0.8913884162902832
2433,3.149937152862549
2434,1.015976905822754
2435,-10.707052230834961
2436,1.8379740715026855
2437,1.1470422744750977
2438,0.1666555404663086
2439,3.076019763946533
2440,0.9907846450805664
2441,-9.954814910888672
2442,1.7929902076721191
2443,1.089268684387207
2444,0.275789737701416
2445,1.5876288414001465
2446,1.3990097045898438
2447,-8.189376831054688
2448,1.4754681587219238
2449,1.16644287109375
2450,0.13076257705688477
2451,-2.1146297454833984
2452,2.0330934524536133
2453,-7.369237899780273
2454,-1.7366976737976074
2455,1.828226089477539
2456,0.977137565612793
2457,-0.09374809265136719
2458,3.3191308975219727
2459,-3.3349461555480957
2460,0.13716506958007812
2461,3.062222480773926
2462,4.5880022048950195
2463,0.4328632354736328
2464,3.502579689025879
2465,-2.8408188819885254
2466,0.6422200202941895
2467,3.234633445739746
2468,4.895186424255371
2469,-1.2583537101745605
2470,3.818284034729004
2471,-3.158695697784424
2472,-0.6254382133483887
2473,3.6743345260620117
2474,4.629554748535156
2475,-2.4575514793395996
2476,-1.3225994110107422
2477,-4.270852088928223
2478,-2.2933216094970703
2479,-1.4478912353515625
2480,-5.155749320983887
2481,-2.2655863761901855
2482,-1.4426946640014648
2483,-5.156396865844727
2484,-2.2406558990478516
2485,-1.4370336532592773
2486,-5.157840251922607
2487,-2.2673864364624023
2488,-1.4649229049682617
2489,-4.061863422393799
2490,-2.2179298400878906
2491,-1.4709672927856445
2492,-4.061625957489014
2493,-2.166954517364502
2494,-1.4768247604370117
2495,-4.064971923828125
2496,-1.8672938346862793
2497,-1.369135856628418
2498,-7.7907304763793945
2499,-1.674384593963623
2500,-1.4204015731811523
2501,-2.9010539054870605
2502,-2.2320556640625
2503,-1.1897897720336914
2504,-5.157668113708496
2505,-2.2204232215881348
2506,-1.1994714736938477
2507,-3.738828182220459
2508,-1.0126690864562988
2509,-0.5186529159545898
2510,-10.78657341003418
2511,-0.48720836639404297
2512,-0.7265100479125977
2513,-0.08194828033447266
2514,1.2055792808532715
2515,0.3887205123901367
2516,-11.16718864440918
2517,1.250302791595459
2518,0.3382139205932617
2519,1.1070928573608398
2520,2.3968052864074707
2521,0.9820966720581055
2522,-9.468487739562988
2523,1.2841429710388184
2524,1.0192270278930664
2525,0.4239797592163086
2526,2.7185187339782715
2527,1.0760440826416016
2528,-10.17577838897705
2529,1.2217259407043457
2530,1.1822795867919922
2531,0.6232223510742188
2532,2.6338629722595215
2533,1.0749902725219727
2534,-10.193672180175781
2535,1.0212082862854004
2536,1.1995477676391602
2537,-0.13867759704589844
2538,2.551116466522217
2539,1.0395193099975586
2540,-9.46999740600586
2541,1.018455982208252
2542,1.1404619216918945
2543,0.03930521011352539
2544,1.4906706809997559
2545,1.3736019134521484
2546,-8.086236953735352
2547,1.4973492622375488
2548,1.1562995910644531
2549,0.025977134704589844
2550,-2.117094039916992
2551,2.0277557373046875
2552,-7.798982620239258
2553,-1.714223861694336
2554,1.7663755416870117
2555,1.2123632431030273
2556,-0.09946298599243164
2557,3.331294059753418
2558,-4.186545372009277
2559,0.14057683944702148
2560,3.059943199157715
2561,5.092630386352539
2562,0.4069232940673828
2563,3.5403451919555664
2564,-3.7541117668151855
2565,0.639378547668457
2566,3.242520332336426
2567,5.421450614929199
2568,-1.362849235534668
2569,3.817934989929199
2570,-4.236440658569336
2571,-0.6415553092956543
2572,3.6647939682006836
2573,5.184453010559082
2574,-2.260657787322998
2575,-1.3977174758911133
2576,-5.9987921714782715
2577,-2.0888752937316895
2578,-1.5375823974609375
2579,-6.821878433227539
2580,-2.039247512817383
2581,-1.5356121063232422
2582,-6.821862697601318
2583,-1.9867000579833984
2584,-1.5326147079467773
2585,-6.822619915008545
2586,-2.1075692176818848
2587,-1.5485382080078125
2588,-5.496352672576904
2589,-2.0702357292175293
2590,-1.5544729232788086
2591,-5.498050689697266
2592,-2.028841018676758
2593,-1.5602493286132812
2594,-5.499243259429932
2595,-1.4425783157348633
2596,-1.4662284851074219
2597,-7.978982925415039
2598,-1.4442787170410156
2599,-1.5010576248168945
2600,-3.483703374862671
2601,-2.006645679473877
2602,-1.255157470703125
2603,-6.564650535583496
2604,-2.046901226043701
2605,-1.2625312805175781
2606,-4.809709548950195
2607,-0.7679119110107422
2608,-0.5842208862304688
2609,-11.449312210083008
2610,-0.27362918853759766
2611,-0.7362689971923828
2612,-0.0755159854888916
2613,0.0771174430847168
2614,0.6339216232299805
2615,-10.161355972290039
2616,0.9101357460021973
2617,0.5059719085693359
2618,1.207707405090332
2619,-0.26671409606933594
2620,0.9094018936157227
2621,-3.431516647338867
2622,0.04490375518798828
2623,1.1783437728881836
2624,-0.4958522319793701
2625,-0.3616490364074707
2626,0.9703369140625
2627,-3.604600667953491
2628,-0.1647019386291504
2629,1.3240442276000977
2630,-0.45052623748779297
2631,-0.3639822006225586
2632,0.9071788787841797
2633,-3.721982955932617
2634,-0.3051729202270508
2635,1.2779760360717773
2636,-1.3300259113311768
2637,-0.2781538963317871
2638,0.8818845748901367
2639,-3.2746806144714355
2640,-0.24625921249389648
2641,1.2212762832641602
2642,-0.945016622543335
2643,1.4907479286193848
2644,1.3571605682373047
2645,-8.078788757324219
2646,1.6391758918762207
2647,1.196244239807129
2648,0.019133567810058594
2649,-2.085419178009033
2650,1.9822864532470703
2651,-8.630369186401367
2652,-1.1390810012817383
2653,1.8957319259643555
2654,5.073098182678223
2655,-0.13669824600219727
2656,3.330746650695801
2657,-5.9677934646606445
2658,0.28810548782348633
2659,3.0954275131225586
2660,10.57392692565918
2661,0.3482823371887207
2662,3.5314207077026367
2663,-5.671575546264648
2664,0.8124241828918457
2665,3.293168067932129
2666,11.055343627929688
2667,-1.3899893760681152
2668,3.793828010559082
2669,-6.359831809997559
2670,-0.301175594329834
2671,3.6644906997680664
2672,11.163371086120605
2673,-1.6327948570251465
2674,-1.5981197357177734
2675,-7.260359764099121
2676,-1.344642162322998
2677,-1.7221803665161133
2678,-8.191217422485352
2679,-1.2592806816101074
2680,-1.7257709503173828
2681,-8.193462371826172
2682,-1.1983776092529297
2683,-1.7221832275390625
2684,-8.195222854614258
2685,-1.357356071472168
2686,-1.7285995483398438
2687,-6.765348434448242
2688,-1.3316426277160645
2689,-1.724705696105957
2690,-6.766732215881348
2691,-1.3034863471984863
2692,-1.7225627899169922
2693,-6.768355846405029
2694,-0.7590570449829102
2695,-1.6165666580200195
2696,-10.133767127990723
2697,-0.8540921211242676
2698,-1.6137752532958984
2699,-3.9118235111236572
2700,-1.4337725639343262
2701,-1.4248886108398438
2702,-7.9153642654418945
2703,-1.5148396492004395
2704,-1.4164409637451172
2705,-6.030460357666016
2706,-0.3919663429260254
2707,-0.6246576309204102
2708,-13.420581817626953
2709,-0.04335165023803711
2710,-0.7979211807250977
2711,0.020294666290283203
2712,-1.277082920074463
2713,0.3979463577270508
2714,-12.92401123046875
2715,-0.40799808502197266
2716,0.3277435302734375
2717,1.6121430397033691
2718,-3.368730306625366
2719,0.8168716430664062
2720,-7.958487510681152
2721,-1.9962849617004395
2722,1.0076885223388672
2723,-0.9714066982269287
2724,-3.761965036392212
2725,0.7705478668212891
2726,-8.245960235595703
2727,-2.318392753601074
2728,0.8962001800537109
2729,-0.9987614154815674
2730,-3.7457025051116943
2731,0.5303611755371094
2732,-8.67204475402832
2733,-2.445098876953125
2734,0.784423828125
2735,-2.1447794437408447
2736,-3.4838695526123047
2737,0.5164394378662109
2738,-7.917760848999023
2739,-2.359811782836914
2740,0.8127813339233398
2741,-1.5428516864776611
2742,1.5968680381774902
2743,1.3025541305541992
2744,-8.291009902954102
2745,1.66184663772583
2746,1.1517105102539062
2747,0.23492717742919922
2748,-1.985114574432373
2749,1.959721565246582
2750,-8.007575988769531
2751,-0.9824385643005371
2752,1.9207124710083008
2753,5.090911865234375
2754,-0.14421892166137695
2755,3.3308286666870117
2756,-3.0363402366638184
2757,0.3181767463684082
2758,3.149907112121582
2759,11.198613166809082
2760,0.3476686477661133
2761,3.531521797180176
2762,-2.45143985748291
2763,0.8331260681152344
2764,3.3578691482543945
2765,11.805802345275879
2766,-1.3887944221496582
2767,3.786881446838379
2768,-2.274707078933716
2769,-0.3269796371459961
2770,3.668288230895996
2771,12.014187812805176
2772,-1.3988537788391113
2773,-1.7044200897216797
2774,-6.6136274337768555
2775,-1.111114501953125
2776,-1.830423355102539
2777,-7.549470901489258
2778,-1.0706195831298828
2779,-1.8281078338623047
2780,-7.550865173339844
2781,-1.0367355346679688
2782,-1.8203210830688477
2783,-7.551953315734863
2784,-1.1004886627197266
2785,-1.8342723846435547
2786,-6.219310760498047
2787,-1.0621185302734375
2788,-1.8303031921386719
2789,-6.221434116363525
2790,-0.9951677322387695
2791,-1.8331985473632812
2792,-6.2230634689331055
2793,-0.637446403503418
2794,-1.709965705871582
2795,-9.703622817993164
2796,-0.567840576171875
2797,-1.7140836715698242
2798,-3.8077781200408936
2799,-1.2681818008422852
2800,-1.5224056243896484
2801,-7.310793876647949
2802,-1.2738475799560547
2803,-1.5252180099487305
2804,-5.584234237670898
2805,-0.31076717376708984
2806,-0.6742486953735352
2807,-12.769209861755371
2808,0.14277315139770508
2809,-0.8053188323974609
2810,0.21052169799804688
2811,-1.5406041145324707
2812,0.3112192153930664
2813,-11.237594604492188
2814,-0.595858097076416
2815,0.29617881774902344
2816,2.042886734008789
2817,-3.4491753578186035
2818,0.5844936370849609
2819,-5.643735885620117
2820,-2.307018756866455
2821,0.6404914855957031
2822,-0.5148444175720215
2823,-3.8820602893829346
2824,0.47222328186035156
2825,-6.345840930938721
2826,-2.6697373390197754
2827,0.5525808334350586
2828,-0.8391513824462891
2829,-3.7209632396698
2830,0.36986255645751953
2831,-6.029439926147461
2832,-2.7955942153930664
2833,0.47348594665527344
2834,-1.532972812652588
2835,-3.6769113540649414
2836,0.3755807876586914
2837,-5.364963531494141
2838,-2.7041239738464355
2839,0.5049428939819336
2840,-1.2531218528747559
2841,1.6045594215393066
2842,1.274601936340332
2843,-8.271451950073242
2844,1.821300983428955
2845,1.1237668991088867
2846,0.21502304077148438
2847,-1.9580492973327637
2848,1.95184326171875
2849,-7.693683624267578
2850,-0.6831603050231934
2851,2.0075292587280273
2852,5.179112434387207
2853,-0.14139461517333984
2854,3.3305768966674805
2855,-3.0673270225524902
2856,0.3465285301208496
2857,3.2041196823120117
2858,10.838390350341797
2859,0.3527083396911621
2860,3.5475473403930664
2861,-2.511043071746826
2862,0.879265308380127
2863,3.4658823013305664
2864,11.42053508758545
2865,-1.3837323188781738
2866,3.776108741760254
2867,-2.277195453643799
2868,-0.35283708572387695
2869,3.6711950302124023
2870,11.8308744430542
2871,-0.615328311920166
2872,-1.986830711364746
2873,-6.425831317901611
2874,-0.35236120223999023
2875,-2.072720527648926
2876,-7.380240440368652
2877,-0.31230878829956055
2878,-2.063784599304199
2879,-7.380512237548828
2880,-0.27571630477905273
2881,-2.0534915924072266
2882,-7.381319999694824
2883,-0.3632349967956543
2884,-2.075815200805664
2885,-6.070828437805176
2886,-0.33314943313598633
2887,-2.0687122344970703
2888,-6.072582244873047
2889,-0.3024897575378418
2890,-2.064311981201172
2891,-6.072848320007324
2892,0.08013916015625
2893,-1.9155912399291992
2894,-9.6072998046875
2895,0.07975006103515625
2896,-1.9355592727661133
2897,-3.801100730895996
2898,-0.4833493232727051
2899,-1.8077154159545898
2900,-7.145493507385254
2901,-0.5200309753417969
2902,-1.8120746612548828
2903,-5.463286399841309
2904,0.1283893585205078
2905,-0.9721355438232422
2906,-12.4954833984375
2907,0.48510074615478516
2908,-1.0596256256103516
2909,0.27172279357910156
2910,-1.4985556602478027
2911,-0.3731842041015625
2912,-10.978105545043945
2913,-0.5906405448913574
2914,-0.5211238861083984
2915,4.894225120544434
2916,-1.925668716430664
2917,-0.8881673812866211
2918,-4.749495506286621
2919,-1.9391427040100098
2920,-0.7448339462280273
2921,6.996406555175781
2922,-2.0539917945861816
2923,-1.020604133605957
2924,-5.279804229736328
2925,-2.2084546089172363
2926,-0.7960290908813477
2927,7.575595855712891
2928,-1.8815007209777832
2929,-1.0831937789916992
2930,-5.433851718902588
2931,-2.190870761871338
2932,-0.892796516418457
2933,6.846098899841309
2934,-1.8130207061767578
2935,-1.0289363861083984
2936,-4.655636310577393
2937,-2.1607213020324707
2938,-0.8621273040771484
2939,6.704917907714844
2940,1.8012547492980957
2941,1.215407371520996
2942,-8.320348739624023
2943,1.7911009788513184
2944,1.122328758239746
2945,0.26465511322021484
2946,-1.713036060333252
2947,1.9430389404296875
2948,-7.215612411499023
2949,-0.6661190986633301
2950,2.0014963150024414
2951,4.899449348449707
2952,-0.12542963027954102
2953,3.3303041458129883
2954,-3.0203676223754883
2955,0.37501955032348633
2956,3.2127065658569336
2957,10.345877647399902
2958,0.35605573654174805
2959,3.5489683151245117
2960,-2.4757494926452637
2961,0.8986606597900391
2962,3.4691381454467773
2963,10.900769233703613
2964,-1.3791894912719727
2965,3.776179313659668
2966,-2.430612564086914
2967,-0.40095996856689453
2968,3.6780900955200195
2969,10.958066940307617
2970,0.22621488571166992
2971,-2.3466758728027344
2972,-6.457177639007568
2973,0.5037651062011719
2974,-2.4257946014404297
2975,-7.350671768188477
2976,0.5403842926025391
2977,-2.407125473022461
2978,-7.350669860839844
2979,0.5710153579711914
2980,-2.3980140686035156
2981,-7.351385116577148
2982,0.5022673606872559
2983,-2.4305477142333984
2984,-6.060335636138916
2985,0.5369343757629395
2986,-2.416330337524414
2987,-6.061248779296875
2988,0.5650010108947754
2989,-2.4131956100463867
2990,-6.060886383056641
2991,0.8381094932556152
2992,-2.2546281814575195
2993,-9.287186622619629
2994,0.8185896873474121
2995,-2.2878665924072266
2996,-3.5271589756011963
2997,0.2118239402770996
2998,-2.1828489303588867
2999,-7.104233741760254
3000,0.1910843849182129
3001,-2.189274787902832
3002,-5.433628082275391
3003,0.7552313804626465
3004,-1.4497385025024414
3005,-12.264732360839844
3006,0.9229016304016113
3007,-1.4616460800170898
3008,0.4699516296386719
3009,-0.8938822746276855
3010,-1.1493453979492188
3011,-16.477434158325195
3012,-0.2524271011352539
3013,-1.135645866394043
3014,7.5046539306640625
3015,-1.2418217658996582
3016,-1.4113540649414062
3017,-17.956369400024414
3018,-1.3047699928283691
3019,-1.390639305114746
3020,13.039340019226074
3021,-1.3412079811096191
3022,-1.4858789443969727
3023,-19.206270217895508
3024,-1.4521369934082031
3025,-1.4690542221069336
3026,14.378375053405762
3027,-1.237290382385254
3028,-1.495976448059082
3029,-18.816219329833984
3030,-1.509371280670166
3031,-1.5060949325561523
3032,13.628106117248535
3033,-1.205305576324463
3034,-1.4358243942260742
3035,-17.848224639892578
3036,-1.52484130859375
3037,-1.4643926620483398
3038,12.876646995544434
3039,1.783703327178955
3040,1.0211238861083984
3041,-8.316858291625977
3042,1.742743968963623
3043,0.9225378036499023
3044,0.2603912353515625
3045,-1.6564064025878906
3046,1.9191675186157227
3047,-7.324087619781494
3048,-0.6863784790039062
3049,1.8745546340942383
3050,4.244475364685059
3051,-0.1529684066772461
3052,3.329953193664551
3053,-4.040578842163086
3054,0.33722686767578125
3055,3.207522392272949
3056,8.974798202514648
3057,0.33830690383911133
3058,3.5723466873168945
3059,-3.5279364585876465
3060,0.7960095405578613
3061,3.4599084854125977
3062,9.43854808807373
3063,-1.4061131477355957
3064,3.7611265182495117
3065,-3.363825798034668
3066,-0.711174488067627
3067,3.643050193786621
3068,9.554938316345215
3069,0.8514847755432129
3070,-2.7448043823242188
3071,-6.428876876831055
3072,1.1808991432189941
3073,-2.7780799865722656
3074,-7.283376216888428
3075,1.2314515113830566
3076,-2.763660430908203
3077,-7.283270835876465
3078,1.2688984870910645
3079,-2.753774642944336
3080,-7.283209800720215
3081,1.124366283416748
3082,-2.7966060638427734
3083,-6.092903137207031
3084,1.1420025825500488
3085,-2.7928428649902344
3086,-6.093522548675537
3087,1.1559510231018066
3088,-2.7924861907958984
3089,-6.093618869781494
3090,1.4376492500305176
3091,-2.65689754486084
3092,-9.176918029785156
3093,1.5091395378112793
3094,-2.695002555847168
3095,-4.210717678070068
3096,0.9643445014953613
3097,-2.611983299255371
3098,-7.011360168457031
3099,0.9034242630004883
3100,-2.6298961639404297
3101,-5.492570877075195
3102,1.1384835243225098
3103,-1.8458452224731445
3104,-11.830058097839355
3105,1.6264538764953613
3106,-1.9338750839233398
3107,-0.6078860759735107
3108,-0.6211094856262207
3109,-1.6913442611694336
3110,-17.140438079833984
3111,0.33921241760253906
3112,-1.7191848754882812
3113,6.3679094314575195
3114,-0.9372057914733887
3115,-1.7176094055175781
3116,-21.588085174560547
3117,-0.5427365303039551
3118,-1.9011802673339844
3119,12.972678184509277
3120,-1.036158561706543
3121,-1.7512931823730469
3122,-23.16408920288086
3123,-0.4892144203186035
3124,-1.974287986755371
3125,14.3727445602417
3126,-0.9786725044250488
3127,-1.7780542373657227
3128,-22.754470825195312
3129,-0.5181927680969238
3130,-2.0023698806762695
3131,13.78470516204834
3132,-0.9511928558349609
3133,-1.7279863357543945
3134,-21.55661392211914
3135,-0.6803631782531738
3136,-1.96435546875
3137,12.949244499206543
3138,1.287797451019287
3139,0.5619077682495117
3140,-7.95539665222168
3141,1.7384333610534668
3142,0.4931306838989258
3143,-0.10724377632141113
3144,-1.5107231140136719
3145,1.8130216598510742
3146,-6.291892051696777
3147,-0.059487342834472656
3148,1.7520208358764648
3149,3.943671226501465
3150,-0.1532745361328125
3151,3.263880729675293
3152,-3.5698108673095703
3153,0.3351912498474121
3154,3.210270881652832
3155,6.98954963684082
3156,0.3417835235595703
3157,3.52211856842041
3158,-3.234405279159546
3159,0.7934365272521973
3160,3.49147891998291
3161,7.2666521072387695
3162,-1.4055981636047363
3163,3.7520227432250977
3164,-3.475752830505371
3165,-0.6958084106445312
3166,3.624751091003418
3167,6.246326446533203
3168,2.1015572547912598
3169,-3.2554845809936523
3170,-6.071825981140137
3171,2.498136043548584
3172,-3.273871421813965
3173,-6.649570465087891
3174,2.540733814239502
3175,-3.263005256652832
3176,-6.6514387130737305
3177,2.5736918449401855
3178,-3.2558183670043945
3179,-6.652591228485107
3180,2.283499240875244
3181,-3.277499198913574
3182,-5.582679748535156
3183,2.5294833183288574
3184,-3.2844018936157227
3185,-5.582736968994141
3186,2.5548014640808105
3187,-3.286113739013672
3188,-5.5828351974487305
3189,2.948214054107666
3190,-3.1410369873046875
3191,-7.911192893981934
3192,2.637237071990967
3193,-3.1208858489990234
3194,-3.210197925567627
3195,2.1205105781555176
3196,-3.041666030883789
3197,-6.470357894897461
3198,1.9161267280578613
3199,-3.0445737838745117
3200,-5.086639881134033
3201,2.177154064178467
3202,-2.27071475982666
3203,-10.5794095993042
3204,2.0797009468078613
3205,-2.174652099609375
3206,0.014777183532714844
3207,-0.20337390899658203
3208,-2.09719181060791
3209,-14.068474769592285
3210,0.25278615951538086
3211,-1.9845657348632812
3212,3.2457103729248047
3213,-1.459764003753662
3214,-2.6981325149536133
3215,-14.791587829589844
3216,-0.9583468437194824
3217,-2.5158615112304688
3218,1.7501392364501953
3219,-1.841628074645996
3220,-2.9916791915893555
3221,-16.066600799560547
3222,-0.9611854553222656
3223,-2.7241134643554688
3224,1.7399749755859375
3225,-1.4968018531799316
3226,-3.040133476257324
3227,-15.712814331054688
3228,-1.0213351249694824
3229,-2.827761650085449
3230,0.7437405586242676
3231,-1.406229019165039
3232,-2.942540168762207
3233,-14.683972358703613
3234,-1.0917258262634277
3235,-2.765000343322754
3236,1.2579669952392578
3237,1.0747580528259277
3238,0.03604316711425781
3239,-7.782052040100098
3240,1.0850672721862793
3241,0.008790969848632812
3242,-0.278228759765625
3243,-1.2746853828430176
3244,1.4519758224487305
3245,-7.536659240722656
3246,-0.33432435989379883
3247,1.5863122940063477
3248,0.6454300880432129
3249,-0.2122941017150879
3250,3.196272850036621
3251,-5.652829170227051
3252,0.21578693389892578
3253,3.11074161529541
3254,3.1281862258911133
3255,0.32318782806396484
3256,3.4559106826782227
3257,-5.458763599395752
3258,0.7432050704956055
3259,3.401127815246582
3260,3.301379680633545
3261,-1.5292153358459473
3262,3.751275062561035
3263,-7.089348316192627
3264,-0.941277027130127
3265,3.614132881164551
3266,1.625047206878662
3267,5.887380123138428
3268,-3.514906883239746
3269,-3.9807662963867188
3270,6.295468807220459
3271,-3.4794845581054688
3272,-4.74428653717041
3273,6.316336154937744
3274,-3.4614858627319336
3275,-4.74592924118042
3276,6.333567142486572
3277,-3.4426965713500977
3278,-4.74688720703125
3279,6.293242931365967
3280,-3.470273017883301
3281,-3.6810898780822754
3282,6.295297145843506
3283,-3.4532222747802734
3284,-3.681664228439331
3285,6.298971652984619
3286,-3.4360580444335938
3287,-3.6874372959136963
3288,5.972792148590088
3289,-3.2218170166015625
3290,-6.689176559448242
3291,5.970569133758545
3292,-3.27639102935791
3293,-1.9648406505584717
3294,5.258708477020264
3295,-3.2663936614990234
3296,-4.537883281707764
3297,5.253634929656982
3298,-3.2951974868774414
3299,-3.1853103637695312
3300,4.741604328155518
3301,-2.8148670196533203
3302,-9.300374031066895
3303,4.6821770668029785
3304,-2.6958322525024414
3305,1.0112833976745605
3306,2.4537529945373535
3307,-2.3202438354492188
3308,-10.725656509399414
3309,1.9065794944763184
3310,-2.560854911804199
3311,1.7855463027954102
3312,1.5657763481140137
3313,-2.765139579772949
3314,-10.543487548828125
3315,0.6094002723693848
3316,-2.6735334396362305
3317,-0.16560029983520508
3318,1.514122486114502
3319,-2.8657026290893555
3320,-11.506938934326172
3321,0.38468074798583984
3322,-2.682222366333008
3323,0.14380931854248047
3324,1.7451214790344238
3325,-2.914280891418457
3326,-10.65824031829834
3327,0.4911651611328125
3328,-2.7667236328125
3329,-0.7984344959259033
3330,1.7194838523864746
3331,-2.855893135070801
3332,-10.207452774047852
3333,0.5042052268981934
3334,-2.7525949478149414
3335,-0.5866944789886475
3336,0.20366811752319336
3337,-0.9102201461791992
3338,-7.6507792472839355
3339,0.1918792724609375
3340,-0.928009033203125
3341,-0.4141254425048828
3342,-2.338939666748047
3343,-0.03073406219482422
3344,-8.869227409362793
3345,-2.7552566528320312
3346,0.05563068389892578
3347,0.6188640594482422
3348,-5.193093299865723
3349,1.060929298400879
3350,-6.13523530960083
3351,-4.6840500831604
3352,1.288010597229004
3353,3.8408570289611816
3354,-5.257083415985107
3355,1.2666730880737305
3356,-5.836034774780273
3357,-4.717135429382324
3358,1.5137920379638672
3359,4.203251838684082
3360,-6.680474281311035
3361,1.3469343185424805
3362,-7.672313213348389
3363,-6.05225944519043
3364,1.5764894485473633
3365,3.388791561126709
3366,6.02453088760376
3367,-3.514431953430176
3368,-5.211202144622803
3369,6.40155553817749
3370,-3.4761505126953125
3371,-5.951320648193359
3372,6.435384273529053
3373,-3.454422950744629
3374,-5.954653739929199
3375,6.454898357391357
3376,-3.436737060546875
3377,-5.958003997802734
3378,6.4197468757629395
3379,-3.470198631286621
3380,-4.614482879638672
3381,6.466602802276611
3382,-3.4518871307373047
3383,-4.615532398223877
3384,6.498383045196533
3385,-3.435457229614258
3386,-4.6179609298706055
3387,6.433660984039307
3388,-3.227325439453125
3389,-8.048974990844727
3390,6.481587886810303
3391,-3.275054931640625
3392,-2.114574909210205
3393,5.734361171722412
3394,-3.3158464431762695
3395,-5.869844436645508
3396,5.734867572784424
3397,-3.3361244201660156
3398,-4.150318622589111
3399,4.85931921005249
3400,-2.798603057861328
3401,-11.644610404968262
3402,4.9061598777771
3403,-2.732929229736328
3404,1.3134193420410156
3405,2.320340633392334
3406,-2.280146598815918
3407,-13.539572715759277
3408,2.1204724311828613
3409,-2.6155691146850586
3410,3.5642995834350586
3411,-0.0669713020324707
3412,-2.8803253173828125
3413,-13.240461349487305
3414,0.04821062088012695
3415,-3.0313720703125
3416,1.682976245880127
3417,-1.084035873413086
3418,-3.006800651550293
3419,-14.678378105163574
3420,-0.3450584411621094
3421,-3.172883987426758
3422,1.991776466369629
3423,-1.0211210250854492
3424,-3.1057968139648438
3425,-13.864241600036621
3426,-0.38963747024536133
3427,-3.2612533569335938
3428,0.48916196823120117
3429,-0.5729494094848633
3430,-3.0792884826660156
3431,-12.86709976196289
3432,-0.30927562713623047
3433,-3.180156707763672
3434,0.9886407852172852
3435,0.5922307968139648
3436,-1.103602409362793
3437,-7.93831729888916
3438,0.8872065544128418
3439,-1.1572856903076172
3440,-0.12501120567321777
3441,-2.5272860527038574
3442,-0.6108732223510742
3443,-8.033285140991211
3444,-2.322396755218506
3445,-0.5957012176513672
3446,3.7237205505371094
3447,-2.6205763816833496
3448,0.9424810409545898
3449,-2.2943673133850098
3450,-2.419724464416504
3451,0.8696308135986328
3452,7.780713081359863
3453,-1.9756312370300293
3454,1.1441001892089844
3455,-1.4716696739196777
3456,-2.2242932319641113
3457,1.068777084350586
3458,8.295074462890625
3459,-3.517092227935791
3460,1.4331064224243164
3461,-0.6248869895935059
3462,-3.1427078247070312
3463,1.190460205078125
3464,8.64642333984375
3465,6.69568395614624
3466,-3.480719566345215
3467,-6.337639331817627
3468,7.123306751251221
3469,-3.394375801086426
3470,-7.067808151245117
3471,7.155930042266846
3472,-3.358297348022461
3473,-7.070345878601074
3474,7.161194324493408
3475,-3.3396167755126953
3476,-7.072441101074219
3477,7.1401286125183105
3478,-3.4002342224121094
3479,-5.7826995849609375
3480,7.19492769241333
3481,-3.3692493438720703
3482,-5.7830586433410645
3483,7.2187581062316895
3484,-3.3543806076049805
3485,-5.785511016845703
3486,7.081326007843018
3487,-3.1455793380737305
3488,-9.077777862548828
3489,7.131354808807373
3490,-3.1792097091674805
3491,-3.2802436351776123
3492,6.3837809562683105
3493,-3.318020820617676
3494,-6.978903770446777
3495,6.369612216949463
3496,-3.3365345001220703
3497,-5.311409950256348
3498,5.081343173980713
3499,-2.7165908813476562
3500,-12.030752182006836
3501,5.295504093170166
3502,-2.730801582336426
3503,0.3744950294494629
3504,2.3286404609680176
3505,-2.2875051498413086
3506,-12.939705848693848
3507,2.254477024078369
3508,-2.5441761016845703
3509,1.8660964965820312
3510,-0.2586641311645508
3511,-2.9113922119140625
3512,-12.738866806030273
3513,-0.23209238052368164
3514,-2.974635124206543
3515,0.2557048797607422
3516,-1.0309333801269531
3517,-3.010603904724121
3518,-13.967652320861816
3519,-0.656761646270752
3520,-3.1352367401123047
3521,0.6717085838317871
3522,-1.0346145629882812
3523,-3.0916576385498047
3524,-12.755878448486328
3525,-0.7687292098999023
3526,-3.2166624069213867
3527,-0.8540012836456299
3528,-0.6406083106994629
3529,-3.0931596755981445
3530,-12.196574211120605
3531,-0.6502714157104492
3532,-3.0844879150390625
3533,-0.4249563217163086
3534,0.963803768157959
3535,-1.0905027389526367
3536,-7.921799659729004
3537,1.2411656379699707
3538,-1.2038946151733398
3539,-0.13632965087890625
3540,-2.3116002082824707
3541,-1.7107839584350586
3542,-8.18903923034668
3543,-0.9917359352111816
3544,-1.9605836868286133
3545,4.132464408874512
3546,-1.4764280319213867
3547,-1.1122665405273438
3548,-1.1529788970947266
3549,-1.71882963180542
3550,-1.712733268737793
3551,6.816040992736816
3552,-1.1012730598449707
3553,-0.9158620834350586
3554,-0.24493050575256348
3555,-1.824601650238037
3556,-1.588088035583496
3557,7.194361686706543
3558,-1.483609676361084
3559,-1.332179069519043
3560,1.827721118927002
3561,-2.0053277015686035
3562,-2.081671714782715
3563,8.355220794677734
3564,7.27136754989624
3565,-3.409945487976074
3566,-8.144136428833008
3567,7.557722568511963
3568,-3.2866268157958984
3569,-8.822529792785645
3570,7.55153226852417
3571,-3.2570199966430664
3572,-8.82249927520752
3573,7.522312641143799
3574,-3.2291431427001953
3575,-8.822675704956055
3576,7.56488561630249
3577,-3.3020505905151367
3578,-7.641162872314453
3579,7.567745685577393
3580,-3.282046318054199
3581,-7.6429595947265625
3582,7.563772678375244
3583,-3.2678842544555664
3584,-7.644557476043701
3585,7.3264336585998535
3586,-3.0022830963134766
3587,-10.40932846069336
3588,7.401305675506592
3589,-3.048068046569824
3590,-5.154186248779297
3591,6.8520283699035645
3592,-3.292607307434082
3593,-8.657621383666992
3594,6.844564914703369
3595,-3.304859161376953
3596,-7.143446922302246
3597,5.316502094268799
3598,-2.5328006744384766
3599,-12.97679328918457
3600,5.625011920928955
3601,-2.7346363067626953
3602,-1.6170752048492432
3603,2.3315091133117676
3604,-2.2489356994628906
3605,-13.75307559967041
3606,2.547417163848877
3607,-2.620194435119629
3608,-0.55130934715271
3609,-0.19851207733154297
3610,-2.891317367553711
3611,-12.567899703979492
3612,-0.2832198143005371
3613,-3.0283985137939453
3614,-2.21799373626709
3615,-0.9003987312316895
3616,-2.9258346557617188
3617,-13.75137996673584
3618,-0.761927604675293
3619,-3.199366569519043
3620,-2.0850744247436523
3621,-0.8821334838867188
3622,-2.9770126342773438
3623,-13.294817924499512
3624,-0.912529468536377
3625,-3.196178436279297
3626,-3.3785271644592285
3627,-0.687314510345459
3628,-2.950441360473633
3629,-12.365877151489258
3630,-0.7735629081726074
3631,-3.0832605361938477
3632,-2.817075490951538
3633,1.3054680824279785
3634,-1.077864646911621
3635,-7.912666320800781
3636,1.6424317359924316
3637,-1.317570686340332
3638,-0.14771533012390137
3639,-1.1526765823364258
3640,-2.6945247650146484
3641,-8.988794326782227
3642,-0.5303163528442383
3643,-2.8036746978759766
3644,1.8799219131469727
3645,-1.9675846099853516
3646,-1.392380714416504
3647,-2.0635862350463867
3648,-1.6869206428527832
3649,-1.466792106628418
3650,3.6676793098449707
3651,-1.886329174041748
3652,-1.101700782775879
3653,-1.1956093311309814
3654,-1.6658916473388672
3655,-1.2462739944458008
3656,3.833376407623291
3657,-2.8228049278259277
3658,-1.3614177703857422
3659,1.0977668762207031
3660,-2.4970240592956543
3661,-1.4769878387451172
3662,5.208081245422363
3663,7.409639835357666
3664,-3.184311866760254
3665,-9.259796142578125
3666,7.703705310821533
3667,-3.044464111328125
3668,-9.877256393432617
3669,7.724636554718018
3670,-2.9865026473999023
3671,-9.877187728881836
3672,7.714492321014404
3673,-2.946176528930664
3674,-9.877553939819336
3675,7.715735912322998
3676,-3.0838260650634766
3677,-8.753122329711914
3678,7.712169170379639
3679,-3.0725889205932617
3680,-8.755250930786133
3681,7.705176830291748
3682,-3.0631542205810547
3683,-8.756671905517578
3684,7.435391902923584
3685,-2.7115478515625
3686,-10.977849960327148
3687,7.554657459259033
3688,-2.8519887924194336
3689,-5.936509132385254
3690,7.052823543548584
3691,-3.073378562927246
3692,-9.59738826751709
3693,7.05496072769165
3694,-3.108536720275879
3695,-8.137271881103516
3696,5.3080973625183105
3697,-2.3350067138671875
3698,-13.300566673278809
3699,5.818541049957275
3700,-2.6820831298828125
3701,-1.9724369049072266
3702,2.368093967437744
3703,-2.2506608963012695
3704,-13.694828987121582
3705,3.097862720489502
3706,-2.6186304092407227
3707,-0.5519378185272217
3708,0.044475555419921875
3709,-2.9639387130737305
3710,-12.174149513244629
3711,0.7176265716552734
3712,-3.0533447265625
3713,-2.5300254821777344
3714,-0.6335282325744629
3715,-2.9808387756347656
3716,-13.179884910583496
3717,0.38452720642089844
3718,-3.1695451736450195
3719,-2.3068575859069824
3720,-0.4700355529785156
3721,-3.1164045333862305
3722,-12.941139221191406
3723,0.2637763023376465
3724,-3.2462549209594727
3725,-3.5947189331054688
3726,-0.6258735656738281
3727,-3.0726919174194336
3728,-12.312849998474121
3729,0.477083683013916
3730,-3.1512746810913086
3731,-3.113239288330078
3732,1.487795352935791
3733,-1.0703163146972656
3734,-7.897905349731445
3735,1.942436695098877
3736,-1.3320674896240234
3737,-0.16094112396240234
3738,0.2870936393737793
3739,-2.9483823776245117
3740,-9.326118469238281
3741,1.1363654136657715
3742,-2.967212677001953
3743,1.121096134185791
3744,-2.6032872200012207
3745,-2.315095901489258
3746,-5.168339729309082
3747,-2.245300769805908
3748,-2.4768457412719727
3749,2.53548526763916
3750,-2.135714530944824
3751,-2.0297069549560547
3752,-4.721338272094727
3753,-2.1844115257263184
3754,-2.2356767654418945
3755,2.6100029945373535
3756,-3.5621156692504883
3757,-2.9861831665039062
3758,-4.329089164733887
3759,-3.225475311279297
3760,-3.033553123474121
3761,2.556682586669922
3762,7.642061710357666
3763,-2.9232873916625977
3764,-6.988584518432617
3765,7.895619869232178
3766,-2.773503303527832
3767,-7.4818525314331055
3768,7.888373851776123
3769,-2.7059669494628906
3770,-7.482848644256592
3771,7.8759026527404785
3772,-2.6626510620117188
3773,-7.484007358551025
3774,7.895046710968018
3775,-2.7959461212158203
3776,-6.445964336395264
3777,7.881899356842041
3778,-2.7741432189941406
3779,-6.4480881690979
3780,7.8923563957214355
3781,-2.729306221008301
3782,-6.44696569442749
3783,7.56482458114624
3784,-2.413249969482422
3785,-8.452230453491211
3786,7.632994174957275
3787,-2.5078792572021484
3788,-3.663848400115967
3789,7.267971515655518
3790,-2.8378238677978516
3791,-7.3544464111328125
3792,7.296154499053955
3793,-2.869126319885254
3794,-5.988489151000977
3795,5.352206707000732
3796,-2.09613037109375
3797,-10.933748245239258
3798,5.679052829742432
3799,-2.400517463684082
3800,-0.5308868885040283
3801,2.572838306427002
3802,-2.2496681213378906
3803,-10.603052139282227
3804,3.113110065460205
3805,-2.526582717895508
3806,0.45337677001953125
3807,0.9188361167907715
3808,-2.9893102645874023
3809,-7.736110687255859
3810,1.356132984161377
3811,-3.0147628784179688
3812,-1.9840717315673828
3813,0.5319604873657227
3814,-2.998239517211914
3815,-8.60651969909668
3816,1.1886372566223145
3817,-3.123493194580078
3818,-1.7738392353057861
3819,0.900393009185791
3820,-3.11737060546875
3821,-8.355422973632812
3822,1.2431674003601074
3823,-3.1944847106933594
3824,-3.541942834854126
3825,0.8883414268493652
3826,-3.0763959884643555
3827,-7.629936218261719
3828,1.277418613433838
3829,-3.1083011627197266
3830,-2.5430641174316406
3831,1.4745755195617676
3832,-1.0661096572875977
3833,-7.706336975097656
3834,1.722517490386963
3835,-1.2963647842407227
3836,-0.34909534454345703
3837,1.1602520942687988
3838,-3.0303449630737305
3839,-8.627010345458984
3840,1.857363224029541
3841,-3.10892391204834
3842,-0.18991446495056152
3843,-2.5586042404174805
3844,-2.901249885559082
3845,-5.1633076667785645
3846,-2.2454428672790527
3847,-2.965229034423828
3848,1.4613432884216309
3849,-2.445065498352051
3850,-2.635931968688965
3851,-4.7959771156311035
3852,-2.5180840492248535
3853,-2.7602596282958984
3854,1.5336928367614746
3855,-3.2554478645324707
3856,-3.663680076599121
3857,-5.1242995262146
3858,-3.129960060119629
3859,-3.6521644592285156
3860,0.756950855255127
3861,7.807730197906494
3862,-2.4073705673217773
3863,-4.945670127868652
3864,8.055341720581055
3865,-2.148005485534668
3866,-5.483948230743408
3867,8.023443222045898
3868,-2.1221847534179688
3869,-5.485407829284668
3870,7.983353137969971
3871,-2.102358818054199
3872,-5.487050533294678
3873,8.045454025268555
3874,-2.147963523864746
3875,-4.49071741104126
3876,8.011175155639648
3877,-2.123581886291504
3878,-4.492818355560303
3879,7.97953462600708
3880,-2.104248046875
3881,-4.493776798248291
3882,7.567821979522705
3883,-1.9145212173461914
3884,-6.656358242034912
3885,7.633470058441162
3886,-1.9790019989013672
3887,-2.177402973175049
3888,7.474172115325928
3889,-2.363180160522461
3890,-5.369386196136475
3891,7.46913480758667
3892,-2.3618955612182617
3893,-4.07612943649292
3894,5.449569225311279
3895,-1.8815784454345703
3896,-9.316690444946289
3897,5.6036763191223145
3898,-2.0836362838745117
3899,0.8362984657287598
3900,2.6737380027770996
3901,-2.0344133377075195
3902,-8.694589614868164
3903,3.331817150115967
3904,-2.3697643280029297
3905,2.042769432067871
3906,1.5301356315612793
3907,-2.886453628540039
3908,-5.2905731201171875
3909,2.050550937652588
3910,-2.999844551086426
3911,0.4659538269042969
3912,1.181145191192627
3913,-2.994696617126465
3914,-5.905437469482422
3915,1.890474796295166
3916,-3.0989599227905273
3917,0.6414470672607422
3918,1.502673625946045
3919,-3.1032304763793945
3920,-5.592188835144043
3921,1.9725098609924316
3922,-3.16586971282959
3923,-0.43441295623779297
3924,1.6075778007507324
3925,-3.0425844192504883
3926,-5.1069207191467285
3927,2.017334461212158
3928,-3.087517738342285
3929,-0.03742814064025879
3930,1.422966480255127
3931,-1.0294408798217773
3932,-7.5180983543396
3933,1.6385951042175293
3934,-1.2822608947753906
3935,-0.5382146835327148
3936,2.261319637298584
3937,-3.0975990295410156
3938,-8.30483341217041
3939,2.7144293785095215
3940,-3.1701574325561523
3941,-0.6363327503204346
3942,-1.5451045036315918
3943,-3.3841075897216797
3944,-5.768132209777832
3945,-1.3830060958862305
3946,-3.3849239349365234
3947,0.24462080001831055
3948,-2.2182793617248535
3949,-3.2196664810180664
3950,-5.50716495513916
3951,-1.9931821823120117
3952,-3.2467565536499023
3953,0.2261824607849121
3954,-1.7994260787963867
3955,-4.186647415161133
3956,-6.258838176727295
3957,-2.0356202125549316
3958,-3.98846435546875
3959,-0.7950649261474609
3960,7.792944431304932
3961,-1.6153688430786133
3962,-5.329228401184082
3963,7.947551250457764
3964,-1.4394617080688477
3965,-5.823342323303223
3966,7.86722993850708
3967,-1.404149055480957
3968,-5.824056625366211
3969,7.835916042327881
3970,-1.3878974914550781
3971,-5.824717044830322
3972,7.9177680015563965
3973,-1.4569644927978516
3974,-4.9068756103515625
3975,7.878773212432861
3976,-1.449441909790039
3977,-4.908503532409668
3978,7.805715084075928
3979,-1.434992790222168
3980,-4.911009311676025
3981,7.453373432159424
3982,-1.3026390075683594
3983,-6.729772090911865
3984,7.493361949920654
3985,-1.373173713684082
3986,-3.592808246612549
3987,7.328857898712158
3988,-1.6044578552246094
3989,-5.668899059295654
3990,7.307920932769775
3991,-1.6298961639404297
3992,-4.307816505432129
3993,5.594048023223877
3994,-1.5562238693237305
3995,-8.681122779846191
3996,5.52587366104126
3997,-1.7525033950805664
3998,-1.1057193279266357
3999,3.2807602882385254
4000,-1.8464975357055664
4001,-7.256215572357178
4002,3.347233295440674
4003,-2.249523162841797
4004,0.1236577033996582
4005,3.1669631004333496
4006,-2.615523338317871
4007,-3.7432734966278076
4008,2.9565072059631348
4009,-2.9035778045654297
4010,-0.5606987476348877
4011,3.0748133659362793
4012,-2.785885810852051
4013,-4.009147644042969
4014,2.8924546241760254
4015,-3.006908416748047
4016,-0.3306882381439209
4017,3.3617024421691895
4018,-2.785045623779297
4019,-3.8376097679138184
4020,3.0603203773498535
4021,-3.0392532348632812
4022,-0.9796974658966064
4023,3.4026103019714355
4024,-2.7175397872924805
4025,-3.565601348876953
4026,3.0916333198547363
4027,-3.0048398971557617
4028,-0.8744325637817383
4029,1.3824610710144043
4030,-1.029806137084961
4031,-6.60809850692749
4032,1.5554862022399902
4033,-1.2613019943237305
4034,-1.4458656311035156
4035,3.3446125984191895
4036,-2.6167497634887695
4037,-7.268181800842285
4038,3.2692160606384277
4039,-2.7028274536132812
4040,-0.40957093238830566
4041,1.7612338066101074
4042,-3.119068145751953
4043,-5.2895894050598145
4044,1.6356720924377441
4045,-3.1013689041137695
4046,0.11588716506958008
4047,1.2672219276428223
4048,-3.099806785583496
4049,-4.966241359710693
4050,1.2736411094665527
4051,-3.08480167388916
4052,0.13787221908569336
4053,2.3429245948791504
4054,-3.5820045471191406
4055,-5.225170135498047
4056,1.8168139457702637
4057,-3.4687929153442383
4058,-0.09773015975952148
4059,7.6963324546813965
4060,-1.5394983291625977
4061,-4.261727333068848
4062,7.839386463165283
4063,-1.451552391052246
4064,-4.7519354820251465
4065,7.791586399078369
4066,-1.4356861114501953
4067,-4.752109527587891
4068,7.763796329498291
4069,-1.4212474822998047
4070,-4.7524518966674805
4071,7.846108913421631
4072,-1.3963098526000977
4073,-4.05961275100708
4074,7.819058895111084
4075,-1.3829011917114258
4076,-4.06117582321167
4077,7.781022548675537
4078,-1.3721733093261719
4079,-4.062568664550781
4080,7.474043369293213
4081,-1.2398185729980469
4082,-5.757596015930176
4083,7.489481449127197
4084,-1.2878360748291016
4085,-2.8224573135375977
4086,7.255591869354248
4087,-1.5089960098266602
4088,-4.590085029602051
4089,7.250870227813721
4090,-1.5274524688720703
4091,-3.6740996837615967
4092,5.672214984893799
4093,-1.4140386581420898
4094,-7.952316761016846
4095,5.626509189605713
4096,-1.5596885681152344
4097,-0.45046257972717285
4098,3.3410658836364746
4099,-1.836195945739746
4100,-6.777713298797607
4101,3.8031668663024902
4102,-2.172621726989746
4103,1.157435417175293
4104,3.129906177520752
4105,-2.5960426330566406
4106,-3.163097381591797
4107,3.4028401374816895
4108,-2.815816879272461
4109,0.7805299758911133
4110,2.987039089202881
4111,-2.7698745727539062
4112,-3.3544294834136963
4113,3.2990355491638184
4114,-2.9569387435913086
4115,1.0126123428344727
4116,3.2901225090026855
4117,-2.7569799423217773
4118,-3.146909236907959
4119,3.4701695442199707
4120,-2.9856557846069336
4121,0.27485227584838867
4122,3.363132953643799
4123,-2.687497138977051
4124,-2.9785141944885254
4125,3.509228229522705
4126,-2.9548521041870117
4127,0.43394041061401367
4128,1.3583455085754395
4129,-1.0929689407348633
4130,-6.78366756439209
4131,1.514976978302002
4132,-1.2495002746582031
4133,-1.274475336074829
4134,3.304687976837158
4135,-2.88570499420166
4136,-7.5975847244262695
4137,3.2245993614196777
4138,-2.7716197967529297
4139,-0.4767019748687744
4140,0.1523270606994629
4141,-3.521848678588867
4142,-5.6723103523254395
4143,0.42206907272338867
4144,-3.4877538681030273
4145,-0.06603837013244629
4146,-0.4678511619567871
4147,-3.442312240600586
4148,-5.408396244049072
4149,-0.11487054824829102
4150,-3.436783790588379
4151,-0.08129668235778809
4152,0.04913616180419922
4153,-4.132739067077637
4154,-5.185020446777344
4155,0.16691970825195312
4156,-4.09267520904541
4157,-0.252521276473999
4158,5.421750545501709
4159,-1.8976659774780273
4160,2.1047396659851074
4161,5.9036736488342285
4162,-1.974472999572754
4163,2.3025450706481934
4164,5.889980792999268
4165,-1.959977149963379
4166,2.3013195991516113
4167,5.880911350250244
4168,-1.9459924697875977
4169,2.2992067337036133
4170,5.925617694854736
4171,-1.96661376953125
4172,1.8835210800170898
4173,5.928673267364502
4174,-1.9590625762939453
4175,1.8821086883544922
4176,5.931544780731201
4177,-1.9492816925048828
4178,1.87437105178833
4179,5.7142252922058105
4180,-1.7608661651611328
4181,2.6545472145080566
4182,6.001478672027588
4183,-1.5411405563354492
4184,0.8360881805419922
4185,5.260391712188721
4186,-1.9069290161132812
4187,2.2385177612304688
4188,5.317551136016846
4189,-1.9347057342529297
4190,1.7080121040344238
4191,4.732783794403076
4192,-2.087503433227539
4193,2.2731409072875977
4194,5.555078983306885
4195,-1.5732402801513672
4196,-1.4592711925506592
4197,3.6438565254211426
4198,-1.8982133865356445
4199,1.3454179763793945
4200,3.988497257232666
4201,-2.384209632873535
4202,-3.38952898979187
4203,3.4453063011169434
4204,-1.6260452270507812
4205,0.29210472106933594
4206,2.5904297828674316
4207,-2.663233757019043
4208,-3.723580837249756
4209,3.3669486045837402
4210,-1.53692626953125
4211,0.18998241424560547
4212,2.337977886199951
4213,-2.723637580871582
4214,-3.5160157680511475
4215,3.4870266914367676
4216,-1.5173234939575195
4217,0.30694150924682617
4218,2.45430326461792
4219,-2.6463375091552734
4220,-3.560870409011841
4221,3.503203868865967
4222,-1.541325569152832
4223,0.2455615997314453
4224,2.4915452003479004
4225,-2.627753257751465
4226,-3.706159830093384
4227,1.2852692604064941
4228,-2.0552148818969727
4229,-2.454784870147705
4230,1.6051936149597168
4231,-1.88983154296875
4232,-5.63335657119751
4233,3.882032871246338
4234,-1.3178997039794922
4235,0.4371633529663086
4236,4.27321195602417
4237,-0.9832906723022461
4238,-4.679994583129883
4239,3.481672763824463
4240,-1.7144317626953125
4241,-2.719841480255127
4242,3.5986580848693848
4243,-1.6951971054077148
4244,-3.8519480228424072
4245,3.264899730682373
4246,-2.007200241088867
4247,-3.1046741008758545
4248,3.268735408782959
4249,-2.203794479370117
4250,-3.5874037742614746
4251,3.7850241661071777
4252,-1.5014419555664062
4253,-2.771493911743164
4254,3.861133098602295
4255,-1.3396520614624023
4256,-2.141589879989624
4257,5.385350704193115
4258,-2.1158876419067383
4259,2.4639668464660645
4260,5.841305255889893
4261,-2.1443653106689453
4262,2.960054874420166
4263,5.821768283843994
4264,-2.1291379928588867
4265,2.9578700065612793
4266,5.808591365814209
4267,-2.114201545715332
4268,2.95432186126709
4269,5.87204122543335
4270,-2.148834228515625
4271,2.5667638778686523
4272,5.870046138763428
4273,-2.135361671447754
4274,2.565659999847412
4275,5.8708176612854
4276,-2.115877151489258
4277,2.558683395385742
4278,5.5945305824279785
4279,-1.8548851013183594
4280,4.868509292602539
4281,5.782049655914307
4282,-1.9988336563110352
4283,3.1675567626953125
4284,5.182446002960205
4285,-2.0673446655273438
4286,3.1772003173828125
4287,5.196507930755615
4288,-2.136587142944336
4289,2.6826419830322266
4290,4.585082530975342
4291,-1.94537353515625
4292,5.462045669555664
4293,5.423903942108154
4294,-2.474123001098633
4295,0.49127864837646484
4296,3.918835163116455
4297,-1.4352645874023438
4298,3.5080127716064453
4299,3.8261561393737793
4300,-2.9797115325927734
4301,-3.449462652206421
4302,4.178577899932861
4303,-0.6939306259155273
4304,-0.020129680633544922
4305,2.2844414710998535
4306,-2.8380441665649414
4307,-7.339747428894043
4308,4.212228298187256
4309,-0.47305965423583984
4310,-0.22571706771850586
4311,2.251513957977295
4312,-2.831869125366211
4313,-7.758913516998291
4314,4.328624248504639
4315,-0.4370889663696289
4316,-0.5545461177825928
4317,2.3833327293395996
4318,-2.738003730773926
4319,-7.768490791320801
4320,4.28692102432251
4321,-0.5165071487426758
4322,-0.3240797519683838
4323,2.275068759918213
4324,-2.704941749572754
4325,-7.371608734130859
4326,1.301741123199463
4327,-1.868454933166504
4328,-2.0068018436431885
4329,1.6465458869934082
4330,-2.1916141510009766
4331,-6.077943801879883
4332,4.021712779998779
4333,-0.6765966415405273
4334,-0.9616470336914062
4335,4.476597309112549
4336,-1.4072942733764648
4337,-7.570249080657959
4338,2.7439675331115723
4339,-1.3377246856689453
4340,-3.496896743774414
4341,3.1597037315368652
4342,-1.463653564453125
4343,-6.347878456115723
4344,2.4781088829040527
4345,-1.5533418655395508
4346,-3.2285711765289307
4347,2.6963400840759277
4348,-1.662318229675293
4349,-6.14440393447876
4350,2.8479886054992676
4351,-1.2803897857666016
4352,-3.9245545864105225
4353,3.581298351287842
4354,-1.0528345108032227
4355,-6.012973308563232
4356,4.946168422698975
4357,0.6355428695678711
4358,-0.0128936767578125
4359,4.7364068031311035
4360,0.7724285125732422
4361,-0.558638334274292
4362,4.671777248382568
4363,0.7796363830566406
4364,-0.5619194507598877
4365,4.606766223907471
4366,0.786067008972168
4367,-0.5650568008422852
4368,4.776623249053955
4369,0.751683235168457
4370,0.5547580718994141
4371,4.756876468658447
4372,0.7390956878662109
4373,0.5531373023986816
4374,4.7347187995910645
4375,0.7263898849487305
4376,0.5497097969055176
4377,4.418323040008545
4378,0.8406286239624023
4379,-2.004579544067383
4380,4.387856960296631
4381,0.6198215484619141
4382,3.124448776245117
4383,4.831536769866943
4384,0.5556392669677734
4385,-0.5273892879486084
4386,4.878292560577393
4387,0.4424619674682617
4388,0.941413402557373
4389,3.8588223457336426
4390,0.11538124084472656
4391,-5.687397003173828
4392,4.230746746063232
4393,-0.27146148681640625
4394,6.183356285095215
4395,2.512382984161377
4396,-0.4214010238647461
4397,-8.483503341674805
4398,4.112596035003662
4399,-1.1646203994750977
4400,6.200127601623535
4401,3.4354405403137207
4402,-0.5395917892456055
4403,-7.496405601501465
4404,5.677093029022217
4405,-1.5345001220703125
4406,2.776144027709961
4407,3.621555805206299
4408,-0.617889404296875
4409,-7.932050704956055
4410,5.93828821182251
4411,-1.6888132095336914
4412,3.4131531715393066
4413,3.748800754547119
4414,-0.5298347473144531
4415,-7.312529563903809
4416,6.252379894256592
4417,-1.6356916427612305
4418,2.2971739768981934
4419,3.6977553367614746
4420,-0.5169076919555664
4421,-7.174201965332031
4422,6.183338642120361
4423,-1.5819158554077148
4424,2.2347307205200195
4425,1.82912015914917
4426,-2.0766382217407227
4427,-8.227081298828125
4428,2.2273049354553223
4429,-2.202737808227539
4430,0.1678166389465332
4431,5.203524112701416
4432,-1.2039508819580078
4433,-9.886281967163086
4434,6.423608303070068
4435,-1.4645214080810547
4436,-1.9273109436035156
4437,7.4737772941589355
4438,-2.458110809326172
4439,-10.883953094482422
4440,8.642274856567383
4441,-2.8824052810668945
4442,-8.510784149169922
4443,7.48779821395874
4444,-2.748164176940918
4445,-11.076364517211914
4446,8.48687744140625
4447,-3.280241012573242
4448,-9.402741432189941
4449,9.438203811645508
4450,-2.3438520431518555
4451,-12.040166854858398
4452,9.781862258911133
4453,-2.6345996856689453
4454,-11.085744857788086
4455,2.840745449066162
4456,0.6651830673217773
4457,-9.161090850830078
4458,2.724979877471924
4459,0.7730369567871094
4460,-8.893226623535156
4461,2.7312512397766113
4462,0.7785778045654297
4463,-8.894281387329102
4464,2.7351412773132324
4465,0.7798385620117188
4466,-8.893205642700195
4467,2.8142971992492676
4468,0.773585319519043
4469,-9.77641487121582
4470,2.8908886909484863
4471,0.7775411605834961
4472,-9.780625343322754
4473,2.966526508331299
4474,0.7836227416992188
4475,-9.785802841186523
4476,3.2515358924865723
4477,0.8681087493896484
4478,-7.14375114440918
4479,3.338230609893799
4480,0.8930091857910156
4481,-11.226615905761719
4482,3.229740619659424
4483,0.5549745559692383
4484,-8.374119758605957
4485,3.347221851348877
4486,0.5349159240722656
4487,-9.563024520874023
4488,3.9256253242492676
4489,0.11411285400390625
4490,-6.058109760284424
4491,4.867660045623779
4492,-0.15181255340576172
4493,-10.627616882324219
4494,4.343770503997803
4495,-1.075575828552246
4496,-4.751562595367432
4497,6.12567663192749
4498,-1.3639907836914062
4499,-11.293371200561523
4500,4.405394077301025
4501,-1.8261842727661133
4502,-4.53354024887085
4503,6.587676525115967
4504,-2.3724117279052734
4505,-10.961426734924316
4506,4.418111324310303
4507,-2.0302276611328125
4508,-4.903804302215576
4509,6.789729595184326
4510,-2.5595788955688477
4511,-11.654254913330078
4512,4.414434909820557
4513,-1.9434728622436523
4514,-5.215991020202637
4515,6.67852258682251
4516,-2.5939693450927734
4517,-12.148351669311523
4518,4.42048978805542
4519,-1.886575698852539
4520,-4.726679801940918
4521,6.595907688140869
4522,-2.537308692932129
4523,-11.197137832641602
4524,2.2231907844543457
4525,-2.105851173400879
4526,-3.2814202308654785
4527,2.8193087577819824
4528,-2.309781074523926
4529,-4.794047832489014
4530,4.142537593841553
4531,-1.318563461303711
4532,0.8321905136108398
4533,3.416989803314209
4534,-1.1560792922973633
4535,-1.561521291732788
4536,3.474526882171631
4537,-2.238753318786621
4538,9.109561920166016
4539,3.798316478729248
4540,-2.4140100479125977
4541,7.530488967895508
4542,3.4473137855529785
4543,-2.365833282470703
4544,10.00621509552002
4545,4.041676044464111
4546,-2.6168298721313477
4547,8.456579208374023
4548,2.998894214630127
4549,-2.340123176574707
4550,10.701382637023926
4551,3.1410536766052246
4552,-2.617971420288086
4553,8.960697174072266
4554,3.310551166534424
4555,0.3854503631591797
4556,-27.173503875732422
4557,3.242565631866455
4558,0.22209548950195312
4559,-27.28521728515625
4560,3.300976276397705
4561,0.19500732421875
4562,-27.28600311279297
4563,3.345681667327881
4564,0.16593360900878906
4565,-27.28912353515625
4566,3.0946459770202637
4567,0.2586536407470703
4568,-27.23846435546875
4569,3.059323787689209
4570,0.2585582733154297
4571,-27.24065399169922
4572,3.0227789878845215
4573,0.25943756103515625
4574,-27.239501953125
4575,3.5982184410095215
4576,-0.05214118957519531
4577,-24.63933563232422
4578,3.14241361618042
4579,0.09991455078125
4580,-24.37469482421875
4581,3.6676688194274902
4582,0.29430675506591797
4583,-25.889156341552734
4584,3.5221238136291504
4585,0.36234474182128906
4586,-25.80881118774414
4587,5.193873882293701
4588,-0.34455299377441406
4589,-20.46371078491211
4590,3.675459384918213
4591,-0.12424087524414062
4592,-18.814716339111328
4593,5.712672710418701
4594,0.41779422760009766
4595,-21.756954193115234
4596,3.9559292793273926
4597,0.7045049667358398
4598,-18.720884323120117
4599,6.088286876678467
4600,0.6006479263305664
4601,-26.347644805908203
4602,4.328485012054443
4603,0.8987541198730469
4604,-21.519020080566406
4605,6.3284173011779785
4606,0.5654296875
4607,-28.784000396728516
4608,4.219520092010498
4609,0.9231958389282227
4610,-22.88360595703125
4611,6.148152828216553
4612,0.5127315521240234
4613,-29.076839447021484
4614,4.393849849700928
4615,0.8040685653686523
4616,-24.21459197998047
4617,5.958044528961182
4618,0.538020133972168
4619,-26.73104476928711
4620,4.540914058685303
4621,0.7802715301513672
4622,-22.141204833984375
4623,3.944242000579834
4624,-1.9547157287597656
4625,-5.415326118469238
4626,3.0738730430603027
4627,-1.6148738861083984
4628,-2.651010274887085
4629,6.061219692230225
4630,-0.29128170013427734
4631,-5.569304466247559
4632,4.683485507965088
4633,-0.05890369415283203
4634,-0.992516040802002
4635,7.960242748260498
4636,-0.17365360260009766
4637,-0.006924152374267578
4638,6.1848273277282715
4639,-0.1401681900024414
4640,5.68935489654541
4641,8.318376541137695
4642,-0.3067302703857422
4643,0.44026613235473633
4644,4.686500072479248
4645,-0.29447174072265625
4646,6.2306671142578125
4647,7.7243971824646
4648,0.5335807800292969
4649,-2.3769755363464355
4650,6.752688884735107
4651,0.35678863525390625
4652,4.135781288146973
4653,3.235456943511963
4654,-0.08443832397460938
4655,-28.977893829345703
4656,3.138556957244873
4657,-0.12005615234375
4658,-29.163570404052734
4659,3.1462912559509277
4660,-0.12080955505371094
4661,-29.163711547851562
4662,3.1510300636291504
4663,-0.1233062744140625
4664,-29.171634674072266
4665,3.152066707611084
4666,-0.12965774536132812
4667,-29.171489715576172
4668,3.1573376655578613
4669,-0.13510704040527344
4670,-29.17963409423828
4671,3.160979747772217
4672,-0.14052295684814453
4673,-29.18172836303711
4674,3.2712464332580566
4675,-0.18995094299316406
4676,-26.089942932128906
4677,3.283825397491455
4678,-0.21571063995361328
4679,-25.996265411376953
4680,3.41312837600708
4681,-0.12930774688720703
4682,-27.446502685546875
4683,3.4082436561584473
4684,-0.1132211685180664
4685,-27.426002502441406
4686,4.192227840423584
4687,-0.3530550003051758
4688,-20.122066497802734
4689,3.699160099029541
4690,-0.30289554595947266
4691,-19.47885513305664
4692,3.9221348762512207
4693,0.5146055221557617
4694,-17.859617233276367
4695,5.851486682891846
4696,0.2197132110595703
4697,-16.97412109375
4698,2.708540439605713
4699,0.9065256118774414
4700,-18.755184173583984
4701,6.888610363006592
4702,0.542393684387207
4703,-17.532955169677734
4704,2.533414363861084
4705,0.9998617172241211
4706,-20.013702392578125
4707,7.111842632293701
4708,0.5927658081054688
4709,-18.304649353027344
4710,2.5926318168640137
4711,0.9156703948974609
4712,-20.83942413330078
4713,7.041415691375732
4714,0.5374069213867188
4715,-19.56512451171875
4716,2.612668514251709
4717,0.8943166732788086
4718,-19.173870086669922
4719,7.007009029388428
4720,0.5223932266235352
4721,-18.067886352539062
4722,3.7265515327453613
4723,-1.696904182434082
4724,-5.012518405914307
4725,3.7152819633483887
4726,-1.547384262084961
4727,-3.0367636680603027
4728,6.106451511383057
4729,-0.16039371490478516
4730,-7.5295634269714355
4731,4.794959545135498
4732,-0.331787109375
4733,-4.58212947845459
4734,8.581001281738281
4735,-0.07806968688964844
4736,-2.900437355041504
4737,8.345582962036133
4738,-0.07875442504882812
4739,-0.17810344696044922
4740,8.916893005371094
4741,-0.21117305755615234
4742,-2.5432310104370117
4743,8.618919372558594
4744,-0.2404928207397461
4745,0.08928442001342773
4746,9.337209701538086
4747,0.551971435546875
4748,-5.538670539855957
4749,9.39825439453125
4750,0.6165332794189453
4751,-2.6165599822998047
4752,3.5106654167175293
4753,-0.25653553009033203
4754,11.824408531188965
4755,3.5823473930358887
4756,-0.2415151596069336
4757,13.299422264099121
4758,3.4037985801696777
4759,-0.2438211441040039
4760,13.299763679504395
4761,3.1847777366638184
4762,-0.24707603454589844
4763,13.299599647521973
4764,4.121589183807373
4765,-0.24075603485107422
4766,13.177102088928223
4767,4.267479419708252
4768,-0.246307373046875
4769,13.179186820983887
4770,4.405178546905518
4771,-0.25221729278564453
4772,13.171381950378418
4773,3.502328395843506
4774,-0.3016519546508789
4775,17.480369567871094
4776,4.784402370452881
4777,-0.3337392807006836
4778,16.99661636352539
4779,3.6837220191955566
4780,-0.3345298767089844
4781,13.024571418762207
4782,3.8016066551208496
4783,-0.34068775177001953
4784,12.848002433776855
4785,2.803041934967041
4786,-0.5092239379882812
4787,14.495329856872559
4788,5.827371120452881
4789,-0.4321146011352539
4790,13.321734428405762
4791,1.747830867767334
4792,0.1912212371826172
4793,6.903169631958008
4794,7.223679065704346
4795,0.33315372467041016
4796,3.6283321380615234
4797,2.0440735816955566
4798,0.902740478515625
4799,0.9032540321350098
4800,6.737036228179932
4801,1.1004447937011719
4802,-0.3604743480682373
4803,2.1322178840637207
4804,1.1750068664550781
4805,-0.6692440509796143
4806,6.825582027435303
4807,1.3611888885498047
4808,-1.6335959434509277
4809,2.416675090789795
4810,1.1822795867919922
4811,0.02938365936279297
4812,6.7739996910095215
4813,1.284994125366211
4814,-0.8084380626678467
4815,2.4631848335266113
4816,1.0882186889648438
4817,0.9282994270324707
4818,6.798076152801514
4819,1.2017793655395508
4820,-0.25855565071105957
4821,3.311676502227783
4822,-1.533644676208496
4823,-4.03558349609375
4824,5.45016622543335
4825,-1.4942760467529297
4826,-4.0373029708862305
4827,3.621467113494873
4828,0.2826805114746094
4829,-15.399499893188477
4830,6.277270793914795
4831,-0.12766742706298828
4832,-13.845730781555176
4833,3.785156726837158
4834,0.7251882553100586
4835,-30.326759338378906
4836,7.079372882843018
4837,0.5309543609619141
4838,-29.84347915649414
4839,3.7350049018859863
4840,0.4157829284667969
4841,-32.28247833251953
4842,6.69556188583374
4843,0.23150253295898438
4844,-31.785964965820312
4845,4.305932521820068
4846,1.6395769119262695
4847,-36.15167999267578
4848,7.674973964691162
4849,1.460897445678711
4850,-35.24370193481445
4851,3.5952506065368652
4852,-0.06514263153076172
4853,5.926774978637695
4854,3.6126837730407715
4855,-0.018918991088867188
4856,7.030550003051758
4857,3.516510486602783
4858,-0.02278423309326172
4859,7.029238700866699
4860,3.41566801071167
4861,-0.027609825134277344
4862,7.030986785888672
4863,4.3008856773376465
4864,-0.0077304840087890625
4865,7.014713287353516
4866,4.449235439300537
4867,-0.009261131286621094
4868,7.019262313842773
4869,4.584700107574463
4870,-0.011200904846191406
4871,7.013332366943359
4872,3.592745304107666
4873,-0.0848836898803711
4874,10.740021705627441
4875,4.938230991363525
4876,-0.09220218658447266
4877,10.748798370361328
4878,3.8262410163879395
4879,-0.16326427459716797
4880,7.155257225036621
4881,3.9457449913024902
4882,-0.1687765121459961
4883,7.125855445861816
4884,2.737365245819092
4885,-0.4667539596557617
4886,9.11998462677002
4887,6.097370624542236
4888,-0.296600341796875
4889,9.655654907226562
4890,1.966005802154541
4891,0.05998420715332031
4892,2.465686321258545
4893,8.00070571899414
4894,0.9293909072875977
4895,3.305854320526123
4896,2.148115634918213
4897,1.0167608261108398
4898,-3.918985366821289
4899,8.384767532348633
4900,2.155482292175293
4901,0.5578603744506836
4902,2.073756694793701
4903,1.3342113494873047
4904,-5.208947658538818
4905,8.745323181152344
4906,2.5302820205688477
4907,-0.19130468368530273
4908,2.3714194297790527
4909,1.4148330688476562
4910,-4.917344093322754
4911,8.47743034362793
4912,2.5071916580200195
4913,0.054381370544433594
4914,2.4471449851989746
4915,1.3070478439331055
4916,-3.975374937057495
4917,8.244274139404297
4918,2.387509346008301
4919,0.5411319732666016
4920,3.4942383766174316
4921,-1.5676546096801758
4922,-4.216063976287842
4923,5.808700084686279
4924,-1.6090412139892578
4925,-3.8499093055725098
4926,3.443983554840088
4927,0.41207218170166016
4928,-15.112345695495605
4929,7.5392374992370605
4930,0.10378646850585938
4931,-12.254886627197266
4932,3.517686367034912
4933,1.030691146850586
4934,-30.083740234375
4935,7.580236911773682
4936,0.9227104187011719
4937,-28.01192855834961
4938,3.5940661430358887
4939,0.769871711730957
4940,-31.899356842041016
4941,6.983911037445068
4942,0.6483125686645508
4943,-29.78447723388672
4944,3.5236754417419434
4945,1.921142578125
4946,-36.21775436401367
4947,7.9000020027160645
4948,1.8626794815063477
4949,-33.736053466796875
4950,3.218895435333252
4951,0.9680280685424805
4952,-7.486092567443848
4953,2.9203991889953613
4954,0.8908262252807617
4955,-7.243466377258301
4956,2.8778252601623535
4957,0.8601465225219727
4958,-7.245253562927246
4959,2.83601713180542
4960,0.8291902542114258
4961,-7.251367092132568
4962,3.195448398590088
4963,0.9538030624389648
4964,-6.975481986999512
4965,3.2802252769470215
4966,0.9685649871826172
4967,-6.975347518920898
4968,3.361755847930908
4969,0.9826459884643555
4970,-6.975024223327637
4971,3.07442045211792
4972,0.7234334945678711
4973,-5.220235347747803
4974,3.8917527198791504
4975,0.940037727355957
4976,-3.951458215713501
4977,3.624701976776123
4978,0.8884925842285156
4979,-6.676243305206299
4980,3.768645763397217
4981,0.9731063842773438
4982,-6.333414554595947
4983,3.566300868988037
4984,0.5270843505859375
4985,-5.637526512145996
4986,5.884162425994873
4987,0.8060674667358398
4988,0.3444862365722656
4989,3.2157931327819824
4990,0.6305713653564453
4991,-3.8038103580474854
4992,7.614426136016846
4993,1.4294614791870117
4994,1.2932634353637695
4995,3.4855332374572754
4996,0.8866453170776367
4997,-6.136354446411133
4998,7.9231133460998535
4999,1.8618555068969727
5000,0.7333931922912598
5001,3.3931002616882324
5002,0.9482383728027344
5003,-7.015135765075684
5004,8.002470016479492
5005,1.9715986251831055
5006,1.38588285446167
5007,3.651214122772217
5008,0.9564723968505859
5009,-6.815089225769043
5010,7.9413161277771
5011,1.9303102493286133
5012,0.24674034118652344
5013,3.744476795196533
5014,0.9570417404174805
5015,-6.035614013671875
5016,7.895174503326416
5017,1.920454978942871
5018,0.3336215019226074
5019,4.643514156341553
5020,-1.1700210571289062
5021,-4.809207439422607
5022,5.752892017364502
5023,-1.2261772155761719
5024,-3.269472360610962
5025,2.4662070274353027
5026,0.3777284622192383
5027,-12.23510456085205
5028,6.8198628425598145
5029,0.5495710372924805
5030,-3.2055745124816895
5031,3.0050158500671387
5032,1.2477455139160156
5033,-27.25510025024414
5034,7.599689960479736
5035,1.693161964416504
5036,-6.461092948913574
5037,3.47764253616333
5038,1.2249345779418945
5039,-25.020896911621094
5040,7.745934963226318
5041,1.571345329284668
5042,-6.798974990844727
5043,2.4142966270446777
5044,1.9575061798095703
5045,-34.54545593261719
5046,7.908337116241455
5047,2.748467445373535
5048,-9.181696891784668
5049,3.115723133087158
5050,0.8477993011474609
5051,-9.105560302734375
5052,2.8676295280456543
5053,0.7444877624511719
5054,-8.986825942993164
5055,2.815268039703369
5056,0.7213535308837891
5057,-8.987066268920898
5058,2.7637887001037598
5059,0.6993570327758789
5060,-8.989080429077148
5061,3.122006893157959
5062,0.7766637802124023
5063,-9.313979148864746
5064,3.2085843086242676
5065,0.7768468856811523
5066,-9.316239356994629
5067,3.2926926612854004
5068,0.7798833847045898
5069,-9.32126235961914
5070,2.858855724334717
5071,0.6649045944213867
5072,-6.711841106414795
5073,3.729461193084717
5074,0.7808313369750977
5075,-8.200173377990723
5076,3.31941556930542
5077,0.6996345520019531
5078,-8.023517608642578
5079,3.537759304046631
5080,0.7001533508300781
5081,-8.48417854309082
5082,3.068817615509033
5083,0.3955049514770508
5084,-5.599029541015625
5085,5.590630054473877
5086,0.7329301834106445
5087,-6.455585479736328
5088,2.2044920921325684
5089,0.3440074920654297
5090,-7.573779582977295
5091,6.990336894989014
5092,1.1548433303833008
5093,-10.446369171142578
5094,3.1515097618103027
5095,0.6566839218139648
5096,-11.1854248046875
5097,7.556778430938721
5098,1.7686452865600586
5099,-12.888279914855957
5100,3.339115619659424
5101,0.7703943252563477
5102,-11.718118667602539
5103,7.759955883026123
5104,1.9871559143066406
5105,-13.203315734863281
5106,3.537421703338623
5107,0.8241806030273438
5108,-11.382892608642578
5109,7.731823444366455
5110,1.9204797744750977
5111,-13.699746131896973
5112,3.5684046745300293
5113,0.8055686950683594
5114,-11.081680297851562
5115,7.629522800445557
5116,1.8537464141845703
5117,-13.110939979553223
5118,4.248793125152588
5119,-1.2681341171264648
5120,-3.990966320037842
5121,5.760982036590576
5122,-1.1115684509277344
5123,-4.0839338302612305
5124,2.2650389671325684
5125,0.5884695053100586
5126,-12.679190635681152
5127,7.139164447784424
5128,0.9013853073120117
5129,-8.377118110656738
5130,2.782198429107666
5131,1.3322601318359375
5132,-19.198253631591797
5133,7.956259250640869
5134,2.236992835998535
5135,-16.666221618652344
5136,3.0419297218322754
5137,1.2805776596069336
5138,-19.764562606811523
5139,8.168039321899414
5140,2.1498403549194336
5141,-17.551420211791992
5142,2.9630284309387207
5143,2.033468246459961
5144,-23.696475982666016
5145,7.949557781219482
5146,3.3050050735473633
5147,-21.09557342529297
5148,4.307698726654053
5149,0.9573240280151367
5150,5.453713417053223
5151,4.176188945770264
5152,0.9368667602539062
5153,6.320662498474121
5154,4.091116428375244
5155,0.9153060913085938
5156,6.321046829223633
5157,4.007193088531494
5158,0.89337158203125
5159,6.321419715881348
5160,4.5002570152282715
5161,1.0110492706298828
5162,6.05340576171875
5163,4.604522228240967
5164,1.035614013671875
5165,6.056937217712402
5166,4.707841396331787
5167,1.0610237121582031
5168,6.052512168884277
5169,3.9014811515808105
5170,0.8771343231201172
5171,9.320472717285156
5172,5.101741313934326
5173,1.1169538497924805
5174,8.240243911743164
5175,4.176406383514404
5176,0.8818378448486328
5177,6.489201545715332
5178,4.598476886749268
5179,0.9271993637084961
5180,6.139148712158203
5181,3.218196392059326
5182,0.4889678955078125
5183,7.959903717041016
5184,6.378198146820068
5185,1.2939424514770508
5186,6.26521110534668
5187,2.261443614959717
5188,0.5236406326293945
5189,2.272878646850586
5190,7.180680751800537
5191,2.379633903503418
5192,0.316378116607666
5193,3.148266315460205
5194,1.239532470703125
5195,-3.8802545070648193
5196,7.378401279449463
5197,3.1703786849975586
5198,-1.6313159465789795
5199,3.340959072113037
5200,1.420771598815918
5201,-4.76827335357666
5202,7.619664669036865
5203,3.4410104751586914
5204,-2.1021292209625244
5205,3.6147541999816895
5206,1.5253076553344727
5207,-4.041225433349609
5208,7.382751941680908
5209,3.371737480163574
5210,-1.619450569152832
5211,3.6106534004211426
5212,1.4830684661865234
5213,-3.7294974327087402
5214,7.16638708114624
5215,3.269412040710449
5216,-1.4832370281219482
5217,5.0860209465026855
5218,-0.8027820587158203
5219,-3.57702374458313
5220,6.89824914932251
5221,-0.3193817138671875
5222,-4.501179218292236
5223,2.705233097076416
5224,0.3562049865722656
5225,-9.676932334899902
5226,7.797949314117432
5227,1.8203315734863281
5228,-8.244653701782227
5229,2.497262477874756
5230,0.9491176605224609
5231,-16.551437377929688
5232,7.926270961761475
5233,3.2663564682006836
5234,-20.371746063232422
5235,2.6719870567321777
5236,0.9088191986083984
5237,-17.214563369750977
5238,7.293173313140869
5239,2.7828989028930664
5240,-21.645931243896484
5241,2.4393982887268066
5242,1.4687833786010742
5243,-20.319095611572266
5244,7.531886577606201
5245,3.9283361434936523
5246,-24.125961303710938
5247,0.6763839721679688
5248,1.1793403625488281
5249,-4.487940311431885
5250,0.41864871978759766
5251,1.1531667709350586
5252,-5.460285186767578
5253,0.44124650955200195
5254,1.1621408462524414
5255,-5.459885120391846
5256,0.4753880500793457
5257,1.1745281219482422
5258,-5.458331108093262
5259,0.36568164825439453
5260,1.0937833786010742
5261,-4.530757427215576
5262,0.35007715225219727
5263,1.0615177154541016
5264,-4.532953262329102
5265,0.3288397789001465
5266,1.0134086608886719
5267,-4.535365581512451
5268,0.7035832405090332
5269,1.0516014099121094
5270,-8.158892631530762
5271,0.5138907432556152
5272,0.8221416473388672
5273,-3.834906578063965
5274,1.002011775970459
5275,1.1371269226074219
5276,-5.278834342956543
5277,0.9878726005554199
5278,1.0589771270751953
5279,-4.0297956466674805
5280,2.517643451690674
5281,1.0114459991455078
5282,-10.614705085754395
5283,1.5244803428649902
5284,0.3803548812866211
5285,-0.3081319332122803
5286,2.957200527191162
5287,2.1466989517211914
5288,-10.15464973449707
5289,1.1781249046325684
5290,1.5397825241088867
5291,1.28570556640625
5292,1.48984956741333
5293,3.11099910736084
5294,-6.059675693511963
5295,0.08733320236206055
5296,2.5289907455444336
5297,-3.5298268795013428
5298,1.3452496528625488
5299,3.2988996505737305
5300,-7.259530544281006
5301,-0.3532900810241699
5302,2.670964241027832
5303,-3.6790668964385986
5304,0.9926037788391113
5305,3.235959053039551
5306,-6.681210517883301
5307,-0.25783491134643555
5308,2.758255958557129
5309,-5.272641181945801
5310,1.141441822052002
5311,3.136826515197754
5312,-5.803350448608398
5313,-0.025076866149902344
5314,2.74783992767334
5315,-4.242608070373535
5316,7.45997953414917
5317,0.08988189697265625
5318,-8.303892135620117
5319,6.873203754425049
5320,-0.22515583038330078
5321,0.23952579498291016
5322,6.563313961029053
5323,2.2644166946411133
5324,-8.010276794433594
5325,5.3924784660339355
5326,1.6589584350585938
5327,3.0012598037719727
5328,8.517715454101562
5329,3.7432050704956055
5330,-4.610113143920898
5331,7.670074939727783
5332,3.078944206237793
5333,7.792452812194824
5334,9.01243782043457
5335,3.9106264114379883
5336,-4.444581508636475
5337,8.35909652709961
5338,3.2545042037963867
5339,8.149728775024414
5340,7.131693363189697
5341,4.1931257247924805
5342,-6.76589298248291
5343,7.127976894378662
5344,3.7204999923706055
5345,6.818234443664551
5346,0.6803803443908691
5347,1.159189224243164
5348,-4.0721435546875
5349,0.42964649200439453
5350,1.1342220306396484
5351,-4.996523857116699
5352,0.4528522491455078
5353,1.1425752639770508
5354,-4.995902061462402
5355,0.4844632148742676
5356,1.1541976928710938
5357,-4.995579719543457
5358,0.379758358001709
5359,1.0802717208862305
5360,-3.8940324783325195
5361,0.36566781997680664
5362,1.0441503524780273
5363,-3.8963093757629395
5364,0.3512139320373535
5365,1.0048141479492188
5366,-3.8960120677948
5367,0.7040815353393555
5368,1.0443248748779297
5369,-7.760697841644287
5370,0.5142178535461426
5371,0.8208637237548828
5372,-2.707249402999878
5373,1.0031943321228027
5374,1.1261053085327148
5375,-4.921227931976318
5376,0.9880509376525879
5377,1.0552310943603516
5378,-3.4768924713134766
5379,2.491590976715088
5380,1.0130767822265625
5381,-10.71056079864502
5382,1.6715302467346191
5383,0.37571144104003906
5384,1.226027488708496
5385,2.9270615577697754
5386,2.220553398132324
5387,-11.353690147399902
5388,1.578416347503662
5389,1.1647262573242188
5390,6.676512718200684
5391,1.4241576194763184
5392,3.119706153869629
5393,-6.634395599365234
5394,0.550384521484375
5395,2.0637331008911133
5396,8.46839427947998
5397,1.213118076324463
5398,3.3794031143188477
5399,-7.435234069824219
5400,0.2030019760131836
5401,2.198239326477051
5402,9.458938598632812
5403,0.9348344802856445
5404,3.2556753158569336
5405,-6.879826068878174
5406,0.17426395416259766
5407,2.2392663955688477
5408,8.345001220703125
5409,1.0688071250915527
5410,3.1662683486938477
5411,-6.330409049987793
5412,0.33424901962280273
5413,2.227480888366699
5414,8.080674171447754
5415,7.4938178062438965
5416,0.09734630584716797
5417,-8.338228225708008
5418,6.890699863433838
5419,-0.20935821533203125
5420,0.27791452407836914
5421,6.452029705047607
5422,2.244072914123535
5423,-7.364836692810059
5424,5.397953510284424
5425,1.6438865661621094
5426,3.224278450012207
5427,8.290205001831055
5428,3.712918281555176
5429,-4.015349864959717
5430,7.116693019866943
5431,3.161566734313965
5432,7.943974494934082
5433,8.724502563476562
5434,3.9097585678100586
5435,-3.726872205734253
5436,7.74282693862915
5437,3.422671318054199
5438,8.319778442382812
5439,6.8012309074401855
5440,4.184878349304199
5441,-5.066781997680664
5442,6.120700359344482
5443,3.7031068801879883
5444,7.423931121826172
5445,0.7111024856567383
5446,1.1487083435058594
5447,-5.251633644104004
5448,0.48731184005737305
5449,1.0651960372924805
5450,-6.149334907531738
5451,0.5109167098999023
5452,1.0635881423950195
5453,-6.150570392608643
5454,0.5413661003112793
5455,1.064101219177246
5456,-6.153437614440918
5457,0.4568824768066406
5458,1.0288019180297852
5459,-4.894269943237305
5460,0.4606914520263672
5461,0.9989843368530273
5462,-4.894606113433838
5463,0.46991825103759766
5464,0.9712629318237305
5465,-4.892518997192383
5466,0.8340773582458496
5467,0.9567594528198242
5468,-8.383033752441406
5469,0.7196016311645508
5470,0.8064870834350586
5471,-2.930562973022461
5472,1.0490460395812988
5473,1.1242284774780273
5474,-5.892704010009766
5475,1.0438275337219238
5476,1.0591869354248047
5477,-4.230380058288574
5478,2.653684139251709
5479,1.0843420028686523
5480,-11.047338485717773
5481,2.4103236198425293
5482,0.5750722885131836
5483,1.0399203300476074
5484,2.8479323387145996
5485,2.354060173034668
5486,-12.899718284606934
5487,2.5885233879089355
5488,1.9204492568969727
5489,5.486974716186523
5490,1.415830135345459
5491,3.33957576751709
5492,-11.498979568481445
5493,1.6653494834899902
5494,2.860396385192871
5495,3.070800304412842
5496,1.030972957611084
5497,3.575882911682129
5498,-13.16464900970459
5499,1.2655653953552246
5500,2.936734199523926
5501,3.0209851264953613
5502,0.8344593048095703
5503,3.4741907119750977
5504,-12.23614501953125
5505,1.1425862312316895
5506,2.9725046157836914
5507,1.6769304275512695
5508,0.9766106605529785
5509,3.4204015731811523
5510,-11.197359085083008
5511,1.3663458824157715
5512,2.984818458557129
5513,1.8371429443359375
5514,7.91896390914917
5515,0.5132427215576172
5516,-8.084249496459961
5517,7.4548563957214355
5518,0.26836204528808594
5519,0.027303218841552734
5520,6.068664073944092
5521,2.252505302429199
5522,-6.729352951049805
5523,5.404942035675049
5524,1.7498340606689453
5525,3.0774030685424805
5526,8.190305709838867
5527,3.662602424621582
5528,-0.9365334510803223
5529,6.9154839515686035
5530,3.2507143020629883
5531,7.940911293029785
5532,8.721090316772461
5533,3.880263328552246
5534,-0.4178757667541504
5535,7.515234470367432
5536,3.489169120788574
5537,8.312369346618652
5538,6.808434963226318
5539,4.160447120666504
5540,-1.5219135284423828
5541,5.589349269866943
5542,3.737696647644043
5543,7.353416442871094
5544,0.8418917655944824
5545,1.138711929321289
5546,-5.808290481567383
5547,0.6196026802062988
5548,1.0431041717529297
5549,-6.680707931518555
5550,0.6367354393005371
5551,1.0381755828857422
5552,-6.68263053894043
5553,0.6577625274658203
5554,1.0337142944335938
5555,-6.684985160827637
5556,0.596592903137207
5557,1.0112991333007812
5558,-5.486990451812744
5559,0.5994529724121094
5560,0.9830141067504883
5561,-5.487739086151123
5562,0.6072993278503418
5563,0.9569282531738281
5564,-5.487384796142578
5565,0.936767578125
5566,0.9101047515869141
5567,-8.748498916625977
5568,0.8577432632446289
5569,0.794764518737793
5570,-3.125749111175537
5571,1.1865935325622559
5572,1.1211061477661133
5573,-6.4095659255981445
5574,1.1889042854309082
5575,1.0595293045043945
5576,-4.8176069259643555
5577,2.834714412689209
5578,1.093484878540039
5579,-11.264982223510742
5580,2.5542044639587402
5581,0.5845451354980469
5582,0.9315814971923828
5583,2.8455281257629395
5584,2.3570871353149414
5585,-13.174537658691406
5586,2.66212797164917
5587,1.963033676147461
5588,2.695000648498535
5589,1.4068760871887207
5590,3.365241050720215
5591,-12.139657020568848
5592,1.7296862602233887
5593,2.945979118347168
5594,-1.1159415245056152
5595,1.0071301460266113
5596,3.637017250061035
5597,-13.83249568939209
5598,1.2812676429748535
5599,2.979872703552246
5600,-1.2557168006896973
5601,0.7981038093566895
5602,3.459404945373535
5603,-13.023626327514648
5604,1.2006659507751465
5605,3.020939826965332
5606,-2.7217180728912354
5607,0.9754824638366699
5608,3.470646858215332
5609,-11.899944305419922
5610,1.3934054374694824
5611,3.0350446701049805
5612,-1.9807169437408447
5613,8.171905517578125
5614,0.6827611923217773
5615,-7.841702938079834
5616,7.665830135345459
5617,0.4510383605957031
5618,-0.21350669860839844
5619,6.020949840545654
5620,2.293887138366699
5621,-6.714987754821777
5622,5.447617053985596
5623,2.0762948989868164
5624,2.0449814796447754
5625,8.211355209350586
5626,3.66567325592041
5627,-1.754958152770996
5628,7.2560601234436035
5629,3.436516761779785
5630,6.427308082580566
5631,8.739126205444336
5632,3.8694963455200195
5633,-1.3416023254394531
5634,8.141008377075195
5635,3.655411720275879
5636,6.790871620178223
5637,6.82546854019165
5638,4.150008201599121
5639,-2.4425525665283203
5640,6.188084125518799
5641,3.9115381240844727
5642,5.986394882202148
5643,1.0232768058776855
5644,1.1285781860351562
5645,-6.457347393035889
5646,0.8302640914916992
5647,1.0039653778076172
5648,-7.27509069442749
5649,0.8445825576782227
5650,0.9919490814208984
5651,-7.277756690979004
5652,0.8649477958679199
5653,0.9800071716308594
5654,-7.280503273010254
5655,0.829841136932373
5656,0.9869632720947266
5657,-6.075562953948975
5658,0.8434829711914062
5659,0.9627370834350586
5660,-6.076498031616211
5661,0.8627414703369141
5662,0.9406976699829102
5663,-6.076170921325684
5664,1.203596591949463
5665,0.8426141738891602
5666,-9.092839241027832
5667,1.190910816192627
5668,0.7845678329467773
5669,-3.4769229888916016
5670,1.4026665687561035
5671,1.1199064254760742
5672,-6.993000030517578
5673,1.4193158149719238
5674,1.0679378509521484
5675,-5.3939409255981445
5676,3.1190762519836426
5677,1.1369428634643555
5678,-11.77170181274414
5679,3.092761516571045
5680,0.8293561935424805
5681,0.37451696395874023
5682,2.7805705070495605
5683,2.4442033767700195
5684,-14.306973457336426
5685,2.6619515419006348
5686,2.1698732376098633
5687,1.1314940452575684
5688,1.3841309547424316
5689,3.6216821670532227
5690,-13.693862915039062
5691,1.5586953163146973
5692,3.261223793029785
5693,-2.4945425987243652
5694,0.9771618843078613
5695,3.881070137023926
5696,-15.473821640014648
5697,1.0842680931091309
5698,3.349848747253418
5699,-2.5828704833984375
5700,0.8044023513793945
5701,3.834782600402832
5702,-14.546345710754395
5703,1.0521388053894043
5704,3.3834028244018555
5705,-4.06309700012207
5706,0.9784817695617676
5707,3.7522878646850586
5708,-13.42953872680664
5709,1.255556583404541
5710,3.400151252746582
5711,-3.2727766036987305
5712,8.517032623291016
5713,0.965388298034668
5714,-7.801178932189941
5715,8.009244918823242
5716,0.8464927673339844
5717,-0.25256824493408203
5718,5.896570682525635
5719,2.3298025131225586
5720,-6.921433448791504
5721,5.42566442489624
5722,2.231856346130371
5723,1.177903652191162
5724,8.079408645629883
5725,3.6396970748901367
5726,-2.2683796882629395
5727,7.5933308601379395
5728,3.4839487075805664
5729,5.635601043701172
5730,8.748649597167969
5731,3.8167314529418945
5732,-1.8550646305084229
5733,8.413082122802734
5734,3.6627626419067383
5735,6.0243120193481445
5736,6.8265604972839355
5737,4.145081520080566
5738,-3.003061294555664
5739,6.3707098960876465
5740,4.0084428787231445
5741,5.2581987380981445
5742,1.1726384162902832
5743,1.1257944107055664
5744,-6.105748176574707
5745,0.9654593467712402
5746,0.9855794906616211
5747,-6.931357383728027
5748,0.9765238761901855
5749,0.9683675765991211
5750,-6.933018684387207
5751,0.9927210807800293
5752,0.9555120468139648
5753,-6.93472146987915
5754,0.964205265045166
5755,0.9650554656982422
5756,-5.759167671203613
5757,0.976050853729248
5758,0.9413738250732422
5759,-5.760589122772217
5760,0.9937806129455566
5761,0.9189453125
5762,-5.760838031768799
5763,1.319474697113037
5764,0.8233261108398438
5765,-8.89543342590332
5766,1.321485996246338
5767,0.7717494964599609
5768,-3.4060001373291016
5769,1.540900707244873
5770,1.1196889877319336
5771,-6.662541389465332
5772,1.5616822242736816
5773,1.0697107315063477
5774,-5.1077470779418945
5775,3.2087693214416504
5776,1.1393966674804688
5777,-11.544657707214355
5778,3.1909384727478027
5779,0.7944116592407227
5780,0.4637751579284668
5781,2.8180508613586426
5782,2.4329023361206055
5783,-13.517630577087402
5784,2.7713894844055176
5785,2.1369733810424805
5786,1.4985151290893555
5787,1.4376740455627441
5788,3.5680437088012695
5789,-12.647205352783203
5790,1.6134467124938965
5791,3.252213478088379
5792,-2.3198764324188232
5793,1.0120644569396973
5794,3.8780641555786133
5795,-14.215777397155762
5796,1.174818515777588
5797,3.3086538314819336
5798,-2.566223382949829
5799,0.9159054756164551
5800,3.830164909362793
5801,-13.263630867004395
5802,1.1218228340148926
5803,3.3491411209106445
5804,-3.4722068309783936
5805,1.089026927947998
5806,3.7541608810424805
5807,-12.33154582977295
5808,1.3316493034362793
5809,3.4023542404174805
5810,-3.191251277923584
5811,8.604291915893555
5812,1.0178375244140625
5813,-7.8327178955078125
5814,8.094297409057617
5815,0.8393354415893555
5816,-0.22302579879760742
5817,5.7863335609436035
5818,2.3420610427856445
5819,-7.060969352722168
5820,5.425581455230713
5821,2.2392892837524414
5822,0.7498555183410645
5823,8.088932037353516
5824,3.6428346633911133
5825,-2.4761033058166504
5826,7.750733852386475
5827,3.4854536056518555
5828,5.0921220779418945
5829,8.755260467529297
5830,3.820675849914551
5831,-2.0893335342407227
5832,8.485422134399414
5833,3.6448888778686523
5834,5.487401008605957
5835,6.7864813804626465
5836,4.147706031799316
5837,-3.224015474319458
5838,6.4980950355529785
5839,4.029950141906738
5840,4.915250778198242
5841,1.3202109336853027
5842,1.1196937561035156
5843,-6.126438140869141
5844,1.1623787879943848
5845,0.9623384475708008
5846,-6.976572513580322
5847,1.179969310760498
5848,0.9478092193603516
5849,-6.978914260864258
5850,1.2005257606506348
5851,0.9361391067504883
5852,-6.981785774230957
5853,1.1598124504089355
5854,0.9509820938110352
5855,-5.753078460693359
5856,1.1760144233703613
5857,0.9321146011352539
5858,-5.7541351318359375
5859,1.1965203285217285
5860,0.9142122268676758
5861,-5.753958702087402
5862,1.5638375282287598
5863,0.8097257614135742
5864,-8.87703800201416
5865,1.5624547004699707
5866,0.7707490921020508
5867,-3.323418140411377
5868,1.6842741966247559
5869,1.120131492614746
5870,-6.674521446228027
5871,1.6938786506652832
5872,1.0849075317382812
5873,-5.058495044708252
5874,3.364194393157959
5875,1.1749153137207031
5876,-11.681495666503906
5877,3.407191753387451
5878,0.9070272445678711
5879,0.7578001022338867
5880,2.7173142433166504
5881,2.475682258605957
5882,-13.809155464172363
5883,2.769169330596924
5884,2.1831893920898438
5885,1.8212547302246094
5886,1.2658085823059082
5887,3.712924003601074
5888,-12.674857139587402
5889,1.6170458793640137
5890,3.287814140319824
5891,-1.4103968143463135
5892,0.8610014915466309
5893,3.9791784286499023
5894,-14.31551456451416
5895,1.10438871383667
5896,3.3393049240112305
5897,-1.4062371253967285
5898,0.745823860168457
5899,3.9366044998168945
5900,-13.327047348022461
5901,1.0604290962219238
5902,3.3726606369018555
5903,-2.5778086185455322
5904,0.946016788482666
5905,3.852719306945801
5906,-12.350431442260742
5907,1.273155689239502
5908,3.411585807800293
5909,-2.169952869415283
5910,8.861900329589844
5911,1.1641530990600586
5912,-7.841773509979248
5913,8.339305877685547
5914,1.0240755081176758
5915,-0.2162308692932129
5916,5.822183132171631
5917,2.38961124420166
5918,-7.34058952331543
5919,5.435994625091553
5920,2.2488889694213867
5921,1.3393034934997559
5922,8.105554580688477
5923,3.6442365646362305
5924,-2.323777437210083
5925,7.922412395477295
5926,3.5288496017456055
5927,5.769732475280762
5928,8.757600784301758
5929,3.819808006286621
5930,-1.836698293685913
5931,8.508733749389648
5932,3.6566343307495117
5933,6.1707916259765625
5934,6.795552730560303
5935,4.132227897644043
5936,-2.297783136367798
5937,6.572783946990967
5938,4.02358341217041
5939,5.386829376220703
5940,1.4346919059753418
5941,1.1198759078979492
5942,-6.057963848114014
5943,1.265134334564209
5944,0.953068733215332
5945,-6.929732799530029
5946,1.2813334465026855
5947,0.9367351531982422
5948,-6.932214736938477
5949,1.3002333641052246
5950,0.9210147857666016
5951,-6.935109615325928
5952,1.2625374794006348
5953,0.9441204071044922
5954,-5.719545841217041
5955,1.2772936820983887
5956,0.9239025115966797
5957,-5.720896244049072
5958,1.2967133522033691
5959,0.904057502746582
5960,-5.7210774421691895
5961,1.644411563873291
5962,0.7878389358520508
5963,-8.888506889343262
5964,1.656064510345459
5965,0.7619094848632812
5966,-3.3332486152648926
5967,1.7998595237731934
5968,1.1241750717163086
5969,-6.620935440063477
5970,1.8034319877624512
5971,1.0920581817626953
5972,-5.017292499542236
5973,3.4402480125427246
5974,1.195159912109375
5975,-11.605958938598633
5976,3.5220789909362793
5977,0.8845834732055664
5978,0.6683163642883301
5979,2.7090630531311035
5980,2.499466896057129
5981,-13.520511627197266
5982,2.7749886512756348
5983,2.2085084915161133
5984,1.757272720336914
5985,1.2373747825622559
5986,3.7295846939086914
5987,-12.34273624420166
5988,1.636009693145752
5989,3.2952089309692383
5990,-1.387017011642456
5991,0.8112578392028809
5992,4.015868186950684
5993,-13.959528923034668
5994,1.079174518585205
5995,3.352168083190918
5996,-1.3591735363006592
5997,0.6887474060058594
5998,3.9711999893188477
5999,-12.951080322265625
6000,1.0461993217468262
6001,3.3914880752563477
6002,-2.559445858001709
6003,0.8758258819580078
6004,3.8802881240844727
6005,-12.010759353637695
6006,1.2676339149475098
6007,3.433051109313965
6008,-2.123870849609375
6009,8.916872024536133
6010,1.157139778137207
6011,-7.865292072296143
6012,8.487207412719727
6013,0.9793882369995117
6014,-0.1924581527709961
6015,5.846928119659424
6016,2.400729179382324
6017,-7.1288299560546875
6018,5.4817891120910645
6019,2.2516565322875977
6020,1.493025779724121
6021,8.082185745239258
6022,3.684628486633301
6023,-1.369765281677246
6024,7.96575403213501
6025,3.528611183166504
6026,6.2690839767456055
6027,8.762765884399414
6028,3.82132625579834
6029,-0.8301270008087158
6030,8.578067779541016
6031,3.670254707336426
6032,6.805217742919922
6033,6.740634441375732
6034,4.132737159729004
6035,-1.304105281829834
6036,6.597845554351807
6037,4.02199649810791
6038,6.730287551879883
6039,1.7027277946472168
6040,1.1200599670410156
6041,-5.5065131187438965
6042,1.529491901397705
6043,0.9569540023803711
6044,-6.444391250610352
6045,1.5441575050354004
6046,0.9436473846435547
6047,-6.447574138641357
6048,1.567476749420166
6049,0.9262714385986328
6050,-6.451668739318848
6051,1.524857997894287
6052,0.9459466934204102
6053,-5.235040664672852
6054,1.5367827415466309
6055,0.9222030639648438
6056,-5.236205101013184
6057,1.552574634552002
6058,0.9016828536987305
6059,-5.236212730407715
6060,1.8865704536437988
6061,0.7957162857055664
6062,-8.603067398071289
6063,1.8996014595031738
6064,0.7615880966186523
6065,-3.129697799682617
6066,2.036888599395752
6067,1.1281871795654297
6068,-6.107454776763916
6069,2.042935848236084
6070,1.10369873046875
6071,-4.511266708374023
6072,3.58982515335083
6073,1.2297906875610352
6074,-11.171106338500977
6075,3.688427448272705
6076,0.8356971740722656
6077,0.8146605491638184
6078,2.7143235206604004
6079,2.551213264465332
6080,-12.94098949432373
6081,2.9524483680725098
6082,2.136345863342285
6083,2.0042800903320312
6084,1.2435612678527832
6085,3.704878807067871
6086,-11.828734397888184
6087,1.883277416229248
6088,3.191521644592285
6089,-0.980109691619873
6090,0.815216064453125
6091,3.9749155044555664
6092,-13.408967971801758
6093,1.353670597076416
6094,3.276545524597168
6095,-0.9426639080047607
6096,0.6973400115966797
6097,3.9163122177124023
6098,-12.793220520019531
6099,1.290266513824463
6100,3.32790470123291
6101,-2.1787092685699463
6102,0.8863849639892578
6103,3.829453468322754
6104,-11.65599536895752
6105,1.485776424407959
6106,3.341597557067871
6107,-1.6446864604949951
6108,9.088737487792969
6109,1.2038631439208984
6110,-7.822373867034912
6111,8.719451904296875
6112,0.9751243591308594
6113,-0.23660850524902344
6114,5.860611438751221
6115,2.4007997512817383
6116,-6.563156604766846
6117,5.670095920562744
6118,2.2032289505004883
6119,3.4995689392089844
6120,8.078472137451172
6121,3.6830358505249023
6122,0.0335536003112793
6123,8.122840881347656
6124,3.5129880905151367
6125,8.857352256774902
6126,8.764480590820312
6127,3.821560859680176
6128,0.6849217414855957
6129,8.602313995361328
6130,3.6582040786743164
6131,9.406479835510254
6132,6.73814058303833
6133,4.102581977844238
6134,0.6296844482421875
6135,6.7180495262146
6136,4.007281303405762
6137,9.493987083435059
6138,1.7523303031921387
6139,1.1195974349975586
6140,-5.51190710067749
6141,1.5901408195495605
6142,0.9536075592041016
6143,-6.439958572387695
6144,1.605766773223877
6145,0.9404497146606445
6146,-6.4429426193237305
6147,1.625572681427002
6148,0.9250583648681641
6149,-6.446755409240723
6150,1.5884642601013184
6151,0.9432554244995117
6152,-5.240375518798828
6153,1.6031708717346191
6154,0.9210357666015625
6155,-5.241580963134766
6156,1.623450756072998
6157,0.897242546081543
6158,-5.241574764251709
6159,1.9480900764465332
6160,0.7871646881103516
6161,-8.53847885131836
6162,1.9701695442199707
6163,0.7554597854614258
6164,-3.1620049476623535
6165,2.099579334259033
6166,1.128779411315918
6167,-6.105034351348877
6168,2.109623432159424
6169,1.109269142150879
6170,-4.517417907714844
6171,3.626948833465576
6172,1.228907585144043
6173,-11.108869552612305
6174,3.784801959991455
6175,0.8335723876953125
6176,0.7730093002319336
6177,2.6554903984069824
6178,2.5515756607055664
6179,-12.889337539672852
6180,2.958437442779541
6181,2.1571969985961914
6182,1.8582186698913574
6183,1.154585361480713
6184,3.7273244857788086
6185,-11.372902870178223
6186,1.8652853965759277
6187,3.21665096282959
6188,-1.0225982666015625
6189,0.7462859153747559
6190,3.9882593154907227
6191,-12.900525093078613
6192,1.3238072395324707
6193,3.2640562057495117
6194,-0.9731364250183105
6195,0.625788688659668
6196,3.936661720275879
6197,-12.119848251342773
6198,1.266737461090088
6199,3.3039751052856445
6200,-2.257354736328125
6201,0.818932056427002
6202,3.8496503829956055
6203,-11.106513977050781
6204,1.4707188606262207
6205,3.340336799621582
6206,-1.6549208164215088
6207,9.106712341308594
6208,1.2069330215454102
6209,-7.829878330230713
6210,8.782554626464844
6211,0.9722995758056641
6212,-0.2290043830871582
6213,5.888355731964111
6214,2.4027891159057617
6215,-6.460666656494141
6216,5.7821879386901855
6217,2.219964027404785
6218,3.0528173446655273
6219,8.088706970214844
6220,3.6989965438842773
6221,-0.33052492141723633
6222,8.055965423583984
6223,3.492129325866699
6224,8.230113983154297
6225,8.785568237304688
6226,3.8339109420776367
6227,0.24492788314819336
6228,8.628856658935547
6229,3.642552375793457
6230,8.750838279724121
6231,6.705530643463135
6232,4.1043806076049805
6233,-0.14386677742004395
6234,6.732024669647217
6235,3.994492530822754
6236,8.620987892150879
6237,1.9003138542175293
6238,1.1139802932739258
6239,-5.349854469299316
6240,1.7126269340515137
6241,0.9482688903808594
6242,-6.252304553985596
6243,1.7320599555969238
6244,0.9330015182495117
6245,-6.254766941070557
6246,1.753312587738037
6247,0.9182558059692383
6248,-6.258352279663086
6249,1.7037301063537598
6250,0.9371929168701172
6251,-5.063279628753662
6252,1.7187914848327637
6253,0.9117918014526367
6254,-5.06442928314209
6255,1.7381043434143066
6256,0.8879194259643555
6257,-5.064232349395752
6258,2.098344326019287
6259,0.7835655212402344
6260,-8.328768730163574
6261,2.103614330291748
6262,0.7498226165771484
6263,-2.982766628265381
6264,2.2713122367858887
6265,1.1284523010253906
6266,-5.928584575653076
6267,2.2733750343322754
6268,1.1091299057006836
6269,-4.358112335205078
6270,3.7433857917785645
6271,1.2213315963745117
6272,-10.897285461425781
6273,3.826681613922119
6274,0.8141489028930664
6275,0.9174561500549316
6276,2.8993725776672363
6277,2.532057762145996
6278,-12.395113945007324
6279,3.151585102081299
6280,2.121584892272949
6281,2.02493953704834
6282,1.22871732711792
6283,3.658877372741699
6284,-10.781855583190918
6285,1.9603161811828613
6286,3.151839256286621
6287,-0.9960446357727051
6288,0.7732644081115723
6289,3.856560707092285
6290,-12.299155235290527
6291,1.2985987663269043
6292,3.163201332092285
6293,-0.9563367366790771
6294,0.639503002166748
6295,3.777756690979004
6296,-11.46208667755127
6297,1.2341313362121582
6298,3.1873159408569336
6299,-2.2280945777893066
6300,0.8418288230895996
6301,3.713292121887207
6302,-10.493578910827637
6303,1.4362778663635254
6304,3.2407312393188477
6305,-1.6313176155090332
6306,9.144903182983398
6307,1.1456489562988281
6308,-7.828739643096924
6309,8.811344146728516
6310,0.9245443344116211
6311,-0.2300550937652588
6312,5.890977382659912
6313,2.3661680221557617
6314,-6.429535388946533
6315,5.866370677947998
6316,2.1929683685302734
6317,3.196658134460449
6318,8.06877326965332
6319,3.694149971008301
6320,-0.5383391380310059
6321,8.151588439941406
6322,3.4772119522094727
6323,8.385666847229004
6324,8.78447151184082
6325,3.8252744674682617
6326,0.014873027801513672
6327,8.68185806274414
6328,3.6317758560180664
6329,8.903048515319824
6330,6.703549861907959
6331,4.075852394104004
6332,-0.5279433727264404
6333,6.7560858726501465
6334,3.9901819229125977
6335,8.774662017822266
6336,1.926363468170166
6337,1.1026220321655273
6338,-5.451629638671875
6339,1.7447047233581543
6340,0.9372291564941406
6341,-6.305943489074707
6342,1.767655849456787
6343,0.9208650588989258
6344,-6.308243751525879
6345,1.7927355766296387
6346,0.9069604873657227
6347,-6.311787128448486
6348,1.7300152778625488
6349,0.9270896911621094
6350,-5.136355400085449
6351,1.7449345588684082
6352,0.9007177352905273
6353,-5.137357711791992
6354,1.7640843391418457
6355,0.8778324127197266
6356,-5.136822700500488
6357,2.144859790802002
6358,0.7771711349487305
6359,-8.323079109191895
6360,2.1308646202087402
6361,0.7439498901367188
6362,-3.0339508056640625
6363,2.285311222076416
6364,1.1245965957641602
6365,-5.9798479080200195
6366,2.276541233062744
6367,1.107619285583496
6368,-4.4347076416015625
6369,3.807715892791748
6370,1.2190303802490234
6371,-10.877626419067383
6372,3.808493137359619
6373,0.8111000061035156
6374,0.8341503143310547
6375,2.9105191230773926
6376,2.5225648880004883
6377,-12.408806800842285
6378,3.1022162437438965
6379,2.1280269622802734
6380,1.756103515625
6381,1.2771029472351074
6382,3.575425148010254
6383,-10.99935531616211
6384,1.881059169769287
6385,3.140322685241699
6386,-1.4057679176330566
6387,0.7856941223144531
6388,3.7637434005737305
6389,-12.55212688446045
6390,1.2414755821228027
6391,3.111945152282715
6392,-1.446681022644043
6393,0.6495718955993652
6394,3.67000675201416
6395,-11.746844291687012
6396,1.1875195503234863
6397,3.126315116882324
6398,-2.6733689308166504
6399,0.850257396697998
6400,3.6239500045776367
6401,-10.740360260009766
6402,1.3924651145935059
6403,3.176194190979004
6404,-2.037503242492676
6405,9.21674919128418
6406,1.1172418594360352
6407,-7.761859893798828
6408,8.796239852905273
6409,0.9047222137451172
6410,-0.2960958480834961
6411,5.911891460418701
6412,2.357771873474121
6413,-6.521567344665527
6414,5.896682262420654
6415,2.183211326599121
6416,2.324950695037842
6417,8.204668045043945
6418,3.6759424209594727
6419,-0.9446845054626465
6420,8.113182067871094
6421,3.4761152267456055
6422,6.7031965255737305
6423,8.922529220581055
6424,3.8170900344848633
6425,-0.4290120601654053
6426,8.717264175415039
6427,3.6250314712524414
6428,7.122597694396973
6429,6.8058552742004395
6430,4.074379920959473
6431,-1.1884589195251465
6432,6.801096439361572
6433,3.9813661575317383
6434,6.886054992675781
