,0
0,-0.7259130477905273
1,-8.836130142211914
2,-5.447333335876465
3,-0.663844108581543
4,-9.442998886108398
5,-5.700026512145996
6,-0.6017932891845703
7,-9.50480842590332
8,-5.6999945640563965
9,-0.5413951873779297
10,-9.577701568603516
11,-5.702728271484375
12,-0.7578830718994141
13,-9.360895156860352
14,-4.865959167480469
15,-0.766169548034668
16,-9.352296829223633
17,-4.865609169006348
18,-0.7762336730957031
19,-9.354385375976562
20,-4.866850852966309
21,-0.22722434997558594
22,-9.585124969482422
23,-5.3893141746521
24,-0.6164083480834961
25,-9.280946731567383
26,-1.5535069704055786
27,-0.4816474914550781
28,-8.528504371643066
29,-5.2277021408081055
30,-0.6224641799926758
31,-8.422684669494629
32,-4.132627964019775
33,0.7219161987304688
34,-8.213231086730957
35,-6.163877487182617
36,-0.40749263763427734
37,-7.035606384277344
38,2.0841169357299805
39,-0.4696922302246094
40,-10.285154342651367
41,-5.6762495040893555
42,-1.4205093383789062
43,-7.93093204498291
44,6.186229228973389
45,-0.7988100051879883
46,-12.72698974609375
47,-0.7880158424377441
48,-1.19873046875
49,-10.982282638549805
50,8.095169067382812
51,-0.9126577377319336
52,-13.24570083618164
53,-0.6712601184844971
54,-1.2898406982421875
55,-11.567888259887695
56,8.201505661010742
57,-0.851353645324707
58,-13.269353866577148
59,-0.9398880004882812
60,-1.0669775009155273
61,-11.428287506103516
62,8.147790908813477
63,-0.8021221160888672
64,-12.927547454833984
65,-0.7774665355682373
66,-1.009303092956543
67,-11.222251892089844
68,7.955448627471924
69,0.6169891357421875
70,-0.1249237060546875
71,-6.1417083740234375
72,0.0
73,0.0
74,0.0
75,0.3534212112426758
76,5.572806358337402
77,-7.3695244789123535
78,0.1145181655883789
79,5.5112504959106445
80,0.7465178966522217
81,0.8783206939697266
82,11.615334510803223
83,-8.313056945800781
84,0.4705801010131836
85,10.890915870666504
86,2.006330966949463
87,1.3432254791259766
88,12.545323371887207
89,-8.519430160522461
90,0.7533960342407227
91,11.630829811096191
92,2.0312113761901855
93,-0.40525341033935547
94,13.795073509216309
95,-11.308816909790039
96,-0.9291982650756836
97,12.609492301940918
98,0.5218360424041748
99,-0.7234230041503906
100,-8.78835678100586
101,-4.147858142852783
102,-0.6445217132568359
103,-9.420343399047852
104,-4.757397174835205
105,-0.5859222412109375
106,-9.486503601074219
107,-4.756983280181885
108,-0.529789924621582
109,-9.566428184509277
110,-4.758240699768066
111,-0.7303400039672852
112,-9.343708038330078
113,-3.753734588623047
114,-0.7350616455078125
115,-9.342855453491211
116,-3.754037380218506
117,-0.7427864074707031
118,-9.349115371704102
119,-3.7561116218566895
120,-0.21004772186279297
121,-9.592123985290527
122,-5.676601886749268
123,-0.5463552474975586
124,-9.288113594055176
125,-1.3445528745651245
126,-0.4791984558105469
127,-8.518355369567871
128,-4.4642438888549805
129,-0.6065511703491211
130,-8.42081069946289
131,-3.149080753326416
132,0.7475385665893555
133,-8.187812805175781
134,-7.372748374938965
135,-0.3765134811401367
136,-7.099895477294922
137,1.9261260032653809
138,-0.4448719024658203
139,-9.90841293334961
140,-9.420360565185547
141,-1.440199851989746
142,-7.737006664276123
143,6.652044773101807
144,-0.8401565551757812
145,-12.694051742553711
146,-7.391383171081543
147,-1.2728776931762695
148,-10.894161224365234
149,9.952693939208984
150,-0.9736328125
151,-13.30400276184082
152,-7.707793712615967
153,-1.2891340255737305
154,-11.480523109436035
155,10.359920501708984
156,-0.8958778381347656
157,-13.31421184539795
158,-7.784902095794678
159,-1.0750188827514648
160,-11.466585159301758
161,10.27467155456543
162,-0.8509178161621094
163,-12.974204063415527
164,-7.360806465148926
165,-1.1118345260620117
166,-11.243842124938965
167,9.857988357543945
168,0.6171503067016602
169,-0.12431144714355469
170,-6.206093788146973
171,-0.014291763305664062
172,9.34600830078125e-05
173,0.0643761157989502
174,0.3517189025878906
175,5.577042579650879
176,-7.116299152374268
177,0.11459064483642578
178,5.527802467346191
179,0.7465910911560059
180,0.8930978775024414
181,11.577326774597168
182,-7.517947196960449
183,0.4722557067871094
184,10.884867668151855
185,2.1161608695983887
186,1.3165664672851562
187,12.55196475982666
188,-7.648541450500488
189,0.8045358657836914
190,11.630467414855957
191,2.146475315093994
192,-0.36585521697998047
193,13.798392295837402
194,-10.535901069641113
195,-0.8207826614379883
196,12.630637168884277
197,0.5643119812011719
198,-0.7232332229614258
199,-8.716371536254883
200,-4.169984817504883
201,-0.6426143646240234
202,-9.342626571655273
203,-4.75171422958374
204,-0.5834321975708008
205,-9.407551765441895
206,-4.751029968261719
207,-0.527923583984375
208,-9.489139556884766
209,-4.751392841339111
210,-0.7252998352050781
211,-9.278218269348145
212,-3.7525229454040527
213,-0.72882080078125
214,-9.283894538879395
215,-3.7533538341522217
216,-0.7359952926635742
217,-9.295004844665527
218,-3.755086898803711
219,-0.19845867156982422
220,-9.553421974182129
221,-5.835043907165527
222,-0.5046672821044922
223,-9.276350021362305
224,-1.3557286262512207
225,-0.47925662994384766
226,-8.473745346069336
227,-4.495494842529297
228,-0.605128288269043
229,-8.386139869689941
230,-3.1894757747650146
231,0.7676181793212891
232,-8.057293891906738
233,-7.804644584655762
234,-0.3475942611694336
235,-7.006508827209473
236,1.6812620162963867
237,-0.3954286575317383
238,-9.63908576965332
239,-10.724018096923828
240,-1.5306129455566406
241,-7.25355863571167
242,6.2931599617004395
243,-0.9028959274291992
244,-12.511390686035156
245,-9.864490509033203
246,-1.5013647079467773
247,-10.407843589782715
248,9.557455062866211
249,-1.0832414627075195
250,-13.241056442260742
251,-10.408272743225098
252,-1.4272899627685547
253,-10.967784881591797
254,9.715089797973633
255,-1.0195112228393555
256,-13.233899116516113
257,-10.3562593460083
258,-1.337106704711914
259,-11.197858810424805
260,9.625738143920898
261,-0.9696292877197266
262,-12.832200050354004
263,-9.813882827758789
264,-1.3416156768798828
265,-10.954408645629883
266,9.374469757080078
267,0.617156982421875
268,-0.10352897644042969
269,-6.273859024047852
270,-0.013741493225097656
271,0.03200054168701172
272,0.13026046752929688
273,0.3499441146850586
274,5.584755897521973
275,-6.793686866760254
276,0.11510848999023438
277,5.542130470275879
278,0.7085051536560059
279,0.9231595993041992
280,11.528990745544434
281,-6.603183269500732
282,0.4903545379638672
283,10.880908012390137
284,2.0794639587402344
285,1.3184947967529297
286,12.519366264343262
287,-6.656607627868652
288,0.851140022277832
289,11.630457878112793
290,2.111304759979248
291,-0.3159465789794922
292,13.795653343200684
293,-9.338459014892578
294,-0.7145519256591797
295,12.662798881530762
296,0.471097469329834
297,-0.7273473739624023
298,-8.663629531860352
299,-4.010283946990967
300,-0.6462936401367188
301,-9.266298294067383
302,-4.634490013122559
303,-0.5906972885131836
304,-9.323447227478027
305,-4.633576393127441
306,-0.5401811599731445
307,-9.391820907592773
308,-4.633092880249023
309,-0.7253904342651367
310,-9.217790603637695
311,-3.610452175140381
312,-0.7284507751464844
313,-9.2287015914917
314,-3.6107277870178223
315,-0.7343530654907227
316,-9.245448112487793
317,-3.611917018890381
318,-0.19942665100097656
319,-9.502376556396484
320,-5.919060230255127
321,-0.48282718658447266
322,-9.266294479370117
323,-1.3356943130493164
324,-0.48705482482910156
325,-8.413641929626465
326,-4.409791946411133
327,-0.6053218841552734
328,-8.337625503540039
329,-3.064563274383545
330,0.7835607528686523
331,-8.014057159423828
332,-8.077583312988281
333,-0.28114986419677734
334,-6.947808742523193
335,1.6572585105895996
336,-0.3956565856933594
337,-9.518009185791016
338,-11.531291961669922
339,-1.5653057098388672
340,-6.7723894119262695
341,6.316003322601318
342,-1.1695775985717773
343,-12.196113586425781
344,-11.360269546508789
345,-1.7184133529663086
346,-9.72131633758545
347,9.371395111083984
348,-1.4033393859863281
349,-12.986760139465332
350,-12.044612884521484
351,-1.647538185119629
352,-10.43423080444336
353,9.692586898803711
354,-1.3634662628173828
355,-12.94408130645752
356,-12.01002311706543
357,-1.6022920608520508
358,-10.617490768432617
359,9.567867279052734
360,-1.3078737258911133
361,-12.510558128356934
362,-11.325273513793945
363,-1.577845573425293
364,-10.42076587677002
365,9.24789810180664
366,0.6189985275268555
367,-0.10284805297851562
368,-6.38106107711792
369,0.013970375061035156
370,0.043501853942871094
371,0.2365717887878418
372,0.34451961517333984
373,5.589665412902832
374,-6.825654029846191
375,0.11511421203613281
376,5.546460151672363
377,1.1404218673706055
378,0.9324150085449219
379,11.517327308654785
380,-6.989686012268066
381,0.49169445037841797
382,10.880263328552246
383,2.743779182434082
384,1.3163719177246094
385,12.519461631774902
386,-7.090100288391113
387,0.850499153137207
388,11.628952980041504
389,2.8077783584594727
390,-0.31702518463134766
391,13.795510292053223
392,-9.841455459594727
393,-0.7225475311279297
394,12.667378425598145
395,1.2106709480285645
396,-0.7259731292724609
397,-8.655670166015625
398,-4.065303802490234
399,-0.6418008804321289
400,-9.24324893951416
401,-4.651919364929199
402,-0.5867528915405273
403,-9.298013687133789
404,-4.651336669921875
405,-0.5344381332397461
406,-9.361217498779297
407,-4.65093469619751
408,-0.7221097946166992
409,-9.193613052368164
410,-3.6481573581695557
411,-0.7260055541992188
412,-9.202909469604492
413,-3.6484055519104004
414,-0.7326030731201172
415,-9.21783447265625
416,-3.6497385501861572
417,-0.1982259750366211
418,-9.456306457519531
419,-5.8985185623168945
420,-0.4784049987792969
421,-9.245856285095215
422,-1.3297030925750732
423,-0.48583030700683594
424,-8.400489807128906
425,-4.417502403259277
426,-0.6034393310546875
427,-8.326040267944336
428,-3.094158887863159
429,0.7982358932495117
430,-7.93953275680542
431,-7.966740608215332
432,-0.2776479721069336
433,-6.802992820739746
434,1.6467766761779785
435,-0.39839744567871094
436,-9.342617988586426
437,-11.049562454223633
438,-1.6072492599487305
439,-6.147223472595215
440,6.143899440765381
441,-1.4012088775634766
442,-11.776104927062988
443,-10.556951522827148
444,-1.9154491424560547
445,-9.164323806762695
446,8.605098724365234
447,-1.7219676971435547
448,-12.50423526763916
449,-11.200815200805664
450,-1.8381452560424805
451,-9.874263763427734
452,8.96927261352539
453,-1.6644411087036133
454,-12.506918907165527
455,-11.192581176757812
456,-1.821920394897461
457,-10.131476402282715
458,8.771188735961914
459,-1.5481386184692383
460,-12.061810493469238
461,-10.520994186401367
462,-1.7869157791137695
463,-9.931585311889648
464,8.490341186523438
465,0.6250476837158203
466,-0.10203742980957031
467,-6.387794017791748
468,0.01799488067626953
469,0.04579448699951172
470,0.24334502220153809
471,0.3425769805908203
472,5.591757774353027
473,-6.816371917724609
474,0.11204814910888672
475,5.546280860900879
476,1.1241564750671387
477,0.9313039779663086
478,11.510594367980957
479,-6.926551818847656
480,0.4898500442504883
481,10.859492301940918
482,2.6746044158935547
483,1.2931861877441406
484,12.519623756408691
485,-7.030163764953613
486,0.8491048812866211
487,11.572148323059082
488,2.726764678955078
489,-0.3179168701171875
490,13.790240287780762
491,-9.900650024414062
492,-0.7292718887329102
493,12.658190727233887
494,1.0984044075012207
495,-0.7172183990478516
496,-8.65802001953125
497,-4.069955348968506
498,-0.6353235244750977
499,-9.237748146057129
500,-4.609691619873047
501,-0.5794963836669922
502,-9.291545867919922
503,-4.609533786773682
504,-0.5267858505249023
505,-9.352676391601562
506,-4.6092424392700195
507,-0.7149677276611328
508,-9.186641693115234
509,-3.6334638595581055
510,-0.719329833984375
511,-9.194318771362305
512,-3.6337413787841797
513,-0.7262125015258789
514,-9.204574584960938
515,-3.634960651397705
516,-0.19651508331298828
517,-9.435455322265625
518,-5.893220901489258
519,-0.47179412841796875
520,-9.237098693847656
521,-1.270675539970398
522,-0.4826383590698242
523,-8.399515151977539
524,-4.371021747589111
525,-0.5941410064697266
526,-8.324583053588867
527,-3.079488754272461
528,0.8097553253173828
529,-7.872548580169678
530,-7.787304878234863
531,-0.2532539367675781
532,-6.679942607879639
533,1.659440517425537
534,-0.4085826873779297
535,-8.916036605834961
536,-11.130437850952148
537,-1.6145086288452148
538,-5.649385452270508
539,4.259347438812256
540,-1.649423599243164
541,-11.025333404541016
542,-11.061671257019043
543,-2.0012454986572266
544,-8.643646240234375
545,3.477135181427002
546,-2.0046024322509766
547,-11.532629013061523
548,-11.783544540405273
549,-2.019089698791504
550,-9.446739196777344
551,3.4210996627807617
552,-1.9336977005004883
553,-11.657708168029785
554,-11.699731826782227
555,-1.9630908966064453
556,-9.615866661071777
557,3.282443046569824
558,-1.8236360549926758
559,-11.42464828491211
560,-10.996416091918945
561,-1.929774284362793
562,-9.473512649536133
563,3.305685520172119
564,0.6384954452514648
565,-0.10122394561767578
566,-6.386866569519043
567,0.03524589538574219
568,0.051690101623535156
569,0.24234700202941895
570,0.34244823455810547
571,5.604500770568848
572,-6.863349914550781
573,0.10866069793701172
574,5.560179710388184
575,1.1234760284423828
576,0.9315805435180664
577,11.514195442199707
578,-7.155726909637451
579,0.4842996597290039
580,10.85948657989502
581,2.6041879653930664
582,1.2808923721313477
583,12.536543846130371
584,-7.284572601318359
585,0.8466730117797852
586,11.571179389953613
587,2.644291400909424
588,-0.31731128692626953
589,13.789759635925293
590,-10.13495922088623
591,-0.7343845367431641
592,12.65219783782959
593,1.0192952156066895
594,-0.7395477294921875
595,-8.659765243530273
596,-4.230066299438477
597,-0.6582317352294922
598,-9.23179817199707
599,-4.7287187576293945
600,-0.6024494171142578
601,-9.284786224365234
602,-4.7287750244140625
603,-0.5479507446289062
604,-9.344722747802734
605,-4.728837966918945
606,-0.7433834075927734
607,-9.177504539489746
608,-3.774588108062744
609,-0.7507619857788086
610,-9.180948257446289
611,-3.774876832962036
612,-0.7601108551025391
613,-9.188037872314453
614,-3.776200294494629
615,-0.213134765625
616,-9.416043281555176
617,-5.859806060791016
618,-0.48472023010253906
619,-9.224743843078613
620,-1.2834917306900024
621,-0.5012531280517578
622,-8.391942977905273
623,-4.457921504974365
624,-0.6088428497314453
625,-8.314260482788086
626,-3.196140766143799
627,0.8196611404418945
628,-7.775048732757568
629,-7.855867385864258
630,-0.25316905975341797
631,-6.500885963439941
632,1.464348316192627
633,-0.39032459259033203
634,-8.348880767822266
635,-12.225122451782227
636,-1.6196489334106445
637,-5.341472625732422
638,4.3812456130981445
639,-1.677403450012207
640,-10.114011764526367
641,-13.797367095947266
642,-2.1859207153320312
643,-8.290983200073242
644,4.2068071365356445
645,-2.145266532897949
646,-10.608697891235352
647,-14.734685897827148
648,-2.2635116577148438
649,-9.045356750488281
650,4.2267913818359375
651,-2.037565231323242
652,-10.779041290283203
653,-14.579944610595703
654,-2.2430801391601562
655,-9.314826965332031
656,3.9078731536865234
657,-1.9272966384887695
658,-10.602252960205078
659,-13.749723434448242
660,-2.1606101989746094
661,-9.049896240234375
662,3.982442855834961
663,0.6797256469726562
664,-0.09792041778564453
665,-6.381436347961426
666,0.07165050506591797
667,0.07553291320800781
668,0.23693060874938965
669,0.34163665771484375
670,5.604231834411621
671,-6.8119025230407715
672,0.09852218627929688
673,5.561186790466309
674,1.112205982208252
675,0.9326353073120117
676,11.517403602600098
677,-6.693696975708008
678,0.4789609909057617
679,10.866063117980957
680,2.576101779937744
681,1.275136947631836
682,12.538832664489746
683,-6.786731719970703
684,0.8463077545166016
685,11.571425437927246
686,2.5753822326660156
687,-0.31256866455078125
688,13.788535118103027
689,-9.872831344604492
690,-0.7408514022827148
691,12.640334129333496
692,0.5341718196868896
693,-0.7950506210327148
694,-8.637382507324219
695,-3.9934568405151367
696,-0.7247371673583984
697,-9.176756858825684
698,-4.511170864105225
699,-0.6737489700317383
700,-9.233372688293457
701,-4.511959075927734
702,-0.6223154067993164
703,-9.295343399047852
704,-4.511780261993408
705,-0.7959814071655273
706,-9.1022310256958
707,-3.551668643951416
708,-0.7975912094116211
709,-9.095947265625
710,-3.5518269538879395
711,-0.8002557754516602
712,-9.091020584106445
713,-3.55307674407959
714,-0.2682380676269531
715,-9.36933708190918
716,-5.763093948364258
717,-0.4965648651123047
718,-9.144548416137695
719,-1.1841905117034912
720,-0.5521583557128906
721,-8.364604949951172
722,-4.285369396209717
723,-0.6383943557739258
724,-8.263364791870117
725,-3.0092549324035645
726,0.8189563751220703
727,-7.745240688323975
728,-7.772040367126465
729,-0.23034286499023438
730,-6.294951438903809
731,1.5157108306884766
732,-0.39717674255371094
733,-7.891586780548096
734,-12.478946685791016
735,-1.6146249771118164
736,-4.866765975952148
737,4.857193470001221
738,-1.8951377868652344
739,-9.393250465393066
740,-14.596782684326172
741,-2.316110610961914
742,-7.755710601806641
743,5.84036111831665
744,-2.3504819869995117
745,-9.785892486572266
746,-15.605995178222656
747,-2.429004669189453
748,-8.532154083251953
749,5.98930025100708
750,-2.3027238845825195
751,-10.104316711425781
752,-15.393632888793945
753,-2.4256973266601562
754,-8.817758560180664
755,5.702761173248291
756,-2.186809539794922
757,-9.871564865112305
758,-14.539430618286133
759,-2.3537235260009766
760,-8.523271560668945
761,5.6455512046813965
762,0.7212228775024414
763,-0.09641742706298828
764,-6.3990278244018555
765,0.1407337188720703
766,0.12179946899414062
767,0.25447559356689453
768,0.3415412902832031
769,5.604670524597168
770,-6.822509765625
771,0.08824920654296875
772,5.571303367614746
773,0.7883322238922119
774,0.9324808120727539
775,11.538554191589355
776,-6.498852729797363
777,0.4767160415649414
778,10.875470161437988
779,1.9102911949157715
780,1.2715873718261719
781,12.538849830627441
782,-6.556506156921387
783,0.8445329666137695
784,11.596983909606934
785,1.8762803077697754
786,-0.3082599639892578
787,13.786137580871582
788,-9.51827335357666
789,-0.7434806823730469
790,12.652688026428223
791,-0.21057796478271484
792,-0.8503265380859375
793,-8.544921875
794,-3.818394184112549
795,-0.8024692535400391
796,-9.036087036132812
797,-4.36484432220459
798,-0.7577180862426758
799,-9.087640762329102
800,-4.365967750549316
801,-0.7124242782592773
802,-9.143486022949219
803,-4.366074085235596
804,-0.8535909652709961
805,-8.963045120239258
806,-3.3812732696533203
807,-0.8465995788574219
808,-8.956747055053711
809,-3.381021499633789
810,-0.8405437469482422
811,-8.9534912109375
812,-3.3821918964385986
813,-0.3464698791503906
814,-9.26595401763916
815,-5.7440948486328125
816,-0.5067195892333984
817,-9.061826705932617
818,-1.1012730598449707
819,-0.6022567749023438
820,-8.242874145507812
821,-4.169773578643799
822,-0.6653709411621094
823,-8.14654541015625
824,-2.860980272293091
825,0.7813882827758789
826,-7.683548450469971
827,-7.930994510650635
828,-0.1684551239013672
829,-6.274046897888184
830,1.6094160079956055
831,-0.4548931121826172
832,-7.191165447235107
833,-12.321113586425781
834,-1.554966926574707
835,-4.4470319747924805
836,5.129758358001709
837,-2.1621084213256836
838,-8.760708808898926
839,-14.098562240600586
840,-2.385483741760254
841,-7.251421928405762
842,5.560044765472412
843,-2.604191780090332
844,-9.149953842163086
845,-15.151496887207031
846,-2.5530271530151367
847,-7.952143669128418
848,5.750356197357178
849,-2.5691041946411133
850,-9.432954788208008
851,-14.85898208618164
852,-2.6013355255126953
853,-8.278509140014648
854,5.2405009269714355
855,-2.4048757553100586
856,-9.217142105102539
857,-14.003589630126953
858,-2.4744043350219727
859,-8.021738052368164
860,5.278499126434326
861,0.7474260330200195
862,-0.07754802703857422
863,-6.466019153594971
864,0.2633790969848633
865,0.20098114013671875
866,0.3222370147705078
867,0.3377857208251953
868,5.604741096496582
869,-6.8223700523376465
870,0.07378482818603516
871,5.583279609680176
872,0.7889084815979004
873,0.9373636245727539
874,11.539008140563965
875,-6.228429794311523
876,0.4794645309448242
877,10.901307106018066
878,2.1050190925598145
879,1.2808504104614258
880,12.538861274719238
881,-6.242144584655762
882,0.851222038269043
883,11.666314125061035
884,2.1151795387268066
885,-0.28580379486083984
886,13.786465644836426
887,-8.929102897644043
888,-0.7228937149047852
889,12.734395027160645
890,0.013631105422973633
891,-0.932103157043457
892,-8.421510696411133
893,-3.6390364170074463
894,-0.9011058807373047
895,-8.9110746383667
896,-4.21329927444458
897,-0.8600435256958008
898,-8.958248138427734
899,-4.214634418487549
900,-0.8158788681030273
901,-9.010830879211426
902,-4.214798927307129
903,-0.9364986419677734
904,-8.85321044921875
905,-3.219053268432617
906,-0.9224433898925781
907,-8.851902961730957
908,-3.218620538711548
909,-0.9068756103515625
910,-8.856043815612793
911,-3.2197091579437256
912,-0.41529178619384766
913,-9.189970970153809
914,-5.723823070526123
915,-0.5198631286621094
916,-9.011906623840332
917,-1.0597336292266846
918,-0.6681594848632812
919,-8.082235336303711
920,-4.045019149780273
921,-0.7089519500732422
922,-8.002266883850098
923,-2.7266407012939453
924,0.7205038070678711
925,-7.6087141036987305
926,-8.14116096496582
927,-0.10772705078125
928,-6.248896598815918
929,1.7600817680358887
930,-0.5792989730834961
931,-6.638542175292969
932,-12.175666809082031
933,-1.3859882354736328
934,-4.08259391784668
935,5.368553638458252
936,-2.36655330657959
937,-7.9023284912109375
938,-13.746545791625977
939,-2.401458740234375
940,-6.545158386230469
941,6.234120845794678
942,-2.7647628784179688
943,-8.321998596191406
944,-14.784515380859375
945,-2.6877288818359375
946,-7.223140239715576
947,6.300368785858154
948,-2.742377281188965
949,-8.629131317138672
950,-14.461214065551758
951,-2.6528501510620117
952,-7.448541641235352
953,6.105686664581299
954,-2.6297712326049805
955,-8.40872859954834
956,-13.61810302734375
957,-2.561394691467285
958,-7.298785209655762
959,6.03235387802124
960,0.7755279541015625
961,-0.053750038146972656
962,-6.4703569412231445
963,0.3177661895751953
964,0.23651409149169922
965,0.3272073268890381
966,0.3361368179321289
967,5.606030464172363
968,-6.794370651245117
969,0.030869483947753906
970,5.590645790100098
971,0.7516615390777588
972,0.936004638671875
973,11.544306755065918
974,-6.129221439361572
975,0.4751863479614258
976,10.912064552307129
977,2.1713314056396484
978,1.2817621231079102
979,12.551196098327637
980,-6.141037940979004
981,0.8452491760253906
982,11.68840503692627
983,2.2050929069519043
984,-0.2861747741699219
985,13.78278636932373
986,-8.756787300109863
987,-0.7260637283325195
988,12.732707023620605
989,0.23143744468688965
990,-1.0073480606079102
991,-8.366230010986328
992,-3.7982380390167236
993,-0.9796638488769531
994,-8.858675003051758
995,-4.359015941619873
996,-0.9424457550048828
997,-8.906880378723145
998,-4.360230922698975
999,-0.9011659622192383
1000,-8.956417083740234
1001,-4.360564231872559
1002,-1.001246452331543
1003,-8.816905975341797
1004,-3.368598461151123
1005,-0.9802389144897461
1006,-8.823253631591797
1007,-3.368227958679199
1008,-0.9555902481079102
1009,-8.835046768188477
1010,-3.3692808151245117
1011,-0.4771852493286133
1012,-9.148609161376953
1013,-5.780629634857178
1014,-0.532984733581543
1015,-9.004731178283691
1016,-1.081037163734436
1017,-0.7422628402709961
1018,-8.015727043151855
1019,-4.157562255859375
1020,-0.7622060775756836
1021,-7.957278728485107
1022,-2.8517608642578125
1023,0.6484975814819336
1024,-7.534413814544678
1025,-8.389201164245605
1026,-0.04673576354980469
1027,-6.2726240158081055
1028,1.7726125717163086
1029,-0.6764049530029297
1030,-5.852062225341797
1031,-11.886531829833984
1032,-1.1791391372680664
1033,-3.6798276901245117
1034,4.789114475250244
1035,-2.528057098388672
1036,-6.982393264770508
1037,-12.877006530761719
1038,-2.386882781982422
1039,-5.640142440795898
1040,4.331920623779297
1041,-2.9297752380371094
1042,-7.397520542144775
1043,-13.841201782226562
1044,-2.7227935791015625
1045,-6.185467720031738
1046,4.491682529449463
1047,-2.8809566497802734
1048,-7.6930718421936035
1049,-13.528844833374023
1050,-2.674147605895996
1051,-6.500566482543945
1052,3.986417293548584
1053,-2.7569284439086914
1054,-7.521852970123291
1055,-12.725170135498047
1056,-2.5797834396362305
1057,-6.298330307006836
1058,4.02837610244751
1059,0.8063087463378906
1060,-0.04204082489013672
1061,-6.4633893966674805
1062,0.3561105728149414
1063,0.26230907440185547
1064,0.3205235004425049
1065,0.3361053466796875
1066,5.607176780700684
1067,-6.795679092407227
1068,-0.01638507843017578
1069,5.5968427658081055
1070,0.7559454441070557
1071,0.9362325668334961
1072,11.555575370788574
1073,-6.0823774337768555
1074,0.46942138671875
1075,10.9220609664917
1076,2.60023832321167
1077,1.2878313064575195
1078,12.569951057434082
1079,-6.0926618576049805
1080,0.8378143310546875
1081,11.695990562438965
1082,2.6827335357666016
1083,-0.2863616943359375
1084,13.783656120300293
1085,-8.651373863220215
1086,-0.7285480499267578
1087,12.715439796447754
1088,1.0044846534729004
1089,-1.0626802444458008
1090,-8.267654418945312
1091,-3.6141357421875
1092,-1.0406818389892578
1093,-8.77688980102539
1094,-4.185351848602295
1095,-1.0072059631347656
1096,-8.826353073120117
1097,-4.186836242675781
1098,-0.9691705703735352
1099,-8.883113861083984
1100,-4.186798095703125
1101,-1.0508689880371094
1102,-8.741565704345703
1103,-3.177422285079956
1104,-1.0259532928466797
1105,-8.755119323730469
1106,-3.1770989894866943
1107,-0.9957828521728516
1108,-8.77480697631836
1109,-3.1781065464019775
1110,-0.5361394882202148
1111,-9.08949089050293
1112,-5.674572944641113
1113,-0.5545454025268555
1114,-8.969266891479492
1115,-0.9676933288574219
1116,-0.7944431304931641
1117,-7.930957794189453
1118,-4.0150957107543945
1119,-0.8026113510131836
1120,-7.873528957366943
1121,-2.6887283325195312
1122,0.6234207153320312
1123,-7.425949573516846
1124,-8.284064292907715
1125,-0.02523517608642578
1126,-6.161617279052734
1127,2.0365633964538574
1128,-0.6717977523803711
1129,-5.243734359741211
1130,-12.345027923583984
1131,-1.0374603271484375
1132,-3.388795852661133
1133,4.756728649139404
1134,-2.6044206619262695
1135,-6.115382194519043
1136,-14.599357604980469
1137,-2.4280290603637695
1138,-4.588583946228027
1139,3.8809666633605957
1140,-3.042483329772949
1141,-6.439789772033691
1142,-15.736066818237305
1143,-2.775759696960449
1144,-5.045061111450195
1145,4.034617900848389
1146,-3.016324043273926
1147,-6.656279563903809
1148,-15.370782852172852
1149,-2.7898035049438477
1150,-5.356635093688965
1151,3.4793615341186523
1152,-2.863687515258789
1153,-6.473790168762207
1154,-14.451173782348633
1155,-2.6540489196777344
1156,-5.269543647766113
1157,3.559074878692627
1158,0.8556146621704102
1159,-0.017622947692871094
1160,-6.467000961303711
1161,0.3808870315551758
1162,0.2858142852783203
1163,0.3242471218109131
1164,0.3361377716064453
1165,5.6043806076049805
1166,-7.092667579650879
1167,-0.09480571746826172
1168,5.59633731842041
1169,0.34729814529418945
1170,0.9283180236816406
1171,11.555710792541504
1172,-6.336306571960449
1173,0.45212650299072266
1174,10.92035961151123
1175,2.1579627990722656
1176,1.2917375564575195
1177,12.577906608581543
1178,-6.433879375457764
1179,0.8188257217407227
1180,11.686495780944824
1181,2.235325813293457
1182,-0.28559207916259766
1183,13.769234657287598
1184,-9.154728889465332
1185,-0.7543373107910156
1186,12.6876802444458
1187,0.7495009899139404
1188,-1.1105012893676758
1189,-8.195828437805176
1190,-3.6484923362731934
1191,-1.0891876220703125
1192,-8.736051559448242
1193,-4.209964752197266
1194,-1.0562553405761719
1195,-8.784786224365234
1196,-4.21157169342041
1197,-1.0178709030151367
1198,-8.841348648071289
1199,-4.211660385131836
1200,-1.096287727355957
1201,-8.705217361450195
1202,-3.213057279586792
1203,-1.0696077346801758
1204,-8.722671508789062
1205,-3.2126622200012207
1206,-1.0362262725830078
1207,-8.746383666992188
1208,-3.2137701511383057
1209,-0.5728912353515625
1210,-9.041465759277344
1211,-5.665134429931641
1212,-0.5751523971557617
1213,-8.945154190063477
1214,-1.0078060626983643
1215,-0.8372507095336914
1216,-7.857280254364014
1217,-4.0473151206970215
1218,-0.8437471389770508
1219,-7.795507907867432
1220,-2.7381467819213867
1221,0.6191682815551758
1222,-7.342617988586426
1223,-8.2803955078125
1224,-0.03336620330810547
1225,-6.062816619873047
1226,2.030339241027832
1227,-0.5980739593505859
1228,-4.808293342590332
1229,-11.875492095947266
1230,-1.0315351486206055
1231,-3.3232288360595703
1232,4.14854097366333
1233,-2.646413803100586
1234,-5.217162132263184
1235,-13.689891815185547
1236,-2.744405746459961
1237,-3.872645378112793
1238,2.3519692420959473
1239,-3.1272974014282227
1240,-5.4305315017700195
1241,-14.818193435668945
1242,-3.136385917663574
1243,-4.150640487670898
1244,2.31044864654541
1245,-3.1219491958618164
1246,-5.683996200561523
1247,-14.537872314453125
1248,-3.1434993743896484
1249,-4.383927345275879
1250,1.556149959564209
1251,-2.972414016723633
1252,-5.5565690994262695
1253,-13.565872192382812
1254,-3.031529426574707
1255,-4.34116268157959
1256,1.9079713821411133
1257,0.9174365997314453
1258,0.03606414794921875
1259,-6.432568550109863
1260,0.3775672912597656
1261,0.3339958190917969
1262,0.2901449203491211
1263,0.33748817443847656
1264,5.605185508728027
1265,-7.46016263961792
1266,-0.1592550277709961
1267,5.596392631530762
1268,0.1583249568939209
1269,0.9282426834106445
1270,11.573349952697754
1271,-6.962368965148926
1272,0.4253416061401367
1273,10.920931816101074
1274,2.044127941131592
1275,1.3030261993408203
1276,12.595433235168457
1277,-7.021707534790039
1278,0.7932968139648438
1279,11.68694019317627
1280,2.118842124938965
1281,-0.2634124755859375
1282,13.77051067352295
1283,-9.501386642456055
1284,-0.7666511535644531
1285,12.688014030456543
1286,0.7052502632141113
1287,-1.176436424255371
1288,-8.123519897460938
1289,-3.4800755977630615
1290,-1.1521368026733398
1291,-8.682975769042969
1292,-4.060090065002441
1293,-1.1175222396850586
1294,-8.729040145874023
1295,-4.062113285064697
1296,-1.0766887664794922
1297,-8.783536911010742
1298,-4.062471866607666
1299,-1.1626510620117188
1300,-8.658075332641602
1301,-3.0222482681274414
1302,-1.1373472213745117
1303,-8.678166389465332
1304,-3.021355390548706
1305,-1.1035232543945312
1306,-8.705364227294922
1307,-3.0223569869995117
1308,-0.6235494613647461
1309,-8.977092742919922
1310,-5.615979194641113
1311,-0.6195182800292969
1312,-8.90304183959961
1313,-0.8567206859588623
1314,-0.8878746032714844
1315,-7.771608352661133
1316,-3.9411869049072266
1317,-0.904789924621582
1318,-7.7109270095825195
1319,-2.5823216438293457
1320,0.6089191436767578
1321,-7.255817890167236
1322,-8.410276412963867
1323,-0.03001880645751953
1324,-6.016212463378906
1325,2.248762607574463
1326,-0.4937458038330078
1327,-4.482097625732422
1328,-11.709300994873047
1329,-0.995173454284668
1330,-3.0811376571655273
1331,4.380279064178467
1332,-2.678133964538574
1333,-4.157746315002441
1334,-13.256231307983398
1335,-2.8630456924438477
1336,-3.1909284591674805
1337,2.3214898109436035
1338,-3.20236873626709
1339,-4.110832214355469
1340,-14.466951370239258
1341,-3.2787952423095703
1342,-3.252655029296875
1343,2.246204376220703
1344,-3.23372745513916
1345,-4.372796058654785
1346,-14.165868759155273
1347,-3.3919553756713867
1348,-3.5258255004882812
1349,1.2954378128051758
1350,-3.0567808151245117
1351,-4.381556510925293
1352,-13.11876106262207
1353,-3.2170276641845703
1354,-3.546269416809082
1355,1.7820472717285156
1356,0.9811162948608398
1357,0.10461902618408203
1358,-6.431118011474609
1359,0.3960714340209961
1360,0.36466026306152344
1361,0.28883862495422363
1362,0.33809471130371094
1363,5.612860679626465
1364,-7.832686424255371
1365,-0.22964954376220703
1366,5.596137046813965
1367,-0.23898959159851074
1368,0.9177093505859375
1369,11.579752922058105
1370,-7.533964157104492
1371,0.3818550109863281
1372,10.924910545349121
1373,1.6651763916015625
1374,1.2964363098144531
1375,12.609906196594238
1376,-7.596556663513184
1377,0.7580022811889648
1378,11.688307762145996
1379,1.7364239692687988
1380,-0.26415443420410156
1381,13.769766807556152
1382,-10.116287231445312
1383,-0.8478851318359375
1384,12.675488471984863
1385,0.31565046310424805
1386,-1.2010202407836914
1387,-8.110767364501953
1388,-3.4327352046966553
1389,-1.1703729629516602
1390,-8.655116081237793
1391,-4.0354695320129395
1392,-1.1350078582763672
1393,-8.701469421386719
1394,-4.03777551651001
1395,-1.094466209411621
1396,-8.756658554077148
1397,-4.038597106933594
1398,-1.1841239929199219
1399,-8.631975173950195
1400,-2.9830539226531982
1401,-1.1597604751586914
1402,-8.654120445251465
1403,-2.981874704360962
1404,-1.1270484924316406
1405,-8.685954093933105
1406,-2.982975959777832
1407,-0.6561241149902344
1408,-8.947345733642578
1409,-5.615683555603027
1410,-0.6556453704833984
1411,-8.880487442016602
1412,-0.8544020652770996
1413,-0.9184608459472656
1414,-7.753428936004639
1415,-3.928657054901123
1416,-0.9403467178344727
1417,-7.6963911056518555
1418,-2.554015636444092
1419,0.5917501449584961
1420,-7.157652854919434
1421,-8.459005355834961
1422,-0.03142356872558594
1423,-6.054474830627441
1424,2.284158229827881
1425,-0.39792728424072266
1426,-4.03961181640625
1427,-11.514657974243164
1428,-0.9358081817626953
1429,-2.971554756164551
1430,4.087313652038574
1431,-2.531752586364746
1432,-3.1217660903930664
1433,-12.938165664672852
1434,-2.713674545288086
1435,-2.2761316299438477
1436,1.5449156761169434
1437,-3.0225820541381836
1438,-2.9848995208740234
1439,-13.079193115234375
1440,-3.0945653915405273
1441,-2.287970542907715
1442,1.408041000366211
1443,-3.0625762939453125
1444,-3.3250484466552734
1445,-13.109748840332031
1446,-3.1532773971557617
1447,-2.5684385299682617
1448,0.4563748836517334
1449,-2.9037208557128906
1450,-3.322054862976074
1451,-12.40341567993164
1452,-3.0491695404052734
1453,-2.5445356369018555
1454,0.991938591003418
1455,1.035538673400879
1456,0.13174152374267578
1457,-6.418290138244629
1458,0.4069051742553711
1459,0.3754091262817383
1460,0.27655482292175293
1461,0.3543825149536133
1462,5.614621162414551
1463,-7.729057788848877
1464,-0.24145221710205078
1465,5.596041679382324
1466,-0.23439693450927734
1467,0.9210529327392578
1468,11.579121589660645
1469,-7.528849124908447
1470,0.3548898696899414
1471,10.921004295349121
1472,2.088648796081543
1473,1.292562484741211
1474,12.609591484069824
1475,-7.601927280426025
1476,0.7219610214233398
1477,11.681822776794434
1478,2.1622848510742188
1479,-0.2566556930541992
1480,13.769547462463379
1481,-10.180523872375488
1482,-0.8810606002807617
1483,12.672099113464355
1484,0.8420531749725342
1485,-1.256260871887207
1486,-8.122557640075684
1487,-3.2314939498901367
1488,-1.2184877395629883
1489,-8.660113334655762
1490,-3.8627161979675293
1491,-1.1814203262329102
1492,-8.707863807678223
1493,-3.8649368286132812
1494,-1.1401243209838867
1495,-8.764348983764648
1496,-3.865781784057617
1497,-1.237879753112793
1498,-8.635408401489258
1499,-2.7833709716796875
1500,-1.2154293060302734
1501,-8.658424377441406
1502,-2.7817087173461914
1503,-1.1844615936279297
1504,-8.69178581237793
1505,-2.7829220294952393
1506,-0.7142391204833984
1507,-8.951642990112305
1508,-5.58354377746582
1509,-0.7272920608520508
1510,-8.878734588623047
1511,-0.7148263454437256
1512,-0.9752655029296875
1513,-7.756793975830078
1514,-3.784607172012329
1515,-0.9979887008666992
1516,-7.693452835083008
1517,-2.376842975616455
1518,0.5705280303955078
1519,-7.155065059661865
1520,-8.482343673706055
1521,-0.03428840637207031
1522,-6.096027374267578
1523,2.4980034828186035
1524,-0.19385051727294922
1525,-3.7477102279663086
1526,-10.788848876953125
1527,-0.5677947998046875
1528,-2.835341453552246
1529,4.237086296081543
1530,-2.426161766052246
1531,-2.194119453430176
1532,-10.217521667480469
1533,-2.615375518798828
1534,-1.379439353942871
1535,1.929011344909668
1536,-2.807809829711914
1537,-1.6641969680786133
1538,-11.006169319152832
1539,-2.890294075012207
1540,-1.0662260055541992
1541,1.8555512428283691
1542,-2.825455665588379
1543,-1.9358501434326172
1544,-10.853055953979492
1545,-2.9223413467407227
1546,-1.2388887405395508
1547,0.9083261489868164
1548,-2.682464599609375
1549,-2.0664892196655273
1550,-9.892691612243652
1551,-2.813704490661621
1552,-1.3671789169311523
1553,1.3887009620666504
1554,1.0999755859375
1555,0.1401214599609375
1556,-6.41588020324707
1557,0.43628883361816406
1558,0.3762950897216797
1559,0.2740476131439209
1560,0.36809539794921875
1561,5.6146440505981445
1562,-7.724025249481201
1563,-0.2648019790649414
1564,5.595099449157715
1565,-0.04564833641052246
1566,0.9336442947387695
1567,11.581067085266113
1568,-7.581216335296631
1569,0.34227561950683594
1570,10.921452522277832
1571,2.051074504852295
1572,1.2946109771728516
1573,12.634598731994629
1574,-7.6662917137146
1575,0.70556640625
1576,11.681344032287598
1577,2.09989070892334
1578,-0.2423839569091797
1579,13.77258586883545
1580,-10.25031852722168
1581,-0.910374641418457
1582,12.668992042541504
1583,0.8212065696716309
1584,-1.3337078094482422
1585,-8.054912567138672
1586,-3.356257915496826
1587,-1.3075323104858398
1588,-8.591018676757812
1589,-3.9775869846343994
1590,-1.268284797668457
1591,-8.642081260681152
1592,-3.9796862602233887
1593,-1.2241334915161133
1594,-8.704465866088867
1595,-3.980665445327759
1596,-1.3276348114013672
1597,-8.560647964477539
1598,-2.897400379180908
1599,-1.3057594299316406
1600,-8.582442283630371
1601,-2.895456314086914
1602,-1.2753171920776367
1603,-8.617247581481934
1604,-2.896439790725708
1605,-0.7886018753051758
1606,-8.919109344482422
1607,-5.647101879119873
1608,-0.8185930252075195
1609,-8.837808609008789
1610,-0.7542986869812012
1611,-1.0316085815429688
1612,-7.678616523742676
1613,-3.8765296936035156
1614,-1.0549850463867188
1615,-7.604063510894775
1616,-2.4731950759887695
1617,0.5393180847167969
1618,-7.1484575271606445
1619,-8.736894607543945
1620,-0.06141090393066406
1621,-6.115263938903809
1622,2.4831666946411133
1623,0.03157997131347656
1624,-3.3502206802368164
1625,-10.606038093566895
1626,-0.16953277587890625
1627,-2.6309242248535156
1628,3.972890853881836
1629,-2.0229291915893555
1630,-1.2629766464233398
1631,-8.916536331176758
1632,-1.7874374389648438
1633,-0.6449451446533203
1634,1.3506956100463867
1635,-2.4723892211914062
1636,-0.5113983154296875
1637,-9.789163589477539
1638,-1.8625717163085938
1639,0.4078826904296875
1640,1.2055511474609375
1641,-2.671222686767578
1642,-0.7645483016967773
1643,-9.639963150024414
1644,-2.5010290145874023
1645,-0.1482372283935547
1646,0.23197317123413086
1647,-2.545557975769043
1648,-0.9963169097900391
1649,-8.707799911499023
1650,-2.2852373123168945
1651,-0.36231040954589844
1652,0.7970592975616455
1653,1.168004035949707
1654,0.16413021087646484
1655,-6.415561676025391
1656,0.47192955017089844
1657,0.39156627655029297
1658,0.2739436626434326
1659,0.3743114471435547
1660,5.615748405456543
1661,-7.677521228790283
1662,-0.2870607376098633
1663,5.594504356384277
1664,0.2269284725189209
1665,0.9406709671020508
1666,11.59765911102295
1667,-7.562283515930176
1668,0.34227848052978516
1669,10.918824195861816
1670,2.2395834922790527
1671,1.291722297668457
1672,12.65847110748291
1673,-7.64790153503418
1674,0.7062578201293945
1675,11.682156562805176
1676,2.2682876586914062
1677,-0.24344253540039062
1678,13.804818153381348
1679,-10.24084758758545
1680,-0.9099063873291016
1681,12.665596961975098
1682,0.9576807022094727
1683,-1.3697452545166016
1684,-7.93178653717041
1685,-3.4261388778686523
1686,-1.363983154296875
1687,-8.462682723999023
1688,-4.046508312225342
1689,-1.3272504806518555
1690,-8.515777587890625
1691,-4.048496246337891
1692,-1.2876043319702148
1693,-8.578496932983398
1694,-4.049318313598633
1695,-1.3835105895996094
1696,-8.430133819580078
1697,-2.9570462703704834
1698,-1.3627042770385742
1699,-8.454652786254883
1700,-2.9548470973968506
1701,-1.3357229232788086
1702,-8.490753173828125
1703,-2.95605731010437
1704,-0.8754253387451172
1705,-8.842924118041992
1706,-5.721414566040039
1707,-0.9154996871948242
1708,-8.751310348510742
1709,-0.7858946323394775
1710,-1.0776023864746094
1711,-7.596349239349365
1712,-3.940190315246582
1713,-1.1032171249389648
1714,-7.512549877166748
1715,-2.534843921661377
1716,0.4731740951538086
1717,-7.137528896331787
1718,-8.861639022827148
1719,-0.08861446380615234
1720,-6.139763832092285
1721,2.431140422821045
1722,0.1416473388671875
1723,-3.0534791946411133
1724,-10.544538497924805
1725,0.0063762664794921875
1726,-2.5560998916625977
1727,3.6725449562072754
1728,-1.306344985961914
1729,-0.1931629180908203
1730,-9.095854759216309
1731,-1.1070356369018555
1732,0.614405632019043
1733,1.076056957244873
1734,-1.648453712463379
1735,0.5981235504150391
1736,-9.955782890319824
1737,-1.413905143737793
1738,1.1466455459594727
1739,0.9782805442810059
1740,-1.9015569686889648
1741,0.541203498840332
1742,-9.825409889221191
1743,-1.8176803588867188
1744,1.0718278884887695
1745,-0.03389143943786621
1746,-1.7653465270996094
1747,0.3177776336669922
1748,-8.942852020263672
1749,-1.6239032745361328
1750,0.8975648880004883
1751,0.5169675350189209
1752,1.196793556213379
1753,0.19446182250976562
1754,-6.417023181915283
1755,0.5263547897338867
1756,0.40306758880615234
1757,0.27556633949279785
1758,0.37875843048095703
1759,5.613095283508301
1760,-7.702089786529541
1761,-0.2947378158569336
1762,5.590886116027832
1763,0.2741098403930664
1764,0.9222955703735352
1765,11.636578559875488
1766,-7.5290913581848145
1767,0.34295177459716797
1768,10.918566703796387
1769,2.125473976135254
1770,1.2686500549316406
1771,12.692893028259277
1772,-7.619485855102539
1773,0.7102394104003906
1774,11.688456535339355
1775,2.139923572540283
1776,-0.28104305267333984
1777,13.7897367477417
1778,-10.276607513427734
1779,-0.9093618392944336
1780,12.590750694274902
1781,0.7383134365081787
1782,-1.4480390548706055
1783,-7.790824890136719
1784,-5.003629207611084
1785,-1.4635534286499023
1786,-8.335748672485352
1787,-5.643629550933838
1788,-1.4290437698364258
1789,-8.391419410705566
1790,-5.644707679748535
1791,-1.3918685913085938
1792,-8.457623481750488
1793,-5.644981384277344
1794,-1.4810218811035156
1795,-8.30527114868164
1796,-4.519200801849365
1797,-1.4610795974731445
1798,-8.333924293518066
1799,-4.517592430114746
1800,-1.4363975524902344
1801,-8.374164581298828
1802,-4.519265651702881
1803,-0.9914464950561523
1804,-8.769853591918945
1805,-7.36247444152832
1806,-1.0370750427246094
1807,-8.673456192016602
1808,-2.351530075073242
1809,-1.1637439727783203
1810,-7.483443737030029
1811,-5.586400985717773
1812,-1.1896018981933594
1813,-7.400623798370361
1814,-4.127493858337402
1815,0.3979358673095703
1816,-7.126138210296631
1817,-10.206628799438477
1818,-0.15036964416503906
1819,-6.149029731750488
1820,1.102827548980713
1821,0.4469013214111328
1822,-3.015932083129883
1823,-11.968679428100586
1824,-0.00148773193359375
1825,-2.527176856994629
1826,2.4764351844787598
1827,-0.32208728790283203
1828,0.17320919036865234
1829,-11.912763595581055
1830,-0.9639949798583984
1831,0.3673830032348633
1832,0.24666237831115723
1833,-0.42272281646728516
1834,1.1809263229370117
1835,-13.050683975219727
1836,-1.3017406463623047
1837,1.1726293563842773
1838,0.26061439514160156
1839,-0.6565322875976562
1840,1.1091413497924805
1841,-12.960851669311523
1842,-1.4926776885986328
1843,1.1526575088500977
1844,-0.813793420791626
1845,-0.629551887512207
1846,0.8004779815673828
1847,-11.828910827636719
1848,-1.4210729598999023
1849,1.0826663970947266
1850,-0.3154895305633545
1851,1.2521905899047852
1852,0.2163105010986328
1853,-6.42772102355957
1854,0.6383218765258789
1855,0.4015207290649414
1856,0.2863278388977051
1857,0.37751293182373047
1858,5.613959312438965
1859,-7.654506683349609
1860,-0.28818702697753906
1861,5.581791877746582
1862,0.2922852039337158
1863,0.8914203643798828
1864,11.63737964630127
1865,-7.24336051940918
1866,0.34484004974365234
1867,10.86795711517334
1868,2.5193023681640625
1869,1.2440805435180664
1870,12.692334175109863
1871,-7.325955390930176
1872,0.7107200622558594
1873,11.643834114074707
1874,2.584791660308838
1875,-0.30095577239990234
1876,13.758458137512207
1877,-10.090593338012695
1878,-0.907958984375
1879,12.465981483459473
1880,1.1753082275390625
1881,-1.532404899597168
1882,-7.698623180389404
1883,-6.0509796142578125
1884,-1.5564804077148438
1885,-8.231267929077148
1886,-6.663565635681152
1887,-1.5235605239868164
1888,-8.289106369018555
1889,-6.664681911468506
1890,-1.4891653060913086
1891,-8.356952667236328
1892,-6.665312767028809
1893,-1.573826789855957
1894,-8.204094886779785
1895,-5.5795793533325195
1896,-1.5555648803710938
1897,-8.237859725952148
1898,-5.578536033630371
1899,-1.5326719284057617
1900,-8.284749031066895
1901,-5.580722808837891
1902,-1.092153549194336
1903,-8.682327270507812
1904,-8.177802085876465
1905,-1.148890495300293
1906,-8.598007202148438
1907,-3.32814621925354
1908,-1.259079933166504
1909,-7.417483806610107
1910,-6.54830265045166
1911,-1.2801008224487305
1912,-7.334904193878174
1913,-5.134174346923828
1914,0.3325366973876953
1915,-7.035407066345215
1916,-10.652839660644531
1917,-0.25327205657958984
1918,-6.125618934631348
1919,0.22946929931640625
1920,0.7165098190307617
1921,-2.970341682434082
1922,-12.51712417602539
1923,0.024168968200683594
1924,-2.4013671875
1925,1.8926301002502441
1926,0.4200420379638672
1927,0.4702425003051758
1928,-13.11380386352539
1929,-0.5924530029296875
1930,0.5170364379882812
1931,-0.2823212146759033
1932,0.3174705505371094
1933,1.5502233505249023
1934,-14.324333190917969
1935,-0.8490638732910156
1936,1.329193115234375
1937,-0.24007391929626465
1938,0.11435127258300781
1939,1.4179716110229492
1940,-14.234577178955078
1941,-1.0119009017944336
1942,1.4083356857299805
1943,-1.363170862197876
1944,0.11804962158203125
1945,1.1800537109375
1946,-13.049880981445312
1947,-0.8434238433837891
1948,1.104349136352539
1949,-0.8430025577545166
1950,1.2884759902954102
1951,0.23423480987548828
1952,-6.42683744430542
1953,0.6659212112426758
1954,0.3993501663208008
1955,0.2854781150817871
1956,0.34615612030029297
1957,5.63649845123291
1958,-7.618776798248291
1959,-0.2807884216308594
1960,5.581591606140137
1961,0.23801374435424805
1962,0.8356180191040039
1963,11.6216459274292
1964,-6.7898054122924805
1965,0.3398895263671875
1966,10.863076210021973
1967,2.4714221954345703
1968,1.1846027374267578
1969,12.682927131652832
1970,-6.8575029373168945
1971,0.7110385894775391
1972,11.612504005432129
1973,2.5286684036254883
1974,-0.3687019348144531
1975,13.635754585266113
1976,-9.703376770019531
1977,-0.9141340255737305
1978,12.38737964630127
1979,1.1457862854003906
1980,-1.656564712524414
1981,-7.583393573760986
1982,-7.029542922973633
1983,-1.683527946472168
1984,-8.117902755737305
1985,-7.647837162017822
1986,-1.650029182434082
1987,-8.176307678222656
1988,-7.6488776206970215
1989,-1.6132965087890625
1990,-8.246394157409668
1991,-7.650312900543213
1992,-1.7041454315185547
1993,-8.091910362243652
1994,-6.5763020515441895
1995,-1.6871976852416992
1996,-8.127616882324219
1997,-6.575118541717529
1998,-1.6664848327636719
1999,-8.176003456115723
2000,-6.576971530914307
2001,-1.2080211639404297
2002,-8.58453369140625
2003,-9.064447402954102
2004,-1.2694149017333984
2005,-8.510076522827148
2006,-4.244146823883057
2007,-1.3760881423950195
2008,-7.309607028961182
2009,-7.472211837768555
2010,-1.3979597091674805
2011,-7.233158588409424
2012,-6.067283630371094
2013,0.28167247772216797
2014,-7.010712623596191
2015,-11.098512649536133
2016,-0.34149646759033203
2017,-6.1350202560424805
2018,-0.7713801860809326
2019,1.0847206115722656
2020,-3.3590307235717773
2021,-12.756097793579102
2022,0.31829071044921875
2023,-2.6205759048461914
2024,0.8608260154724121
2025,1.3374357223510742
2026,-0.0070552825927734375
2027,-13.114604949951172
2028,0.2864551544189453
2029,0.2831993103027344
2030,-1.0956186056137085
2031,1.508810043334961
2032,1.0576143264770508
2033,-14.289405822753906
2034,0.2518777847290039
2035,1.1981658935546875
2036,-1.0603456497192383
2037,1.1844396591186523
2038,1.1014089584350586
2039,-14.176153182983398
2040,0.11655521392822266
2041,1.248896598815918
2042,-2.133373260498047
2043,1.118687629699707
2044,0.7689409255981445
2045,-13.046005249023438
2046,0.23572254180908203
2047,0.872471809387207
2048,-1.6181734800338745
2049,1.2962312698364258
2050,0.28575801849365234
2051,-6.423974990844727
2052,0.6922903060913086
2053,0.40418529510498047
2054,0.2829430103302002
2055,0.34623050689697266
2056,5.656950950622559
2057,-7.499155044555664
2058,-0.29378414154052734
2059,5.56174373626709
2060,-0.1330704689025879
2061,0.829803466796875
2062,11.620217323303223
2063,-6.303473472595215
2064,0.3385486602783203
2065,10.856024742126465
2066,2.4444241523742676
2067,1.1806831359863281
2068,12.670432090759277
2069,-6.37601375579834
2070,0.7096195220947266
2071,11.597489356994629
2072,2.488682746887207
2073,-0.36739349365234375
2074,13.63724422454834
2075,-9.389789581298828
2076,-0.9343595504760742
2077,12.316720008850098
2078,1.0314207077026367
2079,-1.790328025817871
2080,-7.4356160163879395
2081,-7.024669170379639
2082,-1.821059226989746
2083,-7.960641384124756
2084,-7.619888782501221
2085,-1.7866334915161133
2086,-8.02254867553711
2087,-7.62058162689209
2088,-1.7496728897094727
2089,-8.093523025512695
2090,-7.621878147125244
2091,-1.8467235565185547
2092,-7.928093910217285
2093,-6.567389488220215
2094,-1.8326663970947266
2095,-7.963418483734131
2096,-6.565961837768555
2097,-1.8148202896118164
2098,-8.0101957321167
2099,-6.5667266845703125
2100,-1.3531122207641602
2101,-8.437150001525879
2102,-8.955846786499023
2103,-1.4329729080200195
2104,-8.337780952453613
2105,-4.201679706573486
2106,-1.4903802871704102
2107,-7.178621292114258
2108,-7.439155101776123
2109,-1.5155057907104492
2110,-7.097904205322266
2111,-6.054780006408691
2112,0.24421024322509766
2113,-6.9247612953186035
2114,-10.829561233520508
2115,-0.43184947967529297
2116,-6.069821357727051
2117,-0.969928503036499
2118,1.3313827514648438
2119,-3.3507938385009766
2120,-12.457704544067383
2121,0.4432487487792969
2122,-2.611156463623047
2123,0.49819159507751465
2124,1.806138038635254
2125,0.23470401763916016
2126,-12.806079864501953
2127,0.7563896179199219
2128,0.20319366455078125
2129,-1.4703116416931152
2130,2.033113479614258
2131,1.2573060989379883
2132,-13.956863403320312
2133,0.8096103668212891
2134,1.0626087188720703
2135,-1.4969532489776611
2136,1.757791519165039
2137,1.363938331604004
2138,-13.783245086669922
2139,0.7598323822021484
2140,1.0912065505981445
2141,-2.497950792312622
2142,1.618992805480957
2143,1.0329828262329102
2144,-12.720541000366211
2145,0.7742805480957031
2146,0.7608852386474609
2147,-1.9586807489395142
2148,1.2747173309326172
2149,0.3439292907714844
2150,-6.4124755859375
2151,0.6586084365844727
2152,0.4668254852294922
2153,0.27137184143066406
2154,0.3350658416748047
2155,5.682997703552246
2156,-7.557323455810547
2157,-0.3521890640258789
2158,5.525849342346191
2159,-0.6063735485076904
2160,0.795649528503418
2161,11.603549003601074
2162,-6.5142822265625
2163,0.3076467514038086
2164,10.798016548156738
2165,2.181199550628662
2166,1.1682701110839844
2167,12.627219200134277
2168,-6.594926834106445
2169,0.6819524765014648
2170,11.48928165435791
2171,2.2906556129455566
2172,-0.37413597106933594
2173,13.638991355895996
2174,-9.522466659545898
2175,-0.9745426177978516
2176,12.236422538757324
2177,0.6958420276641846
2178,-1.955866813659668
2179,-7.262760162353516
2180,-6.524504661560059
2181,-1.9806270599365234
2182,-7.783243656158447
2183,-7.0786871910095215
2184,-1.9454736709594727
2185,-7.848383903503418
2186,-7.079184055328369
2187,-1.9083166122436523
2188,-7.923346519470215
2189,-7.080162048339844
2190,-2.008852958679199
2191,-7.756165504455566
2192,-6.031837463378906
2193,-1.9945411682128906
2194,-7.797816753387451
2195,-6.030434608459473
2196,-1.975992202758789
2197,-7.851306438446045
2198,-6.031414031982422
2199,-1.5201568603515625
2200,-8.273758888244629
2201,-8.327432632446289
2202,-1.591817855834961
2203,-8.181056022644043
2204,-3.6076149940490723
2205,-1.6360950469970703
2206,-7.00758695602417
2207,-6.911873817443848
2208,-1.6617565155029297
2209,-6.928699016571045
2210,-5.537023544311523
2211,0.2018728256225586
2212,-6.777307987213135
2213,-10.268150329589844
2214,-0.5300207138061523
2215,-5.9165544509887695
2216,-0.2856786251068115
2217,1.5745964050292969
2218,-3.2385244369506836
2219,-11.952449798583984
2220,0.6419153213500977
2221,-2.507716178894043
2222,1.1092000007629395
2223,2.4600143432617188
2224,0.12431621551513672
2225,-12.186956405639648
2226,1.500833511352539
2227,0.6245393753051758
2228,-0.9833002090454102
2229,2.860898971557617
2230,0.9419336318969727
2231,-13.319770812988281
2232,1.654068946838379
2233,1.4150266647338867
2234,-1.0556366443634033
2235,2.64408016204834
2236,1.166529655456543
2237,-13.224145889282227
2238,1.5482902526855469
2239,1.4947938919067383
2240,-1.9631829261779785
2241,2.412503242492676
2242,0.8804779052734375
2243,-12.135196685791016
2244,1.5415878295898438
2245,1.1300411224365234
2246,-1.4471029043197632
2247,1.380396842956543
2248,0.37805938720703125
2249,-6.460697174072266
2250,0.6850624084472656
2251,0.5126981735229492
2252,0.3181600570678711
2253,0.3169832229614258
2254,5.7008466720581055
2255,-8.170083999633789
2256,-0.42557525634765625
2257,5.47579288482666
2258,-1.0023341178894043
2259,0.7797918319702148
2260,11.60329532623291
2261,-7.28942346572876
2262,0.24999427795410156
2263,10.780713081359863
2264,2.123277187347412
2265,1.1461496353149414
2266,12.627459526062012
2267,-7.380234241485596
2268,0.6430702209472656
2269,11.463515281677246
2270,2.271009922027588
2271,-0.4262571334838867
2272,13.634139060974121
2273,-10.453577041625977
2274,-1.0115728378295898
2275,12.191590309143066
2276,0.6711893081665039
2277,-2.1353883743286133
2278,-7.029108047485352
2279,-6.698095798492432
2280,-2.154804229736328
2281,-7.572491645812988
2282,-7.229730129241943
2283,-2.1205148696899414
2284,-7.635166168212891
2285,-7.229963302612305
2286,-2.083211898803711
2287,-7.707235336303711
2288,-7.230850696563721
2289,-2.183709144592285
2290,-7.545929431915283
2291,-6.152956962585449
2292,-2.169614791870117
2293,-7.588287353515625
2294,-6.151610374450684
2295,-2.1517086029052734
2296,-7.64139986038208
2297,-6.1526594161987305
2298,-1.6906681060791016
2299,-8.026954650878906
2300,-8.389486312866211
2301,-1.7689085006713867
2302,-7.941737174987793
2303,-3.549532651901245
2304,-1.8074874877929688
2305,-6.789994716644287
2306,-7.057248115539551
2307,-1.8423128128051758
2308,-6.695747375488281
2309,-5.645988464355469
2310,0.15289306640625
2311,-6.557448387145996
2312,-10.150079727172852
2313,-0.6704502105712891
2314,-5.669892311096191
2315,-0.03736591339111328
2316,1.7855377197265625
2317,-3.3068084716796875
2318,-11.701618194580078
2319,0.9220619201660156
2320,-2.2124061584472656
2321,1.463761806488037
2322,3.0853567123413086
2323,-0.25582313537597656
2324,-12.177162170410156
2325,1.2935752868652344
2326,0.5784053802490234
2327,-0.7906866073608398
2328,3.477107048034668
2329,0.5838165283203125
2330,-13.341363906860352
2331,1.7395248413085938
2332,1.6155271530151367
2333,-0.8865859508514404
2334,3.3270559310913086
2335,0.8291511535644531
2336,-13.331974029541016
2337,1.621962547302246
2338,1.7554864883422852
2339,-1.842374324798584
2340,3.158513069152832
2341,0.5575704574584961
2342,-12.162988662719727
2343,1.3866357803344727
2344,1.0945873260498047
2345,-1.2801491022109985
2346,1.4959001541137695
2347,0.3835487365722656
2348,-6.471834182739258
2349,0.7185640335083008
2350,0.5501852035522461
2351,0.32883453369140625
2352,0.28839969635009766
2353,5.708001136779785
2354,-9.262184143066406
2355,-0.4324178695678711
2356,5.424344062805176
2357,-1.243410348892212
2358,0.7287826538085938
2359,11.603249549865723
2360,-8.780674934387207
2361,0.25374412536621094
2362,10.683024406433105
2363,2.1171340942382812
2364,1.1422204971313477
2365,12.627074241638184
2366,-8.915114402770996
2367,0.63751220703125
2368,11.388508796691895
2369,2.2718987464904785
2370,-0.4253978729248047
2371,13.636401176452637
2372,-12.281625747680664
2373,-1.006636619567871
2374,12.095450401306152
2375,0.6508429050445557
2376,-2.2617664337158203
2377,-6.648128986358643
2378,-6.204863548278809
2379,-2.298187255859375
2380,-7.200235366821289
2381,-6.745634078979492
2382,-2.2651052474975586
2383,-7.261024475097656
2384,-6.745944976806641
2385,-2.227731704711914
2386,-7.3304524421691895
2387,-6.746844291687012
2388,-2.326327323913574
2389,-7.176858901977539
2390,-5.678579330444336
2391,-2.313779830932617
2392,-7.220782279968262
2393,-5.677297592163086
2394,-2.297119140625
2395,-7.274043560028076
2396,-5.678483009338379
2397,-1.8368310928344727
2398,-7.6452531814575195
2399,-8.02324104309082
2400,-1.914921760559082
2401,-7.563053131103516
2402,-3.217684268951416
2403,-1.918313980102539
2404,-6.435971260070801
2405,-6.614082336425781
2406,-1.9576835632324219
2407,-6.335893630981445
2408,-5.214437484741211
2409,0.07019901275634766
2410,-6.3172149658203125
2411,-9.936127662658691
2412,-0.7561960220336914
2413,-5.429043769836426
2414,0.1909651756286621
2415,1.8352174758911133
2416,-3.417451858520508
2417,-11.683971405029297
2418,1.108626365661621
2419,-2.155369758605957
2420,1.649439811706543
2421,3.422732353210449
2422,-0.7408056259155273
2423,-11.95303726196289
2424,1.7788257598876953
2425,0.8009157180786133
2426,-0.5029258728027344
2427,3.8920392990112305
2428,0.025867462158203125
2429,-13.09242057800293
2430,1.9739131927490234
2431,1.5685701370239258
2432,-0.5324583053588867
2433,3.768099784851074
2434,0.28563499450683594
2435,-13.035799026489258
2436,1.849905014038086
2437,1.734604835510254
2438,-1.4822107553482056
2439,3.6241464614868164
2440,0.01720142364501953
2441,-11.921762466430664
2442,1.8236570358276367
2443,1.3526945114135742
2444,-0.9855906963348389
2445,1.6155948638916016
2446,0.4098052978515625
2447,-6.469828128814697
2448,0.8055219650268555
2449,0.5902376174926758
2450,0.326657772064209
2451,0.25179100036621094
2452,5.709927558898926
2453,-9.158815383911133
2454,-0.45576000213623047
2455,5.384779930114746
2456,-1.1723543405532837
2457,0.7105131149291992
2458,11.602469444274902
2459,-8.277469635009766
2460,0.17230510711669922
2461,10.675971031188965
2462,2.1398725509643555
2463,1.1301469802856445
2464,12.592772483825684
2465,-8.360877990722656
2466,0.589390754699707
2467,11.366787910461426
2468,2.3358774185180664
2469,-0.43162059783935547
2470,13.698445320129395
2471,-11.397867202758789
2472,-1.051748275756836
2473,12.104697227478027
2474,0.8153090476989746
2475,-2.3499670028686523
2476,-6.156594276428223
2477,-6.118467330932617
2478,-2.396390914916992
2479,-6.707224369049072
2480,-6.667455196380615
2481,-2.365154266357422
2482,-6.769055366516113
2483,-6.667902946472168
2484,-2.332516670227051
2485,-6.83729887008667
2486,-6.66923713684082
2487,-2.422555923461914
2488,-6.68439245223999
2489,-5.561484336853027
2490,-2.4102344512939453
2491,-6.730142116546631
2492,-5.56008243560791
2493,-2.3945274353027344
2494,-6.785594940185547
2495,-5.561232566833496
2496,-1.9365568161010742
2497,-7.178462505340576
2498,-8.0939302444458
2499,-2.0138025283813477
2500,-7.102169990539551
2501,-3.117734432220459
2502,-2.005520820617676
2503,-5.983028411865234
2504,-6.596321105957031
2505,-2.0371551513671875
2506,-5.8980817794799805
2507,-5.144509792327881
2508,-0.01869678497314453
2509,-5.999523162841797
2510,-10.120924949645996
2511,-0.7856340408325195
2512,-5.178881645202637
2513,0.24319148063659668
2514,1.8885498046875
2515,-3.559781074523926
2516,-11.66864013671875
2517,1.2934837341308594
2518,-2.2700138092041016
2519,1.3828935623168945
2520,3.7784814834594727
2521,-1.1971807479858398
2522,-12.320402145385742
2523,1.6956062316894531
2524,0.5046358108520508
2525,-0.9051082134246826
2526,4.296957969665527
2527,-0.5650482177734375
2528,-13.510473251342773
2529,2.500274658203125
2530,1.133997917175293
2531,-0.9324395656585693
2532,4.26241397857666
2533,-0.3318519592285156
2534,-13.435762405395508
2535,2.3863773345947266
2536,1.3275985717773438
2537,-1.8261157274246216
2538,4.068497657775879
2539,-0.5062017440795898
2540,-12.298070907592773
2541,2.346766471862793
2542,1.0258512496948242
2543,-1.3799080848693848
2544,1.6618738174438477
2545,0.4824666976928711
2546,-6.5254364013671875
2547,0.9137086868286133
2548,0.6841259002685547
2549,0.3817582130432129
2550,0.17142868041992188
2551,5.732302665710449
2552,-8.771465301513672
2553,-0.4443349838256836
2554,5.382355690002441
2555,-1.0649089813232422
2556,0.7085800170898438
2557,11.608719825744629
2558,-8.180281639099121
2559,0.18302631378173828
2560,10.607977867126465
2561,2.163438320159912
2562,1.1330976486206055
2563,12.611592292785645
2564,-8.120851516723633
2565,0.6190109252929688
2566,11.288905143737793
2567,2.3834357261657715
2568,-0.45730113983154297
2569,13.69044017791748
2570,-10.734376907348633
2571,-1.053297996520996
2572,12.065886497497559
2573,1.0176692008972168
2574,-2.395587921142578
2575,-5.60640811920166
2576,-6.744451522827148
2577,-2.452991485595703
2578,-6.167509078979492
2579,-7.297693729400635
2580,-2.422473907470703
2581,-6.23265266418457
2582,-7.298500061035156
2583,-2.3895177841186523
2584,-6.307053565979004
2585,-7.3007025718688965
2586,-2.4818592071533203
2587,-6.1319169998168945
2588,-6.150491237640381
2589,-2.4710655212402344
2590,-6.172514915466309
2591,-6.14903450012207
2592,-2.4582481384277344
2593,-6.222897529602051
2594,-6.149776458740234
2595,-1.9956560134887695
2596,-6.67149019241333
2597,-8.694995880126953
2598,-2.079601287841797
2599,-6.584873199462891
2600,-3.557236909866333
2601,-2.0471105575561523
2602,-5.454923629760742
2603,-7.222629070281982
2604,-2.0776405334472656
2605,-5.371722221374512
2606,-5.720483779907227
2607,-0.061748504638671875
2608,-5.592645645141602
2609,-10.54236888885498
2610,-0.8008718490600586
2611,-4.88956356048584
2612,-0.06979775428771973
2613,2.032318115234375
2614,-3.632185935974121
2615,-11.944316864013672
2616,1.120469093322754
2617,-2.261307716369629
2618,1.1328215599060059
2619,3.978692054748535
2620,-1.645298957824707
2621,-12.798652648925781
2622,1.4305133819580078
2623,0.30820465087890625
2624,-1.3948705196380615
2625,4.575507164001465
2626,-1.1320924758911133
2627,-14.055225372314453
2628,1.733607292175293
2629,0.9189653396606445
2630,-1.48716402053833
2631,4.506979942321777
2632,-0.9522237777709961
2633,-14.030548095703125
2634,1.6717262268066406
2635,0.9674596786499023
2636,-2.4553568363189697
2637,4.275507926940918
2638,-1.0508108139038086
2639,-12.805156707763672
2640,1.6341161727905273
2641,0.7073802947998047
2642,-1.908301591873169
2643,1.683553695678711
2644,0.7657365798950195
2645,-6.568293571472168
2646,0.9789638519287109
2647,0.8857526779174805
2648,0.42544054985046387
2649,0.02628040313720703
2650,5.775568962097168
2651,-8.80662727355957
2652,-0.5046615600585938
2653,5.382784843444824
2654,-1.033966302871704
2655,0.696441650390625
2656,11.612257957458496
2657,-7.468757629394531
2658,0.1708393096923828
2659,10.493926048278809
2660,3.626336097717285
2661,1.132974624633789
2662,12.61864185333252
2663,-7.320216178894043
2664,0.5872440338134766
2665,11.17348575592041
2666,3.9448189735412598
2667,-0.49286651611328125
2668,13.659689903259277
2669,-9.64889907836914
2670,-1.0583200454711914
2671,12.020407676696777
2672,2.9316959381103516
2673,-2.442721366882324
2674,-5.072718620300293
2675,-7.0933003425598145
2676,-2.506481170654297
2677,-5.639961242675781
2678,-7.648616790771484
2679,-2.4749460220336914
2680,-5.71097469329834
2681,-7.649649143218994
2682,-2.4415578842163086
2683,-5.791720390319824
2684,-7.652317523956299
2685,-2.529494285583496
2686,-5.606627464294434
2687,-6.519752502441406
2688,-2.5144147872924805
2689,-5.654681205749512
2690,-6.518535614013672
2691,-2.497354507446289
2692,-5.715338706970215
2693,-6.519057273864746
2694,-2.0318422317504883
2695,-6.206583023071289
2696,-9.005346298217773
2697,-2.1096887588500977
2698,-6.133225440979004
2699,-3.939291477203369
2700,-2.085847854614258
2701,-4.947007179260254
2702,-7.550926208496094
2703,-2.1116771697998047
2704,-4.869747161865234
2705,-6.071946620941162
2706,-0.10707378387451172
2707,-5.176738739013672
2708,-10.684040069580078
2709,-0.8351411819458008
2710,-4.493381500244141
2711,-0.5002846717834473
2712,2.149709701538086
2713,-3.7136917114257812
2714,-12.11320686340332
2715,1.112086296081543
2716,-2.330900192260742
2717,1.0197386741638184
2718,4.093552589416504
2719,-1.9322633743286133
2720,-13.081159591674805
2721,1.9952421188354492
2722,-0.1527557373046875
2723,-0.9295704364776611
2724,4.713990211486816
2725,-1.2863712310791016
2726,-14.374374389648438
2727,2.2449264526367188
2728,0.34920215606689453
2729,-1.0020673274993896
2730,4.6620893478393555
2731,-1.323084831237793
2732,-14.392518997192383
2733,2.15631103515625
2734,0.4415407180786133
2735,-1.8973332643508911
2736,4.431431770324707
2737,-1.436650276184082
2738,-13.115413665771484
2739,2.1119585037231445
2740,0.22285842895507812
2741,-1.3966243267059326
2742,1.7263193130493164
2743,1.068650245666504
2744,-6.5828118324279785
2745,1.0199565887451172
2746,1.1328058242797852
2747,0.4406545162200928
2748,-0.07963848114013672
2749,5.8121442794799805
2750,-8.789886474609375
2751,-0.5308408737182617
2752,5.405194282531738
2753,-0.7964479923248291
2754,0.6986970901489258
2755,11.62297534942627
2756,-6.930908203125
2757,0.14678478240966797
2758,10.421051979064941
2759,3.789229393005371
2760,1.1323680877685547
2761,12.613751411437988
2762,-6.774557590484619
2763,0.5885457992553711
2764,11.140904426574707
2765,4.115225315093994
2766,-0.49851417541503906
2767,13.660298347473145
2768,-9.005419731140137
2769,-1.075922966003418
2770,11.962117195129395
2771,3.0595974922180176
2772,-2.5169639587402344
2773,-4.598519325256348
2774,-7.0590715408325195
2775,-2.5993614196777344
2776,-5.143898963928223
2777,-7.628002166748047
2778,-2.5709733963012695
2779,-5.216571807861328
2780,-7.628935813903809
2781,-2.5417938232421875
2782,-5.2989912033081055
2783,-7.631411075592041
2784,-2.61240291595459
2785,-5.113813400268555
2786,-6.534998416900635
2787,-2.593277931213379
2788,-5.165916442871094
2789,-6.534275531768799
2790,-2.573200225830078
2791,-5.230547904968262
2792,-6.534895896911621
2793,-2.1341819763183594
2794,-5.727002143859863
2795,-9.037086486816406
2796,-2.1879825592041016
2797,-5.659267425537109
2798,-4.137144088745117
2799,-2.14102840423584
2800,-4.484635353088379
2801,-7.5373358726501465
2802,-2.1566085815429688
2803,-4.4174909591674805
2804,-6.1068925857543945
2805,-0.18957996368408203
2806,-4.775032997131348
2807,-10.65583324432373
2808,-0.8200721740722656
2809,-4.105818748474121
2810,-0.9736006259918213
2811,2.135592460632324
2812,-3.755892753601074
2813,-12.220766067504883
2814,1.1922826766967773
2815,-2.4652090072631836
2816,0.9729475975036621
2817,4.139491081237793
2818,-2.115652084350586
2819,-13.455924987792969
2820,2.081928253173828
2821,-0.4280099868774414
2822,-0.19684410095214844
2823,4.746350288391113
2824,-1.8254871368408203
2825,-14.80095100402832
2826,2.8341569900512695
2827,0.2182149887084961
2828,-0.2224278450012207
2829,4.7154035568237305
2830,-1.6111679077148438
2831,-14.824380874633789
2832,2.7531957626342773
2833,0.40282630920410156
2834,-1.0594158172607422
2835,4.486496925354004
2836,-1.591329574584961
2837,-13.519840240478516
2838,2.355402946472168
2839,-0.14579391479492188
2840,-0.6278717517852783
2841,1.7589540481567383
2842,1.4344453811645508
2843,-6.585777282714844
2844,1.136702537536621
2845,1.472731590270996
2846,0.4441204071044922
2847,-0.18493938446044922
2848,5.82559871673584
2849,-8.334686279296875
2850,-0.5460472106933594
2851,5.479659080505371
2852,-0.7358565330505371
2853,0.6934118270874023
2854,11.620646476745605
2855,-5.633238792419434
2856,0.15112876892089844
2857,10.428593635559082
2858,3.6573925018310547
2859,1.1285114288330078
2860,12.59488582611084
2861,-5.452128887176514
2862,0.5910148620605469
2863,11.16260051727295
2864,3.947971820831299
2865,-0.5186967849731445
2866,13.63754940032959
2867,-7.278976917266846
2868,-1.0696077346801758
2869,11.98819637298584
2870,3.016204357147217
2871,-2.5942440032958984
2872,-4.034541130065918
2873,-6.643655776977539
2874,-2.6866540908813477
2875,-4.589316368103027
2876,-7.2207818031311035
2877,-2.6607666015625
2878,-4.657448768615723
2879,-7.221563816070557
2880,-2.6350975036621094
2881,-4.732477188110352
2882,-7.2237324714660645
2883,-2.6937246322631836
2884,-4.573543548583984
2885,-6.136804580688477
2886,-2.6724538803100586
2887,-4.631855010986328
2888,-6.136136054992676
2889,-2.6507997512817383
2890,-4.70078182220459
2891,-6.1368818283081055
2892,-2.2460203170776367
2893,-5.141014099121094
2894,-8.654862403869629
2895,-2.2748985290527344
2896,-5.115237236022949
2897,-3.7882115840911865
2898,-2.201648712158203
2899,-3.9201784133911133
2900,-7.128771781921387
2901,-2.2123498916625977
2902,-3.8780736923217773
2903,-5.709183692932129
2904,-0.3047523498535156
2905,-4.297548294067383
2906,-10.351959228515625
2907,-0.8317270278930664
2908,-3.698063850402832
2909,-0.7408840656280518
2910,2.0583114624023438
2911,-3.7495193481445312
2912,-12.00503158569336
2913,1.0657739639282227
2914,-2.5568113327026367
2915,1.5069494247436523
2916,4.16530704498291
2917,-2.6256628036499023
2918,-13.35892105102539
2919,2.062776565551758
2920,-1.0621824264526367
2921,1.2873902320861816
2922,4.7566328048706055
2923,-2.630620002746582
2924,-14.68004035949707
2925,2.309403419494629
2926,-0.6978254318237305
2927,1.393630027770996
2928,4.739109992980957
2929,-2.353435516357422
2930,-14.740530014038086
2931,2.3394222259521484
2932,-0.618804931640625
2933,0.6678366661071777
2934,4.5333967208862305
2935,-2.2245845794677734
2936,-13.449140548706055
2937,2.248180389404297
2938,-0.8417491912841797
2939,0.963435173034668
2940,1.807450294494629
2941,1.7889204025268555
2942,-6.623710632324219
2943,1.2336435317993164
2944,1.719252586364746
2945,0.4828035831451416
2946,-0.2849435806274414
2947,5.86929988861084
2948,-8.318777084350586
2949,-0.6008787155151367
2950,5.529549598693848
2951,-0.48377013206481934
2952,0.695098876953125
2953,11.685086250305176
2954,-5.910575866699219
2955,0.15285301208496094
2956,10.446684837341309
2957,3.680616855621338
2958,1.1304235458374023
2959,12.603278160095215
2960,-5.756527900695801
2961,0.5939474105834961
2962,11.175292015075684
2963,3.9625821113586426
2964,-0.5162935256958008
2965,13.755160331726074
2966,-7.427510738372803
2967,-1.0665197372436523
2968,12.0580415725708
2969,3.255430221557617
2970,-2.6445541381835938
2971,-3.410712242126465
2972,-6.407516002655029
2973,-2.739699363708496
2974,-3.908949851989746
2975,-6.976413726806641
2976,-2.7107925415039062
2977,-3.975147247314453
2978,-6.97722053527832
2979,-2.6864986419677734
2980,-4.045633316040039
2981,-6.979058265686035
2982,-2.751173973083496
2983,-3.901031494140625
2984,-5.899654865264893
2985,-2.7293195724487305
2986,-3.962681770324707
2987,-5.89880895614624
2988,-2.710865020751953
2989,-4.031476020812988
2990,-5.899693489074707
2991,-2.3423023223876953
2992,-4.4833173751831055
2993,-8.364322662353516
2994,-2.364832878112793
2995,-4.479135513305664
2996,-3.5236144065856934
2997,-2.250311851501465
2998,-3.3057022094726562
2999,-6.866042137145996
3000,-2.2622222900390625
3001,-3.275753974914551
3002,-5.455441474914551
3003,-0.3819875717163086
3004,-3.6646728515625
3005,-10.059223175048828
3006,-0.8432750701904297
3007,-3.1710243225097656
3008,-0.43816184997558594
3009,1.987771987915039
3010,-3.458097457885742
3011,-11.77815055847168
3012,1.0207386016845703
3013,-2.492251396179199
3014,2.0245003700256348
3015,4.073636054992676
3016,-3.1619157791137695
3017,-13.025114059448242
3018,2.0701446533203125
3019,-1.4189653396606445
3020,2.440356731414795
3021,4.614739418029785
3022,-3.2747678756713867
3023,-14.306522369384766
3024,2.2122249603271484
3025,-1.2199640274047852
3026,2.5764732360839844
3027,4.616421699523926
3028,-3.0742645263671875
3029,-14.358663558959961
3030,2.2678823471069336
3031,-1.1436128616333008
3032,1.877063274383545
3033,4.447836875915527
3034,-2.913517951965332
3035,-13.117868423461914
3036,2.210968017578125
3037,-1.3325319290161133
3038,2.1294031143188477
3039,1.847991943359375
3040,2.194737434387207
3041,-6.650323867797852
3042,1.3364276885986328
3043,2.096440315246582
3044,0.5099942684173584
3045,-0.38379478454589844
3046,5.936823844909668
3047,-8.15246295928955
3048,-0.6376848220825195
3049,5.663802146911621
3050,-0.5609462261199951
3051,0.6960058212280273
3052,11.692828178405762
3053,-5.619968891143799
3054,0.15925025939941406
3055,10.528706550598145
3056,3.3085012435913086
3057,1.131087303161621
3058,12.602152824401855
3059,-5.422222137451172
3060,0.5960493087768555
3061,11.198643684387207
3062,3.6505346298217773
3063,-0.5045289993286133
3064,13.78050708770752
3065,-6.872709274291992
3066,-1.0002565383911133
3067,12.28979778289795
3068,2.5346574783325195
3069,-2.6797351837158203
3070,-2.617582321166992
3071,-5.846611499786377
3072,-2.767301559448242
3073,-3.1244583129882812
3074,-6.407361030578613
3075,-2.737948417663574
3076,-3.1989574432373047
3077,-6.407983779907227
3078,-2.713253974914551
3079,-3.2780885696411133
3080,-6.410309314727783
3081,-2.776656150817871
3082,-3.1127262115478516
3083,-5.383751392364502
3084,-2.755847930908203
3085,-3.176938056945801
3086,-5.382834434509277
3087,-2.734617233276367
3088,-3.256570816040039
3089,-5.382574558258057
3090,-2.3634910583496094
3091,-3.7745256423950195
3092,-7.895423412322998
3093,-2.3895750045776367
3094,-3.7756710052490234
3095,-3.321298360824585
3096,-2.2677783966064453
3097,-2.563349723815918
3098,-6.389801502227783
3099,-2.2816314697265625
3100,-2.5343523025512695
3101,-5.05035924911499
3102,-0.4560098648071289
3103,-3.084601402282715
3104,-9.41634750366211
3105,-0.8378229141235352
3106,-2.7262344360351562
3107,-0.3320591449737549
3108,1.9221105575561523
3109,-3.259993553161621
3110,-10.93037223815918
3111,1.1682929992675781
3112,-2.526762008666992
3113,1.6854133605957031
3114,3.9735841751098633
3115,-3.3881263732910156
3116,-12.578819274902344
3117,2.6121368408203125
3118,-1.884714126586914
3119,1.253140926361084
3120,4.500609397888184
3121,-3.559565544128418
3122,-14.011585235595703
3123,2.473112106323242
3124,-2.085195541381836
3125,1.2118711471557617
3126,4.5064496994018555
3127,-3.3535642623901367
3128,-14.10710334777832
3129,2.448981285095215
3130,-1.9745378494262695
3131,0.7768867015838623
3132,4.3653364181518555
3133,-3.2248001098632812
3134,-12.78778076171875
3135,2.371641159057617
3136,-1.9003305435180664
3137,1.0374221801757812
3138,1.9054031372070312
3139,2.6193933486938477
3140,-6.640459060668945
3141,1.3871879577636719
3142,2.4332399368286133
3143,0.5000462532043457
3144,-0.4875631332397461
3145,5.998133659362793
3146,-7.864165306091309
3147,-0.6793251037597656
3148,5.729283332824707
3149,-0.5145294666290283
3150,0.6624364852905273
3151,11.693219184875488
3152,-5.417696952819824
3153,0.16047954559326172
3154,10.5184965133667
3155,3.17287015914917
3156,1.132619857788086
3157,12.5807523727417
3158,-5.215653419494629
3159,0.6218204498291016
3160,11.10820484161377
3161,3.4416465759277344
3162,-0.5001029968261719
3163,13.774271965026855
3164,-6.469220161437988
3165,-0.998082160949707
3166,12.236123085021973
3167,2.4919843673706055
3168,-2.676527976989746
3169,-1.938572883605957
3170,-6.003848075866699
3171,-2.7301692962646484
3172,-2.471898078918457
3173,-6.594587326049805
3174,-2.6955480575561523
3175,-2.546647071838379
3176,-6.595487594604492
3177,-2.6642370223999023
3178,-2.626580238342285
3179,-6.598439693450928
3180,-2.745638847351074
3181,-2.4609861373901367
3182,-5.594907283782959
3183,-2.722928047180176
3184,-2.530056953430176
3185,-5.593830108642578
3186,-2.7012672424316406
3187,-2.611146926879883
3188,-5.593393802642822
3189,-2.277745246887207
3190,-3.1058177947998047
3191,-8.0321044921875
3192,-2.3360700607299805
3193,-3.1064271926879883
3194,-3.526179313659668
3195,-2.2839365005493164
3196,-1.8679437637329102
3197,-6.507526397705078
3198,-2.3098526000976562
3199,-1.8412542343139648
3200,-5.193572998046875
3201,-0.43965911865234375
3202,-2.362931251525879
3203,-9.355840682983398
3204,-0.9021186828613281
3205,-2.118098258972168
3206,-0.7171285152435303
3207,1.9214839935302734
3208,-2.9878835678100586
3209,-10.733474731445312
3210,1.2371435165405273
3211,-2.312436103820801
3212,1.8068594932556152
3213,3.755703926086426
3214,-3.4865036010742188
3215,-12.573209762573242
3216,2.5012807846069336
3217,-2.3604326248168945
3218,1.9062700271606445
3219,4.302035331726074
3220,-3.6895360946655273
3221,-13.923477172851562
3222,2.7643232345581055
3223,-2.6453418731689453
3224,1.9659743309020996
3225,4.3394670486450195
3226,-3.4947757720947266
3227,-13.816194534301758
3228,2.656804084777832
3229,-2.590592384338379
3230,1.4841570854187012
3231,4.188250541687012
3232,-3.374523162841797
3233,-12.615350723266602
3234,2.5561466217041016
3235,-2.484630584716797
3236,1.684628963470459
3237,1.9677762985229492
3238,2.964688301086426
3239,-6.6104302406311035
3240,1.3964958190917969
3241,2.7709436416625977
3242,0.4710111618041992
3243,-0.5056343078613281
3244,6.1069440841674805
3245,-7.825928688049316
3246,-0.6947898864746094
3247,5.8086347579956055
3248,-0.5091543197631836
3249,0.6660966873168945
3250,11.692599296569824
3251,-5.555305480957031
3252,0.19492244720458984
3253,10.485756874084473
3254,3.086345672607422
3255,1.141754150390625
3256,12.557555198669434
3257,-5.369746685028076
3258,0.7174491882324219
3259,10.932963371276855
3260,3.3177032470703125
3261,-0.49783802032470703
3262,13.746695518493652
3263,-6.773814678192139
3264,-0.9818038940429688
3265,12.16540813446045
3266,2.440213203430176
3267,-2.691462516784668
3268,-1.3835906982421875
3269,-5.99845027923584
3270,-2.7486047744750977
3271,-1.9136037826538086
3272,-6.578197479248047
3273,-2.71689510345459
3274,-1.9744195938110352
3275,-6.579078674316406
3276,-2.687289237976074
3277,-2.0422353744506836
3278,-6.581673622131348
3279,-2.7636499404907227
3280,-1.9146928787231445
3281,-5.568639755249023
3282,-2.743457794189453
3283,-1.9773759841918945
3284,-5.567656517028809
3285,-2.724081039428711
3286,-2.0512475967407227
3287,-5.567734718322754
3288,-2.3092880249023438
3289,-2.499667167663574
3290,-7.999633312225342
3291,-2.3619070053100586
3292,-2.5187883377075195
3293,-3.408079147338867
3294,-2.3151121139526367
3295,-1.3463048934936523
3296,-6.483330249786377
3297,-2.332491874694824
3298,-1.3224544525146484
3299,-5.154518127441406
3300,-0.45482826232910156
3301,-1.8057527542114258
3302,-9.372034072875977
3303,-0.8867788314819336
3304,-1.5842418670654297
3305,-0.5986499786376953
3306,1.9079704284667969
3307,-2.6058998107910156
3308,-10.869718551635742
3309,1.430699348449707
3310,-2.0010576248168945
3311,0.46370792388916016
3312,3.662653923034668
3313,-3.448223114013672
3314,-12.464378356933594
3315,2.972060203552246
3316,-2.822664260864258
3317,-1.6776903867721558
3318,4.168719291687012
3319,-3.6334428787231445
3320,-13.74392318725586
3321,3.291378974914551
3322,-2.880859375
3323,-1.9722849130630493
3324,4.207348823547363
3325,-3.4469776153564453
3326,-13.706071853637695
3327,3.159745216369629
3328,-2.9014787673950195
3329,-2.37258243560791
3330,4.075116157531738
3331,-3.3454885482788086
3332,-12.520450592041016
3333,3.025604248046875
3334,-2.790264129638672
3335,-1.9548590183258057
3336,2.013943672180176
3337,3.3490171432495117
3338,-6.614354133605957
3339,1.464797019958496
3340,3.192866325378418
3341,0.4744102954864502
3342,-0.5312528610229492
3343,6.28566837310791
3344,-7.784900665283203
3345,-0.7322597503662109
3346,5.942425727844238
3347,-0.3774886131286621
3348,0.6659517288208008
3349,11.735978126525879
3350,-5.099318981170654
3351,0.20261573791503906
3352,10.489167213439941
3353,3.215714931488037
3354,1.1659564971923828
3355,12.557866096496582
3356,-4.864358425140381
3357,0.7347202301025391
3358,10.946333885192871
3359,3.4533820152282715
3360,-0.4796266555786133
3361,13.762146949768066
3362,-6.170380592346191
3363,-0.9369983673095703
3364,12.235272407531738
3365,2.8722081184387207
3366,-2.6479063034057617
3367,-0.837249755859375
3368,-6.263883113861084
3369,-2.7085447311401367
3370,-1.4029598236083984
3371,-6.884617805480957
3372,-2.6792478561401367
3373,-1.4663715362548828
3374,-6.8853759765625
3375,-2.6508588790893555
3376,-1.5376615524291992
3377,-6.888786315917969
3378,-2.7248945236206055
3379,-1.4040260314941406
3380,-5.839936256408691
3381,-2.707660675048828
3382,-1.4696979522705078
3383,-5.838872909545898
3384,-2.6905364990234375
3385,-1.547133445739746
3386,-5.838510513305664
3387,-2.26625919342041
3388,-2.0209054946899414
3389,-8.353446960449219
3390,-2.3221750259399414
3391,-2.0529823303222656
3392,-3.6266040802001953
3393,-2.2893857955932617
3394,-0.8101415634155273
3395,-6.759903907775879
3396,-2.304335594177246
3397,-0.7863445281982422
3398,-5.390079498291016
3399,-0.40107154846191406
3400,-1.3101577758789062
3401,-9.515130043029785
3402,-0.9205493927001953
3403,-1.1507434844970703
3404,-0.9568190574645996
3405,1.853285789489746
3406,-2.054168701171875
3407,-11.161174774169922
3408,1.3518810272216797
3409,-1.640376091003418
3410,0.0010447502136230469
3411,3.555617332458496
3412,-3.284815788269043
3413,-12.713951110839844
3414,2.937840461730957
3415,-2.676095962524414
3416,-1.9511431455612183
3417,4.05342960357666
3418,-3.5027732849121094
3419,-13.990476608276367
3420,3.3760271072387695
3421,-2.7378530502319336
3422,-2.172713279724121
3423,4.083144187927246
3424,-3.326517105102539
3425,-13.997169494628906
3426,3.08168888092041
3427,-2.755518913269043
3428,-2.62723970413208
3429,3.949517250061035
3430,-3.2885971069335938
3431,-12.805351257324219
3432,2.9403390884399414
3433,-2.6581945419311523
3434,-2.241109848022461
3435,2.04348087310791
3436,3.599423408508301
3437,-6.611294746398926
3438,1.4606266021728516
3439,3.407883644104004
3440,0.4712502956390381
3441,-0.584228515625
3442,6.353985786437988
3443,-7.903107166290283
3444,-0.7578411102294922
3445,6.0316972732543945
3446,-0.375152587890625
3447,0.663935661315918
3448,11.740460395812988
3449,-5.513424873352051
3450,0.20707416534423828
3451,10.448927879333496
3452,3.130941867828369
3453,1.1662654876708984
3454,12.5581693649292
3455,-5.333508014678955
3456,0.8243789672851562
3457,10.9508695602417
3458,3.3493051528930664
3459,-0.47831058502197266
3460,13.76198673248291
3461,-6.926953315734863
3462,-0.8712453842163086
3463,12.286099433898926
3464,2.612761974334717
3465,-2.5883970260620117
3466,-0.4714698791503906
3467,-6.200722694396973
3468,-2.654294013977051
3469,-1.0379152297973633
3470,-6.808137893676758
3471,-2.6263198852539062
3472,-1.1040430068969727
3473,-6.808947563171387
3474,-2.5998668670654297
3475,-1.1766605377197266
3476,-6.81184196472168
3477,-2.668210029602051
3478,-1.0452518463134766
3479,-5.759294033050537
3480,-2.6514129638671875
3481,-1.1119194030761719
3482,-5.758257865905762
3483,-2.634129524230957
3484,-1.194295883178711
3485,-5.758141040802002
3486,-2.2072181701660156
3487,-1.655686378479004
3488,-8.24730396270752
3489,-2.2585935592651367
3490,-1.7036094665527344
3491,-3.552622079849243
3492,-2.250375747680664
3493,-0.3895111083984375
3494,-6.683574676513672
3495,-2.261892318725586
3496,-0.3614997863769531
3497,-5.314282417297363
3498,-0.42476367950439453
3499,-0.7739152908325195
3500,-9.4949312210083
3501,-0.8941402435302734
3502,-0.7210149765014648
3503,-0.9265923500061035
3504,1.7875785827636719
3505,-1.5093603134155273
3506,-10.884592056274414
3507,1.3316631317138672
3508,-1.179692268371582
3509,-0.3032948970794678
3510,3.5022096633911133
3511,-2.6679506301879883
3512,-11.759225845336914
3513,3.0973596572875977
3514,-2.572439193725586
3515,-2.723123550415039
3516,3.972476005554199
3517,-2.976865768432617
3518,-12.911306381225586
3519,3.6329545974731445
3520,-2.502408027648926
3521,-3.0588223934173584
3522,4.020951271057129
3523,-2.8390884399414062
3524,-13.013833999633789
3525,3.641472816467285
3526,-2.5094709396362305
3527,-3.485258102416992
3528,3.897505760192871
3529,-2.7254114151000977
3530,-11.885595321655273
3531,3.331637382507324
3532,-2.519955635070801
3533,-3.022379159927368
3534,2.0687475204467773
3535,3.9223337173461914
3536,-6.6102142333984375
3537,1.5270938873291016
3538,3.7267580032348633
3539,0.46988701820373535
3540,-0.6665334701538086
3541,6.380291938781738
3542,-7.750204563140869
3543,-0.8019247055053711
3544,6.063981056213379
3545,0.25992321968078613
3546,0.6583709716796875
3547,11.743514060974121
3548,-5.0971832275390625
3549,0.20985984802246094
3550,10.369511604309082
3551,3.684269905090332
3552,1.1805343627929688
3553,12.491061210632324
3554,-4.87949275970459
3555,0.8489370346069336
3556,10.752217292785645
3557,3.9034881591796875
3558,-0.4536142349243164
3559,13.765151023864746
3560,-6.275839805603027
3561,-0.8624114990234375
3562,12.26398754119873
3563,3.416123867034912
3564,-2.542827606201172
3565,-0.1727285385131836
3566,-6.491689205169678
3567,-2.6073246002197266
3568,-0.7778387069702148
3569,-7.094309329986572
3570,-2.578610420227051
3571,-0.8410177230834961
3572,-7.0947980880737305
3573,-2.550959587097168
3574,-0.9118452072143555
3575,-7.097677230834961
3576,-2.6216888427734375
3577,-0.7847681045532227
3578,-6.070594787597656
3579,-2.6041793823242188
3580,-0.8534030914306641
3581,-6.069624900817871
3582,-2.586226463317871
3583,-0.934697151184082
3584,-6.069334030151367
3585,-2.150449752807617
3586,-1.3705101013183594
3587,-8.522330284118652
3588,-2.2050962448120117
3589,-1.417581558227539
3590,-3.9278626441955566
3591,-2.2158966064453125
3592,-0.04270744323730469
3593,-6.975935935974121
3594,-2.2270965576171875
3595,-0.006245613098144531
3596,-5.638023376464844
3597,-0.3820180892944336
3598,-0.4574460983276367
3599,-9.89862060546875
3600,-0.8772544860839844
3601,-0.31006717681884766
3602,-1.23029625415802
3603,1.7699575424194336
3604,-0.9928598403930664
3605,-11.116065979003906
3606,1.27606201171875
3607,-0.49147891998291016
3608,-0.5034358501434326
3609,3.5307493209838867
3610,-1.7837371826171875
3611,-11.792015075683594
3612,2.9397058486938477
3613,-1.7854995727539062
3614,-2.4754247665405273
3615,4.016434669494629
3616,-1.9778032302856445
3617,-12.920965194702148
3618,3.5195608139038086
3619,-1.8262710571289062
3620,-2.6657934188842773
3621,4.037810325622559
3622,-1.8231620788574219
3623,-12.995393753051758
3624,3.3765745162963867
3625,-1.4439010620117188
3626,-3.1392455101013184
3627,3.914759635925293
3628,-1.7195472717285156
3629,-11.893186569213867
3630,3.1967782974243164
3631,-1.3876676559448242
3632,-2.773653507232666
3633,2.1138696670532227
3634,4.210478782653809
3635,-6.603278160095215
3636,1.5497455596923828
3637,3.963900566101074
3638,0.4626948833465576
3639,-0.6458053588867188
3640,6.398144721984863
3641,-7.814687728881836
3642,-0.8398494720458984
3643,6.093075752258301
3644,0.8781232833862305
3645,0.6580266952514648
3646,11.79825496673584
3647,-5.243570804595947
3648,0.2077016830444336
3649,10.334382057189941
3650,4.306605815887451
3651,1.2002620697021484
3652,12.491177558898926
3653,-5.078527450561523
3654,0.8420886993408203
3655,10.717947959899902
3656,4.536881446838379
3657,-0.45223236083984375
3658,13.765204429626465
3659,-6.952539920806885
3660,-0.8684377670288086
3661,12.160805702209473
3662,4.118577480316162
3663,-2.5124940872192383
3664,-0.07808303833007812
3665,-6.805103778839111
3666,-2.5765933990478516
3667,-0.6608495712280273
3668,-7.392111778259277
3669,-2.5485124588012695
3670,-0.7134389877319336
3671,-7.39240837097168
3672,-2.5198974609375
3673,-0.7812118530273438
3674,-7.395061492919922
3675,-2.5904769897460938
3676,-0.6597919464111328
3677,-6.402449131011963
3678,-2.5726613998413086
3679,-0.7113046646118164
3680,-6.401267051696777
3681,-2.554605484008789
3682,-0.7708654403686523
3683,-6.400544166564941
3684,-2.112074851989746
3685,-1.2068872451782227
3686,-8.779253005981445
3687,-2.1697044372558594
3688,-1.2230329513549805
3689,-4.339229583740234
3690,-2.184391975402832
3691,0.05321979522705078
3692,-7.272537708282471
3693,-2.1940202713012695
3694,0.10097217559814453
3695,-5.980096817016602
3696,-0.3534975051879883
3697,-0.28513431549072266
3698,-10.251792907714844
3699,-0.8684425354003906
3700,0.07404136657714844
3701,-1.3351428508758545
3702,1.8113069534301758
3703,-0.4738960266113281
3704,-11.095512390136719
3705,1.4147815704345703
3706,0.38637256622314453
3707,0.0615389347076416
3708,3.6252450942993164
3709,-0.7563953399658203
3710,-10.832290649414062
3711,2.825730323791504
3712,0.3314552307128906
3713,-1.4500441551208496
3714,4.116389274597168
3715,-0.8018798828125
3716,-11.770524978637695
3717,3.2368650436401367
3718,0.33101558685302734
3719,-1.5336819887161255
3720,4.125414848327637
3721,-0.5261144638061523
3722,-11.820289611816406
3723,3.1345224380493164
3724,0.4010448455810547
3725,-2.117319345474243
3726,3.9581899642944336
3727,-0.4577751159667969
3728,-10.854955673217773
3729,2.998896598815918
3730,0.3761739730834961
3731,-1.7738395929336548
3732,2.1239852905273438
3733,4.436835289001465
3734,-6.559180736541748
3735,1.6227588653564453
3736,4.377377510070801
3737,0.41779279708862305
3738,-0.6899547576904297
3739,6.44626522064209
3740,-7.533094882965088
3741,-0.8415470123291016
3742,6.220227241516113
3743,0.9258947372436523
3744,0.6591358184814453
3745,11.795876502990723
3746,-5.074540138244629
3747,0.20695209503173828
3748,10.344630241394043
3749,4.316806316375732
3750,1.1937808990478516
3751,12.495573997497559
3752,-4.910442352294922
3753,0.8413925170898438
3754,10.761229515075684
3755,4.557370185852051
3756,-0.4797239303588867
3757,13.7258882522583
3758,-6.448307037353516
3759,-0.8762636184692383
3760,12.16224193572998
3761,4.192515850067139
3762,-2.487362861633301
3763,-0.18441009521484375
3764,-7.251487731933594
3765,-2.5476436614990234
3766,-0.7789983749389648
3767,-7.828379154205322
3768,-2.518630027770996
3769,-0.8303861618041992
3770,-7.8280792236328125
3771,-2.489588737487793
3772,-0.890690803527832
3773,-7.830256462097168
3774,-2.563197135925293
3775,-0.7721633911132812
3776,-6.861498832702637
3777,-2.5453853607177734
3778,-0.813990592956543
3779,-6.860257148742676
3780,-2.527261734008789
3781,-0.8643932342529297
3782,-6.858936786651611
3783,-2.1021862030029297
3784,-1.2584476470947266
3785,-9.150768280029297
3786,-2.152529716491699
3787,-1.255202293395996
3788,-4.813488483428955
3789,-2.157346725463867
3790,0.011789321899414062
3791,-7.688256740570068
3792,-2.1696624755859375
3793,0.06287860870361328
3794,-6.427279472351074
3795,-0.34405517578125
3796,-0.19608688354492188
3797,-10.50651741027832
3798,-0.8563737869262695
3799,0.20640087127685547
3800,-1.6122944355010986
3801,1.9182815551757812
3802,-0.02730274200439453
3803,-10.775671005249023
3804,1.3208913803100586
3805,0.7942037582397461
3806,0.3898599147796631
3807,3.649054527282715
3808,0.38733673095703125
3809,-9.799400329589844
3810,2.7389001846313477
3811,1.3581418991088867
3812,-1.2192723751068115
3813,4.141596794128418
3814,0.5249128341674805
3815,-10.603925704956055
3816,3.1002073287963867
3817,1.480422019958496
3818,-1.2405173778533936
3819,4.119790077209473
3820,0.8212718963623047
3821,-10.68101692199707
3822,2.992011070251465
3823,1.5312986373901367
3824,-1.9149372577667236
3825,3.9336042404174805
3826,0.8497018814086914
3827,-9.79470443725586
3828,2.880788803100586
3829,1.4517126083374023
3830,-1.6357033252716064
3831,2.142780303955078
3832,4.601626396179199
3833,-6.464120864868164
3834,1.5996513366699219
3835,4.486708641052246
3836,0.32170557975769043
3837,-0.6979579925537109
3838,6.48214054107666
3839,-7.596290111541748
3840,-0.8842077255249023
3841,6.323798179626465
3842,0.8305273056030273
3843,0.6732664108276367
3844,11.798375129699707
3845,-5.351578712463379
3846,0.19886112213134766
3847,10.367716789245605
3848,3.885781764984131
3849,1.2078857421875
3850,12.495804786682129
3851,-5.197340965270996
3852,0.7996482849121094
3853,10.796647071838379
3854,4.103244781494141
3855,-0.4759683609008789
3856,13.73938274383545
3857,-6.673203468322754
3858,-0.8775606155395508
3859,12.262177467346191
3860,3.66036319732666
3861,-2.470231056213379
3862,-0.4157991409301758
3863,-6.995038032531738
3864,-2.533283233642578
3865,-0.9877042770385742
3866,-7.5597124099731445
3867,-2.499551773071289
3868,-1.0375537872314453
3869,-7.559427261352539
3870,-2.460153579711914
3871,-1.1062536239624023
3872,-7.561605930328369
3873,-2.5478763580322266
3874,-0.9798374176025391
3875,-6.5913310050964355
3876,-2.523101806640625
3877,-1.0247039794921875
3878,-6.5902299880981445
3879,-2.4989242553710938
3880,-1.0774049758911133
3881,-6.589583873748779
3882,-2.043328285217285
3883,-1.4130277633666992
3884,-8.95411491394043
3885,-2.1026201248168945
3886,-1.411280632019043
3887,-4.633041858673096
3888,-2.138310432434082
3889,-0.1893291473388672
3890,-7.47208309173584
3891,-2.1518049240112305
3892,-0.14464664459228516
3893,-6.212174892425537
3894,-0.32692813873291016
3895,-0.1754589080810547
3896,-10.498055458068848
3897,-0.8517160415649414
3898,0.2763376235961914
3899,-1.816319227218628
3900,1.9143714904785156
3901,0.4011974334716797
3902,-10.855199813842773
3903,1.3246736526489258
3904,1.1169395446777344
3905,-0.44387316703796387
3906,3.6758832931518555
3907,1.603224754333496
3908,-10.219456672668457
3909,2.916958808898926
3910,2.059990882873535
3911,-1.7144453525543213
3912,4.184449195861816
3913,1.8944692611694336
3914,-11.069244384765625
3915,3.2919416427612305
3916,2.2585344314575195
3917,-1.7497533559799194
3918,4.09859561920166
3919,2.1961050033569336
3920,-11.093433380126953
3921,3.2013120651245117
3922,2.319857597351074
3923,-2.3627562522888184
3924,3.9321794509887695
3925,2.1285696029663086
3926,-10.211679458618164
3927,3.091731071472168
3928,2.2146310806274414
3929,-2.0455322265625
3930,2.1444826126098633
3931,4.597784996032715
3932,-6.367218971252441
3933,1.584925651550293
3934,4.5750627517700195
3935,0.22358393669128418
3936,-0.7540359497070312
3937,6.518092155456543
3938,-7.716709613800049
3939,-0.9391298294067383
3940,6.411360740661621
3941,0.6489439010620117
3942,0.6800651550292969
3943,11.800358772277832
3944,-5.513655185699463
3945,0.1685476303100586
3946,10.447606086730957
3947,3.59812593460083
3948,1.2080497741699219
3949,12.48603343963623
3950,-5.348234176635742
3951,0.7183218002319336
3952,10.801602363586426
3953,3.766510486602783
3954,-0.4740562438964844
3955,13.762932777404785
3956,-6.530485153198242
3957,-0.8788528442382812
3958,12.399739265441895
3959,3.302675247192383
3960,-2.4414615631103516
3961,-0.7722635269165039
3962,-7.220987319946289
3963,-2.4280214309692383
3964,-1.3119449615478516
3965,-7.764524459838867
3966,-2.3906784057617188
3967,-1.355839729309082
3968,-7.764403820037842
3969,-2.3464508056640625
3970,-1.4135828018188477
3971,-7.7667317390441895
3972,-2.4423789978027344
3973,-1.3038015365600586
3974,-6.802955627441406
3975,-2.4118165969848633
3976,-1.345341682434082
3977,-6.802395820617676
3978,-2.3835630416870117
3979,-1.3908462524414062
3980,-6.802852630615234
3981,-1.8891029357910156
3982,-1.6579418182373047
3983,-9.168996810913086
3984,-1.9747352600097656
3985,-1.6310129165649414
3986,-4.847301006317139
3987,-2.133111000061035
3988,-0.5340614318847656
3989,-7.7163567543029785
3990,-2.1468191146850586
3991,-0.4976062774658203
3992,-6.457580089569092
3993,-0.21539592742919922
3994,-0.16215038299560547
3995,-10.762443542480469
3996,-0.8264341354370117
3997,0.3092842102050781
3998,-2.1547482013702393
3999,2.0043067932128906
4000,1.082594871520996
4001,-11.411819458007812
4002,1.513239860534668
4003,1.5464811325073242
4004,-0.906768798828125
4005,3.6108179092407227
4006,2.9738969802856445
4007,-10.267528533935547
4008,2.768050193786621
4009,3.2652711868286133
4010,-2.223517894744873
4011,4.098589897155762
4012,3.4775190353393555
4013,-11.37466812133789
4014,3.0821619033813477
4015,3.651089668273926
4016,-2.233767032623291
4017,3.982010841369629
4018,3.759432792663574
4019,-11.602659225463867
4020,2.990717887878418
4021,3.8205881118774414
4022,-3.0013318061828613
4023,3.801304817199707
4024,3.663723945617676
4025,-10.43551254272461
4026,2.911787986755371
4027,3.6203508377075195
4028,-2.6058361530303955
4029,2.154052734375
4030,4.621071815490723
4031,-6.237961769104004
4032,1.5706729888916016
4033,4.596611976623535
4034,0.09455704689025879
4035,-0.7755165100097656
4036,6.5297136306762695
4037,-7.883701324462891
4038,-0.9765682220458984
4039,6.428153038024902
4040,0.5660018920898438
4041,0.6910762786865234
4042,11.798958778381348
4043,-5.5982666015625
4044,0.15076160430908203
4045,10.498675346374512
4046,3.5233049392700195
4047,1.2391777038574219
4048,12.456816673278809
4049,-5.466333389282227
4050,0.7184457778930664
4051,10.824971199035645
4052,3.7123255729675293
4053,-0.4590940475463867
4054,13.7818021774292
4055,-6.82710599899292
4056,-0.8737077713012695
4057,12.445548057556152
4058,3.386929988861084
4059,-2.2929468154907227
4060,-1.1673603057861328
4061,-7.051628112792969
4062,-2.224989891052246
4063,-1.663804054260254
4064,-7.601515293121338
4065,-2.18607234954834
4066,-1.7003803253173828
4067,-7.601877212524414
4068,-2.136537551879883
4069,-1.7526063919067383
4070,-7.604593753814697
4071,-2.2337141036987305
4072,-1.6562328338623047
4073,-6.6149749755859375
4074,-2.199136734008789
4075,-1.691166877746582
4076,-6.614349365234375
4077,-2.166362762451172
4078,-1.730264663696289
4079,-6.614990234375
4080,-1.641775131225586
4081,-1.9326553344726562
4082,-9.033660888671875
4083,-1.7273178100585938
4084,-1.9045782089233398
4085,-4.587953090667725
4086,-2.035839080810547
4087,-0.9151325225830078
4088,-7.560466766357422
4089,-2.05100154876709
4090,-0.8741140365600586
4091,-6.266456604003906
4092,-0.0978536605834961
4093,-0.17796039581298828
4094,-10.813556671142578
4095,-0.6757965087890625
4096,0.17966842651367188
4097,-1.8214062452316284
4098,1.9600296020507812
4099,1.7331209182739258
4100,-11.400876998901367
4101,1.4419775009155273
4102,2.1903085708618164
4103,-0.5670018196105957
4104,3.3008108139038086
4105,3.8703107833862305
4106,-10.427618026733398
4107,2.4970054626464844
4108,3.3805627822875977
4109,-1.7335758209228516
4110,3.686610221862793
4111,4.497685432434082
4112,-11.344131469726562
4113,2.6508264541625977
4114,3.591935157775879
4115,-1.7032819986343384
4116,3.327883720397949
4117,4.478699684143066
4118,-11.30528450012207
4119,2.4178857803344727
4120,3.6861276626586914
4121,-2.3913028240203857
4122,3.272677421569824
4123,4.383702278137207
4124,-10.439399719238281
4125,2.389554023742676
4126,3.5704450607299805
4127,-2.092494487762451
4128,2.1865310668945312
4129,4.723719596862793
4130,-6.221382141113281
4131,1.5772008895874023
4132,4.726305961608887
4133,0.07908034324645996
4134,-0.7997245788574219
4135,6.512270927429199
4136,-7.9275994300842285
4137,-0.9707326889038086
4138,6.446799278259277
4139,0.5209612846374512
4140,0.6915922164916992
4141,11.760788917541504
4142,-5.595424652099609
4143,0.14103031158447266
4144,10.55273723602295
4145,2.8787264823913574
4146,1.2406530380249023
4147,12.41662883758545
4148,-5.41706657409668
4149,0.7303371429443359
4150,10.844145774841309
4151,3.0450520515441895
4152,-0.45919227600097656
4153,13.779967308044434
4154,-6.61694860458374
4155,-0.8821992874145508
4156,12.438946723937988
4157,2.9731874465942383
4158,-2.126145362854004
4159,-1.4883098602294922
4160,-8.954605102539062
4161,-2.0288658142089844
4162,-1.9982128143310547
4163,-9.437528610229492
4164,-1.9758386611938477
4165,-2.043187141418457
4166,-9.43814468383789
4167,-1.9156150817871094
4168,-2.0977115631103516
4169,-9.441112518310547
4170,-2.05924129486084
4171,-1.9867238998413086
4172,-8.435790061950684
4173,-2.0302648544311523
4174,-2.0224609375
4175,-8.435871124267578
4176,-1.995035171508789
4177,-2.0687971115112305
4178,-8.437095642089844
4179,-1.364680290222168
4180,-2.2913331985473633
4181,-10.677316665649414
4182,-1.512716293334961
4183,-2.2483596801757812
4184,-6.162034034729004
4185,-1.8498640060424805
4186,-1.2241106033325195
4187,-9.39712905883789
4188,-1.9027271270751953
4189,-1.1878976821899414
4190,-8.080568313598633
4191,0.23375701904296875
4192,-0.31112194061279297
4193,-12.151592254638672
4194,-0.6291818618774414
4195,0.10976409912109375
4196,-3.3777997493743896
4197,2.008437156677246
4198,2.6162500381469727
4199,-13.02491569519043
4200,1.287388801574707
4201,3.1410436630249023
4202,-2.3555567264556885
4203,3.073563575744629
4204,5.824542045593262
4205,-12.640846252441406
4206,2.1373252868652344
4207,5.597468376159668
4208,-3.664534091949463
4209,3.32346248626709
4210,6.390715599060059
4211,-13.780754089355469
4212,2.2696332931518555
4213,6.11374568939209
4214,-3.716923713684082
4215,2.993472099304199
4216,6.673892021179199
4217,-13.747568130493164
4218,2.1227102279663086
4219,6.242737770080566
4220,-4.56239128112793
4221,2.90543270111084
4222,6.462624549865723
4223,-12.638641357421875
4224,2.1344423294067383
4225,6.009482383728027
4226,-4.077021598815918
4227,2.164313316345215
4228,4.882607460021973
4229,-6.065185546875
4230,1.5556983947753906
4231,4.656041145324707
4232,-0.074188232421875
4233,-0.7736215591430664
4234,6.540331840515137
4235,-8.805295944213867
4236,-0.9945497512817383
4237,6.45120906829834
4238,2.9425649642944336
4239,0.7005290985107422
4240,11.778643608093262
4241,-6.664478302001953
4242,0.14171218872070312
4243,10.556647300720215
4244,8.283565521240234
4245,1.2580680847167969
4246,12.430655479431152
4247,-6.517192840576172
4248,0.7274675369262695
4249,10.840176582336426
4250,8.747522354125977
4251,-0.4539766311645508
4252,13.78063678741455
4253,-8.557071685791016
4254,-0.8893413543701172
4255,12.35910701751709
4256,8.384435653686523
4257,-1.8611631393432617
4258,-1.7152433395385742
4259,-8.203423500061035
4260,-1.7808732986450195
4261,-2.234498977661133
4262,-8.707063674926758
4263,-1.7297563552856445
4264,-2.2822208404541016
4265,-8.707805633544922
4266,-1.6753339767456055
4267,-2.3387622833251953
4268,-8.71035099029541
4269,-1.8144044876098633
4270,-2.2231693267822266
4271,-7.710134983062744
4272,-1.790114402770996
4273,-2.261798858642578
4274,-7.7096123695373535
4275,-1.7548236846923828
4276,-2.311756134033203
4277,-7.710780143737793
4278,-1.1281843185424805
4279,-2.570429801940918
4280,-9.992240905761719
4281,-1.2632179260253906
4282,-2.5345048904418945
4283,-5.537513732910156
4284,-1.5800161361694336
4285,-1.4672107696533203
4286,-8.664802551269531
4287,-1.6383342742919922
4288,-1.4298620223999023
4289,-7.363619804382324
4290,0.30626487731933594
4291,-0.3769702911376953
4292,-12.036308288574219
4293,-0.4899120330810547
4294,-0.2098217010498047
4295,-2.494711399078369
4296,1.8394842147827148
4297,3.1360578536987305
4298,-13.363025665283203
4299,1.1733293533325195
4300,3.0101518630981445
4301,-1.482268214225769
4302,2.24066162109375
4303,6.548672676086426
4304,-13.196491241455078
4305,1.8254241943359375
4306,5.828612327575684
4307,-3.040717124938965
4308,2.298031806945801
4309,7.309823036193848
4310,-14.42019271850586
4311,1.8942766189575195
4312,6.392014503479004
4313,-3.0710315704345703
4314,2.0337600708007812
4315,7.409918785095215
4316,-14.264860153198242
4317,1.8291406631469727
4318,6.407942771911621
4319,-3.9056901931762695
4320,2.051624298095703
4321,7.117056846618652
4322,-13.140466690063477
4323,1.842881202697754
4324,6.156048774719238
4325,-3.462881565093994
4326,2.148146629333496
4327,4.932982444763184
4328,-6.1179962158203125
4329,1.5695304870605469
4330,4.622056007385254
4331,-0.021973609924316406
4332,-0.8359384536743164
4333,6.524840354919434
4334,-7.915923118591309
4335,-1.0072870254516602
4336,6.412676811218262
4337,2.3167738914489746
4338,0.6890487670898438
4339,11.77808666229248
4340,-5.444355010986328
4341,0.1309661865234375
4342,10.460921287536621
4343,6.871792316436768
4344,1.215219497680664
4345,12.435389518737793
4346,-5.249331951141357
4347,0.737828254699707
4348,10.846882820129395
4349,7.2719597816467285
4350,-0.45716381072998047
4351,13.746979713439941
4352,-6.685076713562012
4353,-0.8988637924194336
4354,12.192587852478027
4355,7.108169078826904
4356,-1.568765640258789
4357,-1.7869529724121094
4358,-9.150675773620605
4359,-1.481846809387207
4360,-2.2608776092529297
4361,-9.638078689575195
4362,-1.4256763458251953
4363,-2.30120849609375
4364,-9.638702392578125
4365,-1.3637704849243164
4366,-2.3431167602539062
4367,-9.641046524047852
4368,-1.5459165573120117
4369,-2.2381134033203125
4370,-8.664497375488281
4371,-1.5313520431518555
4372,-2.2954864501953125
4373,-8.664963722229004
4374,-1.5117034912109375
4375,-2.372934341430664
4376,-8.666910171508789
4377,-0.8047981262207031
4378,-2.715238571166992
4379,-10.691122055053711
4380,-1.0181894302368164
4381,-2.7082109451293945
4382,-6.339812278747559
4383,-1.2803878784179688
4384,-1.5655097961425781
4385,-9.499996185302734
4386,-1.3651609420776367
4387,-1.5318059921264648
4388,-8.233043670654297
4389,0.5696992874145508
4390,-0.68597412109375
4391,-12.60502815246582
4392,-0.46822452545166016
4393,-0.3360328674316406
4394,-3.0157816410064697
4395,1.4561004638671875
4396,3.2308473587036133
4397,-14.16624641418457
4398,0.13956356048583984
4399,3.176333427429199
4400,-2.0739455223083496
4401,1.254206657409668
4402,7.0649614334106445
4403,-13.998254776000977
4404,0.2687969207763672
4405,6.620030403137207
4406,-3.813521146774292
4407,1.200826644897461
4408,7.9190778732299805
4409,-15.16120719909668
4410,0.19318675994873047
4411,7.305882453918457
4412,-3.8623318672180176
4413,0.9758396148681641
4414,7.992650032043457
4415,-15.036436080932617
4416,0.161956787109375
4417,7.396933555603027
4418,-4.73694372177124
4419,1.0052289962768555
4420,7.536101341247559
4421,-13.95376205444336
4422,0.2678060531616211
4423,7.149083137512207
4424,-4.258726119995117
4425,2.131587028503418
4426,4.704474449157715
4427,-6.124530792236328
4428,1.5442886352539062
4429,4.645665168762207
4430,-0.016482114791870117
4431,-0.8307971954345703
4432,6.508633613586426
4433,-7.893756866455078
4434,-0.9438533782958984
4435,6.435925483703613
4436,1.700906753540039
4437,0.6757698059082031
4438,11.446402549743652
4439,-4.724756717681885
4440,0.7884607315063477
4441,10.747084617614746
4442,5.588170528411865
4443,1.204707145690918
4444,12.251389503479004
4445,-4.439413547515869
4446,1.2724809646606445
4447,11.12551212310791
4448,5.895627498626709
4449,-0.45535755157470703
4450,13.549908638000488
4451,-5.602380752563477
4452,-0.06745147705078125
4453,12.59873104095459
4454,5.40734338760376
4455,-1.2374868392944336
4456,-2.3370275497436523
4457,-8.821427345275879
4458,-1.1215057373046875
4459,-2.7742767333984375
4460,-9.323895454406738
4461,-1.0541038513183594
4462,-2.811396598815918
4463,-9.323921203613281
4464,-0.9835395812988281
4465,-2.846416473388672
4466,-9.324896812438965
4467,-1.1885862350463867
4468,-2.750168800354004
4469,-8.335777282714844
4470,-1.1767950057983398
4471,-2.7797584533691406
4472,-8.336592674255371
4473,-1.156062126159668
4474,-2.8239240646362305
4475,-8.338286399841309
4476,-0.4608173370361328
4477,-2.9047136306762695
4478,-10.398260116577148
4479,-0.6980180740356445
4480,-2.8745250701904297
4481,-5.979870796203613
4482,-0.9631137847900391
4483,-1.9154558181762695
4484,-9.182647705078125
4485,-1.0526323318481445
4486,-1.8880290985107422
4487,-7.893921375274658
4488,0.7579269409179688
4489,-0.8728055953979492
4490,-12.35371208190918
4491,-0.3980541229248047
4492,-0.5683298110961914
4493,-2.6785480976104736
4494,0.9131193161010742
4495,3.1723337173461914
4496,-13.960062026977539
4497,-0.3782167434692383
4498,2.6050195693969727
4499,-1.652649998664856
4500,-0.014509201049804688
4501,6.444525718688965
4502,-13.816099166870117
4503,-1.056863784790039
4504,5.771553993225098
4505,-3.7871623039245605
4506,-0.333953857421875
4507,7.16690731048584
4508,-14.977676391601562
4509,-1.3064336776733398
4510,6.381712913513184
4511,-3.9335811138153076
4512,-0.5167903900146484
4513,6.932570457458496
4514,-14.834392547607422
4515,-1.311528205871582
4516,6.491637229919434
4517,-4.870121002197266
4518,-0.46036624908447266
4519,6.741591453552246
4520,-13.765647888183594
4521,-1.171513557434082
4522,6.3284502029418945
4523,-4.281221389770508
4524,2.1311750411987305
4525,4.502274513244629
4526,-6.151399612426758
4527,1.537959098815918
4528,4.357321739196777
4529,0.00999307632446289
4530,-0.7717647552490234
4531,6.580531120300293
4532,-9.883013725280762
4533,-1.0747690200805664
4534,6.306830406188965
4535,1.0212430953979492
4536,0.6679677963256836
4537,11.464770317077637
4538,-7.298638820648193
4539,0.45304203033447266
4540,10.144726753234863
4541,5.019822597503662
4542,1.1933984756469727
4543,12.259608268737793
4544,-7.065488338470459
4545,0.876002311706543
4546,10.500710487365723
4547,5.3902201652526855
4548,-0.45465946197509766
4549,13.524998664855957
4550,-8.586491584777832
4551,-0.43895530700683594
4552,11.8300142288208
4553,5.298946857452393
4554,-0.9519329071044922
4555,-2.95510196685791
4556,-8.1654052734375
4557,-0.8281621932983398
4558,-3.3929271697998047
4559,-8.696646690368652
4560,-0.7617912292480469
4561,-3.420498847961426
4562,-8.696878433227539
4563,-0.6913490295410156
4564,-3.450214385986328
4565,-8.698921203613281
4566,-0.906620979309082
4567,-3.3648176193237305
4568,-7.697518348693848
4569,-0.9009838104248047
4570,-3.3741397857666016
4571,-7.697490215301514
4572,-0.8895721435546875
4573,-3.390254020690918
4574,-7.698608875274658
4575,-0.22280025482177734
4576,-3.3611249923706055
4577,-10.093917846679688
4578,-0.4523477554321289
4579,-3.3026132583618164
4580,-5.619967460632324
4581,-0.6913928985595703
4582,-2.4571847915649414
4583,-8.604886054992676
4584,-0.7927627563476562
4585,-2.4234390258789062
4586,-7.301531791687012
4587,0.816258430480957
4588,-1.0803442001342773
4589,-11.771820068359375
4590,-0.27295589447021484
4591,-0.7250270843505859
4592,-1.675750732421875
4593,0.24801921844482422
4594,2.506718635559082
4595,-13.667104721069336
4596,-0.9007253646850586
4597,2.1315793991088867
4598,-0.7322385311126709
4599,-1.4015588760375977
4600,5.330840110778809
4601,-13.801145553588867
4602,-2.089160919189453
4603,4.795468330383301
4604,-2.7896370887756348
4605,-1.7695856094360352
4606,6.084189414978027
4607,-15.112062454223633
4608,-2.475039482116699
4609,5.248435020446777
4610,-2.8830950260162354
4611,-1.9733705520629883
4612,5.859282493591309
4613,-14.79542350769043
4614,-2.5074872970581055
4615,5.237175941467285
4616,-3.7785563468933105
4617,-1.8263587951660156
4618,5.686160087585449
4619,-13.701608657836914
4620,-2.3573570251464844
4621,5.130908012390137
4622,-3.233685255050659
4623,2.150991439819336
4624,4.39595890045166
4625,-6.246652603149414
4626,1.518660545349121
4627,4.194697380065918
4628,0.10479927062988281
4629,-0.7506198883056641
4630,6.572319984436035
4631,-10.130562782287598
4632,-1.073777198791504
4633,6.169447898864746
4634,0.34337687492370605
4635,0.5743179321289062
4636,11.473002433776855
4637,-7.7143330574035645
4638,0.3752775192260742
4639,10.189404487609863
4640,4.098479747772217
4641,1.1330986022949219
4642,12.296530723571777
4643,-7.509510517120361
4644,0.8234682083129883
4645,10.522849082946777
4646,4.43081521987915
4647,-0.5192689895629883
4648,13.501860618591309
4649,-9.113777160644531
4650,-0.6559200286865234
4651,11.762001991271973
4652,4.028134822845459
4653,-0.6395597457885742
4654,-3.5325260162353516
4655,-5.164353370666504
4656,-0.5056428909301758
4657,-3.942401885986328
4658,-5.73527193069458
4659,-0.45765209197998047
4660,-3.9538326263427734
4661,-5.736166000366211
4662,-0.38573741912841797
4663,-3.9816646575927734
4664,-5.736406326293945
4665,-0.5600118637084961
4666,-3.9316349029541016
4667,-4.762783050537109
4668,-0.5514345169067383
4669,-3.9376630783081055
4670,-4.762960433959961
4671,-0.5305881500244141
4672,-3.952545166015625
4673,-4.764465808868408
4674,0.022413253784179688
4675,-3.81949520111084
4676,-6.988487243652344
4677,-0.1453104019165039
4678,-3.821615219116211
4679,-2.6338226795196533
4680,-0.42126941680908203
4681,-3.0374975204467773
4682,-5.579797267913818
4683,-0.5134544372558594
4684,-3.0266504287719727
4685,-4.305303573608398
4686,0.8450527191162109
4687,-1.4336910247802734
4688,-9.505858421325684
4689,-0.043572425842285156
4690,-0.8786211013793945
4691,0.5220606327056885
4692,-0.6045780181884766
4693,1.6224660873413086
4694,-11.688518524169922
4695,-1.1441631317138672
4696,1.6600313186645508
4697,1.371199131011963
4698,-2.3382415771484375
4699,3.8130197525024414
4700,-11.702350616455078
4701,-2.6928415298461914
4702,3.725592613220215
4703,-1.193716287612915
4704,-2.784348487854004
4705,4.3511152267456055
4706,-12.925384521484375
4707,-3.186605453491211
4708,4.189257621765137
4709,-1.3532822132110596
4710,-2.837845802307129
4711,4.964774131774902
4712,-12.318370819091797
4713,-3.201613426208496
4714,4.354701042175293
4715,-2.4375159740448
4716,-2.6774654388427734
4717,4.570643424987793
4718,-11.496904373168945
4719,-3.105868339538574
4720,4.087632179260254
4721,-1.7695902585983276
4722,2.158945083618164
4723,4.278008460998535
4724,-6.327309608459473
4725,1.5587005615234375
4726,4.090573310852051
4727,0.18481874465942383
4728,-0.7399978637695312
4729,6.551848411560059
4730,-9.314949035644531
4731,-1.0416240692138672
4732,6.180315971374512
4733,0.28618812561035156
4734,0.5408744812011719
4735,11.489834785461426
4736,-7.073896884918213
4737,0.3081226348876953
4738,10.207829475402832
4739,3.9990663528442383
4740,1.0719127655029297
4741,12.310141563415527
4742,-6.874429225921631
4743,0.8267154693603516
4744,10.568222999572754
4745,4.3602471351623535
4746,-0.5213165283203125
4747,13.509530067443848
4748,-8.804373741149902
4749,-0.7574834823608398
4750,11.817526817321777
4751,3.975437641143799
4752,-0.2755393981933594
4753,-4.097843170166016
4754,-4.474523067474365
4755,-0.1251516342163086
4756,-4.49654483795166
4757,-5.038851261138916
4758,-0.07693195343017578
4759,-4.506157875061035
4760,-5.039607048034668
4761,-0.020791053771972656
4762,-4.51969051361084
4763,-5.040275573730469
4764,-0.17227840423583984
4765,-4.490082740783691
4766,-4.068301200866699
4767,-0.1601104736328125
4768,-4.498459815979004
4769,-4.068395614624023
4770,-0.14273834228515625
4771,-4.508191108703613
4772,-4.069262504577637
4773,0.3448505401611328
4774,-4.3332319259643555
4775,-6.274748802185059
4776,0.22337055206298828
4777,-4.37191104888916
4778,-1.9536422491073608
4779,-0.09790611267089844
4780,-3.6398258209228516
4781,-4.896226406097412
4782,-0.17385005950927734
4783,-3.650514602661133
4784,-3.6333260536193848
4785,0.9434185028076172
4786,-1.999436378479004
4787,-8.920351028442383
4788,0.3494415283203125
4789,-1.6271181106567383
4790,1.0164484977722168
4791,-1.0322999954223633
4792,0.3377389907836914
4793,-11.181365966796875
4794,-1.2786779403686523
4795,0.20889759063720703
4796,1.9007086753845215
4797,-3.0805540084838867
4798,1.0547409057617188
4799,-10.917337417602539
4800,-3.127072334289551
4801,0.8621044158935547
4802,-0.39372801780700684
4803,-3.474609375
4804,1.1390457153320312
4805,-12.075843811035156
4806,-3.504378318786621
4807,0.9404411315917969
4808,-0.4818868637084961
4809,-3.5110740661621094
4810,0.8028993606567383
4811,-11.41488265991211
4812,-3.5870790481567383
4813,0.6897382736206055
4814,-1.5150976181030273
4815,-3.3337039947509766
4816,0.8717117309570312
4817,-10.697202682495117
4818,-3.473689079284668
4819,1.0976877212524414
4820,-0.954864501953125
4821,2.1613006591796875
4822,4.193812370300293
4823,-6.345755100250244
4824,1.6214075088500977
4825,4.041548728942871
4826,0.20342493057250977
4827,-0.7238674163818359
4828,6.546658515930176
4829,-8.57961368560791
4830,-1.0189971923828125
4831,6.1776838302612305
4832,-0.02115345001220703
4833,0.5275306701660156
4834,11.524415016174316
4835,-6.928494453430176
4836,0.2428741455078125
4837,10.232951164245605
4838,3.61859130859375
4839,1.0357770919799805
4840,12.350172996520996
4841,-6.615785598754883
4842,0.7613468170166016
4843,10.579304695129395
4844,3.989861011505127
4845,-0.5177841186523438
4846,13.516093254089355
4847,-7.196663856506348
4848,-0.8023881912231445
4849,11.85761547088623
4850,3.694150924682617
4851,0.013495445251464844
4852,-4.525613784790039
4853,-3.7215800285339355
4854,0.1712188720703125
4855,-4.903168678283691
4856,-4.3094096183776855
4857,0.21538352966308594
4858,-4.915804862976074
4859,-4.309344291687012
4860,0.26150035858154297
4861,-4.924941062927246
4862,-4.309747219085693
4863,0.1506786346435547
4864,-4.903179168701172
4865,-3.328052043914795
4866,0.17304420471191406
4867,-4.914694786071777
4868,-3.3280892372131348
4869,0.20475482940673828
4870,-4.927857398986816
4871,-3.3289623260498047
4872,0.6123552322387695
4873,-4.747912406921387
4874,-5.582515716552734
4875,0.5376062393188477
4876,-4.796150207519531
4877,-1.2149733304977417
4878,0.15171432495117188
4879,-4.11179256439209
4880,-4.148088455200195
4881,0.11443138122558594
4882,-4.117408752441406
4883,-2.877206802368164
4884,1.0479602813720703
4885,-2.6199474334716797
4886,-8.39195442199707
4887,0.6603899002075195
4888,-2.2662572860717773
4889,1.7953448295593262
4890,-0.8937454223632812
4891,-1.1329412460327148
4892,-9.975387573242188
4893,-1.3170576095581055
4894,-1.2174148559570312
4895,2.5842370986938477
4896,-2.517594337463379
4897,-1.5652952194213867
4898,-8.433887481689453
4899,-3.084829330444336
4900,-1.6398496627807617
4901,0.192795991897583
4902,-2.784529685974121
4903,-1.9253110885620117
4904,-9.303260803222656
4905,-3.45772647857666
4906,-2.014094352722168
4907,0.09482097625732422
4908,-2.653667449951172
4909,-2.297170639038086
4910,-8.858566284179688
4911,-3.4984512329101562
4912,-2.2311363220214844
4913,-0.7299132347106934
4914,-2.52950382232666
4915,-2.133784294128418
4916,-8.241081237792969
4917,-3.3964338302612305
4918,-2.0042428970336914
4919,-0.30327677726745605
4920,2.150625228881836
4921,4.127154350280762
4922,-6.423290729522705
4923,1.6684436798095703
4924,3.901820182800293
4925,0.27954578399658203
4926,-0.7123756408691406
4927,6.5328168869018555
4928,-8.270468711853027
4929,-0.9829311370849609
4930,6.140948295593262
4931,0.015489339828491211
4932,0.49480247497558594
4933,11.616021156311035
4934,-6.725859642028809
4935,0.19696521759033203
4936,10.249724388122559
4937,3.766599178314209
4938,0.9321842193603516
4939,12.41856861114502
4940,-6.4937334060668945
4941,0.5724649429321289
4942,10.596541404724121
4943,4.158931255340576
4944,-0.529017448425293
4945,13.52196979522705
4946,-7.22849702835083
4947,-0.945765495300293
4948,11.821999549865723
4949,3.818553924560547
4950,0.35524940490722656
4951,-4.938976287841797
4952,-2.7626712322235107
4953,0.5249176025390625
4954,-5.319108963012695
4955,-3.275606155395508
4956,0.5650510787963867
4957,-5.3253068923950195
4958,-3.275346040725708
4959,0.6107730865478516
4960,-5.330228805541992
4961,-3.276007890701294
4962,0.5078048706054688
4963,-5.320655822753906
4964,-2.3300952911376953
4965,0.5322532653808594
4966,-5.326848030090332
4967,-2.3300342559814453
4968,0.5606250762939453
4969,-5.335017204284668
4970,-2.3309428691864014
4971,0.9583873748779297
4972,-5.067315101623535
4973,-4.5138654708862305
4974,0.8753690719604492
4975,-5.135293006896973
4976,-0.27645397186279297
4977,0.46291351318359375
4978,-4.492186546325684
4979,-3.191782236099243
4980,0.43560314178466797
4981,-4.50004768371582
4982,-1.9644079208374023
4983,1.302140235900879
4984,-3.1406240463256836
4985,-7.471622943878174
4986,0.8436460494995117
4987,-2.73490047454834
4988,2.436737060546875
4989,-0.4983186721801758
4990,-2.654674530029297
4991,-9.202741622924805
4992,-0.9086456298828125
4993,-2.450817108154297
4994,3.59548282623291
4995,-2.211380958557129
4996,-4.359405517578125
4997,-7.674008846282959
4998,-2.482058525085449
4999,-4.263148307800293
5000,1.5565195083618164
5001,-2.413201332092285
5002,-5.120102882385254
5003,-8.448555946350098
5004,-2.848012924194336
5005,-4.971704483032227
5006,1.4197969436645508
5007,-2.5225143432617188
5008,-5.44266414642334
5009,-8.083752632141113
5010,-2.8503971099853516
5011,-5.184868812561035
5012,0.8199501037597656
5013,-2.351224899291992
5014,-5.217094421386719
5015,-7.507229804992676
5016,-2.756211280822754
5017,-4.961572647094727
5018,1.1532645225524902
5019,2.14176082611084
5020,4.002932548522949
5021,-6.448000907897949
5022,1.6509590148925781
5023,3.657504081726074
5024,0.30309295654296875
5025,-0.7048177719116211
5026,6.5245256423950195
5027,-8.075841903686523
5028,-0.9714975357055664
5029,6.110293388366699
5030,0.0246579647064209
5031,0.4930229187011719
5032,11.617657661437988
5033,-6.659158706665039
5034,0.15871429443359375
5035,10.266758918762207
5036,2.9964051246643066
5037,0.9362573623657227
5038,12.407807350158691
5039,-6.452625274658203
5040,0.5571870803833008
5041,10.61301326751709
5042,3.2755532264709473
5043,-0.5468893051147461
5044,13.502982139587402
5045,-7.243130207061768
5046,-1.0185022354125977
5047,11.850769996643066
5048,2.7530150413513184
5049,0.6812963485717773
5050,-5.518815040588379
5051,-2.371659517288208
5052,0.9063758850097656
5053,-5.812470436096191
5054,-2.79132080078125
5055,0.9537601470947266
5056,-5.79926872253418
5057,-2.7903804779052734
5058,1.0072126388549805
5059,-5.781362533569336
5060,-2.7909297943115234
5061,0.8653945922851562
5062,-5.827174186706543
5063,-1.9045332670211792
5064,0.8810529708862305
5065,-5.82612419128418
5066,-1.9050081968307495
5067,0.9014101028442383
5068,-5.824099540710449
5069,-1.9062572717666626
5070,1.298813819885254
5071,-5.4031171798706055
5072,-3.877814292907715
5073,1.1691455841064453
5074,-5.505287170410156
5075,0.10464000701904297
5076,0.7575359344482422
5077,-5.036050796508789
5078,-2.7678167819976807
5079,0.6978120803833008
5080,-5.0554094314575195
5081,-1.6211636066436768
5082,1.559443473815918
5083,-3.604659080505371
5084,-6.761700630187988
5085,0.8268842697143555
5086,-3.1900386810302734
5087,2.568546772003174
5088,-0.09726238250732422
5089,-3.3487071990966797
5090,-7.836447715759277
5091,-0.897618293762207
5092,-3.774555206298828
5093,3.7421698570251465
5094,-1.2801790237426758
5095,-5.857431411743164
5096,-5.6531476974487305
5097,-1.9018640518188477
5098,-6.754636764526367
5099,2.0276451110839844
5100,-1.5734224319458008
5101,-6.497333526611328
5102,-6.2406721115112305
5103,-2.2076921463012695
5104,-7.601101875305176
5105,1.8538870811462402
5106,-1.4125890731811523
5107,-6.759323596954346
5108,-5.9996185302734375
5109,-2.119418144226074
5110,-7.8457441329956055
5111,1.5396671295166016
5112,-1.31591796875
5113,-6.527195930480957
5114,-5.504216194152832
5115,-2.029232978820801
5116,-7.5280561447143555
5117,1.7452359199523926
5118,2.140317916870117
5119,3.6695261001586914
5120,-6.509033203125
5121,1.632889747619629
5122,3.2701425552368164
5123,0.3628711700439453
5124,-0.6978673934936523
5125,6.484082221984863
5126,-8.359390258789062
5127,-0.9656476974487305
5128,6.054873466491699
5129,0.11475777626037598
5130,0.49308300018310547
5131,11.624741554260254
5132,-8.132355690002441
5133,0.14439010620117188
5134,10.263781547546387
5135,3.006568431854248
5136,0.9481935501098633
5137,12.409113883972168
5138,-8.033540725708008
5139,0.44579505920410156
5140,10.632182121276855
5141,3.262718677520752
5142,-0.5777406692504883
5143,13.487290382385254
5144,-8.977632522583008
5145,-1.0356969833374023
5146,11.842244148254395
5147,2.885021686553955
5148,1.0536022186279297
5149,-6.349011421203613
5150,-2.075613021850586
5151,1.3000564575195312
5152,-6.553589820861816
5153,-2.495175361633301
5154,1.3519411087036133
5155,-6.522716522216797
5156,-2.493884325027466
5157,1.408578872680664
5158,-6.485712051391602
5159,-2.4942336082458496
5160,1.2432260513305664
5161,-6.583782196044922
5162,-1.6352951526641846
5163,1.2576913833618164
5164,-6.577396392822266
5165,-1.6358968019485474
5166,1.2754716873168945
5167,-6.566662788391113
5168,-1.6380289793014526
5169,1.6761531829833984
5170,-5.977265357971191
5171,-3.5372767448425293
5172,1.4975605010986328
5173,-6.121567726135254
5174,0.35476183891296387
5175,1.1089582443237305
5176,-5.853446006774902
5177,-2.4564261436462402
5178,1.0237464904785156
5179,-5.872404098510742
5180,-1.3414511680603027
5181,1.8067808151245117
5182,-4.496838569641113
5183,-6.456513404846191
5184,0.9047670364379883
5185,-4.042291641235352
5186,2.7402238845825195
5187,0.16699695587158203
5188,-4.836830139160156
5189,-7.032037734985352
5190,-0.7064580917358398
5191,-5.202210426330566
5192,4.000387668609619
5193,-0.4053325653076172
5194,-6.990479946136475
5195,-3.5686793327331543
5196,-1.1731882095336914
5197,-8.425752639770508
5198,3.414335250854492
5199,-0.5399036407470703
5200,-7.312830448150635
5201,-3.8011586666107178
5202,-1.3031644821166992
5203,-9.27269458770752
5204,3.290731906890869
5205,-0.4354267120361328
5206,-7.354868412017822
5207,-3.8595521450042725
5208,-1.2513236999511719
5209,-9.386539459228516
5210,3.2895193099975586
5211,-0.39107799530029297
5212,-7.19534969329834
5213,-3.4904754161834717
5214,-1.1843366622924805
5215,-9.219206809997559
5216,3.2661938667297363
5217,2.0961151123046875
5218,3.148892402648926
5219,-6.535445213317871
5220,1.5944023132324219
5221,2.8634023666381836
5222,0.38988232612609863
5223,-0.6932659149169922
5224,6.422533988952637
5225,-8.734640121459961
5226,-0.9625091552734375
5227,5.984673500061035
5228,0.17024564743041992
5229,0.5004148483276367
5230,11.606583595275879
5231,-9.467674255371094
5232,0.12177848815917969
5233,10.2522554397583
5234,2.2748637199401855
5235,0.9628353118896484
5236,12.409632682800293
5237,-9.506742477416992
5238,0.4078645706176758
5239,10.649577140808105
5240,2.4342432022094727
5241,-0.5715456008911133
5242,13.4912748336792
5243,-10.95526123046875
5244,-1.0815916061401367
5245,11.860644340515137
5246,2.0208091735839844
5247,1.5634002685546875
5248,-7.270221710205078
5249,-2.75500750541687
5250,1.7950353622436523
5251,-7.363201141357422
5252,-3.156677007675171
5253,1.849900245666504
5254,-7.297126770019531
5255,-3.155057430267334
5256,1.9101219177246094
5257,-7.229340076446533
5258,-3.155559539794922
5259,1.708531379699707
5260,-7.427197456359863
5261,-2.276573419570923
5262,1.698007583618164
5263,-7.409518241882324
5264,-2.2769222259521484
5265,1.6906795501708984
5266,-7.393012523651123
5267,-2.2781100273132324
5268,2.1736764907836914
5269,-6.591169357299805
5270,-4.095476150512695
5271,1.8855400085449219
5272,-6.772950172424316
5273,-0.11372518539428711
5274,1.5925121307373047
5275,-6.805680274963379
5276,-3.100149393081665
5277,1.461592674255371
5278,-6.825758457183838
5279,-1.959827184677124
5280,2.2150087356567383
5281,-5.250077247619629
5282,-6.480013847351074
5283,1.0737543106079102
5284,-4.714838027954102
5285,2.4617676734924316
5286,0.2824106216430664
5287,-6.715984344482422
5288,-6.784029006958008
5289,-0.48418521881103516
5290,-6.219944953918457
5291,4.755845546722412
5292,-0.28568077087402344
5293,-9.464052200317383
5294,-2.8926968574523926
5295,-0.9444971084594727
5296,-9.270813941955566
5297,5.821712017059326
5298,-0.019278526306152344
5299,-9.844724655151367
5300,-2.9965415000915527
5301,-0.8530673980712891
5302,-9.978032112121582
5303,5.838039875030518
5304,-0.3157014846801758
5305,-9.831589698791504
5306,-3.120948314666748
5307,-0.38040828704833984
5308,-9.956538200378418
5309,6.16050386428833
5310,-0.29184436798095703
5311,-9.559639930725098
5312,-2.847815752029419
5313,-0.3700094223022461
5314,-9.802082061767578
5315,5.822102069854736
5316,2.048415184020996
5317,2.59738826751709
5318,-6.461758613586426
5319,1.4297056198120117
5320,2.367314338684082
5321,0.3171243667602539
5322,-0.6488704681396484
5323,6.286200523376465
5324,-8.710092544555664
5325,-0.955348014831543
5326,5.861433982849121
5327,-0.43717169761657715
5328,0.5128898620605469
5329,11.605706214904785
5330,-9.590391159057617
5331,0.11043453216552734
5332,10.242798805236816
5333,0.8938350677490234
5334,0.9722414016723633
5335,12.41760540008545
5336,-9.666210174560547
5337,0.43503284454345703
5338,10.651734352111816
5339,0.994804859161377
5340,-0.5661716461181641
5341,13.497496604919434
5342,-11.361013412475586
5343,-1.1044960021972656
5344,11.877541542053223
5345,0.44760870933532715
5346,1.9931621551513672
5347,-7.623119831085205
5348,-3.353710889816284
5349,2.2285022735595703
5350,-7.70013427734375
5351,-3.734255313873291
5352,2.2865848541259766
5353,-7.640662670135498
5354,-3.7330775260925293
5355,2.3544816970825195
5356,-7.5746355056762695
5357,-3.734288215637207
5358,2.118929862976074
5359,-7.769336700439453
5360,-2.881742000579834
5361,2.09375
5362,-7.761349678039551
5363,-2.8815455436706543
5364,2.0733251571655273
5365,-7.751527786254883
5366,-2.8825926780700684
5367,2.5883617401123047
5368,-6.98183536529541
5369,-4.4534993171691895
5370,2.233952522277832
5371,-7.17438268661499
5372,-0.5994389057159424
5373,2.006524085998535
5374,-7.209987163543701
5375,-3.6035878658294678
5376,1.8471546173095703
5377,-7.242495536804199
5378,-2.498997688293457
5379,2.5737438201904297
5380,-5.672578811645508
5381,-6.357107162475586
5382,1.3087701797485352
5383,-5.188722610473633
5384,2.128129005432129
5385,0.58282470703125
5386,-7.238853931427002
5387,-5.879265308380127
5388,-0.2564888000488281
5389,-6.799718856811523
5390,4.818419456481934
5391,0.8008337020874023
5392,-9.512837409973145
5393,-1.4896246194839478
5394,0.4235572814941406
5395,-9.527746200561523
5396,6.383019924163818
5397,0.9546785354614258
5398,-10.165611267089844
5399,-1.426796555519104
5400,0.6959714889526367
5401,-10.223127365112305
5402,6.42009973526001
5403,1.022618293762207
5404,-10.0236177444458
5405,-1.7075248956680298
5406,0.9467496871948242
5407,-10.210393905639648
5408,6.780059337615967
5409,1.001845359802246
5410,-9.852422714233398
5411,-1.4900388717651367
5412,0.9247026443481445
5413,-10.034708023071289
5414,6.4210734367370605
5415,1.9165010452270508
5416,2.0463762283325195
5417,-6.248342514038086
5418,1.1550378799438477
5419,1.8726434707641602
5420,0.1063377857208252
5421,-0.5185861587524414
5422,6.229172706604004
5423,-8.660805702209473
5424,-0.9727363586425781
5425,5.630326271057129
5426,-1.106916904449463
5427,0.5710945129394531
5428,11.599112510681152
5429,-9.079164505004883
5430,0.057765960693359375
5431,10.244959831237793
5432,0.5224978923797607
5433,1.0325431823730469
5434,12.418192863464355
5435,-9.150232315063477
5436,0.4220409393310547
5437,10.673449516296387
5438,0.636188268661499
5439,-0.527369499206543
5440,13.549689292907715
5441,-11.050859451293945
5442,-1.1902990341186523
5443,11.891266822814941
5444,-0.04907369613647461
5445,2.537630081176758
5446,-7.821313381195068
5447,-3.7417263984680176
5448,2.781033515930176
5449,-7.830230712890625
5450,-4.099072456359863
5451,2.837329864501953
5452,-7.772663116455078
5453,-4.098531723022461
5454,2.8989133834838867
5455,-7.710097789764404
5456,-4.100133895874023
5457,2.670121192932129
5458,-7.911367416381836
5459,-3.2830026149749756
5460,2.6455211639404297
5461,-7.914737224578857
5462,-3.282834053039551
5463,2.6261911392211914
5464,-7.917364597320557
5465,-3.2839605808258057
5466,3.0785303115844727
5467,-7.177334308624268
5468,-4.701558589935303
5469,2.7432613372802734
5470,-7.443853855133057
5471,-1.0338776111602783
5472,2.5036020278930664
5473,-7.452805042266846
5474,-3.9397358894348145
5475,2.35800838470459
5476,-7.532201290130615
5477,-2.886441230773926
5478,2.90328311920166
5479,-5.879433631896973
5480,-6.611133098602295
5481,1.653456687927246
5482,-5.706579208374023
5483,1.8265085220336914
5484,1.0616464614868164
5485,-7.64089822769165
5486,-6.134462356567383
5487,0.2872953414916992
5488,-7.268872261047363
5489,4.2753376960754395
5490,1.7138957977294922
5491,-9.651068687438965
5492,-2.170095920562744
5493,1.354142189025879
5494,-9.627663612365723
5495,5.414718151092529
5496,1.928030014038086
5497,-10.413412094116211
5498,-2.232163429260254
5499,1.6968870162963867
5500,-10.47901725769043
5501,5.456902027130127
5502,2.0722904205322266
5503,-10.197166442871094
5504,-2.472507953643799
5505,1.8694829940795898
5506,-10.45588493347168
5507,5.701834201812744
5508,2.0074071884155273
5509,-9.881963729858398
5510,-2.164398193359375
5511,1.8057174682617188
5512,-10.090799331665039
5513,5.422086238861084
5514,1.73846435546875
5515,1.410994529724121
5516,-6.114005088806152
5517,0.9868669509887695
5518,1.2575769424438477
5519,-0.02776932716369629
5520,-0.4684915542602539
5521,5.985354423522949
5522,-8.392086029052734
5523,-0.9711580276489258
5524,5.383135795593262
5525,-0.7979211807250977
5526,0.5572385787963867
5527,11.579667091369629
5528,-8.62103271484375
5529,-0.10370826721191406
5530,10.247117042541504
5531,0.8383512496948242
5532,1.0180082321166992
5533,12.414502143859863
5534,-8.66543960571289
5535,0.09947586059570312
5536,10.690743446350098
5537,0.9272379875183105
5538,-0.5535373687744141
5539,13.533852577209473
5540,-10.443344116210938
5541,-1.3526487350463867
5542,11.88095760345459
5543,0.06365156173706055
5544,3.070633888244629
5545,-7.837847709655762
5546,-4.025211334228516
5547,3.3253965377807617
5548,-7.790395736694336
5549,-4.363037109375
5550,3.3693857192993164
5551,-7.729412078857422
5552,-4.362727165222168
5553,3.414780616760254
5554,-7.668170928955078
5555,-4.363962173461914
5556,3.2378015518188477
5557,-7.896465301513672
5558,-3.5551304817199707
5559,3.217036247253418
5560,-7.9132466316223145
5561,-3.5547871589660645
5562,3.201388359069824
5563,-7.927382469177246
5564,-3.5553174018859863
5565,3.52156925201416
5566,-7.194694995880127
5567,-4.956300735473633
5568,3.2599477767944336
5569,-7.4764485359191895
5570,-1.3142147064208984
5571,3.0046510696411133
5572,-7.512092113494873
5573,-4.223262786865234
5574,2.8939762115478516
5575,-7.635045528411865
5576,-3.1768195629119873
5577,3.1955556869506836
5578,-5.828169822692871
5579,-7.088397026062012
5580,2.0743894577026367
5581,-5.977018356323242
5582,1.6409893035888672
5583,1.6428766250610352
5584,-7.819396018981934
5585,-8.028399467468262
5586,0.8154821395874023
5587,-7.476850509643555
5588,4.020805835723877
5589,2.4866724014282227
5590,-9.709409713745117
5591,-6.0478386878967285
5592,1.9421939849853516
5593,-9.621479988098145
5594,4.96832799911499
5595,2.7314109802246094
5596,-10.212071418762207
5597,-6.593685150146484
5598,2.238274574279785
5599,-10.272369384765625
5600,5.004580974578857
5601,2.8697633743286133
5602,-10.11958122253418
5603,-6.620828628540039
5604,2.406296730041504
5605,-10.19588851928711
5606,5.147049427032471
5607,2.7922163009643555
5608,-9.84040355682373
5609,-6.020312786102295
5610,2.341761589050293
5611,-9.900118827819824
5612,4.93320894241333
5613,1.4101238250732422
5614,0.7717676162719727
5615,-6.119674205780029
5616,0.8693828582763672
5617,0.6885061264038086
5618,-0.022629261016845703
5619,-0.442535400390625
5620,5.399661064147949
5621,-7.692570209503174
5622,-0.8710575103759766
5623,5.062705039978027
5624,-0.6148796081542969
5625,0.5212774276733398
5626,11.441550254821777
5627,-8.160064697265625
5628,-0.1588897705078125
5629,10.182507514953613
5630,1.391472339630127
5631,0.9358758926391602
5632,12.138415336608887
5633,-8.084768295288086
5634,0.13949298858642578
5635,10.675925254821777
5636,1.4951176643371582
5637,-0.5757951736450195
5638,13.506516456604004
5639,-9.745820045471191
5640,-1.2983713150024414
5641,11.886013984680176
5642,0.42952656745910645
5643,3.6767053604125977
5644,-7.921933650970459
5645,-2.302858829498291
5646,3.903622627258301
5647,-7.838470458984375
5648,-2.519556999206543
5649,3.9375486373901367
5650,-7.773931503295898
5651,-2.520003318786621
5652,3.981480598449707
5653,-7.696259021759033
5654,-2.5216777324676514
5655,3.837662696838379
5656,-7.935698509216309
5657,-1.7644115686416626
5658,3.8212575912475586
5659,-7.942028999328613
5660,-1.7638700008392334
5661,3.809920310974121
5662,-7.942683696746826
5663,-1.7638322114944458
5664,4.0161237716674805
5665,-7.1971588134765625
5666,-3.0067832469940186
5667,3.811722755432129
5668,-7.508887767791748
5669,0.40729641914367676
5670,3.586855888366699
5671,-7.615242958068848
5672,-2.4792957305908203
5673,3.5007524490356445
5674,-7.723870754241943
5675,-1.5096769332885742
5676,3.51784610748291
5677,-5.992319107055664
5678,-5.502679824829102
5679,2.4872493743896484
5680,-6.187209129333496
5681,3.049734115600586
5682,2.412938117980957
5683,-8.054141998291016
5684,-6.379820346832275
5685,1.2191925048828125
5686,-7.436890125274658
5687,5.677354335784912
5688,3.02078914642334
5689,-9.819402694702148
5690,-3.998889446258545
5691,2.3604259490966797
5692,-9.61089038848877
5693,7.141402721405029
5694,3.224165916442871
5695,-10.317878723144531
5696,-4.287697792053223
5697,2.619645118713379
5698,-10.178915977478027
5699,7.236155033111572
5700,3.4050188064575195
5701,-10.040643692016602
5702,-4.324718475341797
5703,2.944808006286621
5704,-10.15131950378418
5705,7.415186405181885
5706,3.326512336730957
5707,-9.911772727966309
5708,-3.9542322158813477
5709,2.7801218032836914
5710,-9.906373977661133
5711,7.120502948760986
5712,1.2569475173950195
5713,-0.17162036895751953
5714,-6.000326633453369
5715,0.7563409805297852
5716,-0.24013137817382812
5717,-0.14349746704101562
5718,-0.3783855438232422
5719,4.541068077087402
5720,-7.71697998046875
5721,-0.8454799652099609
5722,4.363991737365723
5723,-0.8584446907043457
5724,0.505528450012207
5725,10.804852485656738
5726,-8.507349014282227
5727,-0.2982187271118164
5728,9.76001262664795
5729,-0.4117610454559326
5730,0.9128942489624023
5731,11.4608793258667
5732,-8.554710388183594
5733,-0.006495475769042969
5734,10.240426063537598
5735,-0.4237034320831299
5736,-0.5712623596191406
5737,13.198033332824707
5738,-10.4947509765625
5739,-1.2627477645874023
5740,11.798686027526855
5741,-1.6679109334945679
5742,4.141205787658691
5743,-7.8532257080078125
5744,-1.8297101259231567
5745,4.338452339172363
5746,-7.683563709259033
5747,-2.0649564266204834
5748,4.366774559020996
5749,-7.611886978149414
5750,-2.0653023719787598
5751,4.394486427307129
5752,-7.537139892578125
5753,-2.0663557052612305
5754,4.296059608459473
5755,-7.758474349975586
5756,-1.2873507738113403
5757,4.282834053039551
5758,-7.750057697296143
5759,-1.2877556085586548
5760,4.272393226623535
5761,-7.733940601348877
5762,-1.2873291969299316
5763,4.375296592712402
5764,-7.055271625518799
5765,-2.6800084114074707
5766,4.2454938888549805
5767,-7.3145647048950195
5768,0.8197028636932373
5769,4.0347394943237305
5770,-7.652174949645996
5771,-2.0555386543273926
5772,3.958542823791504
5773,-7.741878032684326
5774,-1.0617866516113281
5775,3.836756706237793
5776,-6.022747039794922
5777,-5.156186103820801
5778,2.8375444412231445
5779,-6.3534698486328125
5780,3.1590418815612793
5781,2.9561052322387695
5782,-7.7392730712890625
5783,-6.507336616516113
5784,1.5255985260009766
5785,-7.312312602996826
5786,4.116154193878174
5787,3.461859703063965
5788,-9.73578929901123
5789,-4.795281887054443
5790,2.619418144226074
5791,-9.469930648803711
5792,5.524165630340576
5793,3.6134119033813477
5794,-10.139792442321777
5795,-5.200248718261719
5796,2.866943359375
5797,-9.921345710754395
5798,4.514641761779785
5799,3.7061166763305664
5800,-9.91637897491455
5801,-5.157136917114258
5802,3.042881965637207
5803,-9.921075820922852
5804,6.045162677764893
5805,3.6568517684936523
5806,-9.79878044128418
5807,-4.724584579467773
5808,2.9520750045776367
5809,-9.664497375488281
5810,6.7616868019104
5811,1.1648130416870117
5812,-0.9492568969726562
5813,-5.8142218589782715
5814,0.6419763565063477
5815,-0.991215705871582
5816,-0.3316221237182617
5817,-0.38361358642578125
5818,3.5775575637817383
5819,-7.253818511962891
5820,-0.8477544784545898
5821,3.418137550354004
5822,-0.9725785255432129
5823,0.2698831558227539
5824,9.79088306427002
5825,-7.826181888580322
5826,-0.40520763397216797
5827,9.081839561462402
5828,-0.7095980644226074
5829,0.6747426986694336
5830,10.313746452331543
5831,-7.865027904510498
5832,-0.1616802215576172
5833,9.606162071228027
5834,-0.7235462665557861
5835,-0.6124744415283203
5836,12.373303413391113
5837,-9.709592819213867
5838,-1.2921390533447266
5839,11.357224464416504
5840,-2.0626273155212402
5841,4.470269203186035
5842,-7.50303316116333
5843,-2.1520321369171143
5844,4.64487361907959
5845,-7.291550159454346
5846,-2.55816650390625
5847,4.656739234924316
5848,-7.231945037841797
5849,-2.5587453842163086
5850,4.670693397521973
5851,-7.169729709625244
5852,-2.5600600242614746
5853,4.634129524230957
5854,-7.322122573852539
5855,-1.7160708904266357
5856,4.634587287902832
5857,-7.289698123931885
5858,-1.716474175453186
5859,4.638510704040527
5860,-7.253147125244141
5861,-1.7159652709960938
5862,4.6031999588012695
5863,-6.725556373596191
5864,-3.720848798751831
5865,4.558850288391113
5866,-6.845225811004639
5867,0.11159372329711914
5868,4.322340965270996
5869,-7.347330093383789
5870,-2.564500331878662
5871,4.278677940368652
5872,-7.413500785827637
5873,-1.4726563692092896
5874,3.937159538269043
5875,-6.130515098571777
5876,-6.089984893798828
5877,3.025747299194336
5878,-6.282078742980957
5879,2.450580596923828
5880,3.3069467544555664
5881,-8.78963851928711
5882,-6.274868011474609
5883,2.0609960556030273
5884,-7.4732866287231445
5885,3.711543083190918
5886,4.10373592376709
5887,-10.345319747924805
5888,-2.97047758102417
5889,3.203913688659668
5890,-9.71263599395752
5891,3.696139335632324
5892,4.250077247619629
5893,-10.601152420043945
5894,-3.234635591506958
5895,3.494927406311035
5896,-10.139507293701172
5897,3.377790927886963
5898,4.356396675109863
5899,-10.421609878540039
5900,-3.2151036262512207
5901,3.6710004806518555
5902,-10.350866317749023
5903,3.618257999420166
5904,4.259079933166504
5905,-10.218133926391602
5906,-2.8893516063690186
5907,3.580502510070801
5908,-9.967738151550293
5909,3.86771821975708
5910,1.102041244506836
5911,-1.5292024612426758
5912,-5.761355400085449
5913,0.5736093521118164
5914,-1.6528491973876953
5915,-0.3823392391204834
5916,-0.6025028228759766
5917,2.5858888626098633
5918,-7.010375499725342
5919,-0.9327783584594727
5920,2.418341636657715
5921,-0.7342674732208252
5922,-0.022127151489257812
5923,8.36266803741455
5924,-6.697474479675293
5925,-0.6005373001098633
5926,7.694025993347168
5927,-0.031508445739746094
5928,0.38927173614501953
5929,8.633122444152832
5930,-6.610621929168701
5931,-0.3545522689819336
5932,8.146706581115723
5933,-0.0033957958221435547
5934,-0.7376117706298828
5935,11.023356437683105
5936,-8.065511703491211
5937,-1.3335790634155273
5938,10.051554679870605
5939,-1.1575156450271606
5940,4.915463447570801
5941,-7.153071880340576
5942,-2.6249570846557617
5943,5.065131187438965
5944,-6.9113450050354
5945,-3.0722804069519043
5946,5.062203407287598
5947,-6.861837863922119
5948,-3.0728139877319336
5949,5.05825138092041
5950,-6.812061309814453
5951,-3.0742082595825195
5952,5.067303657531738
5953,-6.934662342071533
5954,-2.215705156326294
5955,5.063658714294434
5956,-6.908705711364746
5957,-2.2160072326660156
5958,5.056353569030762
5959,-6.883827209472656
5960,-2.2151453495025635
5961,4.890480995178223
5962,-6.444718360900879
5963,-4.337403297424316
5964,4.8830366134643555
5965,-6.558091163635254
5966,-0.4238002300262451
5967,4.720395088195801
5968,-7.06857442855835
5969,-3.069322109222412
5970,4.712374687194824
5971,-7.112712383270264
5972,-1.9558204412460327
5973,4.119336128234863
5974,-6.1167402267456055
5975,-6.755971431732178
5976,3.412289619445801
5977,-6.25258731842041
5978,1.9886722564697266
5979,3.781266212463379
5980,-8.917485237121582
5981,-7.265395641326904
5982,3.04740047454834
5983,-7.764593601226807
5984,3.7497501373291016
5985,4.501235008239746
5986,-10.372881889343262
5987,-4.538057327270508
5988,3.743231773376465
5989,-9.936668395996094
5990,4.016863822937012
5991,4.762701988220215
5992,-10.896662712097168
5993,-4.973306655883789
5994,3.954127311706543
5995,-10.403573989868164
5996,4.057148456573486
5997,4.749606132507324
5998,-10.504314422607422
5999,-4.8488359451293945
6000,3.9877233505249023
6001,-10.463434219360352
6002,3.6045217514038086
6003,4.717276573181152
6004,-10.413676261901855
6005,-4.439143657684326
6006,3.93758487701416
6007,-10.31128978729248
6008,3.733912944793701
6009,1.0937089920043945
6010,-1.9800405502319336
6011,-5.821846961975098
6012,0.6059350967407227
6013,-2.1641931533813477
6014,-0.3209710121154785
6015,-0.9361886978149414
6016,1.640366554260254
6017,-7.156857967376709
6018,-1.1359968185424805
6019,1.3729686737060547
6020,-0.6162440776824951
6021,-0.3170318603515625
6022,7.1232099533081055
6023,-6.5964508056640625
6024,-0.6408414840698242
6025,6.414681434631348
6026,0.566716194152832
6027,0.11411762237548828
6028,7.374913215637207
6029,-6.423394203186035
6030,-0.3094911575317383
6031,6.867779731750488
6032,0.6498658657073975
6033,-0.9377479553222656
6034,9.551440238952637
6035,-7.623987674713135
6036,-1.3210086822509766
6037,8.764927864074707
6038,-0.32681989669799805
6039,5.19724178314209
6040,-6.891404628753662
6041,-1.8497366905212402
6042,5.306458473205566
6043,-6.713134288787842
6044,-2.280156135559082
6045,5.2917375564575195
6046,-6.682003498077393
6047,-2.2804112434387207
6048,5.275452613830566
6049,-6.654820442199707
6050,-2.281144857406616
6051,5.320208549499512
6052,-6.748794078826904
6053,-1.4498769044876099
6054,5.313351631164551
6055,-6.758877754211426
6056,-1.450986385345459
6057,5.301943778991699
6058,-6.79401159286499
6059,-1.4507763385772705
6060,5.076262474060059
6061,-6.342556953430176
6062,-3.6014418601989746
6063,5.0933027267456055
6064,-6.494549751281738
6065,0.18345117568969727
6066,4.959525108337402
6067,-6.8325114250183105
6068,-2.2993931770324707
6069,4.97196102142334
6070,-6.859494209289551
6071,-1.222246766090393
6072,4.2546491622924805
6073,-6.208975791931152
6074,-6.225330829620361
6075,3.7729806900024414
6076,-6.00302791595459
6077,2.4279494285583496
6078,3.938178062438965
6079,-8.968474388122559
6080,-6.556029319763184
6081,2.9682178497314453
6082,-7.170585632324219
6083,4.638434410095215
6084,4.632540702819824
6085,-10.439946174621582
6086,-3.4357759952545166
6087,3.36826229095459
6088,-9.413355827331543
6089,4.891977310180664
6090,4.896853446960449
6091,-10.820539474487305
6092,-3.7363150119781494
6093,3.4883604049682617
6094,-9.8580322265625
6095,5.141024112701416
6096,4.9548234939575195
6097,-10.592754364013672
6098,-3.5553269386291504
6099,3.579586982727051
6100,-9.99930191040039
6101,4.520392417907715
6102,4.828181266784668
6103,-10.39903450012207
6104,-3.290972948074341
6105,3.5590200424194336
6106,-9.881175994873047
6107,4.551787376403809
6108,1.0529899597167969
6109,-2.5352487564086914
6110,-5.842543601989746
6111,0.6661710739135742
6112,-2.3808536529541016
6113,-0.2992863655090332
6114,-1.2807559967041016
6115,0.34978389739990234
6116,-7.358465194702148
6117,-1.227889060974121
6118,0.4033231735229492
6119,-0.5455935001373291
6120,-0.45864009857177734
6121,5.485833168029785
6122,-6.383634090423584
6123,-0.6264915466308594
6124,5.147276878356934
6125,0.5729782581329346
6126,-0.03174591064453125
6127,5.81685733795166
6128,-6.197282791137695
6129,-0.23863887786865234
6130,5.632922172546387
6131,0.6680243015289307
6132,-0.9852561950683594
6133,7.987338066101074
6134,-7.059041500091553
6135,-1.2340631484985352
6136,7.4288835525512695
6137,-0.13484835624694824
6138,5.593850135803223
6139,-6.60044002532959
6140,1.9845471382141113
6141,5.595465660095215
6142,-6.015881538391113
6143,1.6164731979370117
6144,5.577971458435059
6145,-5.995619773864746
6146,1.6161904335021973
6147,5.559933662414551
6148,-5.982240676879883
6149,1.6155977249145508
6150,5.596339225769043
6151,-5.947813034057617
6152,2.3015990257263184
6153,5.580140113830566
6154,-5.888672828674316
6155,2.3001456260681152
6156,5.558117866516113
6157,-5.824517250061035
6158,2.300522804260254
6159,5.336289405822754
6160,-5.858284950256348
6161,0.24572992324829102
6162,5.319979667663574
6163,-5.675482749938965
6164,3.3632941246032715
6165,5.399901390075684
6166,-6.618919849395752
6167,1.5131406784057617
6168,5.415972709655762
6169,-6.753593444824219
6170,2.4036951065063477
6171,4.533198356628418
6172,-6.185159683227539
6173,-2.6588857173919678
6174,4.044123649597168
6175,-5.719456672668457
6176,4.966413974761963
6177,4.021218299865723
6178,-8.386152267456055
6179,-3.4289541244506836
6180,2.8521499633789062
6181,-6.404245376586914
6182,7.334320545196533
6183,4.327975273132324
6184,-10.097740173339844
6185,-1.583870530128479
6186,3.0896081924438477
6187,-8.800727844238281
6188,8.765684127807617
6189,4.494816780090332
6190,-10.65646743774414
6191,-1.8455473184585571
6192,3.2198095321655273
6193,-9.19140625
6194,9.307100296020508
6195,4.59915828704834
6196,-10.511338233947754
6197,-1.5296194553375244
6198,3.31691837310791
6199,-9.522287368774414
6200,8.76749038696289
6201,4.562836647033691
6202,-10.301740646362305
6203,-1.3896002769470215
6204,3.282778739929199
6205,-9.470558166503906
6206,8.537012100219727
6207,1.092885971069336
6208,-3.0392637252807617
6209,-5.761612892150879
6210,0.8464651107788086
6211,-2.5994224548339844
6212,-0.3776741027832031
6213,-1.5330791473388672
6214,-1.056570053100586
6215,-7.251866340637207
6216,-1.2440156936645508
6217,-0.048125267028808594
6218,-0.7328901290893555
6219,-0.6754884719848633
6220,3.9667863845825195
6221,-6.565334796905518
6222,-0.6357355117797852
6223,4.207345008850098
6224,-0.14280319213867188
6225,-0.13789939880371094
6226,4.436022758483887
6227,-6.413301944732666
6228,-0.1863536834716797
6229,4.603537559509277
6230,-0.11562824249267578
6231,-1.0841026306152344
6232,6.534104347229004
6233,-7.125572204589844
6234,-1.1280155181884766
6235,6.4348039627075195
6236,-0.7419347763061523
6237,5.739748954772949
6238,-6.01546573638916
6239,6.634768009185791
6240,5.6942644119262695
6241,-5.329071998596191
6242,6.411317348480225
6243,5.67434024810791
6244,-5.313420295715332
6245,6.411491870880127
6246,5.656462669372559
6247,-5.307441711425781
6248,6.4111456871032715
6249,5.693581581115723
6250,-5.230840682983398
6251,6.976090908050537
6252,5.672183036804199
6253,-5.1509904861450195
6254,6.974542140960693
6255,5.653681755065918
6256,-5.072848320007324
6257,6.974066257476807
6258,5.40657901763916
6259,-5.306769371032715
6260,5.265260219573975
6261,5.386919975280762
6262,-5.003000259399414
6263,7.822390079498291
6264,5.52944278717041
6265,-6.420716285705566
6266,6.198305606842041
6267,5.540118217468262
6268,-6.413080215454102
6269,6.927805423736572
6270,4.737544059753418
6271,-6.056260108947754
6272,1.5220370292663574
6273,3.811062812805176
6274,-5.51645565032959
6275,8.533552169799805
6276,3.774416923522949
6277,-7.602874279022217
6278,-0.4488050937652588
6279,2.470778465270996
6280,-5.9876861572265625
6281,10.296438217163086
6282,4.005843162536621
6283,-10.018989562988281
6284,0.19376158714294434
6285,2.8532533645629883
6286,-7.956424236297607
6287,11.379207611083984
6288,4.0954484939575195
6289,-10.694525718688965
6290,-0.25512099266052246
6291,3.053317070007324
6292,-8.414133071899414
6293,11.869016647338867
6294,4.218930244445801
6295,-10.63736343383789
6296,0.3121662139892578
6297,3.2091493606567383
6298,-8.693868637084961
6299,11.286090850830078
6300,4.1957807540893555
6301,-10.427806854248047
6302,0.480151891708374
6303,3.2467336654663086
6304,-8.611003875732422
6305,11.14732551574707
6306,1.156498908996582
6307,-3.2966909408569336
6308,-5.582710266113281
6309,0.9221858978271484
6310,-2.8194656372070312
6311,-0.553624153137207
6312,-1.6365680694580078
6313,-2.4740734100341797
6314,-7.377455711364746
6315,-1.428492546081543
6316,-1.947340965270996
6317,-1.2215648889541626
6318,-0.7535181045532227
6319,2.5543508529663086
6320,-6.5965166091918945
6321,-0.7435235977172852
6322,2.6325578689575195
6323,-1.0197348594665527
6324,-0.24652671813964844
6325,3.1056814193725586
6326,-6.470304489135742
6327,-0.24428081512451172
6328,3.237858772277832
6329,-1.0859185457229614
6330,-1.1480531692504883
6331,5.133755683898926
6332,-7.145419597625732
6333,-1.1324958801269531
6334,5.16152286529541
6335,-1.767077922821045
6336,5.858542442321777
6337,-5.443625450134277
6338,5.840490818023682
6339,5.815794944763184
6340,-4.855634689331055
6341,5.7015767097473145
6342,5.799294471740723
6343,-4.841757774353027
6344,5.7013258934021
6345,5.7748918533325195
6346,-4.828722953796387
6347,5.7014899253845215
6348,5.7923479080200195
6349,-4.753243446350098
6350,6.290037631988525
6351,5.762866020202637
6352,-4.674029350280762
6353,6.288328647613525
6354,5.736952781677246
6355,-4.591760635375977
6356,6.288598537445068
6357,5.503155708312988
6358,-4.819350242614746
6359,4.901165962219238
6360,5.461407661437988
6361,-4.5771074295043945
6362,7.562161922454834
6363,5.669329643249512
6364,-5.904608726501465
6365,5.535910129547119
6366,5.654383659362793
6367,-5.8250226974487305
6368,6.296487331390381
6369,4.893446922302246
6370,-5.865141868591309
6371,1.131990909576416
6372,4.07320499420166
6373,-5.354372024536133
6374,8.75037956237793
6375,3.677924156188965
6376,-7.129970550537109
6377,-1.2840685844421387
6378,2.3615665435791016
6379,-5.784758567810059
6380,10.950368881225586
6381,3.7034521102905273
6382,-9.921648025512695
6383,-0.8068549633026123
6384,2.4443559646606445
6385,-7.6800150871276855
6386,12.621179580688477
6387,3.747429847717285
6388,-10.652626037597656
6389,-1.403792142868042
6390,2.4214391708374023
6391,-8.190702438354492
6392,13.275396347045898
6393,3.866927146911621
6394,-10.685007095336914
6395,-0.6917221546173096
6396,2.576664924621582
6397,-8.413642883300781
6398,12.699089050292969
6399,3.8452138900756836
6400,-10.40414810180664
6401,-0.48425817489624023
6402,2.6206235885620117
6403,-8.336862564086914
6404,12.412664413452148
6405,1.2009258270263672
6406,-3.403244972229004
6407,-5.59615421295166
6408,0.9608430862426758
6409,-3.0326032638549805
6410,-0.5405852794647217
6411,-1.555567741394043
6412,-3.7166833877563477
6413,-7.340857028961182
6414,-1.456273078918457
6415,-3.6448841094970703
6416,-0.9814682006835938
6417,-0.9412031173706055
6418,1.2742958068847656
6419,-6.052215099334717
6420,-0.9718589782714844
6421,1.2222719192504883
6422,-0.4763808250427246
6423,-0.44774436950683594
6424,1.846297264099121
6425,-5.894704818725586
6426,-0.42346668243408203
6427,1.9419679641723633
6428,-0.528498649597168
6429,-1.3972501754760742
6430,3.542769432067871
6431,-5.745760917663574
6432,-1.3409757614135742
6433,3.5687170028686523
6434,-1.014251947402954
6435,5.8142499923706055
6436,-5.016263961791992
6437,8.477659225463867
6438,5.799056053161621
6439,-4.5226945877075195
6440,8.300321578979492
6441,5.788241386413574
6442,-4.51258659362793
6443,8.300436019897461
6444,5.777165412902832
6445,-4.507631301879883
6446,8.299856185913086
6447,5.767149925231934
6448,-4.441952705383301
6449,8.716205596923828
6450,5.738265037536621
6451,-4.3837080001831055
6452,8.714620590209961
6453,5.708853721618652
6454,-4.3319807052612305
6455,8.714849472045898
6456,5.52810001373291
6457,-4.536001205444336
6458,7.01833963394165
6459,5.455376625061035
6460,-4.323854446411133
6461,8.891250610351562
6462,5.615809440612793
6463,-5.413886070251465
6464,7.9987969398498535
6465,5.591788291931152
6466,-5.314891815185547
6467,8.530328750610352
6468,4.966446876525879
6469,-5.705950736999512
6470,2.6977314949035645
6471,4.06807804107666
6472,-5.263567924499512
6473,9.405075073242188
6474,3.517472267150879
6475,-6.9404449462890625
6476,0.23919463157653809
6477,2.259760856628418
6478,-5.689322471618652
6479,10.270273208618164
6480,3.490706443786621
6481,-9.728204727172852
6482,0.23075151443481445
6483,2.0455379486083984
6484,-7.658021926879883
6485,10.381338119506836
6486,3.719113349914551
6487,-10.479994773864746
6488,-0.5224957466125488
6489,1.8780746459960938
6490,-8.170309066772461
6491,10.687158584594727
6492,3.7311887741088867
6493,-10.560281753540039
6494,0.18207335472106934
6495,2.027559280395508
6496,-8.406732559204102
6497,10.337663650512695
6498,3.6729345321655273
6499,-10.260316848754883
6500,0.5223424434661865
6501,2.1136083602905273
6502,-8.31946086883545
6503,10.228158950805664
6504,1.2053871154785156
6505,-3.4001264572143555
6506,-5.578744888305664
6507,0.9637088775634766
6508,-3.375882148742676
6509,-0.5579149723052979
6510,-1.3968944549560547
6511,-5.168410301208496
6512,-8.032931327819824
6513,-1.4100275039672852
6514,-5.260767936706543
6515,-1.1078423261642456
6516,-1.0483112335205078
6517,-0.6567535400390625
6518,-5.529118537902832
6519,-1.1290197372436523
6520,-0.61590576171875
6521,0.06194877624511719
6522,-0.6228885650634766
6523,0.16851329803466797
6524,-5.212214946746826
6525,-0.6449642181396484
6526,0.1584615707397461
6527,0.10073542594909668
6528,-1.6909170150756836
6529,1.401097297668457
6530,-4.874697208404541
6531,-1.6413354873657227
6532,1.663640022277832
6533,-0.9479551315307617
6534,5.786013603210449
6535,-4.9899492263793945
6536,8.497989654541016
6537,5.817065238952637
6538,-4.562105178833008
6539,8.230077743530273
6540,5.816838264465332
6541,-4.533100128173828
6542,8.230260848999023
6543,5.816227912902832
6544,-4.508411407470703
6545,8.22977066040039
6546,5.782017707824707
6547,-4.535927772521973
6548,8.75541877746582
6549,5.74507999420166
6550,-4.48922061920166
6551,8.753829956054688
6552,5.718415260314941
6553,-4.448895454406738
6554,8.753692626953125
6555,5.602581977844238
6556,-4.4252519607543945
6557,6.629496097564697
6558,5.511693000793457
6559,-4.290534019470215
6560,8.966190338134766
6561,5.6259050369262695
6562,-5.239412307739258
6563,7.913649082183838
6564,5.580384254455566
6565,-5.208700180053711
6566,8.582010269165039
6567,5.053309440612793
6568,-5.603379249572754
6569,2.029365062713623
6570,3.969498634338379
6571,-5.223114013671875
6572,9.880247116088867
6573,3.48085880279541
6574,-6.723196983337402
6575,-0.030809402465820312
6576,2.2239227294921875
6577,-5.691436767578125
6578,11.861019134521484
6579,3.2562856674194336
6580,-9.410467147827148
6581,0.3683316707611084
6582,1.8111467361450195
6583,-7.891199588775635
6584,13.23386001586914
6585,3.0012950897216797
6586,-10.140459060668945
6587,-0.30067920684814453
6588,1.6786575317382812
6589,-8.469447135925293
6590,13.729499816894531
6591,3.11130428314209
6592,-10.132726669311523
6593,0.3058476448059082
6594,1.8728179931640625
6595,-8.737215042114258
6596,13.27424430847168
6597,3.120173454284668
6598,-9.84564208984375
6599,0.6500804424285889
6600,1.9700937271118164
6601,-8.65715217590332
6602,13.062170028686523
6603,1.222921371459961
6604,-3.3454856872558594
6605,-5.629673004150391
6606,0.9640893936157227
6607,-3.3856210708618164
6608,-0.5082266330718994
6609,-1.3088798522949219
6610,-6.906254291534424
6611,-7.293883800506592
6612,-1.3636093139648438
6613,-6.369452476501465
6614,-1.035510540008545
6615,-1.3441381454467773
6616,-2.251344680786133
6617,-4.25979471206665
6618,-1.259465217590332
6619,-1.7167291641235352
6620,-0.2835242748260498
6621,-0.9613571166992188
6622,-1.5989665985107422
6623,-3.905144214630127
6624,-0.8587379455566406
6625,-0.8842897415161133
6626,-0.2964184284210205
6627,-1.9317588806152344
6628,-0.7528619766235352
6629,-3.016232490539551
6630,-2.0652952194213867
6631,0.14283084869384766
6632,-0.5675468444824219
6633,5.8641462326049805
6634,-4.72408390045166
6635,7.645522594451904
6636,5.87691593170166
6637,-4.389391899108887
6638,7.346503734588623
6639,5.871401786804199
6640,-4.356268882751465
6641,7.346598148345947
6642,5.866633415222168
6643,-4.327754020690918
6644,7.346287250518799
6645,5.85715389251709
6646,-4.379029273986816
6647,7.862000942230225
6648,5.834053993225098
6649,-4.350569725036621
6650,7.860948085784912
6651,5.798230171203613
6652,-4.317632675170898
6653,7.8599066734313965
6654,5.651152610778809
6655,-4.21871280670166
6656,5.682865619659424
6657,5.594115257263184
6658,-4.137665748596191
6659,7.9916157722473145
6660,5.677851676940918
6661,-4.916685104370117
6662,7.012631893157959
6663,5.636809349060059
6664,-4.945774078369141
6665,7.671302318572998
6666,5.0289716720581055
6667,-5.307801246643066
6668,1.214489459991455
6669,4.11185359954834
6670,-5.175200462341309
6671,8.592096328735352
6672,3.4277429580688477
6673,-6.509482383728027
6674,-0.898017406463623
6675,2.3405561447143555
6676,-5.626328468322754
6677,10.059473037719727
6678,2.903047561645508
6679,-9.187252044677734
6680,-1.1626192331314087
6681,1.806044578552246
6682,-8.081161499023438
6683,10.63471794128418
6684,2.5969324111938477
6685,-9.932138442993164
6686,-1.889417052268982
6687,1.6761302947998047
6688,-8.517034530639648
6689,10.911775588989258
6690,2.7180395126342773
6691,-9.981525421142578
6692,-1.4831115007400513
6693,1.7966032028198242
6694,-8.933185577392578
6695,10.399618148803711
6696,2.7535228729248047
6697,-9.682896614074707
6698,-0.9923205375671387
6699,1.8867340087890625
6700,-8.849544525146484
6701,10.406150817871094
6702,1.228078842163086
6703,-3.2487897872924805
6704,-5.656869411468506
6705,1.0431280136108398
6706,-3.860340118408203
6707,-0.4814879894256592
6708,-0.7547798156738281
6709,-7.79046106338501
6710,-7.688456058502197
6711,-0.5216236114501953
6712,-8.237964630126953
6713,-1.202879548072815
6714,-1.349045753479004
6715,-3.1699342727661133
6716,-5.311156272888184
6717,-1.1783018112182617
6718,-3.9898767471313477
6719,-1.008683204650879
6720,-1.1868343353271484
6721,-2.1567516326904297
6722,-5.110953330993652
6723,-0.9410066604614258
6724,-3.1000213623046875
6725,-1.1027684211730957
6726,-2.532705307006836
6727,-2.148362159729004
6728,-4.8765997886657715
6729,-2.170848846435547
6730,-2.3292360305786133
6731,-1.189163327217102
6732,6.000306129455566
6733,-4.175314903259277
6734,5.743809223175049
6735,6.005366325378418
6736,-3.8367996215820312
6737,5.356420993804932
6738,5.993956565856934
6739,-3.8004398345947266
6740,5.356199741363525
6741,5.982552528381348
6742,-3.769113540649414
6743,5.356192111968994
6744,5.995497703552246
6745,-3.867180824279785
6746,5.854873180389404
6747,5.977057456970215
6748,-3.8549509048461914
6749,5.854691982269287
6750,5.959870338439941
6751,-3.82412052154541
6752,5.852973461151123
6753,5.752781867980957
6754,-3.6952314376831055
6755,3.6976699829101562
6756,5.746912956237793
6757,-3.7001914978027344
6758,5.937793254852295
6759,5.8164777755737305
6760,-4.284598350524902
6761,5.146782398223877
6762,5.786623954772949
6763,-4.356437683105469
6764,5.77836275100708
6765,5.046811103820801
6766,-4.768555641174316
6767,-0.21792960166931152
6768,4.396679878234863
6769,-4.914851188659668
6770,6.855316638946533
6771,3.3927907943725586
6772,-6.112147331237793
6773,-2.0805442333221436
6774,2.552593231201172
6775,-5.5662078857421875
6776,8.056833267211914
6777,2.6267547607421875
6778,-8.883060455322266
6779,-2.3200974464416504
6780,1.7693252563476562
6781,-7.810665130615234
6782,8.786886215209961
6783,2.271428108215332
6784,-9.508987426757812
6785,-2.9384548664093018
6786,1.5768470764160156
6787,-8.205432891845703
6788,8.439313888549805
6789,2.3764705657958984
6790,-9.55561637878418
6791,-2.6012511253356934
6792,1.635371208190918
6793,-8.515314102172852
6794,7.755882740020752
6795,2.443023681640625
6796,-9.290487289428711
6797,-2.162166118621826
6798,1.7377147674560547
6799,-8.419282913208008
6800,8.524932861328125
6801,1.2462177276611328
6802,-3.293990135192871
6803,-5.684040546417236
6804,1.112013816833496
6805,-3.8814783096313477
6806,-0.45551061630249023
6807,-0.05892467498779297
6808,-8.526918411254883
6809,-7.734175205230713
6810,0.1584787368774414
6811,-9.209348678588867
6812,-1.1932690143585205
6813,-1.3754444122314453
6814,-4.211359977722168
6815,-6.650299549102783
6816,-1.1052055358886719
6817,-5.192221641540527
6818,-1.9605921506881714
6819,-1.342921257019043
6820,-3.0838470458984375
6821,-6.523850917816162
6822,-0.9276609420776367
6823,-4.132962226867676
6824,-2.1379992961883545
6825,-2.888896942138672
6826,-4.061744689941406
6827,-5.190797805786133
6828,-2.123859405517578
6829,-4.164304733276367
6830,-2.4331793785095215
6831,6.130242347717285
6832,-3.3802976608276367
6833,5.023264408111572
6834,6.09487247467041
6835,-3.0729551315307617
6836,4.703775882720947
6837,6.080864906311035
6838,-3.0556697845458984
6839,4.703152656555176
6840,6.064118385314941
6841,-3.0410919189453125
6842,4.703399181365967
6843,6.066847801208496
6844,-3.0727462768554688
6845,5.295923709869385
6846,6.034188270568848
6847,-3.056367874145508
6848,5.296388149261475
6849,6.000863075256348
6850,-3.03867244720459
6851,5.295868396759033
6852,5.8080644607543945
6853,-3.0522584915161133
6854,3.214862823486328
6855,5.750855445861816
6856,-3.0337181091308594
6857,5.8472723960876465
6858,5.965346336364746
6859,-3.6004066467285156
6860,4.4772562980651855
6861,5.922074317932129
6862,-3.620298385620117
6863,5.232140064239502
6864,5.0407304763793945
6865,-4.368986129760742
6866,-0.6134917736053467
6867,4.315199851989746
6868,-4.389759063720703
6869,6.795340061187744
6870,3.343447685241699
6871,-5.653176307678223
6872,-2.7813708782196045
6873,2.410649299621582
6874,-5.231754302978516
6875,7.7679877281188965
6876,2.427600860595703
6877,-8.663708686828613
6878,-2.7127983570098877
6879,1.2249212265014648
6880,-7.355335235595703
6881,7.855590343475342
6882,2.1395692825317383
6883,-9.258614540100098
6884,-3.3315341472625732
6885,0.9244050979614258
6886,-7.580854892730713
6887,7.914679050445557
6888,2.2366132736206055
6889,-9.310232162475586
6890,-3.0281498432159424
6891,0.9217939376831055
6892,-7.825681686401367
6893,7.393298625946045
6894,2.2842025756835938
6895,-9.050525665283203
6896,-2.578800916671753
6897,1.0606660842895508
6898,-7.757546424865723
6899,7.6205220222473145
6900,1.2666702270507812
6901,-3.539313316345215
6902,-5.705984592437744
6903,1.0876951217651367
6904,-3.766813278198242
6905,-0.43291521072387695
6906,0.8586521148681641
6907,-9.36544132232666
6908,-6.831334114074707
6909,0.4952116012573242
6910,-8.995508193969727
6911,-0.20075011253356934
6912,-1.2812938690185547
6913,-5.900851249694824
6914,-6.787835121154785
6915,-1.2129802703857422
6916,-5.809582710266113
6917,-2.344573497772217
6918,-1.3242321014404297
6919,-4.858675956726074
6920,-6.6847381591796875
6921,-1.2544546127319336
6922,-4.523707389831543
6923,-2.630653142929077
6924,-2.6714515686035156
6925,-6.432616233825684
6926,-5.968695640563965
6927,-2.4916439056396484
6928,-5.002108573913574
6929,-3.0419907569885254
6930,6.008940696716309
6931,-3.117979049682617
6932,4.916289806365967
6933,5.987685203552246
6934,-2.772690773010254
6935,4.544061183929443
6936,5.974665641784668
6937,-2.765131950378418
6938,4.54323148727417
6939,5.9584150314331055
6940,-2.7592315673828125
6941,4.54349422454834
6942,5.957707405090332
6943,-2.7297191619873047
6944,5.208627223968506
6945,5.925107002258301
6946,-2.695333480834961
6947,5.20891809463501
6948,5.891695976257324
6949,-2.6635990142822266
6950,5.208061695098877
6951,5.715811729431152
6952,-2.793379783630371
6953,2.7743592262268066
6954,5.642029762268066
6955,-2.6137733459472656
6956,5.7431511878967285
6957,5.836428642272949
6958,-3.3861913681030273
6959,4.246535778045654
6960,5.796442985534668
6961,-3.337193489074707
6962,5.1050543785095215
6963,5.013251304626465
6964,-3.990468978881836
6965,-1.0599737167358398
6966,4.210219383239746
6967,-3.8819236755371094
6968,6.629861354827881
6969,3.2967309951782227
6970,-5.2310380935668945
6971,-3.2595088481903076
6972,2.3873672485351562
6973,-5.2239274978637695
6974,7.375582218170166
6975,2.4414281845092773
6976,-8.543495178222656
6977,-3.88104510307312
6978,1.3284683227539062
6979,-7.58059549331665
6980,6.952486515045166
6981,2.2341041564941406
6982,-9.124464988708496
6983,-4.502190589904785
6984,1.1500482559204102
6985,-7.831493377685547
6986,7.163344860076904
6987,2.309964179992676
6988,-9.192317962646484
6989,-4.0681233406066895
6990,1.179387092590332
6991,-8.16707992553711
6992,6.563141345977783
6993,2.3694849014282227
6994,-8.930610656738281
6995,-3.67868709564209
6996,1.2626371383666992
6997,-8.089669227600098
6998,6.680943965911865
6999,1.2801580429077148
7000,-3.7947845458984375
7001,-5.720627784729004
7002,1.0652523040771484
7003,-3.732415199279785
7004,-0.4177112579345703
7005,1.4188566207885742
7006,-9.645004272460938
7007,-5.742513179779053
7008,0.7316713333129883
7009,-8.532881736755371
7010,0.4051964282989502
7011,-1.1544599533081055
7012,-7.2191057205200195
7013,-7.7103729248046875
7014,-1.1652936935424805
7015,-6.955163478851318
7016,-2.674971580505371
7017,-1.3540220260620117
7018,-6.259880065917969
7019,-7.873579502105713
7020,-1.401118278503418
7021,-5.987565040588379
7022,-3.0814552307128906
7023,-2.4113636016845703
7024,-8.635597229003906
7025,-7.648959636688232
7026,-2.274256706237793
7027,-7.5386834144592285
7028,-3.55706524848938
7029,5.841979026794434
7030,-2.817868232727051
7031,3.862112522125244
7032,5.834254264831543
7033,-2.454252243041992
7034,3.4762911796569824
7035,5.8246965408325195
7036,-2.441878318786621
7037,3.4756579399108887
7038,5.812960624694824
7039,-2.4293642044067383
7040,3.4756546020507812
7041,5.803894996643066
7042,-2.403073310852051
7043,4.192219257354736
7044,5.7741899490356445
7045,-2.357067108154297
7046,4.1924238204956055
7047,5.741990089416504
7048,-2.309830665588379
7049,4.191097259521484
7050,5.5844316482543945
7051,-2.4251022338867188
7052,1.833404541015625
7053,5.516270637512207
7054,-2.253969192504883
7055,5.023660182952881
7056,5.684086799621582
7057,-3.0764551162719727
7058,3.23704195022583
7059,5.649687767028809
7060,-3.0384387969970703
7061,4.16205358505249
7062,4.919604301452637
7063,-3.5369701385498047
7064,-1.7706855535507202
7065,4.187867164611816
7066,-3.4493837356567383
7067,6.157431125640869
7068,3.289708137512207
7069,-4.725079536437988
7070,-4.048375606536865
7071,2.4107418060302734
7072,-5.114607810974121
7073,7.119966983795166
7074,2.497091293334961
7075,-8.464685440063477
7076,-5.703778266906738
7077,1.379176139831543
7078,-7.5240654945373535
7079,6.243906497955322
7080,2.345569610595703
7081,-9.109044075012207
7082,-6.361184120178223
7083,1.2254524230957031
7084,-7.789479732513428
7085,6.553463459014893
7086,2.4268569946289062
7087,-9.109207153320312
7088,-5.923374176025391
7089,1.2399654388427734
7090,-8.109251022338867
7091,5.931313991546631
7092,2.4639015197753906
7093,-8.827933311462402
7094,-5.502143859863281
7095,1.2754850387573242
7096,-8.034323692321777
7097,5.959300518035889
7098,1.2885313034057617
7099,-4.028408050537109
7100,-5.7518415451049805
7101,1.044081687927246
7102,-3.8268918991088867
7103,-0.3898355960845947
7104,1.842787742614746
7105,-9.60334587097168
7106,-6.390558242797852
7107,1.2201929092407227
7108,-8.602381706237793
7109,0.13943839073181152
7110,-1.0334606170654297
7111,-8.413886070251465
7112,-7.406356334686279
7113,-1.0973339080810547
7114,-8.38021469116211
7115,-1.7854644060134888
7116,-1.2171802520751953
7117,-7.564820289611816
7118,-7.431274890899658
7119,-1.2979116439819336
7120,-7.54489803314209
7121,-2.0079991817474365
7122,-2.3076324462890625
7123,-10.449222564697266
7124,-7.554823875427246
7125,-2.160830497741699
7126,-10.216655731201172
7127,-2.4811530113220215
7128,5.643332481384277
7129,-2.1898880004882812
7130,3.6731009483337402
7131,5.622591972351074
7132,-1.841364860534668
7133,3.292257785797119
7134,5.6141767501831055
7135,-1.8331995010375977
7136,3.2914252281188965
7137,5.60445499420166
7138,-1.8253965377807617
7139,3.2914023399353027
7140,5.588080406188965
7141,-1.8026657104492188
7142,4.028907775878906
7143,5.557299613952637
7144,-1.7702064514160156
7145,4.029159069061279
7146,5.523138999938965
7147,-1.725240707397461
7148,4.02738094329834
7149,5.388035774230957
7150,-1.8831157684326172
7151,1.5979533195495605
7152,5.313185691833496
7153,-1.7409543991088867
7154,4.909556865692139
7155,5.498503684997559
7156,-2.4988107681274414
7157,3.015739917755127
7158,5.458863258361816
7159,-2.4579010009765625
7160,3.9732136726379395
7161,4.843230247497559
7162,-3.0716094970703125
7163,-2.054739236831665
7164,3.9191999435424805
7165,-3.091958999633789
7166,6.033753871917725
7167,3.382205009460449
7168,-4.221970558166504
7169,-5.022891044616699
7170,2.3768625259399414
7171,-4.79054069519043
7172,7.039608478546143
7173,2.6543006896972656
7174,-7.646729469299316
7175,-7.068224906921387
7176,1.5943660736083984
7177,-7.354015350341797
7178,6.32869291305542
7179,2.5105772018432617
7180,-8.319565773010254
7181,-7.76482629776001
7182,1.3901262283325195
7183,-7.543136119842529
7184,6.563303470611572
7185,2.6337175369262695
7186,-8.367250442504883
7187,-7.339193344116211
7188,1.496903419494629
7189,-7.963839054107666
7190,6.0434699058532715
7191,2.6508283615112305
7192,-8.195894241333008
7193,-6.877569198608398
7194,1.5886058807373047
7195,-7.9119977951049805
7196,6.062937259674072
7197,1.2847709655761719
7198,-4.041350364685059
7199,-5.834147930145264
7200,1.0438013076782227
7201,-4.083341598510742
7202,-0.31134510040283203
7203,2.213163375854492
7204,-9.228655815124512
7205,-6.660375595092773
7206,1.8558740615844727
7207,-8.692510604858398
7208,0.08991861343383789
7209,-0.809880256652832
7210,-9.448358535766602
7211,-8.08037281036377
7212,-0.5107765197753906
7213,-9.137346267700195
7214,-1.482593059539795
7215,-1.0372037887573242
7216,-8.989384651184082
7217,-8.165792465209961
7218,-1.1237621307373047
7219,-8.627371788024902
7220,-1.6941032409667969
7221,-1.4787931442260742
7222,-11.921954154968262
7223,-8.602325439453125
7224,-1.2269392013549805
7225,-11.20103645324707
7226,-2.2272677421569824
7227,5.5678815841674805
7228,-1.6380739212036133
7229,3.210235595703125
7230,5.527758598327637
7231,-1.2797260284423828
7232,2.7099246978759766
7233,5.515089988708496
7234,-1.2648992538452148
7235,2.7077770233154297
7236,5.5012102127075195
7237,-1.248769760131836
7238,2.7079005241394043
7239,5.505312919616699
7240,-1.2609968185424805
7241,3.55120849609375
7242,5.475188255310059
7243,-1.230966567993164
7244,3.551886558532715
7245,5.443812370300293
7246,-1.1962862014770508
7247,3.5482378005981445
7248,5.279997825622559
7249,-1.2884435653686523
7250,0.7114968299865723
7251,5.224413871765137
7252,-1.197880744934082
7253,4.333066463470459
7254,5.429961204528809
7255,-1.9248380661010742
7256,2.37998628616333
7257,5.408442497253418
7258,-1.9157381057739258
7259,3.4629626274108887
7260,4.750033378601074
7261,-2.599569320678711
7262,-2.859863519668579
7263,3.910305976867676
7264,-2.6755104064941406
7265,5.510383129119873
7266,3.3795595169067383
7267,-4.006120681762695
7268,-5.134169578552246
7269,2.4698333740234375
7270,-4.808015823364258
7271,6.44585657119751
7272,3.006119728088379
7273,-7.429331302642822
7274,-6.35617733001709
7275,2.2228174209594727
7276,-7.360499382019043
7277,5.74670934677124
7278,2.946810722351074
7279,-8.080412864685059
7280,-7.024265766143799
7281,2.4039525985717773
7282,-7.652174949645996
7283,6.063485622406006
7284,3.09946346282959
7285,-8.11191177368164
7286,-6.640239238739014
7287,2.465573310852051
7288,-7.966304302215576
7289,5.437220096588135
7290,3.093348503112793
7291,-7.959831714630127
7292,-6.172754287719727
7293,2.490788459777832
7294,-7.891902446746826
7295,5.445225238800049
7296,1.2886476516723633
7297,-4.177268981933594
7298,-5.848047256469727
7299,1.0367460250854492
7300,-4.1558332443237305
7301,-0.29858875274658203
7302,2.668248176574707
7303,-9.187887191772461
7304,-6.367643356323242
7305,2.2357101440429688
7306,-8.37162971496582
7307,0.6554920673370361
7308,-0.2217855453491211
7309,-10.223796844482422
7310,-7.900866508483887
7311,0.22469520568847656
7312,-9.441988945007324
7313,-0.5103800296783447
7314,-0.9766569137573242
7315,-9.723806381225586
7316,-7.7930378913879395
7317,-0.2402667999267578
7318,-9.066788673400879
7319,-0.7006511688232422
7320,-0.5471639633178711
7321,-12.565593719482422
7322,-8.217506408691406
7323,-0.10295391082763672
7324,-11.086736679077148
7325,-1.2469669580459595
7326,5.364514350891113
7327,-1.0410127639770508
7328,3.0404157638549805
7329,5.337830543518066
7330,-0.6561012268066406
7331,2.588271141052246
7332,5.3288984298706055
7333,-0.639373779296875
7334,2.5869550704956055
7335,5.319075584411621
7336,-0.622802734375
7337,2.5868992805480957
7338,5.3122758865356445
7339,-0.6426658630371094
7340,3.36478328704834
7341,5.284283638000488
7342,-0.6117219924926758
7343,3.3650007247924805
7344,5.255824089050293
7345,-0.5813570022583008
7346,3.3625288009643555
7347,5.128048896789551
7348,-0.6657085418701172
7349,0.6750602722167969
7350,5.061074256896973
7351,-0.5877046585083008
7352,4.15778112411499
7353,5.238245964050293
7354,-1.3634910583496094
7355,2.310234546661377
7356,5.208434104919434
7357,-1.3422679901123047
7358,3.3300747871398926
7359,4.6450300216674805
7360,-2.1856164932250977
7361,-2.8707401752471924
7362,3.797663688659668
7363,-2.236273765563965
7364,5.09435510635376
7365,3.332198143005371
7366,-4.018568992614746
7367,-5.011472702026367
7368,2.5383834838867188
7369,-4.646645545959473
7370,6.273270130157471
7371,3.439305305480957
7372,-7.231326580047607
7373,-5.527342319488525
7374,2.834988594055176
7375,-6.991074562072754
7376,5.812254428863525
7377,3.56600284576416
7378,-7.7996392250061035
7379,-6.105404853820801
7380,2.917536735534668
7381,-7.127321243286133
7382,6.09714937210083
7383,3.7157373428344727
7384,-7.749539852142334
7385,-5.8257927894592285
7386,3.2349119186401367
7387,-7.731441020965576
7388,5.5305399894714355
7389,3.626837730407715
7390,-7.530637741088867
7391,-5.382351398468018
7392,3.366501808166504
7393,-7.659839153289795
7394,5.5372843742370605
7395,1.294550895690918
7396,-4.431074142456055
7397,-5.83074951171875
7398,1.0256061553955078
7399,-4.2938337326049805
7400,-0.31592583656311035
7401,3.174811363220215
7402,-9.038644790649414
7403,-6.522698402404785
7404,2.6867685317993164
7405,-7.991703510284424
7406,1.0557942390441895
7407,0.4466552734375
7408,-10.845466613769531
7409,-8.175884246826172
7410,0.6643333435058594
7411,-9.95291519165039
7412,0.01701951026916504
7413,-0.4342317581176758
7414,-10.648594856262207
7415,-8.26866340637207
7416,0.05416679382324219
7417,-9.906862258911133
7418,-0.16921591758728027
7419,0.3877449035644531
7420,-13.243553161621094
7421,-8.925666809082031
7422,0.4056062698364258
7423,-11.525651931762695
7424,-0.7911295890808105
7425,5.260601997375488
7426,-0.27927494049072266
7427,2.345524787902832
7428,5.228442192077637
7429,0.0798482894897461
7430,1.80995512008667
7431,5.220929145812988
7432,0.0859375
7433,1.80912446975708
7434,5.212845802307129
7435,0.0912466049194336
7436,1.8093361854553223
7437,5.200497627258301
7438,0.11332511901855469
7439,2.519329071044922
7440,5.173418998718262
7441,0.13870906829833984
7442,2.518815517425537
7443,5.144906044006348
7444,0.16220951080322266
7445,2.515294075012207
7446,5.04030704498291
7447,-0.007353782653808594
7448,-0.30631184577941895
7449,4.974907875061035
7450,0.11772346496582031
7451,2.88615083694458
7452,5.135828971862793
7453,-0.6447868347167969
7454,1.545018196105957
7455,5.09963321685791
7456,-0.5968732833862305
7457,2.474358558654785
7458,4.579667091369629
7459,-1.6793928146362305
7460,-3.6228175163269043
7461,3.724808692932129
7462,-1.7500581741333008
7463,3.9308834075927734
7464,3.3732690811157227
7465,-3.9195032119750977
7466,-5.0139875411987305
7467,2.4493207931518555
7468,-4.5869646072387695
7469,5.338415622711182
7470,3.993279457092285
7471,-6.770029067993164
7472,-5.161407470703125
7473,2.514860153198242
7474,-6.973559856414795
7475,5.290279865264893
7476,4.234011650085449
7477,-7.343562126159668
7478,-5.713993072509766
7479,2.548503875732422
7480,-7.143489360809326
7481,5.564018726348877
7482,4.350821495056152
7483,-7.113406181335449
7484,-5.468506336212158
7485,2.7477941513061523
7486,-7.665665149688721
7487,4.9843010902404785
7488,4.224183082580566
7489,-6.901974201202393
7490,-5.027884483337402
7491,2.824784278869629
7492,-7.581988334655762
7493,5.025872707366943
7494,1.2952146530151367
7495,-4.668853759765625
7496,-5.808381080627441
7497,1.0010862350463867
7498,-4.446535110473633
7499,-0.3394038677215576
7500,3.5722475051879883
7501,-8.547861099243164
7502,-6.428410530090332
7503,3.0179195404052734
7504,-7.091652870178223
7505,3.2282614707946777
7506,1.2087287902832031
7507,-11.256631851196289
7508,-7.749288558959961
7509,1.2294530868530273
7510,-9.274007797241211
7511,4.395305156707764
7512,0.44747352600097656
7513,-11.252960205078125
7514,-7.767045497894287
7515,0.8443422317504883
7516,-9.762556076049805
7517,4.467379093170166
7518,1.3376312255859375
7519,-13.568876266479492
7520,-8.388538360595703
7521,1.2357683181762695
7522,-11.032621383666992
7523,4.08429479598999
7524,5.180624961853027
7525,0.5868253707885742
7526,2.2105331420898438
7527,5.213103294372559
7528,0.9313898086547852
7529,1.638308048248291
7530,5.219107627868652
7531,0.9306812286376953
7532,1.638138771057129
7533,5.195437431335449
7534,0.9256696701049805
7535,1.638648509979248
7536,5.198002815246582
7537,0.9622468948364258
7538,2.2879562377929688
7539,5.152220726013184
7540,0.97625732421875
7541,2.28715181350708
7542,5.104992866516113
7543,0.9914026260375977
7544,2.2836203575134277
7545,4.947464942932129
7546,0.7547569274902344
7547,-0.6388638019561768
7548,4.844162940979004
7549,0.8861408233642578
7550,2.256585121154785
7551,5.05623722076416
7552,0.2471780776977539
7553,1.374342918395996
7554,5.020997047424316
7555,0.23628616333007812
7556,2.2168688774108887
7557,4.535765647888184
7558,-1.1380891799926758
7559,-3.9439046382904053
7560,3.680588722229004
7561,-1.1570844650268555
7562,3.1754159927368164
7563,3.5504159927368164
7564,-4.013532638549805
7565,-4.79740571975708
7566,2.4281387329101562
7567,-4.633353233337402
7568,4.303660869598389
7569,4.498980522155762
7570,-6.131609916687012
7571,-3.62412166595459
7572,2.4039525985717773
7573,-7.442975997924805
7574,4.200363636016846
7575,4.842490196228027
7576,-6.53089714050293
7577,-3.9800376892089844
7578,2.3852663040161133
7579,-7.878164768218994
7580,4.372060298919678
7581,4.948178291320801
7582,-6.137290954589844
7583,-3.9677109718322754
7584,2.5363121032714844
7585,-8.229776382446289
7586,3.7775979042053223
7587,4.8146467208862305
7588,-5.987248420715332
7589,-3.567244529724121
7590,2.6068620681762695
7591,-8.036174774169922
7592,3.92572021484375
7593,1.315922737121582
7594,-4.834888458251953
7595,-5.76664400100708
7596,0.9953527450561523
7597,-4.569066047668457
7598,-0.38258790969848633
7599,3.769455909729004
7600,-7.959786415100098
7601,-6.456050872802734
7602,3.11953067779541
7603,-6.645252227783203
7604,4.04316520690918
7605,1.838282585144043
7606,-11.348678588867188
7607,-7.410058975219727
7608,1.6484880447387695
7609,-9.35236930847168
7610,6.686344623565674
7611,1.136397361755371
7612,-11.643258094787598
7613,-7.440354347229004
7614,1.3472261428833008
7615,-9.90325927734375
7616,6.927082538604736
7617,2.355440139770508
7618,-13.549924850463867
7619,-8.125816345214844
7620,1.9840526580810547
7621,-10.984636306762695
7622,6.5978522300720215
7623,4.968110084533691
7624,1.258218765258789
7625,1.130460262298584
7626,4.874428749084473
7627,1.6175317764282227
7628,0.37192463874816895
7629,4.867850303649902
7630,1.6160078048706055
7631,0.3718411922454834
7632,4.8544111251831055
7633,1.5927114486694336
7634,0.3713188171386719
7635,4.840601921081543
7636,1.637721061706543
7637,1.0817136764526367
7638,4.793120384216309
7639,1.6482172012329102
7640,1.0803017616271973
7641,4.728484153747559
7642,1.6617307662963867
7643,1.077751636505127
7644,4.597821235656738
7645,1.4186067581176758
7646,-2.243251323699951
7647,4.446549415588379
7648,1.5109853744506836
7649,0.9452857971191406
7650,4.881857872009277
7651,0.8568811416625977
7652,0.2367262840270996
7653,4.846091270446777
7654,0.8739433288574219
7655,1.147120475769043
7656,4.433243751525879
7657,-0.6986894607543945
7658,-5.340047836303711
7659,3.5916624069213867
7660,-0.52679443359375
7661,2.6089158058166504
7662,3.79086971282959
7663,-3.9213342666625977
7664,-4.601400375366211
7665,3.0013484954833984
7666,-4.01908016204834
7667,4.562654972076416
7668,5.186718940734863
7669,-5.073721885681152
7670,-0.9640645980834961
7671,3.692915916442871
7672,-5.685998916625977
7673,4.966994762420654
7674,5.570988655090332
7675,-5.25538444519043
7676,-1.1502125263214111
7677,3.808485984802246
7678,-5.655538558959961
7679,5.281078815460205
7680,5.624772071838379
7681,-4.712620735168457
7682,-1.104893445968628
7683,4.0665788650512695
7684,-5.7938737869262695
7685,4.723129749298096
7686,5.450058937072754
7687,-4.679981231689453
7688,-0.8286564350128174
7689,4.092083930969238
7690,-5.842458724975586
7691,4.713211536407471
7692,1.3227567672729492
7693,-5.063709259033203
7694,-5.775826454162598
7695,0.9874763488769531
7696,-4.677862167358398
7697,-0.37279534339904785
7698,4.0068864822387695
7699,-7.521575927734375
7700,-6.534703254699707
7701,3.126114845275879
7702,-6.178136825561523
7703,5.503073215484619
7704,2.5340795516967773
7705,-11.175183296203613
7706,-7.259031772613525
7707,2.2319297790527344
7708,-9.378777503967285
7709,8.86777114868164
7710,1.8974494934082031
7711,-11.851556777954102
7712,-7.276322364807129
7713,1.6429738998413086
7714,-9.480180740356445
7715,9.220983505249023
7716,3.3077688217163086
7717,-13.113845825195312
7718,-8.075348854064941
7719,2.769460678100586
7720,-10.276220321655273
7721,9.125371932983398
7722,4.434069633483887
7723,2.006588935852051
7724,0.40261292457580566
7725,4.334908485412598
7726,2.281802177429199
7727,-0.4647665023803711
7728,4.3450517654418945
7729,2.2557859420776367
7730,-0.4649200439453125
7731,4.351975440979004
7732,2.224989891052246
7733,-0.4653003215789795
7734,4.248108863830566
7735,2.3612890243530273
7736,0.13994503021240234
7737,4.2009382247924805
7738,2.380795478820801
7739,0.1382286548614502
7740,4.132235527038574
7741,2.3784704208374023
7742,0.13654112815856934
7743,4.201272010803223
7744,1.9722890853881836
7745,-3.2694196701049805
7746,3.906378746032715
7747,2.17110538482666
7748,-0.5590033531188965
7749,4.4036054611206055
7750,1.5745840072631836
7751,-0.5038712024688721
7752,4.299290657043457
7753,1.6709356307983398
7754,0.2723393440246582
7755,4.254746437072754
7756,-0.37485218048095703
7757,-6.025853157043457
7758,3.2934274673461914
7759,-0.029169082641601562
7760,1.459794521331787
7761,4.204291343688965
7762,-3.5863866806030273
7763,-4.109342575073242
7764,3.396744728088379
7765,-3.4459428787231445
7766,3.8254895210266113
7767,5.646409034729004
7768,-3.474757194519043
7769,0.865748405456543
7770,4.4826250076293945
7771,-3.9257631301879883
7772,4.6335368156433105
7773,6.050704002380371
7774,-3.281256675720215
7775,0.7454838752746582
7776,4.680575370788574
7777,-3.7923355102539062
7778,5.069003582000732
7779,6.00137996673584
7780,-2.933535575866699
7781,0.7114038467407227
7782,4.942803382873535
7783,-3.6573753356933594
7784,4.573780536651611
7785,5.872490882873535
7786,-2.990407943725586
7787,0.9906826019287109
7788,4.952286720275879
7789,-3.7339696884155273
7790,4.4436516761779785
7791,1.396693229675293
7792,-5.275425910949707
7793,-5.779777526855469
7794,0.9859256744384766
7795,-4.755849838256836
7796,-0.367887020111084
7797,4.231715202331543
7798,-6.940964698791504
7799,-6.303664207458496
7800,3.266007423400879
7801,-5.828461647033691
7802,5.5375542640686035
7803,3.294569969177246
7804,-10.73376750946045
7805,-4.855039119720459
7806,2.7575950622558594
7807,-8.896842956542969
7808,9.684097290039062
7809,2.85239315032959
7810,-11.546002388000488
7811,-4.617181777954102
7812,2.6338768005371094
7813,-9.861678123474121
7814,10.109668731689453
7815,4.294709205627441
7816,-12.035517692565918
7817,-5.299187660217285
7818,3.547633171081543
7819,-9.689192771911621
7820,10.073816299438477
7821,4.011054039001465
7822,2.707350730895996
7823,-0.4302864074707031
7824,3.889134407043457
7825,3.0335702896118164
7826,-1.2119033336639404
7827,3.9038705825805664
7828,3.0127439498901367
7829,-1.2120060920715332
7830,3.9198102951049805
7831,2.987177848815918
7832,-1.2118947505950928
7833,3.758206367492676
7834,3.074343681335449
7835,-0.5455150604248047
7836,3.706305503845215
7837,3.0832643508911133
7838,-0.5470974445343018
7839,3.65364933013916
7840,3.085444450378418
7841,-0.5486671924591064
7842,3.766781806945801
7843,2.721133232116699
7844,-3.632169723510742
7845,3.4632444381713867
7846,2.838444709777832
7847,-0.6329402923583984
7848,4.022370338439941
7849,2.2702341079711914
7850,-1.2052669525146484
7851,3.88193416595459
7852,2.34780216217041
7853,-0.34902286529541016
7854,4.083559989929199
7855,0.15575885772705078
7856,-6.172546863555908
7857,3.0139331817626953
7858,0.37705326080322266
7859,1.664024829864502
7860,4.487357139587402
7861,-2.99208927154541
7862,-4.296947002410889
7863,3.207493782043457
7864,-3.0999860763549805
7865,4.287064075469971
7866,5.943758964538574
7867,-2.065396308898926
7868,-0.4131486415863037
7869,4.480525016784668
7870,-3.1934757232666016
7871,5.1270928382873535
7872,6.2966718673706055
7873,-1.5618791580200195
7874,-0.6569511890411377
7875,4.643742561340332
7876,-3.017854690551758
7877,5.362294673919678
7878,6.189358711242676
7879,-1.192704200744629
7880,-0.5836460590362549
7881,4.869336128234863
7882,-2.8562841415405273
7883,4.894282341003418
7884,6.071106910705566
7885,-1.385167121887207
7886,-0.26183295249938965
7887,4.893038749694824
7888,-2.928884506225586
7889,4.914077281951904
7890,1.539719581604004
7891,-5.387864112854004
7892,-5.803515434265137
7893,1.0277433395385742
7894,-4.817645072937012
7895,-0.34142637252807617
7896,4.403307914733887
7897,-6.617178916931152
7898,-6.306245803833008
7899,3.4811906814575195
7900,-5.1812286376953125
7901,5.402760028839111
7902,3.9068689346313477
7903,-10.29815673828125
7904,-5.115438461303711
7905,3.377915382385254
7906,-8.79498291015625
7907,9.558080673217773
7908,3.630669593811035
7909,-11.2129487991333
7910,-4.940853595733643
7911,3.292302131652832
7912,-9.644426345825195
7913,9.97797966003418
7914,5.0888872146606445
7915,-11.054266929626465
7916,-5.85088586807251
7917,4.233332633972168
7918,-9.61097526550293
7919,9.87531852722168
7920,3.5368661880493164
7921,3.3384523391723633
7922,-2.1731481552124023
7923,3.391140937805176
7924,3.59780216217041
7925,-2.929044723510742
7926,3.419583320617676
7927,3.5446271896362305
7928,-2.9290640354156494
7929,3.430953025817871
7930,3.510331153869629
7931,-2.9286482334136963
7932,3.318587303161621
7933,3.632206916809082
7934,-2.1666207313537598
7935,3.2833547592163086
7936,3.626133918762207
7937,-2.1676578521728516
7938,3.252923011779785
7939,3.6152353286743164
7940,-2.168257713317871
7941,3.31571102142334
7942,3.177424430847168
7943,-5.166024208068848
7944,3.067873001098633
7945,3.3105249404907227
7946,-1.7221715450286865
7947,3.5581483840942383
7948,2.8728017807006836
7949,-2.8747947216033936
7950,3.488053321838379
7951,2.8829431533813477
7952,-1.887587070465088
7953,3.8196935653686523
7954,0.5370121002197266
7955,-7.665330410003662
7956,2.8453121185302734
7957,0.8230209350585938
7958,0.9296188354492188
7959,4.6699419021606445
7960,-2.3135757446289062
7961,-6.70556640625
7962,3.5202760696411133
7963,-1.8690261840820312
7964,3.8980913162231445
7965,6.050108909606934
7966,-0.6498470306396484
7967,-2.6706929206848145
7968,4.334099769592285
7969,-1.1729631423950195
7970,5.2837910652160645
7971,6.337916374206543
7972,-0.024720191955566406
7973,-3.3309733867645264
7974,4.367218971252441
7975,-0.7677755355834961
7976,5.545661449432373
7977,6.143378257751465
7978,0.36429691314697266
7979,-3.34660267829895
7980,4.502804756164551
7981,-0.45767879486083984
7982,5.057405948638916
7983,6.031638145446777
7984,0.1825237274169922
7985,-2.578761577606201
7986,4.5709733963012695
7987,-0.6036920547485352
7988,5.103661060333252
7989,1.6147212982177734
7990,-5.335956573486328
7991,-5.945508003234863
7992,1.1386451721191406
7993,-4.760422706604004
7994,-0.19345641136169434
7995,4.388266563415527
7996,-6.172029495239258
7997,-6.052323818206787
7998,3.5934038162231445
7999,-4.475921630859375
8000,4.984778881072998
8001,4.6842145919799805
8002,-9.756420135498047
8003,-3.476930856704712
8004,3.982720375061035
8005,-8.349425315856934
8006,8.813207626342773
8007,4.591231346130371
8008,-10.607620239257812
8009,-3.160904884338379
8010,3.823208808898926
8011,-9.167773246765137
8012,9.214601516723633
8013,5.987174034118652
8014,-9.931734085083008
8015,-3.8441696166992188
8016,4.951155662536621
8017,-8.807415008544922
8018,9.130317687988281
8019,3.0319061279296875
8020,3.5677366256713867
8021,-2.424699068069458
8022,2.9459238052368164
8023,3.750748634338379
8024,-3.2576534748077393
8025,2.968505859375
8026,3.720057487487793
8027,-3.256683826446533
8028,2.9921998977661133
8029,3.688225746154785
8030,-3.255544900894165
8031,2.8126420974731445
8032,3.830105781555176
8033,-2.548184871673584
8034,2.7724380493164062
8035,3.824294090270996
8036,-2.548936128616333
8037,2.7012434005737305
8038,3.850131034851074
8039,-2.549281120300293
8040,2.9660091400146484
8041,3.3407983779907227
8042,-5.73578405380249
8043,2.562551498413086
8044,3.474900245666504
8045,-2.5140700340270996
8046,3.1627111434936523
8047,3.024294853210449
8048,-3.197707414627075
8049,3.004241943359375
8050,3.0934953689575195
8051,-2.2748217582702637
8052,3.694087028503418
8053,0.6810245513916016
8054,-8.09005355834961
8055,2.537660598754883
8056,1.2363958358764648
8057,-0.09836697578430176
8058,4.893240928649902
8059,-1.453690528869629
8060,-7.579010963439941
8061,3.202143669128418
8062,-0.6824321746826172
8063,3.857785224914551
8064,6.016596794128418
8065,1.0569171905517578
8066,-4.908870697021484
8067,4.036774635314941
8068,1.034611701965332
8069,6.149665355682373
8070,6.229317665100098
8071,1.706435203552246
8072,-5.579324722290039
8073,4.069684028625488
8074,1.3879728317260742
8075,6.988860607147217
8076,6.010371208190918
8077,2.0191755294799805
8078,-5.5912322998046875
8079,4.174393653869629
8080,1.6469182968139648
8081,6.466604709625244
8082,5.925976753234863
8083,1.7734365463256836
8084,-4.86293363571167
8085,4.247305870056152
8086,1.5326299667358398
8087,6.061399936676025
8088,1.7616167068481445
8089,-5.443650245666504
8090,-5.971497535705566
8091,1.3040313720703125
8092,-4.840035438537598
8093,-0.16595149040222168
8094,4.5438127517700195
8095,-5.271286964416504
8096,-5.114933967590332
8097,3.84676456451416
8098,-4.028693199157715
8099,3.504922389984131
8100,5.358450889587402
8101,-9.032975196838379
8102,-2.4025540351867676
8103,4.974795341491699
8104,-8.072309494018555
8105,6.166651248931885
8106,5.347149848937988
8107,-10.008913040161133
8108,-2.0851340293884277
8109,5.133540153503418
8110,-9.284353256225586
8111,6.454344272613525
8112,6.720404624938965
8113,-8.685896873474121
8114,-2.8355352878570557
8115,5.941840171813965
8116,-8.169464111328125
8117,6.098145961761475
8118,2.4393796920776367
8119,4.028477668762207
8120,-0.9126570224761963
8121,2.351438522338867
8122,4.218838691711426
8123,-1.7002029418945312
8124,2.386110305786133
8125,4.193861961364746
8126,-1.698960781097412
8127,2.427475929260254
8128,4.1651506423950195
8129,-1.6978373527526855
8130,2.184878349304199
8131,4.262070655822754
8132,-1.1599717140197754
8133,2.146538734436035
8134,4.252346992492676
8135,-1.1606512069702148
8136,2.0712461471557617
8137,4.216139793395996
8138,-1.1616181135177612
8139,2.493978500366211
8140,3.8500356674194336
8141,-4.298402786254883
8142,2.0315628051757812
8143,3.8965272903442383
8144,-1.9253641366958618
8145,2.6413497924804688
8146,3.5374135971069336
8147,-1.7375571727752686
8148,2.442540168762207
8149,3.55344295501709
8150,-1.0397143363952637
8151,3.5269479751586914
8152,1.3182458877563477
8153,-6.98569393157959
8154,2.3081531524658203
8155,1.5491609573364258
8156,-0.1836841106414795
8157,5.078108787536621
8158,-0.24964523315429688
8159,-6.340315818786621
8160,3.056537628173828
8161,-0.23755168914794922
8162,3.729121208190918
8163,5.891314506530762
8164,2.61691951751709
8165,-3.232272148132324
8166,3.8467092514038086
8167,1.519822120666504
8168,6.85885763168335
8169,6.019984245300293
8170,3.296738624572754
8171,-3.5864970684051514
8172,3.861727714538574
8173,1.7414064407348633
8174,7.9101128578186035
8175,5.804190635681152
8176,3.579413414001465
8177,-3.6183133125305176
8178,3.95920467376709
8179,2.0127458572387695
8180,7.494363307952881
8181,5.757412910461426
8182,3.372317314147949
8183,-3.172898054122925
8184,4.042963981628418
8185,1.9840669631958008
8186,6.85038423538208
8187,1.9130239486694336
8188,-5.296662330627441
8189,-5.89426326751709
8190,1.51812744140625
8191,-4.67692756652832
8192,-0.24502897262573242
8193,4.755171775817871
8194,-4.620793342590332
8195,-5.448119163513184
8196,4.092585563659668
8197,-3.488523483276367
8198,2.701193332672119
8199,5.989096641540527
8200,-8.226167678833008
8201,-3.5823962688446045
8202,5.680184364318848
8203,-7.594885349273682
8204,5.3386712074279785
8205,6.062211036682129
8206,-9.166193962097168
8207,-3.350050687789917
8208,5.890639305114746
8209,-8.721752166748047
8210,5.300034999847412
8211,7.2506608963012695
8212,-7.933499336242676
8213,-4.10171365737915
8214,6.9122819900512695
8215,-7.517268657684326
8216,4.821322917938232
8217,2.4000368118286133
8218,4.292721748352051
8219,-2.14089298248291
8220,2.252011299133301
8221,4.448195457458496
8222,-2.964369535446167
8223,2.2765369415283203
8224,4.411545753479004
8225,-2.9642891883850098
8226,2.302840232849121
8227,4.377839088439941
8228,-2.963913917541504
8229,2.117598533630371
8230,4.500182151794434
8231,-2.2240540981292725
8232,2.067387580871582
8233,4.489823341369629
8234,-2.2241480350494385
8235,2.0207014083862305
8236,4.475399971008301
8237,-2.2231390476226807
8238,2.2904043197631836
8239,4.026209831237793
8240,-5.470210552215576
8241,1.9430055618286133
8242,4.0707597732543945
8243,-2.1024093627929688
8244,2.5433359146118164
8245,3.8526487350463867
8246,-2.9202375411987305
8247,2.391934394836426
8248,3.8518362045288086
8249,-1.953499674797058
8250,3.264594078063965
8251,1.5070066452026367
8252,-7.792430877685547
8253,2.035214424133301
8254,1.7681455612182617
8255,0.312969446182251
8256,5.076031684875488
8257,1.0295801162719727
8258,-7.018328666687012
8259,3.0472593307495117
8260,0.8480367660522461
8261,4.4058942794799805
8262,5.727120399475098
8263,4.086052894592285
8264,-3.324272394180298
8265,3.539727210998535
8266,2.9531068801879883
8267,8.063493728637695
8268,5.788165092468262
8269,4.718020439147949
8270,-3.6851131916046143
8271,3.550116539001465
8272,3.1636762619018555
8273,9.191152572631836
8274,5.608248710632324
8275,4.90628719329834
8276,-3.729647159576416
8277,3.650692939758301
8278,3.516476631164551
8279,8.632369995117188
8280,5.591689109802246
8281,4.729718208312988
8282,-3.243410587310791
8283,3.7253599166870117
8284,3.5008840560913086
8285,7.986044406890869
8286,2.059326171875
8287,-5.169625282287598
8288,-5.91447114944458
8289,1.7247953414916992
8290,-4.4748125076293945
8291,-0.22380924224853516
8292,4.839911460876465
8293,-4.030976295471191
8294,-4.750911712646484
8295,4.1856889724731445
8296,-2.764462471008301
8297,2.2132534980773926
8298,6.566266059875488
8299,-7.375627517700195
8300,-1.563679575920105
8301,6.191521644592285
8302,-6.747632026672363
8303,4.242514610290527
8304,6.766539573669434
8305,-7.8990373611450195
8306,-1.193654179573059
8307,6.497221946716309
8308,-7.434882640838623
8309,4.347382545471191
8310,7.67508602142334
8311,-6.108489036560059
8312,-1.7947025299072266
8313,7.420041084289551
8314,-6.647216320037842
8315,4.161963939666748
8316,2.0969972610473633
8317,4.536765098571777
8318,-2.346639633178711
8319,1.953700065612793
8320,4.665518760681152
8321,-3.1099727153778076
8322,1.973057746887207
8323,4.635598182678223
8324,-3.1105692386627197
8325,1.992915153503418
8326,4.607802391052246
8327,-3.1104283332824707
8328,1.8380012512207031
8329,4.694527626037598
8330,-2.4788475036621094
8331,1.788736343383789
8332,4.680050849914551
8333,-2.4792723655700684
8334,1.7448081970214844
8335,4.665411949157715
8336,-2.478074789047241
8337,1.9354276657104492
8338,4.226254463195801
8339,-5.531643867492676
8340,1.643808364868164
8341,4.228562355041504
8342,-2.632028102874756
8343,2.241598129272461
8344,4.113785743713379
8345,-3.086050510406494
8346,2.1224546432495117
8347,4.095751762390137
8348,-2.256457567214966
8349,3.1511716842651367
8350,1.784825325012207
8351,-7.527026176452637
8352,1.7967767715454102
8353,1.9934396743774414
8354,-0.38623762130737305
8355,4.979790687561035
8356,2.175356864929199
8357,-6.856051445007324
8358,2.7527847290039062
8359,1.161036491394043
8360,4.258554935455322
8361,5.4370222091674805
8362,5.154746055603027
8363,-3.3466272354125977
8364,3.412533760070801
8365,2.9546079635620117
8366,7.9448370933532715
8367,5.530205726623535
8368,5.775988578796387
8369,-3.772132396697998
8370,3.2678823471069336
8371,3.1907434463500977
8372,9.016870498657227
8373,5.353371620178223
8374,5.994311332702637
8375,-3.750185012817383
8376,3.3219900131225586
8377,3.459641456604004
8378,8.391292572021484
8379,5.330979347229004
8380,5.754572868347168
8381,-3.2528512477874756
8382,3.4944448471069336
8383,3.4225358963012695
8384,7.8484206199646
8385,2.2399816513061523
8386,-4.96842098236084
8387,-5.7178850173950195
8388,1.8411931991577148
8389,-4.331945419311523
8390,-0.4206087589263916
8391,4.893181800842285
8392,-3.353631019592285
8393,-2.862326145172119
8394,3.9021387100219727
8395,-2.090346336364746
8396,2.7003636360168457
8397,6.857779502868652
8398,-5.765505790710449
8399,1.3354425430297852
8400,6.005175590515137
8401,-4.485669136047363
8402,6.573730945587158
8403,7.198885917663574
8404,-6.443584442138672
8405,1.7810606956481934
8406,6.587071418762207
8407,-5.8762969970703125
8408,6.971224308013916
8409,7.861950874328613
8410,-3.5106515884399414
8411,0.8169088363647461
8412,6.884539604187012
8413,-3.351001739501953
8414,6.555813312530518
8415,1.7353315353393555
8416,4.641415596008301
8417,-2.0480856895446777
8418,1.630324363708496
8419,4.749640464782715
8420,-2.7596378326416016
8421,1.6638259887695312
8422,4.727694511413574
8423,-2.7603490352630615
8424,1.7060832977294922
8425,4.708935737609863
8426,-2.7598979473114014
8427,1.4830455780029297
8428,4.760054588317871
8429,-2.2910749912261963
8430,1.4233760833740234
8431,4.7146501541137695
8432,-2.2914648056030273
8433,1.3739690780639648
8434,4.692152976989746
8435,-2.2915120124816895
8436,1.6762304306030273
8437,4.349268913269043
8438,-5.165891647338867
8439,1.316502571105957
8440,4.311114311218262
8441,-3.014000177383423
8442,1.900437355041504
8443,4.237835884094238
8444,-2.78301739692688
8445,1.7556533813476562
8446,4.194550514221191
8447,-2.169725179672241
8448,3.0260839462280273
8449,2.3129892349243164
8450,-7.185704231262207
8451,1.4982004165649414
8452,2.146946907043457
8453,-1.3453879356384277
8454,4.781180381774902
8455,3.024685859680176
8456,-6.940436363220215
8457,1.861917495727539
8458,0.08068180084228516
8459,3.168409824371338
8460,5.192063331604004
8461,6.321896553039551
8462,-3.962353229522705
8463,2.241152763366699
8464,0.7692089080810547
8465,7.4475483894348145
8466,5.295184135437012
8467,7.055264472961426
8468,-4.4203290939331055
8469,2.113689422607422
8470,0.7676906585693359
8471,8.455076217651367
8472,5.130372047424316
8473,7.302395820617676
8474,-4.225881099700928
8475,2.2041635513305664
8476,0.9548587799072266
8477,7.878305912017822
8478,5.099099159240723
8479,7.002737998962402
8480,-3.8433499336242676
8481,2.341780662536621
8482,1.0007619857788086
8483,7.362511157989502
8484,2.404902458190918
8485,-4.793722152709961
8486,-5.317213535308838
8487,1.9158296585083008
8488,-4.030993461608887
8489,-0.8268454074859619
8490,4.9473772048950195
8491,-2.8495922088623047
8492,-2.000760078430176
8493,4.000933647155762
8494,-1.575190544128418
8495,2.5747275352478027
8496,7.335129737854004
8497,-4.02731990814209
8498,2.3940529823303223
8499,6.39469051361084
8500,-2.827176094055176
8501,6.661586284637451
8502,7.6279401779174805
8503,-4.642136573791504
8504,2.867816925048828
8505,6.906136512756348
8506,-3.8564863204956055
8507,7.096889019012451
8508,8.160635948181152
8509,-1.756643295288086
8510,1.6911520957946777
8511,7.103348731994629
8512,-1.5174741744995117
8513,6.461239337921143
8514,1.3355236053466797
8515,5.081503868103027
8516,-4.01171875
8517,1.2638607025146484
8518,5.121642112731934
8519,-4.813241481781006
8520,1.3172922134399414
8521,5.095702171325684
8522,-4.8134331703186035
8523,1.3779468536376953
8524,5.072295188903809
8525,-4.812986373901367
8526,1.087752342224121
8527,5.104918479919434
8528,-4.4474616050720215
8529,1.0278654098510742
8530,5.064572334289551
8531,-4.448066711425781
8532,0.9729948043823242
8533,4.994912147521973
8534,-4.448416233062744
8535,1.4452619552612305
8536,4.677920341491699
8537,-7.213344573974609
8538,0.9516258239746094
8539,4.543332099914551
8540,-5.4960761070251465
8541,1.548593521118164
8542,4.718598365783691
8543,-4.70094633102417
8544,1.336374282836914
8545,4.690829277038574
8546,-4.218936920166016
8547,2.8365230560302734
8548,2.707827568054199
8549,-8.394490242004395
8550,1.206192970275879
8551,2.5628538131713867
8552,-3.5069236755371094
8553,4.5872087478637695
8554,4.084198951721191
8555,-8.077465057373047
8556,1.7834968566894531
8557,2.5651254653930664
8558,1.392533779144287
8559,5.06112003326416
8560,7.5253705978393555
8561,-6.845605850219727
8562,2.117987632751465
8563,4.7982587814331055
8564,5.568636417388916
8565,5.217902183532715
8566,8.284457206726074
8567,-7.645785808563232
8568,1.9923820495605469
8569,5.105975151062012
8570,6.401010990142822
8571,4.948729515075684
8572,8.376072883605957
8573,-7.6990766525268555
8574,2.1179237365722656
8575,5.367251396179199
8576,5.763112545013428
8577,4.900012016296387
8578,8.16418170928955
8579,-6.885822772979736
8580,2.26370906829834
8581,5.303498268127441
8582,5.490946292877197
8583,2.613387107849121
8584,-4.661667823791504
8585,-5.0935540199279785
8586,1.9415616989135742
8587,-3.464509963989258
8588,-1.0491571426391602
8589,5.214783668518066
8590,-2.3304338455200195
8591,-1.9467116594314575
8592,3.8699750900268555
8593,-0.5727729797363281
8594,2.5812854766845703
8595,7.619351387023926
8596,-2.4320507049560547
8597,2.4938321113586426
8598,6.133418083190918
8599,-0.9695959091186523
8600,6.908840656280518
8601,7.964259147644043
8602,-2.874307632446289
8603,2.9546241760253906
8604,6.5445451736450195
8605,-1.5220451354980469
8606,7.328855991363525
8607,8.292510032653809
8608,-0.5015115737915039
8609,1.4505958557128906
8610,6.643448829650879
8611,0.4476175308227539
8612,6.352010250091553
8613,1.1761817932128906
8614,5.201474189758301
8615,-4.565823554992676
8616,1.0574045181274414
8617,5.238913536071777
8618,-5.335055351257324
8619,1.1231088638305664
8620,5.222834587097168
8621,-5.335186958312988
8622,1.1771478652954102
8623,5.206252098083496
8624,-5.334391117095947
8625,0.8738489151000977
8626,5.188380241394043
8627,-4.968625545501709
8628,0.7937135696411133
8629,5.133175849914551
8630,-4.9694929122924805
8631,0.7317905426025391
8632,5.081789970397949
8633,-4.969968318939209
8634,1.236741065979004
8635,4.8150224685668945
8636,-7.570538520812988
8637,0.7044963836669922
8638,4.631796836853027
8639,-5.862628936767578
8640,1.3893985748291016
8641,4.871792793273926
8642,-5.204225540161133
8643,1.073221206665039
8644,4.75905704498291
8645,-4.723031044006348
8646,2.743083953857422
8647,3.061671257019043
8648,-8.61345100402832
8649,1.1121139526367188
8650,2.686844825744629
8651,-3.7819013595581055
8652,4.528298377990723
8653,4.983193397521973
8654,-8.676273345947266
8655,1.6789751052856445
8656,3.9370908737182617
8657,0.24994850158691406
8658,4.741560935974121
8659,8.392193794250488
8660,-8.39133071899414
8661,1.946925163269043
8662,6.550522804260254
8663,2.88224458694458
8664,4.751551628112793
8665,8.914214134216309
8666,-9.357871055603027
8667,1.8424053192138672
8668,6.967011451721191
8669,3.3869190216064453
8670,4.373263359069824
8671,8.921788215637207
8672,-9.405920028686523
8673,1.8509931564331055
8674,7.013291358947754
8675,2.7363505363464355
8676,4.360478401184082
8677,8.786347389221191
8678,-8.44784164428711
8679,2.033050537109375
8680,6.9377241134643555
8681,2.73530912399292
8682,2.8641443252563477
8683,-4.327591896057129
8684,-5.08631706237793
8685,2.08126163482666
8686,-3.200380325317383
8687,-1.0556013584136963
8688,5.393704414367676
8689,-1.6859874725341797
8690,-3.315925121307373
8691,3.6928491592407227
8692,0.16588592529296875
8693,2.602377414703369
8694,7.892134666442871
8695,-1.040726661682129
8696,-0.24654173851013184
8697,5.529191017150879
8698,0.7031965255737305
8699,6.54518461227417
8700,8.206782341003418
8701,-1.385885238647461
8702,0.04763340950012207
8703,5.8902692794799805
8704,0.4065885543823242
8705,6.880136013031006
8706,8.502930641174316
8707,0.741973876953125
8708,-1.6697310209274292
8709,5.845551490783691
8710,2.1269941329956055
8711,5.827408313751221
8712,1.006178855895996
8713,5.441178321838379
8714,-4.304637908935547
8715,0.8990859985351562
8716,5.496865272521973
8717,-5.120691776275635
8718,0.9513521194458008
8719,5.480463981628418
8720,-5.121002197265625
8721,1.0005130767822266
8722,5.464053153991699
8723,-5.120429039001465
8724,0.7234916687011719
8725,5.4409379959106445
8726,-4.647242069244385
8727,0.6403284072875977
8728,5.378630638122559
8729,-4.6480712890625
8730,0.5835514068603516
8731,5.325987815856934
8732,-4.648597717285156
8733,1.0733566284179688
8734,5.078608512878418
8735,-7.586827278137207
8736,0.5618228912353516
8737,4.829314231872559
8738,-5.392788887023926
8739,1.2257184982299805
8740,5.166905403137207
8741,-5.03165340423584
8742,1.0374383926391602
8743,5.068612098693848
8744,-4.411652088165283
8745,2.613297462463379
8746,3.5209665298461914
8747,-8.738784790039062
8748,0.9557094573974609
8749,3.013522148132324
8750,-3.278195381164551
8751,4.3349809646606445
8752,5.563748359680176
8753,-8.929567337036133
8754,1.4940385818481445
8755,4.509821891784668
8756,0.8935329914093018
8757,4.424530982971191
8758,8.925456047058105
8759,-8.81441879272461
8760,1.687204360961914
8761,7.26590633392334
8762,3.082638740539551
8763,4.336888313293457
8764,9.42356014251709
8765,-9.904260635375977
8766,1.5677003860473633
8767,7.747706413269043
8768,3.5622215270996094
8769,3.9817514419555664
8770,9.453721046447754
8771,-9.885674476623535
8772,1.5410728454589844
8773,7.793150901794434
8774,2.837617874145508
8775,3.99709415435791
8776,9.331351280212402
8777,-8.849081039428711
8778,1.7492294311523438
8779,7.756274223327637
8780,2.8928380012512207
8781,3.090468406677246
8782,-3.651216506958008
8783,-5.180521011352539
8784,2.1863861083984375
8785,-2.713129997253418
8786,-0.961338996887207
8787,5.496550559997559
8788,-0.9354085922241211
8789,-3.560310125350952
8790,3.4894094467163086
8791,0.9126548767089844
8792,3.189234733581543
8793,7.937006950378418
8794,0.3463735580444336
8795,-0.5811872482299805
8796,5.416533470153809
8797,1.9545259475708008
8798,7.818649768829346
8799,8.208273887634277
8800,0.1519632339477539
8801,-0.29296445846557617
8802,5.782462120056152
8803,2.0398244857788086
8804,8.234119415283203
8805,8.599343299865723
8806,2.0875043869018555
8807,-2.2615697383880615
8808,5.54744815826416
8809,3.81247615814209
8810,7.217701435089111
8811,0.7788686752319336
8812,5.7383623123168945
8813,-5.597918510437012
8814,0.6702346801757812
8815,5.653599739074707
8816,-6.421872615814209
8817,0.7202787399291992
8818,5.611701011657715
8819,-6.421637535095215
8820,0.775334358215332
8821,5.579407691955566
8822,-6.420641899108887
8823,0.5183439254760742
8824,5.6392717361450195
8825,-5.899471759796143
8826,0.4667034149169922
8827,5.581912040710449
8828,-5.900618553161621
8829,0.42175769805908203
8830,5.531851768493652
8831,-5.900080680847168
8832,0.903651237487793
8833,5.103024482727051
8834,-8.759634017944336
8835,0.44144725799560547
8836,4.976485252380371
8837,-6.306922912597656
8838,1.0256757736206055
8839,5.433690071105957
8840,-6.26373291015625
8841,0.8817300796508789
8842,5.398877143859863
8843,-5.5679121017456055
8844,2.416794776916504
8845,3.64725399017334
8846,-9.593118667602539
8847,0.901402473449707
8848,3.337639808654785
8849,-3.93949818611145
8850,4.205702781677246
8851,5.694214820861816
8852,-9.65953254699707
8853,1.2000436782836914
8854,5.365435600280762
8855,0.463625431060791
8856,4.123013496398926
8857,8.997626304626465
8858,-9.094229698181152
8859,1.346095085144043
8860,7.819706916809082
8861,2.4399967193603516
8862,4.015233039855957
8863,9.425663948059082
8864,-10.2279052734375
8865,1.26885986328125
8866,8.329474449157715
8867,2.840773582458496
8868,3.687983512878418
8869,9.461466789245605
8870,-10.15958023071289
8871,1.2592449188232422
8872,8.349419593811035
8873,2.002589702606201
8874,3.6849279403686523
8875,9.347756385803223
8876,-9.113550186157227
8877,1.4529752731323242
8878,8.321259498596191
8879,2.2025861740112305
8880,3.2636594772338867
8881,-3.062713623046875
8882,-5.27474308013916
8883,2.389594078063965
8884,-2.0561599731445312
8885,-0.8674554824829102
8886,5.448000907897949
8887,-0.020256996154785156
8888,-3.8993136882781982
8889,4.0686540603637695
8890,1.3979063034057617
8891,2.898988723754883
8892,7.776616096496582
8893,1.904505729675293
8894,-0.8416736125946045
8895,5.903592109680176
8896,3.094540596008301
8897,6.81137228012085
8898,8.108292579650879
8899,1.8702325820922852
8900,-0.5651841163635254
8901,6.209212303161621
8902,3.151106834411621
8903,7.1566853523254395
8904,8.300536155700684
8905,3.679327964782715
8906,-2.676593065261841
8907,5.937090873718262
8908,4.825057029724121
8909,5.953731060028076
8910,0.6377935409545898
8911,5.790987968444824
8912,-5.543239593505859
8913,0.5119562149047852
8914,5.7478437423706055
8915,-6.362630367279053
8916,0.5534944534301758
8917,5.719607353210449
8918,-6.362680435180664
8919,0.5968008041381836
8920,5.699824333190918
8921,-6.362174034118652
8922,0.38459205627441406
8923,5.715121269226074
8924,-5.821620941162109
8925,0.34498119354248047
8926,5.663027763366699
8927,-5.822924613952637
8928,0.29869556427001953
8929,5.609124183654785
8930,-5.822681903839111
8931,0.7246236801147461
8932,5.2662763595581055
8933,-8.704204559326172
8934,0.3463296890258789
8935,5.1015119552612305
8936,-6.185372352600098
8937,0.8743534088134766
8938,5.514128684997559
8939,-6.217162609100342
8940,0.7698907852172852
8941,5.4535322189331055
8942,-5.502093315124512
8943,2.3379878997802734
8944,3.9766130447387695
8945,-9.744282722473145
8946,0.8986902236938477
8947,3.518549919128418
8948,-3.727231025695801
8949,4.1624040603637695
8950,5.7993574142456055
8951,-9.836183547973633
8952,1.0685949325561523
8953,5.289715766906738
8954,0.9235785007476807
8955,4.126524925231934
8956,8.969555854797363
8957,-9.32621955871582
8958,1.0671758651733398
8959,7.679379463195801
8960,3.2793612480163574
8961,4.094695091247559
8962,9.46358585357666
8963,-10.492757797241211
8964,0.7713871002197266
8965,7.889857292175293
8966,3.8085289001464844
8967,3.802828788757324
8968,9.488547325134277
8969,-10.395549774169922
8970,0.82977294921875
8971,8.037829399108887
8972,2.9784765243530273
8973,3.779482841491699
8974,9.347359657287598
8975,-9.32876968383789
8976,1.155679702758789
8977,8.142659187316895
8978,3.0566983222961426
8979,3.489678382873535
8980,-2.4539403915405273
8981,-5.317873001098633
8982,2.55155086517334
8983,-1.6312894821166992
8984,-0.824758768081665
8985,5.54831600189209
8986,0.8810100555419922
8987,-3.7472012042999268
8988,3.932135581970215
8989,2.251227378845215
8990,2.9212188720703125
8991,7.50272274017334
8992,2.938265800476074
8993,-0.31372785568237305
8994,5.717467308044434
8995,3.967799186706543
8996,6.901553630828857
8997,7.973210334777832
8998,2.946293830871582
8999,0.006119728088378906
9000,6.152159690856934
9001,3.919560432434082
9002,7.252312183380127
9003,7.905760765075684
9004,3.945265769958496
9005,-2.1016855239868164
9006,5.784346580505371
9007,5.45143985748291
9008,5.977510929107666
9009,0.6005573272705078
9010,5.954695701599121
9011,-5.691211700439453
9012,0.4592256546020508
9013,5.95028018951416
9014,-6.591094493865967
9015,0.4980945587158203
9016,5.931096076965332
9017,-6.589967250823975
9018,0.5463104248046875
9019,5.927643775939941
9020,-6.588388919830322
9021,0.33425140380859375
9022,5.904553413391113
9023,-6.056402683258057
9024,0.2920989990234375
9025,5.852377891540527
9026,-6.058481216430664
9027,0.25168800354003906
9028,5.806530952453613
9029,-6.05863094329834
9030,0.6472177505493164
9031,5.498913764953613
9032,-9.177284240722656
9033,0.2723665237426758
9034,5.285300254821777
9035,-6.678873062133789
9036,0.841547966003418
9037,5.672970771789551
9038,-6.449148654937744
9039,0.7481107711791992
9040,5.618353843688965
9041,-5.738765239715576
9042,2.3312149047851562
9043,4.165017127990723
9044,-9.749738693237305
9045,0.827876091003418
9046,3.576291084289551
9047,-4.440184593200684
9048,3.99605655670166
9049,6.406502723693848
9050,-8.694263458251953
9051,0.8549346923828125
9052,5.227715492248535
9053,1.242424488067627
9054,3.2751569747924805
9055,9.084572792053223
9056,-7.4851789474487305
9057,0.5629339218139648
9058,7.430315971374512
9059,4.490687847137451
9060,3.2024641036987305
9061,9.534197807312012
9062,-8.382444381713867
9063,0.4006967544555664
9064,7.367844581604004
9065,5.282721996307373
9066,2.9681930541992188
9067,9.44983959197998
9068,-8.108020782470703
9069,0.44487476348876953
9070,7.443985939025879
9071,4.3394551277160645
9072,2.9938955307006836
9073,9.288886070251465
9074,-7.35101842880249
9075,0.6206426620483398
9076,7.431059837341309
9077,4.395397663116455
9078,3.7403078079223633
9079,-1.6769561767578125
9080,-5.346288681030273
9081,2.727428436279297
9082,-1.0770549774169922
9083,-0.7951474189758301
9084,5.627324104309082
9085,2.043684959411621
9086,-4.0372633934021
9087,4.0353899002075195
9088,2.8035402297973633
9089,2.815159797668457
9090,7.586165428161621
9091,4.390625953674316
9092,-1.3253724575042725
9093,5.824490547180176
9094,4.986784934997559
9095,6.437068462371826
9096,8.0985746383667
9097,4.99318790435791
9098,-1.0283875465393066
9099,6.109198570251465
9100,5.111132621765137
9101,6.75519323348999
9102,7.528485298156738
9103,6.278363227844238
9104,-3.540539026260376
9105,5.610743522644043
9106,6.606259346008301
9107,5.5002522468566895
9108,0.48187255859375
9109,5.973946571350098
9110,-8.276311874389648
9111,0.4284934997558594
9112,5.99038028717041
9113,-9.091302871704102
9114,0.494049072265625
9115,6.0049543380737305
9116,-9.089041709899902
9117,0.5508184432983398
9118,6.018099784851074
9119,-9.086904525756836
9120,0.2515106201171875
9121,5.915060997009277
9122,-8.665992736816406
9123,0.20798110961914062
9124,5.830788612365723
9125,-8.669238090515137
9126,0.16300201416015625
9127,5.771645545959473
9128,-8.669599533081055
9129,0.7049407958984375
9130,5.720372200012207
9131,-10.946640014648438
9132,0.2138528823852539
9133,5.327740669250488
9134,-8.963509559631348
9135,0.7590246200561523
9136,5.761435508728027
9137,-8.749099731445312
9138,0.5948114395141602
9139,5.608283042907715
9140,-8.186821937561035
9141,2.4059267044067383
9142,4.393967628479004
9143,-10.408777236938477
9144,0.6493234634399414
9145,3.698065757751465
9146,-6.1893815994262695
9147,3.996273994445801
9148,6.018694877624512
9149,-8.210554122924805
9150,0.628911018371582
9151,5.383208274841309
9152,0.008835554122924805
9153,3.3354578018188477
9154,8.707982063293457
9155,-6.790592193603516
9156,0.38904571533203125
9157,7.556220054626465
9158,4.189112186431885
9159,3.458786964416504
9160,9.442160606384277
9161,-7.630476951599121
9162,0.1519155502319336
9163,7.778368949890137
9164,4.858636856079102
9165,3.0285120010375977
9166,9.041874885559082
9167,-7.44088888168335
9168,0.29517173767089844
9169,7.885493278503418
9170,3.848541259765625
9171,3.0200414657592773
9172,8.918061256408691
9173,-7.293179988861084
9174,0.3489809036254883
9175,7.796818733215332
9176,4.0138421058654785
9177,3.855391502380371
9178,-0.7664203643798828
9179,-5.298715591430664
9180,2.7389602661132812
9181,-0.5993766784667969
9182,-0.8401637077331543
9183,5.480582237243652
9184,3.1538915634155273
9185,-4.8873724937438965
9186,3.75508975982666
9187,3.3064355850219727
9188,2.421478748321533
9189,7.41274356842041
9190,5.761456489562988
9191,-2.0338475704193115
9192,5.184674263000488
9193,5.61318302154541
9194,6.106500148773193
9195,7.8228254318237305
9196,5.8961591720581055
9197,-1.856134057044983
9198,5.489535331726074
9199,5.748503684997559
9200,6.410765171051025
9201,7.202103614807129
9202,7.370760917663574
9203,-4.955657005310059
9204,5.125266075134277
9205,7.008933067321777
9206,5.272298336029053
9207,0.5762138366699219
9208,5.616881370544434
9209,-6.837658882141113
9210,0.4816923141479492
9211,5.7029218673706055
9212,-7.81077241897583
9213,0.5259275436401367
9214,5.745482444763184
9215,-7.808095932006836
9216,0.605351448059082
9217,5.848284721374512
9218,-7.805968284606934
9219,0.3256721496582031
9220,5.515204429626465
9221,-7.483953952789307
9222,0.2921476364135742
9223,5.448277473449707
9224,-7.485703945159912
9225,0.22696208953857422
9226,5.357453346252441
9227,-7.4863739013671875
9228,0.7193174362182617
9229,5.619156837463379
9230,-10.43618392944336
9231,0.31545162200927734
9232,5.105599403381348
9233,-8.873191833496094
9234,0.8411455154418945
9235,5.499808311462402
9236,-7.54384183883667
9237,0.6976213455200195
9238,5.229813575744629
9239,-7.098456382751465
9240,2.2905092239379883
9241,4.824765205383301
9242,-10.43922233581543
9243,0.7262039184570312
9244,3.713616371154785
9245,-7.060233116149902
9246,2.60677433013916
9247,7.975485801696777
9248,-9.278377532958984
9249,0.47637462615966797
9250,6.335667610168457
9251,-3.0394210815429688
9252,1.6917953491210938
9253,9.22464656829834
9254,-7.781023025512695
9255,0.2842540740966797
9256,7.6794233322143555
9257,-0.9910931587219238
9258,1.5109262466430664
9259,9.475581169128418
9260,-8.63802719116211
9261,0.27958202362060547
9262,8.032999992370605
9263,-0.8772902488708496
9264,1.3413190841674805
9265,9.098414421081543
9266,-8.796758651733398
9267,0.4043617248535156
9268,7.899065971374512
9269,-1.705673336982727
9270,1.403696060180664
9271,8.991276741027832
9272,-7.946076393127441
9273,0.5320310592651367
9274,7.889090538024902
9275,-1.2258460521697998
9276,3.9223814010620117
9277,0.10832023620605469
9278,-5.054803848266602
9279,2.6973276138305664
9280,-0.08139801025390625
9281,-1.089343786239624
9282,5.0880937576293945
9283,3.5025548934936523
9284,-2.4719274044036865
9285,3.613724708557129
9286,3.6179933547973633
9287,2.3181886672973633
9288,6.61538028717041
9289,6.358077049255371
9290,1.7062478065490723
9291,4.9614152908325195
9292,6.343401908874512
9293,6.5244574546813965
9294,6.9563188552856445
9295,6.627243995666504
9296,2.0581626892089844
9297,5.3278398513793945
9298,6.420956611633301
9299,6.913020610809326
9300,6.871209144592285
9301,8.045405387878418
9302,-0.17191410064697266
9303,4.886733055114746
9304,7.202446937561035
9305,5.399998188018799
9306,0.8239879608154297
9307,6.142712593078613
9308,-8.127439498901367
9309,0.5831747055053711
9310,6.316727638244629
9311,-8.9761323928833
9312,0.6143093109130859
9313,6.320136070251465
9314,-8.975618362426758
9315,0.6509389877319336
9316,6.329916954040527
9317,-8.975976943969727
9318,0.4776649475097656
9319,6.105748176574707
9320,-8.551523208618164
9321,0.47234344482421875
9322,6.046107292175293
9323,-8.556522369384766
9324,0.5402326583862305
9325,5.8008222579956055
9326,-8.56144905090332
9327,0.8717451095581055
9328,5.783385276794434
9329,-11.11435317993164
9330,0.5564165115356445
9331,5.529868125915527
9332,-9.175785064697266
9333,1.1016197204589844
9334,5.9220380783081055
9335,-8.707096099853516
9336,0.9700326919555664
9337,5.88602352142334
9338,-8.146827697753906
9339,2.3861656188964844
9340,5.080199241638184
9341,-11.539148330688477
9342,1.1168785095214844
9343,3.98720645904541
9344,-6.713503837585449
9345,4.127480506896973
9346,6.346589088439941
9347,-9.541584968566895
9348,2.331658363342285
9349,4.6871442794799805
9350,-3.6724953651428223
9351,4.346419334411621
9352,8.279105186462402
9353,-6.98114013671875
9354,2.8413009643554688
9355,6.848069190979004
9356,-2.883323907852173
9357,4.510134696960449
9358,8.705199241638184
9359,-7.829387664794922
9360,2.864659309387207
9361,7.312615394592285
9362,-2.7524361610412598
9363,4.163718223571777
9364,8.61767292022705
9365,-7.871501922607422
9366,2.9586658477783203
9367,7.469681739807129
9368,-3.668952226638794
9369,4.0603437423706055
9370,8.438891410827637
9371,-7.010126113891602
9372,2.974471092224121
9373,7.348515510559082
9374,-3.184791088104248
9375,4.666760444641113
9376,1.9301843643188477
9377,-5.2786760330200195
9378,3.6333093643188477
9379,1.3747549057006836
9380,-0.862741231918335
9381,5.256993293762207
9382,5.582615852355957
9383,-5.929299354553223
9384,2.7902565002441406
9385,4.749783515930176
9386,3.6477932929992676
9387,6.956572532653809
9388,8.518187522888184
9389,-1.4304263591766357
9390,3.7442445755004883
9391,6.11782169342041
9392,9.645950317382812
9393,7.245116233825684
9394,8.630053520202637
9395,-0.9698328971862793
9396,4.044693946838379
9397,6.227316856384277
9398,10.230731964111328
9399,7.029488563537598
9400,10.347403526306152
9401,-2.4951226711273193
9402,3.5937910079956055
9403,7.218024253845215
9404,9.541067123413086
9405,0.8686113357543945
9406,6.142817497253418
9407,-7.415536880493164
9408,0.6436309814453125
9409,6.315567970275879
9410,-8.300212860107422
9411,0.6776599884033203
9412,6.319951057434082
9413,-8.299871444702148
9414,0.73895263671875
9415,6.327731132507324
9416,-8.300573348999023
9417,0.5227575302124023
9418,6.103354454040527
9419,-7.906677722930908
9420,0.5136280059814453
9421,6.044171333312988
9422,-7.911015510559082
9423,0.5404901504516602
9424,5.804074287414551
9425,-7.915464401245117
9426,0.9092769622802734
9427,5.810544013977051
9428,-10.677669525146484
9429,0.5654582977294922
9430,5.508978843688965
9431,-8.880242347717285
9432,1.1290521621704102
9433,5.921919822692871
9434,-8.079116821289062
9435,0.9834976196289062
9436,5.838910102844238
9437,-7.5646867752075195
9438,2.5271663665771484
9439,5.075102806091309
9440,-10.976223945617676
9441,1.123347282409668
9442,3.9608449935913086
9443,-6.697994232177734
9444,4.168396949768066
9445,6.340949058532715
9446,-8.982004165649414
9447,1.8078927993774414
9448,5.171507835388184
9449,-2.9813790321350098
9450,4.4644975662231445
9451,8.427926063537598
9452,-6.684971809387207
9453,2.0297327041625977
9454,6.922299385070801
9455,-1.2242186069488525
9456,4.7056074142456055
9457,8.721648216247559
9458,-7.4829792976379395
9459,1.9820871353149414
9460,7.338774681091309
9461,-1.0463054180145264
9462,4.355538368225098
9463,8.645350456237793
9464,-7.629112720489502
9465,2.0888967514038086
9466,7.4995622634887695
9467,-1.9108552932739258
9468,4.228896141052246
9469,8.469592094421387
9470,-6.748096466064453
9471,2.1366472244262695
9472,7.398957252502441
9473,-1.4831076860427856
9474,4.666928291320801
9475,2.101426124572754
9476,-5.103501319885254
9477,3.63376522064209
9478,1.4116239547729492
9479,-1.0388939380645752
9480,5.18857479095459
9481,5.582642555236816
9482,-5.5486602783203125
9483,2.8317489624023438
9484,4.591916084289551
9485,3.5427985191345215
9486,6.73007869720459
9487,8.481244087219238
9488,-0.6185355186462402
9489,3.667910575866699
9490,6.0553693771362305
9491,9.724910736083984
9492,6.9834184646606445
9493,8.605217933654785
9494,-0.08786344528198242
9495,3.922926902770996
9496,6.173995018005371
9497,10.352083206176758
9498,6.80759334564209
9499,10.144299507141113
9500,-1.4989341497421265
9501,3.49526309967041
9502,7.1023969650268555
9503,9.735794067382812
9504,0.9489898681640625
9505,6.399050712585449
9506,-8.514623641967773
9507,0.8077983856201172
9508,6.476290702819824
9509,-9.349994659423828
9510,0.8424482345581055
9511,6.473931312561035
9512,-9.350131034851074
9513,0.8901739120483398
9514,6.476496696472168
9515,-9.351184844970703
9516,0.6809196472167969
9517,6.288931846618652
9518,-8.929511070251465
9519,0.6355905532836914
9520,6.263541221618652
9521,-8.933313369750977
9522,0.6292352676391602
9523,6.172995567321777
9524,-8.936516761779785
9525,1.045095443725586
9526,5.963505744934082
9527,-11.349498748779297
9528,0.6346158981323242
9529,5.607283592224121
9530,-9.497763633728027
9531,1.1964340209960938
9532,6.117596626281738
9533,-9.025367736816406
9534,1.0845327377319336
9535,6.018485069274902
9536,-8.488287925720215
9537,2.743684768676758
9538,5.119147300720215
9539,-10.992236137390137
9540,1.1041994094848633
9541,3.9283952713012695
9542,-7.027159690856934
9543,4.34702205657959
9544,6.340590476989746
9545,-8.6263427734375
9546,1.8732471466064453
9547,5.134182929992676
9548,-2.8128020763397217
9549,4.575760841369629
9550,8.422465324401855
9551,-5.012684345245361
9552,2.1582679748535156
9553,6.921235084533691
9554,-0.04907512664794922
9555,4.826825141906738
9556,8.731629371643066
9557,-5.535933494567871
9558,2.134493827819824
9559,7.334240913391113
9560,0.2681746482849121
9561,4.464072227478027
9562,8.655779838562012
9563,-5.849601745605469
9564,2.2365665435791016
9565,7.499449729919434
9566,-0.5513176918029785
9567,4.327485084533691
9568,8.47286319732666
9569,-5.095372200012207
9570,2.2808752059936523
9571,7.399651527404785
9572,-0.2768380641937256
9573,4.670254707336426
9574,2.682766914367676
9575,-4.863162040710449
9576,3.6328935623168945
9577,1.7353086471557617
9578,-1.2795740365982056
9579,5.053036689758301
9580,5.722786903381348
9581,-4.746428489685059
9582,2.7836532592773438
9583,4.587401390075684
9584,2.8406615257263184
9585,6.334670066833496
9586,8.4783296585083
9587,1.2837891578674316
9588,3.67769718170166
9589,5.822049140930176
9590,9.21235466003418
9591,6.571639060974121
9592,8.598050117492676
9593,1.9398579597473145
9594,3.937504768371582
9595,5.847973823547363
9596,9.853200912475586
9597,6.361811637878418
9598,10.121813774108887
9599,1.1295733451843262
9600,3.5731000900268555
9601,6.936972618103027
9602,9.610715866088867
9603,1.055516242980957
9604,6.601801872253418
9605,-9.733854293823242
9606,0.9364261627197266
9607,6.64388370513916
9608,-10.504969596862793
9609,0.9688882827758789
9610,6.6400651931762695
9611,-10.505118370056152
9612,1.00738525390625
9613,6.640763282775879
9614,-10.507575035095215
9615,0.8177967071533203
9616,6.575383186340332
9617,-10.045249938964844
9618,0.7551469802856445
9619,6.442273139953613
9620,-10.04952621459961
9621,0.7350521087646484
9622,6.405280113220215
9623,-10.05247688293457
9624,1.1580753326416016
9625,6.141846656799316
9626,-12.153032302856445
9627,0.7727088928222656
9628,5.83579158782959
9629,-10.14487361907959
9630,1.3181886672973633
9631,6.38631534576416
9632,-10.116682052612305
9633,1.2040643692016602
9634,6.1856184005737305
9635,-9.536441802978516
9636,3.0000791549682617
9637,5.18819522857666
9638,-11.74981689453125
9639,1.1473703384399414
9640,4.166630744934082
9641,-7.433962345123291
9642,4.606179237365723
9643,6.353619575500488
9644,-8.775081634521484
9645,1.7715959548950195
9646,5.1290998458862305
9647,-2.657853126525879
9648,4.867518424987793
9649,8.412995338439941
9650,-5.615468978881836
9651,1.9122934341430664
9652,6.939038276672363
9653,0.5989344120025635
9654,5.139336585998535
9655,8.731202125549316
9656,-6.22740364074707
9657,1.8911504745483398
9658,7.334158897399902
9659,0.877777099609375
9660,4.796566963195801
9661,8.655438423156738
9662,-6.562032699584961
9663,1.9726552963256836
9664,7.487746238708496
9665,0.07668590545654297
9666,4.648367881774902
9667,8.472458839416504
9668,-5.715321063995361
9669,2.032027244567871
9670,7.397631645202637
9671,0.38687682151794434
9672,4.778594017028809
9673,2.922308921813965
9674,-4.861351490020752
9675,3.653294563293457
9676,2.309994697570801
9677,-1.2803395986557007
9678,5.363770484924316
9679,6.4538679122924805
9680,-3.8264927864074707
9681,3.033492088317871
9682,4.892460823059082
9683,2.72615909576416
9684,6.381218910217285
9685,8.028382301330566
9686,3.740999698638916
9687,4.374785423278809
9688,5.551085472106934
9689,9.584585189819336
9690,6.681769371032715
9691,7.882769584655762
9692,4.579281806945801
9693,4.674248695373535
9694,5.376568794250488
9695,10.369226455688477
9696,6.485775947570801
9697,9.5027437210083
9698,4.45651912689209
9699,4.499070167541504
9700,6.68776798248291
9701,10.425552368164062
9702,1.2624568939208984
9703,7.163186073303223
9704,-13.08425521850586
9705,1.0905570983886719
9706,7.109061241149902
9707,-13.744726181030273
9708,1.1225547790527344
9709,7.093979835510254
9710,-13.744743347167969
9711,1.1577835083007812
9712,7.08101749420166
9713,-13.747846603393555
9714,0.9604463577270508
9715,7.137759208679199
9716,-13.096988677978516
9717,0.926692008972168
9718,7.074990272521973
9719,-13.101648330688477
9720,0.8731374740600586
9721,6.917769432067871
9722,-13.10499382019043
9723,1.3247919082641602
9724,6.470517158508301
9725,-14.635660171508789
9726,0.9340381622314453
9727,6.2878923416137695
9728,-11.77252197265625
9729,1.5035943984985352
9730,6.973780632019043
9731,-13.201528549194336
9732,1.4301939010620117
9733,6.827095985412598
9734,-12.372106552124023
9735,3.1142358779907227
9736,5.347992897033691
9737,-13.845947265625
9738,1.2414684295654297
9739,4.51497745513916
9740,-8.237505912780762
9741,4.801135063171387
9742,6.564791679382324
9743,-12.429603576660156
9744,1.8496971130371094
9745,5.307236671447754
9746,-3.134514808654785
9747,5.3143415451049805
9748,8.70278263092041
9749,-10.134197235107422
9750,2.1125059127807617
9751,6.948782920837402
9752,-0.6070592403411865
9753,5.586915016174316
9754,9.125166893005371
9755,-11.020861625671387
9756,2.0956830978393555
9757,7.317732810974121
9758,-0.3623795509338379
9759,5.322443962097168
9760,9.123473167419434
9761,-11.311254501342773
9762,2.177708625793457
9763,7.452664375305176
9764,-1.2137787342071533
9765,5.18874454498291
9766,8.937121391296387
9767,-10.224508285522461
9768,2.231813430786133
9769,7.378762245178223
9770,-0.8500263690948486
9771,4.8392744064331055
9772,3.356205940246582
9773,-4.913318157196045
9774,3.6914682388305664
9775,3.1447839736938477
9776,-1.2280771732330322
9777,5.513424873352051
9778,6.910576820373535
9779,-4.61384391784668
9780,3.040090560913086
9781,5.4900007247924805
9782,2.7873988151550293
9783,6.547654151916504
9784,7.746405601501465
9785,2.4761462211608887
9786,4.386996269226074
9787,5.60469913482666
9788,9.710063934326172
9789,6.7826642990112305
9790,7.404322624206543
9791,3.219059944152832
9792,4.696358680725098
9793,5.5011091232299805
9794,10.477590560913086
9795,6.840104103088379
9796,9.493264198303223
9797,2.4811019897460938
9798,4.498518943786621
9799,6.817669868469238
9800,10.343999862670898
9801,1.2580652236938477
9802,7.495368003845215
9803,-16.777523040771484
9804,1.136021614074707
9805,7.261420249938965
9806,-17.295080184936523
9807,1.1815290451049805
9808,7.2353620529174805
9809,-17.294675827026367
9810,1.2599220275878906
9811,7.178589820861816
9812,-17.299901962280273
9813,0.9717464447021484
9814,7.307999610900879
9815,-16.63112449645996
9816,0.9439935684204102
9817,7.256718635559082
9818,-16.63580322265625
9819,0.9095087051391602
9820,7.193415641784668
9821,-16.637346267700195
9822,1.4513301849365234
9823,6.493231773376465
9824,-17.212953567504883
9825,1.0475091934204102
9826,6.370623588562012
9827,-14.219869613647461
9828,1.566960334777832
9829,7.252142906188965
9830,-16.511672973632812
9831,1.4281110763549805
9832,7.251107215881348
9833,-15.651182174682617
9834,3.3240556716918945
9835,5.560540199279785
9836,-15.24764633178711
9837,1.2875452041625977
9838,4.926648139953613
9839,-9.706125259399414
9840,5.048901557922363
9841,7.0181474685668945
9842,-13.70347785949707
9843,1.655527114868164
9844,6.644442558288574
9845,-3.770673990249634
9846,5.360215187072754
9847,9.178301811218262
9848,-12.503410339355469
9849,1.3392086029052734
9850,8.117514610290527
9851,-1.0072314739227295
9852,5.567421913146973
9853,9.543843269348145
9854,-13.712339401245117
9855,1.0588598251342773
9856,8.272683143615723
9857,-0.8131248950958252
9858,5.311806678771973
9859,9.504509925842285
9860,-14.121929168701172
9861,1.2442646026611328
9862,8.239336967468262
9863,-1.7251169681549072
9864,5.197112083435059
9865,9.376479148864746
9866,-12.684354782104492
9867,1.4089508056640625
9868,8.231125831604004
9869,-1.2533676624298096
9870,4.9326066970825195
9871,3.7904672622680664
9872,-4.9364094734191895
9873,3.7998170852661133
9874,3.9029626846313477
9875,-1.2086172103881836
9876,5.564631462097168
9877,8.389182090759277
9878,-5.633731842041016
9879,3.5884313583374023
9880,6.296439170837402
9881,2.3675355911254883
9882,7.084000587463379
9883,7.852171897888184
9884,1.9990849494934082
9885,5.107712745666504
9886,5.782509803771973
9887,10.333663940429688
9888,7.2717390060424805
9889,7.53549861907959
9890,2.7891435623168945
9891,5.386296272277832
9892,5.570233345031738
9893,11.17985725402832
9894,7.489441871643066
9895,9.384169578552246
9896,1.8838996887207031
9897,5.384030342102051
9898,6.827536582946777
9899,10.547697067260742
9900,1.2723970413208008
9901,7.497302055358887
9902,-16.46210479736328
9903,1.184950828552246
9904,7.2237138748168945
9905,-16.964391708374023
9906,1.2402057647705078
9907,7.201031684875488
9908,-16.963111877441406
9909,1.342240333557129
9910,7.143254280090332
9911,-16.96670150756836
9912,1.0063095092773438
9913,7.241118431091309
9914,-16.33892059326172
9915,0.9824066162109375
9916,7.195120811462402
9917,-16.344499588012695
9918,0.958308219909668
9919,7.1523942947387695
9920,-16.346933364868164
9921,1.5752592086791992
9922,6.472735404968262
9923,-16.905250549316406
9924,1.1291942596435547
9925,6.370072364807129
9926,-14.09246826171875
9927,1.550917625427246
9928,7.35752010345459
9929,-16.206552505493164
9930,1.424698829650879
9931,7.326895713806152
9932,-15.401681900024414
9933,3.4320878982543945
9934,5.694563865661621
9935,-14.89655876159668
9936,1.3097143173217773
9937,5.217446327209473
9938,-9.796648025512695
9939,5.0250043869018555
9940,7.25789737701416
9941,-13.519477844238281
9942,1.2552862167358398
9943,7.082013130187988
9944,-3.7217838764190674
9945,5.2499189376831055
9946,9.291369438171387
9947,-12.779388427734375
9948,0.8270845413208008
9949,8.40754222869873
9950,-0.07749080657958984
9951,5.472277641296387
9952,9.644488334655762
9953,-13.967750549316406
9954,0.5601167678833008
9955,8.525467872619629
9956,0.16443276405334473
9957,5.211638450622559
9958,9.536055564880371
9959,-14.368764877319336
9960,0.7914657592773438
9961,8.422587394714355
9962,-0.7161703109741211
9963,5.096285820007324
9964,9.422224998474121
9965,-12.960922241210938
9966,0.9594631195068359
9967,8.429953575134277
9968,-0.27025413513183594
9969,5.026785850524902
9970,4.100310325622559
9971,-4.952585220336914
9972,3.981917381286621
9973,4.108773231506348
9974,-1.1888751983642578
9975,5.590943336486816
9976,8.270285606384277
9977,-5.892846584320068
9978,4.1457414627075195
9979,6.328890800476074
9980,2.3814563751220703
9981,7.142580986022949
9982,7.933133125305176
9983,1.891974925994873
9984,5.675963401794434
9985,6.21207332611084
9986,12.556608200073242
9987,7.343440055847168
9988,7.721795082092285
9989,2.683560371398926
9990,5.934670448303223
9991,5.955338478088379
9992,13.501480102539062
9993,7.541260719299316
9994,9.501938819885254
9995,1.5048112869262695
9996,6.02658748626709
9997,7.078677177429199
9998,12.630544662475586
9999,1.2554302215576172
10000,7.8324480056762695
10001,-15.646272659301758
10002,1.256185531616211
10003,7.451676368713379
10004,-16.24287986755371
10005,1.3151416778564453
10006,7.412947654724121
10007,-16.241676330566406
10008,1.3896770477294922
10009,7.36312198638916
10010,-16.245986938476562
10011,1.0626344680786133
10012,7.505108833312988
10013,-15.605390548706055
10014,1.038259506225586
10015,7.464547157287598
10016,-15.610517501831055
10017,1.0161542892456055
10018,7.441546440124512
10019,-15.612276077270508
10020,1.6480293273925781
10021,6.67520809173584
10022,-16.450469970703125
10023,1.1892366409301758
10024,6.664414405822754
10025,-13.592355728149414
10026,1.568338394165039
10027,7.602604866027832
10028,-15.464649200439453
10029,1.4429388046264648
10030,7.598599433898926
10031,-14.643539428710938
10032,3.5722951889038086
10033,5.825423240661621
10034,-14.631229400634766
10035,1.3622045516967773
10036,5.360369682312012
10037,-9.619853019714355
10038,5.156214714050293
10039,7.31619930267334
10040,-13.304866790771484
10041,1.164473533630371
10042,7.1791276931762695
10043,-3.7939035892486572
10044,5.302069664001465
10045,9.392241477966309
10046,-12.072103500366211
10047,0.643031120300293
10048,8.58586597442627
10049,-0.5876104831695557
10050,5.5027055740356445
10051,9.80226993560791
10052,-13.174726486206055
10053,0.4648160934448242
10054,8.606667518615723
10055,-0.40035247802734375
10056,5.228959083557129
10057,9.65145206451416
10058,-13.44969367980957
10059,0.5673818588256836
10060,8.60167407989502
10061,-1.2764045000076294
10062,5.115687370300293
10063,9.512595176696777
10064,-12.200532913208008
10065,0.7741022109985352
10066,8.640852928161621
10067,-0.8030970096588135
10068,5.140824317932129
10069,4.559016227722168
10070,-4.977265357971191
10071,4.131939888000488
10072,4.448723793029785
10073,-1.164063572883606
10074,5.548718452453613
10075,8.803339958190918
10076,-4.798335552215576
10077,4.487090110778809
10078,6.737961769104004
10079,2.6126275062561035
10080,7.159430503845215
10081,8.213255882263184
10082,3.857822895050049
10083,6.34073543548584
10084,6.620760917663574
10085,11.622503280639648
10086,7.357129096984863
10087,7.827775001525879
10088,4.764343738555908
10089,6.641531944274902
10090,6.275444984436035
10091,12.502681732177734
10092,7.580327033996582
10093,9.320231437683105
10094,4.564065933227539
10095,6.79434871673584
10096,7.64383602142334
10097,11.992094039916992
10098,1.346933364868164
10099,7.8290300369262695
10100,-16.52165985107422
10101,1.3732223510742188
10102,7.443177223205566
10103,-16.933048248291016
10104,1.4737558364868164
10105,7.381804466247559
10106,-16.93254280090332
10107,1.5485553741455078
10108,7.330645561218262
10109,-16.937597274780273
10110,1.2036209106445312
10111,7.4846696853637695
10112,-16.35240936279297
10113,1.131627082824707
10114,7.472504615783691
10115,-16.356840133666992
10116,1.104538917541504
10117,7.452179908752441
10118,-16.358530044555664
10119,1.795058250427246
10120,6.647768974304199
10121,-16.53196907043457
10122,1.316624641418457
10123,6.742730140686035
10124,-13.912185668945312
10125,1.706038475036621
10126,7.633427619934082
10127,-16.144451141357422
10128,1.491257667541504
10129,7.687962532043457
10130,-15.39000129699707
10131,3.667769432067871
10132,5.927838325500488
10133,-14.621585845947266
10134,1.4572877883911133
10135,5.618287086486816
10136,-9.830299377441406
10137,5.358477592468262
10138,7.404616355895996
10139,-14.51572036743164
10140,1.3018627166748047
10141,7.398032188415527
10142,-5.32370662689209
10143,5.379942893981934
10144,10.005576133728027
10145,-14.977598190307617
10146,0.8969535827636719
10147,8.671610832214355
10148,-3.608246326446533
10149,5.491641044616699
10150,10.587872505187988
10151,-16.37204933166504
10152,0.5256328582763672
10153,8.58874797821045
10154,-3.6381564140319824
10155,5.185425758361816
10156,10.378544807434082
10157,-16.366708755493164
10158,0.8056917190551758
10159,8.726727485656738
10160,-4.526691436767578
10161,5.107146263122559
10162,10.19123363494873
10163,-15.071821212768555
10164,1.0314674377441406
10165,8.797192573547363
10166,-3.8795504570007324
10167,5.264342308044434
10168,4.837903022766113
10169,-4.944354057312012
10170,4.275111198425293
10171,4.773421287536621
10172,-1.196973443031311
10173,5.294445991516113
10174,8.954075813293457
10175,-5.654974937438965
10176,4.359236717224121
10177,6.987881660461426
10178,0.8741936683654785
10179,7.1452836990356445
10180,8.468716621398926
10181,2.3044233322143555
10182,6.360730171203613
10183,7.0551347732543945
10184,8.677040100097656
10185,7.135552406311035
10186,7.896878242492676
10187,3.1128134727478027
10188,6.6637678146362305
10189,6.745236396789551
10190,9.452693939208984
10191,7.478730201721191
10192,9.422295570373535
10193,2.631483554840088
10194,6.962676048278809
10195,8.118103981018066
10196,8.649471282958984
10197,1.311370849609375
10198,7.696518898010254
10199,-14.91358757019043
10200,1.3980436325073242
10201,7.317763328552246
10202,-15.317573547363281
10203,1.4864606857299805
10204,7.267947196960449
10205,-15.316951751708984
10206,1.597580909729004
10207,7.221255302429199
10208,-15.321916580200195
10209,1.206334114074707
10210,7.336432456970215
10211,-14.787477493286133
10212,1.1638298034667969
10213,7.309348106384277
10214,-14.79168701171875
10215,1.1413354873657227
10216,7.270371437072754
10217,-14.793096542358398
10218,1.8907203674316406
10219,6.581841468811035
10220,-14.96474838256836
10221,1.3540706634521484
10222,6.6390180587768555
10223,-12.596975326538086
10224,1.6785383224487305
10225,7.59799861907959
10226,-14.536624908447266
10227,1.451247215270996
10228,7.640870094299316
10229,-13.85394287109375
10230,3.671126365661621
10231,6.100693702697754
10232,-14.226381301879883
10233,1.5693597793579102
10234,5.695059776306152
10235,-8.883561134338379
10236,5.4310197830200195
10237,7.523728370666504
10238,-12.53958511352539
10239,1.3987503051757812
10240,7.3257341384887695
10241,-4.2506561279296875
10242,5.659773826599121
10243,10.089520454406738
10244,-11.970174789428711
10245,0.9293479919433594
10246,8.527764320373535
10247,-1.546980857849121
10248,5.773558616638184
10249,10.587149620056152
10250,-13.014204025268555
10251,0.6832399368286133
10252,8.458910942077637
10253,-1.1993366479873657
10254,5.533482551574707
10255,10.432955741882324
10256,-13.034404754638672
10257,0.942047119140625
10258,8.712960243225098
10259,-2.100158214569092
10260,5.458460807800293
10261,10.281540870666504
10262,-12.024364471435547
10263,1.1549463272094727
10264,8.783764839172363
10265,-1.7646291255950928
10266,5.3926591873168945
10267,5.007950782775879
10268,-4.777535438537598
10269,4.4768171310424805
10270,5.118197441101074
10271,-1.3634815216064453
10272,4.742880821228027
10273,9.370659828186035
10274,-8.007583618164062
10275,4.345416069030762
10276,8.17638111114502
10277,-3.139230728149414
10278,6.846564292907715
10279,8.667685508728027
10280,-1.4084420204162598
10281,6.750674247741699
10282,8.321173667907715
10283,2.325390338897705
10284,6.916129112243652
10285,7.976561546325684
10286,-0.6766870021820068
10287,6.994198799133301
10288,7.377554893493652
10289,2.877500057220459
10290,7.432541847229004
10291,9.446213722229004
10292,-0.41522645950317383
10293,7.5411882400512695
10294,8.969813346862793
10295,2.1483445167541504
10296,1.4942970275878906
10297,7.595461845397949
10298,-16.946517944335938
10299,1.5776433944702148
10300,7.229926109313965
10301,-17.266342163085938
10302,1.7188920974731445
10303,7.1911115646362305
10304,-17.266164779663086
10305,1.8027915954589844
10306,7.158829689025879
10307,-17.27173614501953
10308,1.3932418823242188
10309,7.235198020935059
10310,-16.807409286499023
10311,1.3547754287719727
10312,7.205929756164551
10313,-16.8115177154541
10314,1.2713518142700195
10315,7.181855201721191
10316,-16.81291389465332
10317,2.0887374877929688
10318,6.525557518005371
10319,-16.43186378479004
10320,1.5262556076049805
10321,6.612065315246582
10322,-14.37759780883789
10323,1.8397397994995117
10324,7.565146446228027
10325,-16.407146453857422
10326,1.6394014358520508
10327,7.612832069396973
10328,-15.815418243408203
10329,3.8606863021850586
10330,6.123888969421387
10331,-14.328113555908203
10332,1.6716184616088867
10333,5.727204322814941
10334,-10.551494598388672
10335,5.6026811599731445
10336,7.646092414855957
10337,-13.693727493286133
10338,1.202775001525879
10339,7.47293758392334
10340,-6.791322708129883
10341,5.731640815734863
10342,10.137412071228027
10343,-13.734189987182617
10344,0.7265348434448242
10345,8.326014518737793
10346,-5.024913787841797
10347,5.898837089538574
10348,10.61120319366455
10349,-14.983055114746094
10350,0.3927755355834961
10351,8.359932899475098
10352,-5.0237812995910645
10353,5.646939277648926
10354,10.43814754486084
10355,-14.997453689575195
10356,0.6421270370483398
10357,8.585749626159668
10358,-5.779086589813232
10359,5.545550346374512
10360,10.268895149230957
10361,-13.819906234741211
10362,0.8583202362060547
10363,8.556057929992676
10364,-5.223381042480469
10365,5.452376365661621
10366,5.078577995300293
10367,-4.692928314208984
10368,4.4387407302856445
10369,5.018284797668457
10370,-1.4487686157226562
10371,4.993075370788574
10372,8.81037425994873
10373,-5.374039649963379
10374,4.1827592849731445
10375,7.3786821365356445
10376,0.24923467636108398
10377,6.950762748718262
10378,8.65039348602295
10379,2.6826982498168945
10380,6.067807197570801
10381,7.734238624572754
10382,5.860337734222412
10383,7.065669059753418
10384,8.005820274353027
10385,3.519101142883301
10386,6.351466178894043
10387,7.254839897155762
10388,7.197394847869873
10389,7.517594337463379
10390,9.459687232971191
10391,3.4171862602233887
10392,6.539641380310059
10393,8.698880195617676
10394,7.752086162567139
10395,1.6465463638305664
10396,7.693442344665527
10397,-17.486997604370117
10398,1.7899351119995117
10399,7.24648380279541
10400,-17.688186645507812
10401,1.8837862014770508
10402,7.159270286560059
10403,-17.687923431396484
10404,1.962275505065918
10405,7.1155805587768555
10406,-17.693416595458984
10407,1.5443601608276367
10408,7.319483757019043
10409,-17.250898361206055
10410,1.5037717819213867
10411,7.297812461853027
10412,-17.25482749938965
10413,1.4593563079833984
10414,7.282317161560059
10415,-17.256181716918945
10416,2.251680374145508
10417,6.524483680725098
10418,-16.409456253051758
10419,1.7205915451049805
10420,6.545809745788574
10421,-14.464502334594727
10422,2.068781852722168
10423,7.592005729675293
10424,-16.79242706298828
10425,1.787816047668457
10426,7.6955366134643555
10427,-16.23206329345703
10428,4.013211250305176
10429,6.27871036529541
10430,-14.212301254272461
10431,1.8046321868896484
10432,5.869519233703613
10433,-10.052680969238281
10434,5.661921501159668
10435,8.022309303283691
10436,-13.639842987060547
10437,1.304865837097168
10438,7.787158012390137
10439,-5.9522600173950195
10440,5.867430686950684
10441,10.335001945495605
10442,-13.909900665283203
10443,0.8595762252807617
10444,8.631630897521973
10445,-4.152480602264404
10446,6.039870262145996
10447,10.756632804870605
10448,-15.123893737792969
10449,0.5318622589111328
10450,8.571476936340332
10451,-4.007815837860107
10452,5.803999900817871
10453,10.593583106994629
10454,-15.192073822021484
10455,0.8169851303100586
10456,8.67389965057373
10457,-4.823365688323975
10458,5.696089744567871
10459,10.42986011505127
10460,-14.00857925415039
10461,1.0209636688232422
10462,8.737332344055176
10463,-4.364604473114014
10464,5.525071144104004
10465,5.154662132263184
10466,-4.686024188995361
10467,4.560986518859863
10468,5.182595252990723
10469,-1.4573575258255005
10470,5.030398368835449
10471,8.92784595489502
10472,-6.811249732971191
10473,4.252375602722168
10474,7.602211952209473
10475,-1.1317765712738037
10476,7.029868125915527
10477,8.664698600769043
10478,1.100278377532959
10479,6.464940071105957
10480,8.192538261413574
10481,5.168435573577881
10482,7.075892448425293
10483,7.889500617980957
10484,2.0237326622009277
10485,6.727972984313965
10486,7.490317344665527
10487,5.850546360015869
10488,7.637389183044434
10489,9.517655372619629
10490,2.1796298027038574
10491,7.033743858337402
10492,8.96889591217041
10493,5.299000263214111
10494,1.7283859252929688
10495,7.814858436584473
10496,-16.99509048461914
10497,1.8679189682006836
10498,7.362870216369629
10499,-17.36934471130371
10500,1.9513893127441406
10501,7.291447639465332
10502,-17.36888313293457
10503,2.0713510513305664
10504,7.22060489654541
10505,-17.373092651367188
10506,1.6204643249511719
10507,7.443346977233887
10508,-16.92853355407715
10509,1.5775861740112305
10510,7.347077369689941
10511,-16.933324813842773
10512,1.5434589385986328
10513,7.317534446716309
10514,-16.935195922851562
10515,2.351634979248047
10516,6.647143363952637
10517,-16.60778045654297
10518,1.7530765533447266
10519,6.658408164978027
10520,-14.643686294555664
10521,2.145078659057617
10522,7.6728315353393555
10523,-16.470584869384766
10524,1.8747787475585938
10525,7.759657859802246
10526,-15.908487319946289
10527,4.104187965393066
10528,6.374743461608887
10529,-14.204742431640625
10530,1.8454713821411133
10531,5.6693220138549805
10532,-10.872559547424316
10533,5.826981544494629
10534,7.9740705490112305
10535,-12.801618576049805
10536,1.311915397644043
10537,7.303570747375488
10538,-6.478943824768066
10539,5.625594139099121
10540,10.057101249694824
10541,-12.033868789672852
10542,0.7352733612060547
10543,8.469212532043457
10544,-4.6748199462890625
10545,5.805678367614746
10546,10.485671043395996
10547,-13.140533447265625
10548,0.33162784576416016
10549,8.519124031066895
10550,-4.858863830566406
10551,5.539423942565918
10552,10.28659725189209
10553,-13.409061431884766
10554,0.6472415924072266
10555,8.598868370056152
10556,-5.625938892364502
10557,5.423262596130371
10558,10.116072654724121
10559,-12.179315567016602
10560,0.8592939376831055
10561,8.66187572479248
10562,-4.887426376342773
10563,5.560576438903809
10564,5.183505058288574
10565,-4.6505961418151855
10566,4.532050132751465
10567,4.917731285095215
10568,-1.491653561592102
10569,5.493588447570801
10570,8.513411521911621
10571,-2.4800615310668945
10572,4.421074867248535
10573,7.064078330993652
10574,2.7303924560546875
10575,7.026669502258301
10576,8.2974214553833
10577,6.990193843841553
10578,6.012207984924316
10579,7.980887413024902
10580,12.082344055175781
10581,7.076947212219238
10582,7.6958513259887695
10583,7.996545314788818
10584,6.284052848815918
10585,7.341078758239746
10586,13.08298110961914
10587,7.604039192199707
10588,9.371813774108887
10589,7.977591037750244
10590,6.353428840637207
10591,8.793890953063965
10592,13.052600860595703
10593,1.7770376205444336
10594,7.697020530700684
10595,-15.658700942993164
10596,1.8420886993408203
10597,7.303414344787598
10598,-16.062368392944336
10599,1.918966293334961
10600,7.244622230529785
10601,-16.061443328857422
10602,2.051168441772461
10603,7.177727699279785
10604,-16.066116333007812
10605,1.6226520538330078
10606,7.358616828918457
10607,-15.562917709350586
10608,1.591878890991211
10609,7.288088798522949
10610,-15.567996978759766
10611,1.5678520202636719
10612,7.255694389343262
10613,-15.56971549987793
10614,2.3626880645751953
10615,6.644564628601074
10616,-15.661495208740234
10617,1.8295049667358398
10618,6.654427528381348
10619,-13.445520401000977
10620,2.1335878372192383
10621,7.624533653259277
10622,-15.275362014770508
10623,1.8674392700195312
10624,7.651827812194824
10625,-14.6304931640625
10626,4.053519248962402
10627,6.374865531921387
10628,-13.83090591430664
10629,1.9563093185424805
10630,5.632903099060059
10631,-9.79633617401123
10632,5.5832929611206055
10633,8.125182151794434
10634,-12.577903747558594
10635,1.2745542526245117
10636,7.357394218444824
10637,-5.517228603363037
10638,5.487748146057129
10639,9.915425300598145
10640,-11.508203506469727
10641,0.6011857986450195
10642,8.314669609069824
10643,-3.681408166885376
10644,5.66825008392334
10645,10.308749198913574
10646,-12.72249984741211
10647,0.23717975616455078
10648,8.456831932067871
10649,-3.665776252746582
10650,5.3938398361206055
10651,10.110941886901855
10652,-12.601215362548828
10653,0.45564937591552734
10654,8.266098976135254
10655,-4.484574317932129
10656,5.281241416931152
10657,9.941248893737793
10658,-11.532817840576172
10659,0.6630411148071289
10660,8.471013069152832
10661,-3.904320240020752
10662,5.695599555969238
10663,5.2309160232543945
10664,-4.680747032165527
10665,4.67488956451416
10666,4.927355766296387
10667,-1.461559772491455
10668,5.469620704650879
10669,8.870245933532715
10670,-6.257933616638184
10671,4.433518409729004
10672,7.061734199523926
10673,0.539832353591919
10674,7.148188591003418
10675,8.423571586608887
10676,3.7093911170959473
10677,6.359675407409668
10678,7.709053993225098
10679,7.714979648590088
10680,7.2298688888549805
10681,7.702858924865723
10682,5.5562663078308105
10683,6.673159599304199
10684,7.349808692932129
10685,8.45248794555664
10686,7.856875419616699
10687,9.371964454650879
10688,3.6792778968811035
10689,6.895268440246582
10690,8.692048072814941
10691,8.285493850708008
10692,1.8896942138671875
10693,7.612317085266113
10694,-15.996204376220703
10695,1.9623966217041016
10696,7.258120536804199
10697,-16.357044219970703
10698,2.0442047119140625
10699,7.204306602478027
10700,-16.35602378845215
10701,2.188748359680176
10702,7.142912864685059
10703,-16.360698699951172
10704,1.713475227355957
10705,7.291806221008301
10706,-15.855937957763672
10707,1.6806449890136719
10708,7.229142189025879
10709,-15.861141204833984
10710,1.6547069549560547
10711,7.1888322830200195
10712,-15.863096237182617
10713,2.477644920349121
10714,6.605118751525879
10715,-15.765851974487305
10716,1.8890419006347656
10717,6.631594657897949
10718,-13.516469955444336
10719,2.2292795181274414
10720,7.535113334655762
10721,-15.554410934448242
10722,2.011270523071289
10723,7.580277442932129
10724,-14.906967163085938
10725,4.136811256408691
10726,6.28792667388916
10727,-13.688106536865234
10728,1.9963722229003906
10729,5.623623847961426
10730,-9.797466278076172
10731,5.659111976623535
10732,7.967196464538574
10733,-12.257064819335938
10734,1.3508787155151367
10735,7.359976768493652
10736,-5.828790664672852
10737,5.457119941711426
10738,9.798735618591309
10739,-11.044143676757812
10740,0.7607603073120117
10741,8.284857749938965
10742,-4.475622177124023
10743,5.650298118591309
10744,10.288065910339355
10745,-12.10728645324707
10746,0.4865398406982422
10747,8.399012565612793
10748,-4.544748783111572
10749,5.376507759094238
10750,9.95704174041748
10751,-12.244327545166016
10752,0.7143125534057617
10753,8.253289222717285
10754,-5.381147384643555
10755,5.267777442932129
10756,9.780762672424316
10757,-11.140893936157227
10758,0.8915376663208008
10759,8.409462928771973
10760,-4.713870048522949
10761,5.775721549987793
10762,5.1558732986450195
10763,-4.701032638549805
10764,4.745932579040527
10765,5.012545585632324
10766,-1.4407985210418701
10767,5.475869178771973
10768,8.96972942352295
10769,-7.1769232749938965
10770,4.3620195388793945
10771,7.265509605407715
10772,-0.5098683834075928
10773,7.1347150802612305
10774,8.33304500579834
10775,3.201221466064453
10776,6.331324577331543
10777,7.58896541595459
10778,6.568098545074463
10779,7.228085517883301
10780,7.687172889709473
10781,3.9186768531799316
10782,6.640616416931152
10783,7.299269676208496
10784,7.29381799697876
10785,7.769289970397949
10786,9.330491065979004
10787,2.6406517028808594
10788,6.896513938903809
10789,8.607237815856934
10790,6.993454456329346
10791,1.8764238357543945
10792,7.601914405822754
10793,-14.696342468261719
10794,1.998204231262207
10795,7.224875450134277
10796,-15.173433303833008
10797,2.085796356201172
10798,7.174904823303223
10799,-15.172582626342773
10800,2.1839094161987305
10801,7.120068550109863
10802,-15.176679611206055
10803,1.7599267959594727
10804,7.242636680603027
10805,-14.680868148803711
10806,1.7290868759155273
10807,7.182822227478027
10808,-14.685726165771484
10809,1.7066459655761719
10810,7.13295841217041
10811,-14.687679290771484
10812,2.5225210189819336
10813,6.577395439147949
10814,-15.272087097167969
10815,1.9379749298095703
10816,6.581578254699707
10817,-13.045299530029297
10818,2.254916191101074
10819,7.538962364196777
10820,-14.465726852416992
10821,1.9912919998168945
10822,7.576472282409668
10823,-13.826383590698242
10824,4.240321159362793
10825,6.350323677062988
10826,-12.875293731689453
10827,2.06026554107666
10828,5.53090763092041
10829,-9.421116828918457
10830,5.613106727600098
10831,7.982556343078613
10832,-10.872025489807129
10833,1.4010906219482422
10834,7.140168190002441
10835,-5.345074653625488
10836,5.405106544494629
10837,9.716584205627441
10838,-9.210078239440918
10839,0.8190927505493164
10840,8.211260795593262
10841,-3.7348527908325195
10842,5.5782060623168945
10843,10.21806812286377
10844,-10.08648681640625
10845,0.5190801620483398
10846,8.368401527404785
10847,-3.7204344272613525
10848,5.303685188293457
10849,9.772089958190918
10850,-10.37308120727539
10851,0.7799453735351562
10852,8.20084285736084
10853,-4.55696439743042
10854,5.19858455657959
10855,9.633780479431152
10856,-9.345952987670898
10857,0.9667825698852539
10858,8.390934944152832
10859,-3.9713590145111084
10860,5.908263206481934
10861,5.277377128601074
10862,-4.64013671875
10863,4.879925727844238
10864,4.901608467102051
10865,-1.5025770664215088
10866,5.467207908630371
10867,9.00727367401123
10868,-6.677516937255859
10869,4.533663749694824
10870,7.1140031814575195
10871,0.18079137802124023
10872,7.1729326248168945
10873,8.3073091506958
10874,2.2511963844299316
10875,6.491753578186035
10876,7.500672340393066
10877,6.941136837005615
10878,7.303292274475098
10879,7.710749626159668
10880,2.9998178482055664
10881,6.804076194763184
10882,7.2594499588012695
10883,7.655421733856201
10884,7.838423728942871
10885,9.319388389587402
10886,2.960355758666992
10887,7.010113716125488
10888,8.57314395904541
10889,7.591959476470947
