,0
0,-1.7836923599243164
1,-3.951117515563965
2,9.106733322143555
3,-1.385148048400879
4,-4.148892402648926
5,8.737798690795898
6,-1.3150644302368164
7,-4.159432411193848
8,8.736167907714844
9,-1.2047128677368164
10,-4.170717239379883
11,8.731327056884766
12,-1.4385690689086914
13,-4.144750595092773
14,10.251365661621094
15,-1.3925952911376953
16,-4.151447296142578
17,10.25094985961914
18,-1.349879264831543
19,-4.155937194824219
20,10.250497817993164
21,-0.7351560592651367
22,-4.0914411544799805
23,6.42715311050415
24,-0.8726682662963867
25,-4.012698173522949
26,13.171831130981445
27,-1.6089000701904297
28,-3.7992725372314453
29,8.145553588867188
30,-1.7004156112670898
31,-3.787144660949707
32,10.085996627807617
33,-0.5070638656616211
34,-3.6373395919799805
35,-0.7633543014526367
36,-0.69464111328125
37,-2.7577409744262695
38,14.667366027832031
39,-2.3810510635375977
40,-5.291853904724121
41,-3.5763187408447266
42,-0.8096542358398438
43,-2.5426101684570312
44,22.79592514038086
45,-4.132558822631836
46,-7.169921875
47,1.595186710357666
48,-2.1947479248046875
49,-3.157825469970703
50,29.493574142456055
51,-4.118287086486816
52,-7.4711456298828125
53,1.5265049934387207
54,-2.293185234069824
55,-3.290011405944824
56,30.816160202026367
57,-4.260530471801758
58,-7.419960021972656
59,2.0005850791931152
60,-2.2930355072021484
61,-3.389881134033203
62,30.203298568725586
63,-4.1941328048706055
64,-7.230232238769531
65,2.0002427101135254
66,-2.381723403930664
67,-3.354783058166504
68,29.353147506713867
69,0.00185394287109375
70,-0.3176450729370117
71,-10.104581832885742
72,0.0
73,0.0
74,0.0
75,0.507568359375
76,3.027621269226074
77,-15.045854568481445
78,0.45592308044433594
79,3.088902473449707
80,-4.0519118309021
81,1.8078317642211914
82,6.442658424377441
83,-20.497406005859375
84,1.624190330505371
85,6.180968284606934
86,-7.504587650299072
87,2.606869697570801
88,7.020113945007324
89,-21.13372802734375
90,2.326674461364746
91,6.7835283279418945
92,-8.085630416870117
93,-1.5576953887939453
94,7.252646446228027
95,-26.056724548339844
96,-1.2210397720336914
97,7.030396461486816
98,-10.885951042175293
99,-1.6963748931884766
100,-3.9577856063842773
101,7.384210109710693
102,-1.3150644302368164
103,-4.157015800476074
104,7.159556865692139
105,-1.22894287109375
106,-4.168855667114258
107,7.159364223480225
108,-1.121938705444336
109,-4.180765151977539
110,7.157637119293213
111,-1.4096088409423828
112,-4.1478776931762695
113,8.435396194458008
114,-1.380732536315918
115,-4.152609825134277
116,8.434093475341797
117,-1.346238136291504
118,-4.156088829040527
119,8.433830261230469
120,-0.6771383285522461
121,-4.1145219802856445
122,5.583625316619873
123,-0.8766679763793945
124,-4.014106750488281
125,11.244436264038086
126,-1.5267410278320312
127,-3.8025598526000977
128,6.702601909637451
129,-1.6429462432861328
130,-3.787114143371582
131,8.325315475463867
132,-0.31084537506103516
133,-3.685030937194824
134,-1.8983352184295654
135,-0.6768112182617188
136,-2.75919246673584
137,13.396781921386719
138,-2.3808984756469727
139,-5.512048721313477
140,-6.425780296325684
141,-0.83209228515625
142,-2.0987749099731445
143,20.520463943481445
144,-4.12928581237793
145,-7.17997407913208
146,-3.032111644744873
147,-2.3347692489624023
148,-1.9191036224365234
149,26.330886840820312
150,-4.12331485748291
151,-7.522976875305176
152,-3.424370527267456
153,-2.550678253173828
154,-1.832106590270996
155,27.572969436645508
156,-4.268766403198242
157,-7.494807243347168
158,-2.896599531173706
159,-2.548773765563965
160,-1.8903417587280273
161,26.864540100097656
162,-4.193731307983398
163,-7.294008255004883
164,-2.722144842147827
165,-2.5645666122436523
166,-1.928567886352539
167,26.099510192871094
168,0.15388774871826172
169,-0.27689170837402344
170,-10.013106346130371
171,0.0303955078125
172,0.040299415588378906
173,-0.09316062927246094
174,0.5235414505004883
175,3.0584325790405273
176,-15.006454467773438
177,0.42969703674316406
178,3.0847959518432617
179,-3.9123520851135254
180,1.803980827331543
181,6.414368629455566
182,-20.19284439086914
183,1.6280508041381836
184,6.127017021179199
185,-7.216280937194824
186,2.6062231063842773
187,6.984623908996582
188,-20.81294822692871
189,2.3432493209838867
190,6.72208309173584
191,-7.832852363586426
192,-1.514272689819336
193,7.243868827819824
194,-25.646394729614258
195,-1.2150382995605469
196,6.986689567565918
197,-10.677186965942383
198,-1.696608543395996
199,-3.9262266159057617
200,8.481599807739258
201,-1.318222999572754
202,-4.133342742919922
203,7.945886135101318
204,-1.2317314147949219
205,-4.1488189697265625
206,7.945057392120361
207,-1.1283292770385742
208,-4.163442611694336
209,7.941268444061279
210,-1.413376808166504
211,-4.117156028747559
212,9.526838302612305
213,-1.3863000869750977
214,-4.120241165161133
215,9.52548599243164
216,-1.3535375595092773
217,-4.12192440032959
218,9.523216247558594
219,-0.6772823333740234
220,-4.112184524536133
221,5.662680149078369
222,-0.8791084289550781
223,-4.007379531860352
224,12.134187698364258
225,-1.527256965637207
226,-3.775094985961914
227,7.440425395965576
228,-1.6430473327636719
229,-3.750565528869629
230,9.439794540405273
231,-0.2845172882080078
232,-3.680459976196289
233,-1.6736693382263184
234,-0.6630268096923828
235,-2.7637481689453125
236,14.810113906860352
237,-2.406498908996582
238,-5.342623710632324
239,-2.3801069259643555
240,-1.0131759643554688
241,-2.7103824615478516
242,23.619779586791992
243,-4.130525588989258
244,-6.840649604797363
245,6.8675665855407715
246,-2.948502540588379
247,-3.7683324813842773
248,30.757097244262695
249,-4.269768714904785
250,-7.233936309814453
251,7.38705587387085
252,-3.269794464111328
253,-4.022792816162109
254,31.87642478942871
255,-4.339990615844727
256,-7.112845420837402
257,7.561583042144775
258,-3.137666702270508
259,-4.106236457824707
260,31.569108963012695
261,-4.214839935302734
262,-6.920252799987793
263,7.262233257293701
264,-3.0954771041870117
265,-4.050681114196777
266,30.616971969604492
267,0.18251419067382812
268,-0.25585079193115234
269,-10.04547119140625
270,0.10439300537109375
271,0.059566497802734375
272,-0.061641693115234375
273,0.5289545059204102
274,3.0627012252807617
275,-15.005725860595703
276,0.44189929962158203
277,3.0925817489624023
278,-3.9209256172180176
279,1.7925958633422852
280,6.413359642028809
281,-20.19344139099121
282,1.6198930740356445
283,6.142767906188965
284,-7.927040100097656
285,2.5977296829223633
286,6.978396415710449
287,-20.81334686279297
288,2.3457956314086914
289,6.722540855407715
290,-8.600811004638672
291,-1.5131158828735352
292,7.23598575592041
293,-25.560333251953125
294,-1.2254362106323242
295,6.987030982971191
296,-11.446661949157715
297,-1.7199621200561523
298,-3.919131278991699
299,8.40252685546875
300,-1.351628303527832
301,-4.126618385314941
302,7.84928560256958
303,-1.2647924423217773
304,-4.143298149108887
305,7.848292827606201
306,-1.1691255569458008
307,-4.158935546875
308,7.843381404876709
309,-1.4637470245361328
310,-4.10684871673584
311,9.437021255493164
312,-1.4320011138916016
313,-4.10952091217041
314,9.435922622680664
315,-1.4062223434448242
316,-4.110662460327148
317,9.433948516845703
318,-0.7055168151855469
319,-4.111101150512695
320,5.495007038116455
321,-0.944976806640625
322,-4.006682395935059
323,12.202981948852539
324,-1.5498027801513672
325,-3.770350456237793
326,7.440125942230225
327,-1.6669721603393555
328,-3.74300479888916
329,9.438932418823242
330,-0.2670173645019531
331,-3.643853187561035
332,-1.5008716583251953
333,-0.6839609146118164
334,-2.7682008743286133
335,14.988126754760742
336,-2.2934837341308594
337,-5.100090026855469
338,-0.26580190658569336
339,-1.2251825332641602
340,-2.90966796875
341,24.3461856842041
342,-3.5583839416503906
343,-6.545436859130859
344,10.891290664672852
345,-3.4240589141845703
346,-4.043198585510254
347,32.621341705322266
348,-3.86905574798584
349,-6.938726425170898
350,11.965864181518555
351,-3.860964775085449
352,-4.286568641662598
353,34.100067138671875
354,-3.846813201904297
355,-6.820679664611816
356,11.794242858886719
357,-3.664905548095703
358,-4.363304138183594
359,33.72655487060547
360,-3.656619071960449
361,-6.635353088378906
362,11.219274520874023
363,-3.5772199630737305
364,-4.298712730407715
365,32.502933502197266
366,0.2233724594116211
367,-0.22238445281982422
368,-10.179878234863281
369,0.11017608642578125
370,0.1241769790649414
371,0.07387495040893555
372,0.5292835235595703
373,3.0619707107543945
374,-15.128765106201172
375,0.4423656463623047
376,3.0972986221313477
377,-3.9224116802215576
378,1.7722539901733398
379,6.4085588455200195
380,-20.200754165649414
381,1.613814353942871
382,6.149859428405762
383,-8.069816589355469
384,2.5851564407348633
385,6.952393531799316
386,-20.82203483581543
387,2.3484487533569336
388,6.723040580749512
389,-8.733593940734863
390,-1.5104265213012695
391,7.205388069152832
392,-25.563236236572266
393,-1.2346277236938477
394,6.989800453186035
395,-11.613296508789062
396,-1.8750133514404297
397,-3.9194116592407227
398,3.9246115684509277
399,-1.561502456665039
400,-4.127690315246582
401,3.039100170135498
402,-1.4808731079101562
403,-4.145265579223633
404,3.036914348602295
405,-1.4029760360717773
406,-4.162123680114746
407,3.0345797538757324
408,-1.6429681777954102
409,-4.106980323791504
410,4.808459758758545
411,-1.608017921447754
412,-4.109706878662109
413,4.8078532218933105
414,-1.5762252807617188
415,-4.110801696777344
416,4.805311679840088
417,-0.8689174652099609
418,-4.129878997802734
419,-0.04374361038208008
420,-1.0766878128051758
421,-4.016548156738281
422,7.839399814605713
423,-1.679621696472168
424,-3.7706785202026367
425,2.856964588165283
426,-1.7708854675292969
427,-3.7432861328125
428,5.128777980804443
429,-0.26868438720703125
430,-3.6533727645874023
431,-6.746555328369141
432,-0.6600513458251953
433,-2.8519697189331055
434,11.153217315673828
435,-2.5513744354248047
436,-4.910473823547363
437,-8.425414085388184
438,-1.1363048553466797
439,-2.5282888412475586
440,18.845855712890625
441,-5.200125694274902
442,-6.172163963317871
443,1.3365373611450195
444,-2.9890480041503906
445,-2.672469139099121
446,23.919267654418945
447,-5.513609886169434
448,-6.406399726867676
449,1.4565982818603516
450,-3.3700504302978516
451,-2.644021987915039
452,24.969484329223633
453,-5.282977104187012
454,-6.2839555740356445
455,1.6002111434936523
456,-3.1783981323242188
457,-2.751786231994629
458,24.016340255737305
459,-4.9590559005737305
460,-6.117258071899414
461,1.6847929954528809
462,-3.1128883361816406
463,-2.777533531188965
464,23.520771026611328
465,0.2852926254272461
466,-0.2095661163330078
467,-10.458097457885742
468,0.17379474639892578
469,0.14742660522460938
470,0.3519248962402344
471,0.529322624206543
472,3.0583410263061523
473,-15.270586013793945
474,0.44235706329345703
475,3.0970582962036133
476,-3.5064268112182617
477,1.7452459335327148
478,6.402840614318848
479,-20.204280853271484
480,1.6138429641723633
481,6.140440940856934
482,-7.485742568969727
483,2.5734643936157227
484,6.94071102142334
485,-20.821714401245117
486,2.350325584411621
487,6.721280097961426
488,-8.126642227172852
489,-1.5032176971435547
490,7.180691719055176
491,-25.399288177490234
492,-1.2342214584350586
493,6.948395729064941
494,-11.085622787475586
495,-1.9285993576049805
496,-3.9083662033081055
497,4.779601573944092
498,-1.6275711059570312
499,-4.124715805053711
500,3.9463953971862793
501,-1.5503664016723633
502,-4.143338203430176
503,3.9444994926452637
504,-1.4789667129516602
505,-4.160923957824707
506,3.941439151763916
507,-1.6926326751708984
508,-4.101932525634766
509,5.67815637588501
510,-1.6555747985839844
511,-4.104560852050781
512,5.6777424812316895
513,-1.6205215454101562
514,-4.105608940124512
515,5.676147937774658
516,-0.9285106658935547
517,-4.130100250244141
518,0.7723803520202637
519,-1.1172075271606445
520,-4.016467094421387
521,8.53030014038086
522,-1.7308006286621094
523,-3.7675514221191406
524,3.6837849617004395
525,-1.8043289184570312
526,-3.7382965087890625
527,5.906093120574951
528,-0.2835273742675781
529,-3.643922805786133
530,-5.965958595275879
531,-0.6585922241210938
532,-2.8498964309692383
533,11.831493377685547
534,-2.8633060455322266
535,-4.802978515625
536,-7.626703262329102
537,-1.168961524963379
538,-2.540768623352051
539,19.92219352722168
540,-5.7425079345703125
541,-6.039223670959473
542,1.450190544128418
543,-3.0144691467285156
544,-2.915116310119629
545,25.64189338684082
546,-6.169750213623047
547,-6.258699417114258
548,1.5529613494873047
549,-3.3567399978637695
550,-3.023240089416504
551,26.734663009643555
552,-5.941457748413086
553,-6.12734317779541
554,1.767031192779541
555,-3.175935745239258
556,-3.1126108169555664
557,26.071077346801758
558,-6.009474754333496
559,-6.145015716552734
560,1.80946683883667
561,-3.1289186477661133
562,-3.0897445678710938
563,25.374797821044922
564,0.3344860076904297
565,-0.17852497100830078
566,-10.575576782226562
567,0.2540397644042969
568,0.18873310089111328
569,0.46816205978393555
570,0.5293731689453125
571,3.0591611862182617
572,-15.427835464477539
573,0.4438495635986328
574,3.137343406677246
575,-3.3201329708099365
576,1.7436323165893555
577,6.403315544128418
578,-20.250682830810547
579,1.6239690780639648
580,6.140860557556152
581,-7.183426380157471
582,2.571640968322754
583,6.932106971740723
584,-20.857208251953125
585,2.3639402389526367
586,6.721695899963379
587,-7.822148323059082
588,-1.465179443359375
589,7.155882835388184
590,-25.430404663085938
591,-1.234140396118164
592,6.948590278625488
593,-10.817242622375488
594,-1.976552963256836
595,-3.90877628326416
596,3.1453166007995605
597,-1.7127790451049805
598,-4.130277633666992
599,2.19960880279541
600,-1.6380939483642578
601,-4.1508684158325195
602,2.196737766265869
603,-1.5710363388061523
604,-4.17038631439209
605,2.1944546699523926
606,-1.7634344100952148
607,-4.104632377624512
608,3.9068970680236816
609,-1.7223987579345703
610,-4.10699462890625
611,3.9070372581481934
612,-1.6820240020751953
613,-4.108187675476074
614,3.904137134552002
615,-1.002711296081543
616,-4.165468215942383
617,-0.828585147857666
618,-1.1626949310302734
619,-4.045400619506836
620,6.822411060333252
621,-1.7584257125854492
622,-3.7689523696899414
623,2.1675424575805664
624,-1.8176279067993164
625,-3.739652633666992
626,4.371135234832764
627,-0.2935657501220703
628,-3.6538047790527344
629,-6.790433883666992
630,-0.4962806701660156
631,-2.8965587615966797
632,9.928293228149414
633,-3.3215761184692383
634,-4.610262870788574
635,-10.821741104125977
636,-0.5928010940551758
637,-2.37631893157959
638,16.404415130615234
639,-6.694436550140381
640,-5.517993927001953
641,-6.529974460601807
642,-1.6335153579711914
643,-2.304091453552246
644,19.842317581176758
645,-7.179567337036133
646,-5.700986862182617
647,-7.173191070556641
648,-1.6680679321289062
649,-2.315365791320801
650,20.463037490844727
651,-6.025444984436035
652,-5.407377243041992
653,-6.773415565490723
654,-1.5580520629882812
655,-2.4229211807250977
656,19.51633071899414
657,-5.9150390625
658,-5.268789291381836
659,-6.260085105895996
660,-1.6526565551757812
661,-2.43115234375
662,19.40736198425293
663,0.39841175079345703
664,-0.18119049072265625
665,-10.552576065063477
666,0.36710262298583984
667,0.18238162994384766
668,0.4457850456237793
669,0.5255155563354492
670,3.0560426712036133
671,-15.286771774291992
672,0.4438285827636719
673,3.135951042175293
674,-3.3857743740081787
675,1.7342290878295898
676,6.403979301452637
677,-19.293094635009766
678,1.6248693466186523
679,6.139727592468262
680,-6.91677188873291
681,2.5580739974975586
682,6.912737846374512
683,-19.807483673095703
684,2.366091728210449
685,6.709343910217285
686,-7.485854148864746
687,-1.4614067077636719
688,7.150107383728027
689,-24.173484802246094
690,-1.226027488708496
691,6.948084831237793
692,-10.687463760375977
693,-2.0027217864990234
694,-3.905529022216797
695,2.7662782669067383
696,-1.7698955535888672
697,-4.130420684814453
698,1.8477725982666016
699,-1.6991910934448242
700,-4.151288986206055
701,1.8449292182922363
702,-1.6307411193847656
703,-4.171841621398926
704,1.8426547050476074
705,-1.8107938766479492
706,-4.103703498840332
707,3.4950242042541504
708,-1.7644481658935547
709,-4.1058855056762695
710,3.4951605796813965
711,-1.7206964492797852
712,-4.106847763061523
713,3.491616725921631
714,-1.0618505477905273
715,-4.1697587966918945
716,-1.2158198356628418
717,-1.1728429794311523
718,-4.047182083129883
719,6.17033052444458
720,-1.780843734741211
721,-3.768425941467285
722,1.7488317489624023
723,-1.8272905349731445
724,-3.7365903854370117
725,3.8762173652648926
726,-0.38535022735595703
727,-3.6567487716674805
728,-7.053839683532715
729,-0.3640575408935547
730,-2.9054975509643555
731,8.98621940612793
732,-3.764845848083496
733,-4.542869567871094
734,-10.386041641235352
735,-0.22641944885253906
736,-2.293789863586426
737,15.679237365722656
738,-6.785341739654541
739,-5.369046211242676
740,-5.597954750061035
741,-1.177358627319336
742,-2.2860727310180664
743,19.736801147460938
744,-6.5733795166015625
745,-5.499828338623047
746,-5.983404159545898
747,-1.1974687576293945
748,-2.3206262588500977
749,20.520647048950195
750,-5.916567802429199
751,-5.352466583251953
752,-5.738918304443359
753,-1.1678848266601562
754,-2.4299821853637695
755,19.602479934692383
756,-5.749414443969727
757,-5.19461727142334
758,-5.348529815673828
759,-1.2680702209472656
760,-2.4284982681274414
761,19.34165382385254
762,0.4759664535522461
763,-0.16945648193359375
764,-10.528481483459473
765,0.5369510650634766
766,0.1865673065185547
767,0.4219632148742676
768,0.5506324768066406
769,3.075852394104004
770,-14.649251937866211
771,0.45922088623046875
772,3.1420068740844727
773,-2.973324775695801
774,1.7271223068237305
775,6.4097795486450195
776,-18.120569229125977
777,1.6137208938598633
778,6.140236854553223
779,-5.9224042892456055
780,2.55977725982666
781,6.911656379699707
782,-18.571964263916016
783,2.3629846572875977
784,6.7098283767700195
785,-6.436559200286865
786,-1.4039030075073242
787,7.148491859436035
788,-22.713539123535156
789,-1.225907325744629
790,6.94901180267334
791,-9.497446060180664
792,-2.121156692504883
793,-3.9115591049194336
794,1.986109733581543
795,-1.8721189498901367
796,-4.137843132019043
797,1.0768203735351562
798,-1.7894468307495117
799,-4.160235404968262
800,1.0736145973205566
801,-1.7118244171142578
802,-4.1821184158325195
803,1.0718650817871094
804,-1.9205446243286133
805,-4.109505653381348
806,2.703235626220703
807,-1.8670997619628906
808,-4.111921310424805
809,2.7044825553894043
810,-1.8131227493286133
811,-4.11346435546875
812,2.700562000274658
813,-1.116450309753418
814,-4.185755729675293
815,-1.6454687118530273
816,-1.2250471115112305
817,-4.0713043212890625
818,5.634863376617432
819,-1.8345613479614258
820,-3.772894859313965
821,1.1503791809082031
822,-1.8824939727783203
823,-3.738327980041504
824,3.2573790550231934
825,-0.4595985412597656
826,-3.6433191299438477
827,-7.449316024780273
828,-0.3759269714355469
829,-2.906277656555176
830,9.265697479248047
831,-4.584142684936523
832,-4.242318153381348
833,-13.167074203491211
834,-0.2959461212158203
835,-2.25345516204834
836,15.478084564208984
837,-8.620450019836426
838,-4.73438835144043
839,-11.049333572387695
840,-1.3756589889526367
841,-2.3649187088012695
842,18.688228607177734
843,-9.613624572753906
844,-4.943966865539551
845,-12.194490432739258
846,-1.4699954986572266
847,-2.4753637313842773
848,19.4594783782959
849,-9.140642166137695
850,-4.843738555908203
851,-11.151857376098633
852,-1.404963493347168
853,-2.5766334533691406
854,18.523666381835938
855,-8.743553161621094
856,-4.753203392028809
857,-10.592219352722168
858,-1.4673643112182617
859,-2.553415298461914
860,18.27178382873535
861,0.6535892486572266
862,-0.15050983428955078
863,-10.510507583618164
864,0.6426191329956055
865,0.19660377502441406
866,0.4042019844055176
867,0.5523653030395508
868,3.079779624938965
869,-14.675254821777344
870,0.45738792419433594
871,3.1459856033325195
872,-3.157945156097412
873,1.7091608047485352
874,6.414212226867676
875,-17.56621742248535
876,1.579136848449707
877,6.156245231628418
878,-5.704876899719238
879,2.5593366622924805
880,6.907448768615723
881,-17.921611785888672
882,2.3520097732543945
883,6.712801933288574
884,-6.067306041717529
885,-1.4043216705322266
886,7.144305229187012
887,-22.253034591674805
888,-1.2408876419067383
889,6.950957298278809
890,-9.299489974975586
891,-2.208547592163086
892,-3.9229841232299805
893,2.954620838165283
894,-1.9744234085083008
895,-4.143869400024414
896,2.1383771896362305
897,-1.8951778411865234
898,-4.165849685668945
899,2.1349048614501953
900,-1.8148670196533203
901,-4.187376022338867
902,2.1319384574890137
903,-2.010878562927246
904,-4.117025375366211
905,3.7644858360290527
906,-1.9510564804077148
907,-4.120339393615723
908,3.765716075897217
909,-1.8924036026000977
910,-4.122546195983887
911,3.7625393867492676
912,-1.210719108581543
913,-4.190105438232422
914,-0.506439208984375
915,-1.293837547302246
916,-4.085338592529297
917,6.803840160369873
918,-1.8925933837890625
919,-3.774564743041992
920,2.0790300369262695
921,-1.9295530319213867
922,-3.7409019470214844
923,4.187916278839111
924,-0.5058927536010742
925,-3.616398811340332
926,-6.069147109985352
927,-0.33059120178222656
928,-2.912372589111328
929,9.57954216003418
930,-4.550183296203613
931,-4.182665824890137
932,-9.672759056091309
933,-0.05740165710449219
934,-2.2353734970092773
935,15.176366806030273
936,-8.223077774047852
937,-4.5235700607299805
938,-6.633569717407227
939,-0.4442720413208008
940,-2.0298824310302734
941,16.727792739868164
942,-9.013312339782715
943,-4.670113563537598
944,-7.053863525390625
945,-0.29775238037109375
946,-2.004544258117676
947,16.78290557861328
948,-8.657575607299805
949,-4.56527042388916
950,-6.251860618591309
951,-0.26780223846435547
952,-2.1212167739868164
953,15.870674133300781
954,-8.157632827758789
955,-4.499312400817871
956,-6.171082973480225
957,-0.41309356689453125
958,-2.140963554382324
959,16.258647918701172
960,0.7355098724365234
961,-0.14391803741455078
962,-10.388822555541992
963,0.7416896820068359
964,0.1927509307861328
965,0.2829771041870117
966,0.5530099868774414
967,3.0730600357055664
968,-14.374032974243164
969,0.44945526123046875
970,3.1454877853393555
971,-4.74146032333374
972,1.7006311416625977
973,6.407889366149902
974,-18.03093910217285
975,1.568120002746582
976,6.168148994445801
977,-8.457939147949219
978,2.5607194900512695
979,6.89670467376709
980,-18.533567428588867
981,2.3604631423950195
982,6.722865104675293
983,-9.060182571411133
984,-1.4054059982299805
985,7.145319938659668
986,-22.92292594909668
987,-1.2347793579101562
988,6.9569597244262695
989,-12.69122314453125
990,-2.327739715576172
991,-3.9132537841796875
992,2.2210693359375
993,-2.08774471282959
994,-4.141777992248535
995,1.3690409660339355
996,-2.003763198852539
997,-4.1642608642578125
998,1.3652548789978027
999,-1.9264144897460938
1000,-4.186308860778809
1001,1.3642864227294922
1002,-2.1447067260742188
1003,-4.1055755615234375
1004,2.976630687713623
1005,-2.0932044982910156
1006,-4.109824180603027
1007,2.9772820472717285
1008,-2.039975166320801
1009,-4.1128034591674805
1010,2.9743571281433105
1011,-1.312993049621582
1012,-4.187760353088379
1013,-1.217782974243164
1014,-1.3495025634765625
1015,-4.085180282592773
1016,5.9680352210998535
1017,-1.9762706756591797
1018,-3.7700681686401367
1019,1.395616054534912
1020,-2.027186393737793
1021,-3.737076759338379
1022,3.477356433868408
1023,-0.530827522277832
1024,-3.5917720794677734
1025,-7.143758773803711
1026,-0.2847452163696289
1027,-2.910245895385742
1028,9.642965316772461
1029,-4.9885358810424805
1030,-3.578489303588867
1031,-12.380011558532715
1032,-0.38623523712158203
1033,-2.1262292861938477
1034,15.713890075683594
1035,-9.036603927612305
1036,-3.57981014251709
1037,-9.931093215942383
1038,-2.25137996673584
1039,-2.0655336380004883
1040,18.287439346313477
1041,-10.018404960632324
1042,-3.6538267135620117
1043,-10.927663803100586
1044,-2.3638525009155273
1045,-2.1585264205932617
1046,19.013687133789062
1047,-9.930208206176758
1048,-3.6935110092163086
1049,-9.941404342651367
1050,-2.6214466094970703
1051,-2.2482242584228516
1052,17.85662841796875
1053,-9.354101181030273
1054,-3.4336671829223633
1055,-9.436850547790527
1056,-2.664029121398926
1057,-2.216714859008789
1058,17.7703914642334
1059,0.9132394790649414
1060,-0.11901473999023438
1061,-10.411931991577148
1062,0.9065113067626953
1063,0.20243358612060547
1064,0.3078122138977051
1065,0.5311489105224609
1066,3.0730466842651367
1067,-14.485206604003906
1068,0.4110984802246094
1069,3.1464548110961914
1070,-4.747713088989258
1071,1.683650016784668
1072,6.407843589782715
1073,-18.416942596435547
1074,1.5674352645874023
1075,6.17763614654541
1076,-8.23995590209961
1077,2.5612993240356445
1078,6.896428108215332
1079,-18.957904815673828
1080,2.3842649459838867
1081,6.728346824645996
1082,-8.839308738708496
1083,-1.430917739868164
1084,7.1471967697143555
1085,-23.301820755004883
1086,-1.231053352355957
1087,6.959761619567871
1088,-12.27279281616211
1089,-2.3453588485717773
1090,-3.913454055786133
1091,2.6215977668762207
1092,-2.0975723266601562
1093,-4.148015975952148
1094,1.7005319595336914
1095,-2.016714096069336
1096,-4.1700239181518555
1097,1.6973161697387695
1098,-1.9434242248535156
1099,-4.191651344299316
1100,1.696521282196045
1101,-2.1473236083984375
1102,-4.114109039306641
1103,3.371325969696045
1104,-2.095147132873535
1105,-4.11811637878418
1106,3.37290620803833
1107,-2.041794776916504
1108,-4.121538162231445
1109,3.369541645050049
1110,-1.3362360000610352
1111,-4.194458961486816
1112,-1.173353672027588
1113,-1.353663444519043
1114,-4.102108955383301
1115,6.32070779800415
1116,-2.008896827697754
1117,-3.7702150344848633
1118,1.714097023010254
1119,-2.0572385787963867
1120,-3.7374095916748047
1121,3.881491184234619
1122,-0.5615243911743164
1123,-3.592103958129883
1124,-7.051119804382324
1125,-0.16876220703125
1126,-2.9347009658813477
1127,9.909547805786133
1128,-5.165841102600098
1129,-3.5044755935668945
1130,-12.625983238220215
1131,-0.2902660369873047
1132,-2.1412830352783203
1133,15.708892822265625
1134,-8.95746898651123
1135,-3.5121641159057617
1136,-10.798807144165039
1137,-2.117076873779297
1138,-2.0789709091186523
1139,18.00492286682129
1140,-10.085931777954102
1141,-3.5568323135375977
1142,-12.061819076538086
1143,-2.1924867630004883
1144,-2.1998090744018555
1145,18.621910095214844
1146,-9.884592056274414
1147,-3.575802803039551
1148,-11.1144380569458
1149,-2.501974105834961
1150,-2.2806501388549805
1151,17.4621639251709
1152,-9.483077049255371
1153,-3.484635353088379
1154,-10.362789154052734
1155,-2.5650739669799805
1156,-2.240778923034668
1157,17.483692169189453
1158,1.0065288543701172
1159,-0.09891128540039062
1160,-10.448421478271484
1161,1.0921392440795898
1162,0.20024490356445312
1163,0.34413862228393555
1164,0.4950723648071289
1165,3.0716428756713867
1166,-14.695446014404297
1167,0.4060649871826172
1168,3.145981788635254
1169,-4.662825107574463
1170,1.6596097946166992
1171,6.407504081726074
1172,-18.560447692871094
1173,1.5673246383666992
1174,6.176865577697754
1175,-8.098865509033203
1176,2.5491724014282227
1177,6.896885871887207
1178,-19.121788024902344
1179,2.3917760848999023
1180,6.728575706481934
1181,-8.705641746520996
1182,-1.4324722290039062
1183,7.138154029846191
1184,-23.588130950927734
1185,-1.1964244842529297
1186,6.94950008392334
1187,-11.981466293334961
1188,-2.5106325149536133
1189,-3.867770195007324
1190,3.036468982696533
1191,-2.2644357681274414
1192,-4.127498626708984
1193,2.2476062774658203
1194,-2.1773929595947266
1195,-4.1512346267700195
1196,2.245180130004883
1197,-2.0852317810058594
1198,-4.175237655639648
1199,2.2455201148986816
1200,-2.3234071731567383
1201,-4.093230247497559
1202,3.7487282752990723
1203,-2.272780418395996
1204,-4.097258567810059
1205,3.7484536170959473
1206,-2.2191085815429688
1207,-4.101552963256836
1208,3.7457385063171387
1209,-1.4102802276611328
1210,-4.187094688415527
1211,-0.27043867111206055
1212,-1.4555425643920898
1213,-4.096490859985352
1214,6.368010997772217
1215,-2.1282453536987305
1216,-3.7217607498168945
1217,2.195798397064209
1218,-2.204792022705078
1219,-3.685919761657715
1220,4.135361194610596
1221,-0.5863819122314453
1222,-3.550135612487793
1223,-6.380916595458984
1224,-0.19272899627685547
1225,-2.8548154830932617
1226,10.11484146118164
1227,-5.042483329772949
1228,-2.811457633972168
1229,-11.27425765991211
1230,-3.491673469543457
1231,-1.8409252166748047
1232,12.840988159179688
1233,-8.726143836975098
1234,-2.299574851989746
1235,-6.049553394317627
1236,-7.055051326751709
1237,-1.3744516372680664
1238,11.456016540527344
1239,-9.840003967285156
1240,-2.219514846801758
1241,-6.627004146575928
1242,-7.695901870727539
1243,-1.3456649780273438
1244,11.628677368164062
1245,-9.850738525390625
1246,-2.182602882385254
1247,-6.007638931274414
1248,-7.892086505889893
1249,-1.4253730773925781
1250,10.356889724731445
1251,-9.375162124633789
1252,-2.142848014831543
1253,-5.657013416290283
1254,-8.005475997924805
1255,-1.2979536056518555
1256,10.78375244140625
1257,1.2271642684936523
1258,-0.08828067779541016
1259,-10.276494979858398
1260,1.2824211120605469
1261,0.2067251205444336
1262,0.17271184921264648
1263,0.3890047073364258
1264,3.073023796081543
1265,-14.703670501708984
1266,0.3175077438354492
1267,3.1458425521850586
1268,-5.36371374130249
1269,1.6551733016967773
1270,6.4066877365112305
1271,-18.738494873046875
1272,1.5750932693481445
1273,6.173993110656738
1274,-9.223142623901367
1275,2.542902946472168
1276,6.896842002868652
1277,-19.305606842041016
1278,2.4133501052856445
1279,6.728367805480957
1280,-9.785346984863281
1281,-1.433058738708496
1282,7.138613700866699
1283,-23.487064361572266
1284,-1.1972856521606445
1285,6.950289726257324
1286,-12.683181762695312
1287,-2.5795469284057617
1288,-3.821176528930664
1289,3.672208309173584
1290,-2.3322839736938477
1291,-4.103522300720215
1292,2.9471521377563477
1293,-2.2543601989746094
1294,-4.127767562866211
1295,2.9446182250976562
1296,-2.162954330444336
1297,-4.153179168701172
1298,2.94203519821167
1299,-2.3854475021362305
1300,-4.0669755935668945
1301,4.509846210479736
1302,-2.3391904830932617
1303,-4.068748474121094
1304,4.509780406951904
1305,-2.2926626205444336
1306,-4.070723533630371
1307,4.507535457611084
1308,-1.487992286682129
1309,-4.17208194732666
1310,0.2279505729675293
1311,-1.5405521392822266
1312,-4.070723533630371
1313,7.28274393081665
1314,-2.1727170944213867
1315,-3.678485870361328
1316,2.739490032196045
1317,-2.2556724548339844
1318,-3.637256622314453
1319,4.774545192718506
1320,-0.5853128433227539
1321,-3.547013282775879
1322,-5.793994903564453
1323,-0.25867748260498047
1324,-2.834416389465332
1325,10.246149063110352
1326,-4.867586135864258
1327,-2.7473440170288086
1328,-9.809198379516602
1329,-3.9449615478515625
1330,-1.6133947372436523
1331,13.24319076538086
1332,-8.655652046203613
1333,-2.17242431640625
1334,-7.59637451171875
1335,-7.69304084777832
1336,-1.1468067169189453
1337,10.953752517700195
1338,-9.762993812561035
1339,-2.0971813201904297
1340,-8.817917823791504
1341,-8.546562194824219
1342,-1.0081653594970703
1343,10.841081619262695
1344,-9.842794418334961
1345,-2.056825637817383
1346,-8.043915748596191
1347,-8.798661231994629
1348,-1.1195335388183594
1349,9.557392120361328
1350,-9.412910461425781
1351,-2.0037107467651367
1352,-7.196527481079102
1353,-8.568286895751953
1354,-1.0719623565673828
1355,10.220146179199219
1356,1.2931251525878906
1357,-0.0890207290649414
1358,-10.243743896484375
1359,1.2435197830200195
1360,0.20532512664794922
1361,0.14196205139160156
1362,0.32306861877441406
1363,3.076634407043457
1364,-15.08305549621582
1365,0.21242809295654297
1366,3.1457319259643555
1367,-6.334672451019287
1368,1.6510515213012695
1369,6.409735679626465
1370,-19.273866653442383
1371,1.563704490661621
1372,6.176363945007324
1373,-10.127087593078613
1374,2.542849540710449
1375,6.897278785705566
1376,-19.86430549621582
1377,2.403592109680176
1378,6.727869987487793
1379,-10.678531646728516
1380,-1.4010639190673828
1381,7.13852596282959
1382,-23.775619506835938
1383,-1.2051057815551758
1384,6.9504594802856445
1385,-13.830265045166016
1386,-2.7773170471191406
1387,-3.6777877807617188
1388,3.931967258453369
1389,-2.6246232986450195
1390,-3.951284408569336
1391,3.3763842582702637
1392,-2.55161190032959
1393,-3.978391647338867
1394,3.3739562034606934
1395,-2.4785118103027344
1396,-4.005213737487793
1397,3.3712382316589355
1398,-2.657634735107422
1399,-3.9239282608032227
1400,4.842133045196533
1401,-2.6045360565185547
1402,-3.9325475692749023
1403,4.8419623374938965
1404,-2.550294876098633
1405,-3.94158935546875
1406,4.840028285980225
1407,-1.7829952239990234
1408,-4.0715131759643555
1409,0.6201748847961426
1410,-1.7883930206298828
1411,-3.9984588623046875
1412,7.627760410308838
1413,-2.344292640686035
1414,-3.567129135131836
1415,3.0777792930603027
1416,-2.3894834518432617
1417,-3.5377864837646484
1418,4.984797954559326
1419,-0.7061080932617188
1420,-3.407486915588379
1421,-6.283273696899414
1422,-0.22859477996826172
1423,-2.759265899658203
1424,13.018758773803711
1425,-4.67238712310791
1426,-1.9307708740234375
1427,-11.403508186340332
1428,-3.0264196395874023
1429,-1.2487258911132812
1430,15.348613739013672
1431,-8.010821342468262
1432,-0.9754123687744141
1433,-12.142699241638184
1434,-5.787139892578125
1435,0.0432281494140625
1436,13.822465896606445
1437,-8.840452194213867
1438,-0.7182273864746094
1439,-13.799884796142578
1440,-6.526241302490234
1441,0.3536796569824219
1442,14.235401153564453
1443,-8.853530883789062
1444,-0.7317066192626953
1445,-12.924152374267578
1446,-6.708234786987305
1447,0.30272483825683594
1448,12.756542205810547
1449,-8.501110076904297
1450,-0.7598323822021484
1451,-11.688169479370117
1452,-6.5581817626953125
1453,0.21280288696289062
1454,13.112215042114258
1455,1.471238136291504
1456,-0.010453224182128906
1457,-11.166330337524414
1458,1.5976572036743164
1459,0.2463054656982422
1460,1.0662446022033691
1461,-0.07147407531738281
1462,3.1125669479370117
1463,-15.582401275634766
1464,0.10065078735351562
1465,3.147801399230957
1466,-3.0565390586853027
1467,1.6503171920776367
1468,6.405594825744629
1469,-19.695789337158203
1470,1.6654748916625977
1471,6.172375679016113
1472,-6.947043418884277
1473,2.53261661529541
1474,6.887209892272949
1475,-20.175199508666992
1476,2.458926200866699
1477,6.717968940734863
1478,-7.482002258300781
1479,-1.3883323669433594
1480,7.129528999328613
1481,-23.419986724853516
1482,-1.0078668594360352
1483,6.931103706359863
1484,-9.662038803100586
1485,-2.8898115158081055
1486,-3.630949020385742
1487,6.748635768890381
1488,-2.7393178939819336
1489,-3.9084720611572266
1490,5.928974628448486
1491,-2.6643056869506836
1492,-3.9348506927490234
1493,5.927173137664795
1494,-2.5732297897338867
1495,-3.9637012481689453
1496,5.929103374481201
1497,-2.772759437561035
1498,-3.881192207336426
1499,7.72204065322876
1500,-2.7181320190429688
1501,-3.888546943664551
1502,7.721608638763428
1503,-2.650907516479492
1504,-3.8984928131103516
1505,7.719033718109131
1506,-1.8653182983398438
1507,-4.035877227783203
1508,3.0158658027648926
1509,-1.8859758377075195
1510,-3.962369918823242
1511,11.068891525268555
1512,-2.4666738510131836
1513,-3.520353317260742
1514,5.766692638397217
1515,-2.511363983154297
1516,-3.492587089538574
1517,8.084760665893555
1518,-0.8068637847900391
1519,-3.351080894470215
1520,-5.587226390838623
1521,-0.22399234771728516
1522,-2.693659782409668
1523,15.948602676391602
1524,-4.501311302185059
1525,-1.9822235107421875
1526,-10.121478080749512
1527,-2.8737621307373047
1528,-1.1229181289672852
1529,15.573017120361328
1530,-7.773478984832764
1531,-0.8211774826049805
1532,-9.982990264892578
1533,-5.822114944458008
1534,0.23582839965820312
1535,14.511478424072266
1536,-8.659860610961914
1537,-0.5735864639282227
1538,-11.631845474243164
1539,-6.657827854156494
1540,0.45973777770996094
1541,14.652824401855469
1542,-8.741544723510742
1543,-0.5577993392944336
1544,-10.781156539916992
1545,-6.782911777496338
1546,0.44928932189941406
1547,13.356412887573242
1548,-8.33359146118164
1549,-0.5899171829223633
1550,-9.543113708496094
1551,-6.656588554382324
1552,0.3500680923461914
1553,13.829843521118164
1554,1.5731916427612305
1555,-0.005452156066894531
1556,-11.589729309082031
1557,1.7767553329467773
1558,0.2537508010864258
1559,1.4903769493103027
1560,-0.2240009307861328
1561,3.1363401412963867
1562,-17.05439567565918
1563,-0.0970001220703125
1564,3.1456480026245117
1565,-3.131273031234741
1566,1.651158332824707
1567,6.406355857849121
1568,-22.047983169555664
1569,1.684678077697754
1570,6.1391191482543945
1571,-6.866196155548096
1572,2.546828269958496
1573,6.887667655944824
1574,-22.603923797607422
1575,2.4596166610717773
1576,6.681580543518066
1577,-7.423871040344238
1578,-1.3501358032226562
1579,7.130188941955566
1580,-25.39337730407715
1581,-0.9538145065307617
1582,6.92777156829834
1583,-9.699518203735352
1584,-3.201578140258789
1585,-3.4920902252197266
1586,2.291639804840088
1587,-3.064289093017578
1588,-3.781505584716797
1589,1.2482061386108398
1590,-2.9821691513061523
1591,-3.8005924224853516
1592,1.2466182708740234
1593,-2.894951820373535
1594,-3.820256233215332
1595,1.2488579750061035
1596,-3.0996265411376953
1597,-3.760831832885742
1598,3.079150676727295
1599,-3.0425195693969727
1600,-3.766256332397461
1601,3.0784077644348145
1602,-2.9757308959960938
1603,-3.7744884490966797
1604,3.0717921257019043
1605,-2.1696128845214844
1606,-3.8602218627929688
1607,-1.8298630714416504
1608,-2.163370132446289
1609,-3.8312816619873047
1610,6.251527309417725
1611,-2.7510242462158203
1612,-3.3570804595947266
1613,1.2917637825012207
1614,-2.803750991821289
1615,-3.334444999694824
1616,3.6339402198791504
1617,-1.0951166152954102
1618,-3.0655202865600586
1619,-9.205293655395508
1620,-0.2614727020263672
1621,-2.5979394912719727
1622,12.404224395751953
1623,-2.7486610412597656
1624,-1.1090812683105469
1625,-12.018484115600586
1626,-2.5861988067626953
1627,-0.7010107040405273
1628,13.121097564697266
1629,-4.782161712646484
1630,0.6042251586914062
1631,-10.188541412353516
1632,-5.414313316345215
1633,0.8416051864624023
1634,10.000982284545898
1635,-5.320412635803223
1636,0.9801397323608398
1637,-11.449799537658691
1638,-6.565509796142578
1639,1.232600212097168
1640,10.368223190307617
1641,-5.377445220947266
1642,1.0566072463989258
1643,-11.099005699157715
1644,-6.2916107177734375
1645,1.2056512832641602
1646,8.747798919677734
1647,-5.1507110595703125
1648,0.948613166809082
1649,-9.885915756225586
1650,-6.3888092041015625
1651,1.1245241165161133
1652,9.170360565185547
1653,1.8021173477172852
1654,0.18350791931152344
1655,-11.654788970947266
1656,1.9645261764526367
1657,0.34565067291259766
1658,1.5517020225524902
1659,-0.4330606460571289
1660,3.221920967102051
1661,-15.772880554199219
1662,-0.2933502197265625
1663,3.1526594161987305
1664,-0.7268505096435547
1665,1.6474924087524414
1666,6.408881187438965
1667,-16.914749145507812
1668,1.6235933303833008
1669,6.119416236877441
1670,-1.7150030136108398
1671,2.5488195419311523
1672,6.887887001037598
1673,-17.10999870300293
1674,2.389407157897949
1675,6.6259260177612305
1676,-1.9406471252441406
1677,-1.312485694885254
1678,7.13070011138916
1679,-20.22052574157715
1680,-0.9622592926025391
1681,6.917380332946777
1682,-3.8680460453033447
1683,-3.3467016220092773
1684,-3.469428062438965
1685,2.190605640411377
1686,-3.187556266784668
1687,-3.758498191833496
1688,1.20640230178833
1689,-3.110767364501953
1690,-3.774764060974121
1691,1.2048096656799316
1692,-3.029499053955078
1693,-3.7913713455200195
1694,1.2064871788024902
1695,-3.215630531311035
1696,-3.743912696838379
1697,3.058898448944092
1698,-3.1589879989624023
1699,-3.750321388244629
1700,3.0582680702209473
1701,-3.0944089889526367
1702,-3.7588748931884766
1703,3.0514159202575684
1704,-2.303919792175293
1705,-3.8019723892211914
1706,-1.7730541229248047
1707,-2.3375043869018555
1708,-3.7854928970336914
1709,6.408766269683838
1710,-2.9096994400024414
1711,-3.3185224533081055
1712,1.1997990608215332
1713,-2.9545116424560547
1714,-3.3039302825927734
1715,3.576664447784424
1716,-1.252791404724121
1717,-2.9739208221435547
1718,-9.042252540588379
1719,-0.3119335174560547
1720,-2.5615720748901367
1721,12.167089462280273
1722,-2.278903007507324
1723,-1.0837726593017578
1724,-12.130959510803223
1725,-2.151614189147949
1726,-0.5835170745849609
1727,13.515203475952148
1728,-4.104162216186523
1729,0.5633029937744141
1730,-10.914783477783203
1731,-4.223517417907715
1732,1.1709299087524414
1733,10.519922256469727
1734,-4.609658241271973
1735,0.9515829086303711
1736,-12.305682182312012
1737,-5.370997428894043
1738,1.5233240127563477
1739,10.857479095458984
1740,-4.646574020385742
1741,1.0381078720092773
1742,-11.880666732788086
1743,-5.3129682540893555
1744,1.530716896057129
1745,9.217426300048828
1746,-4.434884071350098
1747,0.9910058975219727
1748,-10.603170394897461
1749,-5.164464950561523
1750,1.446732521057129
1751,9.683393478393555
1752,1.9635648727416992
1753,0.22210311889648438
1754,-11.637617111206055
1755,2.187230110168457
1756,0.35689449310302734
1757,1.5333099365234375
1758,-0.5592966079711914
1759,3.2872514724731445
1760,-14.919605255126953
1761,-0.40709495544433594
1762,3.152398109436035
1763,-0.8741493225097656
1764,1.620192527770996
1765,6.408120155334473
1766,-16.262842178344727
1767,1.5628957748413086
1768,6.1177263259887695
1769,-2.346970796585083
1770,2.548922538757324
1771,6.888245582580566
1772,-16.515792846679688
1773,2.362790107727051
1774,6.627322196960449
1775,-2.6721532344818115
1776,-1.3150815963745117
1777,7.130295753479004
1778,-19.753141403198242
1779,-0.9695110321044922
1780,6.917662620544434
1781,-5.023917198181152
1782,-3.752028465270996
1783,-3.2807016372680664
1784,-0.013547420501708984
1785,-3.5109481811523438
1786,-3.52386474609375
1787,-0.9986419677734375
1788,-3.423581123352051
1789,-3.533519744873047
1790,-1.000638484954834
1791,-3.333157539367676
1792,-3.544527053833008
1793,-1.0020737648010254
1794,-3.549698829650879
1795,-3.520833969116211
1796,0.7841963768005371
1797,-3.4918813705444336
1798,-3.5278406143188477
1799,0.7847862243652344
1800,-3.4280033111572266
1801,-3.537931442260742
1802,0.7783994674682617
1803,-2.5818567276000977
1804,-3.553485870361328
1805,-3.776284694671631
1806,-2.683879852294922
1807,-3.5592384338378906
1808,4.0530571937561035
1809,-3.3606033325195312
1810,-3.098139762878418
1811,-0.9341630935668945
1812,-3.4217262268066406
1813,-3.0866317749023438
1814,1.3454604148864746
1815,-1.4880266189575195
1816,-2.713528633117676
1817,-10.189476013183594
1818,-0.9716339111328125
1819,-2.373004913330078
1820,9.381998062133789
1821,-0.7125682830810547
1822,-1.0123319625854492
1823,-13.995702743530273
1824,-0.46100330352783203
1825,-0.5068359375
1826,10.857406616210938
1827,-0.2780466079711914
1828,0.6480731964111328
1829,-14.732625961303711
1830,-0.037357330322265625
1831,0.8754682540893555
1832,8.411314010620117
1833,-0.13780975341796875
1834,1.104670524597168
1835,-16.101730346679688
1836,-0.35889530181884766
1837,1.209691047668457
1838,9.008342742919922
1839,-0.38364219665527344
1840,1.0634183883666992
1841,-15.345111846923828
1842,-0.3556528091430664
1843,1.2256402969360352
1844,7.581851482391357
1845,-0.3755159378051758
1846,1.0267095565795898
1847,-14.357305526733398
1848,-0.4181661605834961
1849,1.0526971817016602
1850,7.701284885406494
1851,1.9290170669555664
1852,0.44642162322998047
1853,-11.471750259399414
1854,2.021153450012207
1855,0.537480354309082
1856,1.367889404296875
1857,-0.909205436706543
1858,3.4284791946411133
1859,-14.313911437988281
1860,-0.533177375793457
1861,3.166317939758301
1862,-0.10210657119750977
1863,1.615778923034668
1864,6.408257484436035
1865,-14.299137115478516
1866,1.5622339248657227
1867,6.061619758605957
1868,0.7317781448364258
1869,2.54952335357666
1870,6.888260841369629
1871,-14.364086151123047
1872,2.364027976989746
1873,6.5493059158325195
1874,0.6871590614318848
1875,-1.2977075576782227
1876,7.130040168762207
1877,-17.27940559387207
1878,-0.9156427383422852
1879,6.887913703918457
1880,-1.1618156433105469
1881,-3.784109115600586
1882,-3.2328624725341797
1883,-4.026782035827637
1884,-3.5325918197631836
1885,-3.462132453918457
1886,-5.1637444496154785
1887,-3.451845169067383
1888,-3.466400146484375
1889,-5.165682792663574
1890,-3.3686304092407227
1891,-3.473311424255371
1892,-5.1680073738098145
1893,-3.5704774856567383
1894,-3.461411476135254
1895,-3.212405204772949
1896,-3.518533706665039
1897,-3.4644508361816406
1898,-3.211365222930908
1899,-3.462801933288574
1900,-3.4715394973754883
1901,-3.2164673805236816
1902,-2.6541290283203125
1903,-3.4359283447265625
1904,-8.170812606811523
1905,-2.789933204650879
1906,-3.4421205520629883
1907,0.3995070457458496
1908,-3.445768356323242
1909,-3.041748046875
1910,-5.023386001586914
1911,-3.510401725769043
1912,-3.0315256118774414
1913,-2.520009756088257
1914,-1.5383491516113281
1915,-2.5088491439819336
1916,-14.017023086547852
1917,-1.044525146484375
1918,-2.30511474609375
1919,6.370724201202393
1920,0.10173797607421875
1921,-0.8092021942138672
1922,-16.234588623046875
1923,0.6928682327270508
1924,-0.43457508087158203
1925,7.250372409820557
1926,0.28861141204833984
1927,0.9684286117553711
1928,-13.891267776489258
1929,1.1950502395629883
1930,1.1492528915405273
1931,3.207761287689209
1932,0.29933643341064453
1933,1.3796014785766602
1934,-15.455047607421875
1935,1.2906608581542969
1936,1.5625982284545898
1937,3.530055522918701
1938,0.2692737579345703
1939,1.373978614807129
1940,-14.647439956665039
1941,0.9968891143798828
1942,1.4854440689086914
1943,1.8877038955688477
1944,0.2627525329589844
1945,1.3026018142700195
1946,-13.45389175415039
1947,0.9400491714477539
1948,1.327326774597168
1949,2.392225742340088
1950,2.105929374694824
1951,0.6140556335449219
1952,-11.551937103271484
1953,2.2272424697875977
1954,0.6512746810913086
1955,1.4544057846069336
1956,-0.9712295532226562
1957,3.50137996673584
1958,-13.235198974609375
1959,-0.4723224639892578
1960,3.2302236557006836
1961,1.0652828216552734
1962,1.5830163955688477
1963,6.410679817199707
1964,-11.010519027709961
1965,1.5556535720825195
1966,6.074112892150879
1967,3.494415760040283
1968,2.544468879699707
1969,6.894051551818848
1970,-10.894353866577148
1971,2.3687353134155273
1972,6.552367210388184
1973,3.572399616241455
1974,-1.3055200576782227
1975,7.132092475891113
1976,-13.849843978881836
1977,-0.9132623672485352
1978,6.891579627990723
1979,1.4559273719787598
1980,-4.001676559448242
1981,-2.923921585083008
1982,-4.839138984680176
1983,-3.6896228790283203
1984,-3.14263916015625
1985,-5.789228916168213
1986,-3.6026859283447266
1987,-3.143655776977539
1988,-5.790295124053955
1989,-3.529576301574707
1990,-3.136408805847168
1991,-5.792909145355225
1992,-3.720439910888672
1993,-3.137022018432617
1994,-3.911952495574951
1995,-3.6741504669189453
1996,-3.1284637451171875
1997,-3.9093432426452637
1998,-3.6302080154418945
1999,-3.120884895324707
2000,-3.9107394218444824
2001,-2.9081897735595703
2002,-3.015629768371582
2003,-8.200835227966309
2004,-3.0276899337768555
2005,-3.0123205184936523
2006,0.07202911376953125
2007,-3.7119131088256836
2008,-2.6898202896118164
2009,-5.676015853881836
2010,-3.7522497177124023
2011,-2.6792497634887695
2012,-3.25724458694458
2013,-1.7413063049316406
2014,-2.1823301315307617
2015,-13.549049377441406
2016,-1.5165119171142578
2017,-1.8105144500732422
2018,5.461488246917725
2019,1.518540382385254
2020,-0.9881820678710938
2021,-16.259923934936523
2022,1.4479074478149414
2023,-0.23499488830566406
2024,6.8686747550964355
2025,3.4268579483032227
2026,0.7826128005981445
2027,-16.39689826965332
2028,2.952113151550293
2029,1.1182928085327148
2030,3.4515233039855957
2031,4.24863338470459
2032,1.1921396255493164
2033,-18.218509674072266
2034,3.6888952255249023
2035,1.5777978897094727
2036,3.737504482269287
2037,4.024365425109863
2038,1.3424615859985352
2039,-17.613548278808594
2040,3.417668342590332
2041,1.6067914962768555
2042,2.3015403747558594
2043,3.6474218368530273
2044,1.2001352310180664
2045,-16.062969207763672
2046,3.185896873474121
2047,1.4119482040405273
2048,2.7629799842834473
2049,2.222231864929199
2050,1.0194196701049805
2051,-11.650236129760742
2052,2.149317741394043
2053,1.129551887512207
2054,1.556434154510498
2055,-1.349874496459961
2056,3.5539121627807617
2057,-13.478120803833008
2058,-1.039952278137207
2059,3.39157772064209
2060,-0.20769548416137695
2061,1.5128984451293945
2062,6.406546592712402
2063,-12.425411224365234
2064,1.486159324645996
2065,6.0758562088012695
2066,1.5927538871765137
2067,2.5217885971069336
2068,6.886570930480957
2069,-12.242438316345215
2070,2.360537528991699
2071,6.557694435119629
2072,1.7547760009765625
2073,-1.2819595336914062
2074,7.130303382873535
2075,-14.758024215698242
2076,-0.9174013137817383
2077,6.900385856628418
2078,0.17315101623535156
2079,-4.122838973999023
2080,-2.8140945434570312
2081,-2.2482285499572754
2082,-3.8499202728271484
2083,-3.0092458724975586
2084,-3.1400318145751953
2085,-3.7843446731567383
2086,-3.0097951889038086
2087,-3.1410160064697266
2088,-3.7248401641845703
2089,-3.005565643310547
2090,-3.142833709716797
2091,-3.855367660522461
2092,-2.9989805221557617
2093,-1.2732622623443604
2094,-3.800309181213379
2095,-2.992722511291504
2096,-1.2713820934295654
2097,-3.746614456176758
2098,-2.9860401153564453
2099,-1.2746169567108154
2100,-3.1373395919799805
2101,-2.894601821899414
2102,-5.760406970977783
2103,-3.1614933013916016
2104,-2.9036684036254883
2105,2.4550423622131348
2106,-3.848933219909668
2107,-2.600522041320801
2108,-3.1828856468200684
2109,-3.871291160583496
2110,-2.5800342559814453
2111,-0.7796568870544434
2112,-1.8412437438964844
2113,-2.134608268737793
2114,-11.881715774536133
2115,-1.538081169128418
2116,-1.6700286865234375
2117,7.545698642730713
2118,1.5868215560913086
2119,-1.1425189971923828
2120,-15.27194595336914
2121,1.6984586715698242
2122,-0.2144155502319336
2123,9.308845520019531
2124,3.6091413497924805
2125,0.6405239105224609
2126,-16.365827560424805
2127,3.337296485900879
2128,1.2525606155395508
2129,6.6687397956848145
2130,4.452960014343262
2131,1.0779504776000977
2132,-18.2242431640625
2133,3.920199394226074
2134,1.698451042175293
2135,7.230482578277588
2136,4.129137992858887
2137,1.2404260635375977
2138,-17.46610450744629
2139,3.8739023208618164
2140,1.750309944152832
2141,5.767179012298584
2142,3.784491539001465
2143,1.124058723449707
2144,-15.990335464477539
2145,3.6034955978393555
2146,1.5805768966674805
2147,5.972110271453857
2148,2.3074941635131836
2149,1.002671241760254
2150,-11.789505004882812
2151,2.362978935241699
2152,1.1454706192016602
2153,1.695225715637207
2154,-1.4486055374145508
2155,3.5568723678588867
2156,-14.923582077026367
2157,-1.1461992263793945
2158,3.421231269836426
2159,-1.118584156036377
2160,1.4953489303588867
2161,6.4066972732543945
2162,-14.538421630859375
2163,1.4263944625854492
2164,6.077240943908691
2165,-0.45766258239746094
2166,2.5152673721313477
2167,6.883877754211426
2168,-14.575551986694336
2169,2.35891056060791
2170,6.5628156661987305
2171,-0.41874217987060547
2172,-1.278792381286621
2173,7.131278038024902
2174,-17.399320602416992
2175,-0.9181575775146484
2176,6.9151105880737305
2177,-2.06644868850708
2178,-4.172853469848633
2179,-2.289853096008301
2180,-0.5704030990600586
2181,-3.8888845443725586
2182,-2.504837989807129
2183,-1.3382196426391602
2184,-3.836620330810547
2185,-2.501455307006836
2186,-1.339322566986084
2187,-3.790114402770996
2188,-2.494586944580078
2189,-1.3409676551818848
2190,-3.884977340698242
2191,-2.5021257400512695
2192,0.42020320892333984
2193,-3.8312435150146484
2194,-2.497105598449707
2195,0.4216184616088867
2196,-3.7813243865966797
2197,-2.491580009460449
2198,0.41855907440185547
2199,-3.234029769897461
2200,-2.3505983352661133
2201,-4.415605068206787
2202,-3.293844223022461
2203,-2.368868827819824
2204,3.9181532859802246
2205,-3.907900810241699
2206,-2.0589723587036133
2207,-1.408735990524292
2208,-3.9308691024780273
2209,-2.0576400756835938
2210,0.8491945266723633
2211,-1.9012784957885742
2212,-1.668670654296875
2213,-10.419958114624023
2214,-1.629119873046875
2215,-1.167527198791504
2216,8.593181610107422
2217,2.1249704360961914
2218,-1.1191911697387695
2219,-13.550739288330078
2220,1.9743013381958008
2221,-0.18788623809814453
2222,10.884634017944336
2223,5.311274528503418
2224,0.41344451904296875
2225,-13.204782485961914
2226,4.738385200500488
2227,0.9472322463989258
2228,8.825252532958984
2229,6.264590263366699
2230,0.7270917892456055
2231,-14.713081359863281
2232,5.559664726257324
2233,1.2397756576538086
2234,9.284027099609375
2235,6.0669965744018555
2236,0.9136285781860352
2237,-14.15684700012207
2238,5.373063087463379
2239,1.3474798202514648
2240,8.109516143798828
2241,5.64029598236084
2242,0.863469123840332
2243,-12.885019302368164
2244,5.127692222595215
2245,1.2081403732299805
2246,8.281097412109375
2247,2.640355110168457
2248,1.3435583114624023
2249,-11.686647415161133
2250,2.4741716384887695
2251,1.5407991409301758
2252,1.5902585983276367
2253,-1.689927101135254
2254,3.6013898849487305
2255,-15.298856735229492
2256,-1.6354789733886719
2257,3.518521308898926
2258,-2.932485342025757
2259,1.4530210494995117
2260,6.405571937561035
2261,-16.509660720825195
2262,1.2723321914672852
2263,6.07058048248291
2264,-2.747185707092285
2265,2.5128602981567383
2266,6.883545875549316
2267,-16.72369384765625
2268,2.306485176086426
2269,6.53732967376709
2270,-2.7947897911071777
2271,-1.2678718566894531
2272,7.130854606628418
2273,-17.50235939025879
2274,-0.9233570098876953
2275,6.915682792663574
2276,-2.7996537685394287
2277,-4.307854652404785
2278,-2.192617416381836
2279,0.6766576766967773
2280,-4.058570861816406
2281,-2.3973121643066406
2282,0.343109130859375
2283,-3.999953269958496
2284,-2.4021244049072266
2285,0.34450197219848633
2286,-3.919689178466797
2287,-2.4117431640625
2288,0.3424358367919922
2289,-4.0794525146484375
2290,-2.3787288665771484
2291,1.9971508979797363
2292,-4.0346479415893555
2293,-2.3723440170288086
2294,2.0007753372192383
2295,-3.9893112182617188
2296,-2.365304946899414
2297,1.9969158172607422
2298,-3.3343467712402344
2299,-2.3226070404052734
2300,-1.3788399696350098
2301,-3.4333724975585938
2302,-2.299135208129883
2303,6.137686252593994
2304,-4.0477094650268555
2305,-2.0033960342407227
2306,0.11868810653686523
2307,-4.08574104309082
2308,-1.9750289916992188
2309,2.2417616844177246
2310,-2.136406898498535
2311,-1.6706581115722656
2312,-7.591207504272461
2313,-1.8820219039916992
2314,-1.0256338119506836
2315,10.30544662475586
2316,1.9322805404663086
2317,-1.1726350784301758
2318,-13.333303451538086
2319,1.6047296524047852
2320,0.02612781524658203
2321,11.426200866699219
2322,4.9960222244262695
2323,0.20629024505615234
2324,-15.133781433105469
2325,4.569537162780762
2326,1.0991334915161133
2327,10.557811737060547
2328,5.973122596740723
2329,0.4580535888671875
2330,-16.769750595092773
2331,5.391928672790527
2332,1.4537229537963867
2333,10.94997787475586
2334,5.596270561218262
2335,0.6484508514404297
2336,-16.18360710144043
2337,5.3037214279174805
2338,1.5250959396362305
2339,9.581092834472656
2340,5.286057472229004
2341,0.5968465805053711
2342,-14.851541519165039
2343,5.031817436218262
2344,1.3724985122680664
2345,9.940591812133789
2346,2.6153135299682617
2347,1.297877311706543
2348,-11.647317886352539
2349,2.488223075866699
2350,1.5553388595581055
2351,1.548616886138916
2352,-1.7500419616699219
2353,3.611910820007324
2354,-15.26148796081543
2355,-1.6372308731079102
2356,3.549139976501465
2357,-2.887946605682373
2358,1.4339056015014648
2359,6.401902198791504
2360,-17.134050369262695
2361,1.0805110931396484
2362,6.066330909729004
2363,-3.2155559062957764
2364,2.5123891830444336
2365,6.87502384185791
2366,-17.40756607055664
2367,2.1370038986206055
2368,6.4817914962768555
2369,-3.3289794921875
2370,-1.2784061431884766
2371,7.131455421447754
2372,-18.67214012145996
2373,-1.0247468948364258
2374,6.921719551086426
2375,-4.170855522155762
2376,-4.212668418884277
2377,-1.7338142395019531
2378,2.559173107147217
2379,-3.9967384338378906
2380,-1.9830551147460938
2381,1.8905224800109863
2382,-3.9471893310546875
2383,-1.9806098937988281
2384,1.892848014831543
2385,-3.889859199523926
2386,-1.9771614074707031
2387,1.8902859687805176
2388,-3.9940528869628906
2389,-1.9792900085449219
2390,3.55326509475708
2391,-3.940814971923828
2392,-1.9740238189697266
2393,3.5563292503356934
2394,-3.887460708618164
2395,-1.968062400817871
2396,3.551936626434326
2397,-3.321523666381836
2398,-1.8915300369262695
2399,-0.7106146812438965
2400,-3.3075761795043945
2401,-1.9077491760253906
2402,6.785661220550537
2403,-3.9288368225097656
2404,-1.5347776412963867
2405,1.5482897758483887
2406,-3.943509101867676
2407,-1.515995979309082
2408,3.7008299827575684
2409,-2.1833972930908203
2410,-1.2315435409545898
2411,-7.010654449462891
2412,-1.7222833633422852
2413,-0.8172597885131836
2414,10.221834182739258
2415,2.2587289810180664
2416,-1.0994720458984375
2417,-12.941110610961914
2418,2.385188102722168
2419,-0.07621574401855469
2420,11.505989074707031
2421,5.111815452575684
2422,-0.29990196228027344
2423,-18.2406063079834
2424,5.7117815017700195
2425,0.6540908813476562
2426,9.530351638793945
2427,5.9552812576293945
2428,-0.1515655517578125
2429,-20.16063117980957
2430,6.62027645111084
2431,0.9522161483764648
2432,9.929969787597656
2433,5.771296501159668
2434,-0.03535652160644531
2435,-19.65528678894043
2436,6.660626411437988
2437,0.9712247848510742
2438,8.887737274169922
2439,5.529845237731934
2440,-0.049808502197265625
2441,-18.119617462158203
2442,6.244927406311035
2443,0.8481607437133789
2444,9.056499481201172
2445,2.671034812927246
2446,1.6807947158813477
2447,-11.705987930297852
2448,2.882857322692871
2449,1.808323860168457
2450,1.6059107780456543
2451,-2.102479934692383
2452,3.7471532821655273
2453,-15.243019104003906
2454,-1.855738639831543
2455,3.6295557022094727
2456,-1.5500342845916748
2457,1.362752914428711
2458,6.401917457580566
2459,-17.307764053344727
2460,0.9957799911499023
2461,6.0601701736450195
2462,-1.239220142364502
2463,2.5122671127319336
2464,6.8753767013549805
2465,-17.582714080810547
2466,2.0863752365112305
2467,6.43996524810791
2468,-1.3524096012115479
2469,-1.2674131393432617
2470,7.132359504699707
2471,-19.196592330932617
2472,-1.0252714157104492
2473,6.920300483703613
2474,-1.8608241081237793
2475,-4.3989410400390625
2476,-1.7594366073608398
2477,3.0431885719299316
2478,-4.165355682373047
2479,-1.9606008529663086
2480,2.374581813812256
2481,-4.106169700622559
2482,-1.965240478515625
2483,2.376725673675537
2484,-4.0453081130981445
2485,-1.9672050476074219
2486,2.3744139671325684
2487,-4.189456939697266
2488,-1.9464006423950195
2489,4.054837703704834
2490,-4.1468915939331055
2491,-1.9416284561157227
2492,4.057689189910889
2493,-4.103964805603027
2494,-1.9361162185668945
2495,4.053154468536377
2496,-3.461085319519043
2497,-1.9006481170654297
2498,-0.10888910293579102
2499,-3.518838882446289
2500,-1.8901557922363281
2501,7.3725762367248535
2502,-4.137566566467285
2503,-1.5716304779052734
2504,2.0612845420837402
2505,-4.170282363891602
2506,-1.549138069152832
2507,4.227746486663818
2508,-2.2325124740600586
2509,-1.2456254959106445
2510,-6.314273834228516
2511,-1.6778154373168945
2512,-0.810272216796875
2513,10.475126266479492
2514,2.011237144470215
2515,-1.0858850479125977
2516,-12.28976058959961
2517,2.7484045028686523
2518,-0.1461505889892578
2519,11.974294662475586
2520,5.388840675354004
2521,-0.1500864028930664
2522,-16.098966598510742
2523,5.97898006439209
2524,0.4624052047729492
2525,10.207548141479492
2526,6.276963233947754
2527,-0.06471633911132812
2528,-17.79147720336914
2529,6.988184928894043
2530,0.7225160598754883
2531,10.649517059326172
2532,6.7190446853637695
2533,0.2695169448852539
2534,-17.378482818603516
2535,6.947196006774902
2536,0.7294998168945312
2537,9.67369270324707
2538,5.8329668045043945
2539,0.054596900939941406
2540,-15.967033386230469
2541,6.534184455871582
2542,0.653895378112793
2543,9.751056671142578
2544,2.7743749618530273
2545,1.671483039855957
2546,-11.665128707885742
2547,2.866358757019043
2548,1.8512544631958008
2549,1.563589096069336
2550,-2.177046775817871
2551,3.7385263442993164
2552,-15.21885871887207
2553,-2.0463876724243164
2554,3.6806154251098633
2555,-1.6060285568237305
2556,1.365626335144043
2557,6.403529167175293
2558,-17.407608032226562
2559,0.9386301040649414
2560,6.06107234954834
2561,-1.77333402633667
2562,2.5409765243530273
2563,6.875178337097168
2564,-17.680883407592773
2565,2.0695009231567383
2566,6.441227912902832
2567,-1.983046531677246
2568,-1.257589340209961
2569,7.132931709289551
2570,-19.43116569519043
2571,-1.0201797485351562
2572,6.9462690353393555
2573,-3.4228456020355225
2574,-4.2381391525268555
2575,-1.3862886428833008
2576,5.358128070831299
2577,-3.9878368377685547
2578,-1.6011009216308594
2579,4.446438312530518
2580,-3.9344825744628906
2581,-1.5989437103271484
2582,4.449417591094971
2583,-3.883355140686035
2584,-1.5951519012451172
2585,4.4480977058410645
2586,-3.99338436126709
2587,-1.6042699813842773
2588,6.255398273468018
2589,-3.9444046020507812
2590,-1.6031179428100586
2591,6.260267734527588
2592,-3.897597312927246
2593,-1.600264549255371
2594,6.256869792938232
2595,-3.3273487091064453
2596,-1.516251564025879
2597,1.046861171722412
2598,-3.302583694458008
2599,-1.542140007019043
2600,9.224868774414062
2601,-3.9707088470458984
2602,-1.190373420715332
2603,4.027414798736572
2604,-3.97744083404541
2605,-1.1800718307495117
2606,6.398717403411865
2607,-2.393378257751465
2608,-0.8361501693725586
2609,-5.785579204559326
2610,-1.4121980667114258
2611,-0.5698232650756836
2612,11.121219635009766
2613,1.0047531127929688
2614,-1.0559453964233398
2615,-15.75689697265625
2616,2.821028709411621
2617,0.1266164779663086
2618,12.26180648803711
2619,2.6594152450561523
2620,-0.5205984115600586
2621,-26.611724853515625
2622,6.16390323638916
2623,0.44414329528808594
2624,10.870710372924805
2625,3.183526039123535
2626,-0.8274784088134766
2627,-28.686616897583008
2628,7.073845863342285
2629,0.6368570327758789
2630,11.217679977416992
2631,3.2208375930786133
2632,-0.6902570724487305
2633,-28.379013061523438
2634,6.927790641784668
2635,0.6621770858764648
2636,9.806863784790039
2637,2.925154685974121
2638,-0.6342954635620117
2639,-26.623823165893555
2640,6.663451194763184
2641,0.5921106338500977
2642,10.270406723022461
2643,2.70474910736084
2644,2.0380373001098633
2645,-11.657120704650879
2646,3.2433996200561523
2647,2.1200170516967773
2648,1.55472993850708
2649,-2.5783262252807617
2650,3.8325910568237305
2651,-14.488180160522461
2652,-2.029536247253418
2653,3.719670295715332
2654,0.2709941864013672
2655,1.3466119766235352
2656,6.377285957336426
2657,-17.43632698059082
2658,0.9152822494506836
2659,6.04030704498291
2660,-0.7967324256896973
2661,2.5529890060424805
2662,6.864121437072754
2663,-17.731523513793945
2664,2.025424003601074
2665,6.363356590270996
2666,-1.0492970943450928
2667,-1.1895389556884766
2668,7.133027076721191
2669,-19.16606330871582
2670,-1.0185813903808594
2671,6.9465742111206055
2672,-1.6876296997070312
2673,-4.303400993347168
2674,-1.3428659439086914
2675,4.233765125274658
2676,-4.07369327545166
2677,-1.541142463684082
2678,3.423327922821045
2679,-4.0116167068481445
2680,-1.547286033630371
2681,3.4243264198303223
2682,-3.9584732055664062
2683,-1.5497045516967773
2684,3.4231247901916504
2685,-4.070350646972656
2686,-1.5325279235839844
2687,5.224682331085205
2688,-4.016595840454102
2689,-1.5285968780517578
2690,5.2282843589782715
2691,-3.943507194519043
2692,-1.531641960144043
2693,5.224954128265381
2694,-3.364182472229004
2695,-1.4574451446533203
2696,0.5180401802062988
2697,-3.31942081451416
2698,-1.4606037139892578
2699,8.67727279663086
2700,-4.028044700622559
2701,-1.138681411743164
2702,3.1040453910827637
2703,-4.044255256652832
2704,-1.1178932189941406
2705,5.446762561798096
2706,-2.385629653930664
2707,-0.7991914749145508
2708,-6.1783671379089355
2709,-1.4081897735595703
2710,-0.3611602783203125
2711,11.221403121948242
2712,0.9678802490234375
2713,-1.042867660522461
2714,-16.85311508178711
2715,2.62515926361084
2716,0.32834911346435547
2717,13.036008834838867
2718,3.1455488204956055
2719,-0.6950483322143555
2720,-27.804798126220703
2721,5.603774070739746
2722,0.49379444122314453
2723,12.761009216308594
2724,3.088841438293457
2725,-0.9503307342529297
2726,-30.040647506713867
2727,6.83566951751709
2728,0.690892219543457
2729,13.650247573852539
2730,3.7594099044799805
2731,-0.7171592712402344
2732,-29.620418548583984
2733,6.805788993835449
2734,0.7091398239135742
2735,12.617456436157227
2736,3.563654899597168
2737,-0.6626720428466797
2738,-27.734895706176758
2739,6.173203468322754
2740,0.7230310440063477
2741,12.381401062011719
2742,2.7952585220336914
2743,2.0327844619750977
2744,-11.64824104309082
2745,3.2425336837768555
2746,2.228285789489746
2747,1.5451669692993164
2748,-2.494174003601074
2749,3.8439455032348633
2750,-14.139387130737305
2751,-1.8820838928222656
2752,3.7430105209350586
2753,1.277390480041504
2754,1.3307762145996094
2755,6.38004207611084
2756,-17.409902572631836
2757,0.9512882232666016
2758,6.041943550109863
2759,0.6742334365844727
2760,2.5538415908813477
2761,6.864254951477051
2762,-17.700510025024414
2763,2.1922388076782227
2764,6.377020835876465
2765,0.4866046905517578
2766,-1.1926078796386719
2767,7.147936820983887
2768,-19.34893226623535
2769,-0.9554824829101562
2770,6.9383440017700195
2771,-0.16124486923217773
2772,-4.241204261779785
2773,-1.228475570678711
2774,3.667738437652588
2775,-3.968294143676758
2776,-1.4523744583129883
2777,3.3178839683532715
2778,-3.9023237228393555
2779,-1.4585142135620117
2780,3.319235324859619
2781,-3.8423032760620117
2782,-1.4619121551513672
2783,3.320600986480713
2784,-3.9775495529174805
2785,-1.4332008361816406
2786,5.179579257965088
2787,-3.9253320693969727
2788,-1.4252748489379883
2789,5.185014247894287
2790,-3.8610973358154297
2791,-1.4186372756958008
2792,5.182519435882568
2793,-3.2339000701904297
2794,-1.3631591796875
2795,0.1503276824951172
2796,-3.2238006591796875
2797,-1.3426952362060547
2798,8.081888198852539
2799,-3.962409019470215
2800,-1.0266847610473633
2801,2.9186196327209473
2802,-3.9962663650512695
2803,-0.9973134994506836
2804,5.115204334259033
2805,-2.259763717651367
2806,-0.681645393371582
2807,-6.204265594482422
2808,-1.3987302780151367
2809,-0.22309589385986328
2810,11.13174057006836
2811,1.9209222793579102
2812,-0.4202108383178711
2813,-12.361589431762695
2814,2.584242820739746
2815,0.4731473922729492
2816,12.868162155151367
2817,5.053830146789551
2818,0.9768152236938477
2819,-18.26567268371582
2820,5.432541847229004
2821,1.242375373840332
2822,11.28767204284668
2823,5.868010520935059
2824,1.114436149597168
2825,-19.694103240966797
2826,6.265204429626465
2827,1.5120172500610352
2828,12.010673522949219
2829,5.767958641052246
2830,1.292647361755371
2831,-19.127073287963867
2832,6.247467994689941
2833,1.580967903137207
2834,11.013938903808594
2835,5.393914222717285
2836,1.2278223037719727
2837,-18.00991439819336
2838,5.958697319030762
2839,1.6980619430541992
2840,10.861343383789062
2841,2.9235754013061523
2842,2.2249574661254883
2843,-11.612028121948242
2844,3.1613378524780273
2845,2.351569175720215
2846,1.5093441009521484
2847,-2.7057809829711914
2848,3.89547061920166
2849,-14.17313003540039
2850,-1.9709796905517578
2851,3.805159568786621
2852,0.9650497436523438
2853,1.3350114822387695
2854,6.36080265045166
2855,-17.248374938964844
2856,0.9572620391845703
2857,6.042634010314941
2858,0.25118541717529297
2859,2.5670900344848633
2860,6.84274959564209
2861,-17.528276443481445
2862,2.3282880783081055
2863,6.305964469909668
2864,0.030294418334960938
2865,-1.1092967987060547
2866,7.1497602462768555
2867,-18.78937530517578
2868,-0.7649784088134766
2869,6.914528846740723
2870,-0.4676814079284668
2871,-4.154348373413086
2872,-1.170827865600586
2873,4.568877696990967
2874,-3.884758949279785
2875,-1.365788459777832
2876,4.143301486968994
2877,-3.818110466003418
2878,-1.3758392333984375
2879,4.1431708335876465
2880,-3.755565643310547
2881,-1.3844423294067383
2882,4.141977787017822
2883,-3.899905204772949
2884,-1.3356389999389648
2885,5.793647289276123
2886,-3.8501901626586914
2887,-1.3263416290283203
2888,5.79613733291626
2889,-3.7922677993774414
2890,-1.3188066482543945
2891,5.792062282562256
2892,-3.1622705459594727
2893,-1.3125505447387695
2894,2.016118049621582
2895,-3.198239326477051
2896,-1.262598991394043
2897,9.27646255493164
2898,-3.871458053588867
2899,-1.0095529556274414
2900,3.7670912742614746
2901,-3.907459259033203
2902,-0.9670848846435547
2903,5.862477779388428
2904,-2.1933956146240234
2905,-0.6670417785644531
2906,-4.48512077331543
2907,-1.400040626525879
2908,-0.18455123901367188
2909,12.147363662719727
2910,1.811448097229004
2911,-0.4392681121826172
2912,-11.109943389892578
2913,2.8365068435668945
2914,0.7044897079467773
2915,13.346151351928711
2916,4.639691352844238
2917,0.7767162322998047
2918,-16.710195541381836
2919,5.076348304748535
2920,1.4916086196899414
2921,11.450164794921875
2922,5.609793663024902
2923,1.2325124740600586
2924,-18.19870948791504
2925,5.973910331726074
2926,1.7378110885620117
2927,12.129997253417969
2928,5.249325752258301
2929,1.1144208908081055
2930,-17.67519187927246
2931,5.9146928787231445
2932,2.042618751525879
2933,11.070779800415039
2934,5.0018205642700195
2935,1.0727968215942383
2936,-16.47926139831543
2937,5.625239372253418
2938,1.973576545715332
2939,10.978187561035156
2940,2.912968635559082
2941,2.2281103134155273
2942,-11.585058212280273
2943,3.169955253601074
2944,2.364081382751465
2945,1.483015537261963
2946,-2.7049293518066406
2947,3.8924665451049805
2948,-13.858449935913086
2949,-1.8651371002197266
2950,3.834963798522949
2951,1.746492862701416
2952,1.2937488555908203
2953,6.361325263977051
2954,-18.563390731811523
2955,0.9670705795288086
2956,6.079272270202637
2957,-0.5503830909729004
2958,2.5632848739624023
2959,6.8310956954956055
2960,-19.104551315307617
2961,2.3452939987182617
2962,6.329787254333496
2963,-0.8858404159545898
2964,-1.1326026916503906
2965,7.150969505310059
2966,-20.236328125
2967,-0.7598686218261719
2968,6.923371315002441
2969,-1.6199965476989746
2970,-4.110516548156738
2971,-1.4087390899658203
2972,-1.097581148147583
2973,-3.7451181411743164
2974,-1.6154203414916992
2975,-1.808516502380371
2976,-3.6496849060058594
2977,-1.6188297271728516
2978,-1.812366247177124
2979,-3.5568161010742188
2980,-1.620626449584961
2981,-1.8157439231872559
2982,-3.8018293380737305
2983,-1.6012821197509766
2984,-0.19623708724975586
2985,-3.7521448135375977
2986,-1.5942325592041016
2987,-0.19384002685546875
2988,-3.692996025085449
2989,-1.587885856628418
2990,-0.19759273529052734
2991,-2.9613990783691406
2992,-1.4920663833618164
2993,-3.989279270172119
2994,-3.0923337936401367
2995,-1.4673166275024414
2996,3.143097400665283
2997,-3.809617042541504
2998,-1.2029848098754883
2999,-1.9153847694396973
3000,-3.8500566482543945
3001,-1.1812715530395508
3002,0.16182374954223633
3003,-2.104062080383301
3004,-0.6546392440795898
3005,-9.317031860351562
3006,-1.3813495635986328
3007,-0.2285909652709961
3008,6.903780460357666
3009,1.8599061965942383
3010,0.26140308380126953
3011,-13.37158203125
3012,2.3324403762817383
3013,0.9951314926147461
3014,8.294666290283203
3015,3.408108711242676
3016,2.1448259353637695
3017,-16.048398971557617
3018,4.043848991394043
3019,2.5301103591918945
3020,6.381129741668701
3021,4.1443891525268555
3022,2.5246152877807617
3023,-17.47362518310547
3024,4.668976783752441
3025,2.9092912673950195
3026,6.915194988250732
3027,3.822220802307129
3028,2.6063432693481445
3029,-16.922082901000977
3030,4.597739219665527
3031,3.0514726638793945
3032,5.6044535636901855
3033,3.607731819152832
3034,2.4858484268188477
3035,-15.781387329101562
3036,4.353062629699707
3037,2.9069318771362305
3038,5.752427577972412
3039,2.8772802352905273
3040,2.2775354385375977
3041,-11.243026733398438
3042,3.0557641983032227
3043,2.375491142272949
3044,1.146562099456787
3045,-2.80855655670166
3046,3.960738182067871
3047,-13.990684509277344
3048,-2.1165151596069336
3049,3.8824472427368164
3050,0.6778116226196289
3051,1.2950592041015625
3052,6.357016563415527
3053,-13.333024978637695
3054,0.9266080856323242
3055,6.072115898132324
3056,0.3945908546447754
3057,2.5664491653442383
3058,6.822638511657715
3059,-13.083106994628906
3060,2.3213415145874023
3061,6.341803550720215
3062,0.46941137313842773
3063,-1.0939035415649414
3064,7.138810157775879
3065,-14.44830322265625
3066,-0.7706804275512695
3067,6.923722267150879
3068,-0.462216854095459
3069,-4.0652875900268555
3070,-1.4572868347167969
3071,-2.6511237621307373
3072,-3.7221155166625977
3073,-1.6333131790161133
3074,-3.3763279914855957
3075,-3.632291793823242
3076,-1.6324796676635742
3077,-3.378446340560913
3078,-3.545384407043457
3079,-1.6300373077392578
3080,-3.381897211074829
3081,-3.7706308364868164
3082,-1.627614974975586
3083,-1.769439697265625
3084,-3.7202625274658203
3085,-1.6225643157958984
3086,-1.7671353816986084
3087,-3.661810874938965
3088,-1.6174001693725586
3089,-1.7701199054718018
3090,-2.9519519805908203
3091,-1.4944639205932617
3092,-5.30568790435791
3093,-3.071030616760254
3094,-1.4897346496582031
3095,1.76139497756958
3096,-3.7825746536254883
3097,-1.2542686462402344
3098,-3.3633832931518555
3099,-3.8336753845214844
3100,-1.2425146102905273
3101,-1.2995262145996094
3102,-2.0940046310424805
3103,-0.6517267227172852
3104,-10.680468559265137
3105,-1.3893203735351562
3106,-0.2204599380493164
3107,6.248631954193115
3108,1.9013166427612305
3109,0.34504127502441406
3110,-14.383184432983398
3111,2.079453468322754
3112,1.0252923965454102
3113,7.583865642547607
3114,3.227034568786621
3115,2.349411964416504
3116,-15.811494827270508
3117,3.6216840744018555
3118,2.682156562805176
3119,5.490602016448975
3120,3.9419031143188477
3121,2.6739072799682617
3122,-17.249893188476562
3123,4.232312202453613
3124,3.1793031692504883
3125,5.963100910186768
3126,3.4956274032592773
3127,2.810612678527832
3128,-16.607357025146484
3129,4.098170280456543
3130,3.237734794616699
3131,4.683809757232666
3132,3.291598320007324
3133,2.6723241806030273
3134,-15.49798583984375
3135,3.8934736251831055
3136,3.06394100189209
3137,4.86765718460083
3138,2.887213706970215
3139,2.223029136657715
3140,-11.161188125610352
3141,2.989363670349121
3142,2.3633413314819336
3143,1.0668301582336426
3144,-2.782057762145996
3145,3.9458913803100586
3146,-14.062984466552734
3147,-2.2126083374023438
3148,3.899447441101074
3149,-0.679802417755127
3150,1.2048282623291016
3151,6.357480049133301
3152,-12.249665260314941
3153,0.8946113586425781
3154,6.113232612609863
3155,0.6528916358947754
3156,2.498782157897949
3157,6.823529243469238
3158,-11.891239166259766
3159,2.22213077545166
3160,6.352387428283691
3161,0.8291015625
3162,-1.1389894485473633
3163,7.139300346374512
3164,-12.966754913330078
3165,-0.9029083251953125
3166,6.965592384338379
3167,0.06708765029907227
3168,-3.6860904693603516
3169,-1.6174650192260742
3170,2.603503704071045
3171,-3.2541513442993164
3172,-1.8099956512451172
3173,1.9691376686096191
3174,-3.167043685913086
3175,-1.8077306747436523
3176,1.9646978378295898
3177,-3.0749502182006836
3178,-1.8041677474975586
3179,1.9639925956726074
3180,-3.292600631713867
3181,-1.8089332580566406
3182,3.765223979949951
3183,-3.2387170791625977
3184,-1.8053693771362305
3185,3.7670979499816895
3186,-3.174123764038086
3187,-1.801619529724121
3188,3.7616400718688965
3189,-2.434326171875
3190,-1.6686697006225586
3191,-0.7826576232910156
3192,-2.532115936279297
3193,-1.6786251068115234
3194,7.154847621917725
3195,-3.506237030029297
3196,-1.404073715209961
3197,1.508279800415039
3198,-3.5683021545410156
3199,-1.3977956771850586
3200,3.821877956390381
3201,-1.4427461624145508
3202,-0.7906570434570312
3203,-7.389699459075928
3204,-1.2758064270019531
3205,-0.4209423065185547
3206,10.412723541259766
3207,1.3328371047973633
3208,1.076319694519043
3209,-10.153486251831055
3210,1.5098295211791992
3211,1.2631616592407227
3212,10.165979385375977
3213,-0.697596549987793
3214,2.940556526184082
3215,-10.102395057678223
3216,1.4151620864868164
3217,3.1418581008911133
3218,8.088537216186523
3219,-0.8608522415161133
3220,3.3240346908569336
3221,-11.579984664916992
3222,1.516108512878418
3223,3.4253244400024414
3224,8.73347282409668
3225,-1.1821269989013672
3226,3.439051628112793
3227,-10.900291442871094
3228,1.2323246002197266
3229,3.4915971755981445
3230,7.546115398406982
3231,-1.0705900192260742
3232,3.3156118392944336
3233,-9.712751388549805
3234,1.22357177734375
3235,3.377558708190918
3236,7.599891185760498
3237,2.81650447845459
3238,2.1162939071655273
3239,-11.142019271850586
3240,2.898228645324707
3241,2.3129701614379883
3242,1.045811653137207
3243,-2.7725677490234375
3244,3.942824363708496
3245,-13.96420669555664
3246,-2.080188751220703
3247,4.191184043884277
3248,0.9285068511962891
3249,1.1852731704711914
3250,6.367110252380371
3251,-14.995380401611328
3252,0.9237680435180664
3253,6.1144914627075195
3254,-0.0552210807800293
3255,2.4755945205688477
3256,6.8237714767456055
3257,-15.344612121582031
3258,2.2183122634887695
3259,6.353400230407715
3260,-0.15875244140625
3261,-1.1494436264038086
3262,7.141980171203613
3263,-16.20160484313965
3264,-0.8439254760742188
3265,6.968056678771973
3266,-1.234506607055664
3267,-3.4489049911499023
3268,-1.7051010131835938
3269,2.6217641830444336
3270,-3.0166969299316406
3271,-1.8952722549438477
3272,1.9542183876037598
3273,-2.936807632446289
3274,-1.8929061889648438
3275,1.9506011009216309
3276,-2.8515920639038086
3277,-1.888763427734375
3278,1.9492864608764648
3279,-3.0308828353881836
3280,-1.8979339599609375
3281,3.7901015281677246
3282,-2.962881088256836
3283,-1.8966970443725586
3284,3.7923483848571777
3285,-2.8851795196533203
3286,-1.894118309020996
3287,3.7876124382019043
3288,-2.1848011016845703
3289,-1.7637624740600586
3290,-0.830294132232666
3291,-2.224043846130371
3292,-1.7715797424316406
3293,7.234188556671143
3294,-3.2775745391845703
3295,-1.4883966445922852
3296,1.5143613815307617
3297,-3.3236608505249023
3298,-1.4898567199707031
3299,3.8689122200012207
3300,-1.200225830078125
3301,-0.8451948165893555
3302,-7.474008083343506
3303,-1.0639019012451172
3304,-0.5199213027954102
3305,10.867450714111328
3306,1.0953121185302734
3307,1.028916358947754
3308,-10.69940185546875
3309,1.2104911804199219
3310,1.3134241104125977
3311,10.32063102722168
3312,-1.1840791702270508
3313,2.979741096496582
3314,-10.533096313476562
3315,0.567108154296875
3316,3.212264060974121
3317,9.079160690307617
3318,-1.390340805053711
3319,3.4138097763061523
3320,-11.984824180603027
3321,0.6064844131469727
3322,3.4792776107788086
3323,9.623523712158203
3324,-1.6577043533325195
3325,3.317887306213379
3326,-11.226839065551758
3327,0.3341846466064453
3328,3.528445243835449
3329,8.370697021484375
3330,-1.6566791534423828
3331,3.204878807067871
3332,-10.110393524169922
3333,0.34069252014160156
3334,3.422879219055176
3335,8.506847381591797
3336,2.7726755142211914
3337,2.1109018325805664
3338,-11.142963409423828
3339,2.8339433670043945
3340,2.290949821472168
3341,1.046858310699463
3342,-2.7985668182373047
3343,3.961348533630371
3344,-13.304891586303711
3345,-2.1201210021972656
3346,4.117766380310059
3347,0.7215991020202637
3348,1.0806703567504883
3349,6.381758689880371
3350,-14.234708786010742
3351,0.9388322830200195
3352,6.2000532150268555
3353,0.0395207405090332
3354,2.4299306869506836
3355,6.827349662780762
3356,-14.358772277832031
3357,2.22127628326416
3358,6.461256980895996
3359,-0.10630989074707031
3360,-1.1770191192626953
3361,7.142386436462402
3362,-15.516719818115234
3363,-0.8458003997802734
3364,6.999428749084473
3365,-1.1614103317260742
3366,-2.666689872741699
3367,-1.8125686645507812
3368,2.9433422088623047
3369,-2.207646369934082
3370,-1.9433965682983398
3371,2.1551432609558105
3372,-2.1195688247680664
3373,-1.9194841384887695
3374,2.1528921127319336
3375,-2.018996238708496
3376,-1.8914833068847656
3377,2.1528406143188477
3378,-2.230113983154297
3379,-1.9586496353149414
3380,3.9029393196105957
3381,-2.1621389389038086
3382,-1.9480295181274414
3383,3.903578281402588
3384,-2.0780029296875
3385,-1.933218002319336
3386,3.899472713470459
3387,-1.3829193115234375
3388,-1.8541622161865234
3389,-0.5812830924987793
3390,-1.4028911590576172
3391,-1.841914176940918
3392,7.179834842681885
3393,-2.5031843185424805
3394,-1.5133476257324219
3395,1.9300198554992676
3396,-2.559934616088867
3397,-1.5342092514038086
3398,4.177982807159424
3399,-0.695073127746582
3400,-0.9979057312011719
3401,-7.148781776428223
3402,-0.33454418182373047
3403,-0.47978782653808594
3404,11.195528030395508
3405,-1.498194694519043
3406,0.7425537109375
3407,-9.927801132202148
3408,-1.5320348739624023
3409,1.2258176803588867
3410,12.949249267578125
3411,-5.561179161071777
3412,1.800490379333496
3413,-9.435489654541016
3414,-4.870765686035156
3415,2.672074317932129
3416,11.225330352783203
3417,-6.6862969398498535
3418,2.0625429153442383
3419,-10.91880989074707
3420,-5.442986488342285
3421,2.951165199279785
3422,11.68130874633789
3423,-6.77485990524292
3424,2.042149543762207
3425,-10.026939392089844
3426,-5.851288795471191
3427,2.91518497467041
3428,10.03604507446289
3429,-6.4956159591674805
3430,1.9775705337524414
3431,-8.968482971191406
3432,-5.56905460357666
3433,2.7944116592407227
3434,10.46810531616211
3435,2.735682487487793
3436,2.0159006118774414
3437,-11.130825996398926
3438,2.815619468688965
3439,2.242978096008301
3440,1.0326814651489258
3441,-2.937972068786621
3442,3.952530860900879
3443,-13.26756477355957
3444,-2.162691116333008
3445,4.037165641784668
3446,0.6720046997070312
3447,0.9776239395141602
3448,6.38179874420166
3449,-13.793960571289062
3450,0.9549121856689453
3451,6.216155052185059
3452,1.3403139114379883
3453,2.3308515548706055
3454,6.816309928894043
3455,-13.776287078857422
3456,2.222405433654785
3457,6.556120872497559
3458,1.3516883850097656
3459,-1.2100229263305664
3460,7.140782356262207
3461,-14.388738632202148
3462,-0.8486442565917969
3463,7.011115074157715
3464,0.3915290832519531
3465,-2.424571990966797
3466,-1.9056882858276367
3467,2.5153074264526367
3468,-1.9819517135620117
3469,-2.0098934173583984
3470,1.6372418403625488
3471,-1.9033641815185547
3472,-1.9769392013549805
3473,1.6350669860839844
3474,-1.8180932998657227
3475,-1.9373693466186523
3476,1.636430263519287
3477,-1.9940681457519531
3478,-2.031355857849121
3479,3.512023448944092
3480,-1.9268970489501953
3481,-2.017388343811035
3482,3.511782169342041
3483,-1.8509244918823242
3484,-1.9968233108520508
3485,3.5078864097595215
3486,-1.1505155563354492
3487,-1.9077033996582031
3488,-1.0872931480407715
3489,-1.1790990829467773
3490,-1.8859596252441406
3491,7.163635730743408
3492,-2.2756404876708984
3493,-1.5527877807617188
3494,1.51277494430542
3495,-2.308492660522461
3496,-1.5913209915161133
3497,3.922389507293701
3498,-0.535700798034668
3499,-1.0539608001708984
3500,-7.9330525398254395
3501,-0.24496841430664062
3502,-0.5767183303833008
3503,11.165130615234375
3504,-1.8957538604736328
3505,0.6680383682250977
3506,-10.600377082824707
3507,-1.8216381072998047
3508,1.3232183456420898
3509,12.894098281860352
3510,-5.998878479003906
3511,1.5654706954956055
3512,-10.651826858520508
3513,-4.898965835571289
3514,2.923272132873535
3515,10.361625671386719
3516,-7.11713981628418
3517,1.7189340591430664
3518,-12.244626998901367
3519,-5.462230682373047
3520,3.1751279830932617
3521,10.620035171508789
3522,-7.2538251876831055
3523,1.6675710678100586
3524,-11.393402099609375
3525,-5.616176605224609
3526,3.1896276473999023
3527,8.902278900146484
3528,-6.937663555145264
3529,1.6305742263793945
3530,-10.198501586914062
3531,-5.389049530029297
3532,3.0920114517211914
3533,9.509708404541016
3534,2.704909324645996
3535,2.0292749404907227
3536,-11.222744941711426
3537,2.784621238708496
3538,2.2591562271118164
3539,1.1203603744506836
3540,-2.9051742553710938
3541,3.9422101974487305
3542,-13.489294052124023
3543,-2.164255142211914
3544,3.9980649948120117
3545,0.3131375312805176
3546,0.9149265289306641
3547,6.377249717712402
3548,-13.976774215698242
3549,0.9536714553833008
3550,6.270817756652832
3551,0.4666562080383301
3552,2.264601707458496
3553,6.777356147766113
3554,-13.910863876342773
3555,2.1616601943969727
3556,6.624533653259277
3557,0.38199806213378906
3558,-1.2113037109375
3559,7.1392717361450195
3560,-14.393508911132812
3561,-0.9772367477416992
3562,7.049622535705566
3563,-0.7097902297973633
3564,-1.372614860534668
3565,-2.3661088943481445
3566,1.419550895690918
3567,-0.8845434188842773
3568,-2.4331016540527344
3569,0.5111560821533203
3570,-0.7816076278686523
3571,-2.399022102355957
3572,0.5115489959716797
3573,-0.6767253875732422
3574,-2.3598737716674805
3575,0.5124144554138184
3576,-0.9630231857299805
3577,-2.4557580947875977
3578,2.284238338470459
3579,-0.9156703948974609
3580,-2.4409170150756836
3581,2.2827234268188477
3582,-0.8582696914672852
3583,-2.4220571517944336
3584,2.281062126159668
3585,-0.15553760528564453
3586,-2.189305305480957
3587,-1.8790152072906494
3588,-0.24312973022460938
3589,-2.209016799926758
3590,5.952755451202393
3591,-1.283060073852539
3592,-2.020977020263672
3593,0.571599006652832
3594,-1.4035472869873047
3595,-2.0609569549560547
3596,2.8553085327148438
3597,-0.2699146270751953
3598,-1.1891345977783203
3599,-8.088184356689453
3600,-0.0848703384399414
3601,-0.6515655517578125
3602,10.514959335327148
3603,-3.5705366134643555
3604,0.3366994857788086
3605,-10.629554748535156
3606,-3.750725746154785
3607,1.1953153610229492
3608,11.851184844970703
3609,-7.506618499755859
3610,-0.5834817886352539
3611,-8.869461059570312
3612,-7.5462799072265625
3613,1.0782537460327148
3614,8.363637924194336
3615,-8.324216842651367
3616,-0.789830207824707
3617,-10.30062198638916
3618,-8.264690399169922
3619,0.8868169784545898
3620,8.64883804321289
3621,-8.306166648864746
3622,-0.8933038711547852
3623,-9.42452621459961
3624,-8.430169105529785
3625,0.7014122009277344
3626,7.225924968719482
3627,-8.018665313720703
3628,-0.7867937088012695
3629,-8.472833633422852
3630,-8.205820083618164
3631,0.8061647415161133
3632,7.630070209503174
3633,2.69974422454834
3634,1.955754280090332
3635,-11.25323486328125
3636,2.806817054748535
3637,2.1572694778442383
3638,1.1516666412353516
3639,-2.845200538635254
3640,3.933953285217285
3641,-13.860580444335938
3642,-2.2285547256469727
3643,3.958682060241699
3644,0.3727116584777832
3645,0.9053430557250977
3646,6.379948616027832
3647,-14.421478271484375
3648,0.9239206314086914
3649,6.2642107009887695
3650,2.2442803382873535
3651,2.24538516998291
3652,6.780102729797363
3653,-14.358278274536133
3654,2.1102418899536133
3655,6.615988731384277
3656,2.443171977996826
3657,-1.236161231994629
3658,7.141610145568848
3659,-15.356733322143555
3660,-0.9001216888427734
3661,7.046359062194824
3662,1.0900015830993652
3663,-1.3290624618530273
3664,-2.4405899047851562
3665,2.214707851409912
3666,-0.8272972106933594
3667,-2.5480194091796875
3668,1.337183952331543
3669,-0.7346992492675781
3670,-2.5198755264282227
3671,1.3379096984863281
3672,-0.6387157440185547
3673,-2.4917078018188477
3674,1.3382883071899414
3675,-0.8777637481689453
3676,-2.557196617126465
3677,3.1899561882019043
3678,-0.8311710357666016
3679,-2.541926383972168
3680,3.188419818878174
3681,-0.7651576995849609
3682,-2.517519950866699
3683,3.1872334480285645
3684,-0.0685577392578125
3685,-2.2683095932006836
3686,-0.8533859252929688
3687,-0.12975692749023438
3688,-2.277202606201172
3689,7.302316188812256
3690,-1.2494630813598633
3691,-2.1488561630249023
3692,1.4399089813232422
3693,-1.3554267883300781
3694,-2.1673460006713867
3695,3.81370210647583
3696,-0.15926361083984375
3697,-1.2730140686035156
3698,-6.9664716720581055
3699,0.12871646881103516
3700,-0.6908483505249023
3701,11.838727951049805
3702,-3.978334426879883
3703,0.23339557647705078
3704,-9.362676620483398
3705,-3.879000663757324
3706,0.9277563095092773
3707,13.142513275146484
3708,-7.797854423522949
3709,-0.8979997634887695
3710,-6.529959201812744
3711,-7.589388370513916
3712,0.6167240142822266
3713,8.395584106445312
3714,-8.73471450805664
3715,-1.032975196838379
3716,-7.797089576721191
3717,-8.48739242553711
3718,0.34016990661621094
3719,8.8134765625
3720,-8.617729187011719
3721,-1.1518526077270508
3722,-6.792417526245117
3723,-8.572158813476562
3724,0.1421804428100586
3725,7.416049480438232
3726,-8.302887916564941
3727,-1.083357810974121
3728,-6.016204357147217
3729,-8.29427433013916
3730,0.3198518753051758
3731,7.731586933135986
3732,2.6332101821899414
3733,1.9118566513061523
3734,-11.26257038116455
3735,2.858607292175293
3736,2.113400459289551
3737,1.1610398292541504
3738,-2.8440752029418945
3739,3.917853355407715
3740,-14.04891586303711
3741,-2.2204723358154297
3742,3.939936637878418
3743,0.2795243263244629
3744,0.8737831115722656
3745,6.374884605407715
3746,-15.052921295166016
3747,0.9341201782226562
3748,6.2728776931762695
3749,1.124786376953125
3750,2.187249183654785
3751,6.781241416931152
3752,-14.977554321289062
3753,2.1332006454467773
3754,6.670262336730957
3755,1.131239891052246
3756,-1.2610816955566406
3757,7.139121055603027
3758,-16.027355194091797
3759,-0.8781156539916992
3760,7.044375419616699
3761,-0.17626142501831055
3762,-0.48795604705810547
3763,-2.8436927795410156
3764,2.6282739639282227
3765,0.017188072204589844
3766,-2.9260520935058594
3767,1.793400764465332
3768,0.0798635482788086
3769,-2.9048004150390625
3770,1.7957763671875
3771,0.14024734497070312
3772,-2.8844165802001953
3773,1.7954535484313965
3774,0.006103515625
3775,-2.938966751098633
3776,3.718632221221924
3777,0.059540748596191406
3778,-2.9270410537719727
3779,3.7177376747131348
3780,0.1160593032836914
3781,-2.910902976989746
3782,3.7167105674743652
3783,0.4744272232055664
3784,-2.6821184158325195
3785,-0.553037166595459
3786,0.46068477630615234
3787,-2.681356430053711
3788,7.9646124839782715
3789,-0.5649137496948242
3790,-2.6174163818359375
3791,1.754373550415039
3792,-0.6085586547851562
3793,-2.6395254135131836
3794,4.214285373687744
3795,-0.062046051025390625
3796,-1.747157096862793
3797,-6.542830944061279
3798,0.3887205123901367
3799,-1.0765628814697266
3800,12.296316146850586
3801,-3.7823657989501953
3802,-1.8962955474853516
3803,-7.589483261108398
3804,-4.135713577270508
3805,-0.7989339828491211
3806,14.380569458007812
3807,-6.354463577270508
3808,-3.113496780395508
3809,-1.7652525901794434
3810,-7.066726207733154
3811,-1.9990520477294922
3812,11.047670364379883
3813,-6.7233076095581055
3814,-3.443169593811035
3815,-2.484581470489502
3816,-7.740699768066406
3817,-2.2239742279052734
3818,11.037303924560547
3819,-6.543992042541504
3820,-3.515148162841797
3821,-2.2177534103393555
3822,-7.7007646560668945
3823,-2.3659448623657227
3824,10.567981719970703
3825,-6.467939376831055
3826,-3.3590307235717773
3827,-1.4782860279083252
3828,-7.3319783210754395
3829,-2.3216352462768555
3830,10.611135482788086
3831,2.3281660079956055
3832,1.8696508407592773
3833,-11.328690528869629
3834,2.7368783950805664
3835,1.9830007553100586
3836,1.226944923400879
3837,-2.836012840270996
3838,3.914484977722168
3839,-14.60861587524414
3840,-2.278707504272461
3841,3.92965030670166
3842,0.3829989433288574
3843,0.8982639312744141
3844,6.375027656555176
3845,-17.80339813232422
3846,0.944890022277832
3847,6.269661903381348
3848,0.2545204162597656
3849,2.1939210891723633
3850,6.781769752502441
3851,-18.022809982299805
3852,2.13480281829834
3853,6.656769752502441
3854,0.036531925201416016
3855,-1.2687902450561523
3856,7.142718315124512
3857,-19.195844650268555
3858,-0.8495321273803711
3859,7.0439863204956055
3860,-1.6617457866668701
3861,-0.2785043716430664
3862,-2.950824737548828
3863,2.9541172981262207
3864,0.2820453643798828
3865,-3.0480690002441406
3866,2.1153101921081543
3867,0.35163116455078125
3868,-3.0285863876342773
3869,2.117671012878418
3870,0.4214334487915039
3871,-3.0094337463378906
3872,2.116191864013672
3873,0.2533378601074219
3874,-3.0543174743652344
3875,4.075379848480225
3876,0.30149078369140625
3877,-3.0381908416748047
3878,4.074574947357178
3879,0.35289478302001953
3880,-3.0191774368286133
3881,4.073127269744873
3882,0.7974939346313477
3883,-2.7804222106933594
3884,-0.4300112724304199
3885,0.7352466583251953
3886,-2.76639461517334
3887,8.207271575927734
3888,-0.4101552963256836
3889,-2.716032028198242
3890,2.00466251373291
3891,-0.4523658752441406
3892,-2.725177764892578
3893,4.502786159515381
3894,0.05175971984863281
3895,-1.9678516387939453
3896,-6.491636753082275
3897,0.45946788787841797
3898,-1.2245635986328125
3899,12.365131378173828
3900,-3.7401771545410156
3901,-2.120631217956543
3902,-7.299682140350342
3903,-4.225975036621094
3904,-1.311631202697754
3905,15.36135482788086
3906,-6.0521240234375
3907,-3.2288684844970703
3908,-1.294513463973999
3909,-6.889014720916748
3910,-2.375730514526367
3911,13.184955596923828
3912,-6.389307022094727
3913,-3.570345878601074
3914,-1.9858169555664062
3915,-7.486194610595703
3916,-2.638150215148926
3917,13.501672744750977
3918,-6.177181243896484
3919,-3.6138315200805664
3920,-1.5872128009796143
3921,-7.198217868804932
3922,-2.7417001724243164
3923,12.767831802368164
3924,-6.142457962036133
3925,-3.4218759536743164
3926,-0.9369893074035645
3927,-6.96252965927124
3928,-2.7403488159179688
3929,12.708396911621094
3930,2.1031599044799805
3931,1.7030763626098633
3932,-11.337896347045898
3933,2.5006914138793945
3934,1.8888139724731445
3935,1.236170768737793
3936,-2.965359687805176
3937,3.9085988998413086
3938,-14.638980865478516
3939,-2.2479772567749023
3940,3.910048484802246
3941,-1.2671222686767578
3942,0.8738775253295898
3943,6.350752830505371
3944,-17.715295791625977
3945,1.0487632751464844
3946,6.29776668548584
3947,-2.49109148979187
3948,2.118556022644043
3949,6.740483283996582
3950,-17.665843963623047
3951,2.2918176651000977
3952,6.7161359786987305
3953,-2.644998073577881
3954,-1.2962322235107422
3955,7.1428117752075195
3956,-17.81140899658203
3957,-0.8404026031494141
3958,7.070296287536621
3959,-4.4379682540893555
3960,0.8240833282470703
3961,-3.4707517623901367
3962,12.534605026245117
3963,1.3658113479614258
3964,-3.5012197494506836
3965,11.720975875854492
3966,1.4276418685913086
3967,-3.482637405395508
3968,11.726348876953125
3969,1.4808988571166992
3970,-3.466069221496582
3971,11.72393798828125
3972,1.340301513671875
3973,-3.4827165603637695
3974,13.738075256347656
3975,1.3799638748168945
3976,-3.4586305618286133
3977,13.741966247558594
3978,1.4154062271118164
3979,-3.4318037033081055
3980,13.740852355957031
3981,1.681971549987793
3982,-3.2143983840942383
3983,8.087186813354492
3984,1.592270851135254
3985,-3.1795759201049805
3986,17.17255973815918
3987,0.5874481201171875
3988,-3.297544479370117
3989,11.105798721313477
3990,0.5074892044067383
3991,-3.2744569778442383
3992,13.687768936157227
3993,0.6789112091064453
3994,-2.617349624633789
3995,1.2559280395507812
3996,0.6033735275268555
3997,-1.8316221237182617
3998,20.651870727539062
3999,-2.7622947692871094
4000,-3.5561180114746094
4001,4.027369976043701
4002,-3.380298614501953
4003,-2.4531478881835938
4004,26.70069694519043
4005,-4.203945159912109
4006,-4.697324752807617
4007,17.21735382080078
4008,-4.4124250411987305
4009,-4.0258588790893555
4010,29.86857032775879
4011,-4.3983154296875
4012,-4.9887237548828125
4013,17.46196746826172
4014,-4.609651565551758
4015,-4.304363250732422
4016,30.178377151489258
4017,-4.452404975891113
4018,-4.944262504577637
4019,17.430706024169922
4020,-4.4138288497924805
4021,-4.386092185974121
4022,30.44349479675293
4023,-4.437241554260254
4024,-4.861554145812988
4025,17.520523071289062
4026,-4.3220109939575195
4027,-4.289033889770508
4028,29.770620346069336
4029,1.4118318557739258
4030,1.1529512405395508
4031,-11.37553596496582
4032,1.9019651412963867
4033,1.3404474258422852
4034,1.274836540222168
4035,-3.0474205017089844
4036,3.7877302169799805
4037,-14.63014030456543
4038,-2.4086780548095703
4039,3.7808961868286133
4040,-2.5870187282562256
4041,0.8598804473876953
4042,6.29410457611084
4043,-20.059141159057617
4044,0.9533195495605469
4045,6.251961708068848
4046,-10.958847999572754
4047,2.074488639831543
4048,6.645783424377441
4049,-20.613162994384766
4050,2.1029844284057617
4051,6.710736274719238
4052,-12.029546737670898
4053,-1.3017358779907227
4054,7.148465156555176
4055,-22.352825164794922
4056,-0.8683586120605469
4057,7.080107688903809
4058,-14.754735946655273
4059,1.185450553894043
4060,-3.534968376159668
4061,7.252041339874268
4062,1.7147245407104492
4063,-3.5539913177490234
4064,6.550517559051514
4065,1.776993751525879
4066,-3.5403976440429688
4067,6.5528645515441895
4068,1.8344812393188477
4069,-3.517770767211914
4070,6.5504631996154785
4071,1.647862434387207
4072,-3.544997215270996
4073,8.418140411376953
4074,1.6631345748901367
4075,-3.51633358001709
4076,8.419830322265625
4077,1.6746492385864258
4078,-3.4930496215820312
4079,8.41920280456543
4080,2.0369977951049805
4081,-3.281888008117676
4082,3.7648844718933105
4083,1.8092374801635742
4084,-3.244983673095703
4085,12.208806991577148
4086,0.968714714050293
4087,-3.3685388565063477
4088,6.165343761444092
4089,0.7733793258666992
4090,-3.341334342956543
4091,8.576848983764648
4092,1.3254470825195312
4093,-2.668084144592285
4094,-2.730037212371826
4095,0.3896217346191406
4096,-2.0440359115600586
4097,15.983074188232422
4098,-2.3774795532226562
4099,-3.5525312423706055
4100,-3.99650502204895
4101,-3.089470863342285
4102,-2.6171951293945312
4103,22.316884994506836
4104,-3.4340133666992188
4105,-4.763007164001465
4106,2.699000358581543
4107,-3.784012794494629
4108,-4.131150245666504
4109,25.812950134277344
4110,-3.9415063858032227
4111,-5.204671859741211
4112,2.317727565765381
4113,-3.890852928161621
4114,-4.529777526855469
4115,26.527589797973633
4116,-3.973073959350586
4117,-5.073503494262695
4118,2.372087001800537
4119,-3.663569450378418
4120,-4.564516067504883
4121,26.467008590698242
4122,-3.851011276245117
4123,-4.918828010559082
4124,2.9270524978637695
4125,-3.6190710067749023
4126,-4.475078582763672
4127,25.66800308227539
4128,1.241490364074707
4129,0.9937601089477539
4130,-11.411352157592773
4131,1.1109237670898438
4132,1.2364702224731445
4133,1.3117518424987793
4134,-3.0259103775024414
4135,3.739974021911621
4136,-16.064350128173828
4137,-2.4426746368408203
4138,3.7263383865356445
4139,-2.137472152709961
4140,0.8809604644775391
4141,6.28994083404541
4142,-21.454240798950195
4143,0.8862552642822266
4144,6.250882148742676
4145,-5.651750564575195
4146,2.1375913619995117
4147,6.638113975524902
4148,-21.897247314453125
4149,2.105137825012207
4150,6.702559471130371
4151,-6.1282758712768555
4152,-1.2920713424682617
4153,7.161025047302246
4154,-24.12690544128418
4155,-1.0234794616699219
4156,7.087553977966309
4157,-8.017851829528809
4158,2.449854850769043
4159,-3.9243106842041016
4160,9.198404312133789
4161,2.9176416397094727
4162,-3.839305877685547
4163,9.036626815795898
4164,2.9876279830932617
4165,-3.8173723220825195
4166,9.035999298095703
4167,3.049605369567871
4168,-3.796309471130371
4169,9.029020309448242
4170,2.780888557434082
4171,-3.833254814147949
4172,10.490152359008789
4173,2.7174863815307617
4174,-3.803891181945801
4175,10.491558074951172
4176,2.6821584701538086
4177,-3.7777938842773438
4178,10.492715835571289
4179,2.998692512512207
4180,-3.5622873306274414
4181,8.390470504760742
4182,2.5206804275512695
4183,-3.515913963317871
4184,14.838968276977539
4185,2.08162784576416
4186,-3.7422266006469727
4187,8.902294158935547
4188,1.8622560501098633
4189,-3.7291393280029297
4190,10.738380432128906
4191,1.686213493347168
4192,-3.0987558364868164
4193,2.5918421745300293
4194,0.38048648834228516
4195,-2.5140085220336914
4196,18.933860778808594
4197,-0.3466005325317383
4198,-4.565455436706543
4199,3.8187270164489746
4200,-3.029261589050293
4201,-3.009701728820801
4202,27.860414505004883
4203,-0.2786369323730469
4204,-5.623377799987793
4205,13.456085205078125
4206,-2.3997392654418945
4207,-4.078780174255371
4208,35.231624603271484
4209,-0.1056356430053711
4210,-5.8825225830078125
4211,14.239055633544922
4212,-2.237039566040039
4213,-4.226754188537598
4214,36.68009948730469
4215,0.18613529205322266
4216,-5.8173370361328125
4217,14.225059509277344
4218,-1.5785293579101562
4219,-4.300228118896484
4220,36.82908248901367
4221,0.1267862319946289
4222,-5.747101783752441
4223,13.768383026123047
4224,-1.667428970336914
4225,-4.317557334899902
4226,35.28669738769531
4227,0.4046449661254883
4228,0.42743873596191406
4229,-11.072921752929688
4230,-0.124359130859375
4231,0.7083444595336914
4232,0.980776309967041
4233,-2.962259292602539
4234,3.280606269836426
4235,-15.757726669311523
4236,-2.6894845962524414
4237,3.415297508239746
4238,-6.376870155334473
4239,0.8380670547485352
4240,6.156376838684082
4241,-20.940208435058594
4242,0.6985921859741211
4243,6.110226631164551
4244,-13.103759765625
4245,2.147883415222168
4246,6.461728096008301
4247,-21.424442291259766
4248,1.9539861679077148
4249,6.50632381439209
4250,-13.938089370727539
4251,-1.2812795639038086
4252,7.161320686340332
4253,-24.139781951904297
4254,-1.0440301895141602
4255,7.084338188171387
4256,-16.84800910949707
4257,2.550105094909668
4258,-3.966660499572754
4259,10.664697647094727
4260,3.02115535736084
4261,-3.913869857788086
4262,9.953889846801758
4263,3.0740175247192383
4264,-3.893630027770996
4265,9.954721450805664
4266,3.1163854598999023
4267,-3.876584053039551
4268,9.948944091796875
4269,2.9247350692749023
4270,-3.917759895324707
4271,11.54115104675293
4272,2.9040727615356445
4273,-3.8992977142333984
4274,11.543096542358398
4275,2.8820695877075195
4276,-3.8743391036987305
4277,11.543542861938477
4278,3.1084413528442383
4279,-3.6415443420410156
4280,7.321232318878174
4281,2.795529365539551
4282,-3.6149444580078125
4283,14.519460678100586
4284,2.2789793014526367
4285,-3.807605743408203
4286,9.776283264160156
4287,2.0979223251342773
4288,-3.8150320053100586
4289,11.812625885009766
4290,1.8290472030639648
4291,-3.181729316711426
4292,1.5936379432678223
4293,0.5272893905639648
4294,-2.645594596862793
4295,17.656557083129883
4296,0.2055683135986328
4297,-4.60927677154541
4298,4.744703769683838
4299,-2.28194522857666
4300,-3.356504440307617
4301,24.51210594177246
4302,0.6811647415161133
4303,-5.737523078918457
4304,17.268583297729492
4305,-0.5315771102905273
4306,-4.74821662902832
4307,29.884096145629883
4308,0.9043350219726562
4309,-5.932814598083496
4310,18.41533660888672
4311,-0.11779403686523438
4312,-4.931879997253418
4313,30.82352638244629
4314,1.2544469833374023
4315,-5.834591865539551
4316,18.54876136779785
4317,0.4650392532348633
4318,-5.039704322814941
4319,31.003793716430664
4320,1.1481742858886719
4321,-5.777793884277344
4322,17.71382713317871
4323,0.29892539978027344
4324,-5.050600051879883
4325,29.893362045288086
4326,0.04694843292236328
4327,0.27863121032714844
4328,-10.938440322875977
4329,-0.4574775695800781
4330,0.5599842071533203
4331,0.8450016975402832
4332,-2.912346839904785
4333,3.2001256942749023
4334,-15.826309204101562
4335,-2.6859006881713867
4336,3.3225507736206055
4337,-4.418268203735352
4338,0.7724132537841797
4339,6.110795021057129
4340,-21.807178497314453
4341,0.5416784286499023
4342,6.0813703536987305
4343,-9.772209167480469
4344,2.156073570251465
4345,6.425629615783691
4346,-22.336715698242188
4347,1.845686912536621
4348,6.479859352111816
4349,-10.460406303405762
4350,-1.2785730361938477
4351,7.177351951599121
4352,-25.299522399902344
4353,-1.1626300811767578
4354,7.096068382263184
4355,-12.849794387817383
4356,4.152621269226074
4357,-4.303873062133789
4358,8.339046478271484
4359,4.5521955490112305
4360,-4.180444717407227
4361,8.142038345336914
4362,4.537787437438965
4363,-4.121386528015137
4364,8.142292022705078
4365,4.535088539123535
4366,-4.099686622619629
4367,8.134649276733398
4368,4.483330726623535
4369,-4.184833526611328
4370,9.230182647705078
4371,4.322833061218262
4372,-4.140641212463379
4373,9.234430313110352
4374,4.281611442565918
4375,-4.117720603942871
4376,9.236976623535156
4377,4.1283369064331055
4378,-3.86122989654541
4379,7.482093334197998
4380,3.913081169128418
4381,-3.846909523010254
4382,12.230411529541016
4383,3.6867170333862305
4384,-4.203021049499512
4385,8.009172439575195
4386,3.6007909774780273
4387,-4.212606430053711
4388,9.401008605957031
4389,2.438046455383301
4390,-3.6181373596191406
4391,2.648348331451416
4392,0.976475715637207
4393,-3.2063541412353516
4394,15.42869758605957
4395,2.234652519226074
4396,-5.116574287414551
4397,6.215158939361572
4398,-0.06363487243652344
4399,-4.171557426452637
4400,20.317874908447266
4401,3.85922908782959
4402,-5.971564292907715
4403,17.819467544555664
4404,2.8653154373168945
4405,-5.530825614929199
4406,25.23386001586914
4407,4.425909996032715
4408,-6.083539009094238
4409,19.074771881103516
4410,3.6790971755981445
4411,-5.754366874694824
4412,25.92986488342285
4413,4.749152183532715
4414,-5.955053329467773
4415,19.560688018798828
4416,4.030756950378418
4417,-5.755918502807617
4418,26.4559326171875
4419,4.504220008850098
4420,-5.945823669433594
4421,18.316570281982422
4422,3.7760019302368164
4423,-5.749715805053711
4424,25.353300094604492
4425,-0.8951911926269531
4426,-0.5308170318603516
4427,-9.931889533996582
4428,-1.5241422653198242
4429,-0.2385883331298828
4430,-0.16988372802734375
4431,-2.880579948425293
4432,2.4766645431518555
4433,-15.358280181884766
4434,-2.863027572631836
4435,2.6279420852661133
4436,-5.295017719268799
4437,0.19847393035888672
4438,5.767352104187012
4439,-20.347745895385742
4440,-0.42165184020996094
4441,5.737343788146973
4442,-9.861898422241211
4443,1.6060247421264648
4444,5.9586286544799805
4445,-20.75149154663086
4446,0.7469320297241211
4447,6.010012626647949
4448,-10.364140510559082
4449,-1.2792577743530273
4450,7.177309989929199
4451,-23.74772071838379
4452,-1.4129419326782227
4453,7.058413505554199
4454,-12.819206237792969
4455,4.796887397766113
4456,-4.220551490783691
4457,3.432548999786377
4458,5.175942420959473
4459,-4.083460807800293
4460,2.8267574310302734
4461,5.174193382263184
4462,-4.049642562866211
4463,2.8268566131591797
4464,5.16660213470459
4465,-4.0301513671875
4466,2.819202423095703
4467,5.165488243103027
4468,-4.083322525024414
4469,4.11161470413208
4470,5.147122383117676
4471,-4.05178165435791
4472,4.113959789276123
4473,5.135601997375488
4474,-4.030306816101074
4475,4.120378017425537
4476,4.79720401763916
4477,-3.8270034790039062
4478,1.1292014122009277
4479,4.76546573638916
4480,-3.7972488403320312
4481,7.075657367706299
4482,4.45963191986084
4483,-4.153749465942383
4484,2.897273540496826
4485,4.4230852127075195
4486,-4.160495758056641
4487,4.558520793914795
4488,2.880906105041504
4489,-3.713099479675293
4490,-2.2134687900543213
4491,1.9263677597045898
4492,-3.336794853210449
4493,10.646184921264648
4494,2.710709571838379
4495,-5.4205474853515625
4496,-1.4020867347717285
4497,1.9641408920288086
4498,-4.573484420776367
4499,14.600851058959961
4500,4.918805122375488
4501,-6.000372886657715
4502,6.852851390838623
4503,4.1097307205200195
4504,-5.674398422241211
4505,18.075122833251953
4506,5.390563011169434
4507,-6.077877044677734
4508,7.254624843597412
4509,4.615012168884277
4510,-5.72087287902832
4511,18.154754638671875
4512,5.682316780090332
4513,-5.901653289794922
4514,7.62732458114624
4515,4.922183036804199
4516,-5.692160606384277
4517,19.173358917236328
4518,5.382563591003418
4519,-5.886269569396973
4520,7.242428302764893
4521,4.727431297302246
4522,-5.679848670959473
4523,18.19135284423828
4524,-1.3081235885620117
4525,-0.7090053558349609
4526,-10.136665344238281
4527,-1.5952644348144531
4528,-0.4941749572753906
4529,0.0345768928527832
4530,-2.9579477310180664
4531,2.436347007751465
4532,-14.548254013061523
4533,-2.963282585144043
4534,2.435849189758301
4535,-4.680832386016846
4536,-0.012200355529785156
4537,5.747103691101074
4538,-18.283130645751953
4539,-0.4691619873046875
4540,5.610062599182129
4541,-6.5028300285339355
4542,1.2839622497558594
4543,5.8636274337768555
4544,-18.444475173950195
4545,0.5415058135986328
4546,5.776547431945801
4547,-6.519519329071045
4548,-1.3082923889160156
4549,7.1772565841674805
4550,-22.24838638305664
4551,-1.546616554260254
4552,6.999489784240723
4553,-12.228151321411133
4554,6.2034502029418945
4555,-4.164684295654297
4556,0.8057236671447754
4557,6.419814109802246
4558,-3.9700231552124023
4559,0.17542743682861328
4560,6.3930559158325195
4561,-3.945035934448242
4562,0.17654085159301758
4563,6.361271858215332
4564,-3.928861618041992
4565,0.17113065719604492
4566,6.423104286193848
4567,-3.958253860473633
4568,1.6232962608337402
4569,6.400975227355957
4570,-3.9247140884399414
4571,1.6237659454345703
4572,6.3752336502075195
4573,-3.8993520736694336
4574,1.630420207977295
4575,5.756361961364746
4576,-3.7120676040649414
4577,-2.0483291149139404
4578,5.788233757019043
4579,-3.656399726867676
4580,4.656491756439209
4581,5.7337541580200195
4582,-4.196020126342773
4583,-0.015142440795898438
4584,5.72866153717041
4585,-4.188511848449707
4586,1.8745465278625488
4587,3.466671943664551
4588,-3.700960159301758
4589,-6.770223140716553
4590,2.5278329849243164
4591,-3.3479909896850586
4592,8.593744277954102
4593,3.7305288314819336
4594,-5.286587715148926
4595,-5.123201847076416
4596,3.1196069717407227
4597,-4.807311058044434
4598,11.585939407348633
4599,6.0211896896362305
4600,-6.107317924499512
4601,2.2235331535339355
4602,5.279738426208496
4603,-5.564959526062012
4604,12.748371124267578
4605,6.699332237243652
4606,-6.365564346313477
4607,1.9570469856262207
4608,6.198775291442871
4609,-5.713977813720703
4610,12.515520095825195
4611,6.847329139709473
4612,-6.145790100097656
4613,2.3438782691955566
4614,6.3781023025512695
4615,-5.711505889892578
4616,12.676517486572266
4617,6.557671546936035
4618,-6.027037620544434
4619,2.5873847007751465
4620,5.860817909240723
4621,-5.626588821411133
4622,12.466852188110352
4623,-1.9945335388183594
4624,-1.1005830764770508
4625,-10.266416549682617
4626,-2.0499162673950195
4627,-0.8718242645263672
4628,0.16660594940185547
4629,-3.590144157409668
4630,1.9358110427856445
4631,-14.297697067260742
4632,-3.416989326477051
4633,1.9519529342651367
4634,-4.155976295471191
4635,-0.7768526077270508
4636,5.052268028259277
4637,-16.692060470581055
4638,-1.0733270645141602
4639,4.861891746520996
4640,-2.9429337978363037
4641,0.36359500885009766
4642,5.087841987609863
4643,-16.634754180908203
4644,0.020456314086914062
4645,4.9434709548950195
4646,-2.7865488529205322
4647,-1.3223028182983398
4648,6.538504600524902
4649,-20.62454605102539
4650,-1.7917556762695312
4651,6.219790458679199
4652,-6.700631618499756
4653,6.1746625900268555
4654,-4.059945106506348
4655,-0.4400763511657715
4656,6.487235069274902
4657,-3.877720832824707
4658,-1.1968913078308105
4659,6.469912528991699
4660,-3.8535642623901367
4661,-1.195214033126831
4662,6.4502973556518555
4663,-3.834665298461914
4664,-1.199183702468872
4665,6.486542701721191
4666,-3.8646907806396484
4667,0.4222283363342285
4668,6.469283103942871
4669,-3.8314857482910156
4670,0.42082738876342773
4671,6.449484825134277
4672,-3.8050107955932617
4673,0.4271206855773926
4674,5.972952842712402
4675,-3.6038694381713867
4676,-3.725045680999756
4677,6.0239057540893555
4678,-3.570516586303711
4679,3.7616419792175293
4680,5.764874458312988
4681,-4.041897773742676
4682,-1.3291044235229492
4683,5.72171688079834
4684,-4.033463478088379
4685,0.7838258743286133
4686,3.7591733932495117
4687,-3.5552330017089844
4688,-8.694524765014648
4689,3.0224618911743164
4690,-3.2188968658447266
4691,8.212905883789062
4692,3.84061336517334
4693,-5.330596923828125
4694,-7.776033401489258
4695,2.8058691024780273
4696,-4.267022132873535
4697,11.910211563110352
4698,6.438332557678223
4699,-6.124355316162109
4700,0.6084117889404297
4701,5.523835182189941
4702,-5.052114486694336
4703,13.59480094909668
4704,6.975226402282715
4705,-6.279302597045898
4706,0.18938875198364258
4707,6.364529609680176
4708,-5.199089050292969
4709,13.527948379516602
4710,7.202811241149902
4711,-6.039072036743164
4712,0.631659984588623
4713,6.4900712966918945
4714,-5.173223495483398
4715,13.318988800048828
4716,7.059937477111816
4717,-6.011822700500488
4718,0.9716458320617676
4719,6.242913246154785
4720,-5.151623725891113
4721,13.199615478515625
4722,-2.210972785949707
4723,-1.2573213577270508
4724,-10.366235733032227
4725,-2.3094587326049805
4726,-0.9659929275512695
4727,0.26746129989624023
4728,-3.801732063293457
4729,1.9172697067260742
4730,-14.035943984985352
4731,-3.5865087509155273
4732,1.9456815719604492
4733,-4.0442047119140625
4734,-0.95855712890625
4735,4.919981956481934
4736,-15.233928680419922
4737,-1.2884407043457031
4738,4.695773124694824
4739,-0.8896684646606445
4740,0.07368183135986328
4741,4.931530952453613
4742,-15.168209075927734
4743,-0.202606201171875
4744,4.7411298751831055
4745,-0.6561470031738281
4746,-1.3345489501953125
4747,6.293560981750488
4748,-19.44231414794922
4749,-1.720597267150879
4750,6.0668134689331055
4751,-3.4264233112335205
4752,6.741843223571777
4753,-4.059286117553711
4754,-4.811141490936279
4755,7.075366020202637
4756,-3.8382081985473633
4757,-5.643594741821289
4758,7.047430992126465
4759,-3.8103761672973633
4760,-5.640948295593262
4761,7.016186714172363
4762,-3.7876157760620117
4763,-5.643486976623535
4764,7.087862968444824
4765,-3.832585334777832
4766,-3.8943371772766113
4767,7.0666093826293945
4768,-3.7996578216552734
4769,-3.8957738876342773
4770,7.041876792907715
4771,-3.772645950317383
4772,-3.8907010555267334
4773,6.553042411804199
4774,-3.5549468994140625
4775,-8.174193382263184
4776,6.650385856628418
4777,-3.5417051315307617
4778,-0.09937572479248047
4779,6.301665306091309
4780,-4.049258232116699
4781,-5.706698417663574
4782,6.2643327713012695
4783,-4.0537519454956055
4784,-3.411726951599121
4785,4.070734977722168
4786,-3.6698999404907227
4787,-12.630239486694336
4788,3.6928415298461914
4789,-3.35994815826416
4790,4.390705585479736
4791,4.163348197937012
4792,-5.3820343017578125
4793,-13.399429321289062
4794,4.2841081619262695
4795,-4.84274959564209
4796,7.629110813140869
4797,6.984421730041504
4798,-6.153909683227539
4799,-7.481722831726074
4800,6.637578010559082
4801,-5.586564064025879
4802,8.411712646484375
4803,7.533865928649902
4804,-6.324324607849121
4805,-8.623186111450195
4806,7.261843681335449
4807,-5.751874923706055
4808,8.29121208190918
4809,7.750061988830566
4810,-6.112862586975098
4811,-7.952162265777588
4812,7.412884712219238
4813,-5.634183883666992
4814,7.718058109283447
4815,7.669571876525879
4816,-6.074357986450195
4817,-7.227638244628906
4818,7.389849662780762
4819,-5.547584533691406
4820,7.853808879852295
4821,-2.675858497619629
4822,-1.6873807907104492
4823,-10.37707233428955
4824,-2.465251922607422
4825,-1.4316177368164062
4826,0.27715349197387695
4827,-5.425586700439453
4828,1.1009492874145508
4829,-12.853328704833984
4830,-4.664055824279785
4831,1.207972526550293
4832,-1.0678198337554932
4833,-1.8607110977172852
4834,4.186505317687988
4835,-13.302349090576172
4836,-1.7731752395629883
4837,3.6555089950561523
4838,2.453512668609619
4839,-0.702519416809082
4840,4.29184627532959
4841,-13.175806045532227
4842,-0.7863578796386719
4843,3.621403694152832
4844,2.810079574584961
4845,-1.8421783447265625
4846,5.25107479095459
4847,-16.33906364440918
4848,-1.8250007629394531
4849,4.911345481872559
4850,0.9058327674865723
4851,6.937134742736816
4852,-3.980118751525879
4853,-4.441258907318115
4854,7.231009483337402
4855,-3.7702388763427734
4856,-5.2234344482421875
4857,7.202858924865723
4858,-3.7409276962280273
4859,-5.2201666831970215
4860,7.176873207092285
4861,-3.707874298095703
4862,-5.222751617431641
4863,7.257760047912598
4864,-3.7682600021362305
4865,-3.465825080871582
4866,7.246260643005371
4867,-3.7358264923095703
4868,-3.4662976264953613
4869,7.256939888000488
4870,-3.698221206665039
4871,-3.461587429046631
4872,6.7515153884887695
4873,-3.475508689880371
4874,-7.535866737365723
4875,6.822281837463379
4876,-3.464567184448242
4877,0.5359869003295898
4878,6.484244346618652
4879,-3.953373908996582
4880,-5.265322208404541
4881,6.47702693939209
4882,-3.9602279663085938
4883,-2.9684321880340576
4884,4.320565223693848
4885,-3.6271228790283203
4886,-11.909629821777344
4887,3.996249198913574
4888,-3.2488021850585938
4889,5.068304538726807
4890,4.211848258972168
4891,-5.381198883056641
4892,-12.093496322631836
4893,4.282042503356934
4894,-4.7313032150268555
4895,8.275457382202148
4896,6.944788932800293
4897,-6.104333877563477
4898,-5.63930082321167
4899,6.565367698669434
4900,-5.528104782104492
4901,8.436159133911133
4902,7.776228904724121
4903,-6.254315376281738
4904,-6.6409783363342285
4905,7.218014717102051
4906,-5.533605575561523
4907,8.332660675048828
4908,7.896725654602051
4909,-6.022631645202637
4910,-6.165273666381836
4911,7.284354209899902
4912,-5.519553184509277
4913,7.576229572296143
4914,7.7222394943237305
4915,-5.980236053466797
4916,-5.400203704833984
4917,7.09201717376709
4918,-5.466706275939941
4919,7.791362285614014
4920,-2.70847225189209
4921,-1.8173637390136719
4922,-10.357084274291992
4923,-2.5059690475463867
4924,-1.5989322662353516
4925,0.2597694396972656
4926,-5.5678815841674805
4927,1.0503816604614258
4928,-12.875937461853027
4929,-5.084178924560547
4930,1.1063604354858398
4931,-1.012317180633545
4932,-1.9281177520751953
4933,3.663071632385254
4934,-12.155851364135742
4935,-1.9134750366210938
4936,3.4584360122680664
4937,2.0243372917175293
4938,-1.012038230895996
4939,3.653487205505371
4940,-11.764802932739258
4941,-0.964207649230957
4942,3.42647647857666
4943,2.42280912399292
4944,-1.927048683166504
4945,5.008683204650879
4946,-13.91635513305664
4947,-1.851698875427246
4948,4.742091178894043
4949,0.6415133476257324
4950,7.609667778015137
4951,-3.89003849029541
4952,-6.665322303771973
4953,7.722437858581543
4954,-3.666853904724121
4955,-7.345715045928955
4956,7.675776481628418
4957,-3.6395263671875
4958,-7.343012809753418
4959,7.632939338684082
4960,-3.609452247619629
4961,-7.344756126403809
4962,7.740015983581543
4963,-3.6472959518432617
4964,-5.748041152954102
4965,7.706507682800293
4966,-3.6052703857421875
4967,-5.748093605041504
4968,7.681088447570801
4969,-3.5622644424438477
4970,-5.743332862854004
4971,6.999449729919434
4972,-3.379945755004883
4973,-9.418067932128906
4974,7.099623680114746
4975,-3.3529510498046875
4976,-2.111809730529785
4977,7.05399227142334
4978,-3.779325485229492
4979,-7.439467430114746
4980,7.043931007385254
4981,-3.78277587890625
4982,-5.352331638336182
4983,4.318524360656738
4984,-3.55892276763916
4985,-13.794292449951172
4986,4.380539894104004
4987,-3.06634521484375
4988,3.0467495918273926
4989,3.9760351181030273
4990,-5.344388961791992
4991,-14.894521713256836
4992,4.149439811706543
4993,-4.717650413513184
4994,6.049617290496826
4995,6.600813865661621
4996,-6.287091255187988
4997,-11.199274063110352
4998,6.4356489181518555
4999,-5.600409507751465
5000,6.038200855255127
5001,7.2786359786987305
5002,-6.495901107788086
5003,-12.85629940032959
5004,7.329867362976074
5005,-5.4847002029418945
5006,6.460504055023193
5007,7.489245414733887
5008,-6.361241340637207
5009,-12.06057357788086
5010,7.355849266052246
5011,-5.522191047668457
5012,5.297923564910889
5013,7.224146842956543
5014,-6.260472297668457
5015,-10.927905082702637
5016,6.998093605041504
5017,-5.650263786315918
5018,5.313074588775635
5019,-2.8683414459228516
5020,-2.033987045288086
5021,-10.414519309997559
5022,-2.266289710998535
5023,-1.7416696548461914
5024,0.3169541358947754
5025,-7.192659378051758
5026,0.04654216766357422
5027,-13.22568130493164
5028,-6.13557243347168
5029,0.10174179077148438
5030,2.2879772186279297
5031,-2.9458866119384766
5032,2.187037467956543
5033,-11.104578971862793
5034,-2.633382797241211
5035,2.1770124435424805
5036,4.115843296051025
5037,-2.1586217880249023
5038,2.0667009353637695
5039,-10.60224437713623
5040,-1.8460311889648438
5041,2.0508127212524414
5042,4.243178844451904
5043,-1.8816471099853516
5044,3.52101993560791
5045,-9.179035186767578
5046,-1.8022708892822266
5047,3.328007698059082
5048,4.54157018661499
5049,7.655709266662598
5050,-3.8055524826049805
5051,-5.989405632019043
5052,7.775862693786621
5053,-3.6077957153320312
5054,-6.721399307250977
5055,7.725899696350098
5056,-3.5780763626098633
5057,-6.71912956237793
5058,7.680895805358887
5059,-3.5448684692382812
5060,-6.721985816955566
5061,7.805727958679199
5062,-3.5891990661621094
5063,-5.1149187088012695
5064,7.7776899337768555
5065,-3.5467891693115234
5066,-5.114657402038574
5067,7.755379676818848
5068,-3.5042009353637695
5069,-5.110208034515381
5070,7.007498741149902
5071,-3.298863410949707
5072,-8.688657760620117
5073,7.167407035827637
5074,-3.3283700942993164
5075,-1.4108388423919678
5076,7.063603401184082
5077,-3.6829423904418945
5078,-6.682462215423584
5079,7.0845232009887695
5080,-3.68483829498291
5081,-4.606743812561035
5082,4.40511417388916
5083,-3.4910430908203125
5084,-12.884845733642578
5085,4.487401008605957
5086,-2.9617042541503906
5087,3.6746935844421387
5088,3.7829599380493164
5089,-5.326057434082031
5090,-12.373075485229492
5091,4.330727577209473
5092,-4.407112121582031
5093,7.100735187530518
5094,6.2826128005981445
5095,-6.247951507568359
5096,-7.122194766998291
5097,6.155543327331543
5098,-5.5667266845703125
5099,7.084962368011475
5100,6.904942512512207
5101,-6.5035600662231445
5102,-8.144834518432617
5103,6.989163398742676
5104,-5.368786811828613
5105,7.6626105308532715
5106,7.107377052307129
5107,-6.385122299194336
5108,-7.554403305053711
5109,7.079379081726074
5110,-5.429266929626465
5111,6.292561054229736
5112,6.859999656677246
5113,-6.278797149658203
5114,-6.82631778717041
5115,6.814379692077637
5116,-5.438246726989746
5117,6.351052761077881
5118,-2.8600635528564453
5119,-2.092599868774414
5120,-10.228193283081055
5121,-2.3103628158569336
5122,-1.9088735580444336
5123,0.1344747543334961
5124,-7.44392204284668
5125,-0.06632232666015625
5126,-13.731792449951172
5127,-6.495462417602539
5128,0.007914543151855469
5129,1.1142525672912598
5130,-3.116497039794922
5131,2.1283559799194336
5132,-11.77846908569336
5133,-2.896026611328125
5134,2.0529279708862305
5135,2.1866354942321777
5136,-2.3537769317626953
5137,2.0283403396606445
5138,-11.242673873901367
5139,-2.0746450424194336
5140,1.944005012512207
5141,2.303915023803711
5142,-1.8501567840576172
5143,3.415623664855957
5144,-9.807673454284668
5145,-1.7640457153320312
5146,3.2997446060180664
5147,2.234490394592285
5148,7.430331230163574
5149,-3.742617607116699
5150,-3.3232882022857666
5151,7.684615135192871
5152,-3.474503517150879
5153,-3.891740322113037
5154,7.630274772644043
5155,-3.452096939086914
5156,-3.8902480602264404
5157,7.599785804748535
5158,-3.4297094345092773
5159,-3.8929545879364014
5160,7.7151899337768555
5161,-3.4355382919311523
5162,-2.260874032974243
5163,7.679038047790527
5164,-3.3902177810668945
5165,-2.260627269744873
5166,7.664547920227051
5167,-3.3515243530273438
5168,-2.2582828998565674
5169,7.140170097351074
5170,-3.237302780151367
5171,-6.7705206871032715
5172,7.234166145324707
5173,-3.1786603927612305
5174,0.5030989646911621
5175,6.881588935852051
5176,-3.6613693237304688
5177,-3.9611849784851074
5178,6.905362129211426
5179,-3.671778678894043
5180,-1.8403584957122803
5181,4.719416618347168
5182,-3.5038204193115234
5183,-11.589664459228516
5184,4.628157615661621
5185,-2.925291061401367
5186,5.227291584014893
5187,3.314225196838379
5188,-5.2231645584106445
5189,-11.354501724243164
5190,3.8320207595825195
5191,-4.077183723449707
5192,8.684331893920898
5193,5.208144187927246
5194,-6.515970230102539
5195,-6.303999900817871
5196,5.248076438903809
5197,-4.805475234985352
5198,15.967779159545898
5199,5.659348487854004
5200,-6.8739824295043945
5201,-6.957448482513428
5202,5.814654350280762
5203,-4.839665412902832
5204,17.773651123046875
5205,5.880724906921387
5206,-6.791139602661133
5207,-6.369363784790039
5208,5.729205131530762
5209,-4.847087860107422
5210,16.51165771484375
5211,5.719491004943848
5212,-6.687054634094238
5213,-5.882216453552246
5214,5.554129600524902
5215,-4.858273506164551
5216,15.530677795410156
5217,-2.7121152877807617
5218,-2.2332191467285156
5219,-10.159870147705078
5220,-2.2300262451171875
5221,-1.8187952041625977
5222,0.06120014190673828
5223,-8.758872032165527
5224,-1.1693038940429688
5225,-13.727899551391602
5226,-7.623058795928955
5227,-0.9398059844970703
5228,0.5700588226318359
5229,-4.530165672302246
5230,0.8817377090454102
5231,-8.0625638961792
5232,-4.202998161315918
5233,0.8597574234008789
5234,4.810844898223877
5235,-3.682082176208496
5236,0.7557411193847656
5237,-7.220522880554199
5238,-3.3323144912719727
5239,0.7397785186767578
5240,5.394473552703857
5241,-3.1216869354248047
5242,2.099015235900879
5243,-4.9063215255737305
5244,-3.303025245666504
5245,1.9519624710083008
5246,6.93037748336792
5247,7.504063606262207
5248,-3.680774688720703
5249,-1.1387548446655273
5250,7.747530937194824
5251,-3.3559932708740234
5252,-2.8673441410064697
5253,7.703700065612793
5254,-3.345064163208008
5255,-2.8685390949249268
5256,7.643752098083496
5257,-3.3332128524780273
5258,-2.8675084114074707
5259,7.764054298400879
5260,-3.314499855041504
5261,-1.2287158966064453
5262,7.746996879577637
5263,-3.2500486373901367
5264,-1.232950210571289
5265,7.725052833557129
5266,-3.2151575088500977
5267,-1.240934133529663
5268,7.172307014465332
5269,-3.1932601928710938
5270,-5.510395526885986
5271,7.284090995788574
5272,-3.060574531555176
5273,1.855515480041504
5274,6.935153007507324
5275,-3.6483259201049805
5276,-2.5083329677581787
5277,6.946173667907715
5278,-3.6578283309936523
5279,-0.4271879196166992
5280,4.747893333435059
5281,-3.5093631744384766
5282,-10.644025802612305
5283,4.617541313171387
5284,-2.8422393798828125
5285,6.3878493309021
5286,3.165013313293457
5287,-5.218317031860352
5288,-10.57954216003418
5289,3.6906137466430664
5290,-3.365542411804199
5291,14.97970962524414
5292,4.868597984313965
5293,-6.5906267166137695
5294,-2.522061586380005
5295,4.844172477722168
5296,-4.434906959533691
5297,24.084651947021484
5298,5.193686485290527
5299,-6.996281623840332
5300,-2.390916109085083
5301,5.5138750076293945
5302,-4.445446968078613
5303,26.5046329498291
5304,5.463347434997559
5305,-6.914119720458984
5306,-1.8232018947601318
5307,5.442168235778809
5308,-4.606279373168945
5309,25.469419479370117
5310,5.353684425354004
5311,-6.766427993774414
5312,-1.9243574142456055
5313,5.17612361907959
5314,-4.578908920288086
5315,23.833059310913086
5316,-2.704113006591797
5317,-2.3091907501220703
5318,-10.21481704711914
5319,-2.1888961791992188
5320,-1.8250207901000977
5321,0.11398029327392578
5322,-8.950933456420898
5323,-1.2420673370361328
5324,-13.729848861694336
5325,-7.76497745513916
5326,-1.0321645736694336
5327,0.3489527702331543
5328,-4.792774200439453
5329,0.7874212265014648
5330,-8.045819282531738
5331,-4.331027984619141
5332,0.8151464462280273
5333,4.904837131500244
5334,-3.965129852294922
5335,0.6891164779663086
5336,-7.222681045532227
5337,-3.5731887817382812
5338,0.7078418731689453
5339,5.525646686553955
5340,-3.636664390563965
5341,1.9778375625610352
5342,-4.9753737449646
5343,-3.706714630126953
5344,1.9803342819213867
5345,7.148726940155029
5346,7.37985897064209
5347,-3.416990280151367
5348,2.7294907569885254
5349,7.566123008728027
5350,-3.171908378601074
5351,1.04766845703125
5352,7.5358476638793945
5353,-3.1738204956054688
5354,1.0481047630310059
5355,7.505719184875488
5356,-3.177387237548828
5357,1.0496363639831543
5358,7.582060813903809
5359,-3.0829381942749023
5360,2.447662353515625
5361,7.548089027404785
5362,-3.0412092208862305
5363,2.4453935623168945
5364,7.5204877853393555
5365,-3.015653610229492
5366,2.439181327819824
5367,7.11173152923584
5368,-3.1252975463867188
5369,-4.248021125793457
5370,7.1217546463012695
5371,-2.8890581130981445
5372,2.409390926361084
5373,6.862002372741699
5374,-3.5056838989257812
5375,1.0987744331359863
5376,6.863709449768066
5377,-3.418539047241211
5378,2.894247055053711
5379,4.908709526062012
5380,-3.5328121185302734
5381,-10.164741516113281
5382,4.6657915115356445
5383,-2.7060632705688477
5384,6.9031662940979
5385,2.9577016830444336
5386,-5.062729835510254
5387,-9.094429016113281
5388,3.3066587448120117
5389,-3.2203598022460938
5390,13.89034652709961
5391,3.6880922317504883
5392,-6.783267974853516
5393,-1.8458917140960693
5394,4.604365348815918
5395,-4.610527992248535
5396,18.65089988708496
5397,3.602322578430176
5398,-7.189133644104004
5399,-1.954935073852539
5400,4.858290672302246
5401,-4.75839900970459
5402,20.4642333984375
5403,3.9918928146362305
5404,-7.171713829040527
5405,-0.9431138038635254
5406,4.964076042175293
5407,-4.911510467529297
5408,19.313949584960938
5409,3.95400333404541
5410,-7.0420637130737305
5411,-1.1488163471221924
5412,4.723563194274902
5413,-4.845812797546387
5414,18.26774787902832
5415,-2.801884651184082
5416,-2.1494293212890625
5417,-10.243221282958984
5418,-2.4814062118530273
5419,-1.6557378768920898
5420,0.1443476676940918
5421,-9.410566329956055
5422,-2.615478515625
5423,-13.37786865234375
5424,-8.087360382080078
5425,-1.944962501525879
5426,2.9000906944274902
5427,-6.327010154724121
5428,-0.2710227966308594
5429,-7.019047737121582
5430,-5.7125091552734375
5431,0.036316871643066406
5432,6.703140735626221
5433,-5.504249572753906
5434,-0.24210453033447266
5435,-6.139906406402588
5436,-4.732199668884277
5437,0.08946800231933594
5438,7.193236827850342
5439,-5.618353843688965
5440,1.0052080154418945
5441,-2.611748456954956
5442,-6.01680850982666
5443,1.0158071517944336
5444,9.556739807128906
5445,7.608149528503418
5446,-3.1958751678466797
5447,3.3042216300964355
5448,7.771319389343262
5449,-2.9890613555908203
5450,1.7173399925231934
5451,7.737696647644043
5452,-3.0017051696777344
5453,1.71759033203125
5454,7.711289405822754
5455,-3.0159950256347656
5456,1.7190628051757812
5457,7.745598793029785
5458,-2.895665168762207
5459,3.181809902191162
5460,7.726096153259277
5461,-2.8232173919677734
5462,3.180039882659912
5463,7.692383766174316
5464,-2.785947799682617
5465,3.175734043121338
5466,7.294955253601074
5467,-3.0089111328125
5468,-3.7817842960357666
5469,7.2491655349731445
5470,-2.7138538360595703
5471,2.585498809814453
5472,7.1117048263549805
5473,-3.3330421447753906
5474,1.6832027435302734
5475,7.074620246887207
5476,-3.1940650939941406
5477,3.562309741973877
5478,4.977347373962402
5479,-3.542239189147949
5480,-9.859807968139648
5481,4.693037986755371
5482,-2.6088390350341797
5483,7.16389799118042
5484,2.838395118713379
5485,-5.059587478637695
5486,-9.100079536437988
5487,3.0958452224731445
5488,-3.1073265075683594
5489,13.476964950561523
5490,3.097681999206543
5491,-6.790463447570801
5492,-2.4630303382873535
5493,4.419548988342285
5494,-4.575756072998047
5495,18.4083251953125
5496,2.9911203384399414
5497,-7.229854106903076
5498,-2.8528759479522705
5499,4.749011039733887
5500,-4.751777648925781
5501,20.468172073364258
5502,3.396538734436035
5503,-7.21778678894043
5504,-1.8938050270080566
5505,4.644162178039551
5506,-4.899203300476074
5507,19.321182250976562
5508,3.3594980239868164
5509,-7.100546836853027
5510,-1.9040746688842773
5511,4.561488151550293
5512,-4.840236663818359
5513,18.06212615966797
5514,-2.921398162841797
5515,-2.1221561431884766
5516,-10.300727844238281
5517,-2.6326112747192383
5518,-1.6055631637573242
5519,0.19927024841308594
5520,-9.561634063720703
5521,-2.7969837188720703
5522,-13.245872497558594
5523,-8.152751922607422
5524,-2.317061424255371
5525,3.420741558074951
5526,-6.5425519943237305
5527,-0.42185020446777344
5528,-5.972684383392334
5529,-6.080378532409668
5530,-0.24137210845947266
5531,7.688276767730713
5532,-5.721209526062012
5533,-0.3412189483642578
5534,-4.956031799316406
5535,-5.263138771057129
5536,-0.3166322708129883
5537,8.196086883544922
5538,-5.906402587890625
5539,0.772425651550293
5540,-1.189375400543213
5541,-6.681321144104004
5542,0.8904523849487305
5543,10.575057983398438
5544,7.400830268859863
5545,-2.8075733184814453
5546,5.596057415008545
5547,7.509716987609863
5548,-2.6636953353881836
5549,3.998051166534424
5550,7.491189002990723
5551,-2.6918697357177734
5552,3.9983181953430176
5553,7.469866752624512
5554,-2.739518165588379
5555,4.000996112823486
5556,7.483437538146973
5557,-2.5309553146362305
5558,5.07335901260376
5559,7.44998836517334
5560,-2.4713335037231445
5561,5.071701526641846
5562,7.422537803649902
5563,-2.4252824783325195
5564,5.069084644317627
5565,7.133242607116699
5566,-2.770355224609375
5567,-2.0709152221679688
5568,7.0196638107299805
5569,-2.3964433670043945
5570,2.8454604148864746
5571,6.942069053649902
5572,-2.9872827529907227
5573,3.6115479469299316
5574,6.878750801086426
5575,-2.8219966888427734
5576,5.0026631355285645
5577,4.648434638977051
5578,-3.4702587127685547
5579,-8.703706741333008
5580,4.450789451599121
5581,-2.3752145767211914
5582,5.762793064117432
5583,2.308098793029785
5584,-4.945758819580078
5585,-7.479799270629883
5586,1.8116159439086914
5587,-2.267679214477539
5588,12.983579635620117
5589,1.0315771102905273
5590,-6.610384941101074
5591,-0.15914583206176758
5592,1.2552719116210938
5593,-3.50152587890625
5594,18.281471252441406
5595,0.5998039245605469
5596,-6.993725776672363
5597,-0.4339561462402344
5598,1.254105567932129
5599,-3.650510787963867
5600,20.12696647644043
5601,0.8298177719116211
5602,-7.017535209655762
5603,0.5936245918273926
5604,1.2562570571899414
5605,-3.974797248840332
5606,19.121936798095703
5607,0.9020910263061523
5608,-6.903809547424316
5609,0.45670223236083984
5610,1.2962827682495117
5611,-3.973236083984375
5612,18.0732479095459
5613,-3.227309226989746
5614,-2.011716842651367
5615,-10.274703979492188
5616,-2.933155059814453
5617,-1.6132850646972656
5618,0.17174148559570312
5619,-8.397102355957031
5620,-4.002820014953613
5621,-10.520573616027832
5622,-7.1069655418396
5623,-3.6026792526245117
5624,3.349583148956299
5625,-7.9099884033203125
5626,-1.1948432922363281
5627,-8.861987113952637
5628,-7.835418701171875
5629,-1.3257341384887695
5630,4.802867412567139
5631,-7.289065837860107
5632,-0.9475631713867188
5633,-8.400064468383789
5634,-7.231810092926025
5635,-1.108393669128418
5636,4.90201997756958
5637,-9.288158416748047
5638,-0.1452493667602539
5639,-5.5061445236206055
5640,-9.696414947509766
5641,-0.4337148666381836
5642,6.314005374908447
5643,7.271018028259277
5644,-2.7118539810180664
5645,7.811713695526123
5646,7.384322166442871
5647,-2.5818538665771484
5648,6.297041416168213
5649,7.364058494567871
5650,-2.6064443588256836
5651,6.298777103424072
5652,7.348048210144043
5653,-2.6380300521850586
5654,6.302237033843994
5655,7.376313209533691
5656,-2.4412784576416016
5657,7.3032660484313965
5658,7.3429460525512695
5659,-2.388212203979492
5660,7.301635265350342
5661,7.327088356018066
5662,-2.326014518737793
5663,7.299275875091553
5664,7.004111289978027
5665,-2.6799468994140625
5666,0.4228858947753906
5667,6.9390668869018555
5668,-2.2976722717285156
5669,4.758422374725342
5670,6.804146766662598
5671,-2.867647171020508
5672,5.848721981048584
5673,6.745135307312012
5674,-2.7008533477783203
5675,7.145321369171143
5676,4.657683372497559
5677,-3.4186553955078125
5678,-6.675610065460205
5679,4.363951683044434
5680,-2.272219657897949
5681,6.215468883514404
5682,2.05698299407959
5683,-4.861237525939941
5684,-5.904171466827393
5685,0.6891593933105469
5686,-2.0050086975097656
5687,13.17451286315918
5688,0.6577777862548828
5689,-6.537631034851074
5690,1.446876049041748
5691,-1.1219778060913086
5692,-2.9889392852783203
5693,18.386741638183594
5694,0.33685779571533203
5695,-6.938370704650879
5696,1.1205840110778809
5697,-1.4203386306762695
5698,-3.0897350311279297
5699,19.953264236450195
5700,0.5102882385253906
5701,-6.971824645996094
5702,2.0028066635131836
5703,-1.5383949279785156
5704,-3.3733530044555664
5705,19.047298431396484
5706,0.5363807678222656
5707,-6.847739219665527
5708,1.9869847297668457
5709,-1.3806753158569336
5710,-3.371781349182129
5711,18.194955825805664
5712,-3.2499380111694336
5713,-1.959671974182129
5714,-10.276571273803711
5715,-3.08266544342041
5716,-1.608830451965332
5717,0.1763167381286621
5718,-8.194900512695312
5719,-4.063849449157715
5720,-10.524806022644043
5721,-6.870222091674805
5722,-3.7513427734375
5723,3.569518566131592
5724,-8.145683288574219
5725,-1.3087453842163086
5726,-9.829336166381836
5727,-8.07921314239502
5728,-1.4006662368774414
5729,4.148768901824951
5730,-7.62277889251709
5731,-1.0647172927856445
5732,-9.50994873046875
5733,-7.436673164367676
5734,-1.1830205917358398
5735,4.0487189292907715
5736,-9.756572723388672
5737,-0.2435626983642578
5738,-6.811668872833252
5739,-9.8857421875
5740,-0.38683605194091797
5741,5.427017688751221
5742,6.746405601501465
5743,-2.4895172119140625
5744,4.74335241317749
5745,6.951920509338379
5746,-2.376279830932617
5747,3.407731533050537
5748,6.935154914855957
5749,-2.3939037322998047
5750,3.408531665802002
5751,6.92276668548584
5752,-2.4135589599609375
5753,3.4090189933776855
5754,6.940537452697754
5755,-2.271331787109375
5756,4.856600284576416
5757,6.913512229919434
5758,-2.210679054260254
5759,4.856497287750244
5760,6.895382881164551
5761,-2.1575918197631836
5762,4.856236934661865
5763,6.604681968688965
5764,-2.422614097595215
5765,-1.0827722549438477
5766,6.535574913024902
5767,-2.083171844482422
5768,0.8241972923278809
5769,6.3036298751831055
5770,-2.605661392211914
5771,3.1569132804870605
5772,6.228814125061035
5773,-2.4709348678588867
5774,5.246676921844482
5775,4.422821998596191
5776,-3.3009519577026367
5777,-7.287117004394531
5778,4.082446098327637
5779,-2.0473499298095703
5780,2.6320228576660156
5781,1.1036605834960938
5782,-4.771920204162598
5783,-6.934430122375488
5784,0.8268709182739258
5785,-2.278780937194824
5786,7.175841808319092
5787,-0.8691720962524414
5788,-6.239728927612305
5789,-0.2301325798034668
5790,0.3915519714355469
5791,-3.694406509399414
5792,11.5465087890625
5793,-1.2355756759643555
5794,-6.589618682861328
5795,-0.3699636459350586
5796,0.3760032653808594
5797,-4.048769950866699
5798,12.958272933959961
5799,-0.9921026229858398
5800,-6.550909042358398
5801,0.5942554473876953
5802,0.3941001892089844
5803,-4.302879333496094
5804,12.193557739257812
5805,-0.9790983200073242
5806,-6.471222877502441
5807,0.33373165130615234
5808,0.37180614471435547
5809,-4.27150821685791
5810,11.422819137573242
5811,-3.8817901611328125
5812,-1.939300537109375
5813,-9.675970077514648
5814,-3.490816116333008
5815,-1.6115341186523438
5816,-0.4330863952636719
5817,-7.307199954986572
5818,-4.662407875061035
5819,-6.874760150909424
5820,-6.192368507385254
5821,-3.9705209732055664
5822,3.92238187789917
5823,-9.19570541381836
5824,-2.4478073120117188
5825,-6.283696174621582
5826,-8.966039657592773
5827,-2.6687402725219727
5828,3.6272034645080566
5829,-9.044997215270996
5830,-1.9656476974487305
5831,-5.835958003997803
5832,-8.868850708007812
5833,-2.1759824752807617
5834,3.605217456817627
5835,-11.702583312988281
5836,-2.0787668228149414
5837,-2.7592806816101074
5838,-11.364655494689941
5839,-2.5275869369506836
5840,4.765305042266846
5841,6.632706642150879
5842,-2.393252372741699
5843,2.8227500915527344
5844,6.824509620666504
5845,-2.261617660522461
5846,0.9230360984802246
5847,6.803729057312012
5848,-2.274951934814453
5849,0.9204068183898926
5850,6.788622856140137
5851,-2.2901554107666016
5852,0.9228792190551758
5853,6.79630184173584
5854,-2.1662282943725586
5855,1.9002103805541992
5856,6.757445335388184
5857,-2.123774528503418
5858,1.8989167213439941
5859,6.725466728210449
5860,-2.0860671997070312
5861,1.8977980613708496
5862,6.408623695373535
5863,-2.293503761291504
5864,-4.3932037353515625
5865,6.3286638259887695
5866,-2.009187698364258
5867,-0.2788691520690918
5868,6.144591331481934
5869,-2.5318117141723633
5870,0.9139828681945801
5871,6.0836381912231445
5872,-2.41066837310791
5873,2.230708122253418
5874,4.203780174255371
5875,-3.145547866821289
5876,-9.727853775024414
5877,3.941704750061035
5878,-1.9976310729980469
5879,2.7440185546875
5880,0.8875036239624023
5881,-4.75556755065918
5882,-10.227666854858398
5883,1.021571159362793
5884,-2.3015661239624023
5885,6.5390496253967285
5886,-1.0669565200805664
5887,-6.20039176940918
5888,-5.713059425354004
5889,0.7779407501220703
5890,-4.35367488861084
5891,9.77433967590332
5892,-1.3717174530029297
5893,-6.489933967590332
5894,-6.180212497711182
5895,0.937190055847168
5896,-4.623233795166016
5897,11.160722732543945
5898,-1.2753582000732422
5899,-6.489300727844238
5900,-4.889490127563477
5901,0.9211740493774414
5902,-4.7605485916137695
5903,10.169397354125977
5904,-1.2214975357055664
5905,-6.388692855834961
5906,-5.059202671051025
5907,0.8303432464599609
5908,-4.712705612182617
5909,9.492670059204102
5910,-4.051999092102051
5911,-1.973581314086914
5912,-9.650167465209961
5913,-3.6254281997680664
5914,-1.6316118240356445
5915,-0.4573249816894531
5916,-6.873775959014893
5917,-4.681084632873535
5918,-6.861233711242676
5919,-6.1606245040893555
5920,-3.8398799896240234
5921,4.192080974578857
5922,-9.46379566192627
5923,-2.4973554611206055
5924,-5.378164768218994
5925,-9.165803909301758
5926,-2.6250476837158203
5927,4.497573375701904
5928,-9.357821464538574
5929,-2.0404529571533203
5930,-4.850971698760986
5931,-9.04455852508545
5932,-2.1479339599609375
5933,4.5763983726501465
5934,-11.951912879943848
5935,-2.3825511932373047
5936,-1.5004844665527344
5937,-11.504344940185547
5938,-2.650639533996582
5939,6.252146244049072
5940,6.525158882141113
5941,-2.1522350311279297
5942,2.589980125427246
5943,6.740654945373535
5944,-2.013425827026367
5945,0.938809871673584
5946,6.719693183898926
5947,-2.0239152908325195
5948,0.9358992576599121
5949,6.702387809753418
5950,-2.0348873138427734
5951,0.9369096755981445
5952,6.7512922286987305
5953,-1.9182453155517578
5954,1.853365421295166
5955,6.748734474182129
5956,-1.8716506958007812
5957,1.8514580726623535
5958,6.6811418533325195
5959,-1.8283205032348633
5960,1.849015712738037
5961,6.371203422546387
5962,-2.007993698120117
5963,-4.150148391723633
5964,6.158633232116699
5965,-1.735544204711914
5966,-0.5216422080993652
5967,6.10512638092041
5968,-2.2928571701049805
5969,0.854555606842041
5970,6.074851036071777
5971,-2.168917655944824
5972,2.0011463165283203
5973,3.71097469329834
5974,-2.8184661865234375
5975,-9.562105178833008
5976,3.3686208724975586
5977,-1.8370466232299805
5978,1.812391757965088
5979,0.1593952178955078
5980,-4.1315107345581055
5981,-9.888090133666992
5982,-0.0791482925415039
5983,-2.3496265411376953
5984,4.136379718780518
5985,-1.588216781616211
5986,-5.988598823547363
5987,-6.339941024780273
5988,-0.6610403060913086
5989,-4.323835372924805
5990,4.306922435760498
5991,-1.8466815948486328
5992,-6.351047515869141
5993,-6.981384754180908
5994,-0.5024909973144531
5995,-4.550845146179199
5996,4.787444591522217
5997,-1.5907211303710938
5998,-6.328121185302734
5999,-6.208244323730469
6000,-0.3712739944458008
6001,-4.697654724121094
6002,3.8396878242492676
6003,-1.4183979034423828
6004,-6.258543968200684
6005,-5.976553440093994
6006,-0.41986751556396484
6007,-4.654755592346191
6008,3.9162325859069824
6009,-4.003790855407715
6010,-1.9701757431030273
6011,-9.235118865966797
6012,-3.8914194107055664
6013,-1.6393699645996094
6014,-0.8669657707214355
6015,-4.574028015136719
6016,-4.951624870300293
6017,-8.454298973083496
6018,-2.302187919616699
6019,-4.095526695251465
6020,2.582087993621826
6021,-9.34547233581543
6022,-3.8625411987304688
6023,-5.385238170623779
6024,-7.06841516494751
6025,-4.483419418334961
6026,2.0104150772094727
6027,-9.940628051757812
6028,-3.383622169494629
6029,-4.802427768707275
6030,-7.349423885345459
6031,-4.31483268737793
6032,1.9189391136169434
6033,-11.560189247131348
6034,-4.4535417556762695
6035,-3.7690470218658447
6036,-8.495725631713867
6037,-5.178656578063965
6038,1.3841772079467773
6039,6.316388130187988
6040,-2.1720380783081055
6041,-1.6400151252746582
6042,6.546322822570801
6043,-1.9756317138671875
6044,-2.876230239868164
6045,6.5365400314331055
6046,-1.9736824035644531
6047,-2.8800063133239746
6048,6.534602165222168
6049,-1.9713153839111328
6050,-2.8809854984283447
6051,6.546692848205566
6052,-1.9192428588867188
6053,-1.7369277477264404
6054,6.54396915435791
6055,-1.8812589645385742
6056,-1.7398273944854736
6057,6.499789237976074
6058,-1.8442306518554688
6059,-1.7427866458892822
6060,6.355412483215332
6061,-1.905543327331543
6062,-6.400506496429443
6063,6.098464012145996
6064,-1.710679054260254
6065,-1.3918302059173584
6066,5.933295249938965
6067,-2.2875890731811523
6068,-2.821850061416626
6069,5.875945091247559
6070,-2.209660530090332
6071,-1.3697237968444824
6072,3.4069604873657227
6073,-2.599654197692871
6074,-11.34061050415039
6075,3.170863151550293
6076,-1.8729743957519531
6077,2.3245577812194824
6078,0.047519683837890625
6079,-3.8435096740722656
6080,-11.347221374511719
6081,0.04661083221435547
6082,-2.9127883911132812
6083,4.032433032989502
6084,-1.4897212982177734
6085,-5.672676086425781
6086,-7.5382561683654785
6087,-1.0117626190185547
6088,-4.556290626525879
6089,3.2033820152282715
6090,-1.597569465637207
6091,-6.162419319152832
6092,-8.444273948669434
6093,-0.8194160461425781
6094,-4.787976264953613
6095,3.6260056495666504
6096,-1.3502864837646484
6097,-6.186176300048828
6098,-7.6896748542785645
6099,-0.7250480651855469
6100,-4.911357879638672
6101,2.267115592956543
6102,-1.3362035751342773
6103,-6.057828903198242
6104,-7.173857688903809
6105,-0.8038539886474609
6106,-4.849344253540039
6107,2.5855579376220703
6108,-4.04701042175293
6109,-1.9317703247070312
6110,-9.450176239013672
6111,-3.838700294494629
6112,-1.7203607559204102
6113,-0.6516098976135254
6114,-4.115451812744141
6115,-4.902283668518066
6116,-9.04944896697998
6117,-1.5349245071411133
6118,-4.027124404907227
6119,2.3123998641967773
6120,-9.497415542602539
6121,-3.8935604095458984
6122,-4.4130730628967285
6123,-6.765532970428467
6124,-5.180109977722168
6125,2.7285680770874023
6126,-10.127447128295898
6127,-3.411989212036133
6128,-3.7108001708984375
6129,-6.132502555847168
6130,-5.174349784851074
6131,2.6881442070007324
6132,-11.955785751342773
6133,-4.340015411376953
6134,-3.0134825706481934
6135,-6.099381446838379
6136,-5.936041831970215
6137,1.4686369895935059
6138,5.718197822570801
6139,-1.6961193084716797
6140,-6.202231407165527
6141,5.86246395111084
6142,-1.486445426940918
6143,-7.290014266967773
6144,5.81581974029541
6145,-1.4756450653076172
6146,-7.292490005493164
6147,5.771344184875488
6148,-1.4695348739624023
6149,-7.293628692626953
6150,5.878813743591309
6151,-1.438920021057129
6152,-5.751471996307373
6153,5.8391828536987305
6154,-1.4034900665283203
6155,-5.752311706542969
6156,5.775332450866699
6157,-1.3675079345703125
6158,-5.7524237632751465
6159,5.295008659362793
6160,-1.3732690811157227
6161,-10.099752426147461
6162,5.18721866607666
6163,-1.2403278350830078
6164,-3.2603771686553955
6165,5.231844902038574
6166,-1.7967033386230469
6167,-7.189081192016602
6168,5.2041215896606445
6169,-1.7520837783813477
6170,-5.19264554977417
6171,2.1722822189331055
6172,-2.169894218444824
6173,-14.081199645996094
6174,2.209366798400879
6175,-1.5509443283081055
6176,0.9254112243652344
6177,-1.396249771118164
6178,-3.4384841918945312
6179,-13.744810104370117
6180,-1.4848098754882812
6181,-2.7968626022338867
6182,1.6181464195251465
6183,-2.8383798599243164
6184,-4.860749244689941
6185,-9.712152481079102
6186,-3.0286264419555664
6187,-4.426054954528809
6188,-0.5522503852844238
6189,-3.3121681213378906
6190,-5.178759574890137
6191,-10.89480972290039
6192,-2.9764060974121094
6193,-4.733738899230957
6194,-0.37812376022338867
6195,-2.897602081298828
6196,-5.090537071228027
6197,-10.17477798461914
6198,-2.9169435501098633
6199,-4.775564193725586
6200,-1.9683756828308105
6201,-2.8589792251586914
6202,-4.9952592849731445
6203,-9.398836135864258
6204,-2.9441614151000977
6205,-4.691356658935547
6206,-1.3322539329528809
6207,-4.796464920043945
6208,-2.0226497650146484
6209,-9.560592651367188
6210,-4.407065391540527
6211,-1.7393150329589844
6212,-0.5463953018188477
6213,-2.491631507873535
6214,-4.695344924926758
6215,-9.82028579711914
6216,-0.5310611724853516
6217,-3.999222755432129
6218,1.7742962837219238
6219,-8.355876922607422
6220,-5.068709373474121
6221,-5.369996547698975
6222,-6.127832412719727
6223,-4.961446762084961
6224,3.0036816596984863
6225,-9.17426872253418
6226,-4.785588264465332
6227,-4.798149108886719
6228,-6.130120277404785
6229,-4.862214088439941
6230,3.021273136138916
6231,-9.58856201171875
6232,-6.134474754333496
6233,-4.97597074508667
6234,-5.641221046447754
6235,-6.171515464782715
6236,1.697275161743164
6237,5.40531063079834
6238,-1.5824518203735352
6239,-6.294952869415283
6240,5.457308769226074
6241,-1.3671436309814453
6242,-7.373380661010742
6243,5.396113395690918
6244,-1.3600711822509766
6245,-7.377291679382324
6246,5.338047981262207
6247,-1.347987174987793
6248,-7.379540920257568
6249,5.465262413024902
6250,-1.3306798934936523
6251,-5.805118083953857
6252,5.398079872131348
6253,-1.2855539321899414
6254,-5.805125713348389
6255,5.326861381530762
6256,-1.2488470077514648
6257,-5.806177616119385
6258,4.790205955505371
6259,-1.2737789154052734
6260,-10.281534194946289
6261,4.740714073181152
6262,-1.1171627044677734
6263,-3.298214912414551
6264,4.862515449523926
6265,-1.6840543746948242
6266,-7.322988033294678
6267,4.858105659484863
6268,-1.647684097290039
6269,-5.288111686706543
6270,1.9552698135375977
6271,-2.0485153198242188
6272,-14.436487197875977
6273,1.898329734802246
6274,-1.3959360122680664
6275,1.1315598487854004
6276,-1.5238418579101562
6277,-3.3405895233154297
6278,-14.193767547607422
6279,-1.8475704193115234
6280,-2.757716178894043
6281,1.8256182670593262
6282,-3.038827896118164
6283,-4.705044746398926
6284,-9.986434936523438
6285,-3.219719886779785
6286,-4.344296455383301
6287,-0.3595237731933594
6288,-3.459993362426758
6289,-4.965222358703613
6290,-11.108246803283691
6291,-3.197357177734375
6292,-4.576885223388672
6293,-0.17554140090942383
6294,-3.139965057373047
6295,-4.944628715515137
6296,-10.5377779006958
6297,-3.0986900329589844
6298,-4.651986122131348
6299,-1.6408295631408691
6300,-3.0905885696411133
6301,-4.829289436340332
6302,-9.708983421325684
6303,-3.117368698120117
6304,-4.594886779785156
6305,-1.100816011428833
6306,-4.921226501464844
6307,-2.1144323348999023
6308,-9.643289566040039
6309,-4.523346900939941
6310,-1.800826072692871
6311,-0.45201730728149414
6312,-2.363231658935547
6313,-4.738901138305664
6314,-10.181329727172852
6315,-0.19488811492919922
6316,-3.782496452331543
6317,2.2300944328308105
6318,-8.114316940307617
6319,-5.0870361328125
6320,-5.714273929595947
6321,-5.645323753356934
6322,-4.658007621765137
6323,4.397057056427002
6324,-9.090038299560547
6325,-4.817435264587402
6326,-5.169658184051514
6327,-5.761025428771973
6328,-4.555171012878418
6329,4.461217403411865
6330,-8.984260559082031
6331,-6.314088821411133
6332,-5.6410040855407715
6333,-5.120549201965332
6334,-5.847661018371582
6335,3.4562487602233887
6336,4.555306434631348
6337,-1.0018272399902344
6338,-6.875607490539551
6339,4.515503883361816
6340,-0.7536840438842773
6341,-8.014556884765625
6342,4.44826602935791
6343,-0.7444334030151367
6344,-8.019096374511719
6345,4.381638526916504
6346,-0.7368249893188477
6347,-8.02392864227295
6348,4.521058082580566
6349,-0.7357912063598633
6350,-6.302609920501709
6351,4.457217216491699
6352,-0.7150115966796875
6353,-6.301999092102051
6354,4.384278297424316
6355,-0.6614856719970703
6356,-6.30186653137207
6357,3.7727556228637695
6358,-0.6586551666259766
6359,-11.020719528198242
6360,3.804633140563965
6361,-0.5666847229003906
6362,-3.314209222793579
6363,4.025300025939941
6364,-1.1450881958007812
6365,-7.937493324279785
6366,4.014273643493652
6367,-1.129638671875
6368,-5.693056106567383
6369,0.8738813400268555
6370,-1.645585060119629
6371,-15.171150207519531
6372,0.9778861999511719
6373,-1.189814567565918
6374,1.3932337760925293
6375,-2.412062644958496
6376,-3.120152473449707
6377,-14.560184478759766
6378,-2.110767364501953
6379,-2.5335426330566406
6380,2.736912250518799
6381,-2.2507333755493164
6382,-4.479323387145996
6383,-9.847131729125977
6384,-2.6580162048339844
6385,-3.6699209213256836
6386,-0.37904882431030273
6387,-2.285938262939453
6388,-4.654841423034668
6389,-11.22012710571289
6390,-2.6055803298950195
6391,-3.764392852783203
6392,-0.24722528457641602
6393,-1.8807954788208008
6394,-4.548006057739258
6395,-10.618877410888672
6396,-2.381627082824707
6397,-3.8245363235473633
6398,-1.782416820526123
6399,-1.878861427307129
6400,-4.441179275512695
6401,-9.56228256225586
6402,-2.377126693725586
6403,-3.8207855224609375
6404,-1.1608514785766602
6405,-5.570662498474121
6406,-2.2482614517211914
6407,-9.844888687133789
6408,-5.040217399597168
6409,-1.9333419799804688
6410,-0.23668956756591797
6411,-1.615809440612793
6412,-4.1210527420043945
6413,-10.320947647094727
6414,0.01762104034423828
6415,-3.5436086654663086
6416,2.5067992210388184
6417,-6.699743747711182
6418,-5.661282539367676
6419,-6.437353610992432
6420,-3.755581855773926
6421,-5.344756126403809
6422,5.12676477432251
6423,-8.044389724731445
6424,-5.686036109924316
6425,-5.97193717956543
6426,-4.284862518310547
6427,-5.452880859375
6428,5.19453763961792
6429,-5.070631980895996
6430,-6.802227020263672
6431,-6.511068820953369
6432,-2.137375831604004
6433,-6.2352190017700195
6434,3.7211623191833496
6435,4.248236656188965
6436,-0.9870262145996094
6437,-8.4127779006958
6438,4.299897193908691
6439,-0.7461843490600586
6440,-9.559669494628906
6441,4.236088752746582
6442,-0.7339544296264648
6443,-9.562128067016602
6444,4.172379493713379
6445,-0.7212810516357422
6446,-9.566656112670898
6447,4.3237104415893555
6448,-0.7302207946777344
6449,-7.7447686195373535
6450,4.2746381759643555
6451,-0.7084627151489258
6452,-7.744040489196777
6453,4.2208967208862305
6454,-0.6813640594482422
6455,-7.743605613708496
6456,3.5523080825805664
6457,-0.5902423858642578
6458,-12.545742988586426
6459,3.573641777038574
6460,-0.5198612213134766
6461,-4.391238689422607
6462,3.719529151916504
6463,-1.0971088409423828
6464,-9.497444152832031
6465,3.725619316101074
6466,-1.0876245498657227
6467,-7.129161834716797
6468,0.6160173416137695
6469,-1.4939985275268555
6470,-16.80091667175293
6471,0.8435726165771484
6472,-0.9189186096191406
6473,0.6363248825073242
6474,-2.6064510345458984
6475,-3.067166328430176
6476,-14.805231094360352
6477,-2.478245735168457
6478,-2.193655014038086
6479,1.7633461952209473
6480,-2.150393486022949
6481,-4.129049301147461
6482,-8.291694641113281
6483,-3.077090263366699
6484,-3.171034812927246
6485,-1.5944774150848389
6486,-2.2024049758911133
6487,-4.221029281616211
6488,-9.62478256225586
6489,-3.194504737854004
6490,-3.324042320251465
6491,-1.6031227111816406
6492,-1.856459617614746
6493,-4.089534759521484
6494,-8.239320755004883
6495,-2.9315080642700195
6496,-3.3287172317504883
6497,-2.950793981552124
6498,-1.8626422882080078
6499,-3.988922119140625
6500,-7.738128662109375
6501,-2.866445541381836
6502,-3.286134719848633
6503,-2.326792001724243
6504,-5.594755172729492
6505,-2.3561487197875977
6506,-10.108850479125977
6507,-4.985419273376465
6508,-2.0221023559570312
6509,0.027030467987060547
6510,-1.1970024108886719
6511,-4.2869720458984375
6512,-10.514273643493652
6513,0.18980979919433594
6514,-3.4520511627197266
6515,2.0272297859191895
6516,-6.1841888427734375
6517,-5.7286787033081055
6518,-5.84879732131958
6519,-3.0088930130004883
6520,-5.444151878356934
6521,2.8666653633117676
6522,-7.43967866897583
6523,-5.741925239562988
6524,-5.2585272789001465
6525,-3.889087677001953
6526,-5.595699310302734
6527,2.6268014907836914
6528,-5.259057998657227
6529,-6.844831466674805
6530,-5.7300944328308105
6531,-1.6815404891967773
6532,-6.2779340744018555
6533,1.216564655303955
6534,3.211714744567871
6535,-0.3599863052368164
6536,-9.846549987792969
6537,3.172785758972168
6538,-0.10582733154296875
6539,-11.06043529510498
6540,3.0786218643188477
6541,-0.09605026245117188
6542,-11.062759399414062
6543,2.96756649017334
6544,-0.06100749969482422
6545,-11.067811965942383
6546,3.21420955657959
6547,-0.11483097076416016
6548,-9.136837005615234
6549,3.15744686126709
6550,-0.10854053497314453
6551,-9.138484954833984
6552,3.080010414123535
6553,-0.07592105865478516
6554,-9.139230728149414
6555,2.2281084060668945
6556,-0.013777732849121094
6557,-14.222843170166016
6558,2.357733726501465
6559,0.011662483215332031
6560,-5.510549068450928
6561,2.6957788467407227
6562,-0.5039386749267578
6563,-10.953569412231445
6564,2.7319536209106445
6565,-0.5066909790039062
6566,-8.42613410949707
6567,-0.5711288452148438
6568,-1.0622310638427734
6569,-17.750978469848633
6570,-0.0938558578491211
6571,-0.6280250549316406
6572,-0.5414047241210938
6573,-3.102569580078125
6574,-2.6935596466064453
6575,-15.904985427856445
6576,-2.6635007858276367
6577,-1.825301170349121
6578,1.0256047248840332
6579,-1.8634271621704102
6580,-3.696221351623535
6581,-8.558460235595703
6582,-3.16607666015625
6583,-2.761723518371582
6584,-2.346358060836792
6585,-1.6993389129638672
6586,-3.948824882507324
6587,-9.748862266540527
6588,-3.231233596801758
6589,-2.9160232543945312
6590,-2.3092093467712402
6591,-1.3341951370239258
6592,-3.79007625579834
6593,-9.224996566772461
6594,-3.076951026916504
6595,-2.931145668029785
6596,-3.863028049468994
6597,-1.3941545486450195
6598,-3.673611640930176
6599,-8.248445510864258
6600,-3.0375185012817383
6601,-2.88118839263916
6602,-3.118330478668213
6603,-6.023664474487305
6604,-2.376908302307129
6605,-10.318338394165039
6606,-5.096242904663086
6607,-1.997650146484375
6608,0.23578739166259766
6609,-0.3614978790283203
6610,-3.744752883911133
6611,-12.081180572509766
6612,0.60150146484375
6613,-3.019489288330078
6614,3.2132678031921387
6615,-3.497896194458008
6616,-5.75638484954834
6617,-8.637977600097656
6618,-0.8828592300415039
6619,-5.022480010986328
6620,5.486189365386963
6621,-4.699132919311523
6622,-5.958130836486816
6623,-8.358166694641113
6624,-1.523885726928711
6625,-5.221245765686035
6626,5.452905178070068
6627,-1.539139747619629
6628,-6.692691802978516
6629,-10.459701538085938
6630,1.3863849639892578
6631,-5.624144554138184
6632,4.053591251373291
6633,3.107588768005371
6634,-0.2664804458618164
6635,-10.342989921569824
6636,3.051333427429199
6637,-0.040060997009277344
6638,-11.532455444335938
6639,2.9653310775756836
6640,-0.017942428588867188
6641,-11.533432006835938
6642,2.884732246398926
6643,-0.005648612976074219
6644,-11.538847923278809
6645,3.0954275131225586
6646,-0.037994384765625
6647,-9.581731796264648
6648,3.031102180480957
6649,-0.016796112060546875
6650,-9.582828521728516
6651,2.9724340438842773
6652,-0.001743316650390625
6653,-9.584054946899414
6654,2.117037773132324
6655,0.04394340515136719
6656,-14.710186004638672
6657,2.241135597229004
6658,0.08593463897705078
6659,-5.936673164367676
6660,2.5471582412719727
6661,-0.4258003234863281
6662,-11.495265007019043
6663,2.5889787673950195
6664,-0.4176349639892578
6665,-8.947100639343262
6666,-0.694849967956543
6667,-0.8570880889892578
6668,-18.79228973388672
6669,-0.3030242919921875
6670,-0.42746543884277344
6671,-0.5461091995239258
6672,-3.0303173065185547
6673,-2.726748466491699
6674,-16.744447708129883
6675,-2.502412796020508
6676,-1.8197832107543945
6677,1.1375060081481934
6678,-1.6601848602294922
6679,-3.4889707565307617
6680,-8.258490562438965
6681,-2.8251771926879883
6682,-2.7304229736328125
6683,-1.9993462562561035
6684,-1.4448661804199219
6685,-3.721552848815918
6686,-9.134023666381836
6687,-2.8827123641967773
6688,-2.9056177139282227
6689,-1.9281947612762451
6690,-1.1076345443725586
6691,-3.5444679260253906
6692,-8.937688827514648
6693,-2.6960601806640625
6694,-2.8941516876220703
6695,-3.215946674346924
6696,-1.19476318359375
6697,-3.4247608184814453
6698,-8.022927284240723
6699,-2.6625289916992188
6700,-2.8366785049438477
6701,-2.6840686798095703
6702,-6.010128021240234
6703,-2.418607711791992
6704,-10.662813186645508
6705,-5.065274238586426
6706,-2.01492977142334
6707,0.5759158134460449
6708,-0.10426044464111328
6709,-3.5982561111450195
6710,-12.944360733032227
6711,0.7206554412841797
6712,-2.831719398498535
6713,3.4850029945373535
6714,-3.178622245788574
6715,-5.75505256652832
6716,-10.17462158203125
6717,-0.6987628936767578
6718,-5.031192779541016
6719,5.752919673919678
6720,-4.301357269287109
6721,-5.979866981506348
6722,-9.946048736572266
6723,-1.5134029388427734
6724,-5.274021148681641
6725,5.733858585357666
6726,-1.2668886184692383
6727,-6.714838027954102
6728,-11.91622543334961
6729,1.010859489440918
6730,-5.658761978149414
6731,4.718204975128174
6732,1.8410768508911133
6733,0.31850719451904297
6734,-14.471813201904297
6735,1.621109962463379
6736,0.5452985763549805
6737,-15.723722457885742
6738,1.5069761276245117
6739,0.5507898330688477
6740,-15.724271774291992
6741,1.3914222717285156
6742,0.5590047836303711
6743,-15.729850769042969
6744,1.7250604629516602
6745,0.570164680480957
6746,-13.844287872314453
6747,1.6842050552368164
6748,0.5901632308959961
6749,-13.849275588989258
6750,1.639876365661621
6751,0.612584114074707
6752,-13.849885940551758
6753,0.6040849685668945
6754,0.5788974761962891
6755,-18.425678253173828
6756,0.858485221862793
6757,0.6513957977294922
6758,-9.898224830627441
6759,1.3586301803588867
6760,0.12469768524169922
6761,-15.301546096801758
6762,1.4644956588745117
6763,0.14589595794677734
6764,-12.834192276000977
6765,-1.8458538055419922
6766,-0.6668539047241211
6767,-20.484243392944336
6768,-1.1457185745239258
6769,-0.0749053955078125
6770,-3.864713668823242
6771,-3.0923328399658203
6772,-2.52272891998291
6773,-18.072551727294922
6774,-2.3608884811401367
6775,-1.5094451904296875
6776,-0.49202919006347656
6777,-1.2382001876831055
6778,-3.1761531829833984
6779,-10.248958587646484
6780,-2.183394432067871
6781,-2.4700279235839844
6782,-2.7380173206329346
6783,-0.16730785369873047
6784,-3.4316282272338867
6785,-11.512581825256348
6786,-2.066157341003418
6787,-2.640615463256836
6788,-2.5910398960113525
6789,0.1463756561279297
6790,-3.1763124465942383
6791,-11.17315673828125
6792,-1.981689453125
6793,-2.646416664123535
6794,-4.338557243347168
6795,-0.2136096954345703
6796,-3.0745229721069336
6797,-10.005743980407715
6798,-2.0220165252685547
6799,-2.599947929382324
6800,-3.5155510902404785
6801,-6.10389518737793
6802,-2.466872215270996
6803,-10.636253356933594
6804,-5.120776176452637
6805,-1.944540023803711
6806,0.5497822761535645
6807,-0.5263423919677734
6808,-2.882645606994629
6809,-12.921059608459473
6810,0.9885988235473633
6811,-2.065077781677246
6812,3.6228718757629395
6813,0.06497859954833984
6814,-5.018364906311035
6815,-9.599374771118164
6816,1.3634061813354492
6817,-4.304460525512695
6818,7.80466890335083
6819,-0.6321802139282227
6820,-5.3944292068481445
6821,-9.302210807800293
6822,0.5704984664916992
6823,-4.621260643005371
6824,8.011056900024414
6825,2.527451515197754
6826,-5.532785415649414
6827,-11.478779792785645
6828,3.333785057067871
6829,-4.669451713562012
6830,6.835831165313721
6831,1.530634880065918
6832,0.37025928497314453
6833,-15.852518081665039
6834,1.3390779495239258
6835,0.6090631484985352
6836,-16.888267517089844
6837,1.2250356674194336
6838,0.6103525161743164
6839,-16.88805389404297
6840,1.1074638366699219
6841,0.6165018081665039
6842,-16.892696380615234
6843,1.4623632431030273
6844,0.6465892791748047
6845,-15.111379623413086
6846,1.433457374572754
6847,0.6699495315551758
6848,-15.116483688354492
6849,1.4014463424682617
6850,0.6949071884155273
6851,-15.11883544921875
6852,0.28707218170166016
6853,0.6462154388427734
6854,-19.042762756347656
6855,0.6156272888183594
6856,0.7405471801757812
6857,-11.067813873291016
6858,1.052983283996582
6859,0.17508411407470703
6860,-16.51548194885254
6861,1.1603784561157227
6862,0.2003040313720703
6863,-14.196598052978516
6864,-2.226504325866699
6865,-0.5273637771606445
6866,-21.380456924438477
6867,-1.4268608093261719
6868,0.0735464096069336
6869,-5.142522811889648
6870,-3.3067827224731445
6871,-2.5249624252319336
6872,-20.81319808959961
6873,-2.4654502868652344
6874,-1.437744140625
6875,-2.3323965072631836
6876,-1.0523443222045898
6877,-3.4623985290527344
6878,-15.760124206542969
6879,-2.4090986251831055
6880,-2.453537940979004
6881,-4.014328956604004
6882,-0.1723318099975586
6883,-3.7306318283081055
6884,-17.294178009033203
6885,-2.306783676147461
6886,-2.6003684997558594
6887,-3.851388454437256
6888,0.14435768127441406
6889,-3.5082836151123047
6890,-16.97618293762207
6891,-2.273442268371582
6892,-2.6260976791381836
6893,-5.325552940368652
6894,-0.20625972747802734
6895,-3.3974647521972656
6896,-15.605636596679688
6897,-2.333911895751953
6898,-2.590804100036621
6899,-4.670492649078369
6900,-6.068800926208496
6901,-2.5182981491088867
6902,-10.619134902954102
6903,-4.955780982971191
6904,-1.910654067993164
6905,0.5309457778930664
6906,-0.7158412933349609
6907,-2.6897592544555664
6908,-13.917137145996094
6909,1.1096420288085938
6910,-1.797743797302246
6911,3.6777920722961426
6912,-0.04296112060546875
6913,-5.103285789489746
6914,-12.078405380249023
6915,1.508122444152832
6916,-4.116145133972168
6917,7.854424953460693
6918,-0.7053251266479492
6919,-5.438065528869629
6920,-12.006084442138672
6921,0.9888010025024414
6922,-4.406497001647949
6923,8.080265045166016
6924,2.4785566329956055
6925,-5.571146011352539
6926,-14.689294815063477
6927,3.827937126159668
6928,-4.318398475646973
6929,7.5429463386535645
6930,-0.06040477752685547
6931,1.0685739517211914
6932,-16.436662673950195
6933,-0.3991584777832031
6934,1.2235422134399414
6935,-17.735313415527344
6936,-0.5148735046386719
6937,1.208235740661621
6938,-17.733793258666992
6939,-0.6238412857055664
6940,1.1947851181030273
6941,-17.737682342529297
6942,-0.24204254150390625
6943,1.279494285583496
6944,-16.06689453125
6945,-0.25711917877197266
6946,1.2991037368774414
6947,-16.07356071472168
6948,-0.29060935974121094
6949,1.3271875381469727
6950,-16.072843551635742
6951,-1.3789844512939453
6952,1.1219205856323242
6953,-20.373756408691406
6954,-0.9802131652832031
6955,1.265925407409668
6956,-12.759812355041504
6957,-0.44568729400634766
6958,0.8309860229492188
6959,-17.170150756835938
6960,-0.3087196350097656
6961,0.8736696243286133
6962,-14.971366882324219
6963,-3.0759925842285156
6964,-0.3869047164916992
6965,-21.383211135864258
6966,-2.338290214538574
6967,0.5224819183349609
6968,-6.995662212371826
6969,-3.4793014526367188
6970,-2.26212215423584
6971,-18.436737060546875
6972,-2.011045455932617
6973,-1.0147886276245117
6974,-2.0857651233673096
6975,-0.3937063217163086
6976,-2.539647102355957
6977,-11.217124938964844
6978,-1.0261554718017578
6979,-1.9484729766845703
6980,-2.3350203037261963
6981,0.6847286224365234
6982,-2.68746280670166
6983,-12.445722579956055
6984,-0.4083566665649414
6985,-2.0698413848876953
6986,-1.9697349071502686
6987,0.6829614639282227
6988,-2.2670583724975586
6989,-12.06751823425293
6990,-0.518702507019043
6991,-2.092782974243164
6992,-3.9333953857421875
6993,0.3394155502319336
6994,-2.168062210083008
6995,-10.987539291381836
6996,-0.7775239944458008
6997,-2.086155891418457
6998,-3.1176023483276367
6999,-5.892253875732422
7000,-2.5465545654296875
7001,-10.338533401489258
7002,-5.037036895751953
7003,-1.859013557434082
7004,0.2586226463317871
7005,-0.28029632568359375
7006,-1.996591567993164
7007,-13.269781112670898
7008,0.7535552978515625
7009,-0.8433218002319336
7010,1.7626328468322754
7011,2.671504020690918
7012,-4.098773002624512
7013,-8.364432334899902
7014,3.5165624618530273
7015,-4.007956504821777
7016,6.453670024871826
7017,2.5350542068481445
7018,-4.476301193237305
7019,-8.025604248046875
7020,3.3801469802856445
7021,-3.657144546508789
7022,6.469821453094482
7023,4.903384208679199
7024,-4.310638427734375
7025,-13.320114135742188
7026,5.538947105407715
7027,-3.1625566482543945
7028,5.448098659515381
7029,-0.3927278518676758
7030,0.9657659530639648
7031,-14.029014587402344
7032,-0.6416082382202148
7033,1.1551694869995117
7034,-15.16510009765625
7035,-0.7338104248046875
7036,1.1425485610961914
7037,-15.164308547973633
7038,-0.820521354675293
7039,1.131730079650879
7040,-15.169567108154297
7041,-0.5807743072509766
7042,1.2167482376098633
7043,-13.588672637939453
7044,-0.6183052062988281
7045,1.2421808242797852
7046,-13.595134735107422
7047,-0.6533298492431641
7048,1.2703485488891602
7049,-13.596357345581055
7050,-1.5665616989135742
7051,1.1050691604614258
7052,-17.687042236328125
7053,-1.3919696807861328
7054,1.2819547653198242
7055,-10.567899703979492
7056,-0.7170991897583008
7057,0.7651538848876953
7058,-14.776802062988281
7059,-0.6157989501953125
7060,0.815058708190918
7061,-12.71939468383789
7062,-3.333785057067871
7063,-0.1515026092529297
7064,-19.229341506958008
7065,-2.7256412506103516
7066,0.614445686340332
7067,-5.518744468688965
7068,-3.7243080139160156
7069,-2.114047050476074
7070,-17.042789459228516
7071,-1.9703798294067383
7072,-0.7561855316162109
7073,-1.215728998184204
7074,-0.4169759750366211
7075,-2.283177375793457
7076,-9.753303527832031
7077,-0.7085981369018555
7078,-1.2218999862670898
7079,-1.297675371170044
7080,0.5218915939331055
7081,-2.4120588302612305
7082,-10.737091064453125
7083,-0.060883522033691406
7084,-1.2509517669677734
7085,-0.9297809600830078
7086,0.5993766784667969
7087,-2.1148223876953125
7088,-10.374534606933594
7089,-0.13003826141357422
7090,-1.219071388244629
7091,-2.399085521697998
7092,0.3015127182006836
7093,-2.0559864044189453
7094,-9.513875961303711
7095,-0.36779308319091797
7096,-1.2585906982421875
7097,-1.8968408107757568
7098,-5.675685882568359
7099,-2.592466354370117
7100,-9.967496871948242
7101,-4.857198715209961
7102,-1.828343391418457
7103,-0.10979032516479492
7104,-0.48797607421875
7105,-1.829843521118164
7106,-13.347023010253906
7107,0.4833660125732422
7108,-0.6458034515380859
7109,2.2741050720214844
7110,2.85526180267334
7111,-3.82248592376709
7112,-11.523063659667969
7113,3.596034049987793
7114,-3.6570634841918945
7115,5.958488941192627
7116,2.7946043014526367
7117,-4.276468276977539
7118,-11.45143985748291
7119,3.4621057510375977
7120,-3.349991798400879
7121,6.0741801261901855
7122,5.253615379333496
7123,-3.886897087097168
7124,-14.053462982177734
7125,5.8660993576049805
7126,-2.5115833282470703
7127,5.5302605628967285
7128,-1.8437328338623047
7129,1.699131965637207
7130,-11.629034042358398
7131,-2.194403648376465
7132,1.8354482650756836
7133,-12.774612426757812
7134,-2.324432373046875
7135,1.753870964050293
7136,-12.769830703735352
7137,-2.4896249771118164
7138,1.7419404983520508
7139,-12.770042419433594
7140,-2.1097354888916016
7141,1.9013776779174805
7142,-11.359006881713867
7143,-2.1285600662231445
7144,1.9126787185668945
7145,-11.366179466247559
7146,-2.1426916122436523
7147,1.922612190246582
7148,-11.366979598999023
7149,-3.012173652648926
7150,1.5696954727172852
7151,-15.248495101928711
7152,-2.852315902709961
7153,1.7909765243530273
7154,-8.75632095336914
7155,-2.094620704650879
7156,1.4756669998168945
7157,-12.311954498291016
7158,-2.020195960998535
7159,1.5167531967163086
7160,-10.443767547607422
7161,-3.5333871841430664
7162,0.33788108825683594
7163,-17.316875457763672
7164,-3.4447383880615234
7165,1.1764440536499023
7166,-3.739173412322998
7167,-2.811446189880371
7168,-0.6926145553588867
7169,-16.84101676940918
7170,-1.699559211730957
7171,0.30706119537353516
7172,0.1285562515258789
7173,-0.41661548614501953
7174,-1.1573123931884766
7175,-9.108415603637695
7176,0.9698276519775391
7177,-0.1503467559814453
7178,-0.8771243095397949
7179,0.40699100494384766
7180,-1.2184724807739258
7181,-9.872260093688965
7182,1.7529230117797852
7183,-0.1838388442993164
7184,-0.44264984130859375
7185,0.5501441955566406
7186,-1.1012382507324219
7187,-9.764972686767578
7188,1.738907814025879
7189,-0.22866344451904297
7190,-2.296631336212158
7191,0.2731637954711914
7192,-0.9650678634643555
7193,-8.97333812713623
7194,1.4842939376831055
7195,-0.2760143280029297
7196,-1.625476360321045
7197,-5.402953147888184
7198,-2.5603418350219727
7199,-10.033441543579102
7200,-5.058870315551758
7201,-1.6795415878295898
7202,-0.04848623275756836
7203,0.09137535095214844
7204,-0.6364355087280273
7205,-12.904123306274414
7206,0.05991172790527344
7207,-0.10920906066894531
7208,0.48855066299438477
7209,5.467314720153809
7210,-1.616978645324707
7211,-10.949249267578125
7212,4.904114723205566
7213,-1.6759519577026367
7214,2.7589492797851562
7215,6.192917823791504
7216,-2.128750801086426
7217,-10.892721176147461
7218,5.307887077331543
7219,-1.912785530090332
7220,2.8727402687072754
7221,6.56320858001709
7222,-0.44754886627197266
7223,-14.018383026123047
7224,6.15859317779541
7225,-0.764195442199707
7226,0.5970067977905273
7227,-2.0448150634765625
7228,1.7267122268676758
7229,-14.024801254272461
7230,-2.4034433364868164
7231,1.8674860000610352
7232,-15.293731689453125
7233,-2.4791698455810547
7234,1.8342466354370117
7235,-15.29066276550293
7236,-2.5542516708374023
7237,1.8094472885131836
7238,-15.293416976928711
7239,-2.374361991882324
7240,1.9123640060424805
7241,-13.70218276977539
7242,-2.4128293991088867
7243,1.9303388595581055
7244,-13.709688186645508
7245,-2.455249786376953
7246,1.9377336502075195
7247,-13.71061897277832
7248,-3.2297792434692383
7249,1.5934724807739258
7250,-18.12005043029785
7251,-3.173516273498535
7252,1.801802635192871
7253,-10.850118637084961
7254,-2.246006965637207
7255,1.451157569885254
7256,-14.83306884765625
7257,-2.2057743072509766
7258,1.477189064025879
7259,-12.73011589050293
7260,-4.074215888977051
7261,0.053188323974609375
7262,-19.564361572265625
7263,-3.890531539916992
7264,1.0066442489624023
7265,-5.537545680999756
7266,-2.538355827331543
7267,-1.2569971084594727
7268,-16.717668533325195
7269,-1.6119670867919922
7270,-0.098907470703125
7271,-2.0262932777404785
7272,-0.12689876556396484
7273,-1.2081308364868164
7274,-8.892659187316895
7275,1.1329221725463867
7276,-0.5459489822387695
7277,-4.14960241317749
7278,0.5037593841552734
7279,-1.2327165603637695
7280,-9.791696548461914
7281,1.8377084732055664
7282,-0.5218677520751953
7283,-3.956414222717285
7284,0.5985469818115234
7285,-1.0141754150390625
7286,-9.486047744750977
7287,1.8484373092651367
7288,-0.5579004287719727
7289,-5.9048919677734375
7290,0.44134998321533203
7291,-0.98529052734375
7292,-8.681071281433105
7293,1.6200990676879883
7294,-0.6250267028808594
7295,-4.991034507751465
7296,-5.279941558837891
7297,-2.483506202697754
7298,-10.04017162322998
7299,-4.949071884155273
7300,-1.687922477722168
7301,-0.042777061462402344
7302,0.052547454833984375
7303,-0.7523622512817383
7304,-12.704853057861328
7305,-0.16377735137939453
7306,0.04801368713378906
7307,-0.4592738151550293
7308,5.139002799987793
7309,-1.489959716796875
7310,-10.455680847167969
7311,4.97061824798584
7312,-0.945246696472168
7313,2.5629611015319824
7314,5.6700849533081055
7315,-1.8700141906738281
7316,-10.552536010742188
7317,5.4531049728393555
7318,-1.351949691772461
7319,2.7276158332824707
7320,6.671303749084473
7321,-0.6675014495849609
7322,-12.036223411560059
7323,6.148850440979004
7324,0.036864280700683594
7325,0.8153181076049805
7326,-4.075533866882324
7327,3.011538505554199
7328,-15.050201416015625
7329,-4.572668075561523
7330,2.8788461685180664
7331,-15.207063674926758
7332,-4.728477478027344
7333,2.849501609802246
7334,-15.20671272277832
7335,-4.883062362670898
7336,2.819676399230957
7337,-15.209224700927734
7338,-4.442849159240723
7339,3.235959053039551
7340,-13.982854843139648
7341,-4.429994583129883
7342,3.223353385925293
7343,-13.988941192626953
7344,-4.2655229568481445
7345,3.1905641555786133
7346,-13.989618301391602
7347,-5.381509780883789
7348,2.5893468856811523
7349,-14.996282577514648
7350,-4.408082008361816
7351,2.754307746887207
7352,-8.488101959228516
7353,-4.235370635986328
7354,2.5005502700805664
7355,-14.428726196289062
7356,-4.144003868103027
7357,2.7668447494506836
7358,-12.77574348449707
7359,-4.964423179626465
7360,1.3836603164672852
7361,-16.298145294189453
7362,-3.9226131439208984
7363,1.8610124588012695
7364,-3.197924852371216
7365,-3.362879753112793
7366,0.3333091735839844
7367,-17.226640701293945
7368,-1.8883686065673828
7369,1.256333351135254
7370,-0.01768016815185547
7371,-2.506096839904785
7372,0.3710460662841797
7373,-18.998390197753906
7374,0.9020357131958008
7375,1.9964494705200195
7376,-2.6530778408050537
7377,-2.5334091186523438
7378,0.34329986572265625
7379,-20.718849182128906
7380,1.5547857284545898
7381,2.209477424621582
7382,-2.334071159362793
7383,-2.4488773345947266
7384,0.4935445785522461
7385,-20.582807540893555
7386,1.7959108352661133
7387,2.2915048599243164
7388,-4.153588771820068
7389,-2.36624813079834
7390,0.4853668212890625
7391,-19.045345306396484
7392,1.5681867599487305
7393,2.173384666442871
7394,-3.4672114849090576
7395,-5.202090263366699
7396,-1.659153938293457
7397,-10.087824821472168
7398,-4.7985124588012695
7399,-1.1805801391601562
7400,0.00019931793212890625
7401,-0.6568822860717773
7402,0.7482309341430664
7403,-18.088607788085938
7404,-0.3541736602783203
7405,1.0169076919555664
7406,-2.5566771030426025
7407,5.049321174621582
7408,0.7948675155639648
7409,-22.92262840270996
7410,5.019522666931152
7411,0.6573896408081055
7412,-5.140896320343018
7413,5.732525825500488
7414,0.49758338928222656
7415,-23.52801513671875
7416,5.656298637390137
7417,0.38876819610595703
7418,-5.531137466430664
7419,5.386797904968262
7420,1.8736982345581055
7421,-29.003150939941406
7422,5.3839616775512695
7423,1.6992864608764648
7424,-9.147564888000488
7425,-4.393416404724121
7426,2.573552131652832
7427,-13.230932235717773
7428,-4.9588518142700195
7429,2.668421745300293
7430,-14.124311447143555
7431,-5.094536781311035
7432,2.6289377212524414
7433,-14.122194290161133
7434,-5.228176116943359
7435,2.5887746810913086
7436,-14.123703002929688
7437,-4.789098739624023
7438,2.7755002975463867
7439,-12.756590843200684
7440,-4.776311874389648
7441,2.788388252258301
7442,-12.762611389160156
7443,-4.754220008850098
7444,2.799290657043457
7445,-12.76358699798584
7446,-5.868539810180664
7447,2.339533805847168
7448,-15.312007904052734
7449,-5.24173641204834
7450,2.605351448059082
7451,-8.973470687866211
7452,-4.526629447937012
7453,2.2442026138305664
7454,-13.368202209472656
7455,-4.298789978027344
7456,2.3468103408813477
7457,-11.559926986694336
7458,-5.1814165115356445
7459,1.093888282775879
7460,-16.789897918701172
7461,-4.814370155334473
7462,1.9087228775024414
7463,-2.8911523818969727
7464,-2.8010826110839844
7465,0.2521934509277344
7466,-16.10555648803711
7467,-2.0912132263183594
7468,1.844099998474121
7469,0.2588357925415039
7470,-2.25362491607666
7471,0.1955881118774414
7472,-12.95648193359375
7473,0.6959257125854492
7474,2.309176445007324
7475,-1.6397037506103516
7476,-1.9876880645751953
7477,0.21164417266845703
7478,-14.226032257080078
7479,1.2872200012207031
7480,2.527085304260254
7481,-1.147883415222168
7482,-1.611720085144043
7483,0.3267059326171875
7484,-13.826496124267578
7485,1.4434480667114258
7486,2.510392189025879
7487,-2.9483909606933594
7488,-1.5907115936279297
7489,0.3331155776977539
7490,-12.735747337341309
7491,1.2498197555541992
7492,2.380791664123535
7493,-2.432323694229126
7494,-4.954672813415527
7495,-1.6188716888427734
7496,-10.09345817565918
7497,-4.703705787658691
7498,-1.1260004043579102
7499,0.003650665283203125
7500,-1.0302095413208008
7501,0.7784433364868164
7502,-15.229034423828125
7503,-0.5034265518188477
7504,1.021651268005371
7505,-2.4201433658599854
7506,4.9334821701049805
7507,0.9495954513549805
7508,-14.802757263183594
7509,4.948561668395996
7510,1.0652475357055664
7511,-2.740082025527954
7512,5.804291725158691
7513,0.6267356872558594
7514,-14.793701171875
7515,5.692421913146973
7516,0.8226232528686523
7517,-2.8872361183166504
7518,5.2100629806518555
7519,1.8922204971313477
7520,-17.789958953857422
7521,5.88028621673584
7522,2.060469627380371
7523,-5.608922004699707
7524,-5.918896675109863
7525,2.8193674087524414
7526,-18.75669288635254
7527,-6.363228797912598
7528,2.7049856185913086
7529,-19.961254119873047
7530,-6.403250694274902
7531,2.66574764251709
7532,-19.960073471069336
7533,-6.437516212463379
7534,2.6271276473999023
7535,-19.961278915405273
7536,-6.402366638183594
7537,2.8372697830200195
7538,-18.46135902404785
7539,-6.442333221435547
7540,2.8381853103637695
7541,-18.467700958251953
7542,-6.431171417236328
7543,2.7563066482543945
7544,-18.467693328857422
7545,-6.631317615509033
7546,2.1338071823120117
7547,-21.58547019958496
7548,-6.767514228820801
7549,2.5241575241088867
7550,-14.784698486328125
7551,-5.678694725036621
7552,2.477614402770996
7553,-19.019807815551758
7554,-5.636321067810059
7555,2.6102800369262695
7556,-17.066484451293945
7557,-4.862353324890137
7558,0.9690637588500977
7559,-21.19243621826172
7560,-5.717348098754883
7561,1.670741081237793
7562,-7.714238166809082
7563,-2.8799562454223633
7564,-0.13580036163330078
7565,-20.426645278930664
7566,-3.3965187072753906
7567,0.9502286911010742
7568,-5.323054313659668
7569,-2.3720016479492188
7570,0.23455333709716797
7571,-20.500404357910156
7572,-2.0783462524414062
7573,1.172163963317871
7574,-10.168172836303711
7575,-2.1965036392211914
7576,0.292449951171875
7577,-22.66922378540039
7578,-1.8950214385986328
7579,1.2211618423461914
7580,-10.361196517944336
7581,-2.4067840576171875
7582,0.512171745300293
7583,-22.805866241455078
7584,-1.9047832489013672
7585,1.3171968460083008
7586,-12.172945022583008
7587,-2.412090301513672
7588,0.4884195327758789
7589,-20.630578994750977
7590,-1.8888511657714844
7591,1.2687368392944336
7592,-10.966939926147461
7593,-4.397518157958984
7594,-1.610818862915039
7595,-9.890674591064453
7596,-4.687063217163086
7597,-1.0461759567260742
7598,-0.19243383407592773
7599,-1.249612808227539
7600,1.2031049728393555
7601,-15.477684020996094
7602,-1.299356460571289
7603,1.5193452835083008
7604,-4.938950538635254
7605,3.5011167526245117
7606,2.9436349868774414
7607,-15.667451858520508
7608,3.4428415298461914
7609,2.9947900772094727
7610,-5.744380474090576
7611,4.380078315734863
7612,2.641026496887207
7613,-15.851303100585938
7614,4.331601142883301
7615,2.993229866027832
7616,-5.959659576416016
7617,3.3637189865112305
7618,4.016064643859863
7619,-21.59122657775879
7620,3.547816276550293
7621,4.104571342468262
7622,-10.540693283081055
7623,-5.934178352355957
7624,2.640772819519043
7625,-15.992986679077148
7626,-6.449501991271973
7627,2.6190671920776367
7628,-19.652271270751953
7629,-6.475919723510742
7630,2.5828237533569336
7631,-19.67451286315918
7632,-6.614803314208984
7633,2.539259910583496
7634,-19.68749237060547
7635,-6.4115400314331055
7636,2.682236671447754
7637,-16.79510498046875
7638,-6.415599822998047
7639,2.6821680068969727
7640,-16.797597885131836
7641,-6.406479835510254
7642,2.6715822219848633
7643,-16.798330307006836
7644,-6.66283655166626
7645,2.2727479934692383
7646,-16.10686683654785
7647,-6.49753475189209
7648,2.4756479263305664
7649,-11.480653762817383
7650,-5.553142547607422
7651,2.2611703872680664
7652,-17.905258178710938
7653,-5.411518096923828
7654,2.331883430480957
7655,-16.064485549926758
7656,-5.32938289642334
7657,1.211918830871582
7658,-17.043249130249023
7659,-5.460715293884277
7660,1.6404619216918945
7661,-4.146584987640381
7662,-3.8289308547973633
7663,0.16283512115478516
7664,-19.921995162963867
7665,-3.3691205978393555
7666,0.9823999404907227
7667,1.3359637260437012
7668,-3.5369186401367188
7669,-0.46865367889404297
7670,-14.051578521728516
7671,-2.3507938385009766
7672,0.9063291549682617
7673,2.1508708000183105
7674,-3.6780624389648438
7675,-0.6565036773681641
7676,-15.402355194091797
7677,-2.1605043411254883
7678,0.8544673919677734
7679,3.362514019012451
7680,-3.61199951171875
7681,-0.5775051116943359
7682,-15.113279342651367
7683,-2.1524267196655273
7684,0.8860158920288086
7685,1.8678102493286133
7686,-3.4696874618530273
7687,-0.5048894882202148
7688,-13.919218063354492
7689,-2.1767683029174805
7690,0.8963632583618164
7691,1.6099143028259277
7692,-3.2568769454956055
7693,-1.3737726211547852
7694,-9.941913604736328
7695,-3.917262077331543
7696,-1.1129741668701172
7697,-0.140960693359375
7698,-1.3875579833984375
7699,1.5128412246704102
7700,-14.934446334838867
7701,-1.5997400283813477
7702,1.5672521591186523
7703,-3.0253827571868896
7704,3.3576574325561523
7705,3.2128725051879883
7706,-13.576013565063477
7707,3.2528600692749023
7708,3.0702219009399414
7709,-3.0129618644714355
7710,4.408804893493652
7711,3.227545738220215
7712,-13.657398223876953
7713,4.260933876037598
7714,3.1442270278930664
7715,-3.1535325050354004
7716,2.729508399963379
7717,4.360413551330566
7718,-17.910165786743164
7719,2.7629690170288086
7720,4.145565986633301
7721,-6.508733749389648
7722,-7.075701713562012
7723,3.151902198791504
7724,-17.985870361328125
7725,-7.584881782531738
7726,3.094090461730957
7727,-19.091445922851562
7728,-7.61310338973999
7729,3.063570976257324
7730,-19.09270477294922
7731,-7.825333118438721
7732,3.001296043395996
7733,-19.096250534057617
7734,-7.559969425201416
7735,3.122439384460449
7736,-17.62235450744629
7737,-7.54428768157959
7738,2.9264307022094727
7739,-17.62660026550293
7740,-7.536206245422363
7741,2.9117422103881836
7742,-17.627052307128906
7743,-7.533431529998779
7744,2.4849061965942383
7745,-19.875919342041016
7746,-7.450168132781982
7747,2.6144208908081055
7748,-13.76898193359375
7749,-6.706710338592529
7750,2.75076961517334
7751,-18.262027740478516
7752,-6.661386489868164
7753,2.8024511337280273
7754,-16.462087631225586
7755,-5.343232154846191
7756,1.6604013442993164
7757,-19.844003677368164
7758,-5.817523956298828
7759,2.1226816177368164
7760,-7.315802574157715
7761,-3.386058807373047
7762,0.46898460388183594
7763,-17.587554931640625
7764,-3.852980613708496
7765,1.142420768737793
7766,-2.7468318939208984
7767,-3.021444320678711
7768,0.25873470306396484
7769,-12.583860397338867
7770,-3.167361259460449
7771,1.337367057800293
7772,-1.3332579135894775
7773,-3.1136703491210938
7774,0.19422245025634766
7775,-14.869173049926758
7776,-3.068387031555176
7777,1.3621740341186523
7778,-0.29041576385498047
7779,-3.12117862701416
7780,0.2992525100708008
7781,-13.391134262084961
7782,-3.0928096771240234
7783,1.4790124893188477
7784,-2.0019419193267822
7785,-3.035861015319824
7786,0.33100032806396484
7787,-12.307832717895508
7788,-3.096297264099121
7789,1.4664011001586914
7790,-1.900026798248291
7791,-2.9704742431640625
7792,-0.8091897964477539
7793,-9.37397575378418
7794,-3.6985721588134766
7795,-0.35554027557373047
7796,-0.6997480392456055
7797,-1.9005060195922852
7798,1.7173585891723633
7799,-16.2487735748291
7800,-2.4906234741210938
7801,2.1117982864379883
7802,-4.960236072540283
7803,0.9982233047485352
7804,3.9708032608032227
7805,-16.755779266357422
7806,0.8977012634277344
7807,4.614384651184082
7808,-6.9106974601745605
7809,2.769148826599121
7810,4.137747764587402
7811,-16.938831329345703
7812,2.0217065811157227
7813,4.377011299133301
7814,-7.186098098754883
7815,-0.7573709487915039
7816,5.345667839050293
7817,-21.70317268371582
7818,-0.38401126861572266
7819,5.533474922180176
7820,-10.517663955688477
7821,-7.029876232147217
7822,3.083878517150879
7823,-15.185016632080078
7824,-7.473931312561035
7825,3.0333642959594727
7826,-16.230300903320312
7827,-7.491390228271484
7828,3.006340980529785
7829,-16.22983741760254
7830,-7.508441925048828
7831,2.976016044616699
7832,-16.23194122314453
7833,-7.453367710113525
7834,3.055680274963379
7835,-14.823650360107422
7836,-7.457165241241455
7837,3.019862174987793
7838,-14.82763671875
7839,-7.448274612426758
7840,3.005162239074707
7841,-14.828041076660156
7842,-7.141425609588623
7843,2.433272361755371
7844,-17.68017578125
7845,-7.1049418449401855
7846,2.555384635925293
7847,-11.343114852905273
7848,-6.681478500366211
7849,2.6988744735717773
7850,-15.475845336914062
7851,-6.268166542053223
7852,2.675642967224121
7853,-13.646854400634766
7854,-5.110394477844238
7855,1.7274465560913086
7856,-18.48853874206543
7857,-5.753633499145508
7858,2.04172420501709
7859,-4.739903450012207
7860,-3.4740142822265625
7861,0.9925146102905273
7862,-16.780914306640625
7863,-3.6436634063720703
7864,2.05049991607666
7865,-0.48583078384399414
7866,-3.257626533508301
7867,1.0653886795043945
7868,-11.784770965576172
7869,-2.753481864929199
7870,2.7948007583618164
7871,1.019467830657959
7872,-3.3577184677124023
7873,1.0373449325561523
7874,-13.479827880859375
7875,-2.5909814834594727
7876,2.9341325759887695
7877,2.0100817680358887
7878,-3.4727392196655273
7879,1.1239519119262695
7880,-12.58572769165039
7881,-2.5705347061157227
7882,3.030350685119629
7883,0.06443452835083008
7884,-3.391904830932617
7885,1.1411008834838867
7886,-11.583715438842773
7887,-2.582712173461914
7888,2.9748716354370117
7889,0.29830074310302734
7890,-2.0122156143188477
7891,-0.6646766662597656
7892,-9.456029891967773
7893,-2.7831459045410156
7894,-0.4980192184448242
7895,-0.6271152496337891
7896,-1.9037208557128906
7897,1.8633356094360352
7898,-15.917675018310547
7899,-2.2729806900024414
7900,2.1302785873413086
7901,-4.8076605796813965
7902,0.9023075103759766
7903,4.199719429016113
7904,-16.281192779541016
7905,0.27155494689941406
7906,4.691218376159668
7907,-7.077608585357666
7908,1.8730573654174805
7909,4.421998023986816
7910,-16.472597122192383
7911,1.533371925354004
7912,4.37300968170166
7913,-7.435995101928711
7914,-0.9876775741577148
7915,5.352755546569824
7916,-21.266807556152344
7917,-0.9961204528808594
7918,5.358139991760254
7919,-11.099754333496094
7920,-6.821862697601318
7921,2.9807252883911133
7922,-17.341903686523438
7923,-7.153761863708496
7924,2.946427345275879
7925,-17.29161262512207
7926,-7.2054548263549805
7927,2.9196958541870117
7928,-17.293535232543945
7929,-7.254623889923096
7930,2.8928232192993164
7931,-17.29839324951172
7932,-6.981921672821045
7933,3.0038881301879883
7934,-17.026752471923828
7935,-6.911457538604736
7936,3.012404441833496
7937,-17.028322219848633
7938,-6.84179162979126
7939,3.0232057571411133
7940,-17.029813766479492
7941,-6.970189094543457
7942,2.761471748352051
7943,-17.3214168548584
7944,-6.450035095214844
7945,2.92258358001709
7946,-13.173660278320312
7947,-6.512598037719727
7948,2.8548460006713867
7949,-16.025909423828125
7950,-6.292790412902832
7951,2.9240732192993164
7952,-15.66827392578125
7953,-5.036565780639648
7954,2.62637996673584
7955,-13.040050506591797
7956,-4.87830924987793
7957,2.6812047958374023
7958,-6.860185146331787
7959,-3.89361572265625
7960,1.907557487487793
7961,-13.521800994873047
7962,-3.6799535751342773
7963,2.193608283996582
7964,-3.4146838188171387
7965,-4.570219039916992
7966,2.1861753463745117
7967,-15.992393493652344
7968,-4.079010963439941
7969,2.218785285949707
7970,-1.8989617824554443
7971,-4.876509666442871
7972,2.303929328918457
7973,-17.301237106323242
7974,-4.238898277282715
7975,2.12082576751709
7976,-1.2890820503234863
7977,-5.012922286987305
7978,2.3036623001098633
7979,-17.232362747192383
7980,-4.194768905639648
7981,2.2361974716186523
7982,-2.5979347229003906
7983,-4.8732147216796875
7984,2.2487363815307617
7985,-16.060821533203125
7986,-4.106167793273926
7987,2.2791833877563477
7988,-2.3100225925445557
7989,-1.4637565612792969
7990,0.3791961669921875
7991,-6.099287986755371
7992,-1.465775489807129
7993,0.6101770401000977
7994,-4.002509593963623
7995,-4.470717430114746
7996,2.086197853088379
7997,-15.874670028686523
7998,-3.119534492492676
7999,3.122185707092285
8000,-10.649835586547852
8001,-3.4864063262939453
8002,4.106411933898926
8003,-15.751022338867188
8004,-2.2282819747924805
8005,5.243704795837402
8006,-13.215263366699219
8007,-2.923768997192383
8008,4.354458808898926
8009,-16.010318756103516
8010,-1.5869064331054688
8011,5.321883201599121
8012,-13.519111633300781
8013,-4.492897987365723
8014,5.088082313537598
8015,-20.843124389648438
8016,-3.1254491806030273
8017,6.4627790451049805
8018,-17.85653305053711
8019,-7.291701316833496
8020,3.4746217727661133
8021,-15.449371337890625
8022,-7.6584978103637695
8023,3.378952980041504
8024,-16.19770050048828
8025,-7.628902435302734
8026,3.362114906311035
8027,-16.196685791015625
8028,-7.6007819175720215
8029,3.3450517654418945
8030,-16.1982479095459
8031,-7.6985907554626465
8032,3.3945531845092773
8033,-15.047628402709961
8034,-7.691906452178955
8035,3.3894834518432617
8036,-15.050195693969727
8037,-7.679181098937988
8038,3.3830156326293945
8039,-15.048440933227539
8040,-7.411900520324707
8041,2.9142656326293945
8042,-17.23587989807129
8043,-7.378002166748047
8044,2.9825315475463867
8045,-11.553299903869629
8046,-6.890948295593262
8047,3.22115421295166
8048,-15.417158126831055
8049,-6.867559432983398
8050,3.2679834365844727
8051,-13.919534683227539
8052,-5.021585464477539
8053,2.8262319564819336
8054,-17.747758865356445
8055,-5.803108215332031
8056,2.5384416580200195
8057,-5.542745590209961
8058,-4.072414398193359
8059,3.428349494934082
8060,-19.109655380249023
8061,-5.1777753829956055
8062,3.030022621154785
8063,-5.779588222503662
8064,-4.60380744934082
8065,3.9665403366088867
8066,-18.291412353515625
8067,-6.2798051834106445
8068,3.4171667098999023
8069,-10.57417106628418
8070,-4.701611518859863
8071,4.069491386413574
8072,-20.003032684326172
8073,-6.601703643798828
8074,3.364041328430176
8075,-10.716022491455078
8076,-4.8406476974487305
8077,4.028946876525879
8078,-19.583723068237305
8079,-6.622150897979736
8080,3.4450578689575195
8081,-12.054550170898438
8082,-4.791248321533203
8083,3.962235450744629
8084,-18.133142471313477
8085,-6.453950881958008
8086,3.4888391494750977
8087,-11.238692283630371
8088,-0.5889825820922852
8089,0.5081977844238281
8090,-6.393841743469238
8091,-1.4452533721923828
8092,0.4468364715576172
8093,-3.6950812339782715
8094,-3.691147804260254
8095,2.5245351791381836
8096,-16.239084243774414
8097,-3.605719566345215
8098,2.8441781997680664
8099,-5.628346920013428
8100,-2.5964298248291016
8101,5.637030601501465
8102,-17.699262619018555
8103,-3.071162223815918
8104,4.936755180358887
8105,-5.534877300262451
8106,-2.0684900283813477
8107,5.423056602478027
8108,-18.041128158569336
8109,-2.3640336990356445
8110,5.210213661193848
8111,-5.639892101287842
8112,-4.7036848068237305
8113,5.92861270904541
8114,-23.082763671875
8115,-4.707508087158203
8116,5.803553581237793
8117,-8.34960651397705
8118,-8.261277198791504
8119,2.5110654830932617
8120,-17.97751808166504
8121,-8.781824111938477
8122,2.452704429626465
8123,-18.603445053100586
8124,-8.587737083435059
8125,2.4886598587036133
8126,-18.597986221313477
8127,-8.584848403930664
8128,2.50179386138916
8129,-18.593412399291992
8130,-8.810885429382324
8131,2.479922294616699
8132,-19.22849464416504
8133,-8.830202102661133
8134,2.480605125427246
8135,-19.23556900024414
8136,-8.575599670410156
8137,2.492062568664551
8138,-19.241348266601562
8139,-8.185434341430664
8140,2.5198755264282227
8141,-18.81585121154785
8142,-8.137323379516602
8143,2.4015989303588867
8144,-21.731586456298828
8145,-7.720241546630859
8146,2.530083656311035
8147,-17.627384185791016
8148,-7.849161148071289
8149,2.539881706237793
8150,-18.4605712890625
8151,-5.642806053161621
8152,3.216128349304199
8153,-18.339242935180664
8154,-5.581784248352051
8155,2.7231931686401367
8156,-18.944278717041016
8157,-4.382099151611328
8158,4.528948783874512
8159,-20.326961517333984
8160,-4.253649711608887
8161,4.276244163513184
8162,-20.045120239257812
8163,-5.071306228637695
8164,5.24918270111084
8165,-25.78928565979004
8166,-6.014641761779785
8167,5.6129865646362305
8168,-21.375883102416992
8169,-5.336230278015137
8170,5.485713005065918
8171,-28.258346557617188
8172,-5.852747917175293
8173,5.972897529602051
8174,-22.96063232421875
8175,-5.248358726501465
8176,5.364438056945801
8177,-28.844343185424805
8178,-6.125395774841309
8179,6.007870674133301
8180,-24.456302642822266
8181,-5.17140007019043
8182,5.23459529876709
8183,-26.343416213989258
8184,-5.610143661499023
8185,6.305670738220215
8186,-22.17287826538086
8187,-0.6686487197875977
8188,1.2303247451782227
8189,-3.7262940406799316
8190,-1.3245534896850586
8191,0.8299093246459961
8192,-6.3853960037231445
8193,-4.379523277282715
8194,2.724820137023926
8195,-8.928487777709961
8196,-5.219878196716309
8197,2.021143913269043
8198,-8.001212120056152
8199,-6.385213851928711
8200,4.901272773742676
8201,-7.701745986938477
8202,-7.808056831359863
8203,4.303708076477051
8204,-5.172453880310059
8205,-6.3726348876953125
8206,5.083554267883301
8207,-7.828279495239258
8208,-8.121967315673828
8209,4.652970314025879
8210,-5.0658416748046875
8211,-8.232112884521484
8212,5.823737144470215
8213,-14.709327697753906
8214,-9.08041000366211
8215,4.880133628845215
8216,-9.835039138793945
8217,-9.446052551269531
8218,2.955416679382324
8219,-12.048948287963867
8220,-9.878358840942383
8221,2.8189401626586914
8222,-12.87251091003418
8223,-9.839090347290039
8224,2.8083410263061523
8225,-12.86897087097168
8226,-9.809112548828125
8227,2.801882743835449
8228,-12.863032341003418
8229,-9.881376266479492
8230,2.8120431900024414
8231,-12.148651123046875
8232,-9.858591079711914
8233,2.7869672775268555
8234,-12.152488708496094
8235,-9.705367088317871
8236,2.7137937545776367
8237,-12.156091690063477
8238,-9.045936584472656
8239,2.5358400344848633
8240,-14.45738410949707
8241,-9.394840240478516
8242,2.612584114074707
8243,-11.561625480651855
8244,-8.759016036987305
8245,3.0448293685913086
8246,-12.430547714233398
8247,-8.84939193725586
8248,3.0902910232543945
8249,-11.57966136932373
8250,-6.390451431274414
8251,3.1974306106567383
8252,-17.23728370666504
8253,-6.225560188293457
8254,2.9899682998657227
8255,-7.5230841636657715
8256,-4.501035690307617
8257,4.57106876373291
8258,-17.38239860534668
8259,-3.899881362915039
8260,4.459416389465332
8261,-17.977697372436523
8262,-4.820422172546387
8263,5.529147148132324
8264,-17.766904830932617
8265,-4.047784805297852
8266,5.5773210525512695
8267,-16.126811981201172
8268,-5.152486801147461
8269,5.778489112854004
8270,-22.776708602905273
8271,-3.9078264236450195
8272,5.8043107986450195
8273,-20.594120025634766
8274,-5.2604570388793945
8275,5.666274070739746
8276,-19.835716247558594
8277,-3.95816707611084
8278,5.818299293518066
8279,-15.243101119995117
8280,-5.089578628540039
8281,5.591708183288574
8282,-17.339237213134766
8283,-3.793394088745117
8284,5.776274681091309
8285,-13.874155044555664
8286,-0.4158334732055664
8287,1.3992700576782227
8288,-4.384576797485352
8289,-0.8239154815673828
8290,1.2052640914916992
8291,-5.703564643859863
8292,-5.083865165710449
8293,2.0808801651000977
8294,-10.498254776000977
8295,-4.974774360656738
8296,2.3053503036499023
8297,1.1787424087524414
8298,-6.7071332931518555
8299,3.998856544494629
8300,-7.63482666015625
8301,-6.398188591003418
8302,4.2522478103637695
8303,4.398242473602295
8304,-6.434986114501953
8305,4.454808235168457
8306,-7.3816351890563965
8307,-6.220620155334473
8308,4.647875785827637
8309,4.770425319671631
8310,-8.97408676147461
8311,4.269850730895996
8312,-10.417610168457031
8313,-8.20029067993164
8314,4.63723087310791
8315,2.8243961334228516
8316,-9.743867874145508
8317,2.9029531478881836
8318,-7.128317832946777
8319,-10.03812313079834
8320,2.689021110534668
8321,-7.924760818481445
8322,-10.01132583618164
8323,2.669949531555176
8324,-7.923484802246094
8325,-9.986457824707031
8326,2.654465675354004
8327,-7.922633647918701
8328,-10.050673484802246
8329,2.685145378112793
8330,-6.744961261749268
8331,-10.029932975769043
8332,2.6595659255981445
8333,-6.746028900146484
8334,-10.000397682189941
8335,2.626284599304199
8336,-6.745244026184082
8337,-9.258170127868652
8338,2.47116756439209
8339,-9.806307792663574
8340,-9.507999420166016
8341,2.5276708602905273
8342,-4.537237644195557
8343,-9.191993713378906
8344,3.0479631423950195
8345,-7.712766647338867
8346,-9.227197647094727
8347,3.037430763244629
8348,-6.212139129638672
8349,-6.745911598205566
8350,3.5347394943237305
8351,-13.264274597167969
8352,-6.856220245361328
8353,3.0356836318969727
8354,0.6142768859863281
8355,-5.177817344665527
8356,4.0395612716674805
8357,-11.445999145507812
8358,-5.796408653259277
8359,3.776921272277832
8360,1.1344943046569824
8361,-6.821578502655029
8362,4.1308393478393555
8363,-6.995490074157715
8364,-7.020585060119629
8365,4.299298286437988
8366,0.18668174743652344
8367,-7.439404487609863
8368,4.130858421325684
8369,-8.51033878326416
8370,-7.366942405700684
8371,4.291903495788574
8372,0.8696932792663574
8373,-7.57330846786499
8374,4.0129499435424805
8375,-7.702342987060547
8376,-7.473319053649902
8377,4.370728492736816
8378,-0.08678865432739258
8379,-7.335121154785156
8380,4.042086601257324
8381,-6.693985462188721
8382,-7.340980529785156
8383,4.425545692443848
8384,-0.15665245056152344
8385,-0.3264656066894531
8386,1.9223871231079102
8387,-7.089570999145508
8388,-0.7827787399291992
8389,1.6753168106079102
8390,-2.992018938064575
8391,-5.310334205627441
8392,3.4852800369262695
8393,-10.576557159423828
8394,-5.26970100402832
8395,3.4532251358032227
8396,0.006853580474853516
8397,-5.399460792541504
8398,5.823670387268066
8399,-10.383994102478027
8400,-5.164058685302734
8401,5.862032890319824
8402,2.4851746559143066
8403,-5.001967430114746
8404,6.386887550354004
8405,-10.467456817626953
8406,-4.7619524002075195
8407,6.358582496643066
8408,2.7744240760803223
8409,-7.529369354248047
8410,6.006718635559082
8411,-14.478395462036133
8412,-6.028473854064941
8413,6.6818437576293945
8414,2.1401824951171875
8415,-10.32362174987793
8416,2.8480405807495117
8417,-5.760341644287109
8418,-10.450237274169922
8419,2.5799970626831055
8420,-6.678299903869629
8421,-10.405292510986328
8422,2.5540246963500977
8423,-6.677709579467773
8424,-10.35916519165039
8425,2.530533790588379
8426,-6.675671577453613
8427,-10.47001838684082
8428,2.582087516784668
8429,-5.443446636199951
8430,-10.43527603149414
8431,2.5539331436157227
8432,-5.4483466148376465
8433,-10.397684097290039
8434,2.5247278213500977
8435,-5.452038288116455
8436,-9.781464576721191
8437,2.3306474685668945
8438,-9.167926788330078
8439,-9.893550872802734
8440,2.3671159744262695
8441,-3.630444049835205
8442,-9.64342975616455
8443,2.9217348098754883
8444,-6.57745361328125
8445,-9.651799201965332
8446,2.914761543273926
8447,-4.98786735534668
8448,-7.086947441101074
8449,2.8669328689575195
8450,-12.876408576965332
8451,-6.668438911437988
8452,3.0589590072631836
8453,0.8188939094543457
8454,-4.6439208984375
8455,3.4899702072143555
8456,-11.29269027709961
8457,-4.730989456176758
8458,4.252017021179199
8459,1.7333173751831055
8460,-5.38749885559082
8461,4.14980411529541
8462,-7.016654014587402
8463,-6.8477630615234375
8464,5.633772850036621
8465,-0.09507036209106445
8466,-5.670880317687988
8467,4.320366859436035
8468,-8.103404998779297
8469,-7.0934319496154785
8470,5.966351509094238
8471,0.7000465393066406
8472,-5.903112411499023
8473,4.260228157043457
8474,-7.3974995613098145
8475,-7.084131717681885
8476,6.001824378967285
8477,-0.9800071716308594
8478,-5.771895408630371
8479,4.233172416687012
8480,-6.722959995269775
8481,-6.91180419921875
8482,5.894501686096191
8483,-0.804722785949707
8484,-0.39010143280029297
8485,2.0109472274780273
8486,-9.22784423828125
8487,-0.4171018600463867
8488,2.105198860168457
8489,-0.8620171546936035
8490,-5.636553764343262
8491,3.857060432434082
8492,-11.473945617675781
8493,-5.524605751037598
8494,3.914975166320801
8495,0.8052401542663574
8496,-3.953908920288086
8497,6.514796257019043
8498,-10.150373458862305
8499,-3.560995101928711
8500,6.335875511169434
8501,2.475005626678467
8502,-3.7944860458374023
8503,6.781975746154785
8504,-10.086751937866211
8505,-3.200967788696289
8506,6.833373069763184
8507,2.5269408226013184
8508,-5.284400939941406
8509,7.143631935119629
8510,-13.77210807800293
8511,-4.7679595947265625
8512,7.121556282043457
8513,0.010266304016113281
8514,-10.331863403320312
8515,2.6020002365112305
8516,-5.913713455200195
8517,-10.300021171569824
8518,2.3720579147338867
8519,-6.634222984313965
8520,-10.253421783447266
8521,2.342288017272949
8522,-6.633998870849609
8523,-10.206527709960938
8524,2.313052177429199
8525,-6.634566783905029
8526,-10.291423797607422
8527,2.389492988586426
8528,-5.2004570960998535
8529,-10.239912986755371
8530,2.367617607116699
8531,-5.202627182006836
8532,-10.193675994873047
8533,2.3444738388061523
8534,-5.202978610992432
8535,-9.548442840576172
8536,2.1194467544555664
8537,-8.437030792236328
8538,-9.662076950073242
8539,2.186099052429199
8540,-1.8817334175109863
8541,-9.75719165802002
8542,2.6570119857788086
8543,-6.481818199157715
8544,-9.701470375061035
8545,2.677981376647949
8546,-4.6004438400268555
8547,-6.968799591064453
8548,2.66074275970459
8549,-12.03451919555664
8550,-6.895335674285889
8551,2.6654481887817383
8552,3.1660218238830566
8553,-4.765730857849121
8554,3.031947135925293
8555,-15.103015899658203
8556,-6.1540327072143555
8557,3.357354164123535
8558,7.086531162261963
8559,-6.828575611114502
8560,3.2090864181518555
8561,-21.380334854125977
8562,-9.447083473205566
8563,3.586033821105957
8564,8.944377899169922
8565,-7.657042026519775
8566,3.230269432067871
8567,-23.66799545288086
8568,-10.36569595336914
8569,3.5068445205688477
8570,10.475515365600586
8571,-8.089553833007812
8572,3.0412302017211914
8573,-22.6123046875
8574,-10.640849113464355
8575,3.624253273010254
8576,9.509836196899414
8577,-7.750642776489258
8578,3.1049814224243164
8579,-21.192089080810547
8580,-10.340991020202637
8581,3.713437080383301
8582,8.639686584472656
8583,-0.47435951232910156
8584,2.3255300521850586
8585,-10.442319869995117
8586,-0.4421377182006836
8587,2.3226118087768555
8588,0.3480343818664551
8589,-5.889200210571289
8590,4.2795915603637695
8591,-14.464576721191406
8592,-6.031243324279785
8593,4.098092079162598
8594,0.5365185737609863
8595,-3.5578479766845703
8596,6.5974931716918945
8597,-14.665206909179688
8598,-2.9055089950561523
8599,6.473742485046387
8600,-1.5834052562713623
8601,-2.4295272827148438
8602,6.864651679992676
8603,-14.630558013916016
8604,-2.98760986328125
8605,6.745024681091309
8606,-1.928666591644287
8607,-4.34284782409668
8608,7.3734846115112305
8609,-17.235488891601562
8610,-3.9043655395507812
8611,7.249951362609863
8612,-4.407843589782715
8613,-10.261190414428711
8614,2.4608850479125977
8615,-6.745462894439697
8616,-10.43847370147705
8617,2.250321388244629
8618,-7.274630069732666
8619,-10.384590148925781
8620,2.2199296951293945
8621,-7.275900840759277
8622,-10.331668853759766
8623,2.188788414001465
8624,-7.279282569885254
8625,-10.468111038208008
8626,2.272101402282715
8627,-5.612494468688965
8628,-10.43494987487793
8629,2.253239631652832
8630,-5.613600730895996
8631,-10.407853126525879
8632,2.2336740493774414
8633,-5.613619804382324
8634,-9.651676177978516
8635,1.9877824783325195
8636,-8.417701721191406
8637,-9.82656478881836
8638,2.081843376159668
8639,-0.7188048362731934
8640,-9.704212188720703
8641,2.501858711242676
8642,-7.155844688415527
8643,-9.665040016174316
8644,2.52878475189209
8645,-4.9581475257873535
8646,-6.71368932723999
8647,2.1735963821411133
8648,-12.166202545166016
8649,-7.032546043395996
8650,2.6796159744262695
8651,4.310123920440674
8652,-4.407980918884277
8653,2.5355234146118164
8654,-19.995010375976562
8655,-6.331480979919434
8656,3.5406618118286133
8657,8.384992599487305
8658,-6.9228515625
8659,3.092291831970215
8660,-28.21900177001953
8661,-9.01998233795166
8662,3.8381032943725586
8663,8.584203720092773
8664,-7.940298080444336
8665,3.02774715423584
8666,-30.960039138793945
8667,-9.793745994567871
8668,3.727227210998535
8669,9.779125213623047
8670,-8.400808334350586
8671,2.8518877029418945
8672,-29.733030319213867
8673,-10.11168384552002
8674,3.841855049133301
8675,8.553916931152344
8676,-8.092262268066406
8677,2.9233102798461914
8678,-28.01578140258789
8679,-9.878701210021973
8680,3.9498910903930664
8681,8.065681457519531
8682,-0.3977184295654297
8683,2.329464912414551
8684,-10.939468383789062
8685,-0.217010498046875
8686,2.688420295715332
8687,0.8454360961914062
8688,-6.2870283126831055
8689,4.165926933288574
8690,-16.98834800720215
8691,-6.087765693664551
8692,4.196011543273926
8693,0.03227710723876953
8694,-3.2377748489379883
8695,6.5740251541137695
8696,-18.58826446533203
8697,-2.6226720809936523
8698,6.450499534606934
8699,-2.877492666244507
8700,-1.7792415618896484
8701,6.887570381164551
8702,-18.749269485473633
8703,-2.867953300476074
8704,6.716946601867676
8705,-3.293083906173706
8706,-4.134147644042969
8707,7.381463050842285
8708,-21.68617820739746
8709,-3.8896427154541016
8710,7.239590644836426
8711,-5.842985153198242
8712,-10.28221321105957
8713,2.331437110900879
8714,-5.454342365264893
8715,-10.287992477416992
8716,2.1195363998413086
8717,-6.06837272644043
8718,-10.199886322021484
8719,2.068305015563965
8720,-6.069594383239746
8721,-10.112336158752441
8722,2.015589714050293
8723,-6.073519229888916
8724,-10.404900550842285
8725,2.129887580871582
8726,-4.258340835571289
8727,-10.392224311828613
8728,2.0890493392944336
8729,-4.258613586425781
8730,-10.351907730102539
8731,2.052727699279785
8732,-4.258059024810791
8733,-9.384865760803223
8734,1.8252935409545898
8735,-7.7084641456604
8736,-9.744733810424805
8737,1.897444725036621
8738,0.529970645904541
8739,-9.680561065673828
8740,2.2989816665649414
8741,-6.0697021484375
8742,-9.761482238769531
8743,2.3301515579223633
8744,-3.683046579360962
8745,-6.340060234069824
8746,1.9336214065551758
8747,-11.68569564819336
8748,-7.19512414932251
8749,2.473393440246582
8750,5.179422855377197
8751,-4.21027946472168
8752,2.433140754699707
8753,-18.74481964111328
8754,-7.852214336395264
8755,3.102677345275879
8756,9.659452438354492
8757,-7.108938694000244
8758,3.02323055267334
8759,-24.789112091064453
8760,-11.087944030761719
8761,3.1668596267700195
8762,9.645479202270508
8763,-7.903975486755371
8764,3.0442399978637695
8765,-27.41223907470703
8766,-11.975273132324219
8767,3.0290327072143555
8768,10.629098892211914
8769,-8.355632781982422
8770,2.8215436935424805
8771,-26.272594451904297
8772,-12.180000305175781
8773,3.1161489486694336
8774,9.437414169311523
8775,-8.131279945373535
8776,2.8666810989379883
8777,-24.545637130737305
8778,-11.929996490478516
8779,3.219241142272949
8780,9.130081176757812
8781,-0.2683448791503906
8782,2.57289981842041
8783,-11.354168891906738
8784,-0.33478546142578125
8785,2.8618555068969727
8786,1.2601017951965332
8787,-6.463762283325195
8788,4.210844993591309
8789,-17.627614974975586
8790,-6.166876792907715
8791,4.301634788513184
8792,1.174081802368164
8793,-3.0763254165649414
8794,6.709527015686035
8795,-19.677127838134766
8796,-2.491166114807129
8797,6.533387184143066
8798,-0.37326765060424805
8799,-1.3759851455688477
8800,7.032731056213379
8801,-19.819093704223633
8802,-2.787942886352539
8803,6.734524726867676
8804,-0.7038631439208984
8805,-4.297266960144043
8806,7.494050025939941
8807,-22.738780975341797
8808,-4.005365371704102
8809,7.264954566955566
8810,-2.2787630558013916
8811,-10.166778564453125
8812,2.3246660232543945
8813,-3.8544538021087646
8814,-10.297966003417969
8815,1.9332952499389648
8816,-4.519721984863281
8817,-10.222877502441406
8818,1.8657655715942383
8819,-4.521003723144531
8820,-10.147565841674805
8821,1.7984209060668945
8822,-4.524077892303467
8823,-10.38640022277832
8824,1.9862432479858398
8825,-2.8308141231536865
8826,-10.372703552246094
8827,1.9636812210083008
8828,-2.830364942550659
8829,-10.355587005615234
8830,1.9303693771362305
8831,-2.83127498626709
8832,-9.449527740478516
8833,1.647078514099121
8834,-6.134341716766357
8835,-9.780847549438477
8836,1.7652521133422852
8837,1.4779481887817383
8838,-9.547395706176758
8839,2.1935739517211914
8840,-4.44636344909668
8841,-9.596586227416992
8842,2.2180566787719727
8843,-2.236745595932007
8844,-6.360540390014648
8845,1.9001131057739258
8846,-10.636332511901855
8847,-6.959376335144043
8848,2.3545141220092773
8849,6.704305171966553
8850,-4.074956893920898
8851,2.432986259460449
8852,-17.905235290527344
8853,-7.090844631195068
8854,3.0306100845336914
8855,12.387336730957031
8856,-7.282704830169678
8857,2.9532957077026367
8858,-21.183128356933594
8859,-10.031129837036133
8860,2.9403600692749023
8861,13.072017669677734
8862,-8.028026580810547
8863,2.968022346496582
8864,-23.052446365356445
8865,-10.728158950805664
8866,2.7654218673706055
8867,14.227859497070312
8868,-8.311355590820312
8869,2.745610237121582
8870,-22.268781661987305
8871,-11.055828094482422
8872,2.849024772644043
8873,13.402036666870117
8874,-8.035331726074219
8875,2.7435731887817383
8876,-20.939666748046875
8877,-10.886775016784668
8878,2.9400510787963867
8879,12.70513916015625
8880,-0.2594318389892578
8881,2.6732091903686523
8882,-11.18576431274414
8883,-0.2810344696044922
8884,3.098849296569824
8885,1.0885028839111328
8886,-6.580272674560547
8887,4.017603874206543
8888,-16.405366897583008
8889,-6.096889495849609
8890,4.4509992599487305
8891,0.6407184600830078
8892,-2.814520835876465
8893,6.593884468078613
8894,-17.686431884765625
8895,-2.4360580444335938
8896,6.53151798248291
8897,-0.9130887985229492
8898,-1.1780681610107422
8899,6.939984321594238
8900,-17.78081512451172
8901,-2.501375198364258
8902,6.754641532897949
8903,-1.3559110164642334
8904,-4.43019962310791
8905,7.651192665100098
8906,-20.38551902770996
8907,-3.5870399475097656
8908,7.687169075012207
8909,-2.4432597160339355
8910,-10.057397842407227
8911,1.8821039199829102
8912,-3.4596738815307617
8913,-10.057323455810547
8914,1.4891366958618164
8915,-3.924347400665283
8916,-9.947561264038086
8917,1.432692527770996
8918,-3.924194812774658
8919,-9.841405868530273
8920,1.3732423782348633
8921,-3.9271645545959473
8922,-10.179551124572754
8923,1.5300073623657227
8924,-2.328596591949463
8925,-10.170953750610352
8926,1.514145851135254
8927,-2.3295178413391113
8928,-10.16006851196289
8929,1.4904146194458008
8930,-2.331559896469116
8931,-9.120076179504395
8932,1.2115888595581055
8933,-5.154535293579102
8934,-9.560791015625
8935,1.3337068557739258
8936,2.0322060585021973
8937,-9.486322402954102
8938,1.9215936660766602
8939,-3.9743504524230957
8940,-9.578861236572266
8941,1.9542779922485352
8942,-1.8969697952270508
8943,-6.090236663818359
8944,1.6153783798217773
8945,-9.529268264770508
8946,-7.4098687171936035
8947,2.222172737121582
8948,6.076935291290283
8949,-3.9931640625
8950,2.308138847351074
8951,-15.799144744873047
8952,-9.30354118347168
8953,3.020596504211426
8954,8.067407608032227
8955,-7.315894603729248
8956,2.865097999572754
8957,-18.568605422973633
8958,-12.5554838180542
8959,2.7523927688598633
8960,6.262176036834717
8961,-7.960066795349121
8962,3.0174989700317383
8963,-20.41301155090332
8964,-13.320101737976074
8965,2.6110315322875977
8966,7.539584636688232
8967,-8.08031940460205
8968,2.801093101501465
8969,-19.8925724029541
8970,-13.291818618774414
8971,2.616002082824707
8972,5.7208333015441895
8973,-7.896908283233643
8974,2.742234230041504
8975,-18.42771339416504
8976,-12.982132911682129
8977,2.682124137878418
8978,5.6808600425720215
8979,-0.2286663055419922
8980,2.6556291580200195
8981,-10.99748420715332
8982,-0.5009450912475586
8983,3.1000661849975586
8984,0.8994908332824707
8985,-6.42662239074707
8986,4.085814476013184
8987,-17.849191665649414
8988,-6.097917556762695
8989,4.367892265319824
8990,0.22143030166625977
8991,-2.8002634048461914
8992,6.6370344161987305
8993,-22.583599090576172
8994,-2.3671865463256836
8995,6.476820945739746
8996,-4.290990829467773
8997,-1.023336410522461
8998,6.883294105529785
8999,-23.06239128112793
9000,-2.4477920532226562
9001,6.695761680603027
9002,-4.970648288726807
9003,-4.421278953552246
9004,7.628809928894043
9005,-26.223419189453125
9006,-4.036518096923828
9007,7.409369468688965
9008,-6.649965286254883
