,0
0,3.00065279006958
1,-2.225503921508789
2,6.4553680419921875
3,3.5929532051086426
4,-2.3471412658691406
5,7.3945512771606445
6,3.8196969032287598
7,-2.297067642211914
8,7.394805908203125
9,4.038123607635498
10,-2.242198944091797
11,7.386934280395508
12,3.084869861602783
13,-2.4974842071533203
14,7.774422645568848
15,2.9447340965270996
16,-2.5536537170410156
17,7.7834367752075195
18,2.811828136444092
19,-2.6056747436523438
20,7.783371925354004
21,4.766051769256592
22,-2.1288185119628906
23,10.219572067260742
24,3.0152602195739746
25,-2.6860809326171875
26,12.095613479614258
27,3.3720898628234863
28,-1.9264678955078125
29,7.234096527099609
30,2.782121181488037
31,-2.0889434814453125
32,7.739198684692383
33,6.207396984100342
34,-1.3462238311767578
35,7.115296363830566
36,2.2323994636535645
37,-1.5717964172363281
38,11.035172462463379
39,10.969078063964844
40,-1.6135883331298828
41,2.263209581375122
42,0.5341486930847168
43,-0.4470081329345703
44,7.652643203735352
45,15.641813278198242
46,-0.9849834442138672
47,-1.3594881296157837
48,-1.2704706192016602
49,0.38373756408691406
50,2.6914188861846924
51,17.02715492248535
52,-0.8641510009765625
53,-2.6559596061706543
54,-1.8449678421020508
55,0.6293888092041016
56,2.416461706161499
57,17.026586532592773
58,-0.8120670318603516
59,-1.8310697078704834
60,-1.617136001586914
61,0.6817607879638672
62,2.1337366104125977
63,16.45098304748535
64,-0.8197231292724609
65,-1.2837072610855103
66,-1.2403459548950195
67,0.6865386962890625
68,2.50300669670105
69,1.3615684509277344
70,-0.1633148193359375
71,-3.583928108215332
72,0.0
73,0.0
74,0.0
75,0.8765850067138672
76,1.5214729309082031
77,-6.647739410400391
78,-1.150115966796875
79,1.6238765716552734
80,0.4189324378967285
81,4.273326396942139
82,5.649847030639648
83,-9.960927963256836
84,3.0565571784973145
85,5.1723785400390625
86,-0.8357601165771484
87,5.562624454498291
88,5.746652603149414
89,-10.134725570678711
90,4.429008960723877
91,5.3688507080078125
92,-0.9805829524993896
93,4.030702114105225
94,6.291193008422852
95,-12.499149322509766
96,2.703493595123291
97,6.108854293823242
98,-2.652385950088501
99,0.10456418991088867
100,-1.8903789520263672
101,-16.262819290161133
102,-0.189544677734375
103,-1.9877643585205078
104,-16.869192123413086
105,-0.12488460540771484
106,-1.9646568298339844
107,-16.870746612548828
108,-0.0661764144897461
109,-1.9383735656738281
110,-16.881683349609375
111,-0.2741413116455078
112,-2.079050064086914
113,-16.553943634033203
114,-0.27808046340942383
115,-2.112234115600586
116,-16.55097007751465
117,-0.2792692184448242
118,-2.1451568603515625
119,-16.551286697387695
120,0.587982177734375
121,-1.8530044555664062
122,-17.24339485168457
123,0.1691884994506836
124,-2.2276134490966797
125,-15.570277214050293
126,0.7855949401855469
127,-1.670675277709961
128,-16.14240837097168
129,0.6406126022338867
130,-1.7357139587402344
131,-15.693538665771484
132,3.1205849647521973
133,-0.7332420349121094
134,-13.169447898864746
135,3.026912212371826
136,-1.5931205749511719
137,-14.385640144348145
138,6.138743877410889
139,-0.5164527893066406
140,-13.677871704101562
141,8.801277160644531
142,-1.7743911743164062
143,-12.292604446411133
144,9.052310943603516
145,0.06313896179199219
146,-16.142704010009766
147,14.33244514465332
148,-0.56689453125
149,-10.544964790344238
150,9.385053634643555
151,0.34905242919921875
152,-17.08448028564453
153,15.435409545898438
154,-0.4539203643798828
155,-11.805047035217285
156,9.780960083007812
157,0.3115386962890625
158,-17.77433204650879
159,14.962488174438477
160,-0.3684711456298828
161,-11.344265937805176
162,9.761751174926758
163,0.22123336791992188
164,-16.508085250854492
165,14.842327117919922
166,-0.3943004608154297
167,-10.314993858337402
168,1.1178889274597168
169,0.3761730194091797
170,-3.8078255653381348
171,1.0846776962280273
172,0.03362083435058594
173,0.23372244834899902
174,-0.7986259460449219
175,2.4471168518066406
176,-6.493783950805664
177,0.6972560882568359
178,1.6461372375488281
179,1.9628214836120605
180,4.286946773529053
181,5.723455429077148
182,-7.7695512771606445
183,3.077125072479248
184,5.049661636352539
185,3.282938241958618
186,5.564311504364014
187,5.92596435546875
188,-7.535757064819336
189,4.1917405128479
190,5.021240234375
191,3.3460214138031006
192,2.770887851715088
193,7.082557678222656
194,-7.016648292541504
195,2.4078402519226074
196,6.096931457519531
197,2.7639057636260986
198,-1.9951519966125488
199,-2.002277374267578
200,-13.170022010803223
201,-2.1581225395202637
202,-2.2173500061035156
203,-14.185669898986816
204,-2.006770133972168
205,-2.215679168701172
206,-14.195122718811035
207,-1.8582940101623535
208,-2.2097511291503906
209,-14.214488983154297
210,-2.4496214389801025
211,-2.3206520080566406
212,-13.471445083618164
213,-2.5303163528442383
214,-2.376089096069336
215,-13.459724426269531
216,-2.6063640117645264
217,-2.4329376220703125
218,-13.455462455749512
219,-0.8952937126159668
220,-2.3228302001953125
221,-16.41205406188965
222,-2.101550579071045
223,-2.783916473388672
224,-12.846899032592773
225,-1.0407986640930176
226,-1.8268184661865234
227,-13.634451866149902
228,-1.4500279426574707
229,-1.8745746612548828
230,-12.641457557678223
231,2.715157985687256
232,-1.3275623321533203
233,-13.62926197052002
234,2.286538600921631
235,-2.2986297607421875
236,-12.327621459960938
237,7.1771674156188965
238,-0.5187931060791016
239,-14.864444732666016
240,7.759823322296143
241,-1.5194168090820312
242,-10.4395751953125
243,10.973295211791992
244,0.7768688201904297
245,-18.5682373046875
246,12.479177474975586
247,-0.12742996215820312
248,-10.557586669921875
249,11.954177856445312
250,1.2815017700195312
251,-19.96921157836914
252,12.654380798339844
253,0.5748825073242188
254,-12.36132526397705
255,12.036201477050781
256,1.3391551971435547
257,-20.957834243774414
258,13.469463348388672
259,0.16058921813964844
260,-11.990926742553711
261,11.630165100097656
262,1.1803836822509766
263,-19.090194702148438
264,12.575895309448242
265,0.4382152557373047
266,-10.502882957458496
267,1.4465670585632324
268,-0.33872413635253906
269,-4.296942710876465
270,1.4388089179992676
271,-0.8375606536865234
272,0.7354278564453125
273,-1.6038103103637695
274,2.3948917388916016
275,-7.807836532592773
276,0.2659568786621094
277,1.5168170928955078
278,3.1763622760772705
279,4.225185871124268
280,5.742422103881836
281,-8.171978950500488
282,3.0393271446228027
283,5.092079162597656
284,4.030434608459473
285,5.486597537994385
286,5.9715576171875
287,-8.06983757019043
288,4.15863561630249
289,5.192707061767578
290,3.9669253826141357
291,2.373108386993408
292,7.537179946899414
293,-7.2715864181518555
294,1.582796573638916
295,6.598236083984375
296,3.7585623264312744
297,-1.5898480415344238
298,-3.3952178955078125
299,-23.035951614379883
300,-1.4277281761169434
301,-3.3225631713867188
302,-24.846210479736328
303,-1.3389739990234375
304,-3.241109848022461
305,-24.853010177612305
306,-1.2528777122497559
307,-3.1593379974365234
308,-24.874486923217773
309,-1.5060057640075684
310,-3.600637435913086
311,-23.997499465942383
312,-1.4919209480285645
313,-3.699690818786621
314,-23.9926700592041
315,-1.4815311431884766
316,-3.8006086349487305
317,-23.984996795654297
318,-0.2880973815917969
319,-3.0160655975341797
320,-27.39274024963379
321,-0.8470592498779297
322,-3.992548942565918
323,-23.310823440551758
324,-1.0044641494750977
325,-3.12701416015625
326,-23.259794235229492
327,-1.143812656402588
328,-3.3930931091308594
329,-22.116744995117188
330,2.07460355758667
331,-1.692657470703125
332,-22.75227928161621
333,3.0091147422790527
334,-3.868875503540039
335,-20.3900203704834
336,5.7072367668151855
337,0.5442047119140625
338,-22.158428192138672
339,10.37942886352539
340,-2.3767967224121094
341,-16.808122634887695
342,8.954681396484375
343,2.49591064453125
344,-24.789087295532227
345,15.453641891479492
346,-0.5539340972900391
347,-16.254497528076172
348,9.495122909545898
349,3.078449249267578
350,-26.01557731628418
351,16.667333602905273
352,-0.04880714416503906
353,-17.628376007080078
354,9.65450668334961
355,3.0566177368164062
356,-27.138198852539062
357,16.753549575805664
358,-0.2770214080810547
359,-17.492534637451172
360,9.33829116821289
361,2.885683059692383
362,-25.327695846557617
363,15.955974578857422
364,-0.2418670654296875
365,-16.212636947631836
366,0.8771729469299316
367,-0.6064281463623047
368,-5.504765510559082
369,1.3095006942749023
370,-1.5559463500976562
371,1.9378478527069092
372,-1.985811710357666
373,2.272512435913086
374,-8.090180397033691
375,0.636937141418457
376,0.026641845703125
377,12.065386772155762
378,3.9517664909362793
379,5.907012939453125
380,-6.737678527832031
381,3.9500203132629395
382,3.685514450073242
383,17.996610641479492
384,5.2863030433654785
385,6.233842849731445
386,-6.111971855163574
387,5.0559821128845215
388,4.031246185302734
389,18.763690948486328
390,1.9946503639221191
391,7.775093078613281
392,-4.177412033081055
393,2.4985785484313965
394,5.448793411254883
395,20.914270401000977
396,-0.8159017562866211
397,-4.096643447875977
398,-16.36945915222168
399,-0.5619163513183594
400,-4.085456848144531
401,-17.908035278320312
402,-0.46887874603271484
403,-4.013158798217773
404,-17.913570404052734
405,-0.37876224517822266
406,-3.9401798248291016
407,-17.927309036254883
408,-0.6387171745300293
409,-4.310782432556152
410,-16.932538986206055
411,-0.623018741607666
412,-4.387935638427734
413,-16.925922393798828
414,-0.6150193214416504
415,-4.465976715087891
416,-16.919090270996094
417,0.5869746208190918
418,-3.7621612548828125
419,-21.529319763183594
420,-0.05278825759887695
421,-4.579275131225586
422,-16.915719985961914
423,-0.3008713722229004
424,-3.822197914123535
425,-17.244525909423828
426,-0.44270896911621094
427,-4.034025192260742
428,-15.945223808288574
429,2.656507968902588
430,-2.100069046020508
431,-19.528900146484375
432,4.3181023597717285
433,-4.133701324462891
434,-14.98786735534668
435,4.868588924407959
436,0.6609535217285156
437,-19.245668411254883
438,11.811477661132812
439,-2.9387454986572266
440,-11.664239883422852
441,5.380050182342529
442,4.014667510986328
443,-21.811870574951172
444,16.084463119506836
445,-0.9014511108398438
446,-11.253046035766602
447,5.592216968536377
448,4.664562225341797
449,-22.77291488647461
450,17.149555206298828
451,-0.5862388610839844
452,-12.2579927444458
453,5.940663814544678
454,4.8339996337890625
455,-23.873720169067383
456,17.313623428344727
457,-0.6602096557617188
458,-12.423030853271484
459,5.664367198944092
460,4.28931999206543
461,-22.24399757385254
462,16.798770904541016
463,-0.7414093017578125
464,-11.317359924316406
465,0.9027690887451172
466,-0.6383876800537109
467,-6.038719177246094
468,1.406853199005127
469,-1.4657955169677734
470,2.462054491043091
471,-1.845005989074707
472,2.261117935180664
473,-8.170904159545898
474,0.5178284645080566
475,-0.0043888092041015625
476,10.978251457214355
477,3.9632248878479004
478,5.935264587402344
479,-6.463740348815918
480,3.2699027061462402
481,3.7542724609375
482,15.715431213378906
483,5.298790454864502
484,6.404125213623047
485,-5.787044525146484
486,4.356665134429932
487,4.178522109985352
488,16.204626083374023
489,1.847804069519043
490,7.879755020141602
491,-2.8848705291748047
492,0.8956632614135742
493,5.526803970336914
494,18.41828727722168
495,-1.4417304992675781
496,-4.776935577392578
497,-19.508209228515625
498,-1.6029443740844727
499,-5.653036117553711
500,-21.474699020385742
501,-1.0449914932250977
502,-4.881224632263184
503,-21.486312866210938
504,-0.9272475242614746
505,-4.805198669433594
506,-21.508947372436523
507,-1.38454008102417
508,-5.809891700744629
509,-20.50286293029785
510,-1.1253042221069336
511,-5.33392333984375
512,-20.498821258544922
513,-1.07989501953125
514,-5.445959091186523
515,-20.495689392089844
516,0.32361841201782227
517,-4.774627685546875
518,-26.35517692565918
519,-0.10917520523071289
520,-5.741205215454102
521,-22.03798484802246
522,-0.6903195381164551
523,-4.485526084899902
524,-20.61049461364746
525,-0.8283991813659668
526,-4.741201400756836
527,-19.3802547454834
528,2.7622170448303223
529,-2.9282455444335938
530,-25.469003677368164
531,4.328332424163818
532,-5.303297996520996
533,-17.528820037841797
534,2.8157849311828613
535,0.9442462921142578
536,-26.08148193359375
537,8.618597030639648
538,-3.5633544921875
539,-9.543999671936035
540,1.5326509475708008
541,4.287452697753906
542,-29.100488662719727
543,11.356338500976562
544,-2.0857486724853516
545,-6.142041206359863
546,2.1973252296447754
547,5.3031463623046875
548,-30.973308563232422
549,12.471723556518555
550,-1.8525714874267578
551,-3.296647071838379
552,2.0709681510925293
553,5.67796516418457
554,-31.72039031982422
555,12.329694747924805
556,-1.9878902435302734
557,-4.598430633544922
558,1.6277260780334473
559,5.234794616699219
560,-29.576644897460938
561,11.903448104858398
562,-1.8656692504882812
563,-6.189640045166016
564,1.9437484741210938
565,-1.6850814819335938
566,-6.477725028991699
567,2.0618367195129395
568,-2.6737728118896484
569,2.939340353012085
570,-2.038694381713867
571,2.2028942108154297
572,-7.948650360107422
573,0.08940935134887695
574,0.12883758544921875
575,11.26169204711914
576,3.3576865196228027
577,5.925512313842773
578,-1.4769232273101807
579,-0.3381619453430176
580,3.6781368255615234
581,20.435054779052734
582,5.036829471588135
583,6.3380584716796875
584,-0.4607081413269043
585,0.35561513900756836
586,4.1405487060546875
587,21.43898582458496
588,1.8471808433532715
589,7.643865585327148
590,2.498079538345337
591,-3.0746331214904785
592,5.233091354370117
593,22.660842895507812
594,-0.6625447273254395
595,-5.964988708496094
596,-18.64942169189453
597,-0.6353883743286133
598,-6.445151329040527
599,-20.2683048248291
600,-0.34156322479248047
601,-6.312565803527832
602,-20.276641845703125
603,-0.24736452102661133
604,-6.272255897521973
605,-20.294645309448242
606,-0.5958385467529297
607,-6.615548133850098
608,-19.01009178161621
609,-0.46817970275878906
610,-6.611486434936523
611,-19.0019588470459
612,-0.47743701934814453
613,-6.686561584472656
614,-18.995319366455078
615,0.8407864570617676
616,-6.202077865600586
617,-24.97878074645996
618,0.0330042839050293
619,-6.787662506103516
620,-19.248310089111328
621,-0.017325878143310547
622,-5.519168853759766
623,-20.022911071777344
624,-0.24368715286254883
625,-5.679170608520508
626,-18.359989166259766
627,2.927865505218506
628,-3.569955825805664
629,-24.950929641723633
630,5.4068217277526855
631,-5.142768859863281
632,-16.32351303100586
633,1.487950325012207
634,0.4204387664794922
635,-26.845069885253906
636,9.997903823852539
637,-2.8696861267089844
638,-12.928853034973145
639,-0.6121344566345215
640,2.750629425048828
641,-29.81964683532715
642,14.582122802734375
643,-1.4535789489746094
644,-11.491689682006836
645,-0.547459602355957
646,3.4414424896240234
647,-31.749988555908203
648,15.86530876159668
649,-1.2283458709716797
650,-11.598783493041992
651,-0.5440311431884766
652,3.493013381958008
653,-32.36378479003906
654,15.931396484375
655,-1.306436538696289
656,-12.431478500366211
657,-0.6795845031738281
658,3.231334686279297
659,-30.19822883605957
660,14.914300918579102
661,-1.2894630432128906
662,-11.80816650390625
663,2.167937755584717
664,-1.5968589782714844
665,-7.140376091003418
666,2.740173816680908
667,-2.665172576904297
668,3.578435182571411
669,-3.4643893241882324
670,2.154409408569336
671,-11.102407455444336
672,-1.2430410385131836
673,-2.9329566955566406
674,11.994802474975586
675,3.422877788543701
676,5.949972152709961
677,-2.693737030029297
678,-0.7643575668334961
679,0.022495269775390625
680,17.83152198791504
681,5.177210330963135
682,6.30107307434082
683,-3.555354118347168
684,0.19946527481079102
685,0.45678138732910156
686,18.548051834106445
687,1.942039966583252
688,7.970020294189453
689,-2.5602171421051025
690,-3.094207286834717
691,1.3734664916992188
692,21.770767211914062
693,-0.27527427673339844
694,-6.819178581237793
695,-16.461956024169922
696,-0.1233367919921875
697,-7.162289619445801
698,-17.6677303314209
699,0.14061546325683594
700,-7.112994194030762
701,-17.67327880859375
702,0.24631357192993164
703,-7.160397529602051
704,-17.678970336914062
705,-0.2219686508178711
706,-7.475213050842285
707,-16.214773178100586
708,-0.16566181182861328
709,-7.50108528137207
710,-16.20692253112793
711,-0.23221492767333984
712,-7.5302734375
713,-16.205604553222656
714,1.1385579109191895
715,-7.086020469665527
716,-20.824342727661133
717,0.30301475524902344
718,-7.462333679199219
719,-14.377609252929688
720,0.34977293014526367
721,-5.929368019104004
722,-17.389724731445312
723,0.06990480422973633
724,-6.0894622802734375
725,-15.504502296447754
726,3.2768349647521973
727,-4.224367141723633
728,-21.498769760131836
729,4.972872257232666
730,-5.348014831542969
731,-10.386290550231934
732,0.22304153442382812
733,-1.456594467163086
734,-21.700956344604492
735,3.6396021842956543
736,-2.5619239807128906
737,-9.875229835510254
738,-4.770472049713135
739,0.34374427795410156
740,-20.48759651184082
741,-2.5896174907684326
742,-1.2453937530517578
743,-11.031929016113281
744,-5.586502552032471
745,1.6290454864501953
746,-21.77825164794922
747,-4.340977191925049
748,-0.9838542938232422
749,-10.900218963623047
750,-5.991583824157715
751,1.1664485931396484
752,-21.81055450439453
753,-4.52519416809082
754,-1.1740741729736328
755,-12.568292617797852
756,-5.3259382247924805
757,0.45358848571777344
758,-20.513010025024414
759,-3.5162315368652344
760,-1.009857177734375
761,-11.724283218383789
762,1.5702009201049805
763,-1.5052680969238281
764,-6.806743621826172
765,2.5977282524108887
766,-2.441650390625
767,3.2339422702789307
768,-3.7013092041015625
769,2.0284900665283203
770,-10.1709566116333
771,-2.201870918273926
772,-2.179292678833008
773,9.584868431091309
774,3.453683376312256
775,5.9417724609375
776,-4.767754077911377
777,-0.3654789924621582
778,1.0908622741699219
779,11.596736907958984
780,5.264296054840088
781,6.2950439453125
782,-5.204171180725098
783,0.6656594276428223
784,1.4799575805664062
785,11.847119331359863
786,2.0299782752990723
787,8.028196334838867
788,-4.01093864440918
789,-2.0549418926239014
790,2.677398681640625
791,13.202392578125
792,-0.1972203254699707
793,-6.750209808349609
794,-11.946859359741211
795,-0.09050464630126953
796,-7.286391258239746
797,-13.037168502807617
798,0.15883684158325195
799,-7.307215690612793
800,-13.040742874145508
801,0.3409080505371094
802,-7.348718643188477
803,-13.043473243713379
804,-0.07918930053710938
805,-7.361281394958496
806,-11.541701316833496
807,-0.13698673248291016
808,-7.428773880004883
809,-11.53314208984375
810,-0.1703648567199707
811,-7.463068962097168
812,-11.532402038574219
813,2.0710644721984863
814,-7.495395660400391
815,-15.90743350982666
816,1.149129867553711
817,-7.513339042663574
818,-9.011425971984863
819,0.3666863441467285
820,-6.32684326171875
821,-12.682677268981934
822,0.17852067947387695
823,-6.402477264404297
824,-10.73953628540039
825,4.812720775604248
826,-5.457453727722168
827,-17.59571075439453
828,4.740261554718018
829,-5.539994239807129
830,-10.277618408203125
831,-0.35318851470947266
832,-3.936483383178711
833,-18.81298065185547
834,0.22366094589233398
835,-3.419353485107422
836,-7.898256301879883
837,-5.616573810577393
838,-2.963153839111328
839,-16.867387771606445
840,-6.332602024078369
841,-2.2020263671875
842,-7.804159164428711
843,-7.125670909881592
844,-2.3815670013427734
845,-18.02002716064453
846,-7.822612762451172
847,-2.0435638427734375
848,-5.716901779174805
849,-7.496664047241211
850,-2.6571903228759766
851,-18.072673797607422
852,-8.176811218261719
853,-2.134725570678711
854,-9.507878303527832
855,-7.088916778564453
856,-2.8740596771240234
857,-16.83717155456543
858,-7.625253677368164
859,-2.055318832397461
860,-10.323333740234375
861,1.595351219177246
862,-1.3178558349609375
863,-6.7926788330078125
864,2.1742749214172363
865,-2.0416488647460938
866,3.2184507846832275
867,-3.4099223613739014
868,1.929208755493164
869,-12.378578186035156
870,-4.413854598999023
871,-1.0984001159667969
872,3.708888292312622
873,3.4628586769104004
874,5.933052062988281
875,-6.93354606628418
876,0.2873373031616211
877,1.536712646484375
878,7.0457868576049805
879,5.234146595001221
880,6.281536102294922
881,-6.787990570068359
882,0.8299646377563477
883,1.6753387451171875
884,7.546940803527832
885,1.2699294090270996
886,7.862133026123047
887,-6.093046188354492
888,-1.4525513648986816
889,5.340341567993164
890,10.359066009521484
891,0.7053718566894531
892,-7.134880065917969
893,-6.695451736450195
894,1.063554286956787
895,-7.674674034118652
896,-9.479350090026855
897,1.3089256286621094
898,-7.756307601928711
899,-9.48019790649414
900,1.4797358512878418
901,-7.7964887619018555
902,-9.466732025146484
903,1.088864803314209
904,-7.657308578491211
905,-6.14267635345459
906,1.135770320892334
907,-7.678227424621582
908,-6.135157585144043
909,1.291783332824707
910,-7.756884574890137
911,-6.14003849029541
912,3.0825858116149902
913,-7.819417953491211
914,-12.550052642822266
915,2.784636974334717
916,-7.837950706481934
917,-3.0474510192871094
918,1.4010591506958008
919,-6.904340744018555
920,-9.488114356994629
921,1.3028430938720703
922,-6.903404235839844
923,-5.109431266784668
924,5.812663555145264
925,-6.166604042053223
926,-17.701086044311523
927,5.945464611053467
928,-5.807806015014648
929,3.0177152156829834
930,-0.061106204986572266
931,-5.405986785888672
932,-20.650300979614258
933,1.4917597770690918
934,-4.470715522766113
935,3.4847538471221924
936,-5.475754261016846
937,-5.594517707824707
938,-16.736467361450195
939,-2.15189790725708
940,-4.109910011291504
941,1.6177966594696045
942,-7.31203031539917
943,-5.147473335266113
944,-18.008642196655273
945,-2.7707724571228027
946,-4.025928497314453
947,2.7246878147125244
948,-7.24614953994751
949,-5.293561935424805
950,-17.08922576904297
951,-3.138981342315674
952,-4.255950927734375
953,0.48916077613830566
954,-6.735598564147949
955,-5.318680763244629
956,-16.250411987304688
957,-2.9769463539123535
958,-4.251863479614258
959,0.3551299571990967
960,2.2977194786071777
961,-1.2184085845947266
962,-9.171412467956543
963,1.919722080230713
964,-1.6572685241699219
965,5.596504211425781
966,-2.938295364379883
967,1.9189796447753906
968,-13.084461212158203
969,-3.670663356781006
970,0.15462875366210938
971,6.974820137023926
972,3.5010123252868652
973,5.966428756713867
974,-7.088024139404297
975,0.48453426361083984
976,4.350831985473633
977,10.624324798583984
978,5.294495105743408
979,6.371723175048828
980,-7.015005111694336
981,1.4786748886108398
982,4.689426422119141
983,10.87285327911377
984,1.1699423789978027
985,7.900535583496094
986,-6.546779632568359
987,-0.8564987182617188
988,6.585208892822266
989,11.714341163635254
990,2.061980724334717
991,-8.156679153442383
992,-6.484402656555176
993,2.763282299041748
994,-8.494826316833496
995,-9.261795997619629
996,2.978559970855713
997,-8.490900993347168
998,-9.261810302734375
999,3.2136616706848145
1000,-8.475373268127441
1001,-9.262991905212402
1002,2.6518120765686035
1003,-8.499564170837402
1004,-5.661772727966309
1005,2.7101340293884277
1006,-8.49106502532959
1007,-5.659019470214844
1008,2.814079761505127
1009,-8.49024486541748
1010,-5.660599231719971
1011,4.5210137367248535
1012,-8.18974494934082
1013,-11.199414253234863
1014,4.045567989349365
1015,-8.176393508911133
1016,-1.186202049255371
1017,2.529752254486084
1018,-7.7345733642578125
1019,-9.137211799621582
1020,2.374406337738037
1021,-7.768328666687012
1022,-4.650212287902832
1023,6.3553853034973145
1024,-6.385707855224609
1025,-15.973291397094727
1026,5.416224956512451
1027,-6.048081398010254
1028,4.594701766967773
1029,0.48453712463378906
1030,-6.995257377624512
1031,-21.597387313842773
1032,-0.40822935104370117
1033,-6.5388689041137695
1034,6.230687141418457
1035,-4.888531684875488
1036,-8.702686309814453
1037,-20.774850845336914
1038,-4.807051181793213
1039,-7.9860992431640625
1040,1.7403273582458496
1041,-5.8246989250183105
1042,-9.167728424072266
1043,-23.210439682006836
1044,-5.071788787841797
1045,-8.581887245178223
1046,1.6386730670928955
1047,-5.80615234375
1048,-9.232708930969238
1049,-21.42610740661621
1050,-5.364869594573975
1051,-8.787602424621582
1052,-0.6527249813079834
1053,-5.3031439781188965
1054,-8.919694900512695
1055,-20.049230575561523
1056,-5.17762565612793
1057,-8.471763610839844
1058,0.39565515518188477
1059,4.0859761238098145
1060,-0.7954883575439453
1061,-8.142424583435059
1062,2.0812649726867676
1063,-1.3183040618896484
1064,4.577144622802734
1065,-2.6505355834960938
1066,1.9084033966064453
1067,-18.065155029296875
1068,-3.7177090644836426
1069,0.6788654327392578
1070,1.3620631694793701
1071,3.5418801307678223
1072,5.934148788452148
1073,-9.236173629760742
1074,1.1896405220031738
1075,4.402910232543945
1076,5.691089630126953
1077,5.3005452156066895
1078,6.346950531005859
1079,-8.348735809326172
1080,2.8319859504699707
1081,4.823728561401367
1082,6.221887588500977
1083,1.2254705429077148
1084,7.791877746582031
1085,-9.63206672668457
1086,0.5139703750610352
1087,6.511198043823242
1088,5.048163414001465
1089,3.3481154441833496
1090,-9.003372192382812
1091,-8.8674955368042
1092,4.2143025398254395
1093,-9.192299842834473
1094,-10.00961971282959
1095,4.4272141456604
1096,-9.165224075317383
1097,-10.009233474731445
1098,4.631265163421631
1099,-9.134166717529297
1100,-10.007691383361816
1101,3.9140334129333496
1102,-9.198345184326172
1103,-7.590121269226074
1104,3.9233012199401855
1105,-9.175209045410156
1106,-7.591794013977051
1107,3.9440016746520996
1108,-9.154653549194336
1109,-7.59211540222168
1110,5.5020527839660645
1111,-8.655609130859375
1112,-11.115767478942871
1113,4.719909191131592
1114,-8.73143196105957
1115,-1.8908551931381226
1116,3.5984444618225098
1117,-8.53490161895752
1118,-9.736244201660156
1119,3.260866641998291
1120,-8.548120498657227
1121,-6.532101631164551
1122,6.5244879722595215
1123,-6.8356828689575195
1124,-16.447370529174805
1125,3.776989459991455
1126,-6.502338409423828
1127,3.389604330062866
1128,1.758514404296875
1129,-8.920124053955078
1130,-26.935081481933594
1131,-1.9218645095825195
1132,-7.64948844909668
1133,4.742404937744141
1134,-1.9583849906921387
1135,-11.141294479370117
1136,-31.51880645751953
1137,-5.895351409912109
1138,-10.408300399780273
1139,-0.006060242652893066
1140,-2.5429718494415283
1141,-11.857610702514648
1142,-34.635658264160156
1143,-6.611773490905762
1144,-11.252595901489258
1145,-0.06789839267730713
1146,-2.4978561401367188
1147,-11.795679092407227
1148,-33.00115203857422
1149,-6.595130920410156
1150,-11.308250427246094
1151,-1.2071592807769775
1152,-2.41194224357605
1153,-11.453139305114746
1154,-31.08213996887207
1155,-6.379494667053223
1156,-10.964038848876953
1157,-0.846129298210144
1158,5.292396068572998
1159,-0.7223548889160156
1160,-8.240121841430664
1161,2.542677402496338
1162,-1.1453781127929688
1163,4.6735734939575195
1164,-2.070157527923584
1165,1.8597602844238281
1166,-20.841917037963867
1167,-3.8285672664642334
1168,0.83709716796875
1169,2.2329304218292236
1170,3.5797810554504395
1171,5.929786682128906
1172,-12.912050247192383
1173,1.1672520637512207
1174,4.312572479248047
1175,11.326566696166992
1176,5.516467571258545
1177,6.343715667724609
1178,-12.094718933105469
1179,2.741569995880127
1180,4.53856086730957
1181,12.407662391662598
1182,1.3267693519592285
1183,7.729484558105469
1184,-15.690683364868164
1185,0.4432344436645508
1186,6.366266250610352
1187,12.077587127685547
1188,4.859145641326904
1189,-9.708490371704102
1190,-4.681332111358643
1191,5.639707088470459
1192,-9.741853713989258
1193,-5.136654853820801
1194,5.818515300750732
1195,-9.681856155395508
1196,-5.139086723327637
1197,5.996667385101318
1198,-9.61884880065918
1199,-5.140755653381348
1200,5.281387805938721
1201,-9.799077033996582
1202,-2.8709070682525635
1203,5.244125843048096
1204,-9.778092384338379
1205,-2.87258243560791
1206,5.215743541717529
1207,-9.752997398376465
1208,-2.876744508743286
1209,6.498060703277588
1210,-9.105751991271973
1211,-5.936922073364258
1212,5.323479175567627
1213,-9.29214096069336
1214,3.5346310138702393
1215,4.824103832244873
1216,-9.248647689819336
1217,-5.184475898742676
1218,4.402571201324463
1219,-9.294114112854004
1220,-2.218235731124878
1221,6.9090495109558105
1222,-7.303546905517578
1223,-14.109874725341797
1224,3.0425095558166504
1225,-6.919610023498535
1226,8.685294151306152
1227,2.686403751373291
1228,-10.255460739135742
1229,-20.481388092041016
1230,-1.5186476707458496
1231,-8.706703186035156
1232,11.287219047546387
1233,-0.6728386878967285
1234,-12.908458709716797
1235,-22.013263702392578
1236,-3.6297073364257812
1237,-11.719844818115234
1238,5.854250907897949
1239,-1.2975654602050781
1240,-13.378189086914062
1241,-24.226390838623047
1242,-4.007741928100586
1243,-12.863935470581055
1244,5.147926330566406
1245,-0.37961769104003906
1246,-13.727039337158203
1247,-23.15505599975586
1248,-3.6881608963012695
1249,-12.810644149780273
1250,3.7695705890655518
1251,-1.1631860733032227
1252,-13.142642974853516
1253,-21.713756561279297
1254,-3.490248680114746
1255,-12.499031066894531
1256,4.82534122467041
1257,5.8369011878967285
1258,-0.7371311187744141
1259,-8.624800682067871
1260,2.748497486114502
1261,-1.1378669738769531
1262,5.062509536743164
1263,-1.716933250427246
1264,1.8484039306640625
1265,-18.757570266723633
1266,-3.680614709854126
1267,0.9628028869628906
1268,1.4967873096466064
1269,3.5924572944641113
1270,5.925775527954102
1271,-12.24007797241211
1272,1.21830415725708
1273,4.328792572021484
1274,10.310215950012207
1275,5.578765392303467
1276,6.336877822875977
1277,-10.421142578125
1278,3.1365723609924316
1279,4.538305282592773
1280,10.343315124511719
1281,1.4078288078308105
1282,7.671703338623047
1283,-12.047449111938477
1284,0.7643132209777832
1285,6.57568359375
1286,11.817530632019043
1287,4.367818355560303
1288,-9.984036445617676
1289,-5.047019958496094
1290,5.099740505218506
1291,-10.142071723937988
1292,-5.49253511428833
1293,5.273876667022705
1294,-10.089985847473145
1295,-5.4946393966674805
1296,5.4495368003845215
1297,-10.040045738220215
1298,-5.498543739318848
1299,4.782463550567627
1300,-10.192200660705566
1301,-3.5416345596313477
1302,4.757579326629639
1303,-10.169002532958984
1304,-3.5417656898498535
1305,4.735849857330322
1306,-10.1441068649292
1307,-3.5455639362335205
1308,6.045124530792236
1309,-9.613301277160645
1310,-6.191319465637207
1311,4.936557292938232
1312,-9.688543319702148
1313,2.532058000564575
1314,4.546555042266846
1315,-9.516775131225586
1316,-5.446948051452637
1317,4.142941951751709
1318,-9.519393920898438
1319,-2.8795299530029297
1320,6.858870983123779
1321,-8.077491760253906
1322,-13.432215690612793
1323,2.8999524116516113
1324,-7.593770980834961
1325,7.984902381896973
1326,2.7426962852478027
1327,-11.20002269744873
1328,-21.54071807861328
1329,-0.4553999900817871
1330,-10.31292724609375
1331,10.776456832885742
1332,1.3027105331420898
1333,-14.376785278320312
1334,-21.74957275390625
1335,-1.5151495933532715
1336,-13.335376739501953
1337,5.759679794311523
1338,1.0649805068969727
1339,-14.873224258422852
1340,-24.12586212158203
1341,-1.5415453910827637
1342,-13.869789123535156
1343,4.592918395996094
1344,1.4188618659973145
1345,-14.864311218261719
1346,-23.104782104492188
1347,-1.4869318008422852
1348,-14.030723571777344
1349,3.871171236038208
1350,1.0621280670166016
1351,-14.678972244262695
1352,-21.44551658630371
1353,-1.2899246215820312
1354,-13.907861709594727
1355,4.924579620361328
1356,5.892420291900635
1357,-0.8252487182617188
1358,-9.275239944458008
1359,2.9509873390197754
1360,-1.213836669921875
1361,5.716098785400391
1362,-1.634598731994629
1363,1.8465232849121094
1364,-18.258411407470703
1365,-3.6610794067382812
1366,0.9407577514648438
1367,2.366563558578491
1368,3.616788387298584
1369,5.922576904296875
1370,-12.069459915161133
1371,1.301224708557129
1372,4.358203887939453
1373,11.567553520202637
1374,5.609595775604248
1375,6.328535079956055
1376,-9.392207145690918
1377,3.5012764930725098
1378,4.530061721801758
1379,12.267609596252441
1380,1.3594536781311035
1381,7.665111541748047
1382,-10.709587097167969
1383,0.7673420906066895
1384,6.491321563720703
1385,12.309797286987305
1386,4.335704326629639
1387,-10.063750267028809
1388,-2.690903663635254
1389,4.96795129776001
1390,-10.215709686279297
1391,-3.5517961978912354
1392,5.141200542449951
1393,-10.184225082397461
1394,-3.552046298980713
1395,5.321699619293213
1396,-10.155835151672363
1397,-3.557852029800415
1398,4.683862209320068
1399,-10.240598678588867
1400,-1.4138166904449463
1401,4.718029499053955
1402,-10.22372817993164
1403,-1.4170371294021606
1404,4.716421604156494
1405,-10.206440925598145
1406,-1.4231394529342651
1407,6.092442035675049
1408,-9.766615867614746
1409,-5.732956886291504
1410,5.031046390533447
1411,-9.890851020812988
1412,3.800126314163208
1413,4.607954502105713
1414,-9.633198738098145
1415,-3.50687313079834
1416,4.304075717926025
1417,-9.64427375793457
1418,-0.6771200895309448
1419,7.360208988189697
1420,-8.560741424560547
1421,-12.627152442932129
1422,3.0006394386291504
1423,-8.067984580993652
1424,8.901262283325195
1425,4.784595012664795
1426,-11.58895492553711
1427,-19.289718627929688
1428,0.7525534629821777
1429,-10.589344024658203
1430,12.63904857635498
1431,3.158517360687256
1432,-14.693361282348633
1433,-18.315277099609375
1434,-0.8628702163696289
1435,-13.43887710571289
1436,7.904282569885254
1437,3.5655312538146973
1438,-15.434731483459473
1439,-20.082712173461914
1440,0.1672830581665039
1441,-14.066038131713867
1442,6.708647727966309
1443,3.7578110694885254
1444,-15.378406524658203
1445,-19.449098587036133
1446,1.0488224029541016
1447,-14.154193878173828
1448,5.9765520095825195
1449,3.2605061531066895
1450,-15.166248321533203
1451,-18.162330627441406
1452,0.11530447006225586
1453,-13.95878791809082
1454,7.024059295654297
1455,6.0624823570251465
1456,-0.9649429321289062
1457,-9.290536880493164
1458,3.4178738594055176
1459,-1.3459644317626953
1460,5.733695983886719
1461,-1.6316189765930176
1462,1.7711963653564453
1463,-14.415773391723633
1464,-3.5814154148101807
1465,0.9040069580078125
1466,2.5139424800872803
1467,3.6223340034484863
1468,5.888154983520508
1469,-7.5445098876953125
1470,1.3614349365234375
1471,4.43474006652832
1472,9.86039924621582
1473,5.627567768096924
1474,6.314943313598633
1475,-6.104890823364258
1476,3.645751476287842
1477,4.759798049926758
1478,10.38650131225586
1479,1.3075141906738281
1480,7.673271179199219
1481,-8.379979133605957
1482,0.7442126274108887
1483,6.6050567626953125
1484,10.451400756835938
1485,5.190647602081299
1486,-10.4757719039917
1487,-3.405819892883301
1488,5.778737545013428
1489,-10.73363208770752
1490,-4.198421478271484
1491,5.938927173614502
1492,-10.700542449951172
1493,-4.198803901672363
1494,6.1161789894104
1495,-10.66973876953125
1496,-4.205312728881836
1497,5.5188469886779785
1498,-10.75012493133545
1499,-2.3861448764801025
1500,5.512604236602783
1501,-10.727522850036621
1502,-2.3872435092926025
1503,5.5334649085998535
1504,-10.703670501708984
1505,-2.391681671142578
1506,6.804218769073486
1507,-10.122883796691895
1508,-6.077933311462402
1509,5.747795581817627
1510,-10.201687812805176
1511,2.190079927444458
1512,5.444777011871338
1513,-10.038121223449707
1514,-4.025876998901367
1515,5.17155122756958
1516,-10.069282531738281
1517,-1.6125749349594116
1518,7.637893199920654
1519,-8.72695541381836
1520,-12.19572925567627
1521,3.485851764678955
1522,-8.591025352478027
1523,6.742576599121094
1524,6.606716632843018
1525,-11.934253692626953
1526,-17.732959747314453
1527,1.9971985816955566
1528,-11.908348083496094
1529,9.424541473388672
1530,6.738560199737549
1531,-15.090892791748047
1532,-16.759117126464844
1533,2.5178370475769043
1534,-14.040304183959961
1535,5.53494930267334
1536,6.985166072845459
1537,-15.646536827087402
1538,-19.137664794921875
1539,3.8716988563537598
1540,-14.573315620422363
1541,4.318574905395508
1542,7.027729511260986
1543,-15.532546043395996
1544,-16.840959548950195
1545,5.3617682456970215
1546,-14.466465950012207
1547,3.860738515853882
1548,6.777101039886475
1549,-15.4100341796875
1550,-16.07772445678711
1551,4.022475719451904
1552,-14.283418655395508
1553,4.805950164794922
1554,5.59183931350708
1555,-1.3127498626708984
1556,-8.867776870727539
1557,3.2697091102600098
1558,-1.645792007446289
1559,5.311134338378906
1560,-1.4804353713989258
1561,1.7042808532714844
1562,-12.952354431152344
1563,-3.578268051147461
1564,0.6021289825439453
1565,0.7857339382171631
1566,3.63948392868042
1567,5.878015518188477
1568,-6.4780731201171875
1569,1.3753113746643066
1570,4.434818267822266
1571,9.616016387939453
1572,5.605526447296143
1573,6.310171127319336
1574,-5.579740524291992
1575,3.66441011428833
1576,4.811363220214844
1577,9.643293380737305
1578,1.1190199851989746
1579,7.721086502075195
1580,-8.289054870605469
1581,0.5895066261291504
1582,6.494964599609375
1583,9.8165922164917
1584,5.406731128692627
1585,-10.781371116638184
1586,-5.573103904724121
1587,5.968277454376221
1588,-11.050281524658203
1589,-5.368712425231934
1590,6.120971202850342
1591,-11.018712997436523
1592,-5.370295524597168
1593,6.287071704864502
1594,-10.994449615478516
1595,-5.378851413726807
1596,5.692918300628662
1597,-11.11154842376709
1598,-3.6593947410583496
1599,5.687371730804443
1600,-11.116331100463867
1601,-3.666473150253296
1602,5.68336820602417
1603,-11.123424530029297
1604,-3.6732921600341797
1605,6.837478160858154
1606,-10.474115371704102
1607,-6.11014461517334
1608,5.66873025894165
1609,-10.66611099243164
1610,0.9461743831634521
1611,5.740725994110107
1612,-10.274580955505371
1613,-5.060352325439453
1614,5.429066181182861
1615,-10.416654586791992
1616,-2.735894203186035
1617,7.5984625816345215
1618,-8.888806343078613
1619,-11.890658378601074
1620,3.8253531455993652
1621,-9.00712776184082
1622,5.418778419494629
1623,8.716377258300781
1624,-11.600461959838867
1625,-17.645519256591797
1626,4.452907085418701
1627,-11.708995819091797
1628,7.028626441955566
1629,9.33745002746582
1630,-14.809602737426758
1631,-16.39335060119629
1632,5.597767353057861
1633,-14.283361434936523
1634,3.542433023452759
1635,9.486568450927734
1636,-15.550675392150879
1637,-18.382410049438477
1638,6.572699069976807
1639,-14.910276412963867
1640,2.3357837200164795
1641,9.450754165649414
1642,-15.586501121520996
1643,-16.642087936401367
1644,6.929805278778076
1645,-14.859973907470703
1646,2.0035293102264404
1647,9.224727630615234
1648,-15.329793930053711
1649,-15.968390464782715
1650,6.660285472869873
1651,-14.703695297241211
1652,2.937380075454712
1653,5.083655834197998
1654,-1.7495613098144531
1655,-8.646748542785645
1656,2.9870362281799316
1657,-2.1655712127685547
1658,5.085531234741211
1659,-1.1378426551818848
1660,1.6771697998046875
1661,-12.444506645202637
1662,-3.6045987606048584
1663,0.23639297485351562
1664,0.7118768692016602
1665,3.607882022857666
1666,5.821037292480469
1667,-6.012332916259766
1668,1.3465075492858887
1669,4.351078033447266
1670,9.302475929260254
1671,5.446442127227783
1672,6.308328628540039
1673,-5.281200408935547
1674,3.4613137245178223
1675,4.807670593261719
1676,9.149245262145996
1677,0.9454913139343262
1678,7.693502426147461
1679,-8.263233184814453
1680,-0.3025827407836914
1681,6.4033660888671875
1682,9.4358549118042
1683,6.990580081939697
1684,-11.418391227722168
1685,-5.60279655456543
1686,7.592014789581299
1687,-11.618948936462402
1688,-5.336134910583496
1689,7.780974864959717
1690,-11.564109802246094
1691,-5.3385539054870605
1692,7.998229503631592
1693,-11.502795219421387
1694,-5.347316741943359
1695,7.229334354400635
1696,-11.706258773803711
1697,-3.839527130126953
1698,7.15955114364624
1699,-11.712075233459473
1700,-3.8422210216522217
1701,7.0973076820373535
1702,-11.714153289794922
1703,-3.846999406814575
1704,8.588117599487305
1705,-10.960676193237305
1706,-3.7925679683685303
1707,7.048893451690674
1708,-11.343382835388184
1709,2.4950382709503174
1710,7.118051052093506
1711,-10.906169891357422
1712,-5.097988128662109
1713,6.648913860321045
1714,-11.01054573059082
1715,-3.0706169605255127
1716,8.670955657958984
1717,-9.368684768676758
1718,-9.648798942565918
1719,4.5083537101745605
1720,-9.459574699401855
1721,7.805840492248535
1722,10.497596740722656
1723,-11.798135757446289
1724,-16.73642921447754
1725,5.188760280609131
1726,-12.212091445922852
1727,9.951375961303711
1728,11.612617492675781
1729,-14.791499137878418
1730,-15.421683311462402
1731,7.140228748321533
1732,-14.346942901611328
1733,6.457442283630371
1734,12.212121963500977
1735,-15.410430908203125
1736,-17.344539642333984
1737,8.384160995483398
1738,-14.839717864990234
1739,4.982617378234863
1740,12.085834503173828
1741,-15.428567886352539
1742,-15.237296104431152
1743,8.761926651000977
1744,-14.862123489379883
1745,5.083525657653809
1746,11.785320281982422
1747,-15.285167694091797
1748,-14.926412582397461
1749,8.187789916992188
1750,-14.759262084960938
1751,5.8521575927734375
1752,4.790151119232178
1753,-2.7352428436279297
1754,-8.335139274597168
1755,2.7907986640930176
1756,-3.1061172485351562
1757,4.769740104675293
1758,-0.4343256950378418
1759,1.4024524688720703
1760,-12.460630416870117
1761,-3.4774019718170166
1762,0.17621421813964844
1763,-2.768510341644287
1764,3.5604710578918457
1765,5.732854843139648
1766,-8.270216941833496
1767,1.2072067260742188
1768,4.348667144775391
1769,5.186520576477051
1770,5.224942684173584
1771,6.217302322387695
1772,-8.052837371826172
1773,2.750641345977783
1774,4.799835205078125
1775,5.518773078918457
1776,1.0625653266906738
1777,7.672029495239258
1778,-13.883404731750488
1779,-0.5856056213378906
1780,6.509792327880859
1781,2.8760292530059814
1782,8.306838989257812
1783,-11.77560806274414
1784,-2.305449962615967
1785,8.85072135925293
1786,-11.767074584960938
1787,-1.9604709148406982
1788,8.981904983520508
1789,-11.713577270507812
1790,-1.9618619680404663
1791,9.121171951293945
1792,-11.631786346435547
1793,-1.9640952348709106
1794,8.609310150146484
1795,-11.839590072631836
1796,-0.853769063949585
1797,8.521886825561523
1798,-11.839256286621094
1799,-0.8500663042068481
1800,8.479158401489258
1801,-11.831833839416504
1802,-0.8483250141143799
1803,9.515260696411133
1804,-11.200812339782715
1805,0.08945512771606445
1806,8.422344207763672
1807,-11.435098648071289
1808,5.0362091064453125
1809,8.257965087890625
1810,-11.36995792388916
1811,-1.5811007022857666
1812,7.951744556427002
1813,-11.44320297241211
1814,-0.14306211471557617
1815,9.134719848632812
1816,-9.919771194458008
1817,-6.345566749572754
1818,5.368442058563232
1819,-9.85661792755127
1820,10.149218559265137
1821,11.695882797241211
1822,-12.304961204528809
1823,-12.968355178833008
1824,4.93130350112915
1825,-9.055790901184082
1826,11.488527297973633
1827,13.425725936889648
1828,-14.84316635131836
1829,-11.21497631072998
1830,2.7425780296325684
1831,-8.425498008728027
1832,7.901480674743652
1833,13.972225189208984
1834,-15.258770942687988
1835,-12.810267448425293
1836,1.745926856994629
1837,-7.376701354980469
1838,7.963671684265137
1839,13.858213424682617
1840,-15.281730651855469
1841,-11.445515632629395
1842,1.5548319816589355
1843,-6.927071571350098
1844,5.857233047485352
1845,13.457048416137695
1846,-15.120061874389648
1847,-11.022597312927246
1848,2.0918688774108887
1849,-7.219176292419434
1850,6.775874137878418
1851,4.440628528594971
1852,-3.5842418670654297
1853,-8.118498802185059
1854,2.4300808906555176
1855,-3.9042797088623047
1856,4.5567216873168945
1857,-0.1152029037475586
1858,0.8954353332519531
1859,-12.311209678649902
1860,-3.2801284790039062
1861,-0.11493110656738281
1862,-0.5451951026916504
1863,3.446000576019287
1864,5.587987899780273
1865,-10.287927627563477
1866,0.8941645622253418
1867,4.2020263671875
1868,5.448543548583984
1869,5.139564037322998
1870,6.008758544921875
1871,-10.290582656860352
1872,2.178250789642334
1873,4.733232498168945
1874,5.770750045776367
1875,1.1126751899719238
1876,7.660734176635742
1877,-16.50164031982422
1878,-1.2941112518310547
1879,6.463672637939453
1880,3.380680799484253
1881,9.732034683227539
1882,-11.970769882202148
1883,2.811121702194214
1884,10.24420166015625
1885,-11.907445907592773
1886,3.0516412258148193
1887,10.347043991088867
1888,-11.844003677368164
1889,3.0487096309661865
1890,10.476163864135742
1891,-11.775689125061035
1892,3.043658971786499
1893,10.020410537719727
1894,-12.000801086425781
1895,4.430996894836426
1896,9.950525283813477
1897,-11.994770050048828
1898,4.434364318847656
1899,9.898805618286133
1900,-11.985822677612305
1901,4.437317848205566
1902,10.626119613647461
1903,-11.334449768066406
1904,4.441995620727539
1905,9.735601425170898
1906,-11.59377670288086
1907,10.686447143554688
1908,9.52530288696289
1909,-11.639906883239746
1910,3.2341415882110596
1911,9.236276626586914
1912,-11.735513687133789
1913,4.9968976974487305
1914,9.881420135498047
1915,-10.250816345214844
1916,-3.2921624183654785
1917,6.652621746063232
1918,-10.262527465820312
1919,16.128103256225586
1920,13.063730239868164
1921,-12.674692153930664
1922,-9.73043441772461
1923,4.746479511260986
1924,-8.415897369384766
1925,19.26744270324707
1926,15.135049819946289
1927,-14.724246978759766
1928,-7.661747932434082
1929,2.0863537788391113
1930,-7.7624921798706055
1931,16.998210906982422
1932,15.646097183227539
1933,-15.040715217590332
1934,-8.97000789642334
1935,0.9178142547607422
1936,-7.209555625915527
1937,17.636568069458008
1938,15.585025787353516
1939,-15.062748908996582
1940,-7.904665946960449
1941,0.8286480903625488
1942,-6.893941879272461
1943,15.420072555541992
1944,15.385040283203125
1945,-15.022809982299805
1946,-7.409770965576172
1947,1.3591551780700684
1948,-7.07586669921875
1949,15.941455841064453
1950,4.262956142425537
1951,-4.547521591186523
1952,-8.259434700012207
1953,2.230081081390381
1954,-4.713029861450195
1955,4.69084358215332
1956,-0.21658754348754883
1957,0.06536674499511719
1958,-13.490249633789062
1959,-2.8312735557556152
1960,-0.625152587890625
1961,2.057332992553711
1962,3.1896023750305176
1963,5.316638946533203
1964,-14.46679973602295
1965,0.9295997619628906
1966,4.154462814331055
1967,5.496185302734375
1968,4.7323832511901855
1969,5.66552734375
1970,-14.561964988708496
1971,2.105438709259033
1972,4.649770736694336
1973,5.913639068603516
1974,1.0745477676391602
1975,7.657403945922852
1976,-20.490760803222656
1977,-1.6035041809082031
1978,6.331031799316406
1979,3.4061615467071533
1980,10.26811408996582
1981,-12.406166076660156
1982,4.127823829650879
1983,10.842592239379883
1984,-12.411022186279297
1985,4.232114791870117
1986,10.942117691040039
1987,-12.353473663330078
1988,4.2310380935668945
1989,11.029096603393555
1990,-12.189542770385742
1991,4.226076126098633
1992,10.608545303344727
1993,-12.504203796386719
1994,5.827381134033203
1995,10.527975082397461
1996,-12.498516082763672
1997,5.828655242919922
1998,10.462190628051758
1999,-12.495954513549805
2000,5.831134796142578
2001,11.092037200927734
2002,-11.78857421875
2003,4.957414627075195
2004,10.125532150268555
2005,-12.133340835571289
2006,12.332845687866211
2007,10.15768814086914
2008,-12.12739372253418
2009,4.2662458419799805
2010,9.897871017456055
2011,-12.181218147277832
2012,6.350573539733887
2013,10.651369094848633
2014,-10.415492057800293
2015,-2.0580098628997803
2016,6.871636867523193
2017,-10.309455871582031
2018,16.941696166992188
2019,14.178075790405273
2020,-12.505212783813477
2021,-5.558437347412109
2022,4.66538667678833
2023,-8.383986473083496
2024,22.7078857421875
2025,16.504850387573242
2026,-14.545162200927734
2027,-1.0372099876403809
2028,0.753603458404541
2029,-7.396512985229492
2030,25.49496078491211
2031,17.040172576904297
2032,-14.853094100952148
2033,-1.1622627973556519
2034,-0.11703205108642578
2035,-7.057334899902344
2036,26.857078552246094
2037,16.943626403808594
2038,-14.889802932739258
2039,-0.7273900508880615
2040,-0.21191883087158203
2041,-6.409134864807129
2042,25.154857635498047
2043,16.72747802734375
2044,-14.83540153503418
2045,-0.8400261402130127
2046,0.38521575927734375
2047,-6.844127655029297
2048,24.83405303955078
2049,4.152105808258057
2050,-5.239755630493164
2051,-8.32211685180664
2052,1.8288588523864746
2053,-5.188608169555664
2054,4.748218536376953
2055,-0.3117365837097168
2056,-0.6004009246826172
2057,-13.326475143432617
2058,-2.364776134490967
2059,-0.9188137054443359
2060,4.623191833496094
2061,2.720411777496338
2062,4.711769104003906
2063,-14.169280052185059
2064,0.5738534927368164
2065,3.8816757202148438
2066,7.461880683898926
2067,4.517994403839111
2068,5.011842727661133
2069,-14.139376640319824
2070,1.888688087463379
2071,4.412971496582031
2072,7.5381927490234375
2073,1.0165977478027344
2074,7.529035568237305
2075,-20.065101623535156
2076,-1.3185176849365234
2077,6.0963592529296875
2078,4.1594038009643555
2079,10.581024169921875
2080,-12.04936408996582
2081,10.543478012084961
2082,11.093795776367188
2083,-12.01357650756836
2084,10.768609046936035
2085,11.186464309692383
2086,-11.958686828613281
2087,10.766355514526367
2088,11.287002563476562
2089,-11.882940292358398
2090,10.759106636047363
2091,10.865381240844727
2092,-12.07662582397461
2093,12.412590026855469
2094,10.801908493041992
2095,-12.05758285522461
2096,12.41408634185791
2097,10.739175796508789
2098,-12.042192459106445
2099,12.416601181030273
2100,11.301809310913086
2101,-11.41609001159668
2102,11.194700241088867
2103,10.472429275512695
2104,-11.683577537536621
2105,18.65311622619629
2106,10.463869094848633
2107,-11.762821197509766
2108,10.4750394821167
2109,10.218114852905273
2110,-11.807629585266113
2111,12.586474418640137
2112,10.85330581665039
2113,-10.458067893981934
2114,3.6475956439971924
2115,7.31906270980835
2116,-10.2474365234375
2117,21.438440322875977
2118,14.477624893188477
2119,-12.137945175170898
2120,-0.3918583393096924
2121,4.830525875091553
2122,-8.626849174499512
2123,25.995866775512695
2124,17.211654663085938
2125,-13.888185501098633
2126,2.9299280643463135
2127,0.9408860206604004
2128,-8.605843544006348
2129,27.642534255981445
2130,17.905935287475586
2131,-14.220815658569336
2132,2.7416183948516846
2133,0.5244908332824707
2134,-8.560897827148438
2135,28.67151641845703
2136,17.79500961303711
2137,-14.327255249023438
2138,3.4927752017974854
2139,0.5012664794921875
2140,-8.519380569458008
2141,27.370834350585938
2142,17.56072998046875
2143,-14.24520492553711
2144,3.260101556777954
2145,0.7858219146728516
2146,-8.610889434814453
2147,27.073322296142578
2148,4.022542476654053
2149,-6.000513076782227
2150,-8.156715393066406
2151,1.7540278434753418
2152,-5.746855735778809
2153,4.583479881286621
2154,-0.7584915161132812
2155,-1.477945327758789
2156,-13.053232192993164
2157,-2.371525287628174
2158,-1.4229755401611328
2159,4.241560935974121
2160,2.3148674964904785
2161,3.597991943359375
2162,-15.79016399383545
2163,0.35329675674438477
2164,3.165121078491211
2165,4.255704879760742
2166,4.070375919342041
2167,3.913980484008789
2168,-15.923315048217773
2169,1.7949762344360352
2170,3.641803741455078
2171,4.090035438537598
2172,0.8492894172668457
2173,6.339998245239258
2174,-21.03240394592285
2175,-1.1929292678833008
2176,5.222944259643555
2177,0.7643921375274658
2178,11.3902587890625
2179,-11.727457046508789
2180,11.178304672241211
2181,11.828800201416016
2182,-11.658061027526855
2183,11.472986221313477
2184,11.9378662109375
2185,-11.610845565795898
2186,11.470786094665527
2187,12.141782760620117
2188,-11.534012794494629
2189,11.461989402770996
2190,11.536169052124023
2191,-11.677183151245117
2192,13.156844139099121
2193,11.468757629394531
2194,-11.657907485961914
2195,13.159048080444336
2196,11.411502838134766
2197,-11.641335487365723
2198,13.16284465789795
2199,12.089456558227539
2200,-11.102493286132812
2201,11.632646560668945
2202,11.098051071166992
2203,-11.26423168182373
2204,19.379474639892578
2205,11.154563903808594
2206,-11.42764949798584
2207,10.986417770385742
2208,10.75855827331543
2209,-11.494630813598633
2210,13.19393253326416
2211,11.557365417480469
2212,-10.477363586425781
2213,4.149174690246582
2214,7.458336353302002
2215,-10.235882759094238
2216,22.2529239654541
2217,15.102378845214844
2218,-12.283924102783203
2219,-3.402431011199951
2220,6.1608500480651855
2221,-10.616671562194824
2222,28.439462661743164
2223,17.95225715637207
2224,-14.083252906799316
2225,-3.8922319412231445
2226,7.994636058807373
2227,-11.948448181152344
2228,32.253509521484375
2229,18.650863647460938
2230,-14.438247680664062
2231,-4.7611236572265625
2232,9.173839569091797
2233,-12.697778701782227
2234,33.334564208984375
2235,18.677778244018555
2236,-14.446484565734863
2237,-3.9788436889648438
2238,9.250104904174805
2239,-12.656434059143066
2240,33.17833709716797
2241,18.280664443969727
2242,-14.250293731689453
2243,-3.6328725814819336
2244,9.301836013793945
2245,-12.632898330688477
2246,32.1480598449707
2247,3.929323673248291
2248,-6.622015953063965
2249,-8.080057144165039
2250,1.7048683166503906
2251,-6.347148895263672
2252,4.50823974609375
2253,-1.3772339820861816
2254,-2.5973777770996094
2255,-14.156819343566895
2256,-2.6804513931274414
2257,-2.7822208404541016
2258,2.1442344188690186
2259,1.82033109664917
2260,2.568387985229492
2261,-18.10248374938965
2262,0.18550491333007812
2263,1.9292335510253906
2264,2.1751060485839844
2265,3.5952000617980957
2266,2.771577835083008
2267,-18.306907653808594
2268,1.57505464553833
2269,2.103809356689453
2270,2.049492359161377
2271,0.5055904388427734
2272,5.121723175048828
2273,-24.022743225097656
2274,-1.0494508743286133
2275,4.346181869506836
2276,-1.719659447669983
2277,12.760492324829102
2278,-11.750081062316895
2279,14.561908721923828
2280,13.111465454101562
2281,-11.531128883361816
2282,14.750652313232422
2283,13.390741348266602
2284,-11.417278289794922
2285,14.746500015258789
2286,13.519819259643555
2287,-11.380938529968262
2288,14.733293533325195
2289,12.721324920654297
2290,-11.514094352722168
2291,16.261962890625
2292,12.651805877685547
2293,-11.496374130249023
2294,16.25986671447754
2295,12.593040466308594
2296,-11.488152503967285
2297,16.254959106445312
2298,13.268712997436523
2299,-11.039745330810547
2300,14.394287109375
2301,12.102115631103516
2302,-11.110198020935059
2303,21.329195022583008
2304,12.303726196289062
2305,-11.358318328857422
2306,14.08301830291748
2307,12.101938247680664
2308,-11.543487548828125
2309,16.063621520996094
2310,13.036376953125
2311,-10.754508018493652
2312,7.326833724975586
2313,7.6566481590271
2314,-10.060708045959473
2315,23.4322452545166
2316,16.2103271484375
2317,-12.228309631347656
2318,5.307021141052246
2319,6.010325908660889
2320,-10.440950393676758
2321,29.65153694152832
2322,18.68099594116211
2323,-14.003448486328125
2324,12.101231575012207
2325,8.439834594726562
2326,-12.381001472473145
2327,35.10289764404297
2328,19.17306900024414
2329,-14.202302932739258
2330,12.747465133666992
2331,9.29792594909668
2332,-12.74416732788086
2333,36.028446197509766
2334,19.081422805786133
2335,-14.260435104370117
2336,13.351119041442871
2337,9.509307861328125
2338,-12.892643928527832
2339,36.38829040527344
2340,18.872604370117188
2341,-14.179065704345703
2342,12.655646324157715
2343,9.43983268737793
2344,-12.82083797454834
2345,35.13088607788086
2346,4.142122745513916
2347,-7.193975448608398
2348,-7.217135429382324
2349,1.7599520683288574
2350,-6.867161750793457
2351,3.6618125438690186
2352,-2.4085965156555176
2353,-4.144491195678711
2354,-13.630362510681152
2355,-3.361337184906006
2356,-3.802861213684082
2357,-0.11979687213897705
2358,1.6386613845825195
2359,0.9246063232421875
2360,-15.139500617980957
2361,-0.19867610931396484
2362,0.5998992919921875
2363,0.3229517936706543
2364,3.2698826789855957
2365,1.1071453094482422
2366,-15.077542304992676
2367,1.4299159049987793
2368,0.8601493835449219
2369,0.287325382232666
2370,0.5693659782409668
2371,3.737445831298828
2372,-19.01057243347168
2373,-1.0107388496398926
2374,3.3544139862060547
2375,-2.3131399154663086
2376,14.248336791992188
2377,-11.460444450378418
2378,15.439002990722656
2379,14.831300735473633
2380,-11.26028823852539
2381,15.7181396484375
2382,14.91281509399414
2383,-11.205888748168945
2384,15.717144012451172
2385,14.97578239440918
2386,-11.18276596069336
2387,15.70683479309082
2388,14.470304489135742
2389,-11.245787620544434
2390,17.259971618652344
2391,14.378719329833984
2392,-11.232515335083008
2393,17.257747650146484
2394,14.290485382080078
2395,-11.224932670593262
2396,17.255956649780273
2397,14.687189102172852
2398,-10.8475980758667
2399,15.617887496948242
2400,13.6710205078125
2401,-10.892768859863281
2402,22.646345138549805
2403,13.753273010253906
2404,-11.199597358703613
2405,15.037433624267578
2406,13.508947372436523
2407,-11.283038139343262
2408,17.055591583251953
2409,14.054508209228516
2410,-10.788165092468262
2411,8.42505168914795
2412,8.637535095214844
2413,-9.925674438476562
2414,24.811887741088867
2415,16.703502655029297
2416,-12.288844108581543
2417,6.627464294433594
2418,5.921370029449463
2419,-10.652301788330078
2420,26.78826332092285
2421,19.250104904174805
2422,-14.147003173828125
2423,13.098042488098145
2424,8.451932907104492
2425,-12.288947105407715
2426,26.82444190979004
2427,19.805089950561523
2428,-14.489013671875
2429,13.335258483886719
2430,9.500232696533203
2431,-12.80430793762207
2432,27.12287712097168
2433,19.58892822265625
2434,-14.426502227783203
2435,14.22758674621582
2436,9.933937072753906
2437,-12.987544059753418
2438,27.732328414916992
2439,19.414073944091797
2440,-14.342718124389648
2441,13.743715286254883
2442,9.832723617553711
2443,-12.91983699798584
2444,26.866714477539062
2445,4.5880608558654785
2446,-7.672677040100098
2447,-7.130331993103027
2448,2.476200580596924
2449,-7.075895309448242
2450,3.5797035694122314
2451,-3.535529613494873
2452,-5.016526222229004
2453,-13.195541381835938
2454,-3.765868663787842
2455,-4.6126508712768555
2456,0.4854280948638916
2457,0.9149074554443359
2458,-0.2270641326904297
2459,-13.94701862335205
2460,-0.7017936706542969
2461,-0.48290252685546875
2462,1.9960691928863525
2463,2.4290785789489746
2464,-0.19178009033203125
2465,-13.877102851867676
2466,1.0064339637756348
2467,-0.35233306884765625
2468,2.0396604537963867
2469,0.10334444046020508
2470,2.2334651947021484
2471,-17.35552406311035
2472,-1.0666065216064453
2473,1.4923858642578125
2474,-0.07099735736846924
2475,13.974456787109375
2476,-11.641050338745117
2477,12.679079055786133
2478,14.823762893676758
2479,-11.376004219055176
2480,12.495503425598145
2481,14.907230377197266
2482,-11.326951026916504
2483,12.494291305541992
2484,14.974477767944336
2485,-11.293490409851074
2486,12.484617233276367
2487,14.583257675170898
2488,-11.401413917541504
2489,13.977417945861816
2490,14.50265884399414
2491,-11.380550384521484
2492,13.974366188049316
2493,14.424663543701172
2494,-11.363161087036133
2495,13.969192504882812
2496,14.991519927978516
2497,-10.93603229522705
2498,11.613578796386719
2499,14.131355285644531
2500,-10.965530395507812
2501,18.270845413208008
2502,13.586166381835938
2503,-11.38646411895752
2504,12.116717338562012
2505,13.517007827758789
2506,-11.467459678649902
2507,14.040786743164062
2508,14.262706756591797
2509,-10.672369003295898
2510,5.401257514953613
2511,9.573593139648438
2512,-10.085685729980469
2513,20.237388610839844
2514,17.116680145263672
2515,-12.142093658447266
2516,4.951040267944336
2517,6.1245856285095215
2518,-9.961675643920898
2519,26.226552963256836
2520,19.44672203063965
2521,-14.11286735534668
2522,13.88244342803955
2523,7.768161296844482
2524,-11.789224624633789
2525,30.37772560119629
2526,19.939117431640625
2527,-14.539921760559082
2528,14.603113174438477
2529,7.645455837249756
2530,-11.667020797729492
2531,31.162290573120117
2532,19.888105392456055
2533,-14.573609352111816
2534,15.208755493164062
2535,7.989058971405029
2536,-11.735128402709961
2537,30.699472427368164
2538,19.584381103515625
2539,-14.334583282470703
2540,14.500600814819336
2541,8.048856735229492
2542,-11.68292236328125
2543,30.200368881225586
2544,4.557690143585205
2545,-7.808530807495117
2546,-6.470017433166504
2547,2.7176575660705566
2548,-7.267888069152832
2549,2.920025110244751
2550,-4.119570732116699
2551,-6.298977851867676
2552,-10.620156288146973
2553,-4.243960380554199
2554,-5.715545654296875
2555,0.902259111404419
2556,0.35907506942749023
2557,-1.2212047576904297
2558,-13.85129451751709
2559,-0.8104686737060547
2560,-1.4154281616210938
2561,2.3617188930511475
2562,1.9217500686645508
2563,-1.3826885223388672
2564,-13.584101676940918
2565,0.8930516242980957
2566,-1.3044319152832031
2567,2.3791677951812744
2568,-0.2452692985534668
2569,1.3201637268066406
2570,-13.195006370544434
2571,-0.9772796630859375
2572,0.7614269256591797
2573,1.072953462600708
2574,14.751083374023438
2575,-11.407999992370605
2576,16.180524826049805
2577,15.56585693359375
2578,-11.19802188873291
2579,16.28341293334961
2580,15.776681900024414
2581,-11.172022819519043
2582,16.283382415771484
2583,15.835067749023438
2584,-11.12916088104248
2585,16.275745391845703
2586,15.370967864990234
2587,-11.227911949157715
2588,17.45191764831543
2589,15.271963119506836
2590,-11.206147193908691
2591,17.448453903198242
2592,15.180660247802734
2593,-11.181534767150879
2594,17.439102172851562
2595,15.48520278930664
2596,-10.80245590209961
2597,15.508096694946289
2598,14.638240814208984
2599,-10.785822868347168
2600,20.713186264038086
2601,14.50198745727539
2602,-11.178437232971191
2603,15.523788452148438
2604,14.063478469848633
2605,-11.200078010559082
2606,17.019634246826172
2607,14.837326049804688
2608,-10.637816429138184
2609,8.316888809204102
2610,10.017879486083984
2611,-9.731711387634277
2612,21.231765747070312
2613,17.314228057861328
2614,-12.263725280761719
2615,5.971279144287109
2616,6.589798450469971
2617,-10.3585844039917
2618,27.00994300842285
2619,19.56346321105957
2620,-14.398211479187012
2621,10.763943672180176
2622,7.971230983734131
2623,-12.371240615844727
2624,30.597753524780273
2625,20.036584854125977
2626,-14.950000762939453
2627,10.802983283996582
2628,8.273679733276367
2629,-12.95199966430664
2630,31.08982276916504
2631,19.982763290405273
2632,-14.973062515258789
2633,11.253539085388184
2634,8.450939178466797
2635,-12.990875244140625
2636,30.700620651245117
2637,19.654415130615234
2638,-14.687833786010742
2639,11.144598960876465
2640,8.47441291809082
2641,-12.712114334106445
2642,30.357526779174805
2643,5.581854343414307
2644,-8.060853004455566
2645,-5.990425109863281
2646,3.4423604011535645
2647,-7.306374549865723
2648,2.434544324874878
2649,-3.9985647201538086
2650,-7.466805458068848
2651,-10.794234275817871
2652,-4.249508857727051
2653,-6.847254753112793
2654,0.5873703956604004
2655,-0.18340396881103516
2656,-2.35308837890625
2657,-15.188809394836426
2658,-1.3349337577819824
2659,-2.3014373779296875
2660,-1.1748778820037842
2661,1.5456490516662598
2662,-2.3125648498535156
2663,-15.321849822998047
2664,0.031511783599853516
2665,-2.1895904541015625
2666,-1.4957845211029053
2667,-1.1751470565795898
2668,0.13622093200683594
2669,-15.209606170654297
2670,-2.0453503131866455
2671,-0.42433738708496094
2672,-2.3926844596862793
2673,14.513181686401367
2674,-11.096450805664062
2675,21.12109375
2676,15.207904815673828
2677,-10.955764770507812
2678,21.057220458984375
2679,15.46721076965332
2680,-10.940757751464844
2681,21.059778213500977
2682,15.567838668823242
2683,-10.909676551818848
2684,21.056407928466797
2685,14.855411529541016
2686,-10.97330379486084
2687,22.265348434448242
2688,14.708066940307617
2689,-10.950085639953613
2690,22.259244918823242
2691,14.419364929199219
2692,-10.917525291442871
2693,22.246116638183594
2694,15.248722076416016
2695,-10.649497032165527
2696,19.29898452758789
2697,14.059793472290039
2698,-10.568678855895996
2699,24.71677589416504
2700,14.290792465209961
2701,-10.907072067260742
2702,20.082664489746094
2703,13.677576065063477
2704,-10.885254859924316
2705,21.64617347717285
2706,14.916187286376953
2707,-10.645940780639648
2708,10.993310928344727
2709,9.985797882080078
2710,-9.432221412658691
2711,23.822647094726562
2712,17.61231803894043
2713,-12.669475555419922
2714,6.1245574951171875
2715,7.3057780265808105
2716,-10.072284698486328
2717,29.65751075744629
2718,19.23261070251465
2719,-14.65310287475586
2720,9.437173843383789
2721,7.752817630767822
2722,-12.425821304321289
2723,33.527862548828125
2724,19.590713500976562
2725,-15.23727798461914
2726,9.166321754455566
2727,8.039705276489258
2728,-12.816965103149414
2729,33.75515365600586
2730,19.61299705505371
2731,-15.251532554626465
2732,9.797542572021484
2733,8.235448837280273
2734,-12.856672286987305
2735,33.26850509643555
2736,19.32666015625
2737,-14.953152656555176
2738,9.782000541687012
2739,8.245935440063477
2740,-12.743866920471191
2741,33.17805862426758
2742,5.967955112457275
2743,-8.174539566040039
2744,-5.933530807495117
2745,3.791473865509033
2746,-7.397870063781738
2747,2.376047372817993
2748,-3.9880411624908447
2749,-8.710227966308594
2750,-11.106934547424316
2751,-4.420220375061035
2752,-7.857593536376953
2753,-0.8039710521697998
2754,-0.9148192405700684
2755,-3.5447998046875
2756,-20.341083526611328
2757,-1.7028536796569824
2758,-3.4051780700683594
2759,-6.314818382263184
2760,0.6381406784057617
2761,-3.2312889099121094
2762,-21.165266036987305
2763,-0.16018915176391602
2764,-2.7640552520751953
2765,-7.102904319763184
2766,-2.0993471145629883
2767,-0.8823032379150391
2768,-21.617252349853516
2769,-2.6571147441864014
2770,-1.290109634399414
2771,-8.064144134521484
2772,14.011911392211914
2773,-10.867168426513672
2774,24.035951614379883
2775,14.78724479675293
2776,-10.777050018310547
2777,24.1366024017334
2778,14.948896408081055
2779,-10.751070976257324
2780,24.139047622680664
2781,15.08428955078125
2782,-10.7147216796875
2783,24.136890411376953
2784,14.330057144165039
2785,-10.806878089904785
2786,25.164691925048828
2787,14.193819046020508
2788,-10.788433074951172
2789,25.161317825317383
2790,14.089475631713867
2791,-10.774162292480469
2792,25.1516170501709
2793,15.070117950439453
2794,-10.432357788085938
2795,22.808141708374023
2796,13.673542022705078
2797,-10.439026832580566
2798,27.276885986328125
2799,13.816129684448242
2800,-10.643181800842285
2801,23.155921936035156
2802,13.150720596313477
2803,-10.654685020446777
2804,24.45530128479004
2805,14.698598861694336
2806,-10.363139152526855
2807,13.054326057434082
2808,9.6038818359375
2809,-9.265125274658203
2810,25.695220947265625
2811,17.479278564453125
2812,-12.652281761169434
2813,6.530774116516113
2814,7.002421855926514
2815,-9.64130687713623
2816,26.933990478515625
2817,18.80209732055664
2818,-14.969780921936035
2819,7.609606742858887
2820,3.81355619430542
2821,-11.152762413024902
2822,25.84881019592285
2823,19.093219757080078
2824,-15.56251335144043
2825,6.648489952087402
2826,2.9248547554016113
2827,-11.432419776916504
2828,25.858230590820312
2829,19.037452697753906
2830,-15.55020523071289
2831,7.479863166809082
2832,3.2296462059020996
2833,-11.448067665100098
2834,25.144390106201172
2835,18.885265350341797
2836,-15.33173942565918
2837,7.935742378234863
2838,3.7361960411071777
2839,-11.375834465026855
2840,25.350664138793945
2841,6.239147663116455
2842,-8.154581069946289
2843,-5.812358856201172
2844,3.562499523162842
2845,-7.347064971923828
2846,2.2535712718963623
2847,-3.5980746746063232
2848,-10.372995376586914
2849,-14.766490936279297
2850,-4.897513389587402
2851,-9.181722640991211
2852,-2.379411220550537
2853,-1.5544991493225098
2854,-4.946417808532715
2855,-22.63799285888672
2856,-2.6141083240509033
2857,-4.910228729248047
2858,-8.130513191223145
2859,-0.3264040946960449
2860,-4.684578895568848
2861,-23.28582191467285
2862,-1.1569247245788574
2863,-4.550070762634277
2864,-9.012694358825684
2865,-3.420447587966919
2866,-2.3863258361816406
2867,-24.42178726196289
2868,-3.757478952407837
2869,-2.7189979553222656
2870,-10.737796783447266
2871,15.706441879272461
2872,-10.649934768676758
2873,20.182174682617188
2874,16.298795700073242
2875,-10.452356338500977
2876,19.845577239990234
2877,16.363784790039062
2878,-10.421711921691895
2879,19.847171783447266
2880,16.421018600463867
2881,-10.39527416229248
2882,19.8486270904541
2883,15.94626235961914
2884,-10.513569831848145
2885,20.57756233215332
2886,15.832405090332031
2887,-10.539480209350586
2888,20.57131004333496
2889,15.747751235961914
2890,-10.555904388427734
2891,20.560001373291016
2892,16.067169189453125
2893,-10.329890251159668
2894,17.6087589263916
2895,15.263107299804688
2896,-10.343754768371582
2897,20.87098503112793
2898,15.26171875
2899,-10.629698753356934
2900,19.113689422607422
2901,14.902997970581055
2902,-10.578996658325195
2903,19.98046875
2904,15.117969512939453
2905,-10.366921424865723
2906,8.983346939086914
2907,11.321269989013672
2908,-8.968435287475586
2909,20.57698631286621
2910,17.101898193359375
2911,-12.827409744262695
2912,4.19505500793457
2913,9.043004989624023
2914,-9.199362754821777
2915,23.40186882019043
2916,18.093414306640625
2917,-15.254608154296875
2918,5.295495986938477
2919,7.713070392608643
2920,-11.096932411193848
2921,24.299652099609375
2922,18.12067222595215
2923,-15.865604400634766
2924,4.434075355529785
2925,7.248315334320068
2926,-11.085984230041504
2927,24.343101501464844
2928,18.122278213500977
2929,-15.897018432617188
2930,5.165684700012207
2931,7.556509494781494
2932,-11.276660919189453
2933,23.611459732055664
2934,17.99207878112793
2935,-15.626482009887695
2936,5.640104293823242
2937,7.76314115524292
2938,-11.288801193237305
2939,23.91596221923828
2940,5.99316930770874
2941,-8.004968643188477
2942,-5.8572845458984375
2943,3.559525966644287
2944,-7.44876766204834
2945,2.2954466342926025
2946,-2.8925535678863525
2947,-11.481101036071777
2948,-9.997140884399414
2949,-4.613894939422607
2950,-10.250009536743164
2951,-1.3103365898132324
2952,-2.1897478103637695
2953,-6.120704650878906
2954,-18.259506225585938
2955,-3.327646493911743
2956,-6.020362854003906
2957,-5.264568328857422
2958,-1.1411523818969727
2959,-5.52354621887207
2960,-18.399940490722656
2961,-1.9910979270935059
2962,-5.4680633544921875
2963,-5.775761127471924
2964,-5.282945156097412
2965,-4.118170738220215
2966,-17.524240493774414
2967,-5.811884880065918
2968,-4.112918853759766
2969,-6.135160446166992
2970,15.122922897338867
2971,-10.559151649475098
2972,15.383522033691406
2973,15.846466064453125
2974,-10.442336082458496
2975,15.157905578613281
2976,15.938631057739258
2977,-10.399697303771973
2978,15.15966796875
2979,16.02052879333496
2980,-10.36231803894043
2981,15.14450454711914
2982,15.570175170898438
2983,-10.500969886779785
2984,16.207042694091797
2985,15.39643669128418
2986,-10.532011985778809
2987,16.21477508544922
2988,15.304143905639648
2989,-10.538054466247559
2990,16.223234176635742
2991,15.930639266967773
2992,-10.234439849853516
2993,14.041762351989746
2994,15.137611389160156
2995,-10.266447067260742
2996,18.77817726135254
2997,14.885663986206055
2998,-10.477693557739258
2999,14.981605529785156
3000,14.427127838134766
3001,-10.462950706481934
3002,16.256145477294922
3003,15.351268768310547
3004,-10.085497856140137
3005,6.217109680175781
3006,11.062150955200195
3007,-9.18896198272705
3008,18.513412475585938
3009,16.85822105407715
3010,-12.815760612487793
3011,3.3227450847625732
3012,8.088687896728516
3013,-10.795499801635742
3014,21.358169555664062
3015,17.528703689575195
3016,-15.390325546264648
3017,5.169564247131348
3018,7.22806978225708
3019,-13.07272720336914
3020,18.936086654663086
3021,17.449174880981445
3022,-16.200510025024414
3023,3.9625160694122314
3024,7.012080669403076
3025,-13.579639434814453
3026,18.745948791503906
3027,17.442228317260742
3028,-16.11728286743164
3029,4.303430557250977
3030,7.254034519195557
3031,-13.701072692871094
3032,17.750015258789062
3033,17.33130645751953
3034,-15.821264266967773
3035,5.129218101501465
3036,7.404825687408447
3037,-13.405895233154297
3038,18.476125717163086
3039,5.917787075042725
3040,-7.913913726806641
3041,-5.723354339599609
3042,3.6665453910827637
3043,-8.142110824584961
3044,2.1577205657958984
3045,-0.3958268165588379
3046,-12.183175086975098
3047,-9.827449798583984
3048,-1.8832721710205078
3049,-11.897225379943848
3050,-0.8726201057434082
3051,-2.763890027999878
3052,-7.714361190795898
3053,-14.502264022827148
3054,-3.4179298877716064
3055,-8.194782257080078
3056,-3.5343642234802246
3057,-2.420774459838867
3058,-6.746182441711426
3059,-14.416054725646973
3060,-3.861886978149414
3061,-7.2803497314453125
3062,-3.8257246017456055
3063,-7.0597100257873535
3064,-6.919733047485352
3065,-11.23381233215332
3066,-7.240092754364014
3067,-7.399931907653809
3068,-3.692697763442993
3069,15.177225112915039
3070,-10.039484024047852
3071,13.147192001342773
3072,15.737287521362305
3073,-9.778421401977539
3074,12.967747688293457
3075,15.787878036499023
3076,-9.754103660583496
3077,12.96781063079834
3078,15.833621978759766
3079,-9.738560676574707
3080,12.962129592895508
3081,15.493654251098633
3082,-9.823784828186035
3083,14.071921348571777
3084,15.401918411254883
3085,-9.852246284484863
3086,14.072458267211914
3087,15.323726654052734
3088,-9.871262550354004
3089,14.07119369506836
3090,15.73747444152832
3091,-9.67750072479248
3092,11.916619300842285
3093,14.972393035888672
3094,-9.709487915039062
3095,18.54283332824707
3096,14.868745803833008
3097,-10.106659889221191
3098,12.590824127197266
3099,14.536592483520508
3100,-10.121475219726562
3101,14.03967571258545
3102,14.963891983032227
3103,-9.923467636108398
3104,5.383660316467285
3105,11.16010856628418
3106,-9.130805015563965
3107,16.540382385253906
3108,16.099273681640625
3109,-12.582320213317871
3110,1.6483261585235596
3111,7.974402904510498
3112,-10.658266067504883
3113,20.0921573638916
3114,16.975507736206055
3115,-15.386495590209961
3116,3.4042112827301025
3117,6.986059665679932
3118,-12.998617172241211
3119,19.085105895996094
3120,17.148771286010742
3121,-16.061368942260742
3122,2.4916718006134033
3123,6.030487537384033
3124,-13.073844909667969
3125,19.079050064086914
3126,17.087623596191406
3127,-16.086538314819336
3128,3.130411386489868
3129,6.690288066864014
3130,-13.461360931396484
3131,18.07966423034668
3132,16.89324188232422
3133,-15.816797256469727
3134,3.561370611190796
3135,7.29905366897583
3136,-13.44571590423584
3137,18.61097526550293
3138,5.966991901397705
3139,-7.92067813873291
3140,-5.5556440353393555
3141,3.7886271476745605
3142,-8.056258201599121
3143,1.9883975982666016
3144,2.323812961578369
3145,-12.826345443725586
3146,-9.021466255187988
3147,2.05177640914917
3148,-11.994150161743164
3149,0.2674217224121094
3150,-2.4658074378967285
3151,-9.069440841674805
3152,-13.421253204345703
3153,-2.796109676361084
3154,-9.540346145629883
3155,-3.18473482131958
3156,-2.436692953109741
3157,-8.174273490905762
3158,-13.368975639343262
3159,-2.837136745452881
3160,-8.49289608001709
3161,-3.61740779876709
3162,-6.0318732261657715
3163,-9.15781021118164
3164,-10.4736967086792
3165,-5.727372646331787
3166,-9.55593204498291
3167,-3.4334588050842285
3168,15.194541931152344
3169,-9.746088981628418
3170,13.349717140197754
3171,15.708791732788086
3172,-9.469411849975586
3173,13.051581382751465
3174,15.757917404174805
3175,-9.454669952392578
3176,13.05191421508789
3177,15.805809020996094
3178,-9.4462308883667
3179,13.053507804870605
3180,15.552444458007812
3181,-9.491843223571777
3182,14.166492462158203
3183,15.41242790222168
3184,-9.491944313049316
3185,14.16358470916748
3186,15.356216430664062
3187,-9.496892929077148
3188,14.156783103942871
3189,15.803720474243164
3190,-9.350473403930664
3191,11.221384048461914
3192,15.231325149536133
3193,-9.329572677612305
3194,16.959373474121094
3195,14.94969367980957
3196,-9.855717658996582
3197,12.413517951965332
3198,14.642450332641602
3199,-9.839582443237305
3200,13.8672456741333
3201,15.012388229370117
3202,-9.814452171325684
3203,4.394968032836914
3204,11.791654586791992
3205,-9.069950103759766
3206,16.383790969848633
3207,15.720203399658203
3208,-12.485481262207031
3209,0.35705113410949707
3210,8.34516716003418
3211,-10.173033714294434
3212,18.590919494628906
3213,16.55060577392578
3214,-15.224732398986816
3215,2.766557455062866
3216,6.818991184234619
3217,-12.336061477661133
3218,17.662338256835938
3219,16.349796295166016
3220,-15.968235969543457
3221,1.8994839191436768
3222,5.642085552215576
3223,-12.349966049194336
3224,18.120969772338867
3225,16.4023494720459
3226,-15.954534530639648
3227,2.5139639377593994
3228,5.866479396820068
3229,-12.533796310424805
3230,16.59888458251953
3231,16.43032455444336
3232,-15.731149673461914
3233,2.8832595348358154
3234,6.3233323097229
3235,-12.45103645324707
3236,17.052879333496094
3237,6.339817523956299
3238,-8.204694747924805
3239,-5.456568241119385
3240,4.133752346038818
3241,-7.867456436157227
3242,1.8753252029418945
3243,4.0244317054748535
3244,-13.021703720092773
3245,-5.088736057281494
3246,2.0173096656799316
3247,-11.192140579223633
3248,5.098056793212891
3249,-1.9999566078186035
3250,-10.221220970153809
3251,-16.02899169921875
3252,-2.772310256958008
3253,-9.855916023254395
3254,-6.883271217346191
3255,-2.254971504211426
3256,-9.369894981384277
3257,-16.90568733215332
3258,-3.2541024684906006
3259,-9.043303489685059
3260,-8.25979995727539
3261,-5.64267635345459
3262,-10.433712005615234
3263,-14.558170318603516
3264,-5.63554048538208
3265,-9.986027717590332
3266,-8.917157173156738
3267,15.676919937133789
3268,-9.081835746765137
3269,13.504251480102539
3270,15.865900039672852
3271,-8.741755485534668
3272,13.273838996887207
3273,15.883159637451172
3274,-8.696600914001465
3275,13.27566146850586
3276,15.90719985961914
3277,-8.654641151428223
3278,13.278568267822266
3279,15.774070739746094
3280,-8.790392875671387
3281,14.299047470092773
3282,15.709423065185547
3283,-8.783834457397461
3284,14.296764373779297
3285,15.676738739013672
3286,-8.772035598754883
3287,14.28831672668457
3288,15.825252532958984
3289,-8.465339660644531
3290,11.71132755279541
3291,15.380935668945312
3292,-8.520915031433105
3293,16.511428833007812
3294,15.252120971679688
3295,-9.078873634338379
3296,12.656454086303711
3297,15.019147872924805
3298,-9.021086692810059
3299,13.983076095581055
3300,14.859573364257812
3301,-9.157394409179688
3302,4.221334457397461
3303,11.402111053466797
3304,-8.45419979095459
3305,16.445030212402344
3306,15.377859115600586
3307,-12.252412796020508
3308,0.523101806640625
3309,8.449939727783203
3310,-10.02177906036377
3311,18.56235694885254
3312,15.474760055541992
3313,-14.935417175292969
3314,2.4161555767059326
3315,6.667264461517334
3316,-12.626773834228516
3317,18.20074462890625
3318,15.062061309814453
3319,-15.65057373046875
3320,1.687002182006836
3321,5.948303699493408
3322,-12.570295333862305
3323,18.917831420898438
3324,15.211711883544922
3325,-15.652196884155273
3326,2.3015263080596924
3327,6.0403008460998535
3328,-12.706607818603516
3329,16.73853302001953
3330,15.287399291992188
3331,-15.435338973999023
3332,2.5736749172210693
3333,6.363040447235107
3334,-12.614158630371094
3335,17.398305892944336
3336,6.3851704597473145
3337,-8.00522518157959
3338,-5.517119884490967
3339,4.036545276641846
3340,-7.900934219360352
3341,1.9337396621704102
3342,5.766804218292236
3343,-13.089935302734375
3344,-7.2700300216674805
3345,3.355675220489502
3346,-11.50557804107666
3347,3.883509874343872
3348,-1.7092399597167969
3349,-11.126952171325684
3350,-16.69194221496582
3351,-3.2956113815307617
3352,-10.623112678527832
3353,-7.24323844909668
3354,-2.5040907859802246
3355,-10.396134376525879
3356,-17.327648162841797
3357,-3.8505072593688965
3358,-9.895853996276855
3359,-8.398614883422852
3360,-4.835962295532227
3361,-12.50124454498291
3362,-16.833776473999023
3363,-5.504205226898193
3364,-12.284892082214355
3365,-10.41859245300293
3366,16.0202579498291
3367,-8.235998153686523
3368,15.355005264282227
3369,15.961851119995117
3370,-7.966241836547852
3371,14.78750228881836
3372,15.937814712524414
3373,-7.957089424133301
3374,14.78980827331543
3375,15.927995681762695
3376,-7.94654655456543
3377,14.795783996582031
3378,15.924694061279297
3379,-7.9252471923828125
3380,15.886384963989258
3381,15.869707107543945
3382,-7.888124465942383
3383,15.883430480957031
3384,15.720054626464844
3385,-7.848105430603027
3386,15.875740051269531
3387,15.595626831054688
3388,-7.886696815490723
3389,12.134071350097656
3390,15.231468200683594
3391,-7.715598106384277
3392,17.020401000976562
3393,15.515819549560547
3394,-8.398395538330078
3395,14.190292358398438
3396,15.42796516418457
3397,-8.340639114379883
3398,15.604021072387695
3399,14.556636810302734
3400,-9.017046928405762
3401,4.184136390686035
3402,11.188037872314453
3403,-7.938817977905273
3404,17.296173095703125
3405,14.53538703918457
3406,-12.120115280151367
3407,0.5780539512634277
3408,8.693862915039062
3409,-9.790154457092285
3410,19.599597930908203
3411,14.602365493774414
3412,-14.625738143920898
3413,1.6861236095428467
3414,7.032945156097412
3415,-12.10074234008789
3416,22.388341903686523
3417,14.136360168457031
3418,-15.278554916381836
3419,0.6771070957183838
3420,6.66110372543335
3421,-11.865015029907227
3422,23.584545135498047
3423,14.213579177856445
3424,-15.316473007202148
3425,1.829704761505127
3426,6.760258197784424
3427,-12.08241081237793
3428,22.144874572753906
3429,14.297739028930664
3430,-15.128158569335938
3431,2.15985107421875
3432,7.012552738189697
3433,-12.232086181640625
3434,21.963199615478516
3435,6.238961696624756
3436,-8.372443199157715
3437,-5.706626892089844
3438,3.941880702972412
3439,-7.920352935791016
3440,2.12070369720459
3441,6.488361835479736
3442,-13.251520156860352
3443,-7.771201133728027
3444,3.2408881187438965
3445,-11.662837982177734
3446,3.213977098464966
3447,-1.4452929496765137
3448,-12.656133651733398
3449,-16.164793014526367
3450,-3.5212509632110596
3451,-11.809431076049805
3452,-6.297399520874023
3453,-2.2244012355804443
3454,-12.07671070098877
3455,-16.6888370513916
3456,-4.448462009429932
3457,-11.289064407348633
3458,-7.208138465881348
3459,-3.856123924255371
3460,-14.479402542114258
3461,-16.485048294067383
3462,-5.184020042419434
3463,-13.498003005981445
3464,-8.773506164550781
3465,15.696222305297852
3466,-7.6544036865234375
3467,15.978595733642578
3468,15.648979187011719
3469,-7.3419389724731445
3470,15.378765106201172
3471,15.636528015136719
3472,-7.349675178527832
3473,15.379940032958984
3474,15.639089584350586
3475,-7.359766006469727
3476,15.384466171264648
3477,15.562381744384766
3478,-7.24122428894043
3479,16.46131134033203
3480,15.440975189208984
3481,-7.133291244506836
3482,16.458263397216797
3483,15.342073440551758
3484,-7.079978942871094
3485,16.450780868530273
3486,15.285820007324219
3487,-7.329856872558594
3488,12.358797073364258
3489,14.876142501831055
3490,-7.024842262268066
3491,17.17119598388672
3492,15.27090072631836
3493,-7.790252685546875
3494,14.650602340698242
3495,14.970746994018555
3496,-7.6742753982543945
3497,16.05531883239746
3498,14.33938217163086
3499,-8.590851783752441
3500,4.782831192016602
3501,11.243396759033203
3502,-7.6100358963012695
3503,17.479021072387695
3504,13.832998275756836
3505,-11.649669647216797
3506,2.048011541366577
3507,9.202829360961914
3508,-9.578078269958496
3509,21.202760696411133
3510,13.485557556152344
3511,-14.449906349182129
3512,2.468475103378296
3513,9.7943115234375
3514,-11.901607513427734
3515,26.80718231201172
3516,13.159547805786133
3517,-15.17374038696289
3518,2.0276145935058594
3519,10.200021743774414
3520,-11.516273498535156
3521,28.442598342895508
3522,13.158439636230469
3523,-15.20661735534668
3524,2.988879442214966
3525,10.375822067260742
3526,-11.825428009033203
3527,27.715364456176758
3528,13.169872283935547
3529,-15.088844299316406
3530,3.0290706157684326
3531,10.364795684814453
3532,-12.176338195800781
3533,26.74205780029297
3534,6.0880255699157715
3535,-8.531444549560547
3536,-5.742132186889648
3537,3.844139575958252
3538,-7.988254547119141
3539,2.1584436893463135
3540,7.844045162200928
3541,-13.023277282714844
3542,-7.198260307312012
3543,5.22606897354126
3544,-11.296186447143555
3545,4.423023223876953
3546,-0.6510353088378906
3547,-13.53268051147461
3548,-18.081745147705078
3549,-1.9937958717346191
3550,-12.509317398071289
3551,-7.595294952392578
3552,-1.8368654251098633
3553,-12.857870101928711
3554,-18.994972229003906
3555,-3.408437490463257
3556,-12.186524391174316
3557,-8.958592414855957
3558,-1.9899563789367676
3559,-15.633779525756836
3560,-18.32769775390625
3561,-2.9386227130889893
3562,-14.431100845336914
3563,-9.975882530212402
3564,15.710184097290039
3565,-7.167318344116211
3566,14.691890716552734
3567,15.60037612915039
3568,-6.851802825927734
3569,14.438526153564453
3570,15.553752899169922
3571,-6.835343360900879
3572,14.44283676147461
3573,15.519277572631836
3574,-6.81920051574707
3575,14.440486907958984
3576,15.566818237304688
3577,-6.9564104080200195
3578,15.380165100097656
3579,15.392322540283203
3580,-6.820619583129883
3581,15.377202987670898
3582,15.305435180664062
3583,-6.799790382385254
3584,15.371908187866211
3585,15.028675079345703
3586,-6.789152145385742
3587,12.336329460144043
3588,14.729402542114258
3589,-6.781220436096191
3590,16.69710922241211
3591,15.161060333251953
3592,-7.434337615966797
3593,13.675863265991211
3594,14.740579605102539
3595,-7.354031562805176
3596,14.967252731323242
3597,14.30801010131836
3598,-7.844830513000488
3599,3.9024999141693115
3600,10.908086776733398
3601,-7.656217575073242
3602,17.33953094482422
3603,13.315454483032227
3604,-11.190770149230957
3605,1.7499051094055176
3606,8.891357421875
3607,-9.558971405029297
3608,20.748239517211914
3609,12.728862762451172
3610,-14.195089340209961
3611,-1.5502194166183472
3612,8.57320785522461
3613,-11.766254425048828
3614,23.964862823486328
3615,12.349695205688477
3616,-15.07033920288086
3617,-2.650036573410034
3618,8.639780044555664
3619,-11.453471183776855
3620,24.8852596282959
3621,12.541305541992188
3622,-15.04100227355957
3623,-1.8231878280639648
3624,8.81932258605957
3625,-11.631422996520996
3626,23.94257926940918
3627,12.360971450805664
3628,-15.048284530639648
3629,-1.126758337020874
3630,8.897672653198242
3631,-12.033080101013184
3632,23.65743064880371
3633,5.982112407684326
3634,-8.39971923828125
3635,-5.964939117431641
3636,3.8091301918029785
3637,-8.671036720275879
3638,2.392472982406616
3639,9.16328239440918
3640,-12.587150573730469
3641,-9.761819839477539
3642,7.058056354522705
3643,-11.823375701904297
3644,3.9614593982696533
3645,1.029642105102539
3646,-14.001253128051758
3647,-16.938648223876953
3648,0.522456169128418
3649,-13.407466888427734
3650,-5.557259559631348
3651,-1.7145490646362305
3652,-13.7296142578125
3653,-17.59581756591797
3654,-1.1668763160705566
3655,-13.125710487365723
3656,-6.452361106872559
3657,0.6803007125854492
3658,-16.346420288085938
3659,-17.76959800720215
3660,-0.35055112838745117
3661,-15.377213478088379
3662,-7.687010765075684
3663,15.673017501831055
3664,-6.231337547302246
3665,14.110366821289062
3666,15.430757522583008
3667,-5.933833122253418
3668,13.383994102478027
3669,15.383796691894531
3670,-5.933544158935547
3671,13.385242462158203
3672,15.347616195678711
3673,-5.935869216918945
3674,13.388907432556152
3675,15.353111267089844
3676,-5.901645660400391
3677,15.104276657104492
3678,15.214117050170898
3679,-5.863412857055664
3680,15.102655410766602
3681,15.111797332763672
3682,-5.842053413391113
3683,15.101778030395508
3684,14.846208572387695
3685,-6.030739784240723
3686,8.650710105895996
3687,14.50029182434082
3688,-5.951584815979004
3689,15.270689010620117
3690,15.23897933959961
3691,-6.533749580383301
3692,12.706579208374023
3693,15.064092636108398
3694,-6.455138206481934
3695,14.94459342956543
3696,14.279596328735352
3697,-7.402120590209961
3698,0.8135702610015869
3699,10.880317687988281
3700,-7.472908973693848
3701,16.82182502746582
3702,12.870855331420898
3703,-10.491547584533691
3704,0.5971386432647705
3705,9.559377670288086
3706,-9.6423921585083
3707,19.025897979736328
3708,12.3663330078125
3709,-13.237733840942383
3710,-0.8361631035804749
3711,10.109262466430664
3712,-11.92227840423584
3713,19.616159439086914
3714,12.118230819702148
3715,-13.974319458007812
3716,-1.7650099992752075
3717,10.817375183105469
3718,-12.194686889648438
3719,20.549522399902344
3720,12.110002517700195
3721,-13.963688850402832
3722,-0.8797875642776489
3723,10.838912963867188
3724,-12.237007141113281
3725,19.025760650634766
3726,12.093626022338867
3727,-13.751843452453613
3728,-0.41442346572875977
3729,10.896669387817383
3730,-12.274415016174316
3731,18.974565505981445
3732,5.939082622528076
3733,-8.501690864562988
3734,-6.280125617980957
3735,3.8848633766174316
3736,-8.7833251953125
3737,2.714444875717163
3738,9.900823593139648
3739,-12.415727615356445
3740,-10.077031135559082
3741,8.34052848815918
3742,-11.982768058776855
3743,3.4561245441436768
3744,2.606444835662842
3745,-14.256702423095703
3746,-14.030865669250488
3747,2.3893446922302246
3748,-14.05723762512207
3749,-3.006803512573242
3750,-0.09997081756591797
3751,-14.031375885009766
3752,-14.104307174682617
3753,1.026291847229004
3754,-13.899809837341309
3755,-3.511336088180542
3756,2.366715908050537
3757,-16.36525535583496
3758,-15.156935691833496
3759,1.960010051727295
3760,-15.555261611938477
3761,-5.390058517456055
3762,15.194660186767578
3763,-5.692609786987305
3764,16.51521110534668
3765,15.351560592651367
3766,-5.383316993713379
3767,15.55427360534668
3768,15.356046676635742
3769,-5.399509429931641
3770,15.552927017211914
3771,15.245206832885742
3772,-5.418231964111328
3773,15.553895950317383
3774,15.275030136108398
3775,-5.295758247375488
3776,16.953134536743164
3777,15.193593978881836
3778,-5.269872665405273
3779,16.952070236206055
3780,15.04498291015625
3781,-5.248674392700195
3782,16.94635009765625
3783,14.430482864379883
3784,-5.5580596923828125
3785,10.534872055053711
3786,14.098865509033203
3787,-5.371620178222656
3788,16.886877059936523
3789,14.827037811279297
3790,-6.00786018371582
3791,14.705097198486328
3792,14.577342987060547
3793,-5.938279151916504
3794,16.536827087402344
3795,13.766698837280273
3796,-7.161375999450684
3797,2.5878307819366455
3798,10.79293441772461
3799,-6.943807601928711
3800,17.060131072998047
3801,12.63176155090332
3802,-10.260892868041992
3803,2.0925750732421875
3804,9.205739974975586
3805,-9.622392654418945
3806,18.580041885375977
3807,12.07565689086914
3808,-12.83914566040039
3809,2.569556951522827
3810,10.194236755371094
3811,-11.666505813598633
3812,18.90693473815918
3813,12.094192504882812
3814,-13.456132888793945
3815,2.02173113822937
3816,10.614463806152344
3817,-11.872270584106445
3818,19.60643768310547
3819,11.98150634765625
3820,-13.357608795166016
3821,2.8899738788604736
3822,11.019330978393555
3823,-11.940021514892578
3824,18.32000160217285
3825,11.937528610229492
3826,-13.218360900878906
3827,3.06915020942688
3828,11.04520034790039
3829,-11.952703475952148
3830,18.339338302612305
3831,5.881839275360107
3832,-8.88838005065918
3833,-6.278212547302246
3834,3.8596062660217285
3835,-8.826566696166992
3836,2.7122371196746826
3837,10.898284912109375
3838,-12.296934127807617
3839,-8.789679527282715
3840,8.030920028686523
3841,-11.40118408203125
3842,4.718552589416504
3843,4.461197376251221
3844,-14.622597694396973
3845,-13.156095504760742
3846,3.2910571098327637
3847,-13.98618221282959
3848,-0.6039772033691406
3849,1.6875767707824707
3850,-14.677593231201172
3851,-13.395347595214844
3852,1.6550326347351074
3853,-13.99174976348877
3854,-1.1847447156906128
3855,5.3062310218811035
3856,-16.54730224609375
3857,-13.929059028625488
3858,3.37941312789917
3859,-15.407644271850586
3860,-2.69905161857605
3861,14.84016227722168
3862,-5.365459442138672
3863,14.929401397705078
3864,14.726364135742188
3865,-5.076165199279785
3866,14.323299407958984
3867,14.691991806030273
3868,-5.092166900634766
3869,14.322620391845703
3870,14.605424880981445
3871,-5.109798431396484
3872,14.322765350341797
3873,14.519660949707031
3874,-4.945405960083008
3875,15.620489120483398
3876,14.419435501098633
3877,-4.914379119873047
3878,15.618053436279297
3879,14.279687881469727
3880,-4.891073226928711
3881,15.61174201965332
3882,13.879302978515625
3883,-5.2159013748168945
3884,8.950160026550293
3885,13.387014389038086
3886,-4.928428649902344
3887,14.839792251586914
3888,14.583789825439453
3889,-5.674596786499023
3890,13.726826667785645
3891,14.372753143310547
3892,-5.651220321655273
3893,15.404067993164062
3894,13.324010848999023
3895,-6.902988433837891
3896,1.7894341945648193
3897,10.382759094238281
3898,-6.348491668701172
3899,14.785778045654297
3900,12.272891998291016
3901,-9.956583976745605
3902,1.2158122062683105
3903,8.945940017700195
3904,-9.144569396972656
3905,16.26112174987793
3906,12.262191772460938
3907,-12.385427474975586
3908,2.4009015560150146
3909,9.841232299804688
3910,-11.120721817016602
3911,17.54560089111328
3912,12.222957611083984
3913,-12.963165283203125
3914,2.153272867202759
3915,10.071294784545898
3916,-11.173283576965332
3917,18.430864334106445
3918,12.286142349243164
3919,-12.886164665222168
3920,3.018634080886841
3921,10.463335037231445
3922,-11.370173454284668
3923,17.390457153320312
3924,12.166900634765625
3925,-12.749759674072266
3926,2.932295560836792
3927,10.533960342407227
3928,-11.456183433532715
3929,17.142658233642578
3930,5.838616847991943
3931,-9.192841529846191
3932,-6.263148307800293
3933,3.820115566253662
3934,-8.926064491271973
3935,2.693946123123169
3936,11.503915786743164
3937,-11.771135330200195
3938,-5.64045524597168
3939,8.760078430175781
3940,-10.812358856201172
3941,8.838922500610352
3942,6.2407307624816895
3943,-14.409481048583984
3944,-12.571606636047363
3945,4.877488613128662
3946,-13.596881866455078
3947,2.8569281101226807
3948,3.6218161582946777
3949,-14.57818603515625
3950,-13.114809036254883
3951,3.2491536140441895
3952,-13.98004150390625
3953,2.1628787517547607
3954,7.265171527862549
3955,-16.11900520324707
3956,-13.278401374816895
3957,5.546558856964111
3958,-15.154118537902832
3959,1.6740531921386719
3960,14.675920486450195
3961,-4.100407600402832
3962,1.2633070945739746
3963,14.01388168334961
3964,-3.876765251159668
3965,-0.0777432918548584
3966,13.939186096191406
3967,-3.910555839538574
3968,-0.08454287052154541
3969,13.852880477905273
3970,-3.946819305419922
3971,-0.08723878860473633
3972,13.924631118774414
3973,-3.839984893798828
3974,1.4004747867584229
3975,13.81317138671875
3976,-3.8666086196899414
3977,1.400212287902832
3978,13.697441101074219
3979,-3.89101505279541
3980,1.3993685245513916
3981,13.096393585205078
3982,-4.328089714050293
3983,-3.8934316635131836
3984,12.846420288085938
3985,-4.192795753479004
3986,2.813646078109741
3987,14.544429779052734
3988,-4.5869140625
3989,0.020305991172790527
3990,14.216367721557617
3991,-4.561283111572266
3992,1.960474967956543
3993,12.756185531616211
3994,-6.572263717651367
3995,-8.911081314086914
3996,10.363334655761719
3997,-6.171833038330078
3998,7.759632110595703
3999,12.001886367797852
4000,-9.609307289123535
4001,-7.836584091186523
4002,9.466512680053711
4003,-9.128503799438477
4004,8.66402530670166
4005,12.589473724365234
4006,-11.686285972595215
4007,-3.7001540660858154
4008,11.481246948242188
4009,-10.479040145874023
4010,6.333739280700684
4011,12.967418670654297
4012,-11.967899322509766
4013,-4.812170505523682
4014,11.781242370605469
4015,-10.266210556030273
4016,6.736310005187988
4017,13.42630386352539
4018,-11.752983093261719
4019,-3.815809726715088
4020,12.368097305297852
4021,-10.309375762939453
4022,5.403163909912109
4023,13.050970077514648
4024,-11.563093185424805
4025,-3.1388566493988037
4026,12.414560317993164
4027,-10.438798904418945
4028,5.702581405639648
4029,5.686257839202881
4030,-9.675675392150879
4031,-7.013671875
4032,4.037916660308838
4033,-9.347881317138672
4034,3.4659621715545654
4035,12.972475051879883
4036,-11.29211711883545
4037,-6.499480247497559
4038,10.959127426147461
4039,-10.477873802185059
4040,11.44099235534668
4041,7.323195934295654
4042,-13.917390823364258
4043,-5.372722625732422
4044,7.113403797149658
4045,-12.900056838989258
4046,17.050033569335938
4047,5.356052875518799
4048,-14.329279899597168
4049,-4.89206075668335
4050,5.67336893081665
4051,-12.582895278930664
4052,17.550668716430664
4053,9.298879623413086
4054,-15.561067581176758
4055,-4.988390922546387
4056,7.357722759246826
4057,-13.709614753723145
4058,17.256427764892578
4059,12.96645736694336
4060,-3.486034393310547
4061,-0.6868057250976562
4062,12.32441520690918
4063,-3.1367645263671875
4064,-2.0233042240142822
4065,12.244256973266602
4066,-3.1712799072265625
4067,-2.0278711318969727
4068,12.177227020263672
4069,-3.2123641967773438
4070,-2.0296154022216797
4071,12.301036834716797
4072,-3.094636917114258
4073,-0.7361917495727539
4074,12.235933303833008
4075,-3.1298656463623047
4076,-0.7388676404953003
4077,12.179510116577148
4078,-3.1623878479003906
4079,-0.7394452095031738
4080,11.702413558959961
4081,-3.644585609436035
4082,-5.730925559997559
4083,11.539976119995117
4084,-3.509103775024414
4085,0.0873795747756958
4086,13.179872512817383
4087,-4.005382537841797
4088,-1.9614181518554688
4089,13.00429916381836
4090,-3.9073495864868164
4091,-0.27655458450317383
4092,11.948589324951172
4093,-6.167445182800293
4094,-10.008336067199707
4095,10.345829010009766
4096,-5.681521415710449
4097,4.457683563232422
4098,11.830698013305664
4099,-9.302116394042969
4100,-7.195356369018555
4101,10.517627716064453
4102,-8.797860145568848
4103,6.620356559753418
4104,13.13496208190918
4105,-10.630461692810059
4106,-1.8561899662017822
4107,13.297195434570312
4108,-10.11541748046875
4109,5.589855194091797
4110,14.09970474243164
4111,-10.889124870300293
4112,-2.714794635772705
4113,14.218791961669922
4114,-10.060938835144043
4115,5.896615028381348
4116,14.404958724975586
4117,-10.703816413879395
4118,-1.7600054740905762
4119,14.292068481445312
4120,-10.051426887512207
4121,4.159488677978516
4122,13.944704055786133
4123,-10.54124641418457
4124,-1.338449239730835
4125,14.286991119384766
4126,-10.148451805114746
4127,4.780922889709473
4128,5.476521968841553
4129,-9.962355613708496
4130,-6.924936294555664
4131,4.519860744476318
4132,-9.445637702941895
4133,3.377458333969116
4134,12.992471694946289
4135,-10.29057502746582
4136,-6.994487762451172
4137,11.411520004272461
4138,-9.570554733276367
4139,9.426874160766602
4140,8.562524795532227
4141,-13.586642265319824
4142,-2.542785406112671
4143,8.295333862304688
4144,-12.821895599365234
4145,14.210044860839844
4146,7.041662693023682
4147,-14.124536514282227
4148,-1.9281463623046875
4149,7.015367031097412
4150,-13.035466194152832
4151,14.630083084106445
4152,10.950101852416992
4153,-14.990171432495117
4154,-1.3120665550231934
4155,8.690338134765625
4156,-13.688150405883789
4157,14.603044509887695
4158,12.040538787841797
4159,-3.156360626220703
4160,1.3410804271697998
4161,11.444007873535156
4162,-2.9690113067626953
4163,-0.37316417694091797
4164,11.407659530639648
4165,-3.0060901641845703
4166,-0.37832140922546387
4167,11.377521514892578
4168,-3.0486927032470703
4169,-0.37901806831359863
4170,11.339168548583984
4171,-2.9393348693847656
4172,1.247241735458374
4173,11.248579025268555
4174,-2.9602832794189453
4175,1.245187759399414
4176,11.065605163574219
4177,-2.9560623168945312
4178,1.24198317527771
4179,10.918722152709961
4180,-3.3886890411376953
4181,-5.530424118041992
4182,10.50250244140625
4183,-3.236642837524414
4184,1.863666296005249
4185,12.071050643920898
4186,-3.6819934844970703
4187,-0.314558744430542
4188,11.808629989624023
4189,-3.691690444946289
4190,1.803072214126587
4191,11.746273040771484
4192,-5.842906951904297
4193,-10.540070533752441
4194,9.173786163330078
4195,-5.287529945373535
4196,6.123904228210449
4197,11.962333679199219
4198,-8.78425407409668
4199,-8.554300308227539
4200,10.300216674804688
4201,-8.66639232635498
4202,8.192164421081543
4203,14.530302047729492
4204,-10.037297248840332
4205,-3.4270644187927246
4206,11.106258392333984
4207,-10.274685859680176
4208,6.382865905761719
4209,15.645193099975586
4210,-10.389217376708984
4211,-4.597198486328125
4212,11.462522506713867
4213,-10.27971076965332
4214,6.724266052246094
4215,15.615991592407227
4216,-10.131256103515625
4217,-3.6794090270996094
4218,11.695053100585938
4219,-10.30589485168457
4220,4.8096513748168945
4221,15.31979751586914
4222,-10.026224136352539
4223,-2.9021763801574707
4224,11.757740020751953
4225,-10.343128204345703
4226,5.536816596984863
4227,5.567259311676025
4228,-9.958405494689941
4229,-7.163252830505371
4230,4.38649320602417
4231,-9.469433784484863
4232,3.618136167526245
4233,13.094194412231445
4234,-9.601656913757324
4235,-6.351811408996582
4236,10.046600341796875
4237,-9.083540916442871
4238,14.36522102355957
4239,10.20673942565918
4240,-13.163275718688965
4241,-1.3050357103347778
4242,8.350643157958984
4243,-12.160478591918945
4244,23.15308952331543
4245,9.222942352294922
4246,-13.808603286743164
4247,-0.7514592409133911
4248,7.917825222015381
4249,-12.8385009765625
4250,24.048500061035156
4251,13.40933609008789
4252,-14.137162208557129
4253,-1.5757402181625366
4254,9.825387954711914
4255,-12.963895797729492
4256,24.27200698852539
4257,11.123115539550781
4258,-2.812154769897461
4259,-1.0945274829864502
4260,10.530782699584961
4261,-2.6705398559570312
4262,-2.7872841358184814
4263,10.473810195922852
4264,-2.7067108154296875
4265,-2.792757987976074
4266,10.423357009887695
4267,-2.7456817626953125
4268,-2.7945759296417236
4269,10.457588195800781
4270,-2.635377883911133
4271,-1.1590352058410645
4272,10.314672470092773
4273,-2.633249282836914
4274,-1.161280870437622
4275,10.191551208496094
4276,-2.639415740966797
4277,-1.1627180576324463
4278,9.829673767089844
4279,-3.0543384552001953
4280,-7.4895477294921875
4281,9.50383186340332
4282,-2.907146453857422
4283,-0.15047264099121094
4284,11.03818130493164
4285,-3.261903762817383
4286,-2.6351284980773926
4287,10.93032455444336
4288,-3.188833236694336
4289,-0.5147887468338013
4290,10.908414840698242
4291,-5.723003387451172
4292,-11.524243354797363
4293,8.233177185058594
4294,-4.893815040588379
4295,4.093816757202148
4296,12.056018829345703
4297,-8.815940856933594
4298,-8.334817886352539
4299,9.72484016418457
4300,-8.187193870544434
4301,6.39035701751709
4302,14.75107192993164
4303,-9.545185089111328
4304,-2.4196205139160156
4305,11.45547866821289
4306,-9.62500286102295
4307,4.791329383850098
4308,15.733451843261719
4309,-9.927289009094238
4310,-3.3081557750701904
4311,11.762777328491211
4312,-9.696011543273926
4313,4.88621711730957
4314,15.656198501586914
4315,-9.644679069519043
4316,-2.116384506225586
4317,12.044063568115234
4318,-9.635735511779785
4319,3.051612138748169
4320,15.290632247924805
4321,-9.766603469848633
4322,-1.7943812608718872
4323,12.071615219116211
4324,-9.650214195251465
4325,3.949561834335327
4326,5.651858806610107
4327,-10.079428672790527
4328,-7.062668800354004
4329,4.440591335296631
4330,-9.34441089630127
4331,3.5158193111419678
4332,12.783729553222656
4333,-8.628000259399414
4334,-6.847260475158691
4335,10.866758346557617
4336,-8.207189559936523
4337,10.009004592895508
4338,11.35293960571289
4339,-12.704610824584961
4340,-2.1486587524414062
4341,10.912704467773438
4342,-11.84890079498291
4343,14.287252426147461
4344,10.419769287109375
4345,-13.455138206481934
4346,-1.6234406232833862
4347,10.031309127807617
4348,-12.494869232177734
4349,14.682596206665039
4350,14.797216415405273
4351,-13.397863388061523
4352,-1.9102132320404053
4353,12.557968139648438
4354,-12.578892707824707
4355,14.677810668945312
4356,9.992712020874023
4357,-2.287019729614258
4358,-2.869354248046875
4359,9.380233764648438
4360,-2.228137969970703
4361,-4.362992286682129
4362,9.281946182250977
4363,-2.3129844665527344
4364,-4.369892120361328
4365,9.21784782409668
4366,-2.3518829345703125
4367,-4.372650146484375
4368,9.314811706542969
4369,-2.223184585571289
4370,-2.5472970008850098
4371,9.176139831542969
4372,-2.297536849975586
4373,-2.547974109649658
4374,9.078817367553711
4375,-2.325441360473633
4376,-2.5497334003448486
4377,8.714031219482422
4378,-2.7415943145751953
4379,-8.388911247253418
4380,8.480606079101562
4381,-2.632558822631836
4382,-0.14738011360168457
4383,9.964822769165039
4384,-2.8930606842041016
4385,-4.243097305297852
4386,9.664207458496094
4387,-2.8694095611572266
4388,-1.8533214330673218
4389,10.188047409057617
4390,-5.263864517211914
4391,-13.046806335449219
4392,7.873067378997803
4393,-4.9327850341796875
4394,4.665844917297363
4395,12.118993759155273
4396,-8.275105476379395
4397,-12.243082046508789
4398,9.426267623901367
4399,-8.054844856262207
4400,6.077053070068359
4401,15.325845718383789
4402,-9.458060264587402
4403,-7.363818168640137
4404,11.501487731933594
4405,-9.447270393371582
4406,2.9264819622039795
4407,16.26276969909668
4408,-9.598408699035645
4409,-9.005396842956543
4410,11.67588996887207
4411,-9.492669105529785
4412,2.7791130542755127
4413,16.35421371459961
4414,-9.311086654663086
4415,-8.106744766235352
4416,12.006782531738281
4417,-9.417837142944336
4418,0.6795265674591064
4419,15.925008773803711
4420,-9.379770278930664
4421,-6.922577857971191
4422,12.063608169555664
4423,-9.41109848022461
4424,1.907472848892212
4425,6.4277873039245605
4426,-10.078537940979004
4427,-7.437653541564941
4428,5.41037130355835
4429,-9.565825462341309
4430,3.8958661556243896
4431,14.747993469238281
4432,-7.904193878173828
4433,-7.378499984741211
4434,11.556442260742188
4435,-7.151642799377441
4436,9.381138801574707
4437,13.364049911499023
4438,-11.890935897827148
4439,-2.6411890983581543
4440,11.474861145019531
4441,-11.142366409301758
4442,14.346698760986328
4443,12.306724548339844
4444,-12.61379623413086
4445,-1.983567237854004
4446,10.75218391418457
4447,-11.586414337158203
4448,14.710563659667969
4449,16.046646118164062
4450,-12.565924644470215
4451,-2.113477945327759
4452,12.871038436889648
4453,-11.777959823608398
4454,13.784812927246094
4455,8.786258697509766
4456,-2.3696327209472656
4457,-2.6659598350524902
4458,8.269723892211914
4459,-2.2270965576171875
4460,-4.445816516876221
4461,8.247495651245117
4462,-2.2675018310546875
4463,-4.453612327575684
4464,8.218154907226562
4465,-2.3662471771240234
4466,-4.457469940185547
4467,8.163766860961914
4468,-2.2339248657226562
4469,-2.434227705001831
4470,7.96414041519165
4471,-2.303508758544922
4472,-2.434288501739502
4473,7.871277332305908
4474,-2.340017318725586
4475,-2.4354135990142822
4476,7.8384480476379395
4477,-2.7758140563964844
4478,-9.219642639160156
4479,7.37284517288208
4480,-2.7516441345214844
4481,-0.06524324417114258
4482,8.97395133972168
4483,-2.9034957885742188
4484,-4.204009532928467
4485,8.746467590332031
4486,-2.8870773315429688
4487,-1.5585299730300903
4488,9.745016098022461
4489,-5.079678535461426
4490,-13.7123384475708
4491,7.046542644500732
4492,-4.890598297119141
4493,5.196764945983887
4494,12.259193420410156
4495,-7.863622665405273
4496,-13.170002937316895
4497,9.24270248413086
4498,-7.822397232055664
4499,7.453645706176758
4500,16.546655654907227
4501,-7.7876482009887695
4502,-8.109076499938965
4503,12.139457702636719
4504,-8.786569595336914
4505,5.201167106628418
4506,17.71766471862793
4507,-8.006229400634766
4508,-9.832860946655273
4509,12.341133117675781
4510,-8.72257137298584
4511,5.468752861022949
4512,17.79170799255371
4513,-7.708028793334961
4514,-8.628029823303223
4515,12.702512741088867
4516,-8.60215950012207
4517,3.3033411502838135
4518,17.082406997680664
4519,-7.605669021606445
4520,-7.558446884155273
4521,12.79642105102539
4522,-8.608548164367676
4523,4.198457717895508
4524,7.406854152679443
4525,-10.120023727416992
4526,-7.697694778442383
4527,6.1007771492004395
4528,-9.740778923034668
4529,4.161606788635254
4530,14.042814254760742
4531,-6.919746398925781
4532,-7.211101531982422
4533,11.730501174926758
4534,-6.703250885009766
4535,9.571246147155762
4536,14.762838363647461
4537,-11.44722843170166
4538,1.963491439819336
4539,13.399972915649414
4540,-10.79256820678711
4541,15.784929275512695
4542,14.387670516967773
4543,-11.824141502380371
4544,2.9432122707366943
4545,13.048141479492188
4546,-11.289307594299316
4547,16.289989471435547
4548,17.596235275268555
4549,-11.727632522583008
4550,3.6805617809295654
4551,15.082206726074219
4552,-11.347735404968262
4553,15.970977783203125
4554,7.037665843963623
4555,-2.2255821228027344
4556,-0.5573313236236572
4557,6.463135242462158
4558,-2.2728309631347656
4559,-2.4727866649627686
4560,6.482394695281982
4561,-2.314371109008789
4562,-2.4776339530944824
4563,6.5069966316223145
4564,-2.364614486694336
4565,-2.4797730445861816
4566,6.17738676071167
4567,-2.2659854888916016
4568,-0.6675716638565063
4569,6.075881481170654
4570,-2.309783935546875
4571,-0.668755292892456
4572,6.004601955413818
4573,-2.348783493041992
4574,-0.6707661151885986
4575,6.441519260406494
4576,-2.78521728515625
4577,-8.000835418701172
4578,5.914527416229248
4579,-2.8184165954589844
4580,0.23291897773742676
4581,7.391976833343506
4582,-2.6429309844970703
4583,-2.358135223388672
4584,7.145991802215576
4585,-2.6232376098632812
4586,0.009635210037231445
4587,9.194910049438477
4588,-4.839691162109375
4589,-13.234066009521484
4590,6.611423969268799
4591,-4.802845001220703
4592,4.834273338317871
4593,12.109716415405273
4594,-7.173601150512695
4595,-11.118351936340332
4596,9.354516983032227
4597,-7.346378326416016
4598,7.80825138092041
4599,16.187097549438477
4600,-7.173973083496094
4601,-4.826323986053467
4602,12.488882064819336
4603,-8.341565132141113
4604,6.132009506225586
4605,17.299741744995117
4606,-7.243192672729492
4607,-6.051888465881348
4608,12.883110046386719
4609,-8.42790699005127
4610,6.336397171020508
4611,17.09905242919922
4612,-6.930197715759277
4613,-5.145298004150391
4614,13.095956802368164
4615,-8.242578506469727
4616,4.315945625305176
4617,16.7083683013916
4618,-6.928400039672852
4619,-4.3420233726501465
4620,13.092893600463867
4621,-8.17059326171875
4622,5.200482368469238
4623,8.395469665527344
4624,-10.017882347106934
4625,-7.976027488708496
4626,6.8157572746276855
4627,-9.711191177368164
4628,4.4427337646484375
4629,14.982959747314453
4630,-6.409660339355469
4631,-6.910214424133301
4632,12.409547805786133
4633,-6.372176170349121
4634,9.793485641479492
4635,16.16816520690918
4636,-10.775003433227539
4637,4.0062665939331055
4638,15.043302536010742
4639,-10.395867347717285
4640,14.905790328979492
4641,15.55894660949707
4642,-11.523626327514648
4643,5.264675140380859
4644,14.80886459350586
4645,-10.898850440979004
4646,15.324525833129883
4647,18.60455894470215
4648,-10.672172546386719
4649,7.005375862121582
4650,16.939834594726562
4651,-10.810544967651367
4652,15.01169204711914
4653,6.825816631317139
4654,-2.1714515686035156
4655,-1.5475051403045654
4656,6.335496425628662
4657,-2.1635189056396484
4658,-3.381537437438965
4659,6.362351894378662
4660,-2.2002029418945312
4661,-3.3851256370544434
4662,6.395013332366943
4663,-2.239093780517578
4664,-3.385955810546875
4665,5.98301362991333
4666,-2.160736083984375
4667,-1.8040014505386353
4668,5.9191718101501465
4669,-2.196439743041992
4670,-1.8048664331436157
4671,5.867846965789795
4672,-2.230588912963867
4673,-1.8058453798294067
4674,6.301144123077393
4675,-2.6539859771728516
4676,-8.795984268188477
4677,5.596210956573486
4678,-2.6526107788085938
4679,-1.554289698600769
4680,6.985836505889893
4681,-2.606761932373047
4682,-3.2418947219848633
4683,6.849009037017822
4684,-2.610994338989258
4685,-1.1613399982452393
4686,9.06770133972168
4687,-4.644427299499512
4688,-13.379291534423828
4689,5.625929355621338
4690,-4.714361190795898
4691,3.13466477394104
4692,12.159004211425781
4693,-6.86806583404541
4694,-10.149227142333984
4695,9.24246597290039
4696,-6.997135162353516
4697,6.916826248168945
4698,15.82933235168457
4699,-6.703673362731934
4700,-4.594424247741699
4701,12.19559097290039
4702,-7.852231025695801
4703,6.548460960388184
4704,16.632709503173828
4705,-6.305270195007324
4706,-5.077952861785889
4707,12.667457580566406
4708,-7.907805442810059
4709,6.7438459396362305
4710,16.544269561767578
4711,-5.959522247314453
4712,-3.8636155128479004
4713,12.803308486938477
4714,-7.757922172546387
4715,4.809414863586426
4716,16.301206588745117
4717,-5.960596084594727
4718,-3.7641348838806152
4719,12.767766952514648
4720,-7.70619010925293
4721,5.712618827819824
4722,9.311456680297852
4723,-9.768077850341797
4724,-7.849982261657715
4725,7.191556453704834
4726,-9.623241424560547
4727,4.311433792114258
4728,14.427997589111328
4729,-6.7605438232421875
4730,-3.3514771461486816
4731,11.439250946044922
4732,-6.55915641784668
4733,13.96961498260498
4734,17.40509605407715
4735,-9.657517433166504
4736,11.314533233642578
4737,15.641572952270508
4738,-9.668462753295898
4739,21.97344398498535
4740,17.16333770751953
4741,-10.284317970275879
4742,12.910543441772461
4743,15.959941864013672
4744,-10.523222923278809
4745,22.73709487915039
4746,19.326086044311523
4747,-9.078432083129883
4748,14.831583023071289
4749,17.826486587524414
4750,-9.510188102722168
4751,23.155420303344727
4752,5.989468097686768
4753,-1.9397296905517578
4754,-4.153791427612305
4755,5.275926113128662
4756,-1.8628520965576172
4757,-5.8657941818237305
4758,5.266403675079346
4759,-1.9048080444335938
4760,-5.869219779968262
4761,5.265323162078857
4762,-1.9425487518310547
4763,-5.870464324951172
4764,5.217431545257568
4765,-1.8705902099609375
4766,-4.065981388092041
4767,5.227273464202881
4768,-2.0051116943359375
4769,-4.066526412963867
4770,4.886199474334717
4771,-2.069570541381836
4772,-4.067519664764404
4773,5.266600131988525
4774,-2.5001773834228516
4775,-10.627482414245605
4776,4.850020885467529
4777,-2.508871078491211
4778,-2.4409680366516113
4779,6.450198650360107
4780,-2.4348316192626953
4781,-5.674410343170166
4782,6.148560047149658
4783,-2.446870803833008
4784,-3.316682815551758
4785,8.551252365112305
4786,-4.543827056884766
4787,-15.06887435913086
4788,5.548006534576416
4789,-4.479640007019043
4790,3.0638115406036377
4791,12.195636749267578
4792,-6.628602027893066
4793,-11.28533935546875
4794,9.15993881225586
4795,-6.997333526611328
4796,6.359170913696289
4797,15.423151016235352
4798,-5.536352157592773
4799,-3.5579781532287598
4800,12.019641876220703
4801,-7.290767669677734
4802,4.571504592895508
4803,16.474729537963867
4804,-5.139682769775391
4805,-4.548914909362793
4806,12.47165298461914
4807,-7.352516174316406
4808,4.666714668273926
4809,15.70907211303711
4810,-4.866140365600586
4811,-3.928936243057251
4812,12.519121170043945
4813,-7.159954071044922
4814,2.664872407913208
4815,15.597110748291016
4816,-4.911741256713867
4817,-3.035444736480713
4818,12.470684051513672
4819,-7.105602264404297
4820,3.6841700077056885
4821,9.474889755249023
4822,-9.57641887664795
4823,-7.994243621826172
4824,7.681406497955322
4825,-9.3688325881958
4826,4.4594221115112305
4827,14.979759216308594
4828,-6.85975456237793
4829,-4.1284074783325195
4830,11.612083435058594
4831,-6.092217445373535
4832,13.85755729675293
4833,17.55224609375
4834,-9.01187801361084
4835,11.529452323913574
4836,16.157257080078125
4837,-8.827392578125
4838,19.108577728271484
4839,17.433454513549805
4840,-9.483501434326172
4841,13.349578857421875
4842,16.469064712524414
4843,-9.608558654785156
4844,19.56821060180664
4845,19.34770965576172
4846,-8.682674407958984
4847,16.476320266723633
4848,18.311735153198242
4849,-8.638031959533691
4850,20.171010971069336
4851,5.749291896820068
4852,-2.0600013732910156
4853,-3.721975803375244
4854,4.7791829109191895
4855,-1.9431781768798828
4856,-5.210237503051758
4857,4.784926891326904
4858,-1.9777660369873047
4859,-5.21425724029541
4860,5.024074077606201
4861,-2.0347652435302734
4862,-5.215890884399414
4863,5.096277713775635
4864,-2.021617889404297
4865,-3.2737879753112793
4866,4.766417980194092
4867,-1.9933910369873047
4868,-3.2753405570983887
4869,4.745585918426514
4870,-2.0328540802001953
4871,-3.2773821353912354
4872,4.651374340057373
4873,-2.479116439819336
4874,-9.068323135375977
4875,4.7072834968566895
4876,-2.701139450073242
4877,-0.31743526458740234
4878,6.049911975860596
4879,-2.485502243041992
4880,-4.972163200378418
4881,6.026095867156982
4882,-2.520956039428711
4883,-2.4290273189544678
4884,7.877647876739502
4885,-4.358250617980957
4886,-14.090091705322266
4887,6.089151859283447
4888,-4.780787467956543
4889,5.437220573425293
4890,12.296009063720703
4891,-5.95095157623291
4892,-11.995368957519531
4893,10.094106674194336
4894,-6.607779502868652
4895,7.488469123840332
4896,15.363746643066406
4897,-4.360597610473633
4898,-4.747304916381836
4899,13.735395431518555
4900,-6.117042541503906
4901,3.9050753116607666
4902,16.22772979736328
4903,-3.9982995986938477
4904,-6.025457382202148
4905,14.315546035766602
4906,-6.0029096603393555
4907,4.113394737243652
4908,15.481639862060547
4909,-3.7132720947265625
4910,-5.431018829345703
4911,14.38762092590332
4912,-5.734651565551758
4913,1.9769163131713867
4914,15.358821868896484
4915,-3.830545425415039
4916,-4.367193698883057
4917,14.249567031860352
4918,-5.729189872741699
4919,2.8522002696990967
4920,10.247570037841797
4921,-9.460171699523926
4922,-8.219148635864258
4923,8.982624053955078
4924,-9.229543685913086
4925,4.685306549072266
4926,14.255517959594727
4927,-6.140105247497559
4928,-5.414682388305664
4929,11.161581039428711
4930,-5.215252876281738
4931,11.566950798034668
4932,18.154415130615234
4933,-5.689519882202148
4934,3.593655824661255
4935,17.393083572387695
4936,-5.366890907287598
4937,13.825993537902832
4938,18.650728225708008
4939,-5.8330793380737305
4940,4.655879020690918
4941,18.447731018066406
4942,-5.711877822875977
4943,14.000479698181152
4944,18.729387283325195
4945,-4.498612403869629
4946,5.300972938537598
4947,18.34000587463379
4948,-4.229676246643066
4949,14.071084976196289
4950,6.357567310333252
4951,-2.081613540649414
4952,-5.869731903076172
4953,5.715240001678467
4954,-2.0221500396728516
4955,-7.557172775268555
4956,5.693986415863037
4957,-2.059917449951172
4958,-7.560433387756348
4959,5.71129846572876
4960,-2.1019859313964844
4961,-7.563831329345703
4962,5.67948579788208
4963,-2.0582923889160156
4964,-5.590102195739746
4965,5.562900066375732
4966,-2.102029800415039
4967,-5.592781066894531
4968,5.489551067352295
4969,-2.157033920288086
4970,-5.591120719909668
4971,5.432828426361084
4972,-2.660451889038086
4973,-11.903033256530762
4974,5.15419340133667
4975,-2.774538040161133
4976,-2.896979331970215
4977,6.647441387176514
4978,-2.4971237182617188
4979,-7.133901596069336
4980,6.599491596221924
4981,-2.5267906188964844
4982,-4.526396751403809
4983,8.553855895996094
4984,-4.361515045166016
4985,-15.20006275177002
4986,5.7672600746154785
4987,-4.669914245605469
4988,3.702589273452759
4989,12.81332778930664
4990,-5.036813735961914
4991,-14.14706802368164
4992,9.600187301635742
4993,-5.18679141998291
4994,8.896011352539062
4995,15.484134674072266
4996,-3.0930042266845703
4997,-8.843430519104004
4998,12.169868469238281
4999,-3.1118011474609375
5000,11.003466606140137
5001,16.175926208496094
5002,-2.5885887145996094
5003,-10.654598236083984
5004,11.606510162353516
5005,-2.605978012084961
5006,12.622004508972168
5007,15.465799331665039
5008,-2.2823410034179688
5009,-9.799449920654297
5010,11.907270431518555
5011,-2.3152198791503906
5012,10.423166275024414
5013,15.324478149414062
5014,-2.447359085083008
5015,-8.451854705810547
5016,12.23104476928711
5017,-2.458566665649414
5018,10.218907356262207
5019,11.229055404663086
5020,-9.299375534057617
5021,-8.07119369506836
5022,9.296817779541016
5023,-8.901744842529297
5024,4.537844657897949
5025,13.284162521362305
5026,-5.283095359802246
5027,-5.596260070800781
5028,10.47606086730957
5029,-4.8879594802856445
5030,11.495762825012207
5031,17.130023956298828
5032,-3.241971969604492
5033,2.2297675609588623
5034,15.39968490600586
5035,-3.1702537536621094
5036,14.246231079101562
5037,18.14779281616211
5038,-3.2352638244628906
5039,2.944432497024536
5040,16.598926544189453
5041,-3.1988563537597656
5042,14.790399551391602
5043,16.4326114654541
5044,-1.3022880554199219
5045,1.7750067710876465
5046,15.140010833740234
5047,-1.5027179718017578
5048,13.848947525024414
5049,4.263780117034912
5050,-1.8784904479980469
5051,-7.76900577545166
5052,3.7151951789855957
5053,-2.0331268310546875
5054,-9.498871803283691
5055,3.7439589500427246
5056,-2.078287124633789
5057,-9.499835968017578
5058,3.785160541534424
5059,-2.123424530029297
5060,-9.499837875366211
5061,3.6236605644226074
5062,-2.028532028198242
5063,-7.620597839355469
5064,3.5878710746765137
5065,-2.0674877166748047
5066,-7.624802589416504
5067,3.338768482208252
5068,-2.1551437377929688
5069,-7.622122764587402
5070,4.050689220428467
5071,-2.6019344329833984
5072,-13.833939552307129
5073,3.5725960731506348
5074,-2.658536911010742
5075,-5.272988796234131
5076,4.845169544219971
5077,-2.1719722747802734
5078,-9.031380653381348
5079,4.602702617645264
5080,-2.2027511596679688
5081,-6.567008018493652
5082,8.46147346496582
5083,-4.278430938720703
5084,-16.220243453979492
5085,5.059020519256592
5086,-4.319978713989258
5087,1.1975646018981934
5088,12.892269134521484
5089,-4.827389717102051
5090,-14.708442687988281
5091,8.73770523071289
5092,-4.7268524169921875
5093,9.710711479187012
5094,14.975027084350586
5095,-2.8122711181640625
5096,-9.255887031555176
5097,11.36215591430664
5098,-2.9416065216064453
5099,15.39118766784668
5100,15.428020477294922
5101,-2.364347457885742
5102,-11.022769927978516
5103,11.017173767089844
5104,-2.5597000122070312
5105,17.200803756713867
5106,14.489713668823242
5107,-2.1002044677734375
5108,-10.2728910446167
5109,11.127967834472656
5110,-2.3426647186279297
5111,15.022382736206055
5112,14.387544631958008
5113,-2.2708873748779297
5114,-8.910483360290527
5115,11.447021484375
5116,-2.452648162841797
5117,14.732049942016602
5118,11.668668746948242
5119,-8.952956199645996
5120,-8.065285682678223
5121,9.682071685791016
5122,-8.271562576293945
5123,4.511293411254883
5124,14.520517349243164
5125,-5.404363632202148
5126,-5.163324356079102
5127,11.26119613647461
5128,-4.670265197753906
5129,6.897165298461914
5130,18.28662872314453
5131,-3.775202751159668
5132,2.342107057571411
5133,16.82742691040039
5134,-2.385425567626953
5135,12.544683456420898
5136,19.359760284423828
5137,-2.620912551879883
5138,3.0815951824188232
5139,18.762836456298828
5140,-2.096607208251953
5141,12.810157775878906
5142,17.95429801940918
5143,-2.5006866455078125
5144,1.0186858177185059
5145,16.36549949645996
5146,-0.7273483276367188
5147,11.819585800170898
5148,3.7971692085266113
5149,-1.7637367248535156
5150,-8.210164070129395
5151,3.41322660446167
5152,-1.9323272705078125
5153,-9.858346939086914
5154,3.453939914703369
5155,-1.9928550720214844
5156,-9.858065605163574
5157,3.512657642364502
5158,-2.0516281127929688
5159,-9.858283042907715
5160,3.143057346343994
5161,-1.96185302734375
5162,-8.063457489013672
5163,3.1158852577209473
5164,-2.012582778930664
5165,-8.068357467651367
5166,3.0803141593933105
5167,-2.073558807373047
5168,-8.064966201782227
5169,3.746098041534424
5170,-2.6168575286865234
5171,-13.917057037353516
5172,3.268120288848877
5173,-2.658000946044922
5174,-5.775029182434082
5175,4.599035739898682
5176,-2.0598297119140625
5177,-9.444903373718262
5178,4.471541881561279
5179,-2.0410022735595703
5180,-7.089040756225586
5181,8.471109390258789
5182,-4.166282653808594
5183,-15.467636108398438
5184,5.243929386138916
5185,-4.1572723388671875
5186,-0.5467264652252197
5187,13.224393844604492
5188,-4.4218597412109375
5189,-11.554228782653809
5190,8.80807113647461
5191,-4.559758186340332
5192,4.948786735534668
5193,14.808399200439453
5194,-2.6109981536865234
5195,-3.2617928981781006
5196,11.656454086303711
5197,-3.2302780151367188
5198,6.648594856262207
5199,15.21341323852539
5200,-2.418476104736328
5201,-4.534515380859375
5202,11.821269989013672
5203,-2.8857650756835938
5204,7.493947982788086
5205,14.238941192626953
5206,-2.288005828857422
5207,-4.450615406036377
5208,11.949399948120117
5209,-2.8244285583496094
5210,5.3118896484375
5211,14.058868408203125
5212,-2.4371490478515625
5213,-3.1571099758148193
5214,12.065048217773438
5215,-2.9270687103271484
5216,5.868721961975098
5217,12.448923110961914
5218,-8.21229362487793
5219,-7.521886825561523
5220,10.349739074707031
5221,-7.656664848327637
5222,3.986429452896118
5223,14.073526382446289
5224,-3.9234838485717773
5225,-5.246186256408691
5226,10.967428207397461
5227,-3.610711097717285
5228,4.131172180175781
5229,18.618499755859375
5230,-0.5029163360595703
5231,-1.4107441902160645
5232,16.652450561523438
5233,-0.7156028747558594
5234,7.97557258605957
5235,19.753400802612305
5236,-0.31859588623046875
5237,-1.4088002443313599
5238,17.982959747314453
5239,-0.5590057373046875
5240,8.12437915802002
5241,18.019229888916016
5242,1.0899295806884766
5243,-6.513584136962891
5244,15.845636367797852
5245,0.5867233276367188
5246,5.072540283203125
5247,3.2170357704162598
5248,-1.8180656433105469
5249,-9.287013053894043
5250,2.7160468101501465
5251,-2.0648460388183594
5252,-10.75307559967041
5253,2.7729153633117676
5254,-2.1092681884765625
5255,-10.753711700439453
5256,2.970679759979248
5257,-2.2148704528808594
5258,-10.753605842590332
5259,2.5683274269104004
5260,-2.063894271850586
5261,-9.357975959777832
5262,2.343111515045166
5263,-2.173351287841797
5264,-9.361146926879883
5265,2.3333630561828613
5266,-2.2151432037353516
5267,-9.358658790588379
5268,3.435324192047119
5269,-2.5887222290039062
5270,-14.226710319519043
5271,2.6005282402038574
5272,-2.748311996459961
5273,-7.915950775146484
5274,3.776729106903076
5275,-2.0907039642333984
5276,-10.276161193847656
5277,3.645498752593994
5278,-2.073610305786133
5279,-8.453667640686035
5280,8.204919815063477
5281,-3.687933921813965
5282,-14.898816108703613
5283,4.6871724128723145
5284,-3.9970226287841797
5285,-3.2310338020324707
5286,13.242589950561523
5287,-3.721426010131836
5288,-11.507713317871094
5289,7.571924686431885
5290,-4.279773712158203
5291,3.3070499897003174
5292,14.278587341308594
5293,-2.2529258728027344
5294,-4.095016956329346
5295,10.0986328125
5296,-2.718412399291992
5297,7.944358825683594
5298,14.576105117797852
5299,-1.9853534698486328
5300,-5.379417419433594
5301,10.329206466674805
5302,-2.3693695068359375
5303,8.846610069274902
5304,13.723628997802734
5305,-1.9273643493652344
5306,-5.185320854187012
5307,10.395605087280273
5308,-2.3006229400634766
5309,6.806612968444824
5310,13.622892379760742
5311,-2.053678512573242
5312,-4.015429496765137
5313,10.588735580444336
5314,-2.402280807495117
5315,7.256786346435547
5316,12.305351257324219
5317,-7.330324172973633
5318,-6.128429412841797
5319,9.874551773071289
5320,-7.074614524841309
5321,2.603846311569214
5322,14.833213806152344
5323,-4.469669342041016
5324,-4.494848251342773
5325,11.69565200805664
5326,-3.4332313537597656
5327,2.6151726245880127
5328,18.17131996154785
5329,-2.7045669555664062
5330,0.7988431453704834
5331,17.21902847290039
5332,-0.12990188598632812
5333,4.904288291931152
5334,18.903451919555664
5335,-2.6070079803466797
5336,1.1953856945037842
5337,18.515138626098633
5338,0.04516792297363281
5339,4.986987113952637
5340,17.61927604675293
5341,-1.503570556640625
5342,-2.9568886756896973
5343,16.550315856933594
5344,1.6496295928955078
5345,2.765606641769409
5346,3.856797695159912
5347,-1.6416664123535156
5348,-12.714975357055664
5349,3.503488063812256
5350,-1.9234848022460938
5351,-14.314581871032715
5352,3.6645264625549316
5353,-2.0424022674560547
5354,-14.310717582702637
5355,3.757589817047119
5356,-2.1162471771240234
5357,-14.309202194213867
5358,3.301626682281494
5359,-1.8489398956298828
5360,-12.89444351196289
5361,3.0871806144714355
5362,-1.9441795349121094
5363,-12.904242515563965
5364,3.033094882965088
5365,-1.975015640258789
5366,-12.904346466064453
5367,4.269893169403076
5368,-2.5745506286621094
5369,-17.675525665283203
5370,3.2681326866149902
5371,-2.6217288970947266
5372,-11.26224136352539
5373,4.486170291900635
5374,-1.8791046142578125
5375,-13.596470832824707
5376,4.17531156539917
5377,-1.8682403564453125
5378,-11.737471580505371
5379,8.514488220214844
5380,-3.6358470916748047
5381,-17.031198501586914
5382,4.6467671394348145
5383,-3.437511444091797
5384,-6.245973587036133
5385,13.220417022705078
5386,-3.2039108276367188
5387,-12.472383499145508
5388,7.399173259735107
5389,-2.5642127990722656
5390,2.9634735584259033
5391,14.334249496459961
5392,-1.316762924194336
5393,-5.523656845092773
5394,9.327913284301758
5395,-0.9962730407714844
5396,8.642923355102539
5397,14.699501037597656
5398,-1.0051612854003906
5399,-7.030001640319824
5400,9.901996612548828
5401,-0.6647377014160156
5402,9.41010570526123
5403,13.784980773925781
5404,-0.8327350616455078
5405,-7.361193656921387
5406,9.930477142333984
5407,-0.6423664093017578
5408,7.375444412231445
5409,13.76881217956543
5410,-1.0869483947753906
5411,-5.681468963623047
5412,10.13775634765625
5413,-0.7925624847412109
5414,7.975466728210449
5415,12.634838104248047
5416,-6.511792182922363
5417,-5.973889350891113
5418,10.138296127319336
5419,-6.24068546295166
5420,2.4448444843292236
5421,14.329524993896484
5422,-2.424924850463867
5423,-4.917977333068848
5424,11.572610855102539
5425,-2.283811569213867
5426,1.4596045017242432
5427,16.89553451538086
5428,1.8062362670898438
5429,-1.6599794626235962
5430,16.1435489654541
5431,1.7768936157226562
5432,5.029929161071777
5433,17.83291244506836
5434,2.1573963165283203
5435,-1.5359125137329102
5436,17.019840240478516
5437,1.5742931365966797
5438,5.253582000732422
5439,15.830297470092773
5440,2.429412841796875
5441,-6.29372501373291
5442,14.551319122314453
5443,2.8054733276367188
5444,2.233581304550171
5445,4.816993236541748
5446,-1.8199958801269531
5447,-11.949734687805176
5448,4.400743007659912
5449,-1.9530372619628906
5450,-13.631747245788574
5451,4.5161519050598145
5452,-2.0066967010498047
5453,-13.627226829528809
5454,4.614705562591553
5455,-2.046092987060547
5456,-13.624585151672363
5457,4.1397528648376465
5458,-1.9478340148925781
5459,-12.269669532775879
5460,3.9779772758483887
5461,-2.0384483337402344
5462,-12.277605056762695
5463,3.911435604095459
5464,-2.0872631072998047
5465,-12.277259826660156
5466,5.053175449371338
5467,-2.4786548614501953
5468,-17.226154327392578
5469,4.0008721351623535
5470,-2.6389999389648438
5471,-11.00783920288086
5472,5.378258228302002
5473,-2.0888023376464844
5474,-12.928239822387695
5475,5.157174587249756
5476,-2.09637451171875
5477,-11.14037799835205
5478,8.792905807495117
5479,-3.367351531982422
5480,-16.874767303466797
5481,5.206381320953369
5482,-3.486227035522461
5483,-6.090204238891602
5484,13.12724494934082
5485,-2.430265426635742
5486,-11.657309532165527
5487,7.596646785736084
5488,-2.182636260986328
5489,0.40503716468811035
5490,13.51272964477539
5491,-0.6329002380371094
5492,-5.270869255065918
5493,9.091644287109375
5494,-0.45413970947265625
5495,1.4683992862701416
5496,13.388601303100586
5497,-0.4977588653564453
5498,-6.821972846984863
5499,9.479490280151367
5500,-0.011112213134765625
5501,1.2240519523620605
5502,12.592073440551758
5503,-0.5068340301513672
5504,-6.100095748901367
5505,9.530767440795898
5506,0.018552780151367188
5507,-0.8603049516677856
5508,12.457036972045898
5509,-0.6321525573730469
5510,-4.8404316902160645
5511,9.752033233642578
5512,-0.15017318725585938
5513,0.6491811275482178
5514,13.843460083007812
5515,-5.918391227722168
5516,-5.729493141174316
5517,11.563446044921875
5518,-6.066676139831543
5519,2.192729949951172
5520,14.423782348632812
5521,-1.7190685272216797
5522,-5.403934478759766
5523,11.545063018798828
5524,-1.6410350799560547
5525,1.3353233337402344
5526,16.265722274780273
5527,3.0863113403320312
5528,-2.528017282485962
5529,14.343515396118164
5530,2.146228790283203
5531,4.652064323425293
5532,16.964799880981445
5533,3.5190258026123047
5534,-2.495610237121582
5535,14.990520477294922
5536,2.519021987915039
5537,4.756538391113281
5538,15.009292602539062
5539,3.845521926879883
5540,-7.910089492797852
5541,14.023847579956055
5542,3.3324203491210938
5543,0.702221155166626
5544,5.309899806976318
5545,-1.7378406524658203
5546,-13.889432907104492
5547,4.942103862762451
5548,-1.9549560546875
5549,-15.460064888000488
5550,5.045643329620361
5551,-2.005962371826172
5552,-15.455286026000977
5553,5.222751140594482
5554,-1.9963035583496094
5555,-15.454460144042969
5556,4.608256816864014
5557,-1.9217777252197266
5558,-14.135167121887207
5559,4.502553462982178
5560,-1.9704132080078125
5561,-14.143418312072754
5562,4.35729455947876
5563,-2.049306869506836
5564,-14.144083023071289
5565,5.569742679595947
5566,-2.4565296173095703
5567,-18.764942169189453
5568,4.518774509429932
5569,-2.5619773864746094
5570,-12.774659156799316
5571,5.942534923553467
5572,-1.9349231719970703
5573,-14.762588500976562
5574,5.636509418487549
5575,-1.969949722290039
5576,-13.03759765625
5577,8.980155944824219
5578,-3.1078834533691406
5579,-17.808284759521484
5580,5.5588698387146
5581,-3.2259063720703125
5582,-7.595917701721191
5583,13.24575424194336
5584,-1.9921684265136719
5585,-11.999752044677734
5586,7.666588306427002
5587,-1.395843505859375
5588,-1.8634296655654907
5589,12.453840255737305
5590,-0.3853187561035156
5591,-5.191521167755127
5592,8.35136604309082
5593,0.3025627136230469
5594,-1.596306324005127
5595,12.356208801269531
5596,-0.02099609375
5597,-6.718358039855957
5598,8.432323455810547
5599,0.6859626770019531
5600,-1.5367119312286377
5601,11.477901458740234
5602,-0.13372802734375
5603,-6.845171928405762
5604,8.362110137939453
5605,0.6522903442382812
5606,-3.7390859127044678
5607,11.457330703735352
5608,-0.2636547088623047
5609,-5.180607795715332
5610,8.606019973754883
5611,0.4953346252441406
5612,-2.39023756980896
5613,14.185863494873047
5614,-5.03373908996582
5615,-5.772730827331543
5616,11.718193054199219
5617,-5.098390579223633
5618,2.230668783187866
5619,14.709550857543945
5620,-1.3415164947509766
5621,-5.677125930786133
5622,11.291461944580078
5623,-1.751932144165039
5624,3.015129804611206
5625,16.32236671447754
5626,3.108417510986328
5627,-3.146172523498535
5628,14.052568435668945
5629,1.5720882415771484
5630,8.354207992553711
5631,17.122312545776367
5632,3.454404830932617
5633,-3.122718095779419
5634,14.14743423461914
5635,2.00140380859375
5636,8.73351001739502
5637,14.60649299621582
5638,4.086231231689453
5639,-8.068392753601074
5640,12.046335220336914
5641,2.6708850860595703
5642,3.597606897354126
5643,5.086239337921143
5644,-1.5432987213134766
5645,-14.282020568847656
5646,4.873680591583252
5647,-1.7385082244873047
5648,-15.685523986816406
5649,5.07485818862915
5650,-1.8019390106201172
5651,-15.681451797485352
5652,5.23103666305542
5653,-1.8263397216796875
5654,-15.679661750793457
5655,4.482452869415283
5656,-1.7610816955566406
5657,-14.495341300964355
5658,4.4052300453186035
5659,-1.800689697265625
5660,-14.504977226257324
5661,4.279435634613037
5662,-1.8801021575927734
5663,-14.509969711303711
5664,5.765333652496338
5665,-2.2997207641601562
5666,-18.489269256591797
5667,4.525244235992432
5668,-2.3579940795898438
5669,-13.081674575805664
5670,5.864807605743408
5671,-1.6771583557128906
5672,-15.00949478149414
5673,5.584080219268799
5674,-1.7283916473388672
5675,-13.453989028930664
5676,9.27916145324707
5677,-2.8477210998535156
5678,-17.786710739135742
5679,5.759008884429932
5680,-2.4976730346679688
5681,-8.45759105682373
5682,13.319925308227539
5683,-1.5231037139892578
5684,-12.222803115844727
5685,7.265376567840576
5686,-0.5841102600097656
5687,-6.272213935852051
5688,12.111682891845703
5689,0.42646217346191406
5690,-7.283890724182129
5691,7.5731329917907715
5692,1.442026138305664
5693,-10.048224449157715
5694,12.598617553710938
5695,0.6186199188232422
5696,-9.106327056884766
5697,7.515079975128174
5698,1.897003173828125
5699,-11.015093803405762
5700,11.664119720458984
5701,0.5089988708496094
5702,-9.549118041992188
5703,7.836991786956787
5704,1.9084320068359375
5705,-13.132881164550781
5706,11.575592041015625
5707,0.3639717102050781
5708,-7.533594131469727
5709,7.965612888336182
5710,1.6478824615478516
5711,-10.983927726745605
5712,14.712654113769531
5713,-4.297369003295898
5714,-5.936373710632324
5715,12.245588302612305
5716,-4.034258842468262
5717,2.394726037979126
5718,14.061243057250977
5719,-1.0740718841552734
5720,-6.593628883361816
5721,10.900077819824219
5722,-0.7977027893066406
5723,3.825269937515259
5724,16.160526275634766
5725,3.083627700805664
5726,-3.531033515930176
5727,15.196573257446289
5728,2.715076446533203
5729,8.579750061035156
5730,17.08890724182129
5731,3.367464065551758
5732,-3.383596420288086
5733,16.0806941986084
5734,3.1074562072753906
5735,8.971271514892578
5736,14.335334777832031
5737,4.022300720214844
5738,-7.869750022888184
5739,13.259000778198242
5740,3.688016891479492
5741,4.316197395324707
5742,5.124226093292236
5743,-1.2973098754882812
5744,-12.20947551727295
5745,5.637131214141846
5746,-1.2652111053466797
5747,-13.647562026977539
5748,5.815200328826904
5749,-1.3018417358398438
5750,-13.645584106445312
5751,6.2488532066345215
5752,-1.3524456024169922
5753,-13.645183563232422
5754,5.047264575958252
5755,-1.3146171569824219
5756,-12.582738876342773
5757,4.650044918060303
5758,-1.4427051544189453
5759,-12.591790199279785
5760,4.543477535247803
5761,-1.4793548583984375
5762,-12.596728324890137
5763,6.636185169219971
5764,-1.777303695678711
5765,-16.71232032775879
5766,4.951199054718018
5767,-1.93365478515625
5768,-11.77817440032959
5769,6.322061061859131
5770,-1.418874740600586
5771,-12.972269058227539
5772,6.022559642791748
5773,-1.4850425720214844
5774,-11.543615341186523
5775,10.02022933959961
5776,-2.4098377227783203
5777,-17.06389617919922
5778,5.979293346405029
5779,-2.415925979614258
5780,-6.454257965087891
5781,13.418939590454102
5782,-0.5344829559326172
5783,-14.472867012023926
5784,6.771214008331299
5785,-0.5162677764892578
5786,-0.48455917835235596
5787,12.338584899902344
5788,1.4267711639404297
5789,-11.886855125427246
5790,6.362022876739502
5791,1.4496173858642578
5792,-1.5220723152160645
5793,12.971000671386719
5794,2.0036392211914062
5795,-14.10643196105957
5796,6.17996072769165
5797,2.0396366119384766
5798,-1.8950330018997192
5799,11.970539093017578
5800,1.9463958740234375
5801,-14.463536262512207
5802,6.416123867034912
5803,2.00042724609375
5804,-3.942664384841919
5805,11.70549201965332
5806,1.565481185913086
5807,-12.151449203491211
5808,6.541017055511475
5809,1.9034652709960938
5810,-2.3307673931121826
5811,15.264520645141602
5812,-3.6053524017333984
5813,-6.031038284301758
5814,12.955373764038086
5815,-3.582158088684082
5816,2.484469175338745
5817,13.854562759399414
5818,-0.44933128356933594
5819,-7.525074005126953
5820,10.68215560913086
5821,-0.22330093383789062
5822,4.20109748840332
5823,16.127168655395508
5824,2.9476966857910156
5825,-3.3412623405456543
5826,15.14236068725586
5827,2.171102523803711
5828,9.69571590423584
5829,17.276708602905273
5830,3.2774734497070312
5831,-3.08856201171875
5832,16.53130531311035
5833,2.885873794555664
5834,10.122512817382812
5835,14.651531219482422
5836,4.021017074584961
5837,-6.447701454162598
5838,14.665596008300781
5839,3.252614974975586
5840,7.1618242263793945
5841,5.576501369476318
5842,-1.4970378875732422
5843,-16.724061965942383
5844,5.7255377769470215
5845,-1.6657791137695312
5846,-17.76919174194336
5847,5.876633167266846
5848,-1.6982765197753906
5849,-17.766334533691406
5850,6.152897357940674
5851,-1.7342300415039062
5852,-17.766904830932617
5853,5.215800762176514
5854,-1.6530914306640625
5855,-16.726917266845703
5856,5.093827724456787
5857,-1.7481613159179688
5858,-16.738811492919922
5859,5.0039591789245605
5860,-1.777334213256836
5861,-16.743080139160156
5862,6.671964168548584
5863,-2.1034069061279297
5864,-19.217071533203125
5865,5.2634053230285645
5866,-2.209745407104492
5867,-14.477643966674805
5868,6.507439136505127
5869,-1.5458755493164062
5870,-16.91321563720703
5871,6.27072286605835
5872,-1.5304203033447266
5873,-15.526878356933594
5874,10.287715911865234
5875,-2.427652359008789
5876,-18.507890701293945
5877,6.05448579788208
5878,-2.3304061889648438
5879,-9.12011432647705
5880,13.844949722290039
5881,-0.7227535247802734
5882,-18.4005184173584
5883,6.204733371734619
5884,-0.3202629089355469
5885,-4.912921905517578
5886,15.944049835205078
5887,-0.23474693298339844
5888,-18.938884735107422
5889,5.210784435272217
5890,1.5594940185546875
5891,-4.019272804260254
5892,17.167692184448242
5893,-0.146453857421875
5894,-21.39385223388672
5895,4.549194812774658
5896,2.210031509399414
5897,-4.146634101867676
5898,16.971885681152344
5899,0.002655029296875
5900,-21.773151397705078
5901,4.929786205291748
5902,2.172882080078125
5903,-5.949550628662109
5904,16.583290100097656
5905,-0.029071807861328125
5906,-19.316205978393555
5907,5.204738140106201
5908,1.9228878021240234
5909,-4.683591842651367
5910,14.840314865112305
5911,-3.2345638275146484
5912,-6.106889724731445
5913,12.692520141601562
5914,-3.219411849975586
5915,2.558953046798706
5916,12.663166046142578
5917,-0.10303688049316406
5918,-10.6470947265625
5919,10.244203567504883
5920,-0.26123809814453125
5921,4.397507667541504
5922,15.77705192565918
5923,2.6962318420410156
5924,-7.700014114379883
5925,14.993587493896484
5926,1.6884517669677734
5927,9.664230346679688
5928,16.834983825683594
5929,2.991323471069336
5930,-7.548649787902832
5931,16.279903411865234
5932,1.867288589477539
5933,10.005645751953125
5934,14.53978157043457
5935,4.132587432861328
5936,-10.898835182189941
5937,14.910118103027344
5938,3.4568252563476562
5939,8.021522521972656
5940,5.81862211227417
5941,-1.2182579040527344
5942,-23.985496520996094
5943,6.155858516693115
5944,-1.4110794067382812
5945,-24.649272918701172
5946,6.3320488929748535
5947,-1.445840835571289
5948,-24.647966384887695
5949,6.539621829986572
5950,-1.4747333526611328
5951,-24.651958465576172
5952,5.333794116973877
5953,-1.4496803283691406
5954,-23.661592483520508
5955,5.2288899421691895
5956,-1.496725082397461
5957,-23.672687530517578
5958,5.151710033416748
5959,-1.5308685302734375
5960,-23.67572784423828
5961,7.172073841094971
5962,-1.8696670532226562
5963,-23.910131454467773
5964,5.763599872589111
5965,-2.1076717376708984
5966,-19.2259578704834
5967,6.834062099456787
5968,-1.344778060913086
5969,-23.335418701171875
5970,6.299703121185303
5971,-1.3083114624023438
5972,-21.951475143432617
5973,10.39251708984375
5974,-2.010089874267578
5975,-21.489994049072266
5976,6.140955448150635
5977,-2.117097854614258
5978,-11.849055290222168
5979,13.374183654785156
5980,0.35494041442871094
5981,-21.5523624420166
5982,5.755991458892822
5983,-0.161224365234375
5984,-8.89148998260498
5985,13.347736358642578
5986,2.478851318359375
5987,-23.547040939331055
5988,4.377078533172607
5989,1.92828369140625
5990,-12.900641441345215
5991,13.838279724121094
5992,2.9923877716064453
5993,-26.717235565185547
5994,3.826472759246826
5995,2.358304977416992
5996,-13.677399635314941
5997,12.805397033691406
5998,2.8538780212402344
5999,-26.456449508666992
6000,3.927049160003662
6001,2.4852428436279297
6002,-15.91373348236084
6003,12.610235214233398
6004,2.6268844604492188
6005,-23.738758087158203
6006,4.251101016998291
6007,2.3527145385742188
6008,-13.82804012298584
6009,14.72807502746582
6010,-2.864238739013672
6011,-6.154687881469727
6012,12.48419189453125
6013,-2.977731704711914
6014,2.6088545322418213
6015,12.664360046386719
6016,0.06033134460449219
6017,-13.169890403747559
6018,9.69607162475586
6019,-0.1665172576904297
6020,5.621079444885254
6021,15.640132904052734
6022,2.749631881713867
6023,-8.882268905639648
6024,14.440555572509766
6025,1.2865009307861328
6026,13.148783683776855
6027,16.771381378173828
6028,2.8916988372802734
6029,-8.712589263916016
6030,15.539176940917969
6031,1.3972911834716797
6032,13.70574951171875
6033,14.519491195678711
6034,3.956329345703125
6035,-12.86075496673584
6036,14.570158004760742
6037,2.5449600219726562
6038,11.976827621459961
6039,6.0325541496276855
6040,-1.1316814422607422
6041,-16.083322525024414
6042,6.168005466461182
6043,-1.373514175415039
6044,-17.215288162231445
6045,6.354920864105225
6046,-1.39111328125
6047,-17.21509552001953
6048,6.5469489097595215
6049,-1.4018821716308594
6050,-17.216876983642578
6051,5.509191036224365
6052,-1.5286998748779297
6053,-16.16867446899414
6054,5.3865580558776855
6055,-1.5750980377197266
6056,-16.178129196166992
6057,5.289487361907959
6058,-1.6180915832519531
6059,-16.181123733520508
6060,7.339310169219971
6061,-1.624185562133789
6062,-18.797834396362305
6063,5.76893949508667
6064,-1.9927616119384766
6065,-13.932588577270508
6066,6.86709451675415
6067,-1.2189350128173828
6068,-16.31659507751465
6069,6.409739017486572
6070,-1.1973724365234375
6071,-14.890365600585938
6072,10.50023078918457
6073,-1.6236648559570312
6074,-18.166902542114258
6075,6.314304828643799
6076,-2.013843536376953
6077,-8.488237380981445
6078,13.082731246948242
6079,0.6800575256347656
6080,-17.652149200439453
6081,5.695425510406494
6082,-0.0236968994140625
6083,-4.549487113952637
6084,12.772127151489258
6085,2.947420120239258
6086,-18.53066635131836
6087,3.885319232940674
6088,1.7260799407958984
6089,-6.390101432800293
6090,13.124975204467773
6091,3.552663803100586
6092,-21.214181900024414
6093,3.1378045082092285
6094,2.2033252716064453
6095,-6.9264421463012695
6096,12.04638671875
6097,3.4300708770751953
6098,-20.994089126586914
6099,3.2848048210144043
6100,2.218097686767578
6101,-8.729195594787598
6102,11.887157440185547
6103,3.1918487548828125
6104,-18.653202056884766
6105,3.610652446746826
6106,2.083280563354492
6107,-7.096264839172363
6108,15.428632736206055
6109,-2.382648468017578
6110,-6.161041259765625
6111,13.285760879516602
6112,-2.708494186401367
6113,2.6123526096343994
6114,12.935644149780273
6115,0.26575469970703125
6116,-12.122347831726074
6117,10.213788986206055
6118,-0.16125869750976562
6119,5.508880615234375
6120,15.796085357666016
6121,2.8227787017822266
6122,-7.893770217895508
6123,14.899341583251953
6124,1.7896251678466797
6125,11.406586647033691
6126,16.85517692565918
6127,3.094554901123047
6128,-7.590907096862793
6129,15.985509872436523
6130,1.923135757446289
6131,11.816716194152832
6132,14.564563751220703
6133,3.9264469146728516
6134,-10.959002494812012
6135,14.94206428527832
6136,2.999948501586914
6137,10.20107364654541
6138,6.334177494049072
6139,-1.0200157165527344
6140,-25.460792541503906
6141,6.60685396194458
6142,-1.2234477996826172
6143,-26.05628776550293
6144,6.8777642250061035
6145,-1.2668647766113281
6146,-26.054733276367188
6147,7.048351764678955
6148,-1.2936172485351562
6149,-26.059877395629883
6150,6.023339748382568
6151,-1.2610759735107422
6152,-25.13497543334961
6153,5.886486530303955
6154,-1.3034324645996094
6155,-25.14458656311035
6156,5.907613277435303
6157,-1.48284912109375
6158,-25.14535903930664
6159,7.74801778793335
6160,-1.5742416381835938
6161,-24.972116470336914
6162,6.2002339363098145
6163,-1.7381858825683594
6164,-20.569133758544922
6165,7.133411884307861
6166,-1.1171588897705078
6167,-24.669246673583984
6168,6.6706223487854
6169,-1.0901374816894531
6170,-23.37676429748535
6171,10.629648208618164
6172,-1.3870201110839844
6173,-22.483661651611328
6174,6.603177547454834
6175,-1.8988628387451172
6176,-13.181787490844727
6177,11.980073928833008
6178,1.2266464233398438
6179,-23.708494186401367
6180,5.332699298858643
6181,-0.00167083740234375
6182,-10.782374382019043
6183,8.76638412475586
6184,2.520061492919922
6185,-25.90934181213379
6186,3.071549892425537
6187,1.6064643859863281
6188,-15.588772773742676
6189,8.193441390991211
6190,2.9317092895507812
6191,-29.193439483642578
6192,2.3743157386779785
6193,1.9813728332519531
6194,-16.527788162231445
6195,7.503561496734619
6196,2.8068675994873047
6197,-28.958059310913086
6198,2.3652682304382324
6199,1.9907474517822266
6200,-18.544689178466797
6201,7.850130558013916
6202,2.5675220489501953
6203,-26.11948585510254
6204,2.757201671600342
6205,1.9048118591308594
6206,-16.459312438964844
6207,15.136026382446289
6208,-2.1718196868896484
6209,-6.190345764160156
6210,12.713741302490234
6211,-2.328685760498047
6212,2.6416971683502197
6213,12.77393913269043
6214,0.7961044311523438
6215,-14.31943130493164
6216,10.212432861328125
6217,0.09943008422851562
6218,8.692819595336914
6219,15.859151840209961
6220,3.028188705444336
6221,-10.891560554504395
6222,14.69236946105957
6223,1.7100715637207031
6224,18.789356231689453
6225,16.93893051147461
6226,3.2545108795166016
6227,-10.820696830749512
6228,15.676265716552734
6229,1.8955211639404297
6230,19.649816513061523
6231,14.614362716674805
6232,4.019441604614258
6233,-15.454022407531738
6234,14.747392654418945
6235,2.765094757080078
6236,18.165719985961914
6237,6.363743305206299
6238,-1.0806007385253906
6239,-29.754972457885742
6240,6.645575046539307
6241,-1.4104461669921875
6242,-30.38591194152832
6243,7.034596920013428
6244,-1.4693603515625
6245,-30.386693954467773
6246,7.173040866851807
6247,-1.5115852355957031
6248,-30.395597457885742
6249,6.03992223739624
6250,-1.4150390625
6251,-29.42067527770996
6252,5.897367000579834
6253,-1.4366931915283203
6254,-29.430377960205078
6255,5.9158501625061035
6256,-1.4979324340820312
6257,-29.430795669555664
6258,7.85321569442749
6259,-1.7692947387695312
6260,-28.77363395690918
6261,6.197997570037842
6262,-1.7176628112792969
6263,-24.22188377380371
6264,7.184438228607178
6265,-1.0849895477294922
6266,-28.724218368530273
6267,6.710840702056885
6268,-1.0526676177978516
6269,-27.39109992980957
6270,10.816200256347656
6271,-1.3558425903320312
6272,-25.2609920501709
6273,6.541442394256592
6274,-1.7257041931152344
6275,-16.23123550415039
6276,11.802305221557617
6277,1.0713443756103516
6278,-26.14198112487793
6279,4.067605495452881
6280,-0.2633056640625
6281,-13.78785228729248
6282,8.881057739257812
6283,2.5765304565429688
6284,-29.506759643554688
6285,2.6523690223693848
6286,1.3953590393066406
6287,-19.23497200012207
6288,8.975561141967773
6289,3.0294628143310547
6290,-33.32380294799805
6291,1.637866497039795
6292,1.6940345764160156
6293,-20.759000778198242
6294,8.740989685058594
6295,3.044095993041992
6296,-32.972076416015625
6297,1.9651508331298828
6298,1.7111148834228516
6299,-23.004175186157227
6300,8.773231506347656
6301,2.8528499603271484
6302,-29.72248649597168
6303,2.3657422065734863
6304,1.5858116149902344
6305,-20.225387573242188
6306,14.58980941772461
6307,-2.085306167602539
6308,-6.087102890014648
6309,12.438234329223633
6310,-2.370962142944336
6311,2.536212205886841
6312,12.82082748413086
6313,0.748931884765625
6314,-10.122507095336914
6315,12.238037109375
6316,-0.18001937866210938
6317,8.280838966369629
6318,16.22878074645996
6319,1.083984375
6320,3.3077032566070557
6321,16.347190856933594
6322,0.4751453399658203
6323,22.17522430419922
6324,16.877397537231445
6325,1.1452999114990234
6326,4.488777160644531
6327,17.043453216552734
6328,0.5086860656738281
6329,23.630403518676758
6330,16.628007888793945
6331,1.9281654357910156
6332,3.1681649684906006
6333,17.292011260986328
6334,1.3926277160644531
6335,22.951570510864258
6336,6.403648853302002
6337,-0.9833412170410156
6338,-22.805587768554688
6339,6.6613640785217285
6340,-1.3598308563232422
6341,-23.969181060791016
6342,7.0923237800598145
6343,-1.3841266632080078
6344,-23.968482971191406
6345,7.243937015533447
6346,-1.4188175201416016
6347,-23.975282669067383
6348,6.068894863128662
6349,-1.2727031707763672
6350,-22.631460189819336
6351,5.9316020011901855
6352,-1.3334980010986328
6353,-22.6385555267334
6354,5.929444789886475
6355,-1.367696762084961
6356,-22.63775062561035
6357,8.020666122436523
6358,-1.6585540771484375
6359,-25.074899673461914
6360,6.381883144378662
6361,-1.7094764709472656
6362,-19.015945434570312
6363,7.249032497406006
6364,-1.0111446380615234
6365,-22.8216495513916
6366,6.808095455169678
6367,-0.959991455078125
6368,-21.06929588317871
6369,10.97926139831543
6370,-1.1781578063964844
6371,-23.998416900634766
6372,6.756509304046631
6373,-1.6018791198730469
6374,-12.489566802978516
6375,12.028404235839844
6376,1.1099796295166016
6377,-26.253162384033203
6378,4.997786998748779
6379,-0.09655952453613281
6380,-9.911393165588379
6381,8.646835327148438
6382,2.4235401153564453
6383,-28.968948364257812
6384,3.0041441917419434
6385,1.1417598724365234
6386,-13.996844291687012
6387,7.97271203994751
6388,2.7824230194091797
6389,-32.51838684082031
6390,2.1680569648742676
6391,1.2851524353027344
6392,-14.936295509338379
6393,7.333245754241943
6394,2.5316314697265625
6395,-31.7823429107666
6396,2.196774959564209
6397,1.346261978149414
6398,-16.86383628845215
6399,7.534489154815674
6400,2.386157989501953
6401,-28.984703063964844
6402,2.518186092376709
6403,1.2702674865722656
6404,-14.839935302734375
6405,15.190635681152344
6406,-1.8068866729736328
6407,-6.042208671569824
6408,13.199291229248047
6409,-2.0478553771972656
6410,2.488962411880493
6411,14.08388900756836
6412,0.5019855499267578
6413,-9.335168838500977
6414,12.727457046508789
6415,0.26924896240234375
6416,4.206297874450684
6417,18.069576263427734
6418,1.025716781616211
6419,4.575212478637695
6420,16.445545196533203
6421,2.1951637268066406
6422,20.574350357055664
6423,18.469829559326172
6424,-0.14276885986328125
6425,5.952037811279297
6426,17.038837432861328
6427,2.8223705291748047
6428,18.72574806213379
6429,18.61314582824707
6430,0.8304405212402344
6431,5.204204559326172
6432,16.585342407226562
6433,3.265209197998047
6434,17.038806915283203
6435,6.863522052764893
6436,-0.9323520660400391
6437,-17.989845275878906
6438,7.037743091583252
6439,-1.2210826873779297
6440,-19.27677345275879
6441,7.30620813369751
6442,-1.2426567077636719
6443,-19.27529525756836
6444,7.4283928871154785
6445,-1.2596149444580078
6446,-19.277921676635742
6447,6.464610576629639
6448,-1.231832504272461
6449,-17.95301055908203
6450,6.368751049041748
6451,-1.273193359375
6452,-17.96111297607422
6453,6.330345630645752
6454,-1.3059062957763672
6455,-17.963369369506836
6456,8.111358642578125
6457,-1.5552310943603516
6458,-21.5101261138916
6459,6.7907795906066895
6460,-1.7161216735839844
6461,-15.432971000671387
6462,7.618485927581787
6463,-0.967559814453125
6464,-18.418807983398438
6465,7.143873691558838
6466,-0.9491291046142578
6467,-16.673646926879883
6468,11.281005859375
6469,-1.1829109191894531
6470,-20.928117752075195
6471,7.329615116119385
6472,-1.7710113525390625
6473,-10.226317405700684
6474,12.108253479003906
6475,1.0678844451904297
6476,-22.420942306518555
6477,5.471943378448486
6478,-0.11804771423339844
6479,-9.08142375946045
6480,8.640979766845703
6481,2.120929718017578
6482,-24.573366165161133
6483,3.441384792327881
6484,0.9606170654296875
6485,-15.53302001953125
6486,8.216384887695312
6487,2.4955806732177734
6488,-27.74184226989746
6489,2.66340970993042
6490,1.1924362182617188
6491,-16.850553512573242
6492,7.78796911239624
6493,2.1362571716308594
6494,-27.549230575561523
6495,2.7473549842834473
6496,1.1346473693847656
6497,-18.49199104309082
6498,7.781527996063232
6499,1.9523944854736328
6500,-24.743934631347656
6501,2.929492473602295
6502,1.0671367645263672
6503,-16.338693618774414
6504,15.771833419799805
6505,-1.5344104766845703
6506,-6.0424699783325195
6507,14.184835433959961
6508,-2.0556201934814453
6509,2.4880239963531494
6510,13.85345458984375
6511,0.4802989959716797
6512,-8.911885261535645
6513,13.514423370361328
6514,-0.2999114990234375
6515,13.339290618896484
6516,17.011871337890625
6517,2.9227237701416016
6518,-2.3660826683044434
6519,17.23398208618164
6520,1.1927165985107422
6521,25.35651206970215
6522,17.71169090270996
6523,3.0137691497802734
6524,-2.045271873474121
6525,17.802860260009766
6526,2.591808319091797
6527,26.42586898803711
6528,17.466279983520508
6529,3.7240371704101562
6530,-5.146615982055664
6531,17.8951473236084
6532,2.11822509765625
6533,26.12093162536621
6534,6.877665042877197
6535,-0.9069557189941406
6536,-19.628231048583984
6537,7.129148960113525
6538,-1.1329212188720703
6539,-20.845102310180664
6540,7.367029666900635
6541,-1.1462745666503906
6542,-20.84259796142578
6543,7.618929386138916
6544,-1.16046142578125
6545,-20.845191955566406
6546,6.496452808380127
6547,-1.1687240600585938
6548,-19.629304885864258
6549,6.401285648345947
6550,-1.207000732421875
6551,-19.637161254882812
6552,6.350906848907471
6553,-1.2409133911132812
6554,-19.6391544342041
6555,8.289850234985352
6556,-1.4770984649658203
6557,-22.57765007019043
6558,6.930654048919678
6559,-1.7493476867675781
6560,-17.02703094482422
6561,7.653846263885498
6562,-0.9084663391113281
6563,-19.84117317199707
6564,7.211561679840088
6565,-0.9217338562011719
6566,-18.241487503051758
6567,11.476093292236328
6568,-1.0153694152832031
6569,-21.23889923095703
6570,7.4442620277404785
6571,-1.9747734069824219
6572,-11.639730453491211
6573,12.198104858398438
6574,1.1822128295898438
6575,-24.05760955810547
6576,5.583251476287842
6577,-0.2910194396972656
6578,-10.436018943786621
6579,8.163043975830078
6580,2.2217578887939453
6581,-28.190052032470703
6582,3.3313956260681152
6583,0.6475162506103516
6584,-15.954534530639648
6585,7.575806140899658
6586,2.5547218322753906
6587,-31.73352813720703
6588,2.1702284812927246
6589,0.8670749664306641
6590,-17.30454444885254
6591,6.712637424468994
6592,2.306499481201172
6593,-31.140178680419922
6594,2.4195656776428223
6595,0.8074893951416016
6596,-18.9427433013916
6597,7.169524669647217
6598,2.088705062866211
6599,-28.280384063720703
6600,2.7997889518737793
6601,0.8044681549072266
6602,-16.71592140197754
6603,16.031150817871094
6604,-1.3134441375732422
6605,-6.036266326904297
6606,14.33599853515625
6607,-1.9607620239257812
6608,2.481088399887085
6609,14.056329727172852
6610,0.6739997863769531
6611,-7.366504669189453
6612,14.614627838134766
6613,-0.507659912109375
6614,15.796146392822266
6615,16.60759162902832
6616,3.2318954467773438
6617,-2.5469484329223633
6618,17.543378829956055
6619,0.4451713562011719
6620,29.527812957763672
6621,17.470998764038086
6622,3.443561553955078
6623,-2.157809257507324
6624,18.03635025024414
6625,1.5810108184814453
6626,30.964868545532227
6627,17.181907653808594
6628,3.9789161682128906
6629,-5.811952590942383
6630,18.06741714477539
6631,1.8926048278808594
6632,30.377038955688477
6633,6.72954797744751
6634,-1.0127944946289062
6635,-15.344162940979004
6636,7.0251030921936035
6637,-1.272420883178711
6638,-16.844398498535156
6639,7.235592365264893
6640,-1.277292251586914
6641,-16.8387508392334
6642,7.592238903045654
6643,-1.2719078063964844
6644,-16.835479736328125
6645,6.4421916007995605
6646,-1.3450450897216797
6647,-15.807520866394043
6648,6.315344333648682
6649,-1.3900146484375
6650,-15.817595481872559
6651,6.276264667510986
6652,-1.4249916076660156
6653,-15.823081016540527
6654,8.155162811279297
6655,-1.5243339538574219
6656,-21.86357879638672
6657,6.858499050140381
6658,-1.827981948852539
6659,-15.466612815856934
6660,7.53051233291626
6661,-0.9849147796630859
6662,-16.353017807006836
6663,7.142289638519287
6664,-1.0436992645263672
6665,-15.005415916442871
6666,11.289854049682617
6667,-0.994964599609375
6668,-19.181795120239258
6669,7.3918232917785645
6670,-2.174205780029297
6671,-9.241442680358887
6672,10.677282333374023
6673,1.0520858764648438
6674,-20.799070358276367
6675,4.844007968902588
6676,-0.7889328002929688
6677,-6.657505035400391
6678,7.554603099822998
6679,2.056507110595703
6680,-21.72971534729004
6681,2.3917593955993652
6682,0.30339622497558594
6683,-10.427350044250488
6684,6.825758457183838
6685,2.3141517639160156
6686,-24.649051666259766
6687,1.1747217178344727
6688,0.40961647033691406
6689,-11.480876922607422
6690,6.150126934051514
6691,2.0119380950927734
6692,-24.53343391418457
6693,1.4349632263183594
6694,0.5011444091796875
6695,-13.15129280090332
6696,6.3107523918151855
6697,1.8764324188232422
6698,-21.90323829650879
6699,1.9112939834594727
6700,0.4836883544921875
6701,-11.152202606201172
6702,15.774503707885742
6703,-1.1415138244628906
6704,-5.98471736907959
6705,14.416379928588867
6706,-1.9666595458984375
6707,2.4283511638641357
6708,13.853708267211914
6709,0.7193412780761719
6710,-9.52718734741211
6711,14.72545051574707
6712,-0.5887031555175781
6713,15.180057525634766
6714,16.389596939086914
6715,3.2774620056152344
6716,-9.142302513122559
6717,17.293167114257812
6718,0.11116981506347656
6719,27.28373146057129
6720,17.301376342773438
6721,3.5175628662109375
6722,-9.164772987365723
6723,17.747379302978516
6724,0.8098392486572266
6725,28.486804962158203
6726,17.01287078857422
6727,4.229990005493164
6728,-12.95736312866211
6729,17.60747718811035
6730,1.633077621459961
6731,27.940704345703125
6732,6.730802059173584
6733,-1.1310100555419922
6734,-16.065460205078125
6735,7.075141429901123
6736,-1.378408432006836
6737,-17.267921447753906
6738,7.324141979217529
6739,-1.3948383331298828
6740,-17.26303482055664
6741,7.589929103851318
6742,-1.4008922576904297
6743,-17.262165069580078
6744,6.577343463897705
6745,-1.4482994079589844
6746,-16.14999771118164
6747,6.47681188583374
6748,-1.4948921203613281
6749,-16.160297393798828
6750,6.355729579925537
6751,-1.5396804809570312
6752,-16.163732528686523
6753,8.228601455688477
6754,-1.6390514373779297
6755,-20.01771354675293
6756,6.978853702545166
6757,-1.890340805053711
6758,-14.20928955078125
6759,7.638669490814209
6760,-1.0867691040039062
6761,-16.481740951538086
6762,7.144986629486084
6763,-1.1244392395019531
6764,-15.020492553710938
6765,11.28538703918457
6766,-1.0878677368164062
6767,-19.134164810180664
6768,7.554589748382568
6769,-2.1909828186035156
6770,-9.098861694335938
6771,11.23342514038086
6772,1.1802406311035156
6773,-20.209434509277344
6774,4.656382083892822
6775,-0.5296955108642578
6776,-8.427648544311523
6777,7.477661609649658
6778,1.9132614135742188
6779,-22.838666915893555
6780,1.4897689819335938
6781,0.2325153350830078
6782,-14.328569412231445
6783,6.677687168121338
6784,2.2290897369384766
6785,-25.796876907348633
6786,0.4163365364074707
6787,0.2901573181152344
6788,-15.676227569580078
6789,6.113307476043701
6790,1.781820297241211
6791,-25.517047882080078
6792,0.5895929336547852
6793,0.3147144317626953
6794,-17.041942596435547
6795,6.495450496673584
6796,1.6793022155761719
6797,-22.96465492248535
6798,1.142460823059082
6799,0.3437156677246094
6800,-14.977968215942383
6801,16.177343368530273
6802,-1.1132469177246094
6803,-5.896045684814453
6804,14.888063430786133
6805,-1.7936210632324219
6806,2.3401787281036377
6807,13.701742172241211
6808,0.6913852691650391
6809,-12.738191604614258
6810,14.302505493164062
6811,-0.34854888916015625
6812,14.944679260253906
6813,16.322917938232422
6814,3.33526611328125
6815,-14.037120819091797
6816,16.873308181762695
6817,0.32317161560058594
6818,27.735557556152344
6819,17.318992614746094
6820,3.585613250732422
6821,-14.1937894821167
6822,17.353740692138672
6823,0.5480728149414062
6824,29.025056838989258
6825,16.793697357177734
6826,4.373264312744141
6827,-18.210371017456055
6828,17.15831756591797
6829,1.2133102416992188
6830,28.94451904296875
6831,6.739129543304443
6832,-1.261281967163086
6833,-14.555030822753906
6834,7.060368061065674
6835,-1.4788532257080078
6836,-15.910465240478516
6837,7.2890448570251465
6838,-1.5066337585449219
6839,-15.905025482177734
6840,7.5324320793151855
6841,-1.5218696594238281
6842,-15.90316104888916
6843,6.623749256134033
6844,-1.5262603759765625
6845,-14.664931297302246
6846,6.550253391265869
6847,-1.5790176391601562
6848,-14.676362991333008
6849,6.468307018280029
6850,-1.629903793334961
6851,-14.681164741516113
6852,8.236726760864258
6853,-1.7354869842529297
6854,-19.51176643371582
6855,7.055115222930908
6856,-1.9934234619140625
6857,-13.3262357711792
6858,7.631595134735107
6859,-1.2141895294189453
6860,-15.26272964477539
6861,7.154531002044678
6862,-1.2207908630371094
6863,-13.632108688354492
6864,11.320230484008789
6865,-1.0895118713378906
6866,-18.06814956665039
6867,7.818776607513428
6868,-2.2542057037353516
6869,-8.272272109985352
6870,11.201047897338867
6871,1.100128173828125
6872,-19.915075302124023
6873,4.948832035064697
6874,-0.7673568725585938
6875,-6.871085166931152
6876,7.526586055755615
6877,1.6973819732666016
6878,-19.895383834838867
6879,2.2919182777404785
6880,0.182281494140625
6881,-12.742161750793457
6882,6.896355152130127
6883,1.9330940246582031
6884,-22.602476119995117
6885,1.1110544204711914
6886,0.19297027587890625
6887,-13.858322143554688
6888,6.372276782989502
6889,1.6107826232910156
6890,-22.47785758972168
6891,1.25783109664917
6892,0.19740676879882812
6893,-15.375880241394043
6894,6.7419867515563965
6895,1.5352020263671875
6896,-20.00892448425293
6897,1.872640609741211
6898,0.2940177917480469
6899,-13.439313888549805
6900,16.416908264160156
6901,-1.0762462615966797
6902,-5.911015510559082
6903,15.249530792236328
6904,-1.7871856689453125
6905,2.356335401535034
6906,13.59615707397461
6907,0.3221569061279297
6908,-12.97135066986084
6909,13.715658187866211
6910,-0.21022987365722656
6911,15.288984298706055
6912,16.185909271240234
6913,3.1733226776123047
6914,-13.744071960449219
6915,16.496170043945312
6916,0.7352752685546875
6917,27.118452072143555
6918,17.17239761352539
6919,3.452564239501953
6920,-13.885635375976562
6921,17.050182342529297
6922,0.8602218627929688
6923,28.30105209350586
6924,15.602701187133789
6925,4.179555892944336
6926,-17.711570739746094
6927,16.49923324584961
6928,1.3825111389160156
6929,28.13591957092285
6930,6.848310947418213
6931,-1.3308277130126953
6932,-9.820967674255371
6933,7.088368892669678
6934,-1.54754638671875
6935,-11.20382308959961
6936,7.2792487144470215
6937,-1.5711669921875
6938,-11.199183464050293
6939,7.490919589996338
6940,-1.581247329711914
6941,-11.197715759277344
6942,6.759006023406982
6943,-1.576120376586914
6944,-9.677214622497559
6945,6.721736431121826
6946,-1.6282329559326172
6947,-9.687613487243652
6948,6.681210994720459
6949,-1.6794185638427734
6950,-9.69400405883789
6951,8.164375305175781
6952,-1.8203105926513672
6953,-15.10599136352539
6954,7.250329494476318
6955,-2.0540924072265625
6956,-7.960360527038574
6957,7.676395893096924
6958,-1.2796573638916016
6959,-10.937531471252441
6960,7.26421594619751
6961,-1.3012657165527344
6962,-8.921134948730469
6963,11.232990264892578
6964,-1.1728477478027344
6965,-16.570261001586914
6966,8.335468292236328
6967,-2.240568161010742
6968,-3.415018081665039
6969,11.193124771118164
6970,0.8285427093505859
6971,-18.349590301513672
6972,5.2369208335876465
6973,-0.8662090301513672
6974,0.6182448863983154
6975,7.621440410614014
6976,1.618133544921875
6977,-19.869396209716797
6978,2.796355724334717
6979,0.10592269897460938
6980,-2.5155282020568848
6981,7.844593524932861
6982,2.2191543579101562
6983,-22.413869857788086
6984,1.8750410079956055
6985,0.12970352172851562
6986,-2.9223885536193848
6987,6.589949131011963
6988,1.6182403564453125
6989,-22.182451248168945
6990,1.959670066833496
6991,0.15857315063476562
6992,-4.366231918334961
6993,6.786270618438721
6994,1.5585517883300781
6995,-19.98307991027832
6996,2.4539198875427246
6997,0.19552993774414062
6998,-3.157758951187134
6999,16.85908317565918
7000,-0.8115749359130859
7001,-6.541533470153809
7002,15.5511474609375
7003,-1.4788551330566406
7004,2.981609582901001
7005,13.380891799926758
7006,0.4592113494873047
7007,-18.722444534301758
7008,11.965269088745117
7009,-0.6308689117431641
7010,18.338945388793945
7011,16.166410446166992
7012,3.1957740783691406
7013,-22.075639724731445
7014,12.45632553100586
7015,0.9368209838867188
7016,31.088289260864258
7017,17.31582260131836
7018,3.441831588745117
7019,-22.45917510986328
7020,12.867568969726562
7021,1.2773494720458984
7022,32.21177673339844
7023,15.290918350219727
7024,4.301397323608398
7025,-27.173080444335938
7026,11.339641571044922
7027,1.4841728210449219
7028,32.11662673950195
7029,6.856090068817139
7030,-1.3740348815917969
7031,-9.346726417541504
7032,7.070571422576904
7033,-1.6177387237548828
7034,-10.678126335144043
7035,7.260335445404053
7036,-1.6096878051757812
7037,-10.673299789428711
7038,7.470085620880127
7039,-1.593770980834961
7040,-10.671278953552246
7041,6.75393533706665
7042,-1.7005672454833984
7043,-9.046545028686523
7044,6.7287726402282715
7045,-1.7444801330566406
7046,-9.057178497314453
7047,6.707424640655518
7048,-1.7873573303222656
7049,-9.063484191894531
7050,8.106208801269531
7051,-1.8844261169433594
7052,-14.382715225219727
7053,7.302413463592529
7054,-2.061830520629883
7055,-6.82303524017334
7056,7.669516086578369
7057,-1.3687458038330078
7058,-10.45426082611084
7059,7.29921293258667
7060,-1.3681907653808594
7061,-8.3020658493042
7062,11.139244079589844
7063,-1.2668724060058594
7064,-16.248598098754883
7065,8.320672988891602
7066,-2.2743453979492188
7067,-1.9782615900039673
7068,11.320945739746094
7069,0.7086677551269531
7070,-17.71295738220215
7071,5.405309200286865
7072,-1.0090999603271484
7073,2.865576982498169
7074,10.88676643371582
7075,2.1935501098632812
7076,-19.01090431213379
7077,3.006560802459717
7078,0.009347915649414062
7079,1.9360809326171875
7080,10.735393524169922
7081,2.611684799194336
7082,-21.567968368530273
7083,1.6898865699768066
7084,0.08506202697753906
7085,1.7595348358154297
7086,10.142623901367188
7087,2.2366867065429688
7088,-21.175477981567383
7089,2.092668056488037
7090,0.09705543518066406
7091,0.31580448150634766
7092,10.351287841796875
7093,2.140840530395508
7094,-19.060749053955078
7095,2.579972743988037
7096,0.12228775024414062
7097,1.325420618057251
7098,16.980941772460938
7099,-0.7417736053466797
7100,-7.104562759399414
7101,15.863277435302734
7102,-1.5241355895996094
7103,3.5475780963897705
7104,12.812440872192383
7105,0.5060253143310547
7106,-21.268449783325195
7107,11.528482437133789
7108,-0.8848361968994141
7109,20.109874725341797
7110,16.123687744140625
7111,3.2748489379882812
7112,-24.962257385253906
7113,11.888532638549805
7114,0.7745990753173828
7115,33.39799118041992
7116,17.339113235473633
7117,3.5741043090820312
7118,-25.340238571166992
7119,12.339057922363281
7120,1.1484737396240234
7121,34.5663948059082
7122,14.888940811157227
7123,4.35139274597168
7124,-30.66199493408203
7125,10.712932586669922
7126,1.3492088317871094
7127,34.335838317871094
7128,7.013118267059326
7129,-1.4315967559814453
7130,-9.080999374389648
7131,7.2264838218688965
7132,-1.6948204040527344
7133,-10.265124320983887
7134,7.369776248931885
7135,-1.677541732788086
7136,-10.262042999267578
7137,7.615874767303467
7138,-1.6196098327636719
7139,-10.263096809387207
7140,6.9953932762146
7141,-1.7802238464355469
7142,-8.726613998413086
7143,6.986828327178955
7144,-1.820404052734375
7145,-8.735967636108398
7146,6.974912166595459
7147,-1.8592472076416016
7148,-8.741421699523926
7149,8.26838493347168
7150,-1.9082107543945312
7151,-13.45533275604248
7152,7.523703098297119
7153,-2.069000244140625
7154,-6.414434432983398
7155,7.87085485458374
7156,-1.42523193359375
7157,-10.051883697509766
7158,7.5293192863464355
7159,-1.4030113220214844
7160,-8.024704933166504
7161,11.34560775756836
7162,-1.4737319946289062
7163,-15.533636093139648
7164,8.513864517211914
7165,-2.3083019256591797
7166,-2.3081917762756348
7167,11.520902633666992
7168,0.5485000610351562
7169,-17.482666015625
7170,5.515061855316162
7171,-0.9341659545898438
7172,0.7001643180847168
7173,8.39909553527832
7174,1.5528030395507812
7175,-18.592443466186523
7176,3.068263530731201
7177,-0.0434112548828125
7178,-1.6381056308746338
7179,7.596256732940674
7180,1.8834152221679688
7181,-21.265705108642578
7182,2.1226143836975098
7183,0.061122894287109375
7184,-2.003443717956543
7185,7.315377712249756
7186,1.5806255340576172
7187,-20.949974060058594
7188,2.211599826812744
7189,0.059497833251953125
7190,-3.764080047607422
7191,7.5465474128723145
7192,1.4797649383544922
7193,-18.659257888793945
7194,2.673736095428467
7195,0.06577682495117188
7196,-2.319622039794922
7197,17.252643585205078
7198,-0.8488025665283203
7199,-7.000962257385254
7200,16.081432342529297
7201,-1.4765510559082031
7202,3.444880723953247
7203,12.767816543579102
7204,0.41124534606933594
7205,-19.09222412109375
7206,11.402870178222656
7207,-0.8078746795654297
7208,15.385284423828125
7209,16.143598556518555
7210,3.197385787963867
7211,-19.473079681396484
7212,12.729759216308594
7213,0.9450740814208984
7214,26.533035278320312
7215,17.425891876220703
7216,3.493602752685547
7217,-19.514728546142578
7218,13.28732681274414
7219,1.2131099700927734
7220,27.520200729370117
7221,14.815448760986328
7222,4.335681915283203
7223,-23.745620727539062
7224,11.980781555175781
7225,1.692474365234375
7226,26.884170532226562
