,0
0,-2.7170190811157227
1,-6.907149314880371
2,-13.142587661743164
3,-2.3094043731689453
4,-7.242990493774414
5,-14.74920654296875
6,-2.171743392944336
7,-7.242486953735352
8,-14.757877349853516
9,-2.0227251052856445
10,-7.2414045333862305
11,-14.764875411987305
12,-2.413577079772949
13,-7.248669624328613
14,-12.595014572143555
15,-2.3567934036254883
16,-7.252497673034668
17,-12.597541809082031
18,-2.291431427001953
19,-7.257372856140137
20,-12.604366302490234
21,-0.8517875671386719
22,-7.0751142501831055
23,-18.145864486694336
24,-1.2114696502685547
25,-7.1097259521484375
26,-8.687559127807617
27,-2.1706418991088867
28,-6.506875991821289
29,-14.02341079711914
30,-2.3907995223999023
31,-6.501766204833984
32,-11.259746551513672
33,0.210693359375
34,-5.23151969909668
35,-21.612186431884766
36,0.32097816467285156
37,-4.946192741394043
38,-1.0936541557312012
39,-3.7934608459472656
40,-2.7910585403442383
41,-23.390039443969727
42,-2.484450340270996
43,-2.866252899169922
44,4.63019323348999
45,-8.795022964477539
46,-3.815000534057617
47,-22.624652862548828
48,-7.659328460693359
49,-3.617094039916992
50,5.35485315322876
51,-10.164382934570312
52,-4.0996809005737305
53,-24.762523651123047
54,-8.76939868927002
55,-4.076532363891602
56,5.930410861968994
57,-9.813364028930664
58,-4.489985466003418
59,-23.50921058654785
60,-8.787443161010742
61,-4.356015205383301
62,4.446253299713135
63,-9.39314079284668
64,-4.408280372619629
65,-22.040708541870117
66,-8.536064147949219
67,-4.253005027770996
68,4.670380115509033
69,0.6205978393554688
70,0.11604118347167969
71,-11.055635452270508
72,0.0
73,0.0
74,0.0
75,-0.04549407958984375
76,3.7100601196289062
77,-7.512046813964844
78,-1.4372358322143555
79,3.3556957244873047
80,4.644198894500732
81,0.554473876953125
82,6.952051162719727
83,1.7651495933532715
84,-1.3161230087280273
85,6.335142135620117
86,13.998022079467773
87,1.2420978546142578
88,7.567619323730469
89,2.545562267303467
90,-0.6241378784179688
91,6.839670181274414
92,14.934404373168945
93,-1.696009635925293
94,7.299848556518555
95,-0.8130736351013184
96,-3.931224822998047
97,6.9553985595703125
98,12.153045654296875
99,-2.775646209716797
100,-6.897359848022461
101,-8.722325325012207
102,-2.3430700302124023
103,-7.242520332336426
104,-10.453291893005371
105,-2.20343017578125
106,-7.242454528808594
107,-10.461709976196289
108,-2.0590267181396484
109,-7.241518974304199
110,-10.467976570129395
111,-2.4465131759643555
112,-7.247133255004883
113,-8.158509254455566
114,-2.38510799407959
115,-7.251336097717285
116,-8.156637191772461
117,-2.3189592361450195
118,-7.256485939025879
119,-8.161989212036133
120,-1.0035171508789062
121,-7.075643539428711
122,-14.965402603149414
123,-1.2868852615356445
124,-7.111081123352051
125,-4.958770275115967
126,-2.228910446166992
127,-6.499508857727051
128,-10.021907806396484
129,-2.4384288787841797
130,-6.493538856506348
131,-7.110536098480225
132,0.12666893005371094
133,-5.236023902893066
134,-19.4681396484375
135,0.6515560150146484
136,-5.061473846435547
137,1.2281503677368164
138,-3.7986278533935547
139,-2.790790557861328
140,-20.670663833618164
141,-0.09576606750488281
142,-2.1479501724243164
143,4.763902187347412
144,-9.051593780517578
145,-3.7788467407226562
146,-17.514474868774414
147,-2.085735321044922
148,-1.026291847229004
149,3.4487967491149902
150,-10.440320014953613
151,-4.054937362670898
152,-18.86750030517578
153,-2.1598501205444336
154,-0.8173484802246094
155,3.8510279655456543
156,-10.005828857421875
157,-4.439907073974609
158,-17.432809829711914
159,-2.5694828033447266
160,-0.9971418380737305
161,2.3040695190429688
162,-9.545242309570312
163,-4.359543800354004
164,-16.721981048583984
165,-2.6482667922973633
166,-1.0661993026733398
167,2.6912951469421387
168,0.6276168823242188
169,0.25006866455078125
170,-11.558466911315918
171,0.025243759155273438
172,0.1694049835205078
173,0.49628305435180664
174,0.42722320556640625
175,4.122341156005859
176,-9.270280838012695
177,-1.2790727615356445
178,3.7008934020996094
179,4.4305291175842285
180,0.5543594360351562
181,7.787858963012695
182,-2.0134153366088867
183,-1.0700225830078125
184,6.972177505493164
185,12.209728240966797
186,1.2357006072998047
187,8.431079864501953
188,-1.4030375480651855
189,-0.3205242156982422
190,7.4950714111328125
191,12.95688247680664
192,-1.709005355834961
193,8.404613494873047
194,-4.6231794357299805
195,-3.5994653701782227
196,7.777774810791016
197,10.584098815917969
198,-2.7866811752319336
199,-6.889834403991699
200,-9.530244827270508
201,-2.3477048873901367
202,-7.242339134216309
203,-11.203533172607422
204,-2.2093067169189453
205,-7.242366790771484
206,-11.211292266845703
207,-2.0666675567626953
208,-7.241497039794922
209,-11.216867446899414
210,-2.449284553527832
211,-7.246962547302246
212,-8.976449012756348
213,-2.387422561645508
214,-7.25125789642334
215,-8.976410865783691
216,-2.320432662963867
217,-7.256462097167969
218,-8.981740951538086
219,-1.0491924285888672
220,-7.076251983642578
221,-15.418163299560547
222,-1.3031044006347656
223,-7.113641738891602
224,-5.67385196685791
225,-2.2385854721069336
226,-6.493200302124023
227,-10.706781387329102
228,-2.441830635070801
229,-6.48825740814209
230,-7.875007629394531
231,0.1258087158203125
232,-5.238024711608887
233,-19.659465789794922
234,0.6711559295654297
235,-5.139403343200684
236,0.7578701972961426
237,-3.7822265625
238,-2.7762460708618164
239,-20.625776290893555
240,-0.44236278533935547
241,-2.1850996017456055
242,4.9064860343933105
243,-9.06875228881836
244,-3.7612085342407227
245,-17.435434341430664
246,-2.730815887451172
247,-1.1935062408447266
248,3.7737984657287598
249,-10.48393726348877
250,-4.035581588745117
251,-18.722423553466797
252,-2.8714942932128906
253,-1.022979736328125
254,4.219650745391846
255,-10.051107406616211
256,-4.423060417175293
257,-17.421756744384766
258,-3.215142250061035
259,-1.2426567077636719
260,2.570333957672119
261,-9.578828811645508
262,-4.342792510986328
263,-16.696533203125
264,-3.2481184005737305
265,-1.2853879928588867
266,3.0117459297180176
267,0.5999774932861328
268,0.3600139617919922
269,-11.678934097290039
270,0.032245635986328125
271,0.2324848175048828
272,0.6168575286865234
273,0.4384307861328125
274,4.280004501342773
275,-9.683698654174805
276,-1.1658363342285156
277,3.732776641845703
278,4.538426876068115
279,0.6209182739257812
280,7.948896408081055
281,-2.641556739807129
282,-0.7576313018798828
283,6.9913177490234375
284,12.474813461303711
285,1.3438472747802734
286,8.551252365112305
287,-1.9941515922546387
288,0.01629638671875
289,7.508478164672852
290,13.263315200805664
291,-1.4365806579589844
292,8.648780822753906
293,-4.842127323150635
294,-3.180631637573242
295,7.815776824951172
296,10.731002807617188
297,-2.8739795684814453
298,-6.861907958984375
299,-10.337348937988281
300,-2.447721481323242
301,-7.235424041748047
302,-11.977212905883789
303,-2.3127031326293945
304,-7.236790657043457
305,-11.985384941101074
306,-2.1728744506835938
307,-7.237353324890137
308,-11.991056442260742
309,-2.549945831298828
310,-7.238184928894043
311,-9.75918197631836
312,-2.48360538482666
313,-7.243252754211426
314,-9.76004409790039
315,-2.414020538330078
316,-7.24969482421875
317,-9.765777587890625
318,-1.1837377548217773
319,-7.076258659362793
320,-15.930337905883789
321,-1.4253578186035156
322,-7.113918304443359
323,-6.160504341125488
324,-2.324862480163574
325,-6.481861114501953
326,-11.417208671569824
327,-2.5072879791259766
328,-6.47613525390625
329,-8.586991310119629
330,0.12611770629882812
331,-5.236419677734375
332,-20.100574493408203
333,0.5309276580810547
334,-5.149101257324219
335,0.5854134559631348
336,-3.6516971588134766
337,-2.727266311645508
338,-21.68672752380371
339,-1.3810091018676758
340,-2.270679473876953
341,5.167941570281982
342,-9.198484420776367
343,-3.2160120010375977
344,-18.460229873657227
345,-3.9206151962280273
346,-1.8406248092651367
347,3.3675408363342285
348,-10.73588752746582
349,-3.4599971771240234
350,-19.95743751525879
351,-4.471470832824707
352,-1.356307029724121
353,3.5161356925964355
354,-10.47625732421875
355,-3.788092613220215
356,-18.887086868286133
357,-4.45838737487793
358,-1.6119089126586914
359,1.4795117378234863
360,-9.97311782836914
361,-3.6761999130249023
362,-17.666622161865234
363,-4.452532768249512
364,-1.6183605194091797
365,2.405386447906494
366,0.6008186340332031
367,0.44743919372558594
368,-11.999004364013672
369,-0.013238906860351562
370,0.2959156036376953
371,0.9346170425415039
372,0.6199550628662109
373,4.345605850219727
374,-10.32894229888916
375,-1.0566816329956055
376,3.9316329956054688
377,4.846771717071533
378,0.9493522644042969
379,8.19821548461914
380,-2.8256497383117676
381,-0.6643867492675781
382,7.1396026611328125
383,13.82403564453125
384,1.6832523345947266
385,8.779794692993164
386,-2.178450107574463
387,0.08858108520507812
388,7.637321472167969
389,14.681285858154297
390,-1.0302419662475586
391,9.02220344543457
392,-6.174705505371094
393,-3.168895721435547
394,8.098806381225586
395,12.127384185791016
396,-2.90238094329834
397,-6.817998886108398
398,-9.325374603271484
399,-2.483489990234375
400,-7.214142799377441
401,-11.023506164550781
402,-2.349323272705078
403,-7.2171478271484375
404,-11.03180980682373
405,-2.212240219116211
406,-7.219146728515625
407,-11.036840438842773
408,-2.59017276763916
409,-7.2171525955200195
410,-8.800262451171875
411,-2.526543617248535
412,-7.224055290222168
413,-8.800456047058105
414,-2.456118583679199
415,-7.232979774475098
416,-8.804974555969238
417,-1.2576713562011719
418,-7.067959785461426
419,-15.362625122070312
420,-1.4939546585083008
421,-7.110692977905273
422,-5.581387519836426
423,-2.345792770385742
424,-6.462736129760742
425,-10.552772521972656
426,-2.523263931274414
427,-6.458624839782715
428,-7.714573383331299
429,0.09557533264160156
430,-5.2243499755859375
431,-20.18670082092285
432,0.4785175323486328
433,-5.153729438781738
434,0.8236289024353027
435,-3.641840934753418
436,-2.666746139526367
437,-21.515884399414062
438,-1.170149803161621
439,-2.1803159713745117
440,5.177616596221924
441,-9.381393432617188
442,-3.0544023513793945
443,-18.220396041870117
444,-3.7605552673339844
445,-1.0794496536254883
446,3.3296780586242676
447,-10.967180252075195
448,-3.2739315032958984
449,-19.68327522277832
450,-4.166713714599609
451,-0.7788791656494141
452,3.6004748344421387
453,-10.74927806854248
454,-3.580446243286133
455,-18.50760841369629
456,-4.462253570556641
457,-0.98040771484375
458,1.6669740676879883
459,-10.248551368713379
460,-3.487110137939453
461,-17.49358367919922
462,-4.392062187194824
463,-1.029571533203125
464,2.411989212036133
465,0.5786113739013672
466,0.5425167083740234
467,-12.161806106567383
468,-0.027523040771484375
469,0.3520336151123047
470,1.0990610122680664
471,0.6326732635498047
472,4.485136032104492
473,-10.738992691040039
474,-1.0307092666625977
475,3.9659690856933594
476,4.982064723968506
477,1.0346012115478516
478,8.363597869873047
479,-4.134103775024414
480,-0.5514965057373047
481,7.228672027587891
482,13.844097137451172
483,1.7971057891845703
484,8.934562683105469
485,-3.5786995887756348
486,0.19247055053710938
487,7.713438034057617
488,14.69381332397461
489,-0.9076442718505859
490,9.222150802612305
491,-7.195896148681641
492,-3.1545400619506836
493,8.27065658569336
494,12.4388427734375
495,-2.9376916885375977
496,-6.794919967651367
497,-9.193021774291992
498,-2.521487236022949
499,-7.204517364501953
500,-10.787383079528809
501,-2.3848037719726562
502,-7.209156036376953
503,-10.79538631439209
504,-2.2465648651123047
505,-7.212958335876465
506,-10.799360275268555
507,-2.640761375427246
508,-7.205469131469727
509,-8.579704284667969
510,-2.5846729278564453
511,-7.213028907775879
512,-8.579071044921875
513,-2.519280433654785
514,-7.223214149475098
515,-8.582375526428223
516,-1.3016891479492188
517,-7.067632675170898
518,-14.719615936279297
519,-1.5719013214111328
520,-7.110248565673828
521,-4.9741740226745605
522,-2.371664047241211
523,-6.448884963989258
524,-10.283479690551758
525,-2.5542449951171875
526,-6.444947242736816
527,-7.4503021240234375
528,0.09659576416015625
529,-5.22607421875
530,-19.826932907104492
531,0.4563922882080078
532,-5.158764839172363
533,1.434089183807373
534,-3.619709014892578
535,-2.66611385345459
536,-20.725299835205078
537,-1.201766014099121
538,-2.0874814987182617
539,5.222962856292725
540,-9.474611282348633
541,-3.016420364379883
542,-17.42424201965332
543,-3.909271240234375
544,-0.9169902801513672
545,2.6892104148864746
546,-11.019474029541016
547,-3.2280750274658203
548,-18.898975372314453
549,-4.27933406829834
550,-0.671295166015625
551,2.7841334342956543
552,-10.898962020874023
553,-3.535449981689453
554,-17.894956588745117
555,-4.645572662353516
556,-0.8954544067382812
557,0.8761391639709473
558,-10.414824485778809
559,-3.4521751403808594
560,-16.78116226196289
561,-4.551060676574707
562,-0.9580583572387695
563,1.7549424171447754
564,0.5822505950927734
565,0.5522785186767578
566,-12.324941635131836
567,-0.03739166259765625
568,0.41203880310058594
569,1.2623333930969238
570,0.654052734375
571,4.510059356689453
572,-11.203193664550781
573,-0.9592781066894531
574,4.064327239990234
575,5.10088586807251
576,1.1955089569091797
577,8.617855072021484
578,-6.71904993057251
579,-0.4168510437011719
580,7.493062973022461
581,13.07674789428711
582,2.0276222229003906
583,9.231864929199219
584,-6.414669513702393
585,0.3620338439941406
586,8.020500183105469
587,13.745180130004883
588,-0.8358860015869141
589,9.511125564575195
590,-10.31031608581543
591,-2.9898109436035156
592,8.46112060546875
593,11.637786865234375
594,-3.0267133712768555
595,-6.7745361328125
596,-9.646017074584961
597,-2.596846580505371
598,-7.196529388427734
599,-11.189908981323242
600,-2.45249080657959
601,-7.201148986816406
602,-11.198284149169922
603,-2.3060226440429688
604,-7.204862594604492
605,-11.205864906311035
606,-2.7283926010131836
607,-7.1977949142456055
608,-9.206979751586914
609,-2.6764955520629883
610,-7.205443382263184
611,-9.206744194030762
612,-2.614993095397949
613,-7.215712547302246
614,-9.211565017700195
615,-1.354609489440918
616,-7.059783935546875
617,-14.759439468383789
618,-1.6645116806030273
619,-7.106525421142578
620,-5.529273509979248
621,-2.436070442199707
622,-6.42940616607666
623,-10.610530853271484
624,-2.6293792724609375
625,-6.428963661193848
626,-8.060386657714844
627,0.09673118591308594
628,-5.217864990234375
629,-21.24513816833496
630,0.2758464813232422
631,-5.170557975769043
632,1.503030776977539
633,-3.552809715270996
634,-2.639049530029297
635,-22.344757080078125
636,-2.0544614791870117
637,-2.2731399536132812
638,5.956271648406982
639,-9.500457763671875
640,-2.5857744216918945
641,-17.70932960510254
642,-6.672933578491211
643,-1.3862781524658203
644,2.827597141265869
645,-11.163641929626465
646,-2.6069936752319336
647,-20.03434944152832
648,-6.844551086425781
649,-1.4732942581176758
650,2.7884020805358887
651,-11.127113342285156
652,-2.938155174255371
653,-19.677690505981445
654,-7.341470718383789
655,-1.7162933349609375
656,0.4707942008972168
657,-10.46753978729248
658,-2.8987207412719727
659,-17.335786819458008
660,-7.051275253295898
661,-1.7226858139038086
662,1.7091307640075684
663,0.6162433624267578
664,0.5892009735107422
665,-12.504772186279297
666,-0.046844482421875
667,0.4224071502685547
668,1.4442596435546875
669,0.7090530395507812
670,4.457693099975586
671,-11.653972625732422
672,-0.9328012466430664
673,4.044929504394531
674,5.733617305755615
675,1.6049842834472656
676,8.510486602783203
677,-5.895730018615723
678,-0.4385519027709961
679,7.398332595825195
680,14.810142517089844
681,2.426176071166992
682,9.061283111572266
683,-5.443253517150879
684,0.31816673278808594
685,7.901851654052734
686,15.60954475402832
687,-0.36007118225097656
688,9.464202880859375
689,-9.850568771362305
690,-2.91861629486084
691,8.331830978393555
692,13.346010208129883
693,-3.0424489974975586
694,-6.737799644470215
695,-10.004877090454102
696,-2.6194276809692383
697,-7.175022125244141
698,-11.615107536315918
699,-2.473834991455078
700,-7.181421279907227
701,-11.623483657836914
702,-2.327451705932617
703,-7.186458587646484
704,-11.629579544067383
705,-2.7574386596679688
706,-7.173090934753418
707,-9.433452606201172
708,-2.7078447341918945
709,-7.1806745529174805
710,-9.434028625488281
711,-2.647782325744629
712,-7.191215515136719
713,-9.4387845993042
714,-1.3897829055786133
715,-7.047895431518555
716,-15.31735610961914
717,-1.699575424194336
718,-7.096451759338379
719,-5.530370235443115
720,-2.4407873153686523
721,-6.408954620361328
722,-11.036845207214355
723,-2.638395309448242
724,-6.408102035522461
725,-8.238045692443848
726,0.09713363647460938
727,-5.214971542358398
728,-21.424583435058594
729,0.20909881591796875
730,-5.1797332763671875
731,1.8470134735107422
732,-3.5001087188720703
733,-2.617124557495117
734,-22.637928009033203
735,-2.3628244400024414
736,-2.326310157775879
737,6.459811687469482
738,-9.523454666137695
739,-2.4568214416503906
740,-18.177555084228516
741,-7.446905136108398
742,-1.7286100387573242
743,3.045520305633545
744,-11.21202278137207
745,-2.4341201782226562
746,-20.118244171142578
747,-7.327516555786133
748,-1.7176580429077148
749,3.0601696968078613
750,-11.214493751525879
751,-2.771026611328125
752,-19.93004035949707
753,-7.842319488525391
754,-1.9512319564819336
755,0.6945385932922363
756,-10.597319602966309
757,-2.7517242431640625
758,-17.734331130981445
759,-7.538712501525879
760,-1.9306573867797852
761,1.911303997039795
762,0.6147499084472656
763,0.611785888671875
764,-12.659046173095703
765,-0.04722404479980469
766,0.42942237854003906
767,1.5983123779296875
768,0.7580528259277344
769,4.552799224853516
770,-11.031244277954102
771,-0.9190092086791992
772,4.029401779174805
773,5.909951686859131
774,1.562948226928711
775,8.526151657104492
776,-4.787810325622559
777,-0.2919445037841797
778,7.390911102294922
779,14.674057006835938
780,2.380645751953125
781,9.069398880004883
782,-4.283412456512451
783,0.4858665466308594
784,7.883602142333984
785,15.481739044189453
786,-0.4642190933227539
787,9.371980667114258
788,-8.210346221923828
789,-2.9597721099853516
790,8.265409469604492
791,13.279378890991211
792,-3.0973567962646484
793,-6.736869812011719
794,-10.795265197753906
795,-2.669003486633301
796,-7.172847747802734
797,-12.410244941711426
798,-2.521134376525879
799,-7.179530143737793
800,-12.419221878051758
801,-2.372208595275879
802,-7.1849260330200195
803,-12.423728942871094
804,-2.809809684753418
805,-7.170217514038086
806,-9.930559158325195
807,-2.7622785568237305
808,-7.177654266357422
809,-9.93111801147461
810,-2.7042236328125
811,-7.188116073608398
812,-9.934175491333008
813,-1.436152458190918
814,-7.047449111938477
815,-16.15763282775879
816,-1.7641115188598633
817,-7.095843315124512
818,-5.847425937652588
819,-2.476752281188965
820,-6.405118942260742
821,-11.839763641357422
822,-2.6767845153808594
823,-6.403865814208984
824,-8.633127212524414
825,0.09766197204589844
826,-5.2143964767456055
827,-22.559560775756836
828,0.09782218933105469
829,-5.193865776062012
830,1.6791744232177734
831,-3.465770721435547
832,-2.6208877563476562
833,-24.640689849853516
834,-2.5462961196899414
835,-2.3661413192749023
836,6.518909931182861
837,-9.523695945739746
838,-2.4245834350585938
839,-22.49074935913086
840,-7.76219367980957
841,-1.921736717224121
842,2.866638660430908
843,-11.211404800415039
844,-2.4079647064208984
845,-25.024572372436523
846,-8.494851112365723
847,-1.9131278991699219
848,2.7832159996032715
849,-11.238317489624023
850,-2.738406181335449
851,-24.17525863647461
852,-8.731786727905273
853,-2.168628692626953
854,0.24769067764282227
855,-10.646814346313477
856,-2.721224784851074
857,-21.953571319580078
858,-7.891816139221191
859,-2.0268115997314453
860,1.6234641075134277
861,0.6741161346435547
862,0.6014537811279297
863,-12.84250259399414
864,-0.05267906188964844
865,0.4193000793457031
866,1.7824211120605469
867,0.9071731567382812
868,4.489622116088867
869,-11.359430313110352
870,-0.9192028045654297
871,3.996034622192383
872,6.363657474517822
873,1.9326648712158203
874,8.47773551940918
875,-4.475027561187744
876,-0.3340787887573242
877,7.336528778076172
878,16.1074275970459
879,2.7878761291503906
880,9.01125717163086
881,-3.929344415664673
882,0.4280052185058594
883,7.829137802124023
884,17.009607315063477
885,-0.27700233459472656
886,9.401956558227539
887,-8.604008674621582
888,-2.9664506912231445
889,8.183101654052734
890,14.422555923461914
891,-3.287348747253418
892,-6.7285919189453125
893,-10.884712219238281
894,-2.8682260513305664
895,-7.16501522064209
896,-12.498677253723145
897,-2.729496955871582
898,-7.171141624450684
899,-12.507719039916992
900,-2.5856494903564453
901,-7.176080703735352
902,-12.512643814086914
903,-2.9671125411987305
904,-7.163183212280273
905,-10.075826644897461
906,-2.8978328704833984
907,-7.17072868347168
908,-10.076671600341797
909,-2.8191041946411133
910,-7.181277275085449
911,-10.080391883850098
912,-1.5953130722045898
913,-7.039643287658691
914,-16.34819221496582
915,-1.8375740051269531
916,-7.090790748596191
917,-5.988892078399658
918,-2.6623172760009766
919,-6.393461227416992
920,-11.893891334533691
921,-2.808547019958496
922,-6.3932390213012695
923,-8.795363426208496
924,0.04557609558105469
925,-5.1615400314331055
926,-22.642337799072266
927,0.07306289672851562
928,-5.190916061401367
929,1.5816750526428223
930,-3.46927547454834
931,-2.4115371704101562
932,-24.226903915405273
933,-2.9185476303100586
934,-2.3880386352539062
935,6.501595973968506
936,-9.78997802734375
937,-1.7639541625976562
938,-21.35077667236328
939,-8.226305961608887
940,-1.8314390182495117
941,1.824739933013916
942,-11.547782897949219
943,-1.5989723205566406
944,-23.951953887939453
945,-8.514446258544922
946,-1.7152795791625977
947,1.7299485206604004
948,-11.634087562561035
949,-1.9678678512573242
950,-23.144845962524414
951,-8.854921340942383
952,-1.9227972030639648
953,-0.7926907539367676
954,-10.994855880737305
955,-1.9711971282958984
956,-20.808984756469727
957,-8.384674072265625
958,-1.844630241394043
959,0.572472095489502
960,0.6739578247070312
961,0.6308784484863281
962,-12.732314109802246
963,-0.0070514678955078125
964,0.4295368194580078
965,1.6730151176452637
966,0.9115791320800781
967,4.571102142333984
968,-11.073333740234375
969,-0.8642024993896484
970,4.049995422363281
971,6.160330295562744
972,1.831064224243164
973,8.531930923461914
974,-3.637535333633423
975,-0.1958484649658203
976,7.419162750244141
977,15.708396911621094
978,2.653064727783203
979,9.063455581665039
980,-3.05297589302063
981,0.5729942321777344
982,7.91309928894043
983,16.65042495727539
984,-0.34806156158447266
985,9.333505630493164
986,-7.260505676269531
987,-2.9435529708862305
988,8.36386489868164
989,13.936294555664062
990,-3.3853073120117188
991,-6.724088668823242
992,-10.334677696228027
993,-2.959477424621582
994,-7.157139778137207
995,-12.023887634277344
996,-2.813296318054199
997,-7.1641950607299805
998,-12.031778335571289
999,-2.664255142211914
1000,-7.170289039611816
1001,-12.035501480102539
1002,-3.0782737731933594
1003,-7.154485702514648
1004,-9.512394905090332
1005,-3.0152969360351562
1006,-7.162456512451172
1007,-9.513222694396973
1008,-2.9405956268310547
1009,-7.173547744750977
1010,-9.51675796508789
1011,-1.670699119567871
1012,-7.038627624511719
1013,-16.190401077270508
1014,-1.9469079971313477
1015,-7.088812828063965
1016,-5.308765411376953
1017,-2.7265329360961914
1018,-6.385056495666504
1019,-11.514738082885742
1020,-2.894963264465332
1021,-6.383797645568848
1022,-8.29784107208252
1023,0.04157447814941406
1024,-5.157787322998047
1025,-22.425785064697266
1026,0.03505706787109375
1027,-5.18951416015625
1028,2.3542752265930176
1029,-3.447556495666504
1030,-2.4238128662109375
1031,-24.157224655151367
1032,-3.0511388778686523
1033,-2.404582977294922
1034,6.4230637550354
1035,-9.740362167358398
1036,-1.7112541198730469
1037,-20.676984786987305
1038,-8.110421180725098
1039,-1.722188949584961
1040,1.8084444999694824
1041,-11.466737747192383
1042,-1.4567651748657227
1043,-23.265573501586914
1044,-8.292112350463867
1045,-1.3539848327636719
1046,1.7548518180847168
1047,-11.56295394897461
1048,-1.8678226470947266
1049,-22.405559539794922
1050,-8.602191925048828
1051,-1.5409021377563477
1052,-0.7698216438293457
1053,-10.94753646850586
1054,-1.890512466430664
1055,-20.101360321044922
1056,-8.219115257263184
1057,-1.5285911560058594
1058,0.5662388801574707
1059,0.6743812561035156
1060,0.6669902801513672
1061,-12.856739044189453
1062,0.0049724578857421875
1063,0.4698486328125
1064,1.7981600761413574
1065,0.8929653167724609
1066,4.707307815551758
1067,-10.960926055908203
1068,-0.8478803634643555
1069,4.085062026977539
1070,6.1544671058654785
1071,1.7462234497070312
1072,8.668682098388672
1073,-4.906080722808838
1074,-0.22405433654785156
1075,7.499645233154297
1076,15.38165283203125
1077,2.5545578002929688
1078,9.213508605957031
1079,-4.488936424255371
1080,0.5481452941894531
1081,8.005329132080078
1082,16.319812774658203
1083,-0.42094993591308594
1084,9.526405334472656
1085,-8.663982391357422
1086,-2.9324731826782227
1087,8.417558670043945
1088,13.665910720825195
1089,-3.422116279602051
1090,-6.7108306884765625
1091,-10.149236679077148
1092,-3.0131521224975586
1093,-7.143022537231445
1094,-11.937400817871094
1095,-2.867873191833496
1096,-7.151433944702148
1097,-11.944931030273438
1098,-2.719912528991699
1099,-7.1586503982543945
1100,-11.948270797729492
1101,-3.12532901763916
1102,-7.139131546020508
1103,-9.324304580688477
1104,-3.0582456588745117
1105,-7.147798538208008
1106,-9.324645042419434
1107,-2.978034019470215
1108,-7.15994930267334
1109,-9.328462600708008
1110,-1.7215003967285156
1111,-7.033358573913574
1112,-16.260133743286133
1113,-1.9659357070922852
1114,-7.0836687088012695
1115,-5.010825157165527
1116,-2.753413200378418
1117,-6.378442764282227
1118,-11.453935623168945
1119,-2.91707706451416
1120,-6.376306533813477
1121,-8.098672866821289
1122,0.0355987548828125
1123,-5.153153419494629
1124,-22.75649070739746
1125,0.03498649597167969
1126,-5.186244010925293
1127,2.8457846641540527
1128,-3.4317779541015625
1129,-2.43979549407959
1130,-24.321638107299805
1131,-3.030820846557617
1132,-2.3742189407348633
1133,6.7579264640808105
1134,-9.707496643066406
1135,-1.7286243438720703
1136,-21.153186798095703
1137,-7.833669662475586
1138,-1.3847122192382812
1139,2.1345362663269043
1140,-11.414440155029297
1141,-1.4859132766723633
1142,-23.798660278320312
1143,-6.939713478088379
1144,-0.46344947814941406
1145,2.114243984222412
1146,-11.547046661376953
1147,-1.8926429748535156
1148,-22.808149337768555
1149,-7.247867584228516
1150,-0.6059684753417969
1151,-0.35277509689331055
1152,-10.926464080810547
1153,-1.9112415313720703
1154,-20.560537338256836
1155,-6.976030349731445
1156,-0.67755126953125
1157,0.9364538192749023
1158,0.6751899719238281
1159,0.6990547180175781
1160,-13.151047706604004
1161,0.018030166625976562
1162,0.5002384185791016
1163,2.0901050567626953
1164,1.0103702545166016
1165,4.746852874755859
1166,-10.779413223266602
1167,-0.7424411773681641
1168,4.192375183105469
1169,6.54172945022583
1170,1.8618526458740234
1171,8.831422805786133
1172,-4.281008720397949
1173,-0.07665634155273438
1174,7.661464691162109
1175,15.688667297363281
1176,2.698537826538086
1177,9.383890151977539
1178,-3.7977476119995117
1179,0.7311019897460938
1180,8.165714263916016
1181,16.551355361938477
1182,-0.4352741241455078
1183,9.58829116821289
1184,-8.169159889221191
1185,-2.693020820617676
1186,8.594062805175781
1187,13.947589874267578
1188,-3.8425235748291016
1189,-6.702863693237305
1190,-9.832615852355957
1191,-3.4907703399658203
1192,-7.138124465942383
1193,-11.664077758789062
1194,-3.360955238342285
1195,-7.1470794677734375
1196,-11.669492721557617
1197,-3.2256240844726562
1198,-7.155081748962402
1199,-11.671165466308594
1200,-3.546205520629883
1201,-7.134641647338867
1202,-9.058977127075195
1203,-3.4596900939941406
1204,-7.14404296875
1205,-9.058547973632812
1206,-3.3589582443237305
1207,-7.156930923461914
1208,-9.063115119934082
1209,-2.123286247253418
1210,-7.032721519470215
1211,-16.311859130859375
1212,-2.256305694580078
1213,-7.082658767700195
1214,-5.227385520935059
1215,-3.204495429992676
1216,-6.358272552490234
1217,-11.338740348815918
1218,-3.309001922607422
1219,-6.355116844177246
1220,-8.017885208129883
1221,-0.48372745513916016
1222,-5.152318000793457
1223,-23.442224502563477
1224,0.013200759887695312
1225,-5.1835784912109375
1226,2.721693515777588
1227,-3.1299428939819336
1228,-2.187567710876465
1229,-24.655296325683594
1230,-2.1330509185791016
1231,-2.3085269927978516
1232,6.587092876434326
1233,-8.459955215454102
1234,-0.06256866455078125
1235,-20.7152099609375
1236,-5.865654945373535
1237,-0.09077262878417969
1238,2.2298007011413574
1239,-9.530820846557617
1240,0.4391593933105469
1241,-23.168190002441406
1242,-6.198390960693359
1243,0.48651885986328125
1244,2.4175333976745605
1245,-9.745232582092285
1246,0.26457786560058594
1247,-22.32984161376953
1248,-6.500443458557129
1249,0.4859962463378906
1250,0.054735660552978516
1251,-9.427722930908203
1252,0.13414764404296875
1253,-20.143171310424805
1254,-6.148619651794434
1255,0.3457202911376953
1256,1.085191249847412
1257,0.675140380859375
1258,0.6772861480712891
1259,-13.266727447509766
1260,0.3681983947753906
1261,0.4872322082519531
1262,2.200840950012207
1263,0.8665084838867188
1264,4.753017425537109
1265,-10.462852478027344
1266,-0.5375843048095703
1267,4.234714508056641
1268,6.797028064727783
1269,1.7905731201171875
1270,8.734420776367188
1271,-3.8175172805786133
1272,0.3683147430419922
1273,7.736452102661133
1274,15.426280975341797
1275,2.6196727752685547
1276,9.282747268676758
1277,-3.2717833518981934
1278,1.2386016845703125
1279,8.281848907470703
1280,16.32344627380371
1281,-0.5061244964599609
1282,9.611696243286133
1283,-7.72418212890625
1284,-2.356281280517578
1285,8.61973762512207
1286,13.72923469543457
1287,-4.017396926879883
1288,-6.678391456604004
1289,-10.054346084594727
1290,-3.6476879119873047
1291,-7.125491142272949
1292,-11.837396621704102
1293,-3.519866943359375
1294,-7.134453773498535
1295,-11.843875885009766
1296,-3.389009475708008
1297,-7.142542839050293
1298,-11.846643447875977
1299,-3.703850746154785
1300,-7.1219987869262695
1301,-9.303552627563477
1302,-3.6183223724365234
1303,-7.131237983703613
1304,-9.303573608398438
1305,-3.5213489532470703
1306,-7.143988609313965
1307,-9.308341026306152
1308,-2.325101852416992
1309,-7.022605895996094
1310,-16.571117401123047
1311,-2.435026168823242
1312,-7.073038101196289
1313,-5.421297550201416
1314,-3.3836402893066406
1315,-6.335273742675781
1316,-11.412215232849121
1317,-3.473433494567871
1318,-6.332368850708008
1319,-8.218363761901855
1320,-0.6074886322021484
1321,-5.139331817626953
1322,-23.77861785888672
1323,-0.09731483459472656
1324,-5.166059494018555
1325,2.7461342811584473
1326,-3.0461959838867188
1327,-1.9590158462524414
1328,-24.597618103027344
1329,-2.1547393798828125
1330,-2.163450241088867
1331,6.4231648445129395
1332,-8.168852806091309
1333,0.20731353759765625
1334,-20.37906265258789
1335,-6.170839309692383
1336,-0.012012481689453125
1337,2.3845677375793457
1338,-9.058916091918945
1339,0.6756229400634766
1340,-22.766218185424805
1341,-6.254616737365723
1342,0.6461162567138672
1343,2.6135506629943848
1344,-9.383539199829102
1345,0.5239086151123047
1346,-22.026660919189453
1347,-6.564090728759766
1348,0.6760501861572266
1349,0.20236682891845703
1350,-9.052942276000977
1351,0.4037189483642578
1352,-19.83484649658203
1353,-6.793394088745117
1354,0.32915306091308594
1355,1.2314658164978027
1356,0.7091407775878906
1357,0.6761646270751953
1358,-13.196144104003906
1359,0.4986591339111328
1360,0.5382843017578125
1361,2.131166458129883
1362,0.7562046051025391
1363,4.915815353393555
1364,-10.462289810180664
1365,-0.5000066757202148
1366,4.353515625
1367,6.474838733673096
1368,1.7430458068847656
1369,8.942657470703125
1370,-4.115778923034668
1371,0.7044715881347656
1372,7.998575210571289
1373,13.840879440307617
1374,2.5924816131591797
1375,9.501842498779297
1376,-3.6318888664245605
1377,1.6185779571533203
1378,8.545528411865234
1379,14.482192993164062
1380,-0.5953664779663086
1381,9.891510009765625
1382,-7.517060279846191
1383,-1.8315954208374023
1384,8.934589385986328
1385,11.928190231323242
1386,-4.466994285583496
1387,-6.672760009765625
1388,-10.064687728881836
1389,-4.106419563293457
1390,-7.112921714782715
1391,-11.846208572387695
1392,-3.98776912689209
1393,-7.121050834655762
1394,-11.8494234085083
1395,-3.8605566024780273
1396,-7.1289215087890625
1397,-11.852272033691406
1398,-4.143131256103516
1399,-7.110522270202637
1400,-9.382190704345703
1401,-4.041465759277344
1402,-7.119514465332031
1403,-9.383768081665039
1404,-3.936239242553711
1405,-7.13188362121582
1406,-9.3892822265625
1407,-2.7736034393310547
1408,-7.008378982543945
1409,-16.873762130737305
1410,-2.836514472961426
1411,-7.06008243560791
1412,-5.695888519287109
1413,-3.8368711471557617
1414,-6.315295219421387
1415,-11.645877838134766
1416,-3.905302047729492
1417,-6.31138801574707
1418,-8.406608581542969
1419,-1.0343427658081055
1420,-5.0913543701171875
1421,-23.895343780517578
1422,-0.24025726318359375
1423,-5.153936386108398
1424,2.582888126373291
1425,-2.6128110885620117
1426,-1.8517522811889648
1427,-24.827058792114258
1428,-1.1624755859375
1429,-2.009084701538086
1430,5.049418926239014
1431,-6.664802551269531
1432,0.9020023345947266
1433,-20.413442611694336
1434,-3.548093795776367
1435,0.61688232421875
1436,1.493009090423584
1437,-7.306568145751953
1438,1.497903823852539
1439,-22.770305633544922
1440,-3.9999732971191406
1441,1.2267704010009766
1442,1.7860040664672852
1443,-7.764192581176758
1444,1.4482841491699219
1445,-22.020051956176758
1446,-4.24263858795166
1447,1.2902545928955078
1448,-0.7029356956481934
1449,-7.58820915222168
1450,1.2747573852539062
1451,-19.86136817932129
1452,-4.090070724487305
1453,1.0803279876708984
1454,0.3503556251525879
1455,0.7252769470214844
1456,0.6617393493652344
1457,-13.083492279052734
1458,0.6001091003417969
1459,0.5234565734863281
1460,2.0187716484069824
1461,0.8066749572753906
1462,4.940279006958008
1463,-9.646657943725586
1464,-0.3413887023925781
1465,4.417522430419922
1466,6.400082111358643
1467,2.018980026245117
1468,8.918628692626953
1469,-4.086919784545898
1470,1.1016063690185547
1471,7.993965148925781
1472,13.873250961303711
1473,2.950115203857422
1474,9.484603881835938
1475,-3.3796403408050537
1476,1.9969444274902344
1477,8.529281616210938
1478,14.532083511352539
1479,-0.142242431640625
1480,9.843500137329102
1481,-7.1220550537109375
1482,-1.174367904663086
1483,8.961175918579102
1484,11.908218383789062
1485,-4.661236763000488
1486,-6.655804634094238
1487,-10.735784530639648
1488,-4.288405418395996
1489,-7.092988967895508
1490,-12.476125717163086
1491,-4.169417381286621
1492,-7.100971221923828
1493,-12.477728843688965
1494,-4.047821998596191
1495,-7.108838081359863
1496,-12.479044914245605
1497,-4.327319145202637
1498,-7.091249465942383
1499,-9.972711563110352
1500,-4.230852127075195
1501,-7.100183486938477
1502,-9.972745895385742
1503,-4.127506256103516
1504,-7.113007545471191
1505,-9.977018356323242
1506,-2.9853668212890625
1507,-6.992931365966797
1508,-17.473831176757812
1509,-3.0212087631225586
1510,-7.04541015625
1511,-6.483163833618164
1512,-4.0193939208984375
1513,-6.297612190246582
1514,-12.386866569519043
1515,-4.078557968139648
1516,-6.290884017944336
1517,-9.184112548828125
1518,-1.1561431884765625
1519,-5.053252220153809
1520,-24.006080627441406
1521,-0.39978885650634766
1522,-5.122123718261719
1523,1.7014970779418945
1524,-2.5010299682617188
1525,-1.7138633728027344
1526,-24.70361328125
1527,-1.1825132369995117
1528,-1.880904197692871
1529,3.878293514251709
1530,-6.258098602294922
1531,1.0214729309082031
1532,-19.94301986694336
1533,-4.10111141204834
1534,0.7453651428222656
1535,0.5522780418395996
1536,-6.974100112915039
1537,1.58642578125
1538,-22.161304473876953
1539,-4.374205589294434
1540,1.491647720336914
1541,0.6640386581420898
1542,-7.272141456604004
1543,1.5297775268554688
1544,-21.558401107788086
1545,-4.970696449279785
1546,1.3642082214355469
1547,-1.7318034172058105
1548,-7.112578392028809
1549,1.3532028198242188
1550,-19.456466674804688
1551,-4.5297040939331055
1552,1.1092338562011719
1553,-0.572028636932373
1554,0.7872028350830078
1555,0.6646080017089844
1556,-13.032000541687012
1557,0.6944427490234375
1558,0.5452651977539062
1559,1.969618320465088
1560,0.9237155914306641
1561,4.992700576782227
1562,-9.604291915893555
1563,-0.17213821411132812
1564,4.506202697753906
1565,5.9468560218811035
1566,3.505033493041992
1567,8.784292221069336
1568,-3.8729124069213867
1569,2.031526565551758
1570,7.925386428833008
1571,12.66323471069336
1572,4.679738998413086
1573,9.343856811523438
1574,-3.3337855339050293
1575,3.050844192504883
1576,8.41309928894043
1577,13.178321838378906
1578,1.899148941040039
1579,9.720224380493164
1580,-7.342671871185303
1581,0.2963600158691406
1582,8.987079620361328
1583,10.272100448608398
1584,-4.723418235778809
1585,-6.643490791320801
1586,-10.812457084655762
1587,-4.315507888793945
1588,-7.0832977294921875
1589,-12.558441162109375
1590,-4.193799018859863
1591,-7.091451644897461
1592,-12.559225082397461
1593,-4.07429313659668
1594,-7.098974227905273
1595,-12.5599365234375
1596,-4.36482048034668
1597,-7.081782341003418
1598,-9.994795799255371
1599,-4.271561622619629
1600,-7.091069221496582
1601,-9.994296073913574
1602,-4.172199249267578
1603,-7.103837966918945
1604,-9.998266220092773
1605,-3.0503387451171875
1606,-6.981954574584961
1607,-17.548126220703125
1608,-3.086587905883789
1609,-7.03691291809082
1610,-6.489310264587402
1611,-4.039444923400879
1612,-6.283041954040527
1613,-12.483293533325195
1614,-4.1240434646606445
1615,-6.273167610168457
1616,-9.241846084594727
1617,-1.1798791885375977
1618,-5.026126861572266
1619,-24.105506896972656
1620,-0.4621753692626953
1621,-5.111223220825195
1622,1.6705970764160156
1623,-2.3880252838134766
1624,-1.6964073181152344
1625,-24.903221130371094
1626,-1.2123746871948242
1627,-1.8886394500732422
1628,4.073602199554443
1629,-6.127178192138672
1630,1.0127315521240234
1631,-20.02885627746582
1632,-3.70291805267334
1633,0.7492656707763672
1634,0.8677468299865723
1635,-6.853176116943359
1636,1.604501724243164
1637,-22.204862594604492
1638,-4.212358474731445
1639,1.3408756256103516
1640,1.0614185333251953
1641,-7.097460746765137
1642,1.4835739135742188
1643,-21.580263137817383
1644,-4.53143310546875
1645,1.3660659790039062
1646,-1.3788752555847168
1647,-6.9624433517456055
1648,1.3790512084960938
1649,-19.521629333496094
1650,-4.20681095123291
1651,1.1811676025390625
1652,-0.26992225646972656
1653,0.8096504211425781
1654,0.6599102020263672
1655,-12.964065551757812
1656,0.7438926696777344
1657,0.5335502624511719
1658,1.9016656875610352
1659,0.9063224792480469
1660,5.023061752319336
1661,-9.582013130187988
1662,0.02040863037109375
1663,4.580121994018555
1664,5.923849582672119
1665,3.0787620544433594
1666,8.908754348754883
1667,-3.6705520153045654
1668,1.6881294250488281
1669,8.100187301635742
1670,12.616897583007812
1671,4.123971939086914
1672,9.465904235839844
1673,-3.1716432571411133
1674,2.6038341522216797
1675,8.62791633605957
1676,13.11851692199707
1677,1.3757610321044922
1678,9.70355224609375
1679,-7.334771156311035
1680,-0.28090667724609375
1681,9.11142349243164
1682,9.972721099853516
1683,-5.674246788024902
1684,-6.467042922973633
1685,-12.824191093444824
1686,-5.356512069702148
1687,-6.903009414672852
1688,-14.449516296386719
1689,-5.216031074523926
1690,-6.9114990234375
1691,-14.450529098510742
1692,-5.075096130371094
1693,-6.919705390930176
1694,-14.454635620117188
1695,-5.474688529968262
1696,-6.898189544677734
1697,-12.008947372436523
1698,-5.419434547424316
1699,-6.904803276062012
1700,-12.009063720703125
1701,-5.358476638793945
1702,-6.915212631225586
1703,-12.014286041259766
1704,-3.884817123413086
1705,-6.812311172485352
1706,-19.236719131469727
1707,-4.141238212585449
1708,-6.848275184631348
1709,-8.71504020690918
1710,-4.9035234451293945
1711,-6.12013053894043
1712,-14.382946014404297
1713,-5.095483779907227
1714,-6.110191345214844
1715,-11.292987823486328
1716,-1.341400146484375
1717,-4.9660234451293945
1718,-25.080495834350586
1719,-0.9325170516967773
1720,-5.000025749206543
1721,-0.8710904121398926
1722,-0.6598348617553711
1723,-1.6583147048950195
1724,-25.491168975830078
1725,-0.015560150146484375
1726,-1.873739242553711
1727,2.28664493560791
1728,-1.3711109161376953
1729,1.239776611328125
1730,-21.51068115234375
1731,-0.8227090835571289
1732,0.5752792358398438
1733,0.5451726913452148
1734,-1.5347347259521484
1735,2.0807132720947266
1736,-23.668071746826172
1737,-0.8136005401611328
1738,1.1589012145996094
1739,1.2283120155334473
1740,-1.8111743927001953
1741,2.097637176513672
1742,-22.9429988861084
1743,-1.1448602676391602
1744,1.2028274536132812
1745,-1.129730224609375
1746,-1.7244768142700195
1747,1.7663211822509766
1748,-21.04611587524414
1749,-0.948817253112793
1750,0.9237785339355469
1751,-0.4680461883544922
1752,0.898529052734375
1753,0.6539287567138672
1754,-12.926244735717773
1755,0.9030666351318359
1756,0.5267486572265625
1757,1.8640022277832031
1758,1.0848217010498047
1759,5.012784957885742
1760,-9.447319030761719
1761,0.4172019958496094
1762,4.528505325317383
1763,5.88113260269165
1764,3.254688262939453
1765,8.699731826782227
1766,-3.6202762126922607
1767,2.1315536499023438
1768,7.9708251953125
1769,12.83314323425293
1770,4.305427551269531
1771,9.204696655273438
1772,-3.074537515640259
1773,3.098543167114258
1774,8.512580871582031
1775,13.402156829833984
1776,1.264169692993164
1777,9.517393112182617
1778,-6.764469146728516
1779,-0.24385643005371094
1780,9.070398330688477
1781,10.155160903930664
1782,-5.925409317016602
1783,-6.356050491333008
1784,-13.445480346679688
1785,-5.631776809692383
1786,-6.808086395263672
1787,-15.145275115966797
1788,-5.486347198486328
1789,-6.822394371032715
1790,-15.148002624511719
1791,-5.342042922973633
1792,-6.836533546447754
1793,-15.153366088867188
1794,-5.733896255493164
1795,-6.797795295715332
1796,-12.7281494140625
1797,-5.662046432495117
1798,-6.805121421813965
1799,-12.727954864501953
1800,-5.589422225952148
1801,-6.816776275634766
1802,-12.734132766723633
1803,-4.126032829284668
1804,-6.747435569763184
1805,-19.91030502319336
1806,-4.382427215576172
1807,-6.775120735168457
1808,-9.474054336547852
1809,-5.133425712585449
1810,-6.018135070800781
1811,-14.941532135009766
1812,-5.3109331130981445
1813,-6.005331039428711
1814,-11.875791549682617
1815,-1.4665660858154297
1816,-4.938246726989746
1817,-25.109477996826172
1818,-1.259242057800293
1819,-4.920675277709961
1820,-1.8317410945892334
1821,-0.4626188278198242
1822,-1.733046531677246
1823,-25.208484649658203
1824,0.079071044921875
1825,-1.8778963088989258
1826,1.814073085784912
1827,-0.8162860870361328
1828,1.2323246002197266
1829,-21.434846878051758
1830,-0.2893533706665039
1831,0.6961441040039062
1832,0.4795045852661133
1833,-0.9289064407348633
1834,2.0402603149414062
1835,-23.5709285736084
1836,-0.4599800109863281
1837,1.3667583465576172
1838,1.2711210250854492
1839,-1.2159061431884766
1840,2.1105194091796875
1841,-22.82311248779297
1842,-0.5323238372802734
1843,1.4517688751220703
1844,-1.1131677627563477
1845,-1.1467161178588867
1846,1.7696285247802734
1847,-20.965320587158203
1848,-0.5199184417724609
1849,1.1602020263671875
1850,-0.5127458572387695
1851,1.0181617736816406
1852,0.6514301300048828
1853,-12.600393295288086
1854,0.9062843322753906
1855,0.5252895355224609
1856,1.5405054092407227
1857,1.551095962524414
1858,4.9271240234375
1859,-7.723014831542969
1860,0.7049007415771484
1861,4.41609001159668
1862,6.050191402435303
1863,3.492340087890625
1864,8.416460037231445
1865,-1.0479698181152344
1866,2.1009292602539062
1867,7.623512268066406
1868,14.29433822631836
1869,3.999666213989258
1870,8.673746109008789
1871,-0.601893424987793
1872,3.0336055755615234
1873,8.148380279541016
1874,15.034797668457031
1875,1.6487674713134766
1876,9.030891418457031
1877,-4.302425384521484
1878,-0.36286163330078125
1879,8.578201293945312
1880,12.845102310180664
1881,-6.179566383361816
1882,-6.335284233093262
1883,-13.778068542480469
1884,-5.800301551818848
1885,-6.7820844650268555
1886,-15.489486694335938
1887,-5.650862693786621
1888,-6.797662734985352
1889,-15.492717742919922
1890,-5.502293586730957
1891,-6.81300163269043
1892,-15.498580932617188
1893,-5.910921096801758
1894,-6.7686357498168945
1895,-13.078535079956055
1896,-5.837189674377441
1897,-6.776141166687012
1898,-13.078516006469727
1899,-5.762668609619141
1900,-6.787322998046875
1901,-13.084896087646484
1902,-4.306614875793457
1903,-6.730703353881836
1904,-20.159290313720703
1905,-4.591411590576172
1906,-6.754000663757324
1907,-9.751398086547852
1908,-5.375310897827148
1909,-5.9934844970703125
1910,-15.235885620117188
1911,-5.5656938552856445
1912,-5.977246284484863
1913,-12.1798095703125
1914,-1.5372953414916992
1915,-4.921070098876953
1916,-25.108604431152344
1917,-1.5613117218017578
1918,-4.857165336608887
1919,-2.1740331649780273
1920,-0.07962608337402344
1921,-1.7772741317749023
1922,-25.02349281311035
1923,-0.014698028564453125
1924,-1.911764144897461
1925,1.6720037460327148
1926,-0.6952838897705078
1927,1.2794132232666016
1928,-21.37014389038086
1929,-0.2356090545654297
1930,0.7436885833740234
1931,0.3261575698852539
1932,-0.7977409362792969
1933,2.074483871459961
1934,-23.392269134521484
1935,-0.5032415390014648
1936,1.3371200561523438
1937,1.1265301704406738
1938,-1.1089057922363281
1939,2.1314773559570312
1940,-22.764135360717773
1941,-0.5115671157836914
1942,1.5315017700195312
1943,-1.258436679840088
1944,-1.0543270111083984
1945,1.8001289367675781
1946,-20.961109161376953
1947,-0.5183734893798828
1948,1.2400016784667969
1949,-0.6567020416259766
1950,1.0930023193359375
1951,0.6457386016845703
1952,-12.301950454711914
1953,0.8796272277832031
1954,0.5168666839599609
1955,1.2434730529785156
1956,1.8708724975585938
1957,4.921937942504883
1958,-7.835658073425293
1959,0.6952114105224609
1960,4.404550552368164
1961,5.842248439788818
1962,3.7426528930664062
1963,8.313079833984375
1964,-1.2083420753479004
1965,2.1376514434814453
1966,7.570549011230469
1967,14.074539184570312
1968,3.903461456298828
1969,8.549732208251953
1970,-0.77813720703125
1971,3.082681655883789
1972,8.079910278320312
1973,14.795236587524414
1974,2.0249671936035156
1975,8.92462158203125
1976,-4.520765781402588
1977,-0.26635074615478516
1978,8.552719116210938
1979,12.764333724975586
1980,-6.815523147583008
1981,-6.1758527755737305
1982,-13.426889419555664
1983,-6.49639892578125
1984,-6.602649688720703
1985,-15.089780807495117
1986,-6.357063293457031
1987,-6.61759090423584
1988,-15.093463897705078
1989,-6.212942123413086
1990,-6.634357452392578
1991,-15.099760055541992
1992,-6.590213775634766
1993,-6.59732723236084
1994,-12.668481826782227
1995,-6.518780708312988
1996,-6.6086578369140625
1997,-12.667803764343262
1998,-6.442801475524902
1999,-6.62409782409668
2000,-12.673219680786133
2001,-4.938576698303223
2002,-6.5733137130737305
2003,-19.785415649414062
2004,-5.220813751220703
2005,-6.595592498779297
2006,-9.301460266113281
2007,-6.046575546264648
2008,-5.843273162841797
2009,-14.910198211669922
2010,-6.198760986328125
2011,-5.824008941650391
2012,-11.833596229553223
2013,-1.728525161743164
2014,-4.808473587036133
2015,-24.719675064086914
2016,-1.9506416320800781
2017,-4.771622657775879
2018,-2.161956548690796
2019,0.8136367797851562
2020,-1.6866178512573242
2021,-24.93863296508789
2022,0.7951335906982422
2023,-1.9331302642822266
2024,1.6838197708129883
2025,1.454519271850586
2026,1.3669891357421875
2027,-21.313337326049805
2028,1.2921295166015625
2029,0.5709171295166016
2030,0.49118566513061523
2031,2.082277297973633
2032,2.2923583984375
2033,-23.35739517211914
2034,2.0813426971435547
2035,1.3154582977294922
2036,1.314164638519287
2037,1.3750953674316406
2038,2.3454818725585938
2039,-22.66220474243164
2040,1.8461875915527344
2041,1.4552726745605469
2042,-0.956446647644043
2043,1.1470489501953125
2044,2.0038814544677734
2045,-20.881183624267578
2046,1.810098648071289
2047,1.2166385650634766
2048,-0.42891931533813477
2049,1.3522815704345703
2050,0.6401348114013672
2051,-12.269088745117188
2052,1.0384578704833984
2053,0.509124755859375
2054,1.2104172706604004
2055,2.307310104370117
2056,4.818593978881836
2057,-7.837683200836182
2058,1.319345474243164
2059,4.389495849609375
2060,5.9508137702941895
2061,4.629367828369141
2062,8.178321838378906
2063,-0.7382960319519043
2064,2.951038360595703
2065,7.4912567138671875
2066,14.85879135131836
2067,5.464303970336914
2068,8.53896713256836
2069,-0.24106979370117188
2070,3.9714317321777344
2071,7.985343933105469
2072,15.694347381591797
2073,2.902301788330078
2074,8.853769302368164
2075,-3.5348215103149414
2076,0.46487998962402344
2077,8.520402908325195
2078,13.985666275024414
2079,-7.078895568847656
2080,-6.121712684631348
2081,-14.358114242553711
2082,-6.7150373458862305
2083,-6.541369438171387
2084,-16.019729614257812
2085,-6.570155143737793
2086,-6.559516906738281
2087,-16.022706985473633
2088,-6.420631408691406
2089,-6.578631401062012
2090,-16.02948570251465
2091,-6.814966201782227
2092,-6.531862258911133
2093,-13.643701553344727
2094,-6.74111270904541
2095,-6.54426383972168
2096,-13.642656326293945
2097,-6.662232398986816
2098,-6.559818267822266
2099,-13.646289825439453
2100,-5.187664985656738
2101,-6.527766227722168
2102,-20.5638427734375
2103,-5.466882705688477
2104,-6.54046630859375
2105,-10.223628997802734
2106,-6.301372528076172
2107,-5.790412902832031
2108,-15.804380416870117
2109,-6.462240219116211
2110,-5.767514228820801
2111,-12.777158737182617
2112,-1.7351903915405273
2113,-4.7790374755859375
2114,-24.73574447631836
2115,-2.440977096557617
2116,-4.687207221984863
2117,-3.378676652908325
2118,1.3780937194824219
2119,-1.7369108200073242
2120,-24.864521026611328
2121,0.7809829711914062
2122,-1.9142723083496094
2123,1.19529390335083
2124,1.9621410369873047
2125,1.2311019897460938
2126,-21.271316528320312
2127,1.3060073852539062
2128,0.5066604614257812
2129,0.1527266502380371
2130,2.6162586212158203
2131,2.1111087799072266
2132,-23.327526092529297
2133,2.0024471282958984
2134,1.17852783203125
2135,0.9934601783752441
2136,1.9475440979003906
2137,2.202014923095703
2138,-22.58791160583496
2139,1.7852420806884766
2140,1.2972412109375
2141,-1.338869571685791
2142,1.6875457763671875
2143,1.855581283569336
2144,-20.821062088012695
2145,1.2833213806152344
2146,1.1202545166015625
2147,-0.7710528373718262
2148,1.7175655364990234
2149,0.5576038360595703
2150,-12.002755165100098
2151,1.0004005432128906
2152,0.4655036926269531
2153,0.9462056159973145
2154,2.3450145721435547
2155,4.795738220214844
2156,-9.289125442504883
2157,1.107381820678711
2158,4.373928070068359
2159,5.354466915130615
2160,6.960077285766602
2161,7.295881271362305
2162,-2.791539430618286
2163,3.6330413818359375
2164,7.278186798095703
2165,12.380393981933594
2166,8.086462020874023
2167,7.467874526977539
2168,-2.2186129093170166
2169,4.700117111206055
2170,7.640598297119141
2171,12.988422393798828
2172,7.099369049072266
2173,8.312288284301758
2174,-3.8397397994995117
2175,2.3425979614257812
2176,8.509710311889648
2177,11.095001220703125
2178,-7.299483299255371
2179,-6.141968727111816
2180,-14.212347030639648
2181,-6.852232933044434
2182,-6.545440673828125
2183,-15.775169372558594
2184,-6.708771705627441
2185,-6.560911178588867
2186,-15.778724670410156
2187,-6.5664167404174805
2188,-6.576747894287109
2189,-15.792633056640625
2190,-6.9292144775390625
2191,-6.537458419799805
2192,-13.190196990966797
2193,-6.837883949279785
2194,-6.54849910736084
2195,-13.186351776123047
2196,-6.745004653930664
2197,-6.562073707580566
2198,-13.191615104675293
2199,-5.327425003051758
2200,-6.51667594909668
2201,-20.19091033935547
2202,-5.558931350708008
2203,-6.535948753356934
2204,-9.73620891571045
2205,-6.564780235290527
2206,-5.803691864013672
2207,-15.54342269897461
2208,-6.678801536560059
2209,-5.7828874588012695
2210,-12.757716178894043
2211,-1.802565574645996
2212,-4.715588569641113
2213,-24.13602638244629
2214,-2.540919303894043
2215,-4.67572021484375
2216,-2.378943920135498
2217,1.374013900756836
2218,-1.690556526184082
2219,-23.467082977294922
2220,1.1680736541748047
2221,-1.9363059997558594
2222,1.7955374717712402
2223,2.093984603881836
2224,1.2902107238769531
2225,-20.359046936035156
2226,1.8577194213867188
2227,0.4677848815917969
2228,0.46254634857177734
2229,2.7013683319091797
2230,2.1650238037109375
2231,-22.29269790649414
2232,2.8119068145751953
2233,1.1472969055175781
2234,1.213667869567871
2235,2.0183563232421875
2236,2.252542495727539
2237,-21.68501853942871
2238,2.563465118408203
2239,1.3019866943359375
2240,-1.0880169868469238
2241,1.7531909942626953
2242,1.9319572448730469
2243,-19.959823608398438
2244,2.462717056274414
2245,1.1000518798828125
2246,-0.47110462188720703
2247,1.7909374237060547
2248,0.5572013854980469
2249,-11.8735990524292
2250,1.0555534362792969
2251,0.45260047912597656
2252,0.8188014030456543
2253,2.321014404296875
2254,4.756906509399414
2255,-9.328533172607422
2256,1.1778564453125
2257,4.349161148071289
2258,4.786802768707275
2259,5.63939094543457
2260,7.482797622680664
2261,-1.1029047966003418
2262,3.368907928466797
2263,7.219566345214844
2264,12.526641845703125
2265,6.613473892211914
2266,7.794721603393555
2267,-0.40047788619995117
2268,4.332878112792969
2269,7.605064392089844
2270,13.009651184082031
2271,4.580816268920898
2272,8.393871307373047
2273,-3.2004523277282715
2274,1.5216903686523438
2275,8.427082061767578
2276,11.111757278442383
2277,-7.785367012023926
2278,-5.785181045532227
2279,-10.092161178588867
2280,-7.531886100769043
2281,-6.211174964904785
2282,-11.530945777893066
2283,-7.403731346130371
2284,-6.226958274841309
2285,-11.535091400146484
2286,-7.272997856140137
2287,-6.244572639465332
2288,-11.544166564941406
2289,-7.586956024169922
2290,-6.210901260375977
2291,-9.017518997192383
2292,-7.500970840454102
2293,-6.225079536437988
2294,-9.012645721435547
2295,-7.406396865844727
2296,-6.243490219116211
2297,-9.014994621276855
2298,-5.953555107116699
2299,-6.213645935058594
2300,-16.158361434936523
2301,-6.126980781555176
2302,-6.2396650314331055
2303,-5.4462409019470215
2304,-6.995059013366699
2305,-5.474365234375
2306,-11.67988395690918
2307,-7.078563690185547
2308,-5.448705673217773
2309,-8.608172416687012
2310,-2.2572784423828125
2311,-4.562225341796875
2312,-21.281139373779297
2313,-2.6351547241210938
2314,-4.482022285461426
2315,0.5665578842163086
2316,1.6623210906982422
2317,-1.7342300415039062
2318,-21.877161026000977
2319,1.2277870178222656
2320,-1.9541072845458984
2321,2.873203754425049
2322,4.315528869628906
2323,1.0172615051269531
2324,-20.15030288696289
2325,3.3129615783691406
2326,0.41226959228515625
2327,0.897181510925293
2328,5.508548736572266
2329,1.6395931243896484
2330,-22.175891876220703
2331,4.078277587890625
2332,1.0162029266357422
2333,1.66766357421875
2334,4.466238021850586
2335,1.851755142211914
2336,-21.550893783569336
2337,3.3796424865722656
2338,1.3306751251220703
2339,-0.30800724029541016
2340,4.016054153442383
2341,1.6249656677246094
2342,-19.764772415161133
2343,3.483335494995117
2344,1.0779552459716797
2345,0.0805506706237793
2346,1.874368667602539
2347,0.7245349884033203
2348,-11.928181648254395
2349,1.2504158020019531
2350,0.6275424957275391
2351,0.8763003349304199
2352,2.215911865234375
2353,5.186254501342773
2354,-10.292452812194824
2355,1.5776996612548828
2356,4.464200973510742
2357,4.317480564117432
2358,5.842729568481445
2359,7.623567581176758
2360,-3.8714303970336914
2361,4.06669807434082
2362,7.469806671142578
2363,11.055257797241211
2364,7.137628555297852
2365,7.930280685424805
2366,-3.3495988845825195
2367,5.209175109863281
2368,7.837442398071289
2369,11.535932540893555
2370,5.119119644165039
2371,8.962501525878906
2372,-5.064290523529053
2373,2.3194961547851562
2374,8.837751388549805
2375,9.36728286743164
2376,-7.996499061584473
2377,-5.730264663696289
2378,-10.475788116455078
2379,-7.704924583435059
2380,-6.156609535217285
2381,-12.0360107421875
2382,-7.570110321044922
2383,-6.175543785095215
2384,-12.040836334228516
2385,-7.431346893310547
2386,-6.194397926330566
2387,-12.048416137695312
2388,-7.765529632568359
2389,-6.150897026062012
2390,-9.537059783935547
2391,-7.679306983947754
2392,-6.165956497192383
2393,-9.534599304199219
2394,-7.584381103515625
2395,-6.183366775512695
2396,-9.538482666015625
2397,-6.117618560791016
2398,-6.159689903259277
2399,-16.487695693969727
2400,-6.295638084411621
2401,-6.177154541015625
2402,-5.928173065185547
2403,-7.205270767211914
2404,-5.4075727462768555
2405,-12.022467613220215
2406,-7.287968635559082
2407,-5.380083084106445
2408,-8.932621002197266
2409,-2.533357620239258
2410,-4.483039855957031
2411,-21.4857120513916
2412,-2.70742130279541
2413,-4.375887870788574
2414,0.4946298599243164
2415,1.7288818359375
2416,-1.76702880859375
2417,-22.316797256469727
2418,1.317098617553711
2419,-1.9616804122924805
2420,2.9616589546203613
2421,4.551362991333008
2422,0.9491519927978516
2423,-21.088788986206055
2424,3.903715133666992
2425,0.38995933532714844
2426,1.0027422904968262
2427,5.77979850769043
2428,1.5085334777832031
2429,-22.92261505126953
2430,4.703821182250977
2431,0.9760818481445312
2432,1.7080888748168945
2433,5.150165557861328
2434,1.7744884490966797
2435,-22.22393798828125
2436,4.351503372192383
2437,1.2973175048828125
2438,-0.290799617767334
2439,4.589113235473633
2440,1.5934906005859375
2441,-20.674320220947266
2442,3.97552490234375
2443,1.042205810546875
2444,0.14814281463623047
2445,1.8979682922363281
2446,0.7978324890136719
2447,-12.048398971557617
2448,1.3601036071777344
2449,0.7148799896240234
2450,0.9985966682434082
2451,2.074007034301758
2452,5.4844818115234375
2453,-13.613632202148438
2454,1.6374435424804688
2455,4.73304557800293
2456,3.9803662300109863
2457,8.963455200195312
2458,5.540191650390625
2459,-6.1788129806518555
2460,8.43275260925293
2461,5.950878143310547
2462,8.889432907104492
2463,10.362113952636719
2464,4.94672966003418
2465,-5.491607666015625
2466,9.715402603149414
2467,5.161312103271484
2468,9.145925521850586
2469,11.964057922363281
2470,7.263084411621094
2471,-5.95150899887085
2472,10.289663314819336
2473,7.345685958862305
2474,7.332326412200928
2475,-9.310342788696289
2476,-4.568808555603027
2477,-10.368607521057129
2478,-9.049985885620117
2479,-5.007885932922363
2480,-11.849136352539062
2481,-8.933023452758789
2482,-5.034243583679199
2483,-11.853713989257812
2484,-8.816666603088379
2485,-5.062411308288574
2486,-11.861536979675293
2487,-9.066024780273438
2488,-5.019388198852539
2489,-9.469477653503418
2490,-8.96673583984375
2491,-5.051058769226074
2492,-9.467297554016113
2493,-8.866804122924805
2494,-5.085041046142578
2495,-9.471899032592773
2496,-7.5382080078125
2497,-5.127579689025879
2498,-16.058956146240234
2499,-7.6108856201171875
2500,-5.167583465576172
2501,-5.77988862991333
2502,-8.475908279418945
2503,-4.341005325317383
2504,-11.837724685668945
2505,-8.473091125488281
2506,-4.328779220581055
2507,-8.822074890136719
2508,-3.194638252258301
2509,-3.8161916732788086
2510,-20.73284339904785
2511,-3.63602352142334
2512,-3.698592185974121
2513,0.25043678283691406
2514,2.5897998809814453
2515,-1.8984136581420898
2516,-21.864295959472656
2517,1.8153648376464844
2518,-1.9686956405639648
2519,1.2471890449523926
2520,8.013608932495117
2521,-0.15966415405273438
2522,-20.26881980895996
2523,5.985195159912109
2524,0.0558624267578125
2525,-1.7882871627807617
2526,9.91710090637207
2527,0.07587051391601562
2528,-21.952411651611328
2529,7.96717643737793
2530,0.8599739074707031
2531,-1.6796350479125977
2532,9.747167587280273
2533,0.4779491424560547
2534,-21.58473014831543
2535,8.007194519042969
2536,1.0847434997558594
2537,-3.0884346961975098
2538,8.900703430175781
2539,0.5339393615722656
2540,-20.07408332824707
2541,6.691997528076172
2542,0.5761928558349609
2543,-2.5272085666656494
2544,2.772777557373047
2545,1.1052379608154297
2546,-12.134422302246094
2547,1.9428081512451172
2548,1.1119060516357422
2549,1.0811281204223633
2550,2.2126922607421875
2551,5.99534797668457
2552,-15.218450546264648
2553,1.6373825073242188
2554,4.852756500244141
2555,3.9030280113220215
2556,8.993663787841797
2557,5.676490783691406
2558,-5.334524631500244
2559,7.063323974609375
2560,6.00309944152832
2561,9.513317108154297
2562,9.999422073364258
2563,4.732152938842773
2564,-4.517146587371826
2565,8.19407844543457
2566,5.787786483764648
2567,9.894035339355469
2568,10.851665496826172
2569,6.836822509765625
2570,-3.9701523780822754
2571,7.650671005249023
2572,7.227275848388672
2573,8.711278915405273
2574,-9.543681144714355
2575,-4.438608169555664
2576,-9.127341270446777
2577,-9.302294731140137
2578,-4.848446846008301
2579,-10.661441802978516
2580,-9.191091537475586
2581,-4.871230125427246
2582,-10.663370132446289
2583,-9.07669448852539
2584,-4.893712043762207
2585,-10.670186996459961
2586,-9.328868865966797
2587,-4.855428695678711
2588,-8.26141357421875
2589,-9.242063522338867
2590,-4.882317543029785
2591,-8.258871078491211
2592,-9.150764465332031
2593,-4.909584045410156
2594,-8.260967254638672
2595,-7.798831939697266
2596,-4.940154075622559
2597,-14.792074203491211
2598,-7.921996116638184
2599,-4.960489273071289
2600,-4.256852149963379
2601,-8.72617244720459
2602,-4.177457809448242
2603,-10.550535202026367
2604,-8.749300003051758
2605,-4.162039756774902
2606,-7.476095199584961
2607,-3.5355796813964844
2608,-3.650200843811035
2609,-19.672714233398438
2610,-3.8453311920166016
2611,-3.3749961853027344
2612,1.2876358032226562
2613,2.9127464294433594
2614,-2.068399429321289
2615,-20.563003540039062
2616,2.0909500122070312
2617,-1.9365310668945312
2618,1.5881147384643555
2619,8.307968139648438
2620,-0.5359706878662109
2621,-18.028894424438477
2622,6.398466110229492
2623,-0.040439605712890625
2624,-1.283207893371582
2625,10.247159957885742
2626,-0.3593006134033203
2627,-19.983596801757812
2628,8.097784042358398
2629,0.7311592102050781
2630,-1.391514778137207
2631,9.916990280151367
2632,0.032634735107421875
2633,-19.628870010375977
2634,7.6809234619140625
2635,0.6763267517089844
2636,-3.1574342250823975
2637,9.053792953491211
2638,0.1507396697998047
2639,-17.80389976501465
2640,7.109762191772461
2641,0.39067649841308594
2642,-2.167163133621216
2643,3.5418701171875
2644,1.1717758178710938
2645,-12.34454345703125
2646,2.598081588745117
2647,1.2047271728515625
2648,1.2959694862365723
2649,2.1413421630859375
2650,6.074337005615234
2651,-15.102659225463867
2652,1.769723892211914
2653,5.169227600097656
2654,3.9698004722595215
2655,9.638490676879883
2656,5.045148849487305
2657,-5.541007041931152
2658,9.550853729248047
2659,4.467046737670898
2660,8.613719940185547
2661,10.463993072509766
2662,4.331111907958984
2663,-4.619905948638916
2664,10.255718231201172
2665,3.925140380859375
2666,8.698785781860352
2667,13.580923080444336
2668,5.206783294677734
2669,-2.8649258613586426
2670,12.922197341918945
2671,4.83765983581543
2672,8.798967361450195
2673,-9.583314895629883
2674,-4.353729248046875
2675,-8.192880630493164
2676,-9.256586074829102
2677,-4.794873237609863
2678,-9.730633735656738
2679,-9.139091491699219
2680,-4.821659088134766
2681,-9.732609748840332
2682,-9.020692825317383
2683,-4.845464706420898
2684,-9.738334655761719
2685,-9.298542022705078
2686,-4.792840957641602
2687,-7.266702651977539
2688,-9.21368408203125
2689,-4.819605827331543
2690,-7.263968467712402
2691,-9.126386642456055
2692,-4.846263885498047
2693,-7.265965461730957
2694,-7.841161727905273
2695,-4.86129093170166
2696,-13.666685104370117
2697,-7.974325180053711
2698,-4.879021644592285
2699,-2.7880146503448486
2700,-8.807462692260742
2701,-4.112442970275879
2702,-9.527944564819336
2703,-8.879676818847656
2704,-4.090447425842285
2705,-6.351947784423828
2706,-3.744363784790039
2707,-3.6011838912963867
2708,-19.424814224243164
2709,-4.044131278991699
2710,-3.2481069564819336
2711,3.255270481109619
2712,2.873476028442383
2713,-2.200129508972168
2714,-21.161964416503906
2715,2.0246810913085938
2716,-1.9391813278198242
2717,4.382707118988037
2718,8.344579696655273
2719,-0.7082786560058594
2720,-18.66348648071289
2721,6.316061019897461
2722,-0.1492633819580078
2723,-0.6130075454711914
2724,10.29084587097168
2725,-0.5112285614013672
2726,-20.653076171875
2727,7.83183479309082
2728,0.6086540222167969
2729,-1.3185577392578125
2730,9.982070922851562
2731,-0.1822357177734375
2732,-20.12549591064453
2733,7.833498001098633
2734,0.5911216735839844
2735,-3.1383261680603027
2736,9.289850234985352
2737,-0.08942985534667969
2738,-18.327953338623047
2739,7.16520881652832
2740,0.26079750061035156
2741,-1.5677993297576904
2742,3.9139328002929688
2743,1.1190013885498047
2744,-12.9183349609375
2745,2.9110279083251953
2746,1.1876697540283203
2747,1.8747248649597168
2748,2.104036331176758
2749,5.848747253417969
2750,-15.852903366088867
2751,1.3122119903564453
2752,5.016792297363281
2753,1.7361774444580078
2754,9.908802032470703
2755,4.670063018798828
2756,-7.044797897338867
2757,10.012655258178711
2758,4.014711380004883
2759,7.731704235076904
2760,10.230707168579102
2761,4.073284149169922
2762,-6.181013584136963
2763,10.79782485961914
2764,3.424968719482422
2765,7.9495978355407715
2766,12.856758117675781
2767,5.070089340209961
2768,-3.294764518737793
2769,13.576576232910156
2770,4.534433364868164
2771,8.324495315551758
2772,-9.886017799377441
2773,-3.627208709716797
2774,-6.879905700683594
2775,-9.66853141784668
2776,-4.018177032470703
2777,-8.321075439453125
2778,-9.559432983398438
2779,-4.041582107543945
2780,-8.323978424072266
2781,-9.452760696411133
2782,-4.064743995666504
2783,-8.332071304321289
2784,-9.690299987792969
2785,-4.025588035583496
2786,-5.843671798706055
2787,-9.600178718566895
2788,-4.053103446960449
2789,-5.838963031768799
2790,-9.510978698730469
2791,-4.081398010253906
2792,-5.839282512664795
2793,-8.25197982788086
2794,-4.132036209106445
2795,-12.16307258605957
2796,-8.351079940795898
2797,-4.159882545471191
2798,-1.2217516899108887
2799,-9.110603332519531
2800,-3.3857669830322266
2801,-8.253239631652832
2802,-9.125377655029297
2803,-3.3668832778930664
2804,-5.0608344078063965
2805,-3.9073619842529297
2806,-3.0328426361083984
2807,-18.60529327392578
2808,-4.138989448547363
2809,-2.68178653717041
2810,4.458720684051514
2811,2.9217052459716797
2812,-2.298733711242676
2813,-21.271848678588867
2814,2.7414398193359375
2815,-1.8764495849609375
2816,5.2317280769348145
2817,9.143167495727539
2818,-1.4211740493774414
2819,-18.944007873535156
2820,7.634693145751953
2821,-0.5393447875976562
2822,-0.24925708770751953
2823,11.152795791625977
2824,-1.3672447204589844
2825,-21.006391525268555
2826,9.03471565246582
2827,-0.12554550170898438
2828,-0.51739501953125
2829,11.10995101928711
2830,-1.071329116821289
2831,-20.244009017944336
2832,8.984689712524414
2833,-0.1547374725341797
2834,-2.4573497772216797
2835,10.384920120239258
2836,-0.9721879959106445
2837,-18.624235153198242
2838,8.486412048339844
2839,-0.33318519592285156
2840,-1.2122740745544434
2841,4.670846939086914
2842,1.3500175476074219
2843,-13.189075469970703
2844,3.7418575286865234
2845,1.4412612915039062
2846,2.14556884765625
2847,-0.502467155456543
2848,5.700326919555664
2849,-16.414005279541016
2850,-0.4810047149658203
2851,4.921558380126953
2852,2.6381068229675293
2853,8.934049606323242
2854,4.5790252685546875
2855,-6.3337082862854
2856,9.318540573120117
2857,3.983348846435547
2858,8.358016967773438
2859,9.379755020141602
2860,3.8783740997314453
2861,-5.338187217712402
2862,10.075359344482422
2863,3.419473648071289
2864,8.428136825561523
2865,13.09518814086914
2866,4.23890495300293
2867,-1.2520160675048828
2868,12.864425659179688
2869,4.247013092041016
2870,8.920785903930664
2871,-10.053632736206055
2872,-3.397808074951172
2873,-7.386064529418945
2874,-9.777093887329102
2875,-3.850513458251953
2876,-8.888120651245117
2877,-9.662174224853516
2878,-3.880375862121582
2879,-8.892547607421875
2880,-9.544227600097656
2881,-3.909409523010254
2882,-8.901424407958984
2883,-9.806623458862305
2884,-3.857455253601074
2885,-6.407595157623291
2886,-9.714184761047363
2887,-3.8943729400634766
2888,-6.402167320251465
2889,-9.627673149108887
2890,-3.928934097290039
2891,-6.403248310089111
2892,-8.36153793334961
2893,-3.970503807067871
2894,-12.996593475341797
2895,-8.482221603393555
2896,-3.9899396896362305
2897,-2.0638632774353027
2898,-9.252361297607422
2899,-3.178694725036621
2900,-8.83630657196045
2901,-9.326714515686035
2902,-3.1726255416870117
2903,-5.652952671051025
2904,-4.028247833251953
2905,-2.836925506591797
2906,-19.136032104492188
2907,-4.2143707275390625
2908,-2.647494316101074
2909,3.6643576622009277
2910,3.0784378051757812
2911,-2.3230104446411133
2912,-21.465864181518555
2913,2.555206298828125
2914,-1.8900108337402344
2915,4.9512505531311035
2916,9.337770462036133
2917,-1.6368675231933594
2918,-19.02702522277832
2919,7.979026794433594
2920,-1.1307239532470703
2921,-0.03332710266113281
2922,11.315620422363281
2923,-1.6158323287963867
2924,-21.15667724609375
2925,9.734201431274414
2926,-0.3651924133300781
2927,-0.28683996200561523
2928,11.258743286132812
2929,-1.2998714447021484
2930,-21.46956443786621
2931,9.749128341674805
2932,-0.3998584747314453
2933,-2.1025502681732178
2934,10.562768936157227
2935,-1.206777572631836
2936,-19.186206817626953
2937,9.282590866088867
2938,-0.5707416534423828
2939,-0.9825663566589355
2940,4.876190185546875
2941,1.504831314086914
2942,-13.180373191833496
2943,3.9232044219970703
2944,1.5210075378417969
2945,2.136162281036377
2946,-1.233576774597168
2947,5.569156646728516
2948,-17.00887680053711
2949,-1.5669841766357422
2950,4.850515365600586
2951,3.7895684242248535
2952,7.823234558105469
2953,4.274471282958984
2954,-4.946267604827881
2955,7.353935241699219
2956,4.123149871826172
2957,8.888809204101562
2958,8.525955200195312
2959,3.6634788513183594
2960,-2.9136404991149902
2961,8.201473236083984
2962,3.7166366577148438
2963,9.029821395874023
2964,9.78968620300293
2965,4.488061904907227
2966,2.8803200721740723
2967,8.757196426391602
2968,4.66688346862793
2969,9.512578964233398
2970,-10.154684066772461
2971,-3.3995561599731445
2972,-7.132124900817871
2973,-9.825357437133789
2974,-3.852802276611328
2975,-8.644636154174805
2976,-9.696771621704102
2977,-3.883481025695801
2978,-8.64754867553711
2979,-9.573143005371094
2980,-3.9103078842163086
2981,-8.655445098876953
2982,-9.872233390808105
2983,-3.858160972595215
2984,-6.0626654624938965
2985,-9.776866912841797
2986,-3.895761489868164
2987,-6.058219909667969
2988,-9.689776420593262
2989,-3.9311084747314453
2990,-6.058975696563721
2991,-8.351436614990234
2992,-3.956315040588379
2993,-12.747995376586914
2994,-8.522642135620117
2995,-3.9712820053100586
2996,-1.3371391296386719
2997,-9.329374313354492
2998,-3.1830005645751953
2999,-8.625082015991211
3000,-9.444384574890137
3001,-3.1759939193725586
3002,-5.30517053604126
3003,-3.9964284896850586
3004,-2.8234596252441406
3005,-19.342710494995117
3006,-4.318436622619629
3007,-2.6375207901000977
3008,4.371565341949463
3009,3.162546157836914
3010,-2.357044219970703
3011,-21.548131942749023
3012,2.4393653869628906
3013,-1.900838851928711
3014,5.176978588104248
3015,9.255964279174805
3016,-1.7084989547729492
3017,-20.70024299621582
3018,7.517416000366211
3019,-1.1994733810424805
3020,-0.2691950798034668
3021,11.25963020324707
3022,-1.6746797561645508
3023,-23.47744369506836
3024,9.466407775878906
3025,-0.5099029541015625
3026,-0.7093706130981445
3027,11.200725555419922
3028,-1.3738899230957031
3029,-23.59044647216797
3030,9.412942886352539
3031,-0.5224075317382812
3032,-2.4872374534606934
3033,10.498397827148438
3034,-1.298661231994629
3035,-20.864486694335938
3036,8.959444046020508
3037,-0.6668033599853516
3038,-1.2555670738220215
3039,4.947231292724609
3040,1.4708099365234375
3041,-13.50320816040039
3042,3.9201087951660156
3043,1.5040435791015625
3044,2.4593820571899414
3045,-1.348459243774414
3046,5.487392425537109
3047,-17.179187774658203
3048,-1.8637075424194336
3049,4.825206756591797
3050,3.6356425285339355
3051,8.531913757324219
3052,4.616872787475586
3053,-5.87800931930542
3054,7.811309814453125
3055,4.468606948852539
3056,9.016983032226562
3057,9.203195571899414
3058,4.104122161865234
3059,-4.312022686004639
3060,8.492563247680664
3061,4.114654541015625
3062,9.062089920043945
3063,11.307733535766602
3064,4.777553558349609
3065,0.16225290298461914
3066,10.695419311523438
3067,4.902677536010742
3068,9.655351638793945
3069,-10.229354858398438
3070,-2.643939971923828
3071,-7.744208335876465
3072,-10.023442268371582
3073,-3.0281476974487305
3074,-9.209044456481934
3075,-9.915998458862305
3076,-3.0516624450683594
3077,-9.212105751037598
3078,-9.812397003173828
3079,-3.0749263763427734
3080,-9.220980644226074
3081,-10.029335021972656
3082,-3.037075996398926
3083,-6.734974384307861
3084,-9.929146766662598
3085,-3.066333770751953
3086,-6.730612277984619
3087,-9.83450698852539
3088,-3.0966148376464844
3089,-6.731700420379639
3090,-8.610105514526367
3091,-3.1683120727539062
3092,-13.285821914672852
3093,-8.69387435913086
3094,-3.2078380584716797
3095,-2.359835147857666
3096,-9.439599990844727
3097,-2.4329214096069336
3098,-9.23635482788086
3099,-9.456913948059082
3100,-2.4249420166015625
3101,-6.044872283935547
3102,-4.0192060470581055
3103,-2.1732568740844727
3104,-19.41733741760254
3105,-4.165287971496582
3106,-1.9848871231079102
3107,3.518144130706787
3108,3.2717666625976562
3109,-2.3492307662963867
3110,-21.657546997070312
3111,2.7864227294921875
3112,-1.9027299880981445
3113,3.0906577110290527
3114,9.899232864379883
3115,-2.3782777786254883
3116,-20.707805633544922
3117,8.753299713134766
3118,-1.9642314910888672
3119,-3.0514514446258545
3120,11.862916946411133
3121,-2.450139045715332
3122,-23.31766128540039
3123,11.038412094116211
3124,-1.2474470138549805
3125,-3.9198381900787354
3126,11.90988540649414
3127,-2.2710132598876953
3128,-23.660247802734375
3129,10.55698013305664
3130,-1.693282127380371
3131,-5.1409406661987305
3132,11.206338882446289
3133,-2.1670379638671875
3134,-20.957902908325195
3135,10.206363677978516
3136,-1.7633466720581055
3137,-3.8716859817504883
3138,5.32502555847168
3139,1.7413215637207031
3140,-13.47390079498291
3141,4.677452087402344
3142,1.7375068664550781
3143,2.427135467529297
3144,-2.340322494506836
3145,5.45250129699707
3146,-16.456562042236328
3147,-2.0377016067504883
3148,4.886392593383789
3149,5.9430413246154785
3150,7.890625
3151,4.389326095581055
3152,-4.610829830169678
3153,7.168073654174805
3154,4.068994522094727
3155,9.38924789428711
3156,8.628061294555664
3157,3.7761077880859375
3158,-2.6915464401245117
3159,7.920074462890625
3160,3.5390663146972656
3161,9.790054321289062
3162,10.440567016601562
3163,4.529268264770508
3164,3.9475741386413574
3165,9.749998092651367
3166,4.24473762512207
3167,12.493288040161133
3168,-10.20063591003418
3169,-2.491300582885742
3170,-6.40002965927124
3171,-9.95742416381836
3172,-2.936049461364746
3173,-7.744657516479492
3174,-9.850580215454102
3175,-2.9580230712890625
3176,-7.746255397796631
3177,-9.749879837036133
3178,-2.9744558334350586
3179,-7.753988265991211
3180,-9.979066848754883
3181,-2.9502573013305664
3182,-5.475762844085693
3183,-9.886571884155273
3184,-2.985215187072754
3185,-5.470954895019531
3186,-9.800758361816406
3187,-3.0151281356811523
3188,-5.4707255363464355
3189,-8.555033683776855
3190,-3.042713165283203
3191,-11.465110778808594
3192,-8.618215560913086
3193,-3.0830917358398438
3194,-1.4647202491760254
3195,-9.331624984741211
3196,-2.2969350814819336
3197,-7.803686618804932
3198,-9.424715042114258
3199,-2.2866897583007812
3200,-4.892716884613037
3201,-4.04265022277832
3202,-2.0300893783569336
3203,-17.419647216796875
3204,-4.17246150970459
3205,-1.9535512924194336
3206,3.1892247200012207
3207,3.1924190521240234
3208,-2.3436946868896484
3209,-19.675504684448242
3210,2.8512096405029297
3211,-1.9098491668701172
3212,3.0490832328796387
3213,9.814865112304688
3214,-2.5172433853149414
3215,-19.068817138671875
3216,8.983219146728516
3217,-2.2967758178710938
3218,-2.6737635135650635
3219,11.672662734985352
3220,-2.589999198913574
3221,-21.439359664916992
3222,11.157569885253906
3223,-1.570150375366211
3224,-3.712350845336914
3225,11.820749282836914
3226,-2.442922592163086
3227,-22.498090744018555
3228,10.760215759277344
3229,-2.1515235900878906
3230,-4.8560686111450195
3231,11.09937858581543
3232,-2.353750228881836
3233,-19.55052375793457
3234,10.113962173461914
3235,-2.0872631072998047
3236,-3.4590349197387695
3237,5.425865173339844
3238,1.7524528503417969
3239,-13.394586563110352
3240,4.820974349975586
3241,1.6814002990722656
3242,2.3472442626953125
3243,-2.5358095169067383
3244,5.296875
3245,-16.41159439086914
3246,-2.3403759002685547
3247,4.861293792724609
3248,5.068875789642334
3249,7.535041809082031
3250,4.541725158691406
3251,-4.613985061645508
3252,7.065147399902344
3253,4.098962783813477
3254,8.958023071289062
3255,8.48360824584961
3256,3.913148880004883
3257,-2.792877674102783
3258,7.992372512817383
3259,3.5766029357910156
3260,9.03510856628418
3261,10.492439270019531
3262,4.861698150634766
3263,2.0750832557678223
3264,9.957199096679688
3265,4.623497009277344
3266,11.741548538208008
3267,-10.364213943481445
3268,-0.8612918853759766
3269,-5.77713680267334
3270,-10.119720458984375
3271,-1.3117074966430664
3272,-7.226106643676758
3273,-10.024009704589844
3274,-1.3360061645507812
3275,-7.229495048522949
3276,-9.934488296508789
3277,-1.3610830307006836
3278,-7.240710735321045
3279,-10.11985969543457
3280,-1.3306045532226562
3281,-4.980263710021973
3282,-10.029112815856934
3283,-1.3654909133911133
3284,-4.976168632507324
3285,-9.948657989501953
3286,-1.4004240036010742
3287,-4.977010250091553
3288,-8.74128532409668
3289,-1.4764089584350586
3290,-11.16689682006836
3291,-8.762615203857422
3292,-1.5200614929199219
3293,-1.132178783416748
3294,-9.532510757446289
3295,-0.6956729888916016
3296,-7.204525947570801
3297,-9.584663391113281
3298,-0.6866111755371094
3299,-4.308150291442871
3300,-4.227545738220215
3301,-0.7576828002929688
3302,-16.068618774414062
3303,-3.9839487075805664
3304,-0.7347583770751953
3305,3.0388646125793457
3306,2.7192001342773438
3307,-2.09151554107666
3308,-17.456649780273438
3309,2.783527374267578
3310,-1.892709732055664
3311,3.0910325050354004
3312,8.118579864501953
3313,-3.0796079635620117
3314,-17.08289909362793
3315,7.47270393371582
3316,-2.90762996673584
3317,-2.05692720413208
3318,9.99075698852539
3319,-3.4577951431274414
3320,-18.84389305114746
3321,9.497589111328125
3322,-3.0647201538085938
3323,-3.1473143100738525
3324,10.170934677124023
3325,-3.386378288269043
3326,-19.9089412689209
3327,9.056062698364258
3328,-3.2380924224853516
3329,-4.04999303817749
3330,9.504459381103516
3331,-3.1961116790771484
3332,-17.582826614379883
3333,8.597713470458984
3334,-3.110039710998535
3335,-2.7901008129119873
3336,5.660165786743164
3337,2.532560348510742
3338,-13.319467544555664
3339,5.559257507324219
3340,2.4256343841552734
3341,2.270369529724121
3342,-3.3199405670166016
3343,5.019874572753906
3344,-16.07119369506836
3345,-2.4865617752075195
3346,4.6058502197265625
3347,6.272838115692139
3348,4.48115348815918
3349,4.75238037109375
3350,-2.093811273574829
3351,4.253217697143555
3352,4.160676956176758
3353,9.269323348999023
3354,5.643564224243164
3355,4.326536178588867
3356,-0.23639535903930664
3357,5.327892303466797
3358,3.8339920043945312
3359,9.051401138305664
3360,5.834529876708984
3361,5.356658935546875
3362,4.4644341468811035
3363,5.378387451171875
3364,4.74699592590332
3365,12.461246490478516
3366,-10.383538246154785
3367,-0.7974967956542969
3368,-5.539779186248779
3369,-10.075640678405762
3370,-1.2403392791748047
3371,-6.83746337890625
3372,-9.971101760864258
3373,-1.263458251953125
3374,-6.838659286499023
3375,-9.872779846191406
3376,-1.2824020385742188
3377,-6.847960948944092
3378,-10.097509384155273
3379,-1.2644071578979492
3380,-4.79165506362915
3381,-10.009961128234863
3382,-1.3060302734375
3383,-4.7887420654296875
3384,-9.932244300842285
3385,-1.3441429138183594
3386,-4.788204669952393
3387,-8.678360939025879
3388,-1.373612403869629
3389,-10.268951416015625
3390,-8.70629596710205
3391,-1.429408073425293
3392,-1.1898021697998047
3393,-9.52527904510498
3394,-0.5998268127441406
3395,-6.824601173400879
3396,-9.60433578491211
3397,-0.5828723907470703
3398,-4.194483757019043
3399,-4.349964141845703
3400,-0.5035514831542969
3401,-15.033700942993164
3402,-3.93988037109375
3403,-0.5899257659912109
3404,2.771331310272217
3405,2.5294742584228516
3406,-2.0449447631835938
3407,-15.778312683105469
3408,2.6758956909179688
3409,-1.8766899108886719
3410,2.2283034324645996
3411,8.081527709960938
3412,-3.187093734741211
3413,-15.198509216308594
3414,7.37335205078125
3415,-3.128690719604492
3416,-2.8030285835266113
3417,9.977619171142578
3418,-3.5306262969970703
3419,-16.944862365722656
3420,9.34062385559082
3421,-3.351515769958496
3422,-4.1733598709106445
3423,10.22224235534668
3424,-3.427048683166504
3425,-18.09773826599121
3426,9.161031723022461
3427,-3.479537010192871
3428,-4.685802459716797
3429,9.645715713500977
3430,-3.288236618041992
3431,-15.750801086425781
3432,8.628067016601562
3433,-3.3557443618774414
3434,-3.3649792671203613
3435,6.158300399780273
3436,2.5782546997070312
3437,-13.12391471862793
3438,5.850820541381836
3439,2.390584945678711
3440,2.070010185241699
3441,-2.992222785949707
3442,4.787113189697266
3443,-15.40656852722168
3444,-2.6263227462768555
3445,4.568140029907227
3446,6.5066094398498535
3447,4.533008575439453
3448,4.481239318847656
3449,-0.5228610038757324
3450,4.912437438964844
3451,3.776123046875
3452,10.136409759521484
3453,5.657564163208008
3454,4.035287857055664
3455,1.2706232070922852
3456,5.960542678833008
3457,3.257711410522461
3458,9.672449111938477
3459,7.116710662841797
3460,4.969381332397461
3461,7.0821051597595215
3462,7.242090225219727
3463,4.281887054443359
3464,13.7744140625
3465,-10.455974578857422
3466,-0.8951969146728516
3467,-4.960879802703857
3468,-10.144021987915039
3469,-1.2801322937011719
3470,-6.224996566772461
3471,-10.017375946044922
3472,-1.3027019500732422
3473,-6.226339340209961
3474,-9.904082298278809
3475,-1.3149404525756836
3476,-6.23495626449585
3477,-10.177755355834961
3478,-1.29949951171875
3479,-4.243081569671631
3480,-10.074155807495117
3481,-1.3392066955566406
3482,-4.240530014038086
3483,-9.98602294921875
3484,-1.3686466217041016
3485,-4.240707874298096
3486,-8.620942115783691
3487,-1.3803825378417969
3488,-9.557313919067383
3489,-8.641889572143555
3490,-1.435561180114746
3491,-0.7586264610290527
3492,-9.633522987365723
3493,-0.6763896942138672
3494,-6.205790042877197
3495,-9.748308181762695
3496,-0.6694755554199219
3497,-3.664246082305908
3498,-4.46296501159668
3499,-0.48577117919921875
3500,-14.391778945922852
3501,-3.9048986434936523
3502,-0.5788249969482422
3503,2.7333168983459473
3504,2.342916488647461
3505,-1.9520082473754883
3506,-14.71327018737793
3507,2.515573501586914
3508,-1.7873811721801758
3509,2.353789806365967
3510,7.527080535888672
3511,-3.1467504501342773
3512,-13.679956436157227
3513,7.099872589111328
3514,-3.0395545959472656
3515,-2.265479564666748
3516,9.438922882080078
3517,-3.5808305740356445
3518,-15.187353134155273
3519,9.714153289794922
3520,-3.2276716232299805
3521,-3.4639010429382324
3522,9.717445373535156
3523,-3.4949874877929688
3524,-16.30379295349121
3525,9.313627243041992
3526,-3.4235048294067383
3527,-4.040459156036377
3528,9.18278694152832
3529,-3.31925106048584
3530,-14.183393478393555
3531,8.851011276245117
3532,-3.252107620239258
3533,-2.843048334121704
3534,6.125276565551758
3535,2.5745506286621094
3536,-12.847905158996582
3537,5.891000747680664
3538,2.393838882446289
3539,1.7892966270446777
3540,-2.8326263427734375
3541,4.771701812744141
3542,-15.06521224975586
3543,-2.668766975402832
3544,4.531408309936523
3545,6.2394022941589355
3546,4.791370391845703
3547,4.504781723022461
3548,-0.8682785034179688
3549,4.920257568359375
3550,3.721200942993164
3551,10.234415054321289
3552,5.858470916748047
3553,4.048620223999023
3554,0.768834114074707
3555,5.981451034545898
3556,3.207113265991211
3557,10.009084701538086
3558,7.416624069213867
3559,5.085849761962891
3560,5.8842453956604
3561,7.28352165222168
3562,4.355106353759766
3563,13.388372421264648
3564,-10.378896713256836
3565,-0.1346912384033203
3566,-6.106293678283691
3567,-10.108160018920898
3568,-0.5396251678466797
3569,-7.444064140319824
3570,-9.991138458251953
3571,-0.5659980773925781
3572,-7.447007179260254
3573,-9.878744125366211
3574,-0.5906047821044922
3575,-7.456367492675781
3576,-10.1251220703125
3577,-0.5490798950195312
3578,-5.31510591506958
3579,-10.015129089355469
3580,-0.5891761779785156
3581,-5.312093734741211
3582,-9.920406341552734
3583,-0.6228809356689453
3584,-5.312323093414307
3585,-8.594127655029297
3586,-0.6851463317871094
3587,-10.832752227783203
3588,-8.668390274047852
3589,-0.7280788421630859
3590,-1.4416427612304688
3591,-9.603216171264648
3592,0.07406425476074219
3593,-7.36313533782959
3594,-9.629439353942871
3595,0.07302093505859375
3596,-4.636972904205322
3597,-4.2511701583862305
3598,0.08286094665527344
3599,-15.459705352783203
3600,-4.071657180786133
3601,0.0995941162109375
3602,2.7222514152526855
3603,2.2758922576904297
3604,-1.6526250839233398
3605,-16.70880126953125
3606,2.361635208129883
3607,-1.489802360534668
3608,2.0586295127868652
3609,7.594331741333008
3610,-2.988265037536621
3611,-15.64103889465332
3612,6.85491943359375
3613,-2.8524160385131836
3614,-2.727835178375244
3615,9.4781494140625
3616,-3.4261207580566406
3617,-17.343835830688477
3618,9.250223159790039
3619,-2.904080390930176
3620,-3.8342463970184326
3621,9.678533554077148
3622,-3.332071304321289
3623,-17.996456146240234
3624,8.978157043457031
3625,-3.008148193359375
3626,-4.560358047485352
3627,9.099149703979492
3628,-3.1189651489257812
3629,-15.90608024597168
3630,8.448030471801758
3631,-2.895904541015625
3632,-3.333956480026245
3633,6.379827499389648
3634,2.987825393676758
3635,-12.838235855102539
3636,5.810184478759766
3637,2.855894088745117
3638,1.7791848182678223
3639,-2.5396461486816406
3640,4.684972763061523
3641,-14.983713150024414
3642,-2.4830169677734375
3643,4.4647979736328125
3644,7.640501499176025
3645,4.940338134765625
3646,4.495746612548828
3647,-1.0216236114501953
3648,5.050958633422852
3649,3.854978561401367
3650,10.933450698852539
3651,6.076240539550781
3652,4.084016799926758
3653,0.5664181709289551
3654,6.119922637939453
3655,3.480703353881836
3656,10.621423721313477
3657,7.580312728881836
3658,4.99708366394043
3659,5.60077428817749
3660,7.128990173339844
3661,4.40825080871582
3662,13.661968231201172
3663,-10.32887077331543
3664,-0.13301467895507812
3665,-4.913660049438477
3666,-10.008378982543945
3667,-0.5312118530273438
3668,-5.964357376098633
3669,-9.883277893066406
3670,-0.5533332824707031
3671,-5.964951515197754
3672,-9.760741233825684
3673,-0.5711631774902344
3674,-5.9716033935546875
3675,-10.046567916870117
3676,-0.5411796569824219
3677,-4.248269081115723
3678,-9.945613861083984
3679,-0.5743827819824219
3680,-4.246229648590088
3681,-9.852304458618164
3682,-0.6040554046630859
3683,-4.245494842529297
3684,-8.464085578918457
3685,-0.6594028472900391
3686,-8.653791427612305
3687,-8.535653114318848
3688,-0.7056884765625
3689,-0.9910616874694824
3690,-9.501541137695312
3691,0.04543113708496094
3692,-5.985185623168945
3693,-9.611278533935547
3694,0.06310081481933594
3695,-3.7680492401123047
3696,-4.232813835144043
3697,0.21445655822753906
3698,-12.851744651794434
3699,-3.9640655517578125
3700,0.11449623107910156
3701,2.2990779876708984
3702,2.2730236053466797
3703,-1.5430517196655273
3704,-13.623746871948242
3705,2.4299697875976562
3706,-1.4458341598510742
3707,1.523820400238037
3708,7.5513916015625
3709,-2.9324817657470703
3710,-13.722383499145508
3711,6.977022171020508
3712,-2.858001708984375
3713,-3.1636922359466553
3714,9.377019882202148
3715,-3.337775230407715
3716,-15.422067642211914
3717,9.093503952026367
3718,-3.1360464096069336
3719,-4.745894432067871
3720,9.583086013793945
3721,-3.292593002319336
3722,-16.62511444091797
3723,8.767663955688477
3724,-3.2745542526245117
3725,-5.0428385734558105
3726,8.999460220336914
3727,-3.140766143798828
3728,-14.317218780517578
3729,8.15170669555664
3730,-3.1106739044189453
3731,-3.6209123134613037
3732,6.427972793579102
3733,3.0170936584472656
3734,-12.13698673248291
3735,6.017822265625
3736,2.840831756591797
3737,1.0671868324279785
3738,-2.593186378479004
3739,4.664257049560547
3740,-14.764617919921875
3741,-2.6386804580688477
3742,4.168144226074219
3743,4.448775768280029
3744,6.156017303466797
3745,4.704355239868164
3746,-1.1097583770751953
3747,6.051654815673828
3748,4.119905471801758
3749,9.331966400146484
3750,6.968202590942383
3751,4.285104751586914
3752,0.30274152755737305
3753,7.170930862426758
3754,3.735912322998047
3755,9.207588195800781
3756,9.903020858764648
3757,5.291940689086914
3758,3.707486629486084
3759,9.220407485961914
3760,4.753204345703125
3761,11.508275985717773
3762,-10.368538856506348
3763,-0.1212005615234375
3764,-4.796741008758545
3765,-10.043252944946289
3766,-0.5153751373291016
3767,-5.997254848480225
3768,-9.920955657958984
3769,-0.5356769561767578
3770,-5.998543739318848
3771,-9.7987642288208
3772,-0.5529155731201172
3773,-6.006804466247559
3774,-10.068297386169434
3775,-0.5311260223388672
3776,-4.00229549407959
3777,-9.965310096740723
3778,-0.5650386810302734
3779,-4.000205039978027
3780,-9.867034912109375
3781,-0.5966243743896484
3782,-3.9998326301574707
3783,-8.489725112915039
3784,-0.6641445159912109
3785,-9.276480674743652
3786,-8.540338516235352
3787,-0.7167720794677734
3788,-0.33214855194091797
3789,-9.55500602722168
3790,0.08967399597167969
3791,-6.073426246643066
3792,-9.675773620605469
3793,0.10001373291015625
3794,-3.5019724369049072
3795,-4.249052047729492
3796,0.26012611389160156
3797,-14.468694686889648
3798,-3.9216156005859375
3799,0.08697509765625
3800,2.874480724334717
3801,2.2372074127197266
3802,-1.4521751403808594
3803,-15.508874893188477
3804,2.450437545776367
3805,-1.4109420776367188
3806,1.630690097808838
3807,7.653570175170898
3808,-2.8986740112304688
3809,-14.936155319213867
3810,6.976396560668945
3811,-2.825423240661621
3812,-2.618842840194702
3813,9.45169448852539
3814,-3.3408546447753906
3815,-16.855684280395508
3816,8.816600799560547
3817,-3.1809616088867188
3818,-3.9046270847320557
3819,9.636066436767578
3820,-3.2824220657348633
3821,-17.780866622924805
3822,8.445632934570312
3823,-3.267947196960449
3824,-4.4551100730896
3825,9.140005111694336
3826,-3.138303756713867
3827,-15.418588638305664
3828,7.954059600830078
3829,-3.1337194442749023
3830,-3.1709468364715576
3831,6.493640899658203
3832,3.0162124633789062
3833,-12.221285820007324
3834,6.1415252685546875
3835,2.8450050354003906
3836,1.1500797271728516
3837,-2.9501514434814453
3838,4.684055328369141
3839,-14.857660293579102
3840,-2.5472536087036133
3841,4.193986892700195
3842,5.191246509552002
3843,6.142004013061523
3844,4.856300354003906
3845,-1.5209259986877441
3846,5.955339431762695
3847,4.193485260009766
3848,10.201410293579102
3849,6.943946838378906
3850,4.466983795166016
3851,-0.21011066436767578
3852,7.047479629516602
3853,3.8035736083984375
3854,9.85191535949707
3855,9.208242416381836
3856,5.466289520263672
3857,3.4634509086608887
3858,8.448453903198242
3859,4.900634765625
3860,12.19697380065918
3861,-10.242179870605469
3862,0.2784233093261719
3863,-5.24856424331665
3864,-9.884231567382812
3865,-0.11389541625976562
3866,-6.276427268981934
3867,-9.76304817199707
3868,-0.1327686309814453
3869,-6.280141353607178
3870,-9.643837928771973
3871,-0.14701080322265625
3872,-6.288451671600342
3873,-9.91165828704834
3874,-0.13100814819335938
3875,-4.645779132843018
3876,-9.811227798461914
3877,-0.1635913848876953
3878,-4.643622398376465
3879,-9.71608829498291
3880,-0.19173240661621094
3881,-4.6436004638671875
3882,-8.436670303344727
3883,-0.17734336853027344
3884,-9.259610176086426
3885,-8.448505401611328
3886,-0.25118446350097656
3887,-0.7995877265930176
3888,-9.43917179107666
3889,0.5381355285644531
3890,-6.4098100662231445
3891,-9.52100944519043
3892,0.5279731750488281
3893,-4.208559513092041
3894,-4.162477493286133
3895,0.8678493499755859
3896,-13.561056137084961
3897,-3.8791189193725586
3898,0.6896209716796875
3899,-0.2532839775085449
3900,2.3660316467285156
3901,-0.9792652130126953
3902,-14.913684844970703
3903,2.6505584716796875
3904,-1.0428352355957031
3905,-1.3642163276672363
3906,8.079391479492188
3907,-2.635470390319824
3908,-14.558492660522461
3909,7.8188323974609375
3910,-2.5509443283081055
3911,-4.865578651428223
3912,9.898397445678711
3913,-2.963870048522949
3914,-16.216480255126953
3915,9.873573303222656
3916,-2.7748031616210938
3917,-6.036417007446289
3918,10.165414810180664
3919,-2.9062843322753906
3920,-17.252164840698242
3921,9.810249328613281
3922,-2.838407516479492
3923,-6.478366374969482
3924,9.578256607055664
3925,-2.7623119354248047
3926,-15.09273910522461
3927,9.161481857299805
3928,-2.712686538696289
3929,-5.327082633972168
3930,6.574016571044922
3931,3.500995635986328
3932,-11.518299102783203
3933,6.4992523193359375
3934,3.3995494842529297
3935,0.44407224655151367
3936,-1.3296890258789062
3937,4.69959831237793
3938,-12.248027801513672
3939,-1.2182130813598633
3940,3.0976028442382812
3941,6.734022617340088
3942,7.126501083374023
3943,4.844274520874023
3944,0.7789525985717773
3945,6.685235977172852
3946,4.284812927246094
3947,12.467403411865234
3948,7.727357864379883
3949,4.46605110168457
3950,2.1414031982421875
3951,7.578845977783203
3952,4.014570236206055
3953,12.414867401123047
3954,9.874950408935547
3955,5.286273956298828
3956,6.663401126861572
3957,9.226970672607422
3958,5.034511566162109
3959,15.367120742797852
3960,-9.895566940307617
3961,-0.008630752563476562
3962,-5.4490485191345215
3963,-9.846040725708008
3964,-0.2365741729736328
3965,-6.060582637786865
3966,-9.704548835754395
3967,-0.2451915740966797
3968,-6.0637407302856445
3969,-9.560312271118164
3970,-0.247039794921875
3971,-6.06948709487915
3972,-9.805920600891113
3973,-0.2897491455078125
3974,-5.121927261352539
3975,-9.684484481811523
3976,-0.3167266845703125
3977,-5.119308948516846
3978,-9.57647705078125
3979,-0.3389415740966797
3980,-5.119907855987549
3981,-8.275589942932129
3982,-0.20577239990234375
3983,-7.901240825653076
3984,-8.340696334838867
3985,-0.30580902099609375
3986,-6.029749393463135
3987,-8.873944282531738
3988,0.26845741271972656
3989,-6.2242937088012695
3990,-8.722860336303711
3991,0.1645946502685547
3992,-4.453845977783203
3993,-4.084996223449707
3994,0.8255481719970703
3995,-9.377269744873047
3996,-3.848813056945801
3997,0.6152133941650391
3998,-7.336388111114502
3999,2.5050125122070312
4000,-0.8473033905029297
4001,-10.077276229858398
4002,2.799989700317383
4003,-0.8878326416015625
4004,-9.294519424438477
4005,8.055713653564453
4006,-2.4969100952148438
4007,-10.827939987182617
4008,7.918754577636719
4009,-2.4304513931274414
4010,-11.27369499206543
4011,9.718189239501953
4012,-2.8079233169555664
4013,-11.81126594543457
4014,9.984441757202148
4015,-2.675103187561035
4016,-12.566210746765137
4017,10.035240173339844
4018,-2.7904787063598633
4019,-12.986356735229492
4020,9.831378936767578
4021,-2.751688003540039
4022,-12.366436004638672
4023,9.499898910522461
4024,-2.624746322631836
4025,-11.457893371582031
4026,9.128263473510742
4027,-2.6021928787231445
4028,-11.405844688415527
4029,6.382753372192383
4030,3.492826461791992
4031,-8.359708786010742
4032,6.461570739746094
4033,3.322427749633789
4034,-2.7265591621398926
4035,1.1332378387451172
4036,4.56048583984375
4037,-2.729963779449463
4038,1.1967525482177734
4039,2.175680160522461
4040,7.416967868804932
4041,7.945011138916016
4042,4.324079513549805
4043,2.899130344390869
4044,7.454746246337891
4045,4.05314826965332
4046,9.410345077514648
4047,8.017452239990234
4048,4.042469024658203
4049,3.6270909309387207
4050,7.7751617431640625
4051,4.048463821411133
4052,9.077695846557617
4053,11.160848617553711
4054,4.33891487121582
4055,8.717962265014648
4056,10.39396858215332
4057,4.938364028930664
4058,14.695140838623047
4059,-9.877168655395508
4060,0.14581298828125
4061,-4.8391313552856445
4062,-9.760072708129883
4063,-0.1467113494873047
4064,-5.345612049102783
4065,-9.63023853302002
4066,-0.1534595489501953
4067,-5.350697994232178
4068,-9.501389503479004
4069,-0.15554046630859375
4070,-5.3595428466796875
4071,-9.71718978881836
4072,-0.18961143493652344
4073,-4.825891971588135
4074,-9.59517765045166
4075,-0.21541976928710938
4076,-4.825141906738281
4077,-9.484016418457031
4078,-0.23945045471191406
4079,-4.826449871063232
4080,-8.277586936950684
4081,-0.12554168701171875
4082,-7.464892387390137
4083,-8.269532203674316
4084,-0.2280406951904297
4085,-5.446961879730225
4086,-8.845867156982422
4087,0.37358856201171875
4088,-5.616000175476074
4089,-8.760595321655273
4090,0.34104156494140625
4091,-4.622496128082275
4092,-4.049745559692383
4093,0.9005985260009766
4094,-9.093589782714844
4095,-3.807340621948242
4096,0.6500110626220703
4097,-6.341226577758789
4098,2.5600624084472656
4099,-0.8570365905761719
4100,-10.072044372558594
4101,2.8937320709228516
4102,-0.8812065124511719
4103,-7.635775566101074
4104,8.145998001098633
4105,-2.4162845611572266
4106,-11.502403259277344
4107,8.11886978149414
4108,-2.382147789001465
4109,-9.0077543258667
4110,9.788171768188477
4111,-2.7759876251220703
4112,-12.73419189453125
4113,9.993120193481445
4114,-2.681201934814453
4115,-10.02243709564209
4116,10.077831268310547
4117,-2.746458053588867
4118,-13.558414459228516
4119,9.781393051147461
4120,-2.763385772705078
4121,-10.288847923278809
4122,9.502998352050781
4123,-2.5675582885742188
4124,-12.008852005004883
4125,9.167455673217773
4126,-2.585315704345703
4127,-9.319504737854004
4128,6.491352081298828
4129,3.5865020751953125
4130,-7.888903617858887
4131,6.609521865844727
4132,3.3427734375
4133,-3.201205253601074
4134,2.7195053100585938
4135,3.954437255859375
4136,-3.9639337062835693
4137,3.081521987915039
4138,1.4494514465332031
4139,6.634580135345459
4140,8.97941780090332
4141,3.371166229248047
4142,5.658986568450928
4143,8.94871711730957
4144,3.150684356689453
4145,9.783636093139648
4146,9.436771392822266
4147,3.0557498931884766
4148,6.684265613555908
4149,9.584611892700195
4150,3.354572296142578
4151,9.607963562011719
4152,11.569908142089844
4153,3.364595413208008
4154,10.425548553466797
4155,11.20977783203125
4156,3.5204010009765625
4157,14.018922805786133
4158,-9.84002685546875
4159,0.3128986358642578
4160,-9.32127857208252
4161,-9.693359375
4162,0.002590179443359375
4163,-10.470975875854492
4164,-9.543719291687012
4165,-0.005176544189453125
4166,-10.482711791992188
4167,-9.393295288085938
4168,-0.008880615234375
4169,-10.4966459274292
4170,-9.71121597290039
4171,-0.01448822021484375
4172,-8.651719093322754
4173,-9.580244064331055
4174,-0.03315544128417969
4175,-8.649801254272461
4176,-9.46080493927002
4177,-0.04892730712890625
4178,-8.654684066772461
4179,-8.174833297729492
4180,0.013401031494140625
4181,-14.224313735961914
4182,-8.244771957397461
4183,-0.015977859497070312
4184,-6.219485282897949
4185,-8.821622848510742
4186,0.5579547882080078
4187,-10.517160415649414
4188,-8.752531051635742
4189,0.5596427917480469
4190,-8.089271545410156
4191,-3.86685848236084
4192,1.128396987915039
4193,-16.9539852142334
4194,-3.8896799087524414
4195,1.21368408203125
4196,-3.428568124771118
4197,3.4799652099609375
4198,0.6936912536621094
4199,-17.201828002929688
4200,3.000598907470703
4201,1.1319923400878906
4202,-3.636258602142334
4203,9.388349533081055
4204,0.7117958068847656
4205,-15.607032775878906
4206,8.144227981567383
4207,1.7096481323242188
4208,-8.098422050476074
4209,11.047183990478516
4210,0.7122688293457031
4211,-15.978731155395508
4212,10.35944938659668
4213,1.6485824584960938
4214,-5.8211517333984375
4215,11.31590461730957
4216,0.8413791656494141
4217,-15.045108795166016
4218,10.392671585083008
4219,1.7479972839355469
4220,-8.107767105102539
4221,10.726415634155273
4222,0.9967117309570312
4223,-15.22987174987793
4224,9.855369567871094
4225,1.7124176025390625
4226,-8.185075759887695
4227,6.438467025756836
4228,3.983306884765625
4229,-8.133081436157227
4230,6.25425910949707
4231,3.8940582275390625
4232,-3.0237932205200195
4233,9.299043655395508
4234,5.024141311645508
4235,-5.594025135040283
4236,8.037302017211914
4237,3.794147491455078
4238,11.743762969970703
4239,10.089733123779297
4240,3.8911170959472656
4241,4.641907215118408
4242,10.836563110351562
4243,3.8258743286132812
4244,16.343481063842773
4245,11.92047119140625
4246,3.917631149291992
4247,5.76821756362915
4248,11.43035888671875
4249,3.8959598541259766
4250,16.7971248626709
4251,11.695079803466797
4252,4.42498779296875
4253,7.855408191680908
4254,11.195173263549805
4255,3.552379608154297
4256,18.521806716918945
4257,-9.796204566955566
4258,0.38843727111816406
4259,-11.360469818115234
4260,-9.607524871826172
4261,0.06775283813476562
4262,-12.491315841674805
4263,-9.440652847290039
4264,0.05727958679199219
4265,-12.502742767333984
4266,-9.267868041992188
4267,0.048797607421875
4268,-12.516407012939453
4269,-9.654611587524414
4270,0.04775238037109375
4271,-10.739543914794922
4272,-9.52296257019043
4273,0.023431777954101562
4274,-10.736337661743164
4275,-9.397407531738281
4276,0.0007610321044921875
4277,-10.741277694702148
4278,-8.022256851196289
4279,0.048709869384765625
4280,-15.763999938964844
4281,-8.198776245117188
4282,0.0053577423095703125
4283,-7.982302665710449
4284,-8.79475212097168
4285,0.6395168304443359
4286,-12.356029510498047
4287,-8.755374908447266
4288,0.6280651092529297
4289,-10.072820663452148
4290,-3.6733083724975586
4291,1.1714248657226562
4292,-17.825462341308594
4293,-3.962307929992676
4294,1.1658992767333984
4295,-4.8520917892456055
4296,3.4436798095703125
4297,0.9482746124267578
4298,-17.69659423828125
4299,2.9175338745117188
4300,1.4266071319580078
4301,-3.427438259124756
4302,9.269845962524414
4303,1.3891258239746094
4304,-16.271780014038086
4305,7.798776626586914
4306,2.116182327270508
4307,-6.050096035003662
4308,10.886245727539062
4309,1.3667106628417969
4310,-16.913650512695312
4311,9.753349304199219
4312,2.1149845123291016
4313,-5.347463130950928
4314,10.943374633789062
4315,1.6606273651123047
4316,-15.761411666870117
4317,9.830646514892578
4318,2.136171340942383
4319,-7.057037353515625
4320,10.497966766357422
4321,1.6662559509277344
4322,-15.854698181152344
4323,9.345165252685547
4324,2.057720184326172
4325,-6.476184368133545
4326,6.327009201049805
4327,3.9816856384277344
4328,-9.248469352722168
4329,6.0117950439453125
4330,3.8480987548828125
4331,-1.8446118831634521
4332,9.473804473876953
4333,4.685703277587891
4334,-1.9944727420806885
4335,8.788471221923828
4336,3.988229751586914
4337,10.546119689941406
4338,11.701705932617188
4339,4.212163925170898
4340,10.183076858520508
4341,11.583194732666016
4342,3.9927806854248047
4343,20.00166130065918
4344,12.545989990234375
4345,4.081933975219727
4346,11.44108772277832
4347,12.326324462890625
4348,3.9667510986328125
4349,21.03424835205078
4350,12.005470275878906
4351,4.450798034667969
4352,11.51748275756836
4353,11.695730209350586
4354,4.061361312866211
4355,21.978029251098633
4356,-9.382207870483398
4357,0.19846153259277344
4358,-12.915563583374023
4359,-9.050357818603516
4360,-0.20531845092773438
4361,-14.286243438720703
4362,-8.879444122314453
4363,-0.22606849670410156
4364,-14.299051284790039
4365,-8.70135498046875
4366,-0.24393653869628906
4367,-14.311967849731445
4368,-9.137932777404785
4369,-0.21542739868164062
4370,-11.93182373046875
4371,-9.036057472229004
4372,-0.2391643524169922
4373,-11.926925659179688
4374,-8.936294555664062
4375,-0.2595634460449219
4376,-11.933113098144531
4377,-7.525232315063477
4378,-0.2635364532470703
4379,-18.236968994140625
4380,-7.812458038330078
4381,-0.2724742889404297
4382,-7.794557571411133
4383,-8.533754348754883
4384,0.44818687438964844
4385,-14.181041717529297
4386,-8.539304733276367
4387,0.4535484313964844
4388,-11.127826690673828
4389,-3.36171817779541
4390,1.0766448974609375
4391,-21.85569953918457
4392,-3.924348831176758
4393,1.1573829650878906
4394,-3.2269763946533203
4395,3.862659454345703
4396,1.9560737609863281
4397,-23.93228530883789
4398,2.8314571380615234
4399,2.1449947357177734
4400,-1.2511277198791504
4401,9.927909851074219
4402,3.351991653442383
4403,-23.589683532714844
4404,7.461433410644531
4405,3.0983829498291016
4406,-1.8178777694702148
4407,11.744598388671875
4408,3.5633888244628906
4409,-25.85614585876465
4410,9.430627822875977
4411,3.1882362365722656
4412,-0.8159880638122559
4413,11.253496170043945
4414,3.947458267211914
4415,-25.191680908203125
4416,9.423301696777344
4417,3.2691078186035156
4418,-3.09700870513916
4419,10.616945266723633
4420,3.9306278228759766
4421,-23.33049774169922
4422,8.887531280517578
4423,3.2161483764648438
4424,-2.696028470993042
4425,7.068920135498047
4426,3.945680618286133
4427,-9.761716842651367
4428,6.222146987915039
4429,4.015296936035156
4430,-1.2621445655822754
4431,11.926403045654297
4432,5.379055023193359
4433,-6.0793843269348145
4434,11.064199447631836
4435,5.078861236572266
4436,9.122518539428711
4437,17.3011474609375
4438,5.415302276611328
4439,6.206508159637451
4440,16.60788345336914
4441,5.698125839233398
4442,18.802106857299805
4443,18.218708038330078
4444,5.226390838623047
4445,7.3955912590026855
4446,17.702716827392578
4447,5.635246276855469
4448,19.733957290649414
4449,18.600845336914062
4450,6.148488998413086
4451,8.959280014038086
4452,17.381336212158203
4453,6.676656723022461
4454,18.62062644958496
4455,-9.1226806640625
4456,0.12558937072753906
4457,-14.104114532470703
4458,-8.740610122680664
4459,-0.2606792449951172
4460,-15.583389282226562
4461,-8.574239730834961
4462,-0.2760581970214844
4463,-15.596399307250977
4464,-8.40075969696045
4465,-0.2912731170654297
4466,-15.610069274902344
4467,-8.810403823852539
4468,-0.2714195251464844
4469,-13.1704740524292
4470,-8.7029390335083
4471,-0.2911396026611328
4472,-13.164972305297852
4473,-8.596817016601562
4474,-0.3095722198486328
4475,-13.171287536621094
4476,-7.206975936889648
4477,-0.3263568878173828
4478,-19.729610443115234
4479,-7.464399337768555
4480,-0.3289527893066406
4481,-8.914487838745117
4482,-8.311319351196289
4483,0.38741493225097656
4484,-15.422403335571289
4485,-8.331323623657227
4486,0.38620758056640625
4487,-12.276865005493164
4488,-2.9104394912719727
4489,1.0526866912841797
4490,-23.0549259185791
4491,-3.7586965560913086
4492,1.1766777038574219
4493,-3.6711080074310303
4494,4.107814788818359
4495,2.017942428588867
4496,-24.61406707763672
4497,2.957487106323242
4498,2.4177093505859375
4499,-0.9871015548706055
4500,10.15335464477539
4501,3.621013641357422
4502,-23.643205642700195
4503,7.727336883544922
4504,3.6069774627685547
4505,-1.6387214660644531
4506,12.170820236206055
4507,3.787508010864258
4508,-25.866260528564453
4509,9.384056091308594
4510,3.7851791381835938
4511,-0.9482665061950684
4512,11.79432487487793
4513,4.023212432861328
4514,-25.41594886779785
4515,9.322395324707031
4516,3.8858108520507812
4517,-3.132157325744629
4518,10.861045837402344
4519,4.110246658325195
4520,-23.41664695739746
4521,8.664024353027344
4522,3.97589111328125
4523,-2.561311721801758
4524,7.153581619262695
4525,3.9983386993408203
4526,-9.889663696289062
4527,6.455802917480469
4528,4.133579254150391
4529,-1.1829314231872559
4530,12.830951690673828
4531,5.3911590576171875
4532,-5.818737030029297
4533,11.87896728515625
4534,5.310462951660156
4535,8.816627502441406
4536,18.676128387451172
4537,5.866754531860352
4538,6.45437479019165
4539,17.80562973022461
4540,6.124006271362305
4541,19.794092178344727
4542,19.949317932128906
4543,5.7797393798828125
4544,7.477736949920654
4545,19.002517700195312
4546,6.076311111450195
4547,20.812843322753906
4548,19.12051773071289
4549,6.624208450317383
4550,8.305767059326172
4551,18.291908264160156
4552,7.155847549438477
4553,18.838687896728516
4554,-9.040193557739258
4555,0.09556198120117188
4556,-13.61039924621582
4557,-8.61839771270752
4558,-0.2646369934082031
4559,-15.07805061340332
4560,-8.453847885131836
4561,-0.27933692932128906
4562,-15.090583801269531
4563,-8.283533096313477
4564,-0.29305458068847656
4565,-15.103889465332031
4566,-8.682827949523926
4567,-0.2671833038330078
4568,-12.747298240661621
4569,-8.570865631103516
4570,-0.28473663330078125
4571,-12.742179870605469
4572,-8.460643768310547
4573,-0.3015937805175781
4574,-12.74908447265625
4575,-7.02879524230957
4576,-0.31371307373046875
4577,-19.215152740478516
4578,-7.269939422607422
4579,-0.3108234405517578
4580,-8.77637004852295
4581,-8.23194408416748
4582,0.3570137023925781
4583,-14.923269271850586
4584,-8.273715019226074
4585,0.3614215850830078
4586,-11.88878059387207
4587,-2.8634109497070312
4588,1.0345726013183594
4589,-22.676332473754883
4590,-3.5561561584472656
4591,1.1134986877441406
4592,-3.6114935874938965
4593,3.9962310791015625
4594,2.100370407104492
4595,-24.25249481201172
4596,3.0568885803222656
4597,2.426715850830078
4598,-0.7992424964904785
4599,9.978876113891602
4600,3.8575687408447266
4601,-23.114091873168945
4602,7.902265548706055
4603,3.759767532348633
4604,-1.4633822441101074
4605,12.153892517089844
4606,4.00929069519043
4607,-25.249576568603516
4608,9.394086837768555
4609,3.9912567138671875
4610,-0.8854250907897949
4611,11.754817962646484
4612,4.254461288452148
4613,-24.818891525268555
4614,9.333135604858398
4615,4.084930419921875
4616,-2.9458487033843994
4617,10.733070373535156
4618,4.310462951660156
4619,-22.90496253967285
4620,8.822694778442383
4621,3.9894866943359375
4622,-2.364320993423462
4623,7.310131072998047
4624,4.034748077392578
4625,-10.06505012512207
4626,6.614875793457031
4627,4.171285629272461
4628,-1.0281801223754883
4629,12.670160293579102
4630,5.41386604309082
4631,-5.103075981140137
4632,12.023527145385742
4633,5.392084121704102
4634,8.459524154663086
4635,18.635513305664062
4636,6.11341667175293
4637,7.3590407371521
4638,17.812923431396484
4639,6.289390563964844
4640,19.792129516601562
4641,19.909141540527344
4642,6.038372039794922
4643,8.38473129272461
4644,18.992290496826172
4645,6.249855041503906
4646,20.84650230407715
4647,19.08100128173828
4648,6.949991226196289
4649,6.83483362197876
4650,18.213603973388672
4651,7.320789337158203
4652,18.735754013061523
4653,-6.651703834533691
4654,-0.9021568298339844
4655,-9.937958717346191
4656,-6.039734840393066
4657,-1.2417984008789062
4658,-11.186347961425781
4659,-5.866568565368652
4660,-1.2206459045410156
4661,-11.196136474609375
4662,-5.692818641662598
4663,-1.1938085556030273
4664,-11.198909759521484
4665,-6.172488212585449
4666,-1.2536020278930664
4667,-9.660026550292969
4668,-6.099274635314941
4669,-1.246683120727539
4670,-9.661382675170898
4671,-6.026323318481445
4672,-1.2343063354492188
4673,-9.663814544677734
4674,-4.548044204711914
4675,-0.8695888519287109
4676,-14.320343017578125
4677,-4.941342353820801
4678,-0.889495849609375
4679,-7.629558086395264
4680,-6.066730499267578
4681,-0.3877716064453125
4682,-10.950809478759766
4683,-6.239432334899902
4684,-0.38342857360839844
4685,-8.949081420898438
4686,-1.8107414245605469
4687,0.6292133331298828
4688,-18.50496482849121
4689,-2.7150774002075195
4690,0.7894783020019531
4691,-1.5965235233306885
4692,0.15813636779785156
4693,3.447154998779297
4694,-16.783857345581055
4695,-1.2214727401733398
4696,2.5912513732910156
4697,1.252140998840332
4698,-3.095104217529297
4699,5.260120391845703
4700,-10.173830032348633
4701,-3.580211639404297
4702,4.798755645751953
4703,0.5525407791137695
4704,-3.412076950073242
4705,5.879392623901367
4706,-11.324922561645508
4707,-3.901521682739258
4708,4.757925033569336
4709,0.7625875473022461
4710,-4.796367645263672
4711,5.5482025146484375
4712,-10.718589782714844
4713,-4.125049591064453
4714,4.838901519775391
4715,-1.3778533935546875
4716,-4.005108833312988
4717,5.389926910400391
4718,-9.833902359008789
4719,-3.8792009353637695
4720,4.829399108886719
4721,-0.4702944755554199
4722,7.068885803222656
4723,4.049997329711914
4724,-10.193269729614258
4725,6.426368713378906
4726,3.8394126892089844
4727,-0.8692793846130371
4728,3.7006607055664062
4729,5.345911026000977
4730,-6.015131950378418
4731,2.3687572479248047
4732,4.290643692016602
4733,8.088403701782227
4734,6.779600143432617
4735,5.935207366943359
4736,5.12738561630249
4737,6.251863479614258
4738,5.876712799072266
4739,11.731386184692383
4740,8.054327011108398
4741,5.789632797241211
4742,6.6163249015808105
4743,7.446325302124023
4744,5.801769256591797
4745,12.047216415405273
4746,5.132572174072266
4747,6.706155776977539
4748,6.4136576652526855
4749,5.823369979858398
4750,6.770526885986328
4751,13.034429550170898
4752,-6.061269760131836
4753,-1.3055973052978516
4754,-8.264503479003906
4755,-5.56391716003418
4756,-1.6275749206542969
4757,-9.637853622436523
4758,-5.407354354858398
4759,-1.6080608367919922
4760,-9.645231246948242
4761,-5.242066383361816
4762,-1.5826225280761719
4763,-9.647829055786133
4764,-5.697912216186523
4765,-1.634394645690918
4766,-7.6127610206604
4767,-5.642934799194336
4768,-1.6257801055908203
4769,-7.615740776062012
4770,-5.582172393798828
4771,-1.6131000518798828
4772,-7.618273735046387
4773,-4.057417869567871
4774,-1.2276878356933594
4775,-12.98031997680664
4776,-4.425572395324707
4777,-1.2637081146240234
4778,-3.916886806488037
4779,-5.466494560241699
4780,-0.81024169921875
4781,-9.414852142333984
4782,-5.694492340087891
4783,-0.7967357635498047
4784,-6.805173873901367
4785,-1.4906530380249023
4786,0.4370594024658203
4787,-18.096837997436523
4788,-2.0803089141845703
4789,0.5354557037353516
4790,2.1713662147521973
4791,-0.6438579559326172
4792,3.553966522216797
4793,-17.047388076782227
4794,-1.277120590209961
4795,2.9381771087646484
4796,4.0353827476501465
4797,-4.006936073303223
4798,5.449882507324219
4799,-10.85157299041748
4800,-3.3262548446655273
4801,5.0183563232421875
4802,1.141167163848877
4803,-4.49017333984375
4804,6.071788787841797
4805,-12.102678298950195
4806,-3.7831363677978516
4807,5.17889404296875
4808,1.1132688522338867
4809,-4.995091438293457
4810,5.709697723388672
4811,-11.321460723876953
4812,-4.112361907958984
4813,5.20936393737793
4814,-0.988029956817627
4815,-4.627741813659668
4816,5.524831771850586
4817,-10.42281436920166
4818,-3.945675849914551
4819,5.191986083984375
4820,0.04475116729736328
4821,6.967258453369141
4822,4.274211883544922
4823,-10.701372146606445
4824,6.157958984375
4825,3.8801517486572266
4826,-0.34526586532592773
4827,-0.3159971237182617
4828,5.344635009765625
4829,-12.291997909545898
4830,0.298187255859375
4831,4.332313537597656
4832,5.863744258880615
4833,5.342203140258789
4834,6.651124954223633
4835,-3.2505223751068115
4836,5.373369216918945
4837,6.342983245849609
4838,7.603128910064697
4839,6.837778091430664
4840,6.557380676269531
4841,-2.180499792098999
4842,6.655096054077148
4843,6.378490447998047
4844,7.62257719039917
4845,4.7478790283203125
4846,7.580419540405273
4847,-0.5528078079223633
4848,5.236541748046875
4849,7.351320266723633
4850,7.0481038093566895
4851,-5.870665550231934
4852,-1.3407096862792969
4853,-7.577664852142334
4854,-5.364438056945801
4855,-1.7045440673828125
4856,-9.05129623413086
4857,-5.209481239318848
4858,-1.6966094970703125
4859,-9.057347297668457
4860,-5.036365509033203
4861,-1.6842536926269531
4862,-9.061208724975586
4863,-5.461104393005371
4864,-1.7107648849487305
4865,-6.796392917633057
4866,-5.386466979980469
4867,-1.7113065719604492
4868,-6.798404216766357
4869,-5.300357818603516
4870,-1.7086296081542969
4871,-6.801084041595459
4872,-3.804459571838379
4873,-1.4035463333129883
4874,-12.697687149047852
4875,-4.095907211303711
4876,-1.4287967681884766
4877,-2.6496944427490234
4878,-5.167427062988281
4879,-0.8923854827880859
4880,-8.835956573486328
4881,-5.340532302856445
4882,-0.8873176574707031
4883,-5.923864364624023
4884,-1.1384010314941406
4885,0.32776451110839844
4886,-17.99606704711914
4887,-1.4105033874511719
4888,0.3555469512939453
4889,3.5334935188293457
4890,-0.7444362640380859
4891,3.508899688720703
4892,-16.68099021911621
4893,-1.0217056274414062
4894,3.0095081329345703
4895,6.176756381988525
4896,-4.5966691970825195
4897,5.411722183227539
4898,-8.520755767822266
4899,-3.667987823486328
4900,4.88983154296875
4901,3.350768566131592
4902,-5.4469194412231445
4903,6.040290832519531
4904,-9.53563117980957
4905,-4.07777214050293
4906,5.202384948730469
4907,3.248612880706787
4908,-6.008157730102539
4909,5.770998001098633
4910,-8.759639739990234
4911,-4.41756534576416
4912,5.209897994995117
4913,1.1896986961364746
4914,-5.483213424682617
4915,5.512327194213867
4916,-7.9989824295043945
4917,-4.211830139160156
4918,5.16511344909668
4919,2.253575325012207
4920,6.819067001342773
4921,4.468767166137695
4922,-10.782480239868164
4923,5.737876892089844
4924,4.033256530761719
4925,-0.26552486419677734
4926,-0.7853689193725586
4927,6.156194686889648
4928,-12.309552192687988
4929,0.11729621887207031
4930,5.137157440185547
4931,4.2801833152771
4932,3.8574562072753906
4933,8.851694107055664
4934,-2.9254817962646484
4935,3.970613479614258
4936,8.162267684936523
4937,7.272988796234131
4938,5.168684005737305
4939,8.97157096862793
4940,-1.8078203201293945
4941,5.126165390014648
4942,8.449499130249023
4943,7.399634838104248
4944,3.1711063385009766
4945,10.024181365966797
4946,-0.38777589797973633
4947,3.457183837890625
4948,9.233123779296875
4949,6.45582914352417
4950,-4.217063903808594
4951,-2.2328615188598633
4952,-7.305028915405273
4953,-3.672114372253418
4954,-2.489839553833008
4955,-8.79343318939209
4956,-3.529017448425293
4957,-2.4734439849853516
4958,-8.799480438232422
4959,-3.377613067626953
4960,-2.4553422927856445
4961,-8.804699897766113
4962,-3.739969253540039
4963,-2.499333381652832
4964,-6.51438045501709
4965,-3.651956558227539
4966,-2.4936113357543945
4967,-6.5154948234558105
4968,-3.5527124404907227
4969,-2.4879064559936523
4970,-6.51643180847168
4971,-2.3247060775756836
4972,-2.1566781997680664
4973,-12.379769325256348
4974,-2.387801170349121
4975,-2.1974706649780273
4976,-2.196223258972168
4977,-3.7460899353027344
4978,-1.7875118255615234
4979,-8.507205963134766
4980,-3.8601369857788086
4981,-1.7970495223999023
4982,-5.5412278175354
4983,-1.0105266571044922
4984,0.05115699768066406
4985,-17.69743537902832
4986,-0.48429107666015625
4987,0.2598590850830078
4988,4.040028095245361
4989,-4.729201316833496
4990,2.5458545684814453
4991,-17.152790069580078
4992,-4.575352668762207
4993,2.4327659606933594
4994,5.990750789642334
4995,-11.546703338623047
4996,3.5786895751953125
4997,-11.737874984741211
4998,-10.924224853515625
4999,3.3960323333740234
5000,2.6191582679748535
5001,-13.242953300476074
5002,3.9357166290283203
5003,-11.152755737304688
5004,-12.447752952575684
5005,3.4650306701660156
5006,2.5537447929382324
5007,-13.394037246704102
5008,3.6048831939697266
5009,-13.379711151123047
5010,-12.834278106689453
5011,3.391399383544922
5012,0.1874079704284668
5013,-12.784252166748047
5014,3.4844741821289062
5015,-11.913223266601562
5016,-12.44039535522461
5017,3.3692855834960938
5018,1.3743386268615723
5019,6.040571212768555
5020,4.5302886962890625
5021,-10.91647720336914
5022,5.637651443481445
5023,4.121541976928711
5024,-0.12185001373291016
5025,-4.083941459655762
5026,5.977581024169922
5027,-13.600168228149414
5028,-2.942474365234375
5029,4.854043960571289
5030,4.271090030670166
5031,-2.7641735076904297
5032,8.27171516418457
5033,-3.660074234008789
5034,-2.658860206604004
5035,7.288671493530273
5036,7.12228536605835
5037,-1.8619775772094727
5038,8.492420196533203
5039,-2.436418056488037
5040,-1.8488597869873047
5041,7.586254119873047
5042,7.323835849761963
5043,-5.0498809814453125
5044,8.675376892089844
5045,-0.6027188301086426
5046,-4.41484260559082
5047,7.932697296142578
5048,6.312732219696045
5049,-3.773348808288574
5050,-2.4428558349609375
5051,-7.567173004150391
5052,-3.127626419067383
5053,-2.704998016357422
5054,-8.932106018066406
5055,-2.996532440185547
5056,-2.687021255493164
5057,-8.939861297607422
5058,-2.8508291244506836
5059,-2.667694091796875
5060,-8.948027610778809
5061,-3.184803009033203
5062,-2.7217893600463867
5063,-6.754772186279297
5064,-3.104402542114258
5065,-2.717172622680664
5066,-6.753744125366211
5067,-3.007584571838379
5068,-2.7118148803710938
5069,-6.757070541381836
5070,-1.8640108108520508
5071,-2.3940820693969727
5072,-12.50895881652832
5073,-1.9152441024780273
5074,-2.443465232849121
5075,-2.8763551712036133
5076,-3.3570098876953125
5077,-2.0114259719848633
5078,-8.784940719604492
5079,-3.4570093154907227
5080,-2.0310211181640625
5081,-5.952738285064697
5082,-0.9216680526733398
5083,-0.09177780151367188
5084,-17.699054718017578
5085,-0.15617752075195312
5086,0.015798568725585938
5087,3.0633950233459473
5088,-5.307757377624512
5089,2.3817100524902344
5090,-17.45066261291504
5091,-4.925106048583984
5092,2.2700653076171875
5093,4.93207311630249
5094,-11.761784553527832
5095,3.1808090209960938
5096,-13.302765846252441
5097,-10.761353492736816
5098,2.979269027709961
5099,2.345052719116211
5100,-13.299538612365723
5101,3.5054988861083984
5102,-14.325244903564453
5103,-12.148173332214355
5104,3.0933666229248047
5105,2.5600218772888184
5106,-13.476237297058105
5107,3.124267578125
5108,-14.015962600708008
5109,-12.57646369934082
5110,2.964488983154297
5111,0.20920801162719727
5112,-12.860574722290039
5113,3.0261001586914062
5114,-12.952893257141113
5115,-12.141075134277344
5116,2.9246044158935547
5117,1.1742453575134277
5118,5.353349685668945
5119,4.650718688964844
5120,-10.950996398925781
5121,5.453062057495117
5122,4.160673141479492
5123,-0.0872340202331543
5124,-4.751650810241699
5125,5.612079620361328
5126,-12.43209457397461
5127,-3.153963088989258
5128,4.652225494384766
5129,4.711446285247803
5130,-4.1788225173950195
5131,6.737119674682617
5132,-3.06826114654541
5133,-6.7181196212768555
5134,6.012338638305664
5135,9.133031845092773
5136,-3.4280595779418945
5137,7.329872131347656
5138,-1.9338915348052979
5139,-6.938726425170898
5140,6.984895706176758
5141,9.50088882446289
5142,-6.039375305175781
5143,5.716386795043945
5144,3.4936203956604004
5145,-9.213013648986816
5146,4.852169036865234
5147,9.27212905883789
5148,-3.6385936737060547
5149,-2.4888057708740234
5150,-7.600829124450684
5151,-2.9575233459472656
5152,-2.7695579528808594
5153,-9.133833885192871
5154,-2.8267030715942383
5155,-2.7524232864379883
5156,-9.138938903808594
5157,-2.678609848022461
5158,-2.732375144958496
5159,-9.142991065979004
5160,-3.016958236694336
5161,-2.7870235443115234
5162,-6.94509220123291
5163,-2.9368228912353516
5164,-2.783167839050293
5165,-6.945906639099121
5166,-2.840634346008301
5167,-2.777602195739746
5168,-6.945423603057861
5169,-1.7197656631469727
5170,-2.479055404663086
5171,-12.802864074707031
5172,-1.8107490539550781
5173,-2.5292129516601562
5174,-2.9681992530822754
5175,-3.2089099884033203
5176,-2.0684518814086914
5177,-8.855757713317871
5178,-3.311685562133789
5179,-2.09210205078125
5180,-6.101687908172607
5181,-0.8600292205810547
5182,-0.20534324645996094
5183,-17.79410743713379
5184,-0.018463134765625
5185,-0.1991424560546875
5186,2.4225335121154785
5187,-5.25065803527832
5188,2.275503158569336
5189,-17.626611709594727
5190,-4.776449203491211
5191,2.1348190307617188
5192,4.24629545211792
5193,-11.460920333862305
5194,2.9946823120117188
5195,-13.6461181640625
5196,-10.37893009185791
5197,2.8674850463867188
5198,2.0121092796325684
5199,-13.154220581054688
5200,3.358776092529297
5201,-15.16618537902832
5202,-10.806564331054688
5203,2.953868865966797
5204,2.410996913909912
5205,-13.364734649658203
5206,2.942831039428711
5207,-13.90134048461914
5208,-11.221644401550293
5209,2.946107864379883
5210,0.10840129852294922
5211,-12.802474021911621
5212,2.837615966796875
5213,-13.04891586303711
5214,-10.930452346801758
5215,3.039875030517578
5216,0.9076204299926758
5217,4.983852386474609
5218,4.613929748535156
5219,-10.929994583129883
5220,5.138738632202148
5221,4.06005859375
5222,-0.10515213012695312
5223,-4.77284049987793
5224,5.424169540405273
5225,-12.168970108032227
5226,-3.603727340698242
5227,4.517993927001953
5228,5.031182765960693
5229,-6.165646553039551
5230,5.566652297973633
5231,-1.8239097595214844
5232,-8.23622989654541
5233,4.956743240356445
5234,9.791664123535156
5235,-5.816531181335449
5236,5.899726867675781
5237,-0.21544742584228516
5238,-8.788147926330566
5239,5.700956344604492
5240,10.238788604736328
5241,-8.134960174560547
5242,4.390468597412109
5243,4.903019428253174
5244,-10.689255714416504
5245,3.624786376953125
5246,10.387184143066406
5247,-2.411083221435547
5248,-3.1312074661254883
5249,-7.4930877685546875
5250,-1.813797950744629
5251,-3.328855514526367
5252,-9.031806945800781
5253,-1.652099609375
5254,-3.31203556060791
5255,-9.035164833068848
5256,-1.5165033340454102
5257,-3.2863826751708984
5258,-9.039474487304688
5259,-1.8589067459106445
5260,-3.3431825637817383
5261,-6.782799243927002
5262,-1.7369251251220703
5263,-3.340444564819336
5264,-6.781683921813965
5265,-1.6352167129516602
5266,-3.331737518310547
5267,-6.780706405639648
5268,-0.6043910980224609
5269,-2.976818084716797
5270,-12.725750923156738
5271,-0.6356477737426758
5272,-3.0395803451538086
5273,-2.6423370838165283
5274,-2.1375160217285156
5275,-2.7406234741210938
5276,-8.704933166503906
5277,-2.22418212890625
5278,-2.7577381134033203
5279,-5.821404933929443
5280,-0.6679439544677734
5281,-0.8521499633789062
5282,-17.785795211791992
5283,0.2299823760986328
5284,-0.9227447509765625
5285,3.087822437286377
5286,-6.641371726989746
5287,0.4768714904785156
5288,-18.594161987304688
5289,-5.89499568939209
5290,0.3696022033691406
5291,4.920994281768799
5292,-11.946990013122559
5293,-0.432769775390625
5294,-14.692388534545898
5295,-11.251611709594727
5296,-0.5508651733398438
5297,1.3899164199829102
5298,-13.698626518249512
5299,-0.7524700164794922
5300,-17.169376373291016
5301,-12.69886589050293
5302,-0.9415283203125
5303,1.389505386352539
5304,-13.396350860595703
5305,-1.0479764938354492
5306,-15.045015335083008
5307,-12.729674339294434
5308,-1.1322402954101562
5309,-0.6528706550598145
5310,-12.83935832977295
5311,-0.9747142791748047
5312,-13.850086212158203
5313,-12.222199440002441
5314,-0.9652481079101562
5315,0.3096346855163574
5316,4.450349807739258
5317,4.386627197265625
5318,-11.108492851257324
5319,4.841455459594727
5320,3.9252166748046875
5321,0.07246685028076172
5322,-4.968278884887695
5323,5.397195816040039
5324,-14.371805191040039
5325,-3.643069267272949
5326,4.704980850219727
5327,5.742006778717041
5328,-1.4436798095703125
5329,7.278953552246094
5330,-2.119558572769165
5331,-1.5585155487060547
5332,6.692667007446289
5333,10.050374984741211
5334,-0.29836368560791016
5335,7.408430099487305
5336,-0.4625077247619629
5337,-0.8484010696411133
5338,7.024080276489258
5339,10.478771209716797
5340,-2.550015449523926
5341,7.923871994018555
5342,4.67759370803833
5343,-2.5503673553466797
5344,7.2513427734375
5345,10.958852767944336
5346,-1.9227228164672852
5347,-3.2270069122314453
5348,-7.410773277282715
5349,-1.2014884948730469
5350,-3.4430932998657227
5351,-8.930376052856445
5352,-1.0892753601074219
5353,-3.4187917709350586
5354,-8.933551788330078
5355,-0.9390773773193359
5356,-3.3954391479492188
5357,-8.938232421875
5358,-1.2093114852905273
5359,-3.474837303161621
5360,-6.748855113983154
5361,-1.1119890213012695
5362,-3.4721803665161133
5363,-6.747216701507568
5364,-0.962860107421875
5365,-3.470928192138672
5366,-6.7458882331848145
5367,-0.1438922882080078
5368,-3.0969886779785156
5369,-12.635398864746094
5370,-0.06348228454589844
5371,-3.169534683227539
5372,-2.9240777492523193
5373,-1.6989736557006836
5374,-2.8581418991088867
5375,-8.560011863708496
5376,-1.7483882904052734
5377,-2.890247344970703
5378,-5.772152900695801
5379,-0.6747703552246094
5380,-1.057927131652832
5381,-17.468547821044922
5382,0.8089447021484375
5383,-1.193232536315918
5384,3.1118741035461426
5385,-7.0203094482421875
5386,0.024839401245117188
5387,-18.332088470458984
5388,-5.379922866821289
5389,-0.1291179656982422
5390,5.27608060836792
5391,-12.027050018310547
5392,-0.8265361785888672
5393,-14.760053634643555
5394,-10.961650848388672
5395,-0.8784027099609375
5396,1.1071453094482422
5397,-13.765365600585938
5398,-1.0037202835083008
5399,-17.166393280029297
5400,-10.697044372558594
5401,-1.5671749114990234
5402,1.033860683441162
5403,-13.451211929321289
5404,-1.4148082733154297
5405,-15.580909729003906
5406,-11.019210815429688
5407,-1.676565170288086
5408,-0.9951643943786621
5409,-12.887088775634766
5410,-1.3399219512939453
5411,-14.1641845703125
5412,-11.74502182006836
5413,-1.407796859741211
5414,0.03162717819213867
5415,3.868824005126953
5416,4.299858093261719
5417,-11.092974662780762
5418,4.857717514038086
5419,3.849527359008789
5420,0.05422210693359375
5421,-5.488785743713379
5422,5.380815505981445
5423,-13.231797218322754
5424,-3.272519111633301
5425,4.724525451660156
5426,9.104629516601562
5427,-0.7366008758544922
5428,6.891033172607422
5429,-0.3607025146484375
5430,0.7216453552246094
5431,6.376544952392578
5432,12.031352996826172
5433,0.5472068786621094
5434,6.90913200378418
5435,1.804677963256836
5436,1.5651607513427734
5437,6.58207893371582
5438,12.511507034301758
5439,-1.3657569885253906
5440,7.441797256469727
5441,9.434762954711914
5442,0.24428939819335938
5443,6.923946380615234
5444,16.2535343170166
5445,1.5523719787597656
5446,-5.042706489562988
5447,-6.501465320587158
5448,2.4825916290283203
5449,-5.043304443359375
5450,-7.8694281578063965
5451,2.5302982330322266
5452,-5.002077102661133
5453,-7.869861125946045
5454,2.6294498443603516
5455,-4.971708297729492
5456,-7.875272750854492
5457,2.5396728515625
5458,-5.050334930419922
5459,-5.8191328048706055
5460,2.5948333740234375
5461,-5.009967803955078
5462,-5.816642761230469
5463,2.6503849029541016
5464,-4.973788261413574
5465,-5.815010070800781
5466,2.7238597869873047
5467,-4.4554901123046875
5468,-11.527629852294922
5469,2.808877944946289
5470,-4.507074356079102
5471,-2.277243137359619
5472,1.035238265991211
5473,-4.704627990722656
5474,-7.729887962341309
5475,1.0316734313964844
5476,-4.693714141845703
5477,-5.082266330718994
5478,0.2863750457763672
5479,-3.057366371154785
5480,-16.9549560546875
5481,1.0528011322021484
5482,-2.741666793823242
5483,3.8005003929138184
5484,-4.744813919067383
5485,-4.337058067321777
5486,-17.845916748046875
5487,-4.029304504394531
5488,-4.007902145385742
5489,6.866592884063721
5490,-6.414226531982422
5491,-5.876303672790527
5492,-12.14309310913086
5493,-6.164027214050293
5494,-5.732479095458984
5495,6.30004358291626
5496,-7.083579063415527
5497,-6.691999435424805
5498,-14.372434616088867
5499,-5.876894950866699
5500,-6.275750160217285
5501,6.205404758453369
5502,-7.550345420837402
5503,-6.020730972290039
5504,-13.41716194152832
5505,-6.316031455993652
5506,-5.987448692321777
5507,5.478116512298584
5508,-6.918172836303711
5509,-5.935497283935547
5510,-11.830385208129883
5511,-6.810918807983398
5512,-5.970820426940918
5513,5.6072096824646
5514,3.0374393463134766
5515,3.0214767456054688
5516,-11.83560562133789
5517,2.8680953979492188
5518,2.8729248046875
5519,0.8034310340881348
5520,-5.932320594787598
5521,5.1230010986328125
5522,-15.01303482055664
5523,-4.63228702545166
5524,4.676748275756836
5525,4.5341477394104
5526,-2.130077362060547
5527,6.927181243896484
5528,-4.1235833168029785
5529,-2.222719192504883
5530,6.580606460571289
5531,8.876836776733398
5532,-0.7998695373535156
5533,7.032970428466797
5534,-2.5171144008636475
5535,-1.4401493072509766
5536,6.733768463134766
5537,9.528654098510742
5538,-3.0670480728149414
5539,7.594690322875977
5540,1.2821507453918457
5541,-2.8008785247802734
5542,7.356658935546875
5543,10.675827026367188
5544,2.032337188720703
5545,-5.338841438293457
5546,-6.936023712158203
5547,2.8214359283447266
5548,-5.344676971435547
5549,-8.330708503723145
5550,2.900859832763672
5551,-5.306107521057129
5552,-8.33287239074707
5553,2.986736297607422
5554,-5.268171310424805
5555,-8.339107513427734
5556,2.8254852294921875
5557,-5.356780052185059
5558,-6.19792366027832
5559,2.898885726928711
5560,-5.330244064331055
5561,-6.195693492889404
5562,2.9741249084472656
5563,-5.303792953491211
5564,-6.195628643035889
5565,3.3076095581054688
5566,-4.816915512084961
5567,-11.884101867675781
5568,3.3366661071777344
5569,-4.886229515075684
5570,-2.203552484512329
5571,1.768463134765625
5572,-5.065434455871582
5573,-8.16755485534668
5574,1.7135963439941406
5575,-5.079307556152344
5576,-5.379658222198486
5577,1.0589828491210938
5578,-3.38458251953125
5579,-17.56100082397461
5580,1.6175155639648438
5581,-3.1326894760131836
5582,4.6491217613220215
5583,-4.0251054763793945
5584,-4.561753273010254
5585,-17.90876007080078
5586,-3.4444332122802734
5587,-4.3087568283081055
5588,8.27818489074707
5589,-4.646768569946289
5590,-6.7346649169921875
5591,-11.696676254272461
5592,-4.462482452392578
5593,-6.48896598815918
5594,7.603342533111572
5595,-4.722151756286621
5596,-7.427050590515137
5597,-13.804447174072266
5598,-4.061160087585449
5599,-6.985073089599609
5600,7.369418621063232
5601,-5.0536909103393555
5602,-7.391640663146973
5603,-13.307558059692383
5604,-4.495844841003418
5605,-7.027135848999023
5606,6.933478832244873
5607,-4.740134239196777
5608,-7.12553596496582
5609,-11.51490592956543
5610,-4.889682769775391
5611,-6.835345268249512
5612,6.990332126617432
5613,1.2048225402832031
5614,2.965667724609375
5615,-12.57095718383789
5616,1.7262134552001953
5617,2.7848777770996094
5618,1.5395050048828125
5619,-7.841853141784668
5620,5.1635894775390625
5621,-16.74474334716797
5622,-6.571072578430176
5623,4.80335807800293
5624,5.101566791534424
5625,-3.511622428894043
5626,7.180263519287109
5627,-2.601621389389038
5628,-3.7923355102539062
5629,7.074329376220703
5630,9.100410461425781
5631,-2.2245168685913086
5632,7.180625915527344
5633,-0.9442205429077148
5634,-3.039975166320801
5635,7.26335334777832
5636,10.417886734008789
5637,-4.116825103759766
5638,7.823459625244141
5639,2.024284839630127
5640,-4.488317489624023
5641,7.855401992797852
5642,12.082622528076172
5643,1.944662094116211
5644,-5.252559661865234
5645,-7.10575532913208
5646,2.750629425048828
5647,-5.342255592346191
5648,-8.497284889221191
5649,2.8427581787109375
5650,-5.307670593261719
5651,-8.497764587402344
5652,2.915212631225586
5653,-5.273431777954102
5654,-8.504539489746094
5655,2.7714481353759766
5656,-5.364323616027832
5657,-6.36403226852417
5658,2.883756637573242
5659,-5.347078323364258
5660,-6.361371994018555
5661,2.9672622680664062
5662,-5.325555801391602
5663,-6.361271858215332
5664,3.287252426147461
5665,-4.829565048217773
5666,-12.032903671264648
5667,3.3779678344726562
5668,-4.868350028991699
5669,-2.386164665222168
5670,1.6426010131835938
5671,-4.9403228759765625
5672,-8.274563789367676
5673,1.6109161376953125
5674,-4.951408386230469
5675,-5.481401443481445
5676,1.4586048126220703
5677,-3.3793601989746094
5678,-16.800628662109375
5679,2.118440628051758
5680,-2.973257064819336
5681,4.392716884613037
5682,-4.116395950317383
5683,-4.593790054321289
5684,-16.48314666748047
5685,-3.3195314407348633
5686,-4.208408355712891
5687,7.540002346038818
5688,-3.979783058166504
5689,-6.898347854614258
5690,-9.773143768310547
5691,-3.8271942138671875
5692,-6.513152122497559
5693,6.864340305328369
5694,-3.8494319915771484
5695,-7.607051849365234
5696,-11.832511901855469
5697,-3.44223690032959
5698,-7.150373458862305
5699,6.448505878448486
5700,-3.934600830078125
5701,-7.474091529846191
5702,-11.265251159667969
5703,-3.562954902648926
5704,-7.194734573364258
5705,6.196850299835205
5706,-3.7531604766845703
5707,-7.299470901489258
5708,-9.591240882873535
5709,-3.9224720001220703
5710,-6.887859344482422
5711,6.3072381019592285
5712,0.4026374816894531
5713,2.9598350524902344
5714,-12.404553413391113
5715,1.1022758483886719
5716,2.855134963989258
5717,1.3685688972473145
5718,-8.242931365966797
5719,5.264102935791016
5720,-15.139371871948242
5721,-6.453936576843262
5722,4.969207763671875
5723,5.423187732696533
5724,-3.4163084030151367
5725,7.368316650390625
5726,-1.8961248397827148
5727,-3.6785945892333984
5728,7.382631301879883
5729,10.318830490112305
5730,-1.9040241241455078
5731,7.3161163330078125
5732,-0.7203917503356934
5733,-2.7834415435791016
5734,7.604167938232422
5735,11.919483184814453
5736,-3.8025646209716797
5737,8.0726318359375
5738,4.771233081817627
5739,-4.678780555725098
5740,8.057451248168945
5741,14.401382446289062
5742,4.66844367980957
5743,-6.137146949768066
5744,-6.232141971588135
5745,5.469644546508789
5746,-6.093636512756348
5747,-7.695967197418213
5748,5.511518478393555
5749,-6.057772636413574
5750,-7.695502281188965
5751,5.552528381347656
5752,-6.026508331298828
5753,-7.701913356781006
5754,5.528041839599609
5755,-6.096371650695801
5756,-5.424812316894531
5757,5.608850479125977
5758,-6.065816879272461
5759,-5.4221062660217285
5760,5.675981521606445
5761,-6.0374603271484375
5762,-5.422072887420654
5763,5.705255508422852
5764,-5.572748184204102
5765,-11.343609809875488
5766,5.772026062011719
5767,-5.616896629333496
5768,-1.1917672157287598
5769,4.117607116699219
5770,-5.950366020202637
5771,-7.471616744995117
5772,4.029712677001953
5773,-5.910590171813965
5774,-4.528536319732666
5775,3.0367908477783203
5776,-4.366429328918457
5777,-16.394332885742188
5778,2.715524673461914
5779,-3.7490243911743164
5780,5.677923679351807
5781,-3.1367969512939453
5782,-5.831274032592773
5783,-15.553449630737305
5784,-2.4362525939941406
5785,-5.020892143249512
5786,9.155862808227539
5787,-0.5354909896850586
5788,-7.704738616943359
5789,-6.545773983001709
5790,-0.7996206283569336
5791,-7.154346466064453
5792,9.373384475708008
5793,0.7331733703613281
5794,-8.371536254882812
5795,-7.982771396636963
5796,0.43354034423828125
5797,-7.695523262023926
5798,9.101541519165039
5799,1.3774147033691406
5800,-8.1710844039917
5801,-7.755938529968262
5802,1.0647659301757812
5803,-7.559935569763184
5804,9.168302536010742
5805,1.0473365783691406
5806,-7.9232683181762695
5807,-6.391714572906494
5808,0.7525539398193359
5809,-7.4318037033081055
5810,8.953292846679688
5811,-1.176626205444336
5812,2.019033432006836
5813,-12.316164016723633
5814,-0.7025728225708008
5815,2.072042465209961
5816,1.280778408050537
5817,-9.27380084991455
5818,5.290460586547852
5819,-15.717113494873047
5820,-8.018683433532715
5821,4.9463653564453125
5822,2.4687399864196777
5823,-6.9329423904418945
5824,7.975641250610352
5825,-6.326040267944336
5826,-6.650925636291504
5827,7.728845596313477
5828,6.293306827545166
5829,-6.156641006469727
5830,8.132223129272461
5831,-5.244932174682617
5832,-6.026894569396973
5833,8.057415008544922
5834,6.838583469390869
5835,-7.536259651184082
5836,8.72416877746582
5837,-4.979639053344727
5838,-7.611532211303711
5839,8.750078201293945
5840,4.869348049163818
5841,5.386341094970703
5842,-5.938101768493652
5843,-5.872364521026611
5844,6.25933837890625
5845,-5.948040008544922
5846,-7.239583969116211
5847,6.346240997314453
5848,-5.904268264770508
5849,-7.2383012771606445
5850,6.442466735839844
5851,-5.862722396850586
5852,-7.243417739868164
5853,6.249656677246094
5854,-5.9737443923950195
5855,-4.99750280380249
5856,6.319915771484375
5857,-5.950218200683594
5858,-4.996991157531738
5859,6.394023895263672
5860,-5.925409317016602
5861,-4.999063014984131
5862,6.721935272216797
5863,-5.39199161529541
5864,-10.486095428466797
5865,6.628875732421875
5866,-5.456075668334961
5867,-0.5447907447814941
5868,4.975700378417969
5869,-5.659259796142578
5870,-6.939271450042725
5871,4.89381217956543
5872,-5.679455757141113
5873,-4.054583549499512
5874,4.218170166015625
5875,-4.232273101806641
5876,-15.829713821411133
5877,3.6753406524658203
5878,-3.7328004837036133
5879,6.5631537437438965
5880,-2.560577392578125
5881,-5.954058647155762
5882,-15.095495223999023
5883,-1.6641054153442383
5884,-5.349742889404297
5885,9.839681625366211
5886,0.8276901245117188
5887,-7.779378890991211
5888,-6.058697700500488
5889,0.6267185211181641
5890,-7.490351676940918
5891,9.88743782043457
5892,1.9275398254394531
5893,-8.539468765258789
5894,-7.326484680175781
5895,1.7379951477050781
5896,-8.158390045166016
5897,9.451515197753906
5898,2.5779647827148438
5899,-8.276296615600586
5900,-7.4653639793396
5901,2.3637123107910156
5902,-8.059197425842285
5903,9.668380737304688
5904,2.362516403198242
5905,-8.019943237304688
5906,-6.0108642578125
5907,2.0985183715820312
5908,-7.69923210144043
5909,9.495073318481445
5910,-1.8760862350463867
5911,1.7894878387451172
5912,-12.319101333618164
5913,-1.4707441329956055
5914,1.8763694763183594
5915,1.279350757598877
5916,-10.160398483276367
5917,5.28919792175293
5918,-14.481365203857422
5919,-8.268719673156738
5920,4.988851547241211
5921,1.5883612632751465
5922,-9.518529891967773
5923,8.523788452148438
5924,-7.356062889099121
5925,-8.273849487304688
5926,8.219762802124023
5927,5.307240962982178
5928,-8.939340591430664
5929,8.979969024658203
5930,-6.651003360748291
5931,-7.781440734863281
5932,8.734718322753906
5933,5.709360599517822
5934,-10.922269821166992
5935,9.05058479309082
5936,-7.973234176635742
5937,-10.319650650024414
5938,8.942819595336914
5939,3.5110487937927246
5940,5.556362152099609
5941,-5.911849021911621
5942,-6.233048915863037
5943,6.46934700012207
5944,-5.902811050415039
5945,-7.631494522094727
5946,6.539430618286133
5947,-5.853023529052734
5948,-7.633359432220459
5949,6.619701385498047
5950,-5.801222801208496
5951,-7.640117645263672
5952,6.4464874267578125
5953,-5.928496360778809
5954,-5.448263645172119
5955,6.495656967163086
5956,-5.899843215942383
5957,-5.44615364074707
5958,6.552696228027344
5959,-5.869836807250977
5960,-5.448007583618164
5961,6.817558288574219
5962,-5.289990425109863
5963,-11.072456359863281
5964,6.701812744140625
5965,-5.391286849975586
5966,-1.3372368812561035
5967,5.129508972167969
5968,-5.592272758483887
5969,-7.415162563323975
5970,5.0440216064453125
5971,-5.625329971313477
5972,-4.585638046264648
5973,4.334970474243164
5974,-4.204154014587402
5975,-15.961051940917969
5976,4.104175567626953
5977,-3.733492851257324
5978,5.578874111175537
5979,-2.195836067199707
5980,-6.011003494262695
5981,-15.634040832519531
5982,-1.3518877029418945
5983,-5.579216957092285
5984,8.508499145507812
5985,1.1813106536865234
5986,-7.773289680480957
5987,-6.214283466339111
5988,0.9769706726074219
5989,-7.652178764343262
5990,7.193321704864502
5991,2.3238754272460938
5992,-8.414983749389648
5993,-7.429175853729248
5994,1.9787616729736328
5995,-8.328781127929688
5996,6.730774402618408
5997,3.0096969604492188
5998,-8.200553894042969
5999,-7.707136154174805
6000,2.591390609741211
6001,-8.215965270996094
6002,6.451159954071045
6003,2.7080459594726562
6004,-7.913268089294434
6005,-6.159183502197266
6006,2.375825881958008
6007,-7.855055809020996
6008,6.644555568695068
6009,-2.2340145111083984
6010,1.5342025756835938
6011,-12.345340728759766
6012,-1.629359245300293
6013,1.6808834075927734
6014,1.2998342514038086
6015,-9.984752655029297
6016,5.101530075073242
6017,-13.633186340332031
6018,-7.785372734069824
6019,4.932126998901367
6020,3.008300304412842
6021,-9.443119049072266
6022,8.211029052734375
6023,-5.886197090148926
6024,-8.42220687866211
6025,8.158864974975586
6026,7.2549920082092285
6027,-8.851289749145508
6028,8.718650817871094
6029,-5.108499526977539
6030,-8.00728702545166
6031,8.75184440612793
6032,7.6845574378967285
6033,-11.387455940246582
6034,8.562009811401367
6035,-5.976996898651123
6036,-11.390251159667969
6037,8.486242294311523
6038,6.3877081871032715
6039,9.077154159545898
6040,-5.854456901550293
6041,-6.847718238830566
6042,9.778070449829102
6043,-5.635848045349121
6044,-7.88897180557251
6045,9.797914505004883
6046,-5.572727203369141
6047,-7.8859944343566895
6048,9.81108283996582
6049,-5.509992599487305
6050,-7.890261650085449
6051,9.795234680175781
6052,-5.683381080627441
6053,-5.758545875549316
6054,9.806564331054688
6055,-5.644388198852539
6056,-5.756572246551514
6057,9.82670783996582
6058,-5.608041763305664
6059,-5.75474739074707
6060,9.39836311340332
6061,-5.086769104003906
6062,-11.390125274658203
6063,9.463191986083984
6064,-5.152533531188965
6065,-1.7168822288513184
6066,8.421466827392578
6067,-5.664422035217285
6068,-7.738480567932129
6069,8.313796997070312
6070,-5.727411270141602
6071,-5.006915092468262
6072,5.50105094909668
6073,-4.543030738830566
6074,-16.848093032836914
6075,5.544872283935547
6076,-4.04118537902832
6077,5.074098110198975
6078,0.8810653686523438
6079,-6.570783615112305
6080,-15.979286193847656
6081,1.3603286743164062
6082,-6.152305603027344
6083,8.24036979675293
6084,3.9467296600341797
6085,-8.288830757141113
6086,-7.744915962219238
6087,3.6945552825927734
6088,-7.999743461608887
6089,7.778330326080322
6090,4.915138244628906
6091,-8.759621620178223
6092,-9.398502349853516
6093,4.662153244018555
6094,-8.455400466918945
6095,7.617649555206299
6096,5.555438995361328
6097,-8.549389839172363
6098,-9.267064094543457
6099,5.285245895385742
6100,-8.295360565185547
6101,7.124012470245361
6102,5.321367263793945
6103,-8.304389953613281
6104,-7.618827819824219
6105,5.158042907714844
6106,-8.127423286437988
6107,7.149482250213623
6108,-2.659794807434082
6109,0.3818359375
6110,-12.637864112854004
6111,-1.879018783569336
6112,0.5852947235107422
6113,1.5969500541687012
6114,-9.634885787963867
6115,4.207269668579102
6116,-13.37958812713623
6117,-8.209674835205078
6118,4.116107940673828
6119,3.196652889251709
6120,-11.139588356018066
6121,7.990667343139648
6122,-8.256593704223633
6123,-10.94027328491211
6124,7.861030578613281
6125,7.611897945404053
6126,-11.11575698852539
6127,8.086254119873047
6128,-7.853878021240234
6129,-10.909673690795898
6130,8.257532119750977
6131,8.065296173095703
6132,-12.236322402954102
6133,8.489883422851562
6134,-10.552070617675781
6135,-13.365970611572266
6136,7.734994888305664
6137,5.776066303253174
6138,9.532346725463867
6139,-5.633487701416016
6140,-6.917924404144287
6141,10.191028594970703
6142,-5.430712699890137
6143,-8.080657958984375
6144,10.205562591552734
6145,-5.368040084838867
6146,-8.079080581665039
6147,10.219141006469727
6148,-5.307275772094727
6149,-8.083427429199219
6150,10.217039108276367
6151,-5.484533309936523
6152,-5.87191104888916
6153,10.24534797668457
6154,-5.460033416748047
6155,-5.871027946472168
6156,10.27047348022461
6157,-5.434576034545898
6158,-5.870194435119629
6159,9.798833847045898
6160,-4.899580955505371
6161,-11.490095138549805
6162,9.85554313659668
6163,-5.020149230957031
6164,-1.3802475929260254
6165,8.787376403808594
6166,-5.464818000793457
6167,-7.868562698364258
6168,8.820396423339844
6169,-5.546241760253906
6170,-5.016061782836914
6171,5.9841156005859375
6172,-4.3830413818359375
6173,-17.332124710083008
6174,6.09869384765625
6175,-3.881535530090332
6176,6.25361967086792
6177,1.7298259735107422
6178,-6.565858840942383
6179,-15.920076370239258
6180,2.0953540802001953
6181,-5.976325988769531
6182,10.659887313842773
6183,4.256771087646484
6184,-7.979442596435547
6185,-5.027453422546387
6186,3.940349578857422
6187,-7.669834136962891
6188,10.162254333496094
6189,5.238500595092773
6190,-8.535735130310059
6191,-6.322535037994385
6192,5.04212760925293
6193,-8.342789649963379
6194,10.139057159423828
6195,5.858636856079102
6196,-8.290356636047363
6197,-6.4122819900512695
6198,5.66383171081543
6199,-8.153066635131836
6200,9.497781753540039
6201,5.621328353881836
6202,-8.082009315490723
6203,-4.852363586425781
6204,5.35511589050293
6205,-7.810420036315918
6206,9.544317245483398
6207,-2.701221466064453
6208,-0.00019073486328125
6209,-13.042219161987305
6210,-2.205868721008301
6211,0.19663429260253906
6212,1.9942736625671387
6213,-9.48379135131836
6214,3.6783008575439453
6215,-13.23270034790039
6216,-7.905139923095703
6217,3.687908172607422
6218,3.5590577125549316
6219,-11.225139617919922
6220,7.9426727294921875
6221,-8.526787757873535
6222,-11.047174453735352
6223,7.636140823364258
6224,8.331418991088867
6225,-10.986333847045898
6226,7.766794204711914
6227,-8.054838180541992
6228,-10.987470626831055
6229,7.7570953369140625
6230,8.785392761230469
6231,-13.066783905029297
6232,8.213579177856445
6233,-10.57084846496582
6234,-13.807899475097656
6235,7.4633941650390625
6236,7.045803546905518
6237,12.186845779418945
6238,-5.220203399658203
6239,-6.820531845092773
6240,12.32179069519043
6241,-4.174022674560547
6242,-7.874793529510498
6243,12.232696533203125
6244,-4.137386322021484
6245,-7.873819351196289
6246,12.071048736572266
6247,-4.0767316818237305
6248,-7.875904083251953
6249,12.344850540161133
6250,-4.167171478271484
6251,-5.861486434936523
6252,12.224227905273438
6253,-4.086277008056641
6254,-5.8622050285339355
6255,12.120908737182617
6256,-4.047883987426758
6257,-5.861475944519043
6258,10.833921432495117
6259,-3.901418685913086
6260,-10.560914039611816
6261,10.975749969482422
6262,-3.8160324096679688
6263,-1.6251583099365234
6264,11.489601135253906
6265,-4.871426582336426
6266,-7.716777324676514
6267,11.513538360595703
6268,-4.962535858154297
6269,-5.095321178436279
6270,6.589611053466797
6271,-4.026545524597168
6272,-17.042448043823242
6273,5.914371490478516
6274,-3.8395471572875977
6275,5.382751941680908
6276,3.567758560180664
6277,-6.225659370422363
6278,-17.689176559448242
6279,2.914134979248047
6280,-6.234889984130859
6281,9.279483795166016
6282,4.669027328491211
6283,-8.433213233947754
6284,-16.2683162689209
6285,3.8779449462890625
6286,-8.104754447937012
6287,7.0885491371154785
6288,5.137775421142578
6289,-8.987960815429688
6290,-19.33637809753418
6291,4.694450378417969
6292,-8.733053207397461
6293,8.597692489624023
6294,5.630443572998047
6295,-9.033815383911133
6296,-17.232940673828125
6297,4.958444595336914
6298,-8.806260108947754
6299,4.971507549285889
6300,5.3604278564453125
6301,-8.770524024963379
6302,-15.530315399169922
6303,4.801506042480469
6304,-8.625097274780273
6305,5.75518274307251
6306,-3.2017030715942383
6307,-0.6336441040039062
6308,-13.127264022827148
6309,-3.373213768005371
6310,-0.4433116912841797
6311,2.088550567626953
6312,-13.052644729614258
6313,-0.27036094665527344
6314,-18.761579513549805
6315,-12.332969665527344
6316,0.07694244384765625
6317,-1.7327327728271484
6318,-9.899527549743652
6319,3.2464046478271484
6320,-11.816380500793457
6321,-9.998183250427246
6322,3.1186656951904297
6323,6.803866863250732
6324,-8.598516464233398
6325,3.3043956756591797
6326,-10.651602745056152
6327,-8.859339714050293
6328,3.360898971557617
6329,7.823060512542725
6330,-10.780223846435547
6331,5.456340789794922
6332,-9.047737121582031
6333,-11.440191268920898
6334,5.0289459228515625
6335,7.390707492828369
6336,12.733558654785156
6337,-4.473639488220215
6338,-7.058060646057129
6339,12.697809219360352
6340,-3.4351730346679688
6341,-7.996767997741699
6342,12.588603973388672
6343,-3.4066390991210938
6344,-7.994674205780029
6345,12.420127868652344
6346,-3.3615283966064453
6347,-7.992718696594238
6348,12.72370719909668
6349,-3.4361724853515625
6350,-5.9285359382629395
6351,12.634429931640625
6352,-3.3907852172851562
6353,-5.927596569061279
6354,12.48477554321289
6355,-3.345953941345215
6356,-5.927355766296387
6357,11.184106826782227
6358,-3.310784339904785
6359,-10.870960235595703
6360,11.328699111938477
6361,-3.211054801940918
6362,-1.464308738708496
6363,11.711204528808594
6364,-4.715517044067383
6365,-7.931499481201172
6366,11.963642120361328
6367,-4.935905456542969
6368,-5.127176284790039
6369,6.859308242797852
6370,-3.751710891723633
6371,-18.748727798461914
6372,6.062889099121094
6373,-3.699817657470703
6374,5.90508508682251
6375,3.8410186767578125
6376,-6.296416282653809
6377,-20.65081214904785
6378,3.422649383544922
6379,-6.110856056213379
6380,8.606910705566406
6381,4.727272033691406
6382,-8.407037734985352
6383,-18.061302185058594
6384,3.950441360473633
6385,-8.085909843444824
6386,4.904484272003174
6387,4.948905944824219
6388,-9.007850646972656
6389,-21.365257263183594
6390,4.470907211303711
6391,-8.704460144042969
6392,6.227665424346924
6393,5.2847442626953125
6394,-8.928916931152344
6395,-19.569665908813477
6396,4.69019889831543
6397,-8.805788040161133
6398,1.5435709953308105
6399,5.220424652099609
6400,-8.769689559936523
6401,-17.405437469482422
6402,4.60157585144043
6403,-8.604909896850586
6404,2.983333110809326
6405,-4.2461090087890625
6406,-0.7157611846923828
6407,-13.940927505493164
6408,-3.9760351181030273
6409,-0.5878486633300781
6410,2.9070944786071777
6411,-14.13338851928711
6412,-0.4423103332519531
6413,-22.710071563720703
6414,-13.1256742477417
6415,-0.21765518188476562
6416,0.4389171600341797
6417,-9.754545211791992
6418,2.9693984985351562
6419,-9.33133316040039
6420,-9.905745506286621
6421,2.899995803833008
6422,10.597896575927734
6423,-8.271581649780273
6424,2.754779815673828
6425,-7.708189964294434
6426,-8.505122184753418
6427,2.742757797241211
6428,12.019123077392578
6429,-9.510997772216797
6430,5.119182586669922
6431,-5.9152631759643555
6432,-10.455591201782227
6433,4.663646697998047
6434,12.770120620727539
6435,12.852022171020508
6436,-4.079226493835449
6437,-7.5576171875
6438,12.922046661376953
6439,-3.23343563079834
6440,-8.52197265625
6441,12.824201583862305
6442,-3.1838226318359375
6443,-8.522673606872559
6444,12.705364227294922
6445,-3.129694938659668
6446,-8.521099090576172
6447,12.972972869873047
6448,-3.2799644470214844
6449,-6.2954888343811035
6450,12.891817092895508
6451,-3.249368667602539
6452,-6.297176837921143
6453,12.815618515014648
6454,-3.21506404876709
6455,-6.296605587005615
6456,11.685127258300781
6457,-2.9991722106933594
6458,-10.99072265625
6459,11.83968734741211
6460,-3.042111396789551
6461,-1.659379005432129
6462,12.006587982177734
6463,-4.587915420532227
6464,-8.387331008911133
6465,12.063652038574219
6466,-4.922015190124512
6467,-5.423172950744629
6468,7.38884162902832
6469,-3.5968456268310547
6470,-19.029340744018555
6471,6.699274063110352
6472,-3.5245370864868164
6473,5.821835041046143
6474,4.247821807861328
6475,-5.970144271850586
6476,-20.678213119506836
6477,3.492166519165039
6478,-5.471175193786621
6479,8.661521911621094
6480,4.7053375244140625
6481,-8.233085632324219
6482,-17.296457290649414
6483,3.9159584045410156
6484,-7.942021369934082
6485,4.62871789932251
6486,4.966350555419922
6487,-8.828615188598633
6488,-20.147109985351562
6489,4.377954483032227
6490,-8.424176216125488
6491,5.827724933624268
6492,5.421453475952148
6493,-8.80398941040039
6494,-18.411958694458008
6495,4.7577667236328125
6496,-8.564821243286133
6497,1.3482022285461426
6498,5.199678421020508
6499,-8.550864219665527
6500,-16.60474395751953
6501,4.512266159057617
6502,-8.323285102844238
6503,2.661013126373291
6504,-4.439475059509277
6505,-0.9093227386474609
6506,-13.739238739013672
6507,-4.027239799499512
6508,-0.7854824066162109
6509,2.7055554389953613
6510,-14.201641082763672
6511,-0.40480995178222656
6512,-22.74698829650879
6513,-12.95592212677002
6514,-0.28297996520996094
6515,1.6629490852355957
6516,-9.698253631591797
6517,2.8093509674072266
6518,-7.409291744232178
6519,-9.603175163269043
6520,2.466581344604492
6521,13.243423461914062
6522,-8.405797958374023
6523,2.6085872650146484
6524,-6.811685562133789
6525,-8.381511688232422
6526,2.443937301635742
6527,14.68818473815918
6528,-9.635246276855469
6529,4.815710067749023
6530,-1.823279857635498
6531,-10.054593086242676
6532,4.012908935546875
6533,15.814373016357422
6534,13.249765396118164
6535,-2.7874021530151367
6536,3.5435519218444824
6537,13.203670501708984
6538,-2.20998477935791
6539,2.5321192741394043
6540,13.129827499389648
6541,-2.1927223205566406
6542,2.5282959938049316
6543,12.967430114746094
6544,-2.2592849731445312
6545,2.5299582481384277
6546,13.17707633972168
6547,-2.219066619873047
6548,4.244831562042236
6549,13.021318435668945
6550,-2.1842565536499023
6551,4.240169048309326
6552,12.903852462768555
6553,-2.1685924530029297
6554,4.235533237457275
6555,11.851776123046875
6556,-2.216416358947754
6557,-0.4434332847595215
6558,11.872457504272461
6559,-2.1459388732910156
6560,7.152804851531982
6561,12.475723266601562
6562,-3.218036651611328
6563,2.5546460151672363
6564,12.462762832641602
6565,-3.3235578536987305
6566,4.774174213409424
6567,7.922412872314453
6568,-3.3867292404174805
6569,-8.13911247253418
6570,6.007368087768555
6571,-3.467653274536133
6572,12.318721771240234
6573,4.175287246704102
6574,-5.704503059387207
6575,-9.44137191772461
6576,2.6049957275390625
6577,-4.9746198654174805
6578,15.92172622680664
6579,3.8879432678222656
6580,-8.436565399169922
6581,-6.208553314208984
6582,2.42340087890625
6583,-7.34420108795166
6584,15.199724197387695
6585,3.982332229614258
6586,-9.177911758422852
6587,-7.864651679992676
6588,2.0367355346679688
6589,-7.826791763305664
6590,16.698213577270508
6591,4.348657608032227
6592,-9.126233100891113
6593,-5.406200408935547
6594,2.3646297454833984
6595,-7.979726791381836
6596,13.946569442749023
6597,4.17115592956543
6598,-8.891661643981934
6599,-5.098470211029053
6600,2.553773880004883
6601,-7.870055198669434
6602,14.129230499267578
6603,-4.617144584655762
6604,-1.2103662490844727
6605,-13.47504997253418
6606,-4.743007659912109
6607,-0.8519439697265625
6608,2.437617778778076
6609,-14.180545806884766
6610,-3.153881072998047
6611,-19.62503433227539
6612,-12.826513290405273
6613,-2.229928970336914
6614,2.21492338180542
6615,-11.131773948669434
6616,0.8335323333740234
6617,-10.760611534118652
6618,-11.843708038330078
6619,1.0073318481445312
6620,6.739880084991455
6621,-9.800243377685547
6622,1.1765689849853516
6623,-10.053428649902344
6624,-10.400052070617676
6625,1.4727230072021484
6626,7.078479290008545
6627,-13.274077415466309
6628,2.9599246978759766
6629,-6.214614391326904
6630,-13.93871784210205
6631,3.049592971801758
6632,7.370993137359619
6633,13.43582534790039
6634,-2.3157224655151367
6635,-1.3499484062194824
6636,13.36298942565918
6637,-1.88177490234375
6638,-2.5833582878112793
6639,13.223031997680664
6640,-1.8447208404541016
6641,-2.5868074893951416
6642,13.111148834228516
6643,-1.8442192077636719
6644,-2.586714744567871
6645,13.340391159057617
6646,-1.880380630493164
6647,-0.6935839653015137
6648,13.249879837036133
6649,-1.8573007583618164
6650,-0.6961269378662109
6651,13.157430648803711
6652,-1.8415889739990234
6653,-0.6989221572875977
6654,12.126190185546875
6655,-1.8509531021118164
6656,-5.877132892608643
6657,12.195550918579102
6658,-1.8102302551269531
6659,3.1231799125671387
6660,12.589027404785156
6661,-2.589754104614258
6662,-2.439345121383667
6663,12.605356216430664
6664,-2.643491744995117
6665,0.006844997406005859
6666,7.908121109008789
6667,-3.280247688293457
6668,-11.996453285217285
6669,6.648927688598633
6670,-3.2590103149414062
6671,8.849124908447266
6672,3.883831024169922
6673,-5.741325378417969
6674,-10.153280258178711
6675,2.1538867950439453
6676,-4.770430564880371
6677,11.994173049926758
6678,3.6272010803222656
6679,-8.67263126373291
6680,-13.266557693481445
6681,2.3926544189453125
6682,-7.306325912475586
6683,10.17768669128418
6684,3.545145034790039
6685,-9.317606925964355
6686,-15.69638442993164
6687,1.6852588653564453
6688,-7.8432159423828125
6689,10.699699401855469
6690,3.837200164794922
6691,-9.346155166625977
6692,-11.88612174987793
6693,1.8869514465332031
6694,-7.927712440490723
6695,8.794378280639648
6696,3.7318668365478516
6697,-9.091256141662598
6698,-11.822099685668945
6699,2.258604049682617
6700,-7.877138137817383
6701,9.295276641845703
6702,-4.957589149475098
6703,-1.469329833984375
6704,-13.36474895477295
6705,-4.973406791687012
6706,-0.8867969512939453
6707,2.325319766998291
6708,-14.157708168029785
6709,-3.2897415161132812
6710,-17.678634643554688
6711,-12.95751953125
6712,-2.1884851455688477
6713,4.819882869720459
6714,-11.476995468139648
6715,0.8722076416015625
6716,-9.460918426513672
6717,-11.937101364135742
6718,1.0536365509033203
6719,7.579858303070068
6720,-10.125835418701172
6721,1.1785221099853516
6722,-8.439023971557617
6723,-11.11506462097168
6724,1.6449317932128906
6725,8.129169464111328
6726,-13.930299758911133
6727,2.801128387451172
6728,-4.947146415710449
6729,-14.560739517211914
6730,2.9995498657226562
6731,8.333595275878906
6732,13.33879280090332
6733,-2.302896499633789
6734,-2.8551361560821533
6735,13.316459655761719
6736,-1.8919086456298828
6737,-3.9262657165527344
6738,13.213165283203125
6739,-1.8552465438842773
6740,-3.9360690116882324
6741,13.112119674682617
6742,-1.832061767578125
6743,-3.925995111465454
6744,13.35993766784668
6745,-1.9066495895385742
6746,-1.6398556232452393
6747,13.293052673339844
6748,-1.884561538696289
6749,-1.649162769317627
6750,13.228429794311523
6751,-1.8498945236206055
6752,-1.6524543762207031
6753,12.10190200805664
6754,-1.7612800598144531
6755,-6.297719955444336
6756,12.203779220581055
6757,-1.8150901794433594
6758,1.600205421447754
6759,12.459287643432617
6760,-2.5178890228271484
6761,-3.4411439895629883
6762,12.494384765625
6763,-2.5614919662475586
6764,-0.34357500076293945
6765,8.167978286743164
6766,-3.253152847290039
6767,-14.869941711425781
6768,7.014980316162109
6769,-3.2234907150268555
6770,7.746448040008545
6771,4.034374237060547
6772,-5.581785202026367
6773,-17.34777069091797
6774,2.2002639770507812
6775,-4.855236053466797
6776,10.376298904418945
6777,3.414121627807617
6778,-8.521798133850098
6779,-17.410789489746094
6780,2.3147335052490234
6781,-7.478697776794434
6782,8.310728073120117
6783,3.2611961364746094
6784,-9.201240539550781
6785,-20.166839599609375
6786,1.3392868041992188
6787,-7.943600654602051
6788,8.900087356567383
6789,3.5243492126464844
6790,-9.245404243469238
6791,-17.08205795288086
6792,1.4995574951171875
6793,-8.09824275970459
6794,6.885136127471924
6795,3.444995880126953
6796,-9.005748748779297
6797,-16.220102310180664
6798,1.9137554168701172
6799,-8.012052536010742
6800,7.421496868133545
6801,-4.979168891906738
6802,-1.4282569885253906
6803,-13.527887344360352
6804,-4.911956787109375
6805,-1.189345359802246
6806,2.488478183746338
6807,-14.034332275390625
6808,-3.2714157104492188
6809,-19.000041961669922
6810,-13.016013145446777
6811,-2.299504280090332
6812,5.040963649749756
6813,-11.705979347229004
6814,0.7862930297851562
6815,-8.195085525512695
6816,-12.141877174377441
6817,1.0751934051513672
6818,10.829902648925781
6819,-10.154426574707031
6820,1.0451393127441406
6821,-7.590686798095703
6822,-11.999163627624512
6823,1.7445926666259766
6824,11.540533065795898
6825,-13.855445861816406
6826,2.841522216796875
6827,-1.9800889492034912
6828,-14.519013404846191
6829,2.8976268768310547
6830,12.574335098266602
6831,13.220491409301758
6832,-1.535660743713379
6833,-2.8967044353485107
6834,13.116598129272461
6835,-1.1590681076049805
6836,-4.505477428436279
6837,13.000106811523438
6838,-1.1360063552856445
6839,-4.519023895263672
6840,12.882392883300781
6841,-1.1174354553222656
6842,-4.491434097290039
6843,13.202503204345703
6844,-1.1573514938354492
6845,-1.7264771461486816
6846,13.144622802734375
6847,-1.1251182556152344
6848,-1.7300188541412354
6849,13.079324722290039
6850,-1.0973472595214844
6851,-1.7365357875823975
6852,11.764244079589844
6853,-1.04498291015625
6854,-8.975542068481445
6855,11.960172653198242
6856,-1.0275468826293945
6857,1.51816987991333
6858,12.412750244140625
6859,-1.7479610443115234
6860,-4.505333423614502
6861,12.522819519042969
6862,-1.7525320053100586
6863,-0.556769847869873
6864,7.411767959594727
6865,-2.7093887329101562
6866,-17.429922103881836
6867,6.822013854980469
6868,-2.553926467895508
6869,6.903305530548096
6870,3.4612045288085938
6871,-5.201330184936523
6872,-19.402734756469727
6873,2.0405845642089844
6874,-4.574252128601074
6875,8.601987838745117
6876,3.0741519927978516
6877,-8.251236915588379
6878,-17.41805076599121
6879,-0.657313346862793
6880,-6.669733047485352
6881,5.803045749664307
6882,2.3212833404541016
6883,-8.908516883850098
6884,-20.229087829589844
6885,-1.311635971069336
6886,-7.170515060424805
6887,6.537745952606201
6888,2.2921714782714844
6889,-8.960538864135742
6890,-17.946474075317383
6891,-1.409688949584961
6892,-7.295310974121094
6893,3.319077968597412
6894,2.3303375244140625
6895,-8.716548919677734
6896,-16.52509117126465
6897,-1.190230369567871
6898,-7.143795967102051
6899,4.469240665435791
6900,-5.711770057678223
6901,-1.6560297012329102
6902,-13.470401763916016
6903,-5.101393699645996
6904,-1.530160903930664
6905,2.4302291870117188
6906,-12.309041023254395
6907,-5.291550636291504
6908,-16.25183868408203
6909,-11.322671890258789
6910,-4.7111663818359375
6911,6.005797863006592
6912,-12.967681884765625
6913,-1.2070207595825195
6914,-7.507413387298584
6915,-12.546014785766602
6916,-1.0483684539794922
6917,12.121429443359375
6918,-12.17142105102539
6919,-0.51007080078125
6920,-6.612109184265137
6921,-12.088582038879395
6922,-0.38315582275390625
6923,12.588981628417969
6924,-15.500484466552734
6925,0.4822349548339844
6926,-0.6826109886169434
6927,-14.80898666381836
6928,0.51629638671875
6929,15.402414321899414
6930,13.28309440612793
6931,-1.205876350402832
6932,-6.895866870880127
6933,13.032941818237305
6934,-0.8445873260498047
6935,-8.30841064453125
6936,12.883565902709961
6937,-0.8297290802001953
6938,-8.316385269165039
6939,12.728752136230469
6940,-0.8148555755615234
6941,-8.303921699523926
6942,13.180706024169922
6943,-0.8106632232666016
6944,-5.586577892303467
6945,13.127897262573242
6946,-0.7735385894775391
6947,-5.587756633758545
6948,13.058385848999023
6949,-0.7380447387695312
6950,-5.589877128601074
6951,11.639339447021484
6952,-0.7772426605224609
6953,-11.826498031616211
6954,11.98267936706543
6955,-0.7214031219482422
6956,-0.18813037872314453
6957,12.501214981079102
6958,-1.4184274673461914
6959,-8.144704818725586
6960,12.692182540893555
6961,-1.390528678894043
6962,-4.484153747558594
6963,7.193506240844727
6964,-2.380331039428711
6965,-19.434568405151367
6966,6.885442733764648
6967,-2.011418342590332
6968,6.85601282119751
6969,3.24822998046875
6970,-5.030738830566406
6971,-21.432430267333984
6972,1.9818744659423828
6973,-4.53153133392334
6974,7.841421604156494
6975,2.616880416870117
6976,-8.007210731506348
6977,-18.413047790527344
6978,-1.3183469772338867
6979,-6.342565536499023
6980,5.157809734344482
6981,1.5727958679199219
6982,-8.716848373413086
6983,-21.130565643310547
6984,-2.0072059631347656
6985,-6.892522811889648
6986,6.177217960357666
6987,1.5170040130615234
6988,-8.72134780883789
6989,-19.019329071044922
6990,-1.9550676345825195
6991,-7.026323318481445
6992,2.8922019004821777
6993,1.6187267303466797
6994,-8.422640800476074
6995,-17.543474197387695
6996,-1.7110929489135742
6997,-6.843330383300781
6998,3.8025965690612793
6999,-5.6345930099487305
7000,-1.8000860214233398
7001,-13.481945037841797
7002,-5.163405418395996
7003,-1.6098079681396484
7004,2.439241886138916
7005,-11.78648853302002
7006,-5.323519706726074
7007,-16.261451721191406
7008,-11.03512954711914
7009,-4.605798721313477
7010,6.016293048858643
7011,-12.95198917388916
7012,-1.236577033996582
7013,-5.537952899932861
7014,-13.043513298034668
7015,-1.098505973815918
7016,12.804920196533203
7017,-11.989038467407227
7018,-0.7310314178466797
7019,-4.10176944732666
7020,-12.279776573181152
7021,-0.5149574279785156
7022,13.314899444580078
7023,-15.500435829162598
7024,0.47962188720703125
7025,1.897721767425537
7026,-15.569190979003906
7027,0.46282196044921875
7028,15.940383911132812
7029,12.929561614990234
7030,-1.3406915664672852
7031,-8.088236808776855
7032,12.750019073486328
7033,-0.9828701019287109
7034,-9.510103225708008
7035,12.622337341308594
7036,-0.9630842208862305
7037,-9.515650749206543
7038,12.489286422729492
7039,-0.9407863616943359
7040,-9.509201049804688
7041,12.852127075195312
7042,-0.9569406509399414
7043,-6.86103630065918
7044,12.796939849853516
7045,-0.9204616546630859
7046,-6.860966682434082
7047,12.733108520507812
7048,-0.8808822631835938
7049,-6.862214088439941
7050,11.420673370361328
7051,-0.8712997436523438
7052,-13.031387329101562
7053,11.690502166748047
7054,-0.8019866943359375
7055,-1.2153339385986328
7056,12.190759658813477
7057,-1.5340461730957031
7058,-9.308161735534668
7059,12.317033767700195
7060,-1.5325050354003906
7061,-5.833393573760986
7062,7.03651237487793
7063,-2.305696487426758
7064,-20.646686553955078
7065,6.85284423828125
7066,-1.8406105041503906
7067,6.684360027313232
7068,3.072050094604492
7069,-4.921733856201172
7070,-22.469724655151367
7071,1.9686775207519531
7072,-4.461211204528809
7073,7.5851521492004395
7074,2.031209945678711
7075,-7.8678483963012695
7076,-18.323505401611328
7077,-1.5374059677124023
7078,-6.271881103515625
7079,4.80005407333374
7080,1.0767574310302734
7081,-8.565275192260742
7082,-20.96019744873047
7083,-2.215717315673828
7084,-6.821239471435547
7085,5.8618483543396
7086,1.0961170196533203
7087,-8.582728385925293
7088,-19.06018829345703
7089,-2.084597587585449
7090,-6.9049787521362305
7091,2.6252570152282715
7092,1.1850624084472656
7093,-8.311259269714355
7094,-17.49440574645996
7095,-1.792572021484375
7096,-6.781675338745117
7097,3.4304556846618652
7098,-5.744897842407227
7099,-1.8021364212036133
7100,-13.586082458496094
7101,-5.206006050109863
7102,-1.7055540084838867
7103,2.540627956390381
7104,-11.731669425964355
7105,-5.313615798950195
7106,-16.366966247558594
7107,-10.845124244689941
7108,-4.784381866455078
7109,6.663295269012451
7110,-13.01992416381836
7111,-1.2217769622802734
7112,-4.41336727142334
7113,-13.064906120300293
7114,-1.2052345275878906
7115,13.159385681152344
7116,-12.104303359985352
7117,-0.7193412780761719
7118,-2.8517332077026367
7119,-12.340252876281738
7120,-0.5070381164550781
7121,13.590160369873047
7122,-15.328200340270996
7123,0.4245491027832031
7124,2.80906343460083
7125,-15.235808372497559
7126,0.46181678771972656
7127,16.389684677124023
7128,11.588245391845703
7129,0.46616172790527344
7130,-10.421375274658203
7131,11.35976791381836
7132,0.8500766754150391
7133,-11.457764625549316
7134,11.2398681640625
7135,0.8644294738769531
7136,-11.466104507446289
7137,11.115596771240234
7138,0.8811664581298828
7139,-11.465921401977539
7140,11.462278366088867
7141,0.8684539794921875
7142,-9.377339363098145
7143,11.413919448852539
7144,0.8919277191162109
7145,-9.378705024719238
7146,11.360275268554688
7147,0.9169464111328125
7148,-9.377275466918945
7149,10.195175170898438
7150,0.8832283020019531
7151,-13.991464614868164
7152,10.407695770263672
7153,0.8985252380371094
7154,-4.718588352203369
7155,10.864866256713867
7156,0.14116477966308594
7157,-11.352705955505371
7158,11.014286041259766
7159,0.155487060546875
7160,-8.657261848449707
7161,6.519126892089844
7162,-1.2545547485351562
7163,-20.102182388305664
7164,6.782466888427734
7165,-0.9871692657470703
7166,1.9798460006713867
7167,1.8802738189697266
7168,-4.216961860656738
7169,-21.577177047729492
7170,0.6524734497070312
7171,-3.580063819885254
7172,2.9497523307800293
7173,0.05618858337402344
7174,-7.457315444946289
7175,-20.54755973815918
7176,-2.9145517349243164
7177,-6.105355262756348
7178,1.455322265625
7179,-0.7719545364379883
7180,-8.009016036987305
7181,-23.26369857788086
7182,-2.891709327697754
7183,-6.293766975402832
7184,1.9424710273742676
7185,-0.44886112213134766
7186,-8.044241905212402
7187,-21.507579803466797
7188,-2.8026933670043945
7189,-6.411249160766602
7190,-0.6517868041992188
7191,-0.4795379638671875
7192,-7.777130126953125
7193,-19.902740478515625
7194,-2.8774967193603516
7195,-6.402896881103516
7196,0.34233760833740234
7197,-6.425106048583984
7198,-1.7945566177368164
7199,-13.279180526733398
7200,-5.314887046813965
7201,-1.688725471496582
7202,2.2364511489868164
7203,-5.434761047363281
7204,-6.387324333190918
7205,-15.275400161743164
7206,-4.708407402038574
7207,-5.661714553833008
7208,5.579344272613525
7209,-13.483786582946777
7210,-5.999394416809082
7211,-6.767446994781494
7212,-11.6842041015625
7213,-5.3000078201293945
7214,13.045276641845703
7215,-14.749863624572754
7216,-5.573240280151367
7217,-5.817729949951172
7218,-12.864208221435547
7219,-4.720528602600098
7220,13.261686325073242
7221,-15.303755760192871
7222,-7.265019416809082
7223,-4.997625350952148
7224,-13.538150787353516
7225,-5.93928337097168
7226,14.998954772949219
7227,10.97646713256836
7228,0.7185840606689453
7229,-9.399068832397461
7230,10.76803970336914
7231,1.0615558624267578
7232,-10.480047225952148
7233,10.643880844116211
7234,1.060800552368164
7235,-10.48556900024414
7236,10.517358779907227
7237,1.060159683227539
7238,-10.486169815063477
7239,10.863367080688477
7240,1.115091323852539
7241,-8.422945022583008
7242,10.812410354614258
7243,1.148345947265625
7244,-8.425521850585938
7245,10.757905960083008
7246,1.1788902282714844
7247,-8.42614459991455
7248,9.634258270263672
7249,1.0321636199951172
7250,-13.397491455078125
7251,9.823131561279297
7252,1.1493263244628906
7253,-3.8977267742156982
7254,10.271474838256836
7255,0.3853740692138672
7256,-10.31982135772705
7257,10.423391342163086
7258,0.4399566650390625
7259,-7.629721641540527
7260,6.084596633911133
7261,-1.0028619766235352
7262,-19.78489112854004
7263,6.677982330322266
7264,-0.47611427307128906
7265,2.8347325325012207
7266,1.3330345153808594
7267,-3.7817087173461914
7268,-21.724206924438477
7269,0.5921001434326172
7270,-2.7395706176757812
7271,4.0090155601501465
7272,-0.5724821090698242
7273,-7.311750411987305
7274,-19.109519958496094
7275,-2.4383506774902344
7276,-5.473217964172363
7277,1.4934711456298828
7278,-1.1351375579833984
7279,-7.804206848144531
7280,-21.494661331176758
7281,-2.450495719909668
7282,-5.692736625671387
7283,2.0288424491882324
7284,-1.077305793762207
7285,-7.869237899780273
7286,-20.04193115234375
7287,-2.407663345336914
7288,-5.792818069458008
7289,0.13342618942260742
7290,-0.688328742980957
7291,-7.70111083984375
7292,-18.512121200561523
7293,-2.4855709075927734
7294,-5.722441673278809
7295,0.5047931671142578
7296,-6.515942573547363
7297,-2.0564088821411133
7298,-13.250831604003906
7299,-5.414087295532227
7300,-1.8832464218139648
7301,2.2083449363708496
7302,-4.586549758911133
7303,-6.5670366287231445
7304,-15.206062316894531
7305,-3.600614547729492
7306,-5.9252424240112305
7307,3.418797016143799
7308,-13.273324966430664
7309,-6.077911376953125
7310,-6.427621841430664
7311,-11.9404296875
7312,-5.549227714538574
7313,8.56325912475586
7314,-14.73267650604248
7315,-5.603846549987793
7316,-5.301507472991943
7317,-13.569007873535156
7318,-4.986472129821777
7319,8.944143295288086
7320,-15.33356761932373
7321,-7.506636619567871
7322,-4.468994617462158
7323,-13.980087280273438
7324,-6.4982757568359375
7325,9.4176025390625
7326,9.964656829833984
7327,1.6752738952636719
7328,-11.509220123291016
7329,9.217765808105469
7330,1.9860706329345703
7331,-13.120658874511719
7332,9.054697036743164
7333,1.981863021850586
7334,-13.126775741577148
7335,8.899717330932617
7336,1.973367691040039
7337,-13.127325057983398
7338,9.308952331542969
7339,2.0258617401123047
7340,-10.718182563781738
7341,9.19708251953125
7342,2.039907455444336
7343,-10.720638275146484
7344,9.102470397949219
7345,2.0530223846435547
7346,-10.721105575561523
7347,7.503252029418945
7348,1.8969268798828125
7349,-17.395334243774414
7350,7.734043121337891
7351,1.9871635437011719
7352,-6.560014247894287
7353,9.181249618530273
7354,1.2989006042480469
7355,-12.9532470703125
7356,9.280580520629883
7357,1.3465232849121094
7358,-9.812868118286133
7359,3.9385528564453125
7360,-0.341827392578125
7361,-23.146883010864258
7362,3.650615692138672
7363,0.05734825134277344
7364,0.3887314796447754
7365,0.2984504699707031
7366,-3.5077037811279297
7367,-25.02798080444336
7368,-0.28415679931640625
7369,-2.5846519470214844
7370,2.0287818908691406
7371,-0.4481935501098633
7372,-7.117443084716797
7373,-23.408193588256836
7374,-1.9300575256347656
7375,-5.463820457458496
7376,-0.4388914108276367
7377,-0.7848787307739258
7378,-7.624686241149902
7379,-26.305395126342773
7380,-1.8219404220581055
7381,-5.720319747924805
7382,-0.06977987289428711
7383,-0.6060771942138672
7384,-7.671294212341309
7385,-24.59368324279785
7386,-1.75067138671875
7387,-5.804816246032715
7388,-2.814039468765259
7389,-0.4036693572998047
7390,-7.4709672927856445
7391,-22.782573699951172
7392,-1.8090648651123047
7393,-5.733391761779785
7394,-1.7085142135620117
7395,-6.90781307220459
7396,-2.28826904296875
7397,-13.314973831176758
7398,-6.375511169433594
7399,-2.0092382431030273
7400,2.273019313812256
7401,-1.8553285598754883
7402,-6.384140968322754
7403,-15.096166610717773
7404,-1.818251609802246
7405,-5.795540809631348
7406,4.208302974700928
7407,-11.841800689697266
7408,-8.065633773803711
7409,-6.32558536529541
7410,-11.795487403869629
7411,-6.87507438659668
7412,13.090171813964844
7413,-12.955378532409668
7414,-7.847742080688477
7415,-5.260471820831299
7416,-11.84569263458252
7417,-6.409452438354492
7418,13.89962387084961
7419,-15.176675796508789
7420,-9.987829208374023
7421,-4.585803508758545
7422,-11.417743682861328
7423,-7.931833267211914
7424,13.483154296875
7425,9.320564270019531
7426,1.8130054473876953
7427,-15.930513381958008
7428,8.573663711547852
7429,2.1494979858398438
7430,-17.67867660522461
7431,8.40831184387207
7432,2.1469268798828125
7433,-17.68488121032715
7434,8.220361709594727
7435,2.150205612182617
7436,-17.686738967895508
7437,8.599952697753906
7438,2.1825389862060547
7439,-14.932271957397461
7440,8.460996627807617
7441,2.2000389099121094
7442,-14.933496475219727
7443,8.330644607543945
7444,2.219186782836914
7445,-14.93532943725586
7446,6.747598648071289
7447,2.032949447631836
7448,-22.055368423461914
7449,6.885713577270508
7450,2.1124610900878906
7451,-9.761911392211914
7452,8.494386672973633
7453,1.4499988555908203
7454,-17.415916442871094
7455,8.596153259277344
7456,1.4543113708496094
7457,-13.829368591308594
7458,3.3219470977783203
7459,-0.11382675170898438
7460,-27.97544288635254
7461,2.8140316009521484
7462,0.33319664001464844
7463,-1.4089393615722656
7464,0.03191375732421875
7465,-3.343404769897461
7466,-30.104604721069336
7467,-0.38437843322753906
7468,-2.602879524230957
7469,0.6123857498168945
7470,-0.5159587860107422
7471,-7.012669563293457
7472,-27.699222564697266
7473,-1.596628189086914
7474,-5.512301445007324
7475,-2.8111772537231445
7476,-0.7949495315551758
7477,-7.521112442016602
7478,-30.858612060546875
7479,-1.4803190231323242
7480,-5.857913017272949
7481,-2.6504671573638916
7482,-0.49390220642089844
7483,-7.556771278381348
7484,-29.436288833618164
7485,-1.4692401885986328
7486,-5.960615158081055
7487,-5.575282096862793
7488,-0.3608522415161133
7489,-7.341313362121582
7490,-27.1446475982666
7491,-1.4263763427734375
7492,-5.896308898925781
7493,-4.1832661628723145
7494,-6.875393867492676
7495,-2.4663496017456055
7496,-13.870071411132812
7497,-6.587192535400391
7498,-2.1608009338378906
7499,2.8274121284484863
7500,-1.547257423400879
7501,-6.428500175476074
7502,-14.8704833984375
7503,-1.5919809341430664
7504,-5.738170623779297
7505,11.01834487915039
7506,-11.171213150024414
7507,-8.123831748962402
7508,-5.811176776885986
7509,-11.010114669799805
7510,-6.768455505371094
7511,23.9731502532959
7512,-12.74344253540039
7513,-8.053995132446289
7514,-4.853603363037109
7515,-11.13046646118164
7516,-6.471894264221191
7517,25.177457809448242
7518,-14.982357025146484
7519,-10.320018768310547
7520,-5.247402191162109
7521,-10.013078689575195
7522,-7.9249420166015625
7523,24.939163208007812
7524,8.860956192016602
7525,1.6954345703125
7526,-15.789623260498047
7527,8.145278930664062
7528,2.074522018432617
7529,-17.397783279418945
7530,7.985954284667969
7531,2.0875015258789062
7532,-17.402942657470703
7533,7.813495635986328
7534,2.093191146850586
7535,-17.405275344848633
7536,8.162935256958008
7537,2.08563232421875
7538,-14.662172317504883
7539,8.042251586914062
7540,2.0944881439208984
7541,-14.661748886108398
7542,7.928615570068359
7543,2.1068248748779297
7544,-14.662126541137695
7545,6.4049224853515625
7546,2.0275001525878906
7547,-21.522071838378906
7548,6.545894622802734
7549,2.0628395080566406
7550,-9.34168815612793
7551,8.05842399597168
7552,1.3658809661865234
7553,-17.241878509521484
7554,8.155162811279297
7555,1.3618621826171875
7556,-13.685415267944336
7557,3.023080825805664
7558,-0.08099174499511719
7559,-27.545597076416016
7560,2.47314453125
7561,0.3694419860839844
7562,-1.1899795532226562
7563,-0.1351470947265625
7564,-3.3098011016845703
7565,-30.052001953125
7566,-0.24275779724121094
7567,-2.604473114013672
7568,1.0190033912658691
7569,-0.5470418930053711
7570,-6.9373674392700195
7571,-27.597309112548828
7572,-1.3970212936401367
7573,-5.629291534423828
7574,-2.0863568782806396
7575,-0.860529899597168
7576,-7.5067291259765625
7577,-30.59772300720215
7578,-1.2912464141845703
7579,-6.049351692199707
7580,-1.8555762767791748
7581,-0.46080970764160156
7582,-7.540560722351074
7583,-29.327484130859375
7584,-1.2629070281982422
7585,-6.147418975830078
7586,-4.685535907745361
7587,-0.2884397506713867
7588,-7.330318450927734
7589,-27.09645652770996
7590,-1.208505630493164
7591,-6.07914924621582
7592,-3.4026613235473633
7593,-6.870063781738281
7594,-2.568880081176758
7595,-13.914796829223633
7596,-6.5894927978515625
7597,-2.300901412963867
7598,2.869171619415283
7599,-1.2441415786743164
7600,-6.390223503112793
7601,-15.115047454833984
7602,-1.139871597290039
7603,-5.492616653442383
7604,8.53567123413086
7605,-10.83462905883789
7606,-8.125823020935059
7607,-6.380576133728027
7608,-10.20633316040039
7609,-6.570435523986816
7610,17.360694885253906
7611,-12.476471900939941
7612,-7.947658538818359
7613,-5.427144527435303
7614,-10.81725788116455
7615,-6.379021644592285
7616,18.16691017150879
7617,-14.70620346069336
7618,-10.446146965026855
7619,-6.122080326080322
7620,-9.571186065673828
7621,-7.587236404418945
7622,18.463167190551758
7623,0.7501983642578125
7624,2.2779388427734375
7625,-21.981159210205078
7626,-0.11087417602539062
7627,2.540220260620117
7628,-23.35137367248535
7629,-0.23740577697753906
7630,2.5048904418945312
7631,-23.349842071533203
7632,-0.3671712875366211
7633,2.4686145782470703
7634,-23.35065269470215
7635,0.01611328125
7636,2.6511669158935547
7637,-22.458593368530273
7638,0.0058612823486328125
7639,2.686178207397461
7640,-22.47062110900879
7641,-0.008392333984375
7642,2.721843719482422
7643,-22.47720718383789
7644,-0.9897212982177734
7645,2.213777542114258
7646,-24.41813087463379
7647,-0.636937141418457
7648,2.5867061614990234
7649,-20.5467472076416
7650,0.64923095703125
7651,1.8195972442626953
7652,-21.946195602416992
7653,0.8957633972167969
7654,1.951578140258789
7655,-20.793561935424805
7656,-1.02947998046875
7657,0.15300369262695312
7658,-26.10809326171875
7659,-0.9933328628540039
7660,0.9113674163818359
7661,-11.067367553710938
7662,-1.1487064361572266
7663,-2.84079647064209
7664,-29.689208984375
7665,-0.8025836944580078
7666,-2.0408010482788086
7667,-5.207870960235596
7668,0.08349227905273438
7669,-5.497855186462402
7670,-23.301427841186523
7671,0.12197494506835938
7672,-4.171039581298828
7673,-3.128875255584717
7674,0.7733497619628906
7675,-6.070691108703613
7676,-23.8962459564209
7677,0.4901390075683594
7678,-4.39320182800293
7679,-2.5603766441345215
7680,1.3166732788085938
7681,-6.021103858947754
7682,-25.89433479309082
7683,0.788726806640625
7684,-4.517705917358398
7685,-4.730135440826416
7686,1.092489242553711
7687,-5.771145820617676
7688,-24.13357162475586
7689,0.7261638641357422
7690,-4.506221771240234
7691,-3.903451919555664
7692,-7.61534309387207
7693,-2.525775909423828
7694,-11.636063575744629
7695,-7.661272048950195
7696,-1.9995880126953125
7697,0.584104061126709
7698,2.133768081665039
7699,-4.815829277038574
7700,-12.501870155334473
7701,3.060087203979492
7702,-4.1284379959106445
7703,2.9625401496887207
7704,-0.9205665588378906
7705,-8.142212867736816
7706,-5.076137065887451
7707,-1.1023521423339844
7708,-7.430293083190918
7709,7.886037349700928
7710,-2.462996482849121
7711,-8.682225227355957
7712,-4.2454423904418945
7713,-2.766842842102051
7714,-7.721808433532715
7715,8.209840774536133
7716,2.608602523803711
7717,-9.301849365234375
7718,-5.064698696136475
7719,1.7338447570800781
7720,-8.49731159210205
7721,6.387917995452881
7722,0.28768348693847656
7723,3.407430648803711
7724,-15.810867309570312
7725,-0.26679039001464844
7726,3.6346168518066406
7727,-17.166114807128906
7728,-0.33762645721435547
7729,3.6047286987304688
7730,-17.168418884277344
7731,-0.39114856719970703
7732,3.5741004943847656
7733,-17.169748306274414
7734,-0.2785367965698242
7735,3.6641845703125
7736,-15.330875396728516
7737,-0.35724353790283203
7738,3.6507930755615234
7739,-15.335660934448242
7740,-0.41524696350097656
7741,3.6377811431884766
7742,-15.338716506958008
7743,-1.0153436660766602
7744,3.141315460205078
7745,-19.674644470214844
7746,-1.165781021118164
7747,3.301809310913086
7748,-11.998645782470703
7749,0.06322097778320312
7750,2.948993682861328
7751,-16.473176956176758
7752,0.08476448059082031
7753,2.959939956665039
7754,-14.159337997436523
7755,-1.5127315521240234
7756,0.5074501037597656
7757,-23.907373428344727
7758,-1.593191146850586
7759,1.1547012329101562
7760,-4.409580707550049
7761,-1.8647289276123047
7762,-2.620345115661621
7763,-28.94198989868164
7764,-2.6100988388061523
7765,-1.868027687072754
7766,-0.6236424446105957
7767,0.36505889892578125
7768,-5.121831893920898
7769,-21.64166831970215
7770,-0.1694793701171875
7771,-4.045248031616211
7772,-0.944878101348877
7773,1.3657112121582031
7774,-5.739131927490234
7775,-23.037609100341797
7776,0.41063499450683594
7777,-4.200840950012207
7778,-0.8639335632324219
7779,1.9382591247558594
7780,-5.625824928283691
7781,-23.735387802124023
7782,0.7113685607910156
7783,-4.262625694274902
7784,-3.1797497272491455
7785,1.5621376037597656
7786,-5.351469993591309
7787,-21.838369369506836
7788,0.6831226348876953
7789,-4.249669075012207
7790,-1.9989838600158691
7791,-7.421150207519531
7792,-2.953934669494629
7793,-11.858835220336914
7794,-7.112550735473633
7795,-2.1778669357299805
7796,0.8083972930908203
7797,2.6096744537353516
7798,-4.348316192626953
7799,-13.150094985961914
7800,3.466754913330078
7801,-3.621877670288086
7802,3.5008177757263184
7803,0.5983467102050781
7804,-8.396224975585938
7805,-7.646505355834961
7806,0.0053081512451171875
7807,-6.668010711669922
7808,8.127338409423828
7809,-1.6061229705810547
7810,-9.016103744506836
7811,-7.137449741363525
7812,-1.3241243362426758
7813,-7.14955997467041
7814,8.51318359375
7815,3.8928794860839844
7816,-9.271986961364746
7817,-9.566274642944336
7818,2.172008514404297
7819,-7.623023986816406
7820,9.007453918457031
7821,0.5444183349609375
7822,3.571239471435547
7823,-17.332294464111328
7824,-0.07784271240234375
7825,3.7891483306884766
7826,-18.580411911010742
7827,-0.1815338134765625
7828,3.7548561096191406
7829,-18.585174560546875
7830,-0.2703828811645508
7831,3.7201786041259766
7832,-18.59008026123047
7833,0.0067615509033203125
7834,3.8346023559570312
7835,-16.58646583557129
7836,-0.038372039794921875
7837,3.8306541442871094
7838,-16.58841323852539
7839,-0.07075119018554688
7840,3.823699951171875
7841,-16.589677810668945
7842,-1.0489673614501953
7843,3.414569854736328
7844,-21.253854751586914
7845,-0.7022523880004883
7846,3.498027801513672
7847,-12.496906280517578
7848,0.24135780334472656
7849,3.0957489013671875
7850,-18.177364349365234
7851,0.4550437927246094
7852,3.150257110595703
7853,-15.600357055664062
7854,-1.8983306884765625
7855,0.7275123596191406
7856,-25.1586971282959
7857,-1.699080467224121
7858,1.4638824462890625
7859,-5.072582244873047
7860,-2.133275032043457
7861,-2.623711585998535
7862,-26.310441970825195
7863,-3.0845251083374023
7864,-1.6468048095703125
7865,0.0814976692199707
7866,0.63818359375
7867,-5.1143083572387695
7868,-22.36800193786621
7869,-1.0055246353149414
7870,-3.9307823181152344
7871,-0.39002037048339844
7872,1.7213687896728516
7873,-5.7075395584106445
7874,-24.475120544433594
7875,-0.47040271759033203
7876,-4.1530561447143555
7877,0.19919729232788086
7878,2.257863998413086
7879,-5.565751075744629
7880,-24.06622886657715
7881,-0.32177257537841797
7882,-4.224826812744141
7883,-1.673966407775879
7884,1.8597850799560547
7885,-5.319952964782715
7886,-22.180877685546875
7887,-0.5218935012817383
7888,-4.168296813964844
7889,-0.9408164024353027
7890,-7.219001770019531
7891,-3.1666908264160156
7892,-11.902682304382324
7893,-6.620400428771973
7894,-2.28952693939209
7895,0.8548836708068848
7896,2.4407730102539062
7897,-4.5312652587890625
7898,-13.35858154296875
7899,3.5296554565429688
7900,-3.3731155395507812
7901,3.5098814964294434
7902,-0.044902801513671875
7903,-8.40560531616211
7904,-8.03787612915039
7905,0.33447265625
7906,-6.251482963562012
7907,8.656560897827148
7908,-1.6235628128051758
7909,-8.92880916595459
7910,-7.431160926818848
7911,-1.4823551177978516
7912,-6.6313581466674805
7913,9.095783233642578
7914,3.950296401977539
7915,-9.378045082092285
7916,-9.046869277954102
7917,2.183889389038086
7918,-7.602187156677246
7919,8.990646362304688
7920,-3.394341468811035
7921,4.281135559082031
7922,-8.92154312133789
7923,-4.353316307067871
7924,4.360136032104492
7925,-10.403265953063965
7926,-4.383681297302246
7927,4.336267471313477
7928,-10.4085054397583
7929,-4.401454925537109
7930,4.3057403564453125
7931,-10.411542892456055
7932,-4.500377655029297
7933,4.133628845214844
7934,-9.077535629272461
7935,-4.613412857055664
7936,4.097679138183594
7937,-9.0809326171875
7938,-4.732611656188965
7939,4.062507629394531
7940,-9.084585189819336
7941,-4.725172996520996
7942,3.8706626892089844
7943,-14.412679672241211
7944,-5.031707763671875
7945,3.6078662872314453
7946,-9.26881217956543
7947,-3.3402957916259766
7948,3.8383350372314453
7949,-10.17071533203125
7950,-3.290037155151367
7951,3.8014450073242188
7952,-8.402389526367188
7953,-3.370966911315918
7954,1.4480571746826172
7955,-19.3485107421875
7956,-4.162871360778809
7957,1.264181137084961
7958,-4.3373823165893555
7959,-2.6749696731567383
7960,-1.911637306213379
7961,-18.595050811767578
7962,-3.2927961349487305
7963,-1.7910165786743164
7964,4.8940606117248535
7965,1.6948204040527344
7966,-3.856233596801758
7967,-16.903827667236328
7968,-0.8779029846191406
7969,-3.0886526107788086
7970,9.569345474243164
7971,2.632680892944336
7972,-4.319554328918457
7973,-18.57461166381836
7974,-0.41295528411865234
7975,-3.1428213119506836
7976,11.046855926513672
7977,3.562429428100586
7978,-3.935276985168457
7979,-17.745262145996094
7980,-0.04705238342285156
7981,-3.0042552947998047
7982,9.484453201293945
7983,2.927398681640625
7984,-3.79868221282959
7985,-16.49309730529785
7986,-0.08823394775390625
7987,-2.9611339569091797
7988,9.109966278076172
7989,-7.099513053894043
7990,-3.002531051635742
7991,-11.971141815185547
7992,-6.783426284790039
7993,-2.68304443359375
7994,0.9275131225585938
7995,3.1966304779052734
7996,-3.059412956237793
7997,-13.08627700805664
7998,3.4079456329345703
7999,-2.458263397216797
8000,1.7387809753417969
8001,4.916065216064453
8002,-6.759923934936523
8003,-7.796565532684326
8004,4.551797866821289
8005,-6.111416816711426
8006,3.396401882171631
8007,4.287364959716797
8008,-7.571892738342285
8009,-7.115943908691406
8010,3.916891098022461
8011,-6.840358734130859
8012,3.416593074798584
8013,9.640531539916992
8014,-6.81498908996582
8015,-8.706733703613281
8016,7.33458137512207
8017,-7.080881118774414
8018,1.1257634162902832
8019,-3.695309638977051
8020,4.362709045410156
8021,-9.125312805175781
8022,-4.548944473266602
8023,4.452341079711914
8024,-10.68049430847168
8025,-4.584477424621582
8026,4.414329528808594
8027,-10.68510913848877
8028,-4.627767562866211
8029,4.351522445678711
8030,-10.690828323364258
8031,-4.78675651550293
8032,4.48979377746582
8033,-9.187562942504883
8034,-4.838205337524414
8035,4.464046478271484
8036,-9.19090747833252
8037,-4.872513771057129
8038,4.438579559326172
8039,-9.19296932220459
8040,-5.052818298339844
8041,3.9609298706054688
8042,-15.686920166015625
8043,-5.068325042724609
8044,3.9955902099609375
8045,-9.032824516296387
8046,-3.745182991027832
8047,3.9260597229003906
8048,-10.601179122924805
8049,-3.613496780395508
8050,3.9722900390625
8051,-8.47335147857666
8052,-3.882204055786133
8053,1.4239425659179688
8054,-20.840545654296875
8055,-4.348589897155762
8056,1.80963134765625
8057,-3.04030442237854
8058,-2.8332748413085938
8059,-1.8986797332763672
8060,-18.9381103515625
8061,-3.8740243911743164
8062,-1.4606056213378906
8063,4.685766696929932
8064,2.017974853515625
8065,-3.73653507232666
8066,-16.710676193237305
8067,-1.0367488861083984
8068,-3.1191139221191406
8069,6.516402721405029
8070,3.228809356689453
8071,-4.152519226074219
8072,-18.41077995300293
8073,-0.6453361511230469
8074,-3.2982234954833984
8075,7.426239490509033
8076,3.7756423950195312
8077,-3.81005859375
8078,-17.641340255737305
8079,-0.3132038116455078
8080,-3.2456464767456055
8081,5.462905406951904
8082,3.267232894897461
8083,-3.719082832336426
8084,-16.2877254486084
8085,-0.37836551666259766
8086,-3.1842784881591797
8087,5.733276844024658
8088,-6.680400848388672
8089,-3.203540802001953
8090,-12.001131057739258
8091,-6.541965484619141
8092,-2.6904220581054688
8093,0.9585976600646973
8094,3.7172927856445312
8095,-2.5645675659179688
8096,-13.383722305297852
8097,3.6779613494873047
8098,-1.696364402770996
8099,2.1322240829467773
8100,5.49847412109375
8101,-6.507956504821777
8102,-9.661378860473633
8103,4.565677642822266
8104,-5.5621337890625
8105,4.954376697540283
8106,4.915246963500977
8107,-7.4454755783081055
8108,-9.106380462646484
8109,3.9574623107910156
8110,-6.30030632019043
8111,5.104629993438721
8112,10.188079833984375
8113,-6.419654846191406
8114,-10.847875595092773
8115,8.384435653686523
8116,-6.135619163513184
8117,3.8414177894592285
8118,-3.476175308227539
8119,4.310455322265625
8120,-14.00016975402832
8121,-4.291965484619141
8122,4.421356201171875
8123,-15.53665542602539
8124,-4.372433662414551
8125,4.382905960083008
8126,-15.54066276550293
8127,-4.452149391174316
8128,4.338855743408203
8129,-15.546913146972656
8130,-4.291935920715332
8131,4.457563400268555
8132,-13.268978118896484
8133,-4.363346099853516
8134,4.4188385009765625
8135,-13.2693510055542
8136,-4.426177024841309
8137,4.392454147338867
8138,-13.271498680114746
8139,-5.053742408752441
8140,3.9141311645507812
8141,-19.6254825592041
8142,-5.077204704284668
8143,4.02018928527832
8144,-9.750116348266602
8145,-3.3569507598876953
8146,3.855501174926758
8147,-15.345033645629883
8148,-3.2497987747192383
8149,3.8780746459960938
8150,-12.37499713897705
8151,-4.245357513427734
8152,1.262075424194336
8153,-24.608003616333008
8154,-4.362335205078125
8155,1.9027881622314453
8156,-2.751816987991333
8157,-2.7488412857055664
8158,-2.151707649230957
8159,-23.878978729248047
8160,-3.8407459259033203
8161,-1.1919059753417969
8162,2.2750391960144043
8163,2.310811996459961
8164,-3.8205814361572266
8165,-18.445703506469727
8166,-1.1814689636230469
8167,-2.964383125305176
8168,3.3619637489318848
8169,3.6497840881347656
8170,-4.233227729797363
8171,-19.878782272338867
8172,-0.8530302047729492
8173,-3.2082557678222656
8174,4.200279712677002
8175,3.9593505859375
8176,-3.917398452758789
8177,-19.6119327545166
8178,-0.5447406768798828
8179,-3.2107744216918945
8180,2.401136875152588
8181,3.4773387908935547
8182,-3.999180793762207
8183,-18.15479278564453
8184,-0.6317110061645508
8185,-3.1588611602783203
8186,2.626984119415283
8187,-6.457963943481445
8188,-3.411379814147949
8189,-12.045137405395508
8190,-6.30316162109375
8191,-2.697789192199707
8192,0.9989414215087891
8193,3.608245849609375
8194,-2.687619209289551
8195,-14.350746154785156
8196,3.8990249633789062
8197,-1.383016586303711
8198,2.150412082672119
8199,5.301120758056641
8200,-6.570996284484863
8201,-9.136297225952148
8202,4.793903350830078
8203,-5.164247512817383
8204,4.204829692840576
8205,4.557941436767578
8206,-7.369912147521973
8207,-8.404253005981445
8208,4.173065185546875
8209,-5.855804443359375
8210,4.284693241119385
8211,9.904159545898438
8212,-6.411882400512695
8213,-9.115998268127441
8214,8.778343200683594
8215,-5.729743003845215
8216,3.884948253631592
8217,-7.575199127197266
8218,4.525239944458008
8219,-9.771642684936523
8220,-8.415230751037598
8221,4.506269454956055
8222,-11.228270530700684
8223,-8.462209701538086
8224,4.412101745605469
8225,-11.232526779174805
8226,-8.464154243469238
8227,4.356901168823242
8228,-11.237932205200195
8229,-8.425848960876465
8230,4.520158767700195
8231,-9.42568588256836
8232,-8.468038558959961
8233,4.434419631958008
8234,-9.428789138793945
8235,-8.461977005004883
8236,4.391462326049805
8237,-9.429544448852539
8238,-8.430627822875977
8239,3.8959274291992188
8240,-14.817142486572266
8241,-8.43891716003418
8242,3.9615421295166016
8243,-6.824400424957275
8244,-7.0215959548950195
8245,4.065519332885742
8246,-10.917644500732422
8247,-6.953656196594238
8248,4.075273513793945
8249,-8.53748893737793
8250,-5.766167640686035
8251,1.616964340209961
8252,-19.952651977539062
8253,-5.7569684982299805
8254,1.843526840209961
8255,0.07368707656860352
8256,-2.6866979598999023
8257,-1.2426815032958984
8258,-17.965736389160156
8259,-3.087285041809082
8260,-0.7457447052001953
8261,4.008731365203857
8262,3.06744384765625
8263,-1.4875068664550781
8264,-14.508708953857422
8265,0.8107757568359375
8266,-1.000417709350586
8267,3.9308953285217285
8268,4.590892791748047
8269,-1.5162668228149414
8270,-16.28510856628418
8271,1.2387466430664062
8272,-0.8894882202148438
8273,4.933572292327881
8274,4.742616653442383
8275,-1.1853218078613281
8276,-15.278345108032227
8277,2.313232421875
8278,-0.6284656524658203
8279,2.8592238426208496
8280,4.027843475341797
8281,-1.1741962432861328
8282,-14.009767532348633
8283,2.161418914794922
8284,-0.7999343872070312
8285,3.0832247734069824
8286,-6.2866106033325195
8287,-3.134429931640625
8288,-12.128440856933594
8289,-6.081067085266113
8290,-2.647857666015625
8291,1.08225679397583
8292,3.5664119720458984
8293,-1.2213897705078125
8294,-14.474834442138672
8295,3.8161964416503906
8296,-0.4464454650878906
8297,1.668382167816162
8298,9.742734909057617
8299,-5.707645416259766
8300,-11.269287109375
8301,9.904407501220703
8302,-4.685173034667969
8303,2.550652027130127
8304,9.991884231567383
8305,-5.965511322021484
8306,-10.812238693237305
8307,10.042743682861328
8308,-4.769933700561523
8309,2.474971294403076
8310,13.74806022644043
8311,-4.1038007736206055
8312,-12.774415016174316
8313,13.439126968383789
8314,-5.400829315185547
8315,0.10073518753051758
8316,-7.593391418457031
8317,4.6579437255859375
8318,-12.493158340454102
8319,-8.570789337158203
8320,4.603620529174805
8321,-13.951648712158203
8322,-8.609892845153809
8323,4.541162490844727
8324,-13.954120635986328
8325,-8.654387474060059
8326,4.446155548095703
8327,-13.95994758605957
8328,-8.584037780761719
8329,4.637935638427734
8330,-11.85660171508789
8331,-8.623052597045898
8332,4.599277496337891
8333,-11.860310554504395
8334,-8.64925765991211
8335,4.567264556884766
8336,-11.862985610961914
8337,-8.698308944702148
8338,3.959108352661133
8339,-17.187095642089844
8340,-8.808280944824219
8341,4.06474494934082
8342,-7.943291187286377
8343,-7.354785919189453
8344,4.165628433227539
8345,-13.500604629516602
8346,-7.237700462341309
8347,4.250267028808594
8348,-10.764374732971191
8349,-6.096671104431152
8350,1.4335556030273438
8351,-21.76291847229004
8352,-6.234858512878418
8353,2.1359100341796875
8354,-0.4605412483215332
8355,-2.390626907348633
8356,-1.4718246459960938
8357,-19.63332748413086
8358,-3.002659797668457
8359,-0.5318012237548828
8360,3.434147357940674
8361,3.8761959075927734
8362,-1.4892768859863281
8363,-15.436683654785156
8364,1.4034557342529297
8365,-1.1363554000854492
8366,2.690094470977783
8367,5.365234375
8368,-1.4074440002441406
8369,-17.4594669342041
8370,2.017763137817383
8371,-1.0910120010375977
8372,3.4711127281188965
8373,5.408687591552734
8374,-1.055135726928711
8375,-16.23143768310547
8376,2.5463123321533203
8377,-0.9818925857543945
8378,1.229994773864746
8379,4.596126556396484
8380,-1.0949459075927734
8381,-14.86802864074707
8382,2.3720569610595703
8383,-1.040879249572754
8384,1.7440824508666992
8385,-5.566089630126953
8386,-3.268949508666992
8387,-12.293298721313477
8388,-5.940706253051758
8389,-2.5667600631713867
8390,1.2513060569763184
8391,4.225961685180664
8392,-1.0663385391235352
8393,-14.474870681762695
8394,3.6851539611816406
8395,0.02017974853515625
8396,1.758169174194336
8397,10.137796401977539
8398,-5.623559951782227
8399,-9.97500228881836
8400,9.355375289916992
8401,-4.334012031555176
8402,4.583780765533447
8403,10.585176467895508
8404,-5.349616050720215
8405,-9.340616226196289
8406,9.651546478271484
8407,-4.3856306076049805
8408,4.740475177764893
8409,14.812875747680664
8410,-3.51190185546875
8411,-10.763113021850586
8412,13.052946090698242
8413,-4.897741317749023
8414,3.043330669403076
8415,-5.382394790649414
8416,4.076545715332031
8417,4.288032054901123
8418,-5.911348342895508
8419,4.001443862915039
8420,5.475955486297607
8421,-6.021946907043457
8422,3.9966354370117188
8423,5.477973461151123
8424,-6.1322832107543945
8425,3.9728031158447266
8426,5.473446369171143
8427,-5.628208160400391
8428,3.9821643829345703
8429,5.397816181182861
8430,-5.54317569732666
8431,3.9480724334716797
8432,5.392676830291748
8433,-5.463488578796387
8434,3.9025821685791016
8435,5.37959623336792
8436,-6.238080978393555
8437,3.5645198822021484
8438,8.603738784790039
8439,-5.3354339599609375
8440,3.52642822265625
8441,8.547700881958008
8442,-5.234959602355957
8443,3.911561965942383
8444,5.244080066680908
8445,-4.887297630310059
8446,3.9293594360351562
8447,5.201693058013916
8448,-5.754631042480469
8449,1.0580062866210938
8450,4.7497944831848145
8451,-3.714387893676758
8452,1.4459857940673828
8453,7.384105205535889
8454,-2.690770149230957
8455,1.6284561157226562
8456,1.9007844924926758
8457,0.7785434722900391
8458,1.63897705078125
8459,7.153415203094482
8460,0.5555744171142578
8461,3.029926300048828
8462,0.36008167266845703
8463,3.0035972595214844
8464,2.8649063110351562
8465,7.020010471343994
8466,1.4211463928222656
8467,3.3115406036376953
8468,-0.337522029876709
8469,3.4196319580078125
8470,3.1439247131347656
8471,7.484374523162842
8472,1.459524154663086
8473,3.3430652618408203
8474,0.5194315910339355
8475,3.3226375579833984
8476,3.1143741607666016
8477,6.954147815704346
8478,1.1838417053222656
8479,3.249563217163086
8480,0.5948905944824219
8481,3.1999874114990234
8482,3.073709487915039
8483,6.826261043548584
8484,-4.258889198303223
8485,-3.0184831619262695
8486,-8.1737642288208
8487,-2.945514678955078
8488,-2.428452491760254
8489,-2.9363248348236084
8490,3.365175247192383
8491,1.7864112854003906
8492,-7.7013444900512695
8493,2.2708873748779297
8494,1.6583786010742188
8495,-2.4278435707092285
8496,3.8356170654296875
8497,3.7558841705322266
8498,-9.458478927612305
8499,9.652397155761719
8500,4.418292999267578
8501,-4.380478382110596
8502,4.145822525024414
8503,3.7771739959716797
8504,-8.415170669555664
8505,9.67721176147461
8506,4.317588806152344
8507,-4.786309719085693
8508,7.500553131103516
8509,5.197565078735352
8510,-11.1939697265625
8511,10.24713134765625
8512,5.730253219604492
8513,-8.618668556213379
8514,-6.8389787673950195
8515,3.4952735900878906
8516,14.952476501464844
8517,-7.356307029724121
8518,3.8656063079833984
8519,16.189699172973633
8520,-7.427037239074707
8521,3.9172611236572266
8522,16.193593978881836
8523,-7.501467704772949
8524,3.961149215698242
8525,16.1967716217041
8526,-7.107985496520996
8527,3.7244739532470703
8528,15.989627838134766
8529,-7.0325422286987305
8530,3.658782958984375
8531,15.98002815246582
8532,-6.963993072509766
8533,3.566598892211914
8534,15.965660095214844
8535,-7.353862762451172
8536,3.514707565307617
8537,18.959171295166016
8538,-6.531515121459961
8539,3.241619110107422
8540,18.264137268066406
8541,-6.36699104309082
8542,3.0106201171875
8543,15.7271728515625
8544,-6.146749496459961
8545,3.0459423065185547
8546,15.49299430847168
8547,-6.679495811462402
8548,1.1879692077636719
8549,12.07912826538086
8550,-3.049680709838867
8551,1.241241455078125
8552,15.711462020874023
8553,-2.6717653274536133
8554,2.0307445526123047
8555,4.436629772186279
8556,1.9454765319824219
8557,2.178619384765625
8558,12.460006713867188
8559,0.34058189392089844
8560,3.789548873901367
8561,-3.2116427421569824
8562,3.8871803283691406
8563,3.8013381958007812
8564,10.896018981933594
8565,1.3004627227783203
8566,4.087902069091797
8567,-5.213726043701172
8568,4.482799530029297
8569,4.048732757568359
8570,10.36868667602539
8571,1.3424301147460938
8572,4.158481597900391
8573,-4.4135284423828125
8574,4.168617248535156
8575,4.077787399291992
8576,10.172863006591797
8577,1.1103744506835938
8578,4.086864471435547
8579,-3.204030990600586
8580,3.998453140258789
8581,4.057659149169922
8582,10.731199264526367
8583,-3.8507919311523438
8584,-2.8872365951538086
8585,-8.745820045471191
8586,-1.7302169799804688
8587,-2.2871341705322266
8588,-2.3336691856384277
8589,2.222301483154297
8590,1.7000980377197266
8591,-9.587360382080078
8592,3.2576065063476562
8593,2.3989906311035156
8594,-4.309211254119873
8595,10.453989028930664
8596,4.623908996582031
8597,-14.87574577331543
8598,10.931386947631836
8599,4.648599624633789
8600,-10.816250801086426
8601,11.921119689941406
8602,4.72462272644043
8603,-15.579824447631836
8604,11.71980094909668
8605,4.715959548950195
8606,-11.756609916687012
8607,11.644866943359375
8608,5.828857421875
8609,-22.01479148864746
8610,11.558584213256836
8611,6.050506591796875
8612,-17.611146926879883
8613,-7.127321243286133
8614,3.437540054321289
8615,13.483396530151367
8616,-7.74208927154541
8617,3.3335533142089844
8618,13.846942901611328
8619,-7.8011322021484375
8620,3.46258544921875
8621,13.851545333862305
8622,-7.860797882080078
8623,3.604991912841797
8624,13.854894638061523
8625,-7.586332321166992
8626,3.064434051513672
8627,14.08565902709961
8628,-7.558895111083984
8629,2.9871063232421875
8630,14.077064514160156
8631,-7.538613319396973
8632,2.884857177734375
8633,14.06093978881836
8634,-7.902298927307129
8635,3.4299564361572266
8636,13.98715591430664
8637,-7.396068572998047
8638,2.7580738067626953
8639,15.242965698242188
8640,-6.668217658996582
8641,2.555746078491211
8642,13.445772171020508
8643,-6.552083969116211
8644,2.635316848754883
8645,13.780693054199219
8646,-6.864571571350098
8647,1.435068130493164
8648,6.453799724578857
8649,-3.931488037109375
8650,1.2104434967041016
8651,14.648754119873047
8652,-1.9875507354736328
8653,2.0652503967285156
8654,4.0236287117004395
8655,1.5618133544921875
8656,1.9626903533935547
8657,12.031143188476562
8658,1.5301322937011719
8659,3.542694091796875
8660,2.91487455368042
8661,3.5518951416015625
8662,3.3223705291748047
8663,9.26934814453125
8664,2.9576892852783203
8665,3.8424205780029297
8666,1.4510836601257324
8667,4.220342636108398
8668,3.512317657470703
8669,8.922445297241211
8670,2.670743942260742
8671,3.9211082458496094
8672,2.0990242958068848
8673,4.072792053222656
8674,3.5323734283447266
8675,8.43818473815918
8676,2.272022247314453
8677,3.851184844970703
8678,3.0527682304382324
8679,3.8723926544189453
8680,3.5404911041259766
8681,8.964670181274414
8682,-3.3401947021484375
8683,-2.748152732849121
8684,-9.8109712600708
8685,-1.3784875869750977
8686,-2.198040008544922
8687,-1.2560749053955078
8688,2.3934974670410156
8689,2.665193557739258
8690,-10.957366943359375
8691,3.116445541381836
8692,2.744791030883789
8693,-2.2528622150421143
8694,11.09555435180664
8695,4.659601211547852
8696,-15.082592010498047
8697,10.998453140258789
8698,4.619853973388672
8699,-6.793865203857422
8700,12.48820686340332
8701,4.628162384033203
8702,-15.623109817504883
8703,12.127988815307617
8704,4.720188140869141
8705,-7.563672065734863
8706,12.47502326965332
8707,6.010929107666016
8708,-21.2195987701416
8709,12.070245742797852
8710,6.085119247436523
8711,-12.840818405151367
8712,-5.966291427612305
8713,2.9911975860595703
8714,-15.96046257019043
8715,-5.353665351867676
8716,3.0613975524902344
8717,-16.7498722076416
8718,-5.052950859069824
8719,3.128805160522461
8720,-16.74922752380371
8721,-4.778534889221191
8722,3.1966629028320312
8723,-16.75363540649414
8724,-6.0572357177734375
8725,2.9080581665039062
8726,-16.812406539916992
8727,-6.175207138061523
8728,2.8639354705810547
8729,-16.811511993408203
8730,-6.3389387130737305
8731,2.811868667602539
8732,-16.815189361572266
8733,-3.780154228210449
8734,3.118417739868164
8735,-15.780054092407227
8736,-5.69593620300293
8737,2.6554012298583984
8738,-16.08397102355957
8739,-5.4830169677734375
8740,2.681926727294922
8741,-15.030860900878906
8742,-4.595731735229492
8743,2.610158920288086
8744,-15.139249801635742
8745,-2.8138132095336914
8746,2.6185684204101562
8747,-8.89163875579834
8748,-3.1503524780273438
8749,1.8311119079589844
8750,-12.151447296142578
8751,-0.8680276870727539
8752,3.8477210998535156
8753,-5.389139175415039
8754,-3.7230911254882812
8755,2.6246910095214844
8756,-11.003440856933594
8757,1.6002922058105469
8758,5.296972274780273
8759,-14.24648666381836
8760,-4.425597190856934
8761,3.709409713745117
8762,-10.448253631591797
8763,2.8973121643066406
8764,5.708345413208008
8765,-15.733297348022461
8766,-5.123798370361328
8767,3.8195667266845703
8768,-11.425718307495117
8769,2.5188426971435547
8770,5.710613250732422
8771,-16.259563446044922
8772,-4.198332786560059
8773,4.049102783203125
8774,-12.221034049987793
8775,2.009000778198242
8776,5.511220932006836
8777,-14.65517807006836
8778,-3.8968000411987305
8779,4.027582168579102
8780,-10.777509689331055
8781,0.2437000274658203
8782,-0.043720245361328125
8783,-6.831229209899902
8784,-0.6766147613525391
8785,-0.13598251342773438
8786,-4.231389999389648
8787,1.789876937866211
8788,3.1704177856445312
8789,-4.444826126098633
8790,-2.79178524017334
8791,2.8910446166992188
8792,-3.073286771774292
8793,2.8128223419189453
8794,4.048345565795898
8795,1.9293556213378906
8796,-0.48392486572265625
8797,3.940521240234375
8798,-0.2785048484802246
8799,2.989717483520508
8800,4.018287658691406
8801,2.5252928733825684
8802,0.23324012756347656
8803,3.9980525970458984
8804,1.4892864227294922
8805,1.0835247039794922
8806,4.731296539306641
8807,0.8822035789489746
8808,-1.1230287551879883
8809,4.593730926513672
8810,0.8722167015075684
8811,-2.9475317001342773
8812,2.9785537719726562
8813,-2.898369789123535
8814,-2.562845230102539
8815,3.1413421630859375
8816,-1.7990787029266357
8817,-2.6178998947143555
8818,3.155597686767578
8819,-1.8010482788085938
8820,-2.672555923461914
8821,3.1674118041992188
8822,-1.8081822395324707
8823,-2.132905960083008
8824,3.13922119140625
8825,-2.1162540912628174
8826,-1.9252052307128906
8827,3.1470565795898438
8828,-2.1063454151153564
8829,-1.7549467086791992
8830,3.153350830078125
8831,-2.114086389541626
8832,-2.307284355163574
8833,3.1564159393310547
8834,1.5884838104248047
8835,-1.00439453125
8836,3.1923274993896484
8837,0.9677395820617676
8838,-3.1240501403808594
8839,2.779359817504883
8840,-1.5371613502502441
8841,-1.8012847900390625
8842,2.8012619018554688
8843,-1.9147260189056396
8844,-2.782815933227539
8845,2.648548126220703
8846,2.1994481086730957
8847,0.49275970458984375
8848,2.7706432342529297
8849,-8.667089462280273
8850,-4.09027099609375
8851,2.611112594604492
8852,-1.8232040405273438
8853,0.2711219787597656
8854,3.027528762817383
8855,-3.3364248275756836
8856,-4.351090431213379
8857,3.4182071685791016
8858,-6.4070634841918945
8859,-1.4684133529663086
8860,3.8219146728515625
8861,-6.556421279907227
8862,-4.327797889709473
8863,3.6007823944091797
8864,-6.693236351013184
8865,-2.4061336517333984
8866,4.018455505371094
8867,-6.6191301345825195
8868,-4.027661323547363
8869,3.815549850463867
8870,-6.04930305480957
8871,-2.674017906188965
8872,4.134220123291016
8873,-6.99478816986084
8874,-3.9804840087890625
8875,3.7231616973876953
8876,-6.22088623046875
8877,-2.207821846008301
8878,4.017541885375977
8879,-6.728347301483154
8880,0.5027599334716797
8881,0.4836406707763672
8882,-5.556128978729248
8883,2.2166175842285156
8884,0.6960029602050781
8885,-5.515075206756592
8886,-2.853194236755371
8887,2.9183006286621094
8888,-8.087039947509766
8889,-1.2859554290771484
8890,3.656393051147461
8891,-4.083674907684326
8892,-5.965402603149414
8893,3.488771438598633
8894,-10.911809921264648
8895,0.9575347900390625
8896,4.70960807800293
8897,-12.674528121948242
8898,-5.839962005615234
8899,3.16363525390625
8900,-11.246917724609375
8901,2.149923324584961
8902,4.301420211791992
8903,-13.194636344909668
8904,-7.842111587524414
8905,4.417436599731445
8906,-10.546712875366211
8907,0.19529342651367188
8908,6.070735931396484
8909,-13.935604095458984
8910,-1.877105712890625
8911,2.930448532104492
8912,2.3709716796875
8913,-1.4221248626708984
8914,3.034423828125
8915,3.586055278778076
8916,-1.5802850723266602
8917,3.050802230834961
8918,3.5764737129211426
8919,-1.7370471954345703
8920,3.0644893646240234
8921,3.5653557777404785
8922,-0.740504264831543
8923,3.006010055541992
8924,3.533773899078369
8925,-0.4940671920776367
8926,3.0003700256347656
8927,3.537008762359619
8928,-0.2816038131713867
8929,2.9933948516845703
8930,3.525254726409912
8931,-1.6411008834838867
8932,3.0332298278808594
8933,7.012963771820068
8934,0.350616455078125
8935,2.9897632598876953
8936,7.0679240226745605
8937,-2.3531646728515625
8938,2.8140087127685547
8939,3.596266269683838
8940,-0.9462261199951172
8941,2.7825870513916016
8942,3.51710844039917
8943,-2.628438949584961
8944,2.709503173828125
8945,5.9388556480407715
8946,1.5673332214355469
8947,2.5159664154052734
8948,4.406661510467529
8949,-3.2809009552001953
8950,2.7585792541503906
8951,2.845310688018799
8952,4.174097061157227
8953,3.0901432037353516
8954,0.14252424240112305
8955,-2.0335187911987305
8956,4.272163391113281
8957,0.6795864105224609
8958,4.160251617431641
8959,4.315710067749023
8960,-1.6194546222686768
8961,-1.6485862731933594
8962,4.64654541015625
8963,0.0026793479919433594
8964,3.9761428833007812
8965,4.601947784423828
8966,-1.4672207832336426
8967,-1.4263505935668945
8968,4.839025497436523
8969,1.3281373977661133
8970,3.837390899658203
8971,4.814149856567383
8972,-2.6609444618225098
8973,-1.5575218200683594
8974,4.694906234741211
8975,1.276519775390625
8976,3.9607715606689453
8977,4.722738265991211
8978,-2.1893985271453857
8979,-0.4042072296142578
8980,0.9375057220458984
8981,-4.901503562927246
8982,1.862325668334961
8983,0.7755260467529297
8984,-6.16530704498291
8985,-4.1872053146362305
8986,3.5093822479248047
8987,-1.5464015007019043
8988,-3.2283010482788086
8989,3.3754825592041016
8990,-5.314337253570557
8991,-7.668386459350586
8992,2.947694778442383
8993,-4.243427276611328
8994,-4.053318977355957
8995,3.419027328491211
8996,-12.883194923400879
8997,-7.580124855041504
8998,2.3876075744628906
8999,-4.576263904571533
9000,-3.716747283935547
9001,2.8779373168945312
9002,-13.395805358886719
9003,-9.429817199707031
9004,3.7002315521240234
9005,-5.250380516052246
9006,-6.233549118041992
9007,4.469478607177734
9008,-15.593395233154297
9009,-14.163551330566406
9010,3.0394515991210938
9011,-9.244064331054688
9012,-14.666528701782227
9013,2.723094940185547
9014,-10.758368492126465
9015,-14.616863250732422
9016,2.68914794921875
9017,-10.765729904174805
9018,-14.62326431274414
9019,2.5456466674804688
9020,-10.776128768920898
9021,-14.65777587890625
9022,2.740232467651367
9023,-8.632306098937988
9024,-14.656041145324707
9025,2.5916175842285156
9026,-8.631616592407227
9027,-14.603693008422852
9028,2.5656490325927734
9029,-8.637859344482422
9030,-13.747074127197266
9031,2.251758575439453
9032,-14.359237670898438
9033,-13.735458374023438
9034,2.040729522705078
9035,-4.907696723937988
9036,-13.209573745727539
9037,2.8530311584472656
9038,-10.343024253845215
9039,-13.166357040405273
9040,2.870647430419922
9041,-7.627806186676025
9042,-8.610380172729492
9043,1.9925193786621094
9044,-18.451196670532227
9045,-8.519804954528809
9046,1.7759037017822266
9047,1.757948398590088
9048,-2.473374366760254
9049,3.3746185302734375
9050,-16.309877395629883
9051,-3.442671775817871
9052,3.568349838256836
9053,3.205742359161377
9054,-4.949762344360352
9055,5.715126037597656
9056,-9.150654792785645
9057,-4.822384834289551
9058,5.501745223999023
9059,-2.8148012161254883
9060,-5.5255022048950195
9061,6.199188232421875
9062,-10.30746078491211
9063,-4.70980167388916
9064,5.457136154174805
9065,-3.886582851409912
9066,-6.201425552368164
9067,5.995624542236328
9068,-10.19441032409668
9069,-5.222801208496094
9070,5.60127067565918
9071,-5.280041694641113
9072,-5.980037689208984
9073,5.810155868530273
9074,-8.875991821289062
9075,-5.057143211364746
9076,5.556970596313477
9077,-3.7830147743225098
9078,2.537443161010742
9079,2.1493892669677734
9080,-11.151260375976562
9081,2.1387939453125
9082,1.8519115447998047
9083,0.09300565719604492
9084,-4.851650238037109
9085,3.3697586059570312
9086,-5.811673164367676
9087,-5.4889678955078125
9088,2.3274898529052734
9089,11.208904266357422
9090,-2.092015266418457
9091,3.159912109375
9092,9.837806701660156
9093,-2.0820083618164062
9094,3.0757179260253906
9095,19.223730087280273
9096,-0.8728933334350586
9097,2.951446533203125
9098,11.511407852172852
9099,-1.0159082412719727
9100,3.0356788635253906
9101,20.060625076293945
9102,-3.904940605163574
9103,3.675344467163086
9104,14.176549911499023
9105,-3.2253589630126953
9106,3.758852005004883
9107,21.582265853881836
9108,-13.982734680175781
9109,2.8068809509277344
9110,-9.054067611694336
9111,-14.245391845703125
9112,2.3505496978759766
9113,-10.694299697875977
9114,-14.169864654541016
9115,2.311614990234375
9116,-10.700921058654785
9117,-14.109288215637207
9118,2.255870819091797
9119,-10.70960521697998
9120,-14.242193222045898
9121,2.3564453125
9122,-8.227925300598145
9123,-14.179889678955078
9124,2.3002758026123047
9125,-8.228376388549805
9126,-14.108713150024414
9127,2.270465850830078
9128,-8.231788635253906
9129,-12.993460655212402
9130,1.868448257446289
9131,-14.66109848022461
9132,-13.163836479187012
9133,1.8156757354736328
9134,-3.635023355484009
9135,-13.042364120483398
9136,2.7423248291015625
9137,-10.334989547729492
9138,-13.021658897399902
9139,2.7539215087890625
9140,-7.235128402709961
9141,-8.061665534973145
9142,2.321775436401367
9143,-19.28021240234375
9144,-8.160383224487305
9145,1.8233757019042969
9146,2.8399128913879395
9147,-2.8616743087768555
9148,4.506420135498047
9149,-16.506519317626953
9150,-3.7841367721557617
9151,3.7746315002441406
9152,4.414388179779053
9153,-5.268960952758789
9154,6.058900833129883
9155,-8.1627197265625
9156,-4.898194313049316
9157,5.516572952270508
9158,-1.886401891708374
9159,-5.953113555908203
9160,6.479976654052734
9161,-9.405982971191406
9162,-5.142607688903809
9163,5.576725006103516
9164,-2.5292227268218994
9165,-6.669918060302734
9166,6.159801483154297
9167,-9.322596549987793
9168,-5.640165328979492
9169,5.6723785400390625
9170,-4.433262348175049
9171,-6.42534065246582
9172,5.984653472900391
9173,-7.903311252593994
9174,-5.486576080322266
9175,5.661067962646484
9176,-3.0020055770874023
9177,2.8657608032226562
9178,2.9119720458984375
9179,-11.580522537231445
9180,2.2550392150878906
9181,2.507915496826172
9182,0.531550407409668
9183,-4.819915771484375
9184,3.9569873809814453
9185,-9.433094024658203
9186,-5.48906135559082
9187,2.8334178924560547
9188,12.47890853881836
9189,-2.0938873291015625
9190,3.643787384033203
9191,4.017368793487549
9192,-2.235912322998047
9193,3.5722007751464844
9194,20.12459373474121
9195,-0.927520751953125
9196,3.435455322265625
9197,5.475184917449951
9198,-1.332693099975586
9199,3.581941604614258
9200,20.896522521972656
9201,-3.9054555892944336
9202,3.955659866333008
9203,8.017202377319336
9204,-3.2763423919677734
9205,4.040964126586914
9206,22.163694381713867
9207,-13.866289138793945
9208,2.5466060638427734
9209,-9.251516342163086
9210,-14.053442001342773
9211,2.10546875
9212,-11.032276153564453
9213,-13.959932327270508
9214,2.067607879638672
9215,-11.038299560546875
9216,-13.881549835205078
9217,2.040555953979492
9218,-11.046060562133789
9219,-14.038480758666992
9220,2.103435516357422
9221,-8.286724090576172
9222,-13.95161247253418
9223,2.071798324584961
9224,-8.287903785705566
9225,-13.854381561279297
9226,2.041563034057617
9227,-8.290767669677734
9228,-12.713601112365723
9229,1.677133560180664
9230,-15.552068710327148
9231,-12.844407081604004
9232,1.6593818664550781
9233,-3.6287624835968018
9234,-12.929886817932129
9235,2.5834484100341797
9236,-10.767807960510254
9237,-12.900821685791016
9238,2.5900707244873047
9239,-7.27165412902832
9240,-7.600584983825684
9241,2.3207473754882812
9242,-20.448843002319336
9243,-7.870001792907715
9244,1.7875690460205078
9245,2.9985928535461426
9246,-2.838099479675293
9247,4.65251350402832
9248,-17.43934440612793
9249,-3.763241767883301
9250,3.7606658935546875
9251,4.340351581573486
9252,-5.264845848083496
9253,6.025531768798828
9254,-8.293539047241211
9255,-4.478437423706055
9256,5.389438629150391
9257,-2.4466493129730225
9258,-5.93540096282959
9259,6.4709930419921875
9260,-9.511594772338867
9261,-4.854366302490234
9262,5.522428512573242
9263,-3.026323080062866
9264,-6.644132614135742
9265,6.0976104736328125
9266,-9.362072944641113
9267,-5.30079460144043
9268,5.582172393798828
9269,-5.289130687713623
9270,-6.397672653198242
9271,5.943813323974609
9272,-8.032474517822266
9273,-5.221892356872559
9274,5.582059860229492
9275,-3.6891489028930664
9276,3.291666030883789
9277,3.1783199310302734
9278,-12.124201774597168
9279,2.573060989379883
9280,2.8529796600341797
9281,1.078331470489502
9282,-5.258339881896973
9283,4.094516754150391
9284,-11.579218864440918
9285,-5.846530914306641
9286,2.929920196533203
9287,13.170385360717773
9288,-2.7311038970947266
9289,3.7225093841552734
9290,1.177690029144287
9291,-3.4503793716430664
9292,3.827341079711914
9293,20.445358276367188
9294,-1.657857894897461
9295,3.5016536712646484
9296,2.57615327835083
9297,-2.712418556213379
9298,3.915790557861328
9299,21.15814781188965
9300,-4.5154571533203125
9301,3.9878768920898438
9302,5.319372653961182
9303,-4.695311546325684
9304,4.166376113891602
9305,22.29140281677246
9306,-13.866605758666992
9307,2.417339324951172
9308,-8.620708465576172
9309,-14.035930633544922
9310,1.9783821105957031
9311,-10.430519104003906
9312,-13.946706771850586
9313,1.938629150390625
9314,-10.436227798461914
9315,-13.860748291015625
9316,1.880279541015625
9317,-10.444561958312988
9318,-14.015815734863281
9319,1.9805145263671875
9320,-7.607795715332031
9321,-13.922850608825684
9322,1.951803207397461
9323,-7.60957145690918
9324,-13.821069717407227
9325,1.8812789916992188
9326,-7.612855911254883
9327,-12.675117492675781
9328,1.555196762084961
9329,-15.17884635925293
9330,-12.798954010009766
9331,1.5560989379882812
9332,-2.621023416519165
9333,-12.932647705078125
9334,2.481729507446289
9335,-10.251934051513672
9336,-12.904885292053223
9337,2.488872528076172
9338,-6.624781608581543
9339,-7.523707389831543
9340,2.295389175415039
9341,-20.07533836364746
9342,-7.786322593688965
9343,1.7763347625732422
9344,4.0530686378479
9345,-2.6695241928100586
9346,4.451595306396484
9347,-16.902076721191406
9348,-3.456395149230957
9349,3.736255645751953
9350,4.983191967010498
9351,-4.683398246765137
9352,6.005258560180664
9353,-5.226498126983643
9354,-3.8849010467529297
9355,5.173517227172852
9356,-2.1743245124816895
9357,-5.246376991271973
9358,6.334497451782227
9359,-6.028617858886719
9360,-4.242401123046875
9361,5.355688095092773
9362,-2.783059597015381
9363,-5.923636436462402
9364,5.951515197753906
9365,-6.354404926300049
9366,-4.701176643371582
9367,5.389167785644531
9368,-4.838340759277344
9369,-5.988175392150879
9370,5.934587478637695
9371,-5.092653274536133
9372,-4.688973426818848
9373,5.377620697021484
9374,-3.3726112842559814
9375,3.3561649322509766
9376,3.2959136962890625
9377,-12.305770874023438
9378,2.7962608337402344
9379,2.9701595306396484
9380,1.2571477890014648
9381,-5.831107139587402
9382,4.4215545654296875
9383,-12.695257186889648
9384,-6.460709571838379
9385,3.160808563232422
9386,11.089570999145508
9387,-2.711843490600586
9388,3.8993377685546875
9389,-1.2778291702270508
9390,-3.340825080871582
9391,3.8891372680664062
9392,14.476997375488281
9393,-1.6225452423095703
9394,3.5980873107910156
9395,-0.0008072853088378906
9396,-2.5160913467407227
9397,3.9199600219726562
9398,14.74165153503418
9399,-3.9672021865844727
9400,4.279378890991211
9401,3.00303316116333
9402,-4.443881988525391
9403,4.234169006347656
9404,15.765192031860352
9405,-13.726051330566406
9406,2.116973876953125
9407,-8.395466804504395
9408,-13.770532608032227
9409,1.6811103820800781
9410,-10.156044006347656
9411,-13.672826766967773
9412,1.6474056243896484
9413,-10.162092208862305
9414,-13.569921493530273
9415,1.6189022064208984
9416,-10.170023918151855
9417,-13.760324478149414
9418,1.6864204406738281
9419,-7.458617210388184
9420,-13.656067848205566
9421,1.6690425872802734
9422,-7.459922790527344
9423,-13.556767463684082
9424,1.6325187683105469
9425,-7.463210105895996
9426,-12.335740089416504
9427,1.3341732025146484
9428,-14.764484405517578
9429,-12.452513694763184
9430,1.3415298461914062
9431,-2.7057816982269287
9432,-12.772372245788574
9433,2.2539291381835938
9434,-9.953296661376953
9435,-12.759811401367188
9436,2.259317398071289
9437,-6.47471284866333
9438,-7.457243919372559
9439,2.293682098388672
9440,-20.030105590820312
9441,-7.664467811584473
9442,1.769500732421875
9443,3.9847006797790527
9444,-2.974142074584961
9445,4.388387680053711
9446,-16.478628158569336
9447,-3.777358055114746
9448,3.825714111328125
9449,5.295003414154053
9450,-4.975543975830078
9451,6.045631408691406
9452,-5.765988349914551
9453,-4.940528869628906
9454,5.371591567993164
9455,-1.0587177276611328
9456,-5.475456237792969
9457,6.358386993408203
9458,-6.5313544273376465
9459,-5.25443172454834
9460,5.548131942749023
9461,-1.5445623397827148
9462,-6.539329528808594
9463,6.015827178955078
9464,-6.635405540466309
9465,-5.774633407592773
9466,5.557516098022461
9467,-3.4010345935821533
9468,-6.432934761047363
9469,5.954896926879883
9470,-5.536423206329346
9471,-5.687768936157227
9472,5.54362678527832
9473,-2.163863182067871
9474,3.346099853515625
9475,3.353260040283203
9476,-12.175252914428711
9477,2.8027191162109375
9478,3.061309814453125
9479,1.1238899230957031
9480,-5.487805366516113
9481,4.37443733215332
9482,-11.615833282470703
9483,-6.348237991333008
9484,3.22796630859375
9485,10.91148567199707
9486,-0.3855552673339844
9487,4.183553695678711
9488,0.28353261947631836
9489,-1.210923194885254
9490,4.02178955078125
9491,15.424028396606445
9492,0.9070568084716797
9493,3.9227294921875
9494,1.637516975402832
9495,0.042888641357421875
9496,3.9898757934570312
9497,15.874458312988281
9498,-1.0942249298095703
9499,4.731254577636719
9500,5.024400234222412
9501,-1.3420171737670898
9502,4.605804443359375
9503,17.7327880859375
9504,-13.71436882019043
9505,2.0801239013671875
9506,-8.474052429199219
9507,-13.660421371459961
9508,1.6660346984863281
9509,-10.200956344604492
9510,-13.546384811401367
9511,1.6351871490478516
9512,-10.207159996032715
9513,-13.427739143371582
9514,1.6119136810302734
9515,-10.215320587158203
9516,-13.682266235351562
9517,1.6753044128417969
9518,-7.593446731567383
9519,-13.583273887634277
9520,1.65277099609375
9521,-7.5943708419799805
9522,-13.490690231323242
9523,1.6257400512695312
9524,-7.598228931427002
9525,-12.103118896484375
9526,1.3479652404785156
9527,-14.711746215820312
9528,-12.294351577758789
9529,1.3371391296386719
9530,-3.053128957748413
9531,-12.749679565429688
9532,2.220266342163086
9533,-9.97130298614502
9534,-12.75861930847168
9535,2.2299938201904297
9536,-6.595198631286621
9537,-7.362226486206055
9538,2.2868518829345703
9539,-19.856739044189453
9540,-7.626833915710449
9541,1.7581405639648438
9542,3.6607937812805176
9543,-2.95717716217041
9544,4.455644607543945
9545,-16.99234962463379
9546,-3.9164609909057617
9547,3.8271560668945312
9548,4.995551586151123
9549,-4.977465629577637
9550,6.202375411987305
9551,-8.796485900878906
9552,-5.099516868591309
9553,5.533565521240234
9554,-1.101785659790039
9555,-5.511364936828613
9556,6.597726821899414
9557,-9.842540740966797
9558,-5.265003204345703
9559,5.633769989013672
9560,-1.5085434913635254
9561,-6.828746795654297
9562,6.19471549987793
9563,-9.483376502990723
9564,-5.742611885070801
9565,5.663173675537109
9566,-3.3762638568878174
9567,-6.491844177246094
9568,6.19561767578125
9569,-8.507308959960938
9570,-5.637422561645508
9571,5.641323089599609
9572,-2.1752078533172607
9573,3.310609817504883
9574,3.431821823120117
9575,-12.137609481811523
9576,2.7866992950439453
9577,3.0212230682373047
9578,1.0844907760620117
9579,-5.444012641906738
9580,4.606407165527344
9581,-12.346017837524414
9582,-6.778021812438965
9583,3.364177703857422
9584,8.531654357910156
9585,1.4327106475830078
9586,4.694147109985352
9587,-3.1364195346832275
9588,-1.3003454208374023
9589,4.134403228759766
9590,10.044626235961914
9591,2.946897506713867
9592,4.381875991821289
9593,-2.0219240188598633
9594,-0.059604644775390625
9595,4.052839279174805
9596,10.170719146728516
9597,1.2513046264648438
9598,5.537036895751953
9599,1.3623404502868652
9600,-1.4257049560546875
9601,4.920351028442383
9602,12.18311882019043
9603,-13.721715927124023
9604,2.0766658782958984
9605,-7.453989028930664
9606,-13.684986114501953
9607,1.6563186645507812
9608,-9.2659912109375
9609,-13.574748992919922
9610,1.6258926391601562
9611,-9.271974563598633
9612,-13.452470779418945
9613,1.6065902709960938
9614,-9.281224250793457
9615,-13.702614784240723
9616,1.6641826629638672
9617,-6.596585750579834
9618,-13.605934143066406
9619,1.6382598876953125
9620,-6.596583366394043
9621,-13.516834259033203
9622,1.6141395568847656
9623,-6.600602149963379
9624,-12.146248817443848
9625,1.3207855224609375
9626,-13.987606048583984
9627,-12.292728424072266
9628,1.312540054321289
9629,-2.0063204765319824
9630,-12.75124740600586
9631,2.1930580139160156
9632,-9.066699981689453
9633,-12.767412185668945
9634,2.2050437927246094
9635,-5.619723796844482
9636,-7.403095245361328
9637,2.266368865966797
9638,-19.705020904541016
9639,-7.574906349182129
9640,1.7541370391845703
9641,4.730006694793701
9642,-2.930769920349121
9643,4.498298645019531
9644,-15.209163665771484
9645,-3.898130416870117
9646,3.847545623779297
9647,5.944129467010498
9648,-5.052132606506348
9649,6.154184341430664
9650,-2.5447773933410645
9651,-5.157098770141602
9652,5.584934234619141
9653,-0.12285375595092773
9654,-5.505643844604492
9655,6.587137222290039
9656,-2.892611026763916
9657,-5.246514320373535
9658,5.626697540283203
9659,-0.5387482643127441
9660,-6.615374565124512
9661,6.158283233642578
9662,-3.0335044860839844
9663,-5.725153923034668
9664,5.661649703979492
9665,-2.278264045715332
9666,-6.334810256958008
9667,6.114681243896484
9668,-2.263643503189087
9669,-5.626482009887695
9670,5.639989852905273
9671,-1.1745119094848633
9672,3.3531551361083984
9673,3.4473190307617188
9674,-12.156425476074219
9675,2.8713035583496094
9676,3.149503707885742
9677,1.1048812866210938
9678,-5.405487060546875
9679,4.4415435791015625
9680,-12.813657760620117
9681,-6.741798400878906
9682,3.216693878173828
9683,9.284507751464844
9684,0.44370269775390625
9685,4.481725692749023
9686,-1.4669709205627441
9687,-1.0574541091918945
9688,4.186725616455078
9689,13.429544448852539
9690,1.8291339874267578
9691,4.237369537353516
9692,-0.16292190551757812
9693,0.16403961181640625
9694,4.175868988037109
9695,13.800832748413086
9696,-0.37718868255615234
9697,5.129386901855469
9698,3.1365408897399902
9699,-1.3177146911621094
9700,4.874549865722656
9701,15.489130020141602
