,0
0,-1.4180078506469727
1,-9.134838104248047
2,-4.392037868499756
3,-1.368769645690918
4,-9.6694974899292
5,-5.0430474281311035
6,-1.3160171508789062
7,-9.734615325927734
8,-5.044638156890869
9,-1.2534666061401367
10,-9.809731483459473
11,-5.044858932495117
12,-1.417332649230957
13,-9.602563858032227
14,-3.92413330078125
15,-1.4026451110839844
16,-9.617024421691895
17,-3.923055410385132
18,-1.3850841522216797
19,-9.639537811279297
20,-3.924422025680542
21,-0.7621736526489258
22,-9.97640609741211
23,-6.783130168914795
24,-0.964299201965332
25,-9.7987060546875
26,-1.7747769355773926
27,-1.1096563339233398
28,-8.825616836547852
29,-4.957562446594238
30,-1.168320655822754
31,-8.704964637756348
32,-3.5025172233581543
33,0.43172454833984375
34,-7.909976482391357
35,-9.799543380737305
36,-0.487396240234375
37,-6.911625862121582
38,1.6037018299102783
39,0.35201168060302734
40,-3.8812084197998047
41,-11.782881736755371
42,-0.45386791229248047
43,-3.1235427856445312
44,3.230029821395874
45,-0.5319433212280273
46,-0.4828472137451172
47,-12.197484016418457
48,-1.2527761459350586
49,-0.1716136932373047
50,1.0281059741973877
51,-0.7175884246826172
52,0.6720914840698242
53,-13.370349884033203
54,-1.4667911529541016
55,0.7716569900512695
56,1.0827200412750244
57,-0.9855031967163086
58,0.650935173034668
59,-13.193571090698242
60,-1.5304555892944336
61,0.7234668731689453
62,-0.07047414779663086
63,-0.9092388153076172
64,0.29643821716308594
65,-12.081183433532715
66,-1.4589900970458984
67,0.4318695068359375
68,0.44317173957824707
69,0.544468879699707
70,-0.15407943725585938
71,-6.850325584411621
72,0.0
73,0.0
74,0.0
75,0.13993167877197266
76,5.3884382247924805
77,-7.429834365844727
78,-0.0978860855102539
79,5.275811195373535
80,0.739814043045044
81,0.7105684280395508
82,11.53638744354248
83,-6.805419445037842
84,0.3420906066894531
85,10.731005668640137
86,2.0349042415618896
87,1.0619239807128906
88,12.418618202209473
89,-6.901983261108398
90,0.7742433547973633
91,11.780560493469238
92,2.0279557704925537
93,-0.7504405975341797
94,13.405348777770996
95,-9.704445838928223
96,-1.1583232879638672
97,12.341076850891113
98,0.2483375072479248
99,-1.4243240356445312
100,-9.122604370117188
101,-5.632118225097656
102,-1.3740339279174805
103,-9.647629737854004
104,-6.315791130065918
105,-1.3246841430664062
106,-9.706794738769531
107,-6.317180633544922
108,-1.2683048248291016
109,-9.776138305664062
110,-6.317983150482178
111,-1.4181480407714844
112,-9.592935562133789
113,-5.194327354431152
114,-1.402897834777832
115,-9.609268188476562
116,-5.192970275878906
117,-1.3850736618041992
118,-9.633682250976562
119,-5.194375991821289
120,-0.8000469207763672
121,-9.964710235595703
122,-8.041698455810547
123,-0.9650821685791016
124,-9.797670364379883
125,-2.990971088409424
126,-1.1266145706176758
127,-8.804546356201172
128,-6.1647138595581055
129,-1.1752748489379883
130,-8.69690990447998
131,-4.6991777420043945
132,0.43442821502685547
133,-7.903019905090332
134,-10.715900421142578
135,-0.47687816619873047
136,-6.970389366149902
137,0.482532262802124
138,0.35208702087402344
139,-3.8812761306762695
140,-12.548616409301758
141,-0.44405651092529297
142,-3.158877372741699
143,2.295922040939331
144,-0.5029897689819336
145,-0.48285484313964844
146,-12.849051475524902
147,-1.1859407424926758
148,-0.17650413513183594
149,0.11701679229736328
150,-0.7042026519775391
151,0.6727628707885742
152,-14.006263732910156
153,-1.4233264923095703
154,0.771693229675293
155,0.0984807014465332
156,-0.9677801132202148
157,0.6505146026611328
158,-13.927482604980469
159,-1.5106897354125977
160,0.7245454788208008
161,-1.0326495170593262
162,-0.8867340087890625
163,0.29643917083740234
164,-12.754908561706543
165,-1.4131402969360352
166,0.43180370330810547
167,-0.45242905616760254
168,0.5371551513671875
169,-0.17677783966064453
170,-6.861021041870117
171,-0.0013437271118164062
172,-0.02119159698486328
173,0.010690689086914062
174,0.14650821685791016
175,5.388792991638184
176,-7.0199384689331055
177,-0.0770559310913086
178,5.2806596755981445
179,1.8112471103668213
180,0.7098360061645508
181,11.574664115905762
182,-6.016849040985107
183,0.34856700897216797
184,10.731537818908691
185,4.356879234313965
186,1.0610122680664062
187,12.45197582244873
188,-6.068710803985596
189,0.7718715667724609
190,11.74524211883545
191,4.4776105880737305
192,-0.7098865509033203
193,13.51267147064209
194,-8.89659309387207
195,-1.0347929000854492
196,12.413973808288574
197,2.779226064682007
198,-1.425567626953125
199,-9.081850051879883
200,-5.770729064941406
201,-1.3772058486938477
202,-9.61098861694336
203,-6.461856365203857
204,-1.328329086303711
205,-9.670616149902344
206,-6.462807655334473
207,-1.2732162475585938
208,-9.740865707397461
209,-6.463261604309082
210,-1.4198055267333984
211,-9.56075382232666
212,-5.342949867248535
213,-1.4042329788208008
214,-9.578643798828125
215,-5.341808319091797
216,-1.385782241821289
217,-9.606948852539062
218,-5.343152046203613
219,-0.8173904418945312
220,-9.952582359313965
221,-8.222846031188965
222,-0.9664087295532227
223,-9.79262924194336
224,-3.1942851543426514
225,-1.1283016204833984
226,-8.75428581237793
227,-6.311229705810547
228,-1.1758756637573242
229,-8.657651901245117
230,-4.8516669273376465
231,0.43590259552001953
232,-7.905896186828613
233,-10.862784385681152
234,-0.4684295654296875
235,-7.050044059753418
236,0.25548744201660156
237,0.35207271575927734
238,-3.877901077270508
239,-12.747782707214355
240,-0.44361209869384766
241,-3.1861038208007812
242,2.0486161708831787
243,-0.4671630859375
244,-0.4535503387451172
245,-13.265702247619629
246,-1.1423473358154297
247,-0.18601512908935547
248,-0.056292057037353516
249,-0.6445035934448242
250,0.7103309631347656
251,-14.471494674682617
252,-1.3736143112182617
253,0.7750282287597656
254,-0.05055809020996094
255,-0.9222555160522461
256,0.6987371444702148
257,-14.364184379577637
258,-1.4528522491455078
259,0.7351846694946289
260,-1.1752309799194336
261,-0.8337812423706055
262,0.3269634246826172
263,-13.16855525970459
264,-1.3595333099365234
265,0.4384193420410156
266,-0.6114730834960938
267,0.5485343933105469
268,-0.198974609375
269,-6.871753692626953
270,0.027350425720214844
271,-0.035666465759277344
272,0.021521806716918945
273,0.14460086822509766
274,5.382302284240723
275,-6.964350700378418
276,-0.0685586929321289
277,5.281294822692871
278,1.9771506786346436
279,0.6495580673217773
280,11.57494831085205
281,-6.007008075714111
282,0.36935901641845703
283,10.713072776794434
284,4.497637748718262
285,1.0197486877441406
286,12.454388618469238
287,-6.062281608581543
288,0.7719459533691406
289,11.70837116241455
290,4.622821807861328
291,-0.7324199676513672
292,13.489136695861816
293,-8.862048149108887
294,-1.0260696411132812
295,12.336989402770996
296,2.995471239089966
297,-1.4406366348266602
298,-9.05127239227295
299,-5.688113212585449
300,-1.3981800079345703
301,-9.584733009338379
302,-6.3778076171875
303,-1.351165771484375
304,-9.644624710083008
305,-6.378533363342285
306,-1.2984123229980469
307,-9.715799331665039
308,-6.378789901733398
309,-1.436152458190918
310,-9.537664413452148
311,-5.251738548278809
312,-1.4189987182617188
313,-9.5567626953125
314,-5.2506103515625
315,-1.398737907409668
316,-9.587541580200195
317,-5.251941204071045
318,-0.8554115295410156
319,-9.943824768066406
320,-8.165189743041992
321,-0.9823026657104492
322,-9.788728713989258
323,-3.115051746368408
324,-1.1414070129394531
325,-8.716094017028809
326,-6.241776466369629
327,-1.1844120025634766
328,-8.626155853271484
329,-4.775879383087158
330,0.43155574798583984
331,-7.914378643035889
332,-10.912605285644531
333,-0.45776939392089844
334,-7.106281280517578
335,0.3698713779449463
336,0.35268688201904297
337,-3.87789249420166
338,-12.94052791595459
339,-0.43149566650390625
340,-3.2231922149658203
341,2.111140489578247
342,-0.40445995330810547
343,-0.4057302474975586
344,-13.655259132385254
345,-1.053767204284668
346,-0.17950057983398438
347,0.04502224922180176
348,-0.5361547470092773
349,0.7948980331420898
350,-14.910728454589844
351,-1.2736015319824219
352,0.8049936294555664
353,0.08353471755981445
354,-0.8141803741455078
355,0.7925252914428711
356,-14.730572700500488
357,-1.3340749740600586
358,0.7994918823242188
359,-1.0549533367156982
360,-0.7566413879394531
361,0.40721797943115234
362,-13.53808307647705
363,-1.245340347290039
364,0.48853588104248047
365,-0.5124726295471191
366,0.5668964385986328
367,-0.21930408477783203
368,-6.92304801940918
369,0.06498050689697266
370,-0.05055427551269531
371,0.07255148887634277
372,0.14451026916503906
373,5.3780107498168945
374,-6.9690351486206055
375,-0.058836936950683594
376,5.277787208557129
377,1.8508946895599365
378,0.6368484497070312
379,11.571303367614746
380,-5.915339469909668
381,0.39331912994384766
382,10.64388370513916
383,4.474640846252441
384,1.0155973434448242
385,12.454360008239746
386,-5.947947025299072
387,0.7768526077270508
388,11.584250450134277
389,4.624795913696289
390,-0.7320451736450195
391,13.515759468078613
392,-8.618699073791504
393,-0.9316272735595703
394,12.302718162536621
395,3.100891351699829
396,-1.4530200958251953
397,-9.017715454101562
398,-5.512743949890137
399,-1.4160079956054688
400,-9.56161117553711
401,-6.204433917999268
402,-1.370060920715332
403,-9.62269401550293
404,-6.205256938934326
405,-1.3183488845825195
406,-9.695673942565918
407,-6.205475807189941
408,-1.4518976211547852
409,-9.515012741088867
410,-5.071953773498535
411,-1.434701919555664
412,-9.534673690795898
413,-5.070773601531982
414,-1.4136524200439453
415,-9.567584037780762
416,-5.072114944458008
417,-0.8840494155883789
418,-9.937480926513672
419,-8.020435333251953
420,-0.9974784851074219
421,-9.785242080688477
422,-2.944268226623535
423,-1.1523160934448242
424,-8.678339004516602
425,-6.079813480377197
426,-1.1923236846923828
427,-8.588210105895996
428,-4.607023239135742
429,0.4207630157470703
430,-7.932152271270752
431,-10.841193199157715
432,-0.44789791107177734
433,-7.145546913146973
434,0.5441229343414307
435,0.3553791046142578
436,-3.880337715148926
437,-12.92087173461914
438,-0.38657665252685547
439,-3.228182792663574
440,2.269545793533325
441,-0.32922935485839844
442,-0.33559608459472656
443,-13.659648895263672
444,-0.9276456832885742
445,-0.13948440551757812
446,0.1952991485595703
447,-0.4423198699951172
448,0.8670082092285156
449,-14.925549507141113
450,-1.1330461502075195
451,0.8698959350585938
452,0.23566555976867676
453,-0.6868562698364258
454,0.8789300918579102
455,-14.708061218261719
456,-1.1744165420532227
457,0.8764438629150391
458,-0.9039571285247803
459,-0.6402387619018555
460,0.5041799545288086
461,-13.531167030334473
462,-1.094182014465332
463,0.5525426864624023
464,-0.36871790885925293
465,0.589604377746582
466,-0.22544479370117188
467,-6.959910869598389
468,0.09893608093261719
469,-0.05014610290527344
470,0.10985255241394043
471,0.14496135711669922
472,5.36588191986084
473,-7.1564531326293945
474,-0.05255126953125
475,5.269745826721191
476,1.8557627201080322
477,0.6342220306396484
478,11.57288646697998
479,-6.4934844970703125
480,0.4192628860473633
481,10.627215385437012
482,4.38637638092041
483,1.0166263580322266
484,12.463610649108887
485,-6.564538955688477
486,0.7804536819458008
487,11.5464506149292
488,4.527961730957031
489,-0.730682373046875
490,13.514430046081543
491,-9.213614463806152
492,-0.9324865341186523
493,12.282572746276855
494,3.0445029735565186
495,-1.4844646453857422
496,-8.985799789428711
497,-5.572331428527832
498,-1.4534978866577148
499,-9.539934158325195
500,-6.283489227294922
501,-1.4087839126586914
502,-9.602422714233398
503,-6.2842512130737305
504,-1.3582487106323242
505,-9.676725387573242
506,-6.284566879272461
507,-1.4858903884887695
508,-9.494816780090332
509,-5.146486282348633
510,-1.4674034118652344
511,-9.516613006591797
512,-5.145236015319824
513,-1.444131851196289
514,-9.552459716796875
515,-5.14661979675293
516,-0.9284067153930664
517,-9.93081283569336
518,-8.126302719116211
519,-1.0261564254760742
520,-9.783409118652344
521,-3.0216336250305176
522,-1.1813116073608398
523,-8.651611328125
524,-6.144937515258789
525,-1.216996192932129
526,-8.563146591186523
527,-4.662960529327393
528,0.39043521881103516
529,-7.952819347381592
530,-10.82533073425293
531,-0.43909549713134766
532,-7.207411289215088
533,0.4252021312713623
534,0.3567514419555664
535,-3.936084747314453
536,-12.93648910522461
537,-0.3170156478881836
538,-3.2471961975097656
539,2.208672285079956
540,-0.057628631591796875
541,-0.32921314239501953
542,-13.726929664611816
543,-0.7655467987060547
544,-0.08912944793701172
545,0.21932005882263184
546,-0.13115882873535156
547,0.8802175521850586
548,-14.955567359924316
549,-0.9698734283447266
550,0.9078207015991211
551,0.29604244232177734
552,-0.35713958740234375
553,0.9099836349487305
554,-14.779155731201172
555,-1.042140007019043
556,0.9450178146362305
557,-0.8495666980743408
558,-0.34402942657470703
559,0.5603456497192383
560,-13.619885444641113
561,-0.9174652099609375
562,0.639246940612793
563,-0.33771800994873047
564,0.5908222198486328
565,-0.2232656478881836
566,-6.959923267364502
567,0.11144828796386719
568,-0.04775524139404297
569,0.11001157760620117
570,0.14503860473632812
571,5.364558219909668
572,-7.140729904174805
573,-0.03663349151611328
574,5.269850730895996
575,2.3513710498809814
576,0.6279106140136719
577,11.556180000305176
578,-6.496339797973633
579,0.4572935104370117
580,10.615702629089355
581,5.222956657409668
582,1.0117731094360352
583,12.462706565856934
584,-6.568206787109375
585,0.8004541397094727
586,11.527758598327637
587,5.397852897644043
588,-0.7294864654541016
589,13.497591972351074
590,-9.234698295593262
591,-0.9027471542358398
592,12.225661277770996
593,3.92622971534729
594,-1.5325794219970703
595,-8.949113845825195
596,-6.171473503112793
597,-1.508005142211914
598,-9.508445739746094
599,-6.883110046386719
600,-1.4639215469360352
601,-9.571125984191895
602,-6.883780002593994
603,-1.415863037109375
604,-9.645730972290039
605,-6.884444236755371
606,-1.5392675399780273
607,-9.465075492858887
608,-5.749155044555664
609,-1.519979476928711
610,-9.488237380981445
611,-5.747878551483154
612,-1.4961013793945312
613,-9.526435852050781
614,-5.749395370483398
615,-0.9891281127929688
616,-9.913610458374023
617,-8.704581260681152
618,-1.0721874237060547
619,-9.777006149291992
620,-3.607931613922119
621,-1.2332658767700195
622,-8.624778747558594
623,-6.7389397621154785
624,-1.2666425704956055
625,-8.539911270141602
626,-5.257937431335449
627,0.3524351119995117
628,-7.956782817840576
629,-11.212400436401367
630,-0.4361305236816406
631,-7.25574254989624
632,-0.21297883987426758
633,0.3692283630371094
634,-3.9400596618652344
635,-13.091533660888672
636,-0.22859573364257812
637,-3.283998489379883
638,1.4732115268707275
639,0.2648811340332031
640,-0.2464466094970703
641,-13.626235008239746
642,-0.5205421447753906
643,-0.032317161560058594
644,-0.49529218673706055
645,0.26752758026123047
646,0.9302453994750977
647,-14.831275939941406
648,-0.7372598648071289
649,0.9672060012817383
650,-0.38929247856140137
651,0.032713890075683594
652,1.0186357498168945
653,-14.680013656616211
654,-0.8195934295654297
655,1.016352653503418
656,-1.5421522855758667
657,0.02573394775390625
658,0.6467113494873047
659,-13.529573440551758
660,-0.6782169342041016
661,0.7028923034667969
662,-1.0407276153564453
663,0.5913324356079102
664,-0.22344207763671875
665,-6.95773458480835
666,0.12410545349121094
667,-0.06144905090332031
668,0.10780549049377441
669,0.14035797119140625
670,5.364392280578613
671,-7.1006059646606445
672,-0.02094745635986328
673,5.268227577209473
674,2.835561513900757
675,0.6084222793579102
676,11.564274787902832
677,-6.481166839599609
678,0.47962188720703125
679,10.611023902893066
680,6.25112247467041
681,0.9900484085083008
682,12.46960735321045
683,-6.556762218475342
684,0.8113059997558594
685,11.51855182647705
686,6.481245994567871
687,-0.7401542663574219
688,13.49675464630127
689,-9.25049114227295
690,-0.8367538452148438
691,12.185139656066895
692,4.991058349609375
693,-1.606740951538086
694,-8.926013946533203
695,-6.03370475769043
696,-1.587315559387207
697,-9.49023723602295
698,-6.727956771850586
699,-1.5424604415893555
700,-9.553651809692383
701,-6.728925704956055
702,-1.4934663772583008
703,-9.630374908447266
704,-6.72991943359375
705,-1.6217966079711914
706,-9.447872161865234
707,-5.607873916625977
708,-1.602971076965332
709,-9.472058296203613
710,-5.606410026550293
711,-1.5794076919555664
712,-9.511920928955078
713,-5.607674598693848
714,-1.0607414245605469
715,-9.911336898803711
716,-8.48974609375
717,-1.1360960006713867
718,-9.776949882507324
719,-3.443725824356079
720,-1.2985801696777344
721,-8.60354232788086
722,-6.5785064697265625
723,-1.3320283889770508
724,-8.520671844482422
725,-5.113125801086426
726,0.33872032165527344
727,-7.972146511077881
728,-11.028409957885742
729,-0.44150638580322266
730,-7.323556900024414
731,-0.15370821952819824
732,0.5237112045288086
733,-4.039473533630371
734,-12.907697677612305
735,-0.18368053436279297
736,-3.345158576965332
737,1.4008886814117432
738,0.6984453201293945
739,-0.25216007232666016
740,-13.422187805175781
741,-0.22054290771484375
742,-0.034600257873535156
743,-0.5837850570678711
744,0.7913093566894531
745,0.9226312637329102
746,-14.619365692138672
747,-0.4236021041870117
748,0.9656133651733398
749,-0.5018510818481445
750,0.5629005432128906
751,1.0079069137573242
752,-14.464217185974121
753,-0.4379434585571289
754,1.009190559387207
755,-1.6144500970840454
756,0.5210094451904297
757,0.640350341796875
758,-13.321955680847168
759,-0.34857940673828125
760,0.6956796646118164
761,-1.1142299175262451
762,0.5910472869873047
763,-0.18603229522705078
764,-6.956648349761963
765,0.12162590026855469
766,-0.054927825927734375
767,0.10675501823425293
768,0.1392230987548828
769,5.370253562927246
770,-6.951951503753662
771,-0.02198028564453125
772,5.268240928649902
773,2.6064512729644775
774,0.6081266403198242
775,11.562111854553223
776,-6.078408241271973
777,0.4781675338745117
778,10.609986305236816
779,5.836295127868652
780,0.9897470474243164
781,12.467278480529785
782,-6.1310715675354
783,0.8109016418457031
784,11.50583553314209
785,6.0454559326171875
786,-0.7400617599487305
787,13.494978904724121
788,-8.84217357635498
789,-0.847355842590332
790,12.181351661682129
791,4.5238189697265625
792,-1.7190351486206055
793,-8.92182731628418
794,-5.958280563354492
795,-1.700169563293457
796,-9.480087280273438
797,-6.707006454467773
798,-1.6562070846557617
799,-9.542980194091797
800,-6.707485198974609
801,-1.6078929901123047
802,-9.61883544921875
803,-6.709242343902588
804,-1.7297067642211914
805,-9.440380096435547
806,-5.5075578689575195
807,-1.7091550827026367
808,-9.465888023376465
809,-5.507645606994629
810,-1.682530403137207
811,-9.506743431091309
812,-5.509952545166016
813,-1.1801576614379883
814,-9.903075218200684
815,-8.273365020751953
816,-1.2454347610473633
817,-9.774219512939453
818,-3.247605323791504
819,-1.416147232055664
820,-8.59925651550293
821,-6.558681011199951
822,-1.4429521560668945
823,-8.519580841064453
824,-4.978588581085205
825,0.31000709533691406
826,-7.989320278167725
827,-10.632261276245117
828,-0.4457731246948242
829,-7.351049423217773
830,0.09778475761413574
831,0.6688766479492188
832,-4.227961540222168
833,-12.224019050598145
834,0.06939029693603516
835,-3.6088180541992188
836,1.4148838520050049
837,0.9975767135620117
838,-0.30115509033203125
839,-12.410066604614258
840,0.28264522552490234
841,-0.1962432861328125
842,-0.5584180355072021
843,1.1371374130249023
844,0.8371639251708984
845,-13.480799674987793
846,0.23096942901611328
847,0.8188753128051758
848,-0.5298800468444824
849,0.9166345596313477
850,0.9563493728637695
851,-13.33713150024414
852,0.16969966888427734
853,0.8863306045532227
854,-1.5459585189819336
855,0.8487720489501953
856,0.6029558181762695
857,-12.307212829589844
858,0.20013141632080078
859,0.5242881774902344
860,-1.0554511547088623
861,0.5915412902832031
862,-0.1915130615234375
863,-6.955619812011719
864,0.11521434783935547
865,-0.07587051391601562
866,0.10531163215637207
867,0.13645458221435547
868,5.366543769836426
869,-6.980956077575684
870,-0.06861591339111328
871,5.234387397766113
872,2.445343255996704
873,0.5898523330688477
874,11.55943775177002
875,-6.123632431030273
876,0.4777536392211914
877,10.483193397521973
878,5.688412666320801
879,0.9903726577758789
880,12.469344139099121
881,-6.195455551147461
882,0.810582160949707
883,11.34319019317627
884,5.894649505615234
885,-0.736607551574707
886,13.494307518005371
887,-8.942996978759766
888,-0.8566522598266602
889,12.149554252624512
890,4.484824180603027
891,-1.8100013732910156
892,-8.901516914367676
893,-5.766631603240967
894,-1.7939434051513672
895,-9.448026657104492
896,-6.537286758422852
897,-1.7488250732421875
898,-9.508232116699219
899,-6.538142204284668
900,-1.6984081268310547
901,-9.582801818847656
902,-6.539190769195557
903,-1.825343132019043
904,-9.41154670715332
905,-5.324281215667725
906,-1.8058099746704102
907,-9.436559677124023
908,-5.324450969696045
909,-1.7792158126831055
910,-9.477470397949219
911,-5.32693338394165
912,-1.2568111419677734
913,-9.880413055419922
914,-8.167963027954102
915,-1.3318872451782227
916,-9.758520126342773
917,-3.11059832572937
918,-1.4996747970581055
919,-8.565351486206055
920,-6.389735698699951
921,-1.5288944244384766
922,-8.494643211364746
923,-4.810430526733398
924,0.2731599807739258
925,-7.983255386352539
926,-10.408472061157227
927,-0.4690580368041992
928,-7.344796657562256
929,0.17829012870788574
930,0.7804136276245117
931,-4.211206436157227
932,-11.825613975524902
933,0.17101573944091797
934,-3.6221113204956055
935,1.3500182628631592
936,1.1257057189941406
937,-0.30413246154785156
938,-11.662367820739746
939,0.43184375762939453
940,-0.21422958374023438
941,-0.7285842895507812
942,1.284132957458496
943,0.8355121612548828
944,-12.667634010314941
945,0.4984855651855469
946,0.7953786849975586
947,-0.7540197372436523
948,0.9922800064086914
949,0.9467840194702148
950,-12.501389503479004
951,0.25557708740234375
952,0.8829717636108398
953,-1.6858763694763184
954,0.8936033248901367
955,0.5990018844604492
956,-11.539663314819336
957,0.2741203308105469
958,0.5136041641235352
959,-1.1953203678131104
960,0.5975914001464844
961,-0.19130611419677734
962,-6.967917442321777
963,0.11489582061767578
964,-0.07645893096923828
965,0.11656689643859863
966,0.11213970184326172
967,5.357993125915527
968,-7.056191444396973
969,-0.12819671630859375
970,5.218991279602051
971,2.3771326541900635
972,0.5915260314941406
973,11.55652141571045
974,-6.1782941818237305
975,0.4770851135253906
976,10.443732261657715
977,5.116400718688965
978,0.9938335418701172
979,12.463831901550293
980,-6.255987167358398
981,0.8125600814819336
982,11.310181617736816
983,5.305994987487793
984,-0.7325668334960938
985,13.493855476379395
986,-8.920560836791992
987,-0.8647422790527344
988,12.150849342346191
989,3.958775281906128
990,-1.914510726928711
991,-8.824623107910156
992,-5.717142105102539
993,-1.903946876525879
994,-9.36156940460205
995,-6.518249034881592
996,-1.8610305786132812
997,-9.421793937683105
998,-6.519599914550781
999,-1.812209129333496
1000,-9.497823715209961
1001,-6.520236968994141
1002,-1.9347820281982422
1003,-9.322988510131836
1004,-5.274072170257568
1005,-1.916029930114746
1006,-9.346244812011719
1007,-5.274990081787109
1008,-1.8908195495605469
1009,-9.386281967163086
1010,-5.278368949890137
1011,-1.3792991638183594
1012,-9.801494598388672
1013,-8.049236297607422
1014,-1.460866928100586
1015,-9.674284934997559
1016,-3.086585760116577
1017,-1.5989360809326172
1018,-8.488651275634766
1019,-6.378932952880859
1020,-1.630091667175293
1021,-8.41840648651123
1022,-4.767433166503906
1023,0.22125530242919922
1024,-7.975894451141357
1025,-10.267245292663574
1026,-0.5202512741088867
1027,-7.339906692504883
1028,0.2637903690338135
1029,0.902775764465332
1030,-4.211249351501465
1031,-11.78966999053955
1032,0.19277286529541016
1033,-3.602938652038574
1034,1.4252898693084717
1035,1.3141870498657227
1036,-0.3061361312866211
1037,-11.85740852355957
1038,0.5647859573364258
1039,-0.23276901245117188
1040,-0.5893144607543945
1041,1.596287727355957
1042,0.8341455459594727
1043,-12.918651580810547
1044,0.6642065048217773
1045,0.7803764343261719
1046,-0.5901777744293213
1047,1.315866470336914
1048,0.9424200057983398
1049,-12.714372634887695
1050,0.5480566024780273
1051,0.8821191787719727
1052,-1.5362910032272339
1053,1.1652889251708984
1054,0.5961189270019531
1055,-11.730157852172852
1056,0.5208377838134766
1057,0.5074653625488281
1058,-1.0605545043945312
1059,0.6009492874145508
1060,-0.16644001007080078
1061,-6.978116989135742
1062,0.10976409912109375
1063,-0.06153297424316406
1064,0.12601017951965332
1065,0.09502983093261719
1066,5.361695289611816
1067,-7.116537094116211
1068,-0.2478494644165039
1069,5.219113349914551
1070,1.407862901687622
1071,0.5931892395019531
1072,11.5181303024292
1073,-6.163562774658203
1074,0.42232799530029297
1075,10.450736045837402
1076,4.634250640869141
1077,1.0193872451782227
1078,12.424139976501465
1079,-6.204949378967285
1080,0.7715978622436523
1081,11.320963859558105
1082,4.902082443237305
1083,-0.6880350112915039
1084,13.495268821716309
1085,-8.782612800598145
1086,-0.912510871887207
1087,12.182976722717285
1088,3.7549965381622314
1089,-2.033228874206543
1090,-8.7503023147583
1091,-5.718130111694336
1092,-2.0192556381225586
1093,-9.275381088256836
1094,-6.412747859954834
1095,-1.976485252380371
1096,-9.334733009338379
1097,-6.413943767547607
1098,-1.92962646484375
1099,-9.410222053527832
1100,-6.414715766906738
1101,-2.053363800048828
1102,-9.23751449584961
1103,-5.259654998779297
1104,-2.0351266860961914
1105,-9.25976848602295
1106,-5.258951187133789
1107,-2.010464668273926
1108,-9.29841136932373
1109,-5.260607719421387
1110,-1.505234718322754
1111,-9.706666946411133
1112,-7.957500457763672
1113,-1.599252700805664
1114,-9.56900405883789
1115,-3.009430170059204
1116,-1.7191753387451172
1117,-8.420631408691406
1118,-6.270934104919434
1119,-1.754258155822754
1120,-8.35129451751709
1121,-4.764004230499268
1122,0.15284156799316406
1123,-7.94257116317749
1124,-10.234771728515625
1125,-0.6321630477905273
1126,-7.2314982414245605
1127,0.18854475021362305
1128,1.0216169357299805
1129,-4.204292297363281
1130,-11.840169906616211
1131,0.28484439849853516
1132,-3.59397029876709
1133,1.379112958908081
1134,1.6601667404174805
1135,-0.3084392547607422
1136,-12.03407096862793
1137,0.7861833572387695
1138,-0.25789546966552734
1139,-0.6679196357727051
1140,2.0419301986694336
1141,0.7993555068969727
1142,-13.127877235412598
1143,0.8910932540893555
1144,0.6801729202270508
1145,-0.716508150100708
1146,1.7970352172851562
1147,0.9356317520141602
1148,-12.938600540161133
1149,0.6854610443115234
1150,0.8166627883911133
1151,-1.6558496952056885
1152,1.6228265762329102
1153,0.5894403457641602
1154,-11.916383743286133
1155,0.6767539978027344
1156,0.49659156799316406
1157,-1.1452198028564453
1158,0.6670265197753906
1159,-0.1287364959716797
1160,-6.980883598327637
1161,0.10854721069335938
1162,-0.025702476501464844
1163,0.12844228744506836
1164,0.06341743469238281
1165,5.369397163391113
1166,-7.7399187088012695
1167,-0.3818655014038086
1168,5.218094825744629
1169,0.1847681999206543
1170,0.5936193466186523
1171,11.441910743713379
1172,-6.929347991943359
1173,0.32498836517333984
1174,10.349444389343262
1175,3.1326143741607666
1176,1.0197029113769531
1177,12.402491569519043
1178,-6.981915473937988
1179,0.6762819290161133
1180,11.169953346252441
1181,3.31722092628479
1182,-0.6824321746826172
1183,13.504622459411621
1184,-9.730634689331055
1185,-1.097712516784668
1186,12.1663236618042
1187,2.0115272998809814
1188,-2.1256656646728516
1189,-8.540925979614258
1190,-6.342529296875
1191,-2.1253862380981445
1192,-9.062713623046875
1193,-6.965463638305664
1194,-2.0868730545043945
1195,-9.11992073059082
1196,-6.966378688812256
1197,-2.0466089248657227
1198,-9.189305305480957
1199,-6.967554092407227
1200,-2.1548080444335938
1201,-9.032878875732422
1202,-5.8695759773254395
1203,-2.138010025024414
1204,-9.06098747253418
1205,-5.867901802062988
1206,-2.115363121032715
1207,-9.103582382202148
1208,-5.86836051940918
1209,-1.6434822082519531
1210,-9.466864585876465
1211,-8.343158721923828
1212,-1.7376089096069336
1213,-9.350027084350586
1214,-3.449490785598755
1215,-1.817631721496582
1216,-8.21451187133789
1217,-6.7737274169921875
1218,-1.8476057052612305
1219,-8.141863822937012
1220,-5.335317611694336
1221,0.07489967346191406
1222,-7.880831718444824
1223,-10.374728202819824
1224,-0.7219524383544922
1225,-7.1209306716918945
1226,-0.14342522621154785
1227,1.2540674209594727
1228,-4.195272445678711
1229,-11.883970260620117
1230,0.46370697021484375
1231,-3.5872697830200195
1232,1.1571667194366455
1233,2.16387939453125
1234,-0.37632083892822266
1235,-12.15748405456543
1236,1.1035337448120117
1237,-0.33153629302978516
1238,-0.9444975852966309
1239,2.58917236328125
1240,0.6404352188110352
1241,-13.30603313446045
1242,1.1541175842285156
1243,0.6200447082519531
1244,-1.0098438262939453
1245,2.3575754165649414
1246,0.8261404037475586
1247,-13.18593978881836
1248,0.9390544891357422
1249,0.7840471267700195
1250,-1.9585859775543213
1251,2.145681381225586
1252,0.5333290100097656
1253,-12.09485912322998
1254,0.9522418975830078
1255,0.45815372467041016
1256,-1.4214646816253662
1257,0.8340358734130859
1258,-0.08926582336425781
1259,-6.98793888092041
1260,0.13388729095458984
1261,0.014580726623535156
1262,0.13544034957885742
1263,0.022301673889160156
1264,5.3707475662231445
1265,-7.989729881286621
1266,-0.5045309066772461
1267,5.2074079513549805
1268,-0.1280534267425537
1269,0.6079893112182617
1270,11.425864219665527
1271,-6.945547103881836
1272,0.3169393539428711
1273,10.336628913879395
1274,3.0537631511688232
1275,1.0208044052124023
1276,12.402318000793457
1277,-6.982651710510254
1278,0.6733150482177734
1279,11.194645881652832
1280,3.2397592067718506
1281,-0.6788158416748047
1282,13.51345157623291
1283,-9.704398155212402
1284,-1.1246662139892578
1285,12.159113883972168
1286,1.8402683734893799
1287,-2.239640235900879
1288,-8.347631454467773
1289,-6.77493953704834
1290,-2.241763114929199
1291,-8.890270233154297
1292,-7.333197593688965
1293,-2.2033815383911133
1294,-8.947690963745117
1295,-7.3341593742370605
1296,-2.1607847213745117
1297,-9.0162353515625
1298,-7.335331439971924
1299,-2.272860527038574
1300,-8.859672546386719
1301,-6.269299507141113
1302,-2.2580108642578125
1303,-8.889446258544922
1304,-6.267485618591309
1305,-2.238554000854492
1306,-8.930733680725098
1307,-6.267892837524414
1308,-1.7401809692382812
1309,-9.286431312561035
1310,-8.475005149841309
1311,-1.8449344635009766
1312,-9.159675598144531
1313,-3.680447816848755
1314,-1.9246864318847656
1315,-8.024030685424805
1316,-7.109335899353027
1317,-1.9653244018554688
1318,-7.939266681671143
1319,-5.713553428649902
1320,-0.009561538696289062
1321,-7.786667823791504
1322,-10.382026672363281
1323,-0.8349781036376953
1324,-6.860766410827637
1325,-0.20336604118347168
1326,1.4129266738891602
1327,-4.223196029663086
1328,-11.88956356048584
1329,0.5312042236328125
1330,-3.5792713165283203
1331,1.1192214488983154
1332,2.5440826416015625
1333,-0.6417474746704102
1334,-12.317082405090332
1335,1.4637985229492188
1336,-0.3248176574707031
1337,-1.1486179828643799
1338,3.006035804748535
1339,0.23848438262939453
1340,-13.503488540649414
1341,1.6384363174438477
1342,0.6154508590698242
1343,-1.2653567790985107
1344,2.803171157836914
1345,0.4740447998046875
1346,-13.461812973022461
1347,1.4954280853271484
1348,0.7728786468505859
1349,-2.1928250789642334
1350,2.602023124694824
1351,0.28080081939697266
1352,-12.306897163391113
1353,1.4754571914672852
1354,0.43682861328125
1355,-1.6258325576782227
1356,1.0175504684448242
1357,-0.06420326232910156
1358,-6.987118721008301
1359,0.19682598114013672
1360,0.06935501098632812
1361,0.1345992088317871
1362,0.0027933120727539062
1363,5.364632606506348
1364,-8.659625053405762
1365,-0.5659151077270508
1366,5.167132377624512
1367,-0.885772705078125
1368,0.5957136154174805
1369,11.379347801208496
1370,-7.973753929138184
1371,0.23834705352783203
1372,10.30163860321045
1373,2.230419874191284
1374,1.0185651779174805
1375,12.374693870544434
1376,-8.068927764892578
1377,0.6438226699829102
1378,11.170527458190918
1379,2.3969991207122803
1380,-0.6829128265380859
1381,13.510106086730957
1382,-11.104265213012695
1383,-1.1887445449829102
1384,12.122719764709473
1385,0.8698885440826416
1386,-2.353663444519043
1387,-8.096735000610352
1388,-7.436803817749023
1389,-2.3581113815307617
1390,-8.66374397277832
1391,-7.934970855712891
1392,-2.316256523132324
1393,-8.722265243530273
1394,-7.936223030090332
1395,-2.2699756622314453
1396,-8.791078567504883
1397,-7.937644958496094
1398,-2.394824981689453
1399,-8.625764846801758
1400,-6.8854780197143555
1401,-2.3825788497924805
1402,-8.652022361755371
1403,-6.883790493011475
1404,-2.3657541275024414
1405,-8.68842887878418
1406,-6.8842973709106445
1407,-1.8348112106323242
1408,-9.051538467407227
1409,-8.768798828125
1410,-1.9514646530151367
1411,-8.907180786132812
1412,-4.026246070861816
1413,-2.023944854736328
1414,-7.796539306640625
1415,-7.655030250549316
1416,-2.0775928497314453
1417,-7.6983137130737305
1418,-6.275313377380371
1419,-0.1174631118774414
1420,-7.651482105255127
1421,-10.478876113891602
1422,-0.9355192184448242
1423,-6.559309959411621
1424,-0.18509316444396973
1425,1.5209522247314453
1426,-4.325963973999023
1427,-11.89749526977539
1428,0.6982240676879883
1429,-3.395585060119629
1430,1.2741296291351318
1431,2.9968976974487305
1432,-1.1083269119262695
1433,-12.874434471130371
1434,1.6045570373535156
1435,-0.2955923080444336
1436,-1.144186019897461
1437,3.4581899642944336
1438,-0.36956214904785156
1439,-14.128204345703125
1440,1.8174152374267578
1441,0.6189947128295898
1442,-1.2814960479736328
1443,3.3106069564819336
1444,-0.12942790985107422
1445,-14.125476837158203
1446,1.6890754699707031
1447,0.7730112075805664
1448,-2.2625784873962402
1449,3.159489631652832
1450,-0.26355648040771484
1451,-12.881529808044434
1452,1.6676292419433594
1453,0.43462657928466797
1454,-1.6468002796173096
1455,1.1552104949951172
1456,-0.0071563720703125
1457,-6.987452507019043
1458,0.2582740783691406
1459,0.17795181274414062
1460,0.1353602409362793
1461,-0.017640113830566406
1462,5.367711067199707
1463,-9.384990692138672
1464,-0.6038494110107422
1465,5.128386497497559
1466,-1.9887058734893799
1467,0.5966329574584961
1468,11.241740226745605
1469,-8.201618194580078
1470,0.20935630798339844
1471,10.238858222961426
1472,1.4856421947479248
1473,1.019312858581543
1474,12.238041877746582
1475,-8.264800071716309
1476,0.6472692489624023
1477,11.112683296203613
1478,1.6766841411590576
1479,-0.6887292861938477
1480,13.431204795837402
1481,-11.471837043762207
1482,-1.182326316833496
1483,12.125357627868652
1484,-0.04698443412780762
1485,-2.455275535583496
1486,-7.713817119598389
1487,-8.464693069458008
1488,-2.4698781967163086
1489,-8.284930229187012
1490,-8.966958999633789
1491,-2.4282026290893555
1492,-8.343384742736816
1493,-8.967921257019043
1494,-2.3827314376831055
1495,-8.4120454788208
1496,-8.969489097595215
1497,-2.5056591033935547
1498,-8.248157501220703
1499,-7.900664329528809
1500,-2.4930009841918945
1501,-8.276582717895508
1502,-7.89925479888916
1503,-2.4765396118164062
1504,-8.314716339111328
1505,-7.899858474731445
1506,-1.9542875289916992
1507,-8.705238342285156
1508,-9.838287353515625
1509,-2.058119773864746
1510,-8.57796859741211
1511,-5.047911643981934
1512,-2.11801815032959
1513,-7.451550483703613
1514,-8.714591979980469
1515,-2.167677879333496
1516,-7.347655773162842
1517,-7.317114353179932
1518,-0.17158985137939453
1519,-7.360830783843994
1520,-11.349895477294922
1521,-1.0298662185668945
1522,-6.303773880004883
1523,-1.1347758769989014
1524,1.6832551956176758
1525,-4.420561790466309
1526,-12.768522262573242
1527,0.8368606567382812
1528,-3.3616533279418945
1529,0.2989084720611572
1530,3.3978967666625977
1531,-1.56964111328125
1532,-13.852694511413574
1533,1.8437004089355469
1534,-0.30608081817626953
1535,-2.155367851257324
1536,3.901974678039551
1537,-1.0068016052246094
1538,-15.122035026550293
1539,2.0920848846435547
1540,0.5315046310424805
1541,-2.305070400238037
1542,3.795487403869629
1543,-0.7714662551879883
1544,-15.125083923339844
1545,1.9660968780517578
1546,0.7003459930419922
1547,-3.28208327293396
1548,3.621140480041504
1549,-0.864964485168457
1550,-13.858165740966797
1551,1.9375743865966797
1552,0.36188411712646484
1553,-2.657618522644043
1554,1.2912988662719727
1555,0.04732704162597656
1556,-6.972052574157715
1557,0.34468650817871094
1558,0.23879718780517578
1559,0.12076783180236816
1560,-0.01770496368408203
1561,5.36655330657959
1562,-9.634723663330078
1563,-0.6341590881347656
1564,5.098191261291504
1565,-1.5608984231948853
1566,0.5974922180175781
1567,11.22952938079834
1568,-8.841503143310547
1569,0.21536636352539062
1570,10.167723655700684
1571,2.1014158725738525
1572,1.021876335144043
1573,12.233538627624512
1574,-8.950396537780762
1575,0.6504173278808594
1576,11.001389503479004
1577,2.3017866611480713
1578,-0.6880617141723633
1579,13.338831901550293
1580,-12.28989315032959
1581,-1.142486572265625
1582,11.971451759338379
1583,0.637864351272583
1584,-2.566387176513672
1585,-7.3355207443237305
1586,-8.28996753692627
1587,-2.592329978942871
1588,-7.930891036987305
1589,-8.809767723083496
1590,-2.5545053482055664
1591,-7.988291263580322
1592,-8.810596466064453
1593,-2.5125856399536133
1594,-8.056595802307129
1595,-8.812198638916016
1596,-2.6254425048828125
1597,-7.901543617248535
1598,-7.689419746398926
1599,-2.613454818725586
1600,-7.93477201461792
1601,-7.687607765197754
1602,-2.597113609313965
1603,-7.979827404022217
1604,-7.688014984130859
1605,-2.077845573425293
1606,-8.379404067993164
1607,-9.855594635009766
1608,-2.172879219055176
1609,-8.273275375366211
1610,-4.816319942474365
1611,-2.2296323776245117
1612,-7.100917816162109
1613,-8.614482879638672
1614,-2.2761459350585938
1615,-7.006325721740723
1616,-7.141454219818115
1617,-0.21242809295654297
1618,-7.063693046569824
1619,-11.361472129821777
1620,-1.0962457656860352
1621,-6.015084266662598
1622,-0.9861981868743896
1623,1.8332653045654297
1624,-4.549757957458496
1625,-12.774282455444336
1626,0.9823951721191406
1627,-3.2587671279907227
1628,0.43430638313293457
1629,3.7249956130981445
1630,-2.148866653442383
1631,-14.036774635314941
1632,1.979461669921875
1633,-0.3040599822998047
1634,-2.0796291828155518
1635,4.331145286560059
1636,-1.7255678176879883
1637,-15.30196475982666
1638,2.236424446105957
1639,0.48265838623046875
1640,-2.1951253414154053
1641,4.251734733581543
1642,-1.421095848083496
1643,-15.31764030456543
1644,2.084048271179199
1645,0.6789407730102539
1646,-3.1728529930114746
1647,4.010256767272949
1648,-1.464491844177246
1649,-14.048096656799316
1650,2.0451745986938477
1651,0.3535633087158203
1652,-2.5866618156433105
1653,1.353837013244629
1654,0.15264129638671875
1655,-6.971683025360107
1656,0.4036064147949219
1657,0.3487520217895508
1658,0.12033581733703613
1659,-0.03133964538574219
1660,5.379117012023926
1661,-10.051215171813965
1662,-0.6883392333984375
1663,5.0922746658325195
1664,-0.7056295871734619
1665,0.5774469375610352
1666,11.23343563079834
1667,-9.577113151550293
1668,0.16019153594970703
1669,10.182230949401855
1670,3.48199725151062
1671,1.0146875381469727
1672,12.236372947692871
1673,-9.723892211914062
1674,0.5444345474243164
1675,10.94812297821045
1676,3.768502950668335
1677,-0.7585020065307617
1678,13.309252738952637
1679,-13.23254108428955
1680,-1.230687141418457
1681,11.91331958770752
1682,2.1937429904937744
1683,-2.697434425354004
1684,-6.898699760437012
1685,-8.244044303894043
1686,-2.7367172241210938
1687,-7.486884117126465
1688,-8.804939270019531
1689,-2.70058536529541
1690,-7.545053005218506
1691,-8.805953979492188
1692,-2.6618709564208984
1693,-7.611087799072266
1694,-8.808009147644043
1695,-2.764415740966797
1696,-7.462732315063477
1697,-7.658207893371582
1698,-2.7496566772460938
1699,-7.50333833694458
1700,-7.656479835510254
1701,-2.730616569519043
1702,-7.553867340087891
1703,-7.657004356384277
1704,-2.2211551666259766
1705,-7.954064846038818
1706,-10.0692138671875
1707,-2.3080835342407227
1708,-7.863555431365967
1709,-4.907299518585205
1710,-2.3428688049316406
1711,-6.693314552307129
1712,-8.655336380004883
1713,-2.3801136016845703
1714,-6.610689163208008
1715,-7.147909164428711
1716,-0.28134822845458984
1717,-6.674729347229004
1718,-11.60450267791748
1719,-1.1420793533325195
1720,-5.734405517578125
1721,-1.2490832805633545
1722,1.9359493255615234
1723,-4.67439079284668
1724,-13.12462043762207
1725,0.943267822265625
1726,-3.2514753341674805
1727,0.11982512474060059
1728,3.987502098083496
1729,-2.919968605041504
1730,-14.38132381439209
1731,1.9968996047973633
1732,-0.38779449462890625
1733,-2.2640321254730225
1734,4.627814292907715
1735,-2.651775360107422
1736,-15.681268692016602
1737,2.25876522064209
1738,0.27511119842529297
1739,-2.3663878440856934
1740,4.5724592208862305
1741,-2.3601036071777344
1742,-15.717095375061035
1743,2.152041435241699
1744,0.49739646911621094
1745,-3.3284671306610107
1746,4.330836296081543
1747,-2.3612442016601562
1748,-14.420234680175781
1749,2.10546875
1750,0.2105731964111328
1751,-2.7676825523376465
1752,1.4240379333496094
1753,0.3351726531982422
1754,-6.974302291870117
1755,0.4920988082885742
1756,0.4496603012084961
1757,0.12350773811340332
1758,-0.05860710144042969
1759,5.421252250671387
1760,-9.524433135986328
1761,-0.7579555511474609
1762,5.076996803283691
1763,-0.33008360862731934
1764,0.5600986480712891
1765,11.239989280700684
1766,-8.71055793762207
1767,0.11216545104980469
1768,10.107666969299316
1769,3.949706792831421
1770,1.004384994506836
1771,12.236571311950684
1772,-8.806426048278809
1773,0.48066139221191406
1774,10.785927772521973
1775,4.247121810913086
1776,-0.8443717956542969
1777,13.1564359664917
1778,-11.964426040649414
1779,-1.263106346130371
1780,11.729653358459473
1781,2.919846296310425
1782,-2.7699718475341797
1783,-6.383004188537598
1784,-8.90279483795166
1785,-2.8108463287353516
1786,-6.954522132873535
1787,-9.473394393920898
1788,-2.7747602462768555
1789,-7.021002769470215
1790,-9.47475528717041
1791,-2.737942695617676
1792,-7.093687057495117
1793,-9.477571487426758
1794,-2.840907096862793
1795,-6.914709091186523
1796,-8.310789108276367
1797,-2.826685905456543
1798,-6.954771995544434
1799,-8.309572219848633
1800,-2.8095083236694336
1801,-7.004281997680664
1802,-8.310206413269043
1803,-2.324941635131836
1804,-7.442309856414795
1805,-10.681085586547852
1806,-2.4097795486450195
1807,-7.336270809173584
1808,-5.4415717124938965
1809,-2.4037866592407227
1810,-6.228852272033691
1811,-9.282596588134766
1812,-2.442098617553711
1813,-6.137939453125
1814,-7.751734733581543
1815,-0.30768775939941406
1816,-6.2512617111206055
1817,-11.86611557006836
1818,-1.2091522216796875
1819,-5.322019577026367
1820,-1.7790178060531616
1821,2.01090145111084
1822,-4.761191368103027
1823,-13.361593246459961
1824,0.9260320663452148
1825,-3.159799575805664
1826,-0.09295654296875
1827,4.239638328552246
1828,-3.5705785751342773
1829,-14.862550735473633
1830,2.210751533508301
1831,-0.6115932464599609
1832,-2.0462656021118164
1833,4.803647041320801
1834,-3.5052595138549805
1835,-16.247522354125977
1836,2.5402450561523438
1837,-0.1276111602783203
1838,-2.146906852722168
1839,4.837185859680176
1840,-3.316037178039551
1841,-16.35637664794922
1842,2.4637765884399414
1843,0.03889179229736328
1844,-3.071031332015991
1845,4.6325883865356445
1846,-3.253660202026367
1847,-14.960254669189453
1848,2.3875198364257812
1849,-0.19026851654052734
1850,-2.522827386856079
1851,1.4713335037231445
1852,0.5196046829223633
1853,-6.977906703948975
1854,0.5464162826538086
1855,0.5969562530517578
1856,0.1281142234802246
1857,-0.0927591323852539
1858,5.474831581115723
1859,-9.681535720825195
1860,-0.7827901840209961
1861,5.062689781188965
1862,-0.18628215789794922
1863,0.5459737777709961
1864,11.28913402557373
1865,-9.072537422180176
1866,0.08129215240478516
1867,9.936182975769043
1868,4.202352523803711
1869,0.9892845153808594
1870,12.313889503479004
1871,-9.193377494812012
1872,0.46173572540283203
1873,10.66723346710205
1874,4.512724876403809
1875,-0.8450250625610352
1876,13.162215232849121
1877,-12.521442413330078
1878,-1.2536773681640625
1879,11.527131080627441
1880,3.1544620990753174
1881,-2.8383331298828125
1882,-5.844005584716797
1883,-8.918166160583496
1884,-2.873448371887207
1885,-6.423074722290039
1886,-9.547253608703613
1887,-2.836641311645508
1888,-6.489748954772949
1889,-9.548999786376953
1890,-2.798609733581543
1891,-6.564146995544434
1892,-9.552397727966309
1893,-2.9002904891967773
1894,-6.382192611694336
1895,-8.377363204956055
1896,-2.8829755783081055
1897,-6.422072410583496
1898,-8.37690544128418
1899,-2.8632383346557617
1900,-6.4725189208984375
1901,-8.37805461883545
1902,-2.3648605346679688
1903,-6.949892044067383
1904,-10.942986488342285
1905,-2.4518966674804688
1906,-6.852044105529785
1907,-5.6638689041137695
1908,-2.4657325744628906
1909,-5.700948715209961
1910,-9.363354682922363
1911,-2.5000381469726562
1912,-5.618598937988281
1913,-7.821132659912109
1914,-0.2925453186035156
1915,-5.805483818054199
1916,-12.094813346862793
1917,-1.2686948776245117
1918,-4.951393127441406
1919,-1.9793510437011719
1920,2.088388442993164
1921,-4.839093208312988
1922,-13.905660629272461
1923,0.8069324493408203
1924,-3.057530403137207
1925,0.3615396022796631
1926,4.268649101257324
1927,-4.186183929443359
1928,-15.719348907470703
1929,1.7590465545654297
1930,-0.8604230880737305
1931,0.5255825519561768
1932,4.879105567932129
1933,-4.28444766998291
1934,-17.12686538696289
1935,1.9848241806030273
1936,-0.4838857650756836
1937,0.7334673404693604
1938,4.9617719650268555
1939,-4.147397994995117
1940,-17.305805206298828
1941,1.9084510803222656
1942,-0.3330831527709961
1943,-0.1738424301147461
1944,4.751717567443848
1945,-4.018654823303223
1946,-15.866621971130371
1947,1.863886833190918
1948,-0.5166816711425781
1949,0.11814355850219727
1950,1.5277013778686523
1951,0.7202625274658203
1952,-6.985708713531494
1953,0.6106967926025391
1954,0.7464780807495117
1955,0.13788414001464844
1956,-0.13824939727783203
1957,5.5582170486450195
1958,-9.27841567993164
1959,-0.8084125518798828
1960,5.064141273498535
1961,-0.237776517868042
1962,0.5428218841552734
1963,11.330029487609863
1964,-8.531889915466309
1965,0.06349754333496094
1966,9.893961906433105
1967,4.156828880310059
1968,0.9835796356201172
1969,12.331854820251465
1970,-8.640092849731445
1971,0.4683990478515625
1972,10.61971378326416
1973,4.471327781677246
1974,-0.840733528137207
1975,13.170683860778809
1976,-11.760529518127441
1977,-1.2459688186645508
1978,11.450610160827637
1979,3.0839545726776123
1980,-2.928666114807129
1981,-5.304405212402344
1982,-8.678590774536133
1983,-2.954348564147949
1984,-5.885805130004883
1985,-9.340802192687988
1986,-2.9174985885620117
1987,-5.951958656311035
1988,-9.34277629852295
1989,-2.879652976989746
1990,-6.0241804122924805
1991,-9.346744537353516
1992,-2.9786128997802734
1993,-5.851183891296387
1994,-8.182446479797363
1995,-2.958589553833008
1996,-5.895815849304199
1997,-8.182247161865234
1998,-2.936457633972168
1999,-5.949607849121094
2000,-8.183324813842773
2001,-2.4416093826293945
2002,-6.435380935668945
2003,-10.889311790466309
2004,-2.52799129486084
2005,-6.3604583740234375
2006,-5.659272193908691
2007,-2.534672737121582
2008,-5.166044235229492
2009,-9.17910385131836
2010,-2.566926956176758
2011,-5.1054182052612305
2012,-7.652880668640137
2013,-0.3664264678955078
2014,-5.347222328186035
2015,-12.141772270202637
2016,-1.2971315383911133
2017,-4.688401222229004
2018,-2.132291316986084
2019,2.0785160064697266
2020,-4.953439712524414
2021,-14.225759506225586
2022,0.7328720092773438
2023,-3.117497444152832
2024,1.4204609394073486
2025,4.248200416564941
2026,-4.894868850708008
2027,-16.2731990814209
2028,1.7568740844726562
2029,-2.26662540435791
2030,3.8098056316375732
2031,4.845511436462402
2032,-5.026928901672363
2033,-17.691923141479492
2034,2.0480308532714844
2035,-2.177450180053711
2036,4.3330888748168945
2037,4.941618919372559
2038,-4.960084915161133
2039,-17.85086441040039
2040,1.966573715209961
2041,-2.104825973510742
2042,3.6194345951080322
2043,4.762148857116699
2044,-4.835267066955566
2045,-16.422801971435547
2046,1.8817710876464844
2047,-2.141143798828125
2048,3.551581621170044
2049,1.5605497360229492
2050,1.0231637954711914
2051,-7.0509233474731445
2052,0.7309284210205078
2053,0.9325113296508789
2054,0.20745468139648438
2055,-0.29331207275390625
2056,5.566317558288574
2057,-9.04941177368164
2058,-0.8319330215454102
2059,5.064999580383301
2060,0.641129732131958
2061,0.5414371490478516
2062,11.331564903259277
2063,-6.934662818908691
2064,0.07416152954101562
2065,9.800477027893066
2066,5.7537841796875
2067,0.9792051315307617
2068,12.330887794494629
2069,-6.783764839172363
2070,0.4711799621582031
2071,10.484957695007324
2072,6.16605281829834
2073,-0.8259086608886719
2074,13.178729057312012
2075,-9.00023365020752
2076,-1.220149040222168
2077,11.285510063171387
2078,5.285879135131836
2079,-2.9927120208740234
2080,-4.72678279876709
2081,-8.396523475646973
2082,-3.0141353607177734
2083,-5.330894470214844
2084,-9.052799224853516
2085,-2.979421615600586
2086,-5.395303726196289
2087,-9.054521560668945
2088,-2.9447736740112305
2089,-5.463857650756836
2090,-9.058314323425293
2091,-3.035146713256836
2092,-5.307341575622559
2093,-7.928406715393066
2094,-3.0140743255615234
2095,-5.358643531799316
2096,-7.928362846374512
2097,-2.99191951751709
2098,-5.4176225662231445
2099,-7.929322242736816
2100,-2.513747215270996
2101,-5.889803886413574
2102,-10.578330993652344
2103,-2.585944175720215
2104,-5.852504730224609
2105,-5.514233589172363
2106,-2.590057373046875
2107,-4.599214553833008
2108,-8.892921447753906
2109,-2.61483097076416
2110,-4.553772926330566
2111,-7.414335250854492
2112,-0.4007835388183594
2113,-4.862170219421387
2114,-11.832476615905762
2115,-1.3110332489013672
2116,-4.278439521789551
2117,-2.153487205505371
2118,2.0202131271362305
2119,-4.93922233581543
2120,-13.833022117614746
2121,0.7004318237304688
2122,-3.3104019165039062
2123,2.0106422901153564
2124,4.071257591247559
2125,-5.440157890319824
2126,-15.935887336730957
2127,1.8631410598754883
2128,-3.1214599609375
2129,4.664919853210449
2130,4.657977104187012
2131,-5.61353874206543
2132,-17.320228576660156
2133,2.2013120651245117
2134,-3.101742744445801
2135,5.200401306152344
2136,4.749541282653809
2137,-5.593389511108398
2138,-17.485736846923828
2139,2.1247949600219727
2140,-3.0663604736328125
2141,4.578923225402832
2142,4.562167167663574
2143,-5.480703353881836
2144,-16.09026336669922
2145,1.8111238479614258
2146,-2.9335412979125977
2147,4.461251258850098
2148,1.6079521179199219
2149,1.3553190231323242
2150,-7.062432289123535
2151,0.8162317276000977
2152,1.1668481826782227
2153,0.21994781494140625
2154,-0.39507198333740234
2155,5.599339485168457
2156,-8.925338745117188
2157,-0.8740825653076172
2158,5.107241630554199
2159,0.5966455936431885
2160,0.5422096252441406
2161,11.400120735168457
2162,-6.450615406036377
2163,0.08040523529052734
2164,9.824633598327637
2165,5.111576080322266
2166,0.9822139739990234
2167,12.34949779510498
2168,-6.258581161499023
2169,0.48238658905029297
2170,10.432839393615723
2171,5.463479042053223
2172,-0.8075475692749023
2173,13.231528282165527
2174,-8.183581352233887
2175,-1.2168617248535156
2176,11.35798168182373
2177,4.63371467590332
2178,-3.064244270324707
2179,-4.130833625793457
2180,-8.166671752929688
2181,-3.0841064453125
2182,-4.724057197570801
2183,-8.815598487854004
2184,-3.0489187240600586
2185,-4.789477348327637
2186,-8.81694221496582
2187,-3.015366554260254
2188,-4.859053611755371
2189,-8.820226669311523
2190,-3.105195999145508
2191,-4.704804420471191
2192,-7.711796760559082
2193,-3.083144187927246
2194,-4.759159088134766
2195,-7.711787223815918
2196,-3.061516761779785
2197,-4.820188522338867
2198,-7.712364196777344
2199,-2.5837955474853516
2200,-5.298854827880859
2201,-10.269075393676758
2202,-2.6485042572021484
2203,-5.25688362121582
2204,-5.298099517822266
2205,-2.6466856002807617
2206,-4.013842582702637
2207,-8.63461685180664
2208,-2.666914939880371
2209,-3.9745941162109375
2210,-7.182826995849609
2211,-0.4199542999267578
2212,-4.361459732055664
2213,-11.769227027893066
2214,-1.3368406295776367
2215,-3.8028793334960938
2216,-1.9046434164047241
2217,1.9432687759399414
2218,-4.886818885803223
2219,-13.54051399230957
2220,0.6137790679931641
2221,-3.3142919540405273
2222,2.871731996536255
2223,3.9058961868286133
2224,-5.731050491333008
2225,-15.59610652923584
2226,1.643484115600586
2227,-3.0668087005615234
2228,6.08707332611084
2229,4.494317054748535
2230,-5.980037689208984
2231,-16.90044403076172
2232,1.8801326751708984
2233,-3.288205146789551
2234,6.725650787353516
2235,4.555233955383301
2236,-6.018843650817871
2237,-17.108793258666992
2238,1.819737434387207
2239,-3.24637508392334
2240,6.214594841003418
2241,4.373150825500488
2242,-5.851755142211914
2243,-15.761669158935547
2244,1.6131315231323242
2245,-3.0691566467285156
2246,5.946296691894531
2247,1.6892118453979492
2248,1.6689424514770508
2249,-7.072922706604004
2250,0.8708009719848633
2251,1.4060640335083008
2252,0.23106884956359863
2253,-0.46424198150634766
2254,5.679190635681152
2255,-9.083806037902832
2256,-0.9031133651733398
2257,5.232813835144043
2258,0.9371678829193115
2259,0.5403642654418945
2260,11.507481575012207
2261,-6.5286865234375
2262,0.037982940673828125
2263,9.846142768859863
2264,5.6038408279418945
2265,0.982208251953125
2266,12.488348960876465
2267,-6.591580390930176
2268,0.44382286071777344
2269,10.488686561584473
2270,5.977021217346191
2271,-0.8026809692382812
2272,13.353251457214355
2273,-9.06615161895752
2274,-1.2169303894042969
2275,11.41825008392334
2276,5.308453559875488
2277,-3.0414552688598633
2278,-3.3939437866210938
2279,-8.097217559814453
2280,-3.059896469116211
2281,-3.992734909057617
2282,-8.707500457763672
2283,-3.0218076705932617
2284,-4.069855690002441
2285,-8.708867073059082
2286,-2.9851083755493164
2287,-4.151383399963379
2288,-8.71209716796875
2289,-3.0870437622070312
2290,-3.9606170654296875
2291,-7.628017425537109
2292,-3.065624237060547
2293,-4.0198974609375
2294,-7.627889633178711
2295,-3.0437679290771484
2296,-4.0885162353515625
2297,-7.627983093261719
2298,-2.568852424621582
2299,-4.62955379486084
2300,-10.01355266571045
2301,-2.6441335678100586
2302,-4.578329086303711
2303,-5.114097595214844
2304,-2.6417484283447266
2305,-3.3228445053100586
2306,-8.502209663391113
2307,-2.672605514526367
2308,-3.286881446838379
2309,-7.07997989654541
2310,-0.4226388931274414
2311,-3.813589096069336
2312,-11.008715629577637
2313,-1.383626937866211
2314,-3.1987953186035156
2315,-1.712226390838623
2316,1.855973243713379
2317,-4.879507064819336
2318,-13.478479385375977
2319,0.5776557922363281
2320,-3.248414993286133
2321,3.311933755874634
2322,3.768599510192871
2323,-5.921570777893066
2324,-15.51386547088623
2325,1.518991470336914
2326,-3.133601188659668
2327,6.2292633056640625
2328,4.305966377258301
2329,-6.1345415115356445
2330,-16.80743408203125
2331,1.7471790313720703
2332,-3.193873405456543
2333,6.790290832519531
2334,4.343125343322754
2335,-6.170952796936035
2336,-17.043752670288086
2337,1.7307376861572266
2338,-3.182978630065918
2339,6.266676902770996
2340,4.165801048278809
2341,-6.03223991394043
2342,-15.700879096984863
2343,1.5883378982543945
2344,-3.0595808029174805
2345,6.076532363891602
2346,1.7780342102050781
2347,2.0131750106811523
2348,-7.071490287780762
2349,0.9228506088256836
2350,1.751521110534668
2351,0.22867918014526367
2352,-0.4951305389404297
2353,5.796422004699707
2354,-9.141371726989746
2355,-0.9190273284912109
2356,5.299756050109863
2357,0.6771538257598877
2358,0.5330009460449219
2359,11.665329933166504
2360,-6.612307548522949
2361,0.020218849182128906
2362,9.858845710754395
2363,5.246523857116699
2364,0.9825029373168945
2365,12.566826820373535
2366,-6.811219215393066
2367,0.4332923889160156
2368,10.544589042663574
2369,5.484698295593262
2370,-0.8021755218505859
2371,13.442448616027832
2372,-9.35410213470459
2373,-1.2206287384033203
2374,11.454291343688965
2375,4.24329948425293
2376,-3.036233901977539
2377,-2.8128252029418945
2378,-8.852823257446289
2379,-3.058413505554199
2380,-3.4211435317993164
2381,-9.366839408874512
2382,-3.0211076736450195
2383,-3.5014419555664062
2384,-9.36833667755127
2385,-2.9842777252197266
2386,-3.587212562561035
2387,-9.371834754943848
2388,-3.0850648880004883
2389,-3.3866701126098633
2390,-8.36510944366455
2391,-3.064814567565918
2392,-3.4449377059936523
2393,-8.365099906921387
2394,-3.043543815612793
2395,-3.5129480361938477
2396,-8.364267349243164
2397,-2.563396453857422
2398,-4.084397315979004
2399,-10.178680419921875
2400,-2.65073299407959
2401,-4.014492988586426
2402,-5.628205299377441
2403,-2.669135093688965
2404,-2.7444982528686523
2405,-9.084386825561523
2406,-2.702117919921875
2407,-2.6989622116088867
2408,-7.763484001159668
2409,-0.43528079986572266
2410,-3.3568115234375
2411,-10.84420394897461
2412,-1.481461524963379
2413,-2.654909133911133
2414,-1.936076045036316
2415,1.7974367141723633
2416,-4.654322624206543
2417,-13.449914932250977
2418,-0.15134811401367188
2419,-2.9913129806518555
2420,4.359460830688477
2421,3.5999956130981445
2422,-5.790304183959961
2423,-16.010080337524414
2424,0.19265365600585938
2425,-3.358159065246582
2426,9.196990966796875
2427,4.100089073181152
2428,-6.03215217590332
2429,-17.074277877807617
2430,0.2675819396972656
2431,-3.562093734741211
2432,10.158574104309082
2433,4.140622138977051
2434,-6.050002098083496
2435,-17.415557861328125
2436,0.2569103240966797
2437,-3.4786081314086914
2438,9.75255298614502
2439,3.9785451889038086
2440,-5.90141487121582
2441,-16.24795913696289
2442,0.22756004333496094
2443,-3.371293067932129
2444,9.147041320800781
2445,1.8278350830078125
2446,2.363936424255371
2447,-7.009441375732422
2448,0.9434404373168945
2449,2.1586694717407227
2450,0.16716814041137695
2451,-0.522831916809082
2452,5.850991249084473
2453,-9.683351516723633
2454,-0.9569263458251953
2455,5.376046180725098
2456,-1.5272629261016846
2457,0.5333585739135742
2458,11.653777122497559
2459,-6.815081596374512
2460,0.011902809143066406
2461,9.873393058776855
2462,1.8628780841827393
2463,0.983393669128418
2464,12.54114055633545
2465,-6.935538291931152
2466,0.42243480682373047
2467,10.524394035339355
2468,2.072777032852173
2469,-0.7919330596923828
2470,13.441853523254395
2471,-9.2777738571167
2472,-1.2202844619750977
2473,11.487164497375488
2474,0.8276145458221436
2475,-3.013167381286621
2476,-2.4031982421875
2477,-8.881101608276367
2478,-3.0403947830200195
2479,-2.9694652557373047
2480,-9.387084007263184
2481,-3.002727508544922
2482,-3.0388031005859375
2483,-9.388812065124512
2484,-2.9638662338256836
2485,-3.118497848510742
2486,-9.392216682434082
2487,-3.0686588287353516
2488,-2.952329635620117
2489,-8.377473831176758
2490,-3.051656723022461
2491,-3.003911018371582
2492,-8.377822875976562
2493,-3.0335817337036133
2494,-3.0658035278320312
2495,-8.377098083496094
2496,-2.5452194213867188
2497,-3.61025333404541
2498,-10.15391731262207
2499,-2.6439809799194336
2500,-3.54421329498291
2501,-5.59773063659668
2502,-2.663426399230957
2503,-2.3277435302734375
2504,-9.114822387695312
2505,-2.6978511810302734
2506,-2.2855300903320312
2507,-7.785787582397461
2508,-0.42264652252197266
2509,-2.9036264419555664
2510,-10.802172660827637
2511,-1.4883174896240234
2512,-2.2344465255737305
2513,-1.7883599996566772
2514,1.7865934371948242
2515,-4.144423484802246
2516,-13.571337699890137
2517,-0.8620080947875977
2518,-2.6792211532592773
2519,5.2325592041015625
2520,3.4823617935180664
2521,-5.478628158569336
2522,-16.317020416259766
2523,-1.067300796508789
2524,-3.3700637817382812
2525,10.732041358947754
2526,3.9609689712524414
2527,-5.719968795776367
2528,-17.31222152709961
2529,-1.1300239562988281
2530,-3.621706962585449
2531,11.87805461883545
2532,3.9959726333618164
2533,-5.743783950805664
2534,-17.733922958374023
2535,-1.1215181350708008
2536,-3.562981605529785
2537,11.509692192077637
2538,3.848006248474121
2539,-5.5983476638793945
2540,-16.591672897338867
2541,-1.0986566543579102
2542,-3.446756362915039
2543,10.716903686523438
2544,1.8803730010986328
2545,2.619624137878418
2546,-7.006490230560303
2547,1.0292110443115234
2548,2.42728328704834
2549,0.1644885540008545
2550,-0.5584526062011719
2551,5.910674095153809
2552,-10.164839744567871
2553,-0.9587945938110352
2554,5.428811073303223
2555,-1.4848270416259766
2556,0.5305900573730469
2557,11.6450834274292
2558,-7.373112201690674
2559,0.01693248748779297
2560,9.875052452087402
2561,1.6671454906463623
2562,0.9865999221801758
2563,12.534565925598145
2564,-7.225114822387695
2565,0.4279060363769531
2566,10.529120445251465
2567,1.8613226413726807
2568,-0.7910690307617188
2569,13.416298866271973
2570,-9.485520362854004
2571,-1.2198028564453125
2572,11.511801719665527
2573,0.6663014888763428
2574,-2.9592390060424805
2575,-1.6833677291870117
2576,-8.178372383117676
2577,-2.9867029190063477
2578,-2.2634057998657227
2579,-8.742646217346191
2580,-2.9505271911621094
2581,-2.3319311141967773
2582,-8.743388175964355
2583,-2.90988826751709
2584,-2.420058250427246
2585,-8.747091293334961
2586,-3.013491630554199
2587,-2.2384033203125
2588,-7.818258285522461
2589,-2.9970827102661133
2590,-2.286036491394043
2591,-7.817793846130371
2592,-2.9774904251098633
2593,-2.350783348083496
2594,-7.816160202026367
2595,-2.481522560119629
2596,-2.8395767211914062
2597,-9.707950592041016
2598,-2.5842714309692383
2599,-2.7865800857543945
2600,-5.586687088012695
2601,-2.622659683227539
2602,-1.5634689331054688
2603,-8.499011039733887
2604,-2.6527557373046875
2605,-1.5254840850830078
2606,-7.291259765625
2607,-0.4781522750854492
2608,-1.987788200378418
2609,-10.365506172180176
2610,-1.4233322143554688
2611,-1.550461769104004
2612,-1.6088764667510986
2613,1.7508563995361328
2614,-3.1861801147460938
2615,-11.99240493774414
2616,-0.24175167083740234
2617,-2.1905813217163086
2618,3.741032361984253
2619,3.3745813369750977
2620,-4.782571792602539
2621,-13.664937019348145
2622,0.2584657669067383
2623,-3.234248161315918
2624,5.890242576599121
2625,3.8604040145874023
2626,-4.860750198364258
2627,-14.637033462524414
2628,0.4599761962890625
2629,-3.5636825561523438
2630,6.433102607727051
2631,3.8929452896118164
2632,-4.826601982116699
2633,-14.949176788330078
2634,0.40777015686035156
2635,-3.509073257446289
2636,5.89006233215332
2637,3.7582578659057617
2638,-4.73310661315918
2639,-13.864113807678223
2640,0.3596820831298828
2641,-3.3634090423583984
2642,5.704639434814453
2643,1.922642707824707
2644,3.0837221145629883
2645,-7.013458728790283
2646,1.182638168334961
2647,2.8857316970825195
2648,0.1713712215423584
2649,-0.6678981781005859
2650,5.9924726486206055
2651,-9.794364929199219
2652,-1.0035123825073242
2653,5.521782875061035
2654,-0.247236967086792
2655,0.5071144104003906
2656,11.649397850036621
2657,-6.691650390625
2658,-0.0063953399658203125
2659,9.877549171447754
2660,2.2051169872283936
2661,0.9868764877319336
2662,12.505415916442871
2663,-6.481311321258545
2664,0.4352712631225586
2665,10.431050300598145
2666,2.507216691970825
2667,-0.7860202789306641
2668,13.417542457580566
2669,-7.984261512756348
2670,-1.225417137145996
2671,11.478259086608887
2672,2.39460825920105
2673,-2.9157562255859375
2674,-1.4485445022583008
2675,-7.830267906188965
2676,-2.957538604736328
2677,-2.065380096435547
2678,-8.466105461120605
2679,-2.923299789428711
2680,-2.126171112060547
2681,-8.46626091003418
2682,-2.88637638092041
2683,-2.1975460052490234
2684,-8.470684051513672
2685,-2.9838743209838867
2686,-2.0603151321411133
2687,-7.522732734680176
2688,-2.9689741134643555
2689,-2.1161108016967773
2690,-7.522152900695801
2691,-2.952082633972168
2692,-2.184514045715332
2693,-7.52001953125
2694,-2.459927558898926
2695,-2.6398181915283203
2696,-9.703907012939453
2697,-2.560910224914551
2698,-2.6578874588012695
2699,-5.360024452209473
2700,-2.594696044921875
2701,-1.3198013305664062
2702,-8.27943229675293
2703,-2.6196861267089844
2704,-1.2804546356201172
2705,-7.056237697601318
2706,-0.4848356246948242
2707,-1.7265958786010742
2708,-10.472384452819824
2709,-1.3935117721557617
2710,-1.4242849349975586
2711,-1.8480805158615112
2712,1.7265033721923828
2713,-2.8093318939208984
2714,-12.176462173461914
2715,0.4635343551635742
2716,-2.150784492492676
2717,0.8271081447601318
2718,3.3375768661499023
2719,-4.478507041931152
2720,-13.679959297180176
2721,1.7636394500732422
2722,-3.0974082946777344
2723,0.6554844379425049
2724,3.823502540588379
2725,-4.594306945800781
2726,-14.849326133728027
2727,2.1382837295532227
2728,-3.3738603591918945
2729,0.7154653072357178
2730,3.8496484756469727
2731,-4.596467018127441
2732,-15.001550674438477
2733,2.087826728820801
2734,-3.3574085235595703
2735,0.23247551918029785
2736,3.7298402786254883
2737,-4.486738204956055
2738,-13.8201265335083
2739,1.9646692276000977
2740,-3.2346715927124023
2741,0.42200183868408203
2742,1.965102195739746
2743,3.2510805130004883
2744,-7.011926174163818
2745,1.2165412902832031
2746,2.9998693466186523
2747,0.1698598861694336
2748,-0.7207832336425781
2749,6.026797294616699
2750,-9.523568153381348
2751,-1.0071182250976562
2752,5.656655311584473
2753,-0.2237250804901123
2754,0.5084381103515625
2755,11.6516752243042
2756,-6.710935592651367
2757,-0.003002166748046875
2758,9.890023231506348
2759,2.5545060634613037
2760,0.9929189682006836
2761,12.495213508605957
2762,-6.542173862457275
2763,0.5970726013183594
2764,10.43944263458252
2765,2.819284200668335
2766,-0.7661542892456055
2767,13.473492622375488
2768,-8.258110046386719
2769,-1.1458559036254883
2770,11.706889152526855
2771,2.9357330799102783
2772,-2.903672218322754
2773,-1.266371726989746
2774,-7.645299911499023
2775,-2.951120376586914
2776,-1.8953237533569336
2777,-8.289002418518066
2778,-2.918436050415039
2779,-1.9571571350097656
2780,-8.289063453674316
2781,-2.8833084106445312
2782,-2.029634475708008
2783,-8.293686866760254
2784,-2.976456642150879
2785,-1.8891754150390625
2786,-7.323065280914307
2787,-2.962118148803711
2788,-1.9474773406982422
2789,-7.322304725646973
2790,-2.9457483291625977
2791,-2.018458366394043
2792,-7.32017707824707
2793,-2.445158004760742
2794,-2.466032028198242
2795,-9.619922637939453
2796,-2.539353370666504
2797,-2.497770309448242
2798,-5.35221004486084
2799,-2.5892419815063477
2800,-1.1237592697143555
2801,-8.11630630493164
2802,-2.611238479614258
2803,-1.077406883239746
2804,-6.868790626525879
2805,-0.4845724105834961
2806,-1.4842462539672852
2807,-10.487981796264648
2808,-1.3644208908081055
2809,-1.22235107421875
2810,-1.880561113357544
2811,1.7162914276123047
2812,-2.2975778579711914
2813,-11.851516723632812
2814,0.7600631713867188
2815,-1.6664466857910156
2816,-0.7522547245025635
2817,3.380673408508301
2818,-4.079306602478027
2819,-12.659562110900879
2820,2.4779481887817383
2821,-2.831906318664551
2822,-2.8216419219970703
2823,3.8435564041137695
2824,-4.453831672668457
2825,-13.817117691040039
2826,3.0076704025268555
2827,-2.9729366302490234
2828,-3.0679941177368164
2829,3.888644218444824
2830,-4.492865562438965
2831,-13.940839767456055
2832,2.9543638229370117
2833,-3.0064268112182617
2834,-3.524656295776367
2835,3.771834373474121
2836,-4.41136360168457
2837,-12.774866104125977
2838,2.791952133178711
2839,-2.918468475341797
2840,-3.107750415802002
2841,1.9651575088500977
2842,3.4196252822875977
2843,-7.006175518035889
2844,1.2300729751586914
2845,3.1823740005493164
2846,0.16334843635559082
2847,-0.7877607345581055
2848,6.030817985534668
2849,-9.115517616271973
2850,-1.0306005477905273
2851,5.750027656555176
2852,0.1349942684173584
2853,0.5093240737915039
2854,11.648261070251465
2855,-6.4803266525268555
2856,-0.0008440017700195312
2857,9.906081199645996
2858,3.0825212001800537
2859,0.9982786178588867
2860,12.482590675354004
2861,-6.312515735626221
2862,0.6787147521972656
2863,10.439475059509277
2864,3.3259479999542236
2865,-0.752223014831543
2866,13.495177268981934
2867,-7.979946136474609
2868,-1.125070571899414
2869,11.76489543914795
2870,3.419403314590454
2871,-2.875880241394043
2872,-1.203902244567871
2873,-8.074569702148438
2874,-2.9179439544677734
2875,-1.838841438293457
2876,-8.711091995239258
2877,-2.883790969848633
2878,-1.8914117813110352
2879,-8.710983276367188
2880,-2.847090721130371
2881,-1.9558486938476562
2882,-8.714290618896484
2883,-2.943976402282715
2884,-1.848134994506836
2885,-7.692142486572266
2886,-2.9288530349731445
2887,-1.9044790267944336
2888,-7.691343307495117
2889,-2.911396026611328
2890,-1.9771699905395508
2891,-7.690650939941406
2892,-2.408327102661133
2893,-2.316329002380371
2894,-10.195719718933105
2895,-2.5023202896118164
2896,-2.371739387512207
2897,-5.626015663146973
2898,-2.5611047744750977
2899,-0.9819908142089844
2900,-8.578800201416016
2901,-2.5848140716552734
2902,-0.9461956024169922
2903,-7.256491661071777
2904,-0.4804344177246094
2905,-1.0430107116699219
2906,-11.377385139465332
2907,-1.3456144332885742
2908,-0.9578351974487305
2909,-2.553447723388672
2910,1.7166624069213867
2911,-1.0551910400390625
2912,-11.920332908630371
2913,0.7922239303588867
2914,-0.7457008361816406
2915,-0.47484612464904785
2916,3.5919981002807617
2917,-1.7602462768554688
2918,-12.896939277648926
2919,2.5629777908325195
2920,-1.004098892211914
2921,-0.8224046230316162
2922,4.072491645812988
2923,-1.818385124206543
2924,-13.998489379882812
2925,3.0247201919555664
2926,-1.0475654602050781
2927,-0.7117254734039307
2928,4.117165565490723
2929,-1.6876230239868164
2930,-14.129467964172363
2931,3.001370429992676
2932,-1.0564584732055664
2933,-1.331416130065918
2934,3.956742286682129
2935,-1.6414213180541992
2936,-12.992573738098145
2937,2.854832649230957
2938,-1.043248176574707
2939,-1.1061644554138184
2940,1.9609708786010742
2941,3.782711982727051
2942,-6.942092418670654
2943,1.1927757263183594
2944,3.3629236221313477
2945,0.09815120697021484
2946,-0.8594274520874023
2947,6.101235389709473
2948,-8.510581016540527
2949,-1.1220970153808594
2950,5.790860176086426
2951,1.084362268447876
2952,0.5098228454589844
2953,11.666167259216309
2954,-5.8475189208984375
2955,-0.005545616149902344
2956,9.909998893737793
2957,4.462355613708496
2958,1.0029621124267578
2959,12.477320671081543
2960,-5.647119998931885
2961,0.6669721603393555
2962,10.430071830749512
2963,4.730242729187012
2964,-0.7285928726196289
2965,13.515389442443848
2966,-7.193675518035889
2967,-1.1252126693725586
2968,11.709790229797363
2969,4.656510353088379
2970,-2.8705320358276367
2971,-1.3480539321899414
2972,-7.988249778747559
2973,-2.897451400756836
2974,-1.9033451080322266
2975,-8.612373352050781
2976,-2.860870361328125
2977,-1.958902359008789
2978,-8.61267375946045
2979,-2.8221778869628906
2980,-2.020427703857422
2981,-8.615752220153809
2982,-2.925478935241699
2983,-1.9010858535766602
2984,-7.575186729431152
2985,-2.909425735473633
2986,-1.9506053924560547
2987,-7.574396133422852
2988,-2.8904075622558594
2989,-2.016916275024414
2990,-7.574028015136719
2991,-2.3823585510253906
2992,-2.3512659072875977
2993,-10.068451881408691
2994,-2.476944923400879
2995,-2.3879003524780273
2996,-5.46529483795166
2997,-2.554800033569336
2998,-1.0988092422485352
2999,-8.482076644897461
3000,-2.583587646484375
3001,-1.0628118515014648
3002,-7.143453598022461
3003,-0.4632720947265625
3004,-0.9830942153930664
3005,-11.424853324890137
3006,-1.332566261291504
3007,-0.8800649642944336
3008,-2.5851175785064697
3009,1.7622795104980469
3010,-0.8785076141357422
3011,-12.09481430053711
3012,0.9397459030151367
3013,-0.41933441162109375
3014,-0.3729884624481201
3015,3.696475028991699
3016,-1.2256650924682617
3017,-13.016871452331543
3018,2.6368494033813477
3019,-0.3484687805175781
3020,-0.3353698253631592
3021,4.17313289642334
3022,-1.2070121765136719
3023,-14.113909721374512
3024,3.050443649291992
3025,-0.3527708053588867
3026,-0.19765114784240723
3027,4.200610160827637
3028,-1.047154426574707
3029,-14.236153602600098
3030,3.0101442337036133
3031,-0.3298616409301758
3032,-0.8047785758972168
3033,4.028986930847168
3034,-0.978175163269043
3035,-13.106660842895508
3036,2.8826284408569336
3037,-0.35208702087402344
3038,-0.6090703010559082
3039,1.968048095703125
3040,3.788130760192871
3041,-6.885268211364746
3042,1.1997079849243164
3043,3.4527368545532227
3044,0.03958296775817871
3045,-0.8902015686035156
3046,6.1244096755981445
3047,-8.52878475189209
3048,-1.1545219421386719
3049,5.872017860412598
3050,0.8242299556732178
3051,0.5076351165771484
3052,11.663504600524902
3053,-6.169832229614258
3054,-0.008173942565917969
3055,9.962756156921387
3056,4.357484817504883
3057,1.0045032501220703
3058,12.444954872131348
3059,-5.993197441101074
3060,0.6391506195068359
3061,10.43303394317627
3062,4.602429389953613
3063,-0.7044734954833984
3064,13.559098243713379
3065,-7.499311447143555
3066,-1.128666877746582
3067,11.755305290222168
3068,4.0093488693237305
3069,-2.854804039001465
3070,-1.4948663711547852
3071,-8.226475715637207
3072,-2.8808984756469727
3073,-2.064807891845703
3074,-8.825589179992676
3075,-2.8455400466918945
3076,-2.1245594024658203
3077,-8.825729370117188
3078,-2.8080968856811523
3079,-2.185940742492676
3080,-8.828838348388672
3081,-2.908688545227051
3082,-2.0587730407714844
3083,-7.786378860473633
3084,-2.8933792114257812
3085,-2.111605644226074
3086,-7.785452842712402
3087,-2.8752689361572266
3088,-2.173563003540039
3089,-7.785140037536621
3090,-2.373297691345215
3091,-2.486964225769043
3092,-10.323851585388184
3093,-2.4667959213256836
3094,-2.515194892883301
3095,-5.675460338592529
3096,-2.5372705459594727
3097,-1.2388629913330078
3098,-8.745655059814453
3099,-2.566699981689453
3100,-1.2052698135375977
3101,-7.395068168640137
3102,-0.4530801773071289
3103,-0.9648828506469727
3104,-11.786542892456055
3105,-1.3270025253295898
3106,-0.9080581665039062
3107,-2.8315606117248535
3108,1.7888212203979492
3109,-0.5172691345214844
3110,-12.161055564880371
3111,1.238631248474121
3112,-0.11048221588134766
3113,-1.3691141605377197
3114,3.7290239334106445
3115,-0.17815303802490234
3116,-12.638284683227539
3117,2.7677316665649414
3118,0.24840831756591797
3119,-2.4859209060668945
3120,4.224783897399902
3121,-0.02753162384033203
3122,-13.665773391723633
3123,3.2048330307006836
3124,0.49951171875
3125,-2.5646743774414062
3126,4.226988792419434
3127,0.1400308609008789
3128,-13.786717414855957
3129,3.1475915908813477
3130,0.5343465805053711
3131,-3.177816152572632
3132,4.048539161682129
3133,0.16954421997070312
3134,-12.709881782531738
3135,3.0255136489868164
3136,0.48152828216552734
3137,-2.8052561283111572
3138,1.9447250366210938
3139,3.8868913650512695
3140,-6.850659370422363
3141,1.171895980834961
3142,3.523043632507324
3143,0.00394129753112793
3144,-0.9445276260375977
3145,6.190657615661621
3146,-8.471332550048828
3147,-1.2107429504394531
3148,5.928816795349121
3149,0.7594330310821533
3150,0.5065784454345703
3151,11.674300193786621
3152,-5.842785358428955
3153,-0.014361381530761719
3154,10.003029823303223
3155,4.215497016906738
3156,1.010024070739746
3157,12.429139137268066
3158,-5.62105655670166
3159,0.6193227767944336
3160,10.444876670837402
3161,4.460208892822266
3162,-0.7041482925415039
3163,13.583098411560059
3164,-6.950024604797363
3165,-1.1244544982910156
3166,11.878315925598145
3167,4.084074020385742
3168,-2.7298688888549805
3169,-2.000926971435547
3170,-9.488049507141113
3171,-2.693075180053711
3172,-2.557575225830078
3173,-10.058394432067871
3174,-2.6512680053710938
3175,-2.6000967025756836
3176,-10.05862045288086
3177,-2.6015119552612305
3178,-2.653034210205078
3179,-10.06216049194336
3180,-2.7194204330444336
3181,-2.5540971755981445
3182,-9.045798301696777
3183,-2.694167137145996
3184,-2.595076560974121
3185,-9.045944213867188
3186,-2.6666622161865234
3187,-2.6425838470458984
3188,-9.046906471252441
3189,-2.078433036804199
3190,-2.8767623901367188
3191,-11.463875770568848
3192,-2.203354835510254
3193,-2.8900203704833984
3194,-6.912158966064453
3195,-2.441122055053711
3196,-1.7042760848999023
3197,-9.962567329406738
3198,-2.477876663208008
3199,-1.6566524505615234
3200,-8.6397705078125
3201,-0.23501300811767578
3202,-1.0332002639770508
3203,-12.757577896118164
3204,-1.1882209777832031
3205,-0.8807811737060547
3206,-3.8464784622192383
3207,2.1046857833862305
3208,0.5948028564453125
3209,-12.936490058898926
3210,1.0996341705322266
3211,1.116349220275879
3212,-1.9914610385894775
3213,3.634884834289551
3214,2.7582273483276367
3215,-12.60384464263916
3216,2.541398048400879
3217,2.7060861587524414
3218,-2.484818696975708
3219,4.11312198638916
3220,3.270815849304199
3221,-13.527094841003418
3222,3.1571226119995117
3223,3.0612096786499023
3224,-2.3528029918670654
3225,4.099316596984863
3226,3.5665884017944336
3227,-13.565275192260742
3228,2.771233558654785
3229,3.2454023361206055
3230,-3.131971597671509
3231,3.954401969909668
3232,3.516900062561035
3233,-12.621994018554688
3234,2.902851104736328
3235,3.085700035095215
3236,-2.8468618392944336
3237,1.919877052307129
3238,3.9687891006469727
3239,-6.6041364669799805
3240,1.1272077560424805
3241,3.70035457611084
3242,-0.24244046211242676
3243,-1.0230350494384766
3244,6.211037635803223
3245,-8.30263614654541
3246,-1.305800437927246
3247,5.998530387878418
3248,0.7724545001983643
3249,0.510075569152832
3250,11.670706748962402
3251,-5.546208381652832
3252,-0.024749755859375
3253,10.018073081970215
3254,4.58229923248291
3255,1.0245361328125
3256,12.407889366149902
3257,-5.316314697265625
3258,0.6203193664550781
3259,10.40616512298584
3260,4.910281181335449
3261,-0.6896390914916992
3262,13.586543083190918
3263,-6.7237701416015625
3264,-1.1352910995483398
3265,11.87631893157959
3266,4.8079023361206055
3267,-2.649404525756836
3268,-1.9995403289794922
3269,-9.929718017578125
3270,-2.599050521850586
3271,-2.59000301361084
3272,-10.513944625854492
3273,-2.54752254486084
3274,-2.644092559814453
3275,-10.514015197753906
3276,-2.494776725769043
3277,-2.7007875442504883
3278,-10.51742935180664
3279,-2.631429672241211
3280,-2.573047637939453
3281,-9.488773345947266
3282,-2.6056699752807617
3283,-2.6057987213134766
3284,-9.488791465759277
3285,-2.5728635787963867
3286,-2.656876564025879
3287,-9.490021705627441
3288,-1.9826631546020508
3289,-2.9352684020996094
3290,-11.909419059753418
3291,-2.1057214736938477
3292,-2.9270992279052734
3293,-7.289473533630371
3294,-2.361675262451172
3295,-1.7101507186889648
3296,-10.389140129089355
3297,-2.398165702819824
3298,-1.6501636505126953
3299,-9.044027328491211
3300,-0.13646602630615234
3301,-1.0620765686035156
3302,-13.137604713439941
3303,-1.1192922592163086
3304,-0.8921890258789062
3305,-4.183352947235107
3306,2.0386533737182617
3307,0.9886255264282227
3308,-13.77044677734375
3309,1.1459321975708008
3310,1.1489229202270508
3311,-2.6210777759552
3312,3.613926887512207
3313,3.0775346755981445
3314,-12.815530776977539
3315,2.2192306518554688
3316,2.9809064865112305
3317,-3.6272850036621094
3318,4.058608055114746
3319,3.591567039489746
3320,-13.946137428283691
3321,2.6188764572143555
3322,3.362612724304199
3323,-3.609107732772827
3324,4.0136308670043945
3325,3.8693342208862305
3326,-14.095940589904785
3327,2.4058284759521484
3328,3.545741081237793
3329,-4.410750389099121
3330,3.866513252258301
3331,3.755852699279785
3332,-12.947352409362793
3333,2.425577163696289
3334,3.3727922439575195
3335,-4.013745307922363
3336,1.8902149200439453
3337,3.929837226867676
3338,-6.551506996154785
3339,1.096510887145996
3340,3.763882637023926
3341,-0.29581642150878906
3342,-1.0320625305175781
3343,6.256430625915527
3344,-8.389702796936035
3345,-1.3112573623657227
3346,6.029345512390137
3347,1.1661169528961182
3348,0.5096673965454102
3349,11.690329551696777
3350,-5.833762168884277
3351,-0.15040016174316406
3352,9.985154151916504
3353,5.806724548339844
3354,1.018477439880371
3355,12.431746482849121
3356,-5.622513771057129
3357,0.4535245895385742
3358,10.28981876373291
3359,6.215812683105469
3360,-0.688237190246582
3361,13.599122047424316
3362,-7.307964324951172
3363,-1.2509746551513672
3364,11.827471733093262
3365,6.107422828674316
3366,-2.472529411315918
3367,-2.270504951477051
3368,-9.359095573425293
3369,-2.4044570922851562
3370,-2.868971824645996
3371,-9.921783447265625
3372,-2.3548526763916016
3373,-2.9160308837890625
3374,-9.92231273651123
3375,-2.3041458129882812
3376,-2.9669008255004883
3377,-9.925871849060059
3378,-2.4418725967407227
3379,-2.8520755767822266
3380,-8.904994010925293
3381,-2.4131040573120117
3382,-2.889425277709961
3383,-8.904828071594238
3384,-2.3828325271606445
3385,-2.9365148544311523
3386,-8.905980110168457
3387,-1.7486400604248047
3388,-3.1899375915527344
3389,-11.2996187210083
3390,-1.8810806274414062
3391,-3.1730594635009766
3392,-6.716572284698486
3393,-2.1811656951904297
3394,-1.9677371978759766
3395,-9.824366569519043
3396,-2.228931427001953
3397,-1.899810791015625
3398,-8.490141868591309
3399,0.06842708587646484
3400,-1.2260990142822266
3401,-12.69581127166748
3402,-0.973484992980957
3403,-0.8489809036254883
3404,-3.805264949798584
3405,1.9999094009399414
3406,1.7648916244506836
3407,-13.501657485961914
3408,1.1409988403320312
3409,1.8827447891235352
3410,-2.5204687118530273
3411,3.3533449172973633
3412,4.139260292053223
3413,-12.538029670715332
3414,1.8487415313720703
3415,3.698195457458496
3416,-3.747420310974121
3417,3.7394628524780273
3418,4.733340263366699
3419,-13.517836570739746
3420,2.279430389404297
3421,4.046019554138184
3422,-3.7996838092803955
3423,3.567009925842285
3424,4.9181318283081055
3425,-13.540350914001465
3426,1.9962272644042969
3427,4.151772499084473
3428,-4.542296409606934
3429,3.4000024795532227
3430,4.790900230407715
3431,-12.572230339050293
3432,2.0452070236206055
3433,3.9941530227661133
3434,-4.131156921386719
3435,1.8787155151367188
3436,4.124117851257324
3437,-6.467613220214844
3438,1.0943632125854492
3439,4.00118350982666
3440,-0.3790609836578369
3441,-1.0531558990478516
3442,6.2644453048706055
3443,-8.416915893554688
3444,-1.350351333618164
3445,6.088624000549316
3446,1.1291778087615967
3447,0.5035743713378906
3448,11.672297477722168
3449,-5.71259880065918
3450,-0.1465473175048828
3451,9.954751014709473
3452,5.712050437927246
3453,1.014810562133789
3454,12.429272651672363
3455,-5.485686302185059
3456,0.4125404357910156
3457,10.26353931427002
3458,6.112565040588379
3459,-0.6783914566040039
3460,13.595995903015137
3461,-7.114845275878906
3462,-1.2573232650756836
3463,11.811089515686035
3464,5.8897600173950195
3465,-2.0201025009155273
3466,-2.388003349304199
3467,-8.96631145477295
3468,-1.9286623001098633
3469,-2.8956966400146484
3470,-9.539682388305664
3471,-1.8771533966064453
3472,-2.984156608581543
3473,-9.540327072143555
3474,-1.8234338760375977
3475,-3.081380844116211
3476,-9.543543815612793
3477,-1.9711170196533203
3478,-2.8692235946655273
3479,-8.505345344543457
3480,-1.9476356506347656
3481,-2.937932014465332
3482,-8.50507640838623
3483,-1.9220561981201172
3484,-3.026226043701172
3485,-8.506003379821777
3486,-1.2443761825561523
3487,-3.4973840713500977
3488,-10.945259094238281
3489,-1.4068613052368164
3490,-3.4814090728759766
3491,-6.246344566345215
3492,-1.7402019500732422
3493,-2.124269485473633
3494,-9.419952392578125
3495,-1.8022680282592773
3496,-2.010003089904785
3497,-8.069063186645508
3498,0.27258777618408203
3499,-1.5310659408569336
3500,-12.46328353881836
3501,-0.8486423492431641
3502,-0.9996757507324219
3503,-3.1827030181884766
3504,1.5365161895751953
3505,2.2185544967651367
3506,-13.577022552490234
3507,-0.0656137466430664
3508,2.1674108505249023
3509,-1.792767882347107
3510,1.3842535018920898
3511,5.534388542175293
3512,-12.910703659057617
3513,-0.3195981979370117
3514,5.084837913513184
3515,-3.765375852584839
3516,1.4228286743164062
3517,6.179104804992676
3518,-13.961438179016113
3519,-0.3931150436401367
3520,5.573103904724121
3521,-3.8526711463928223
3522,1.1588363647460938
3523,6.12679386138916
3524,-14.007806777954102
3525,-0.49157142639160156
3526,5.6931962966918945
3527,-4.707725524902344
3528,1.042933464050293
3529,6.019803047180176
3530,-12.962301254272461
3531,-0.40276527404785156
3532,5.449770927429199
3533,-4.224958419799805
3534,1.8611574172973633
3535,4.122950553894043
3536,-6.499495506286621
3537,1.0783729553222656
3538,3.8471460342407227
3539,-0.3476090431213379
3540,-1.0207042694091797
3541,6.237093925476074
3542,-9.229138374328613
3543,-1.3137273788452148
3544,6.053929328918457
3545,1.0557725429534912
3546,0.4902048110961914
3547,11.625250816345215
3548,-6.90529203414917
3549,-0.1598644256591797
3550,9.858271598815918
3551,5.1418962478637695
3552,0.9738702774047852
3553,12.40361499786377
3554,-6.715725898742676
3555,0.3329505920410156
3556,10.17497730255127
3557,5.467685699462891
3558,-0.6838226318359375
3559,13.436066627502441
3560,-8.330946922302246
3561,-1.2547855377197266
3562,11.607083320617676
3563,5.02931022644043
3564,-1.9179372787475586
3565,-2.407952308654785
3566,-9.169473648071289
3567,-1.8263683319091797
3568,-2.9866390228271484
3569,-9.662091255187988
3570,-1.7734718322753906
3571,-3.093001365661621
3572,-9.662595748901367
3573,-1.7175092697143555
3574,-3.2074413299560547
3575,-9.664981842041016
3576,-1.884507179260254
3577,-2.9858274459838867
3578,-8.680170059204102
3579,-1.8692970275878906
3580,-3.0777578353881836
3581,-8.680575370788574
3582,-1.852041244506836
3583,-3.1874141693115234
3584,-8.682209968566895
3585,-1.1616268157958984
3586,-3.6798696517944336
3587,-10.83676528930664
3588,-1.3712730407714844
3589,-3.653350830078125
3590,-6.393503189086914
3591,-1.6169462203979492
3592,-2.2599782943725586
3593,-9.56308364868164
3594,-1.699056625366211
3595,-2.182000160217285
3596,-8.282249450683594
3597,0.4062070846557617
3598,-1.6565399169921875
3599,-12.579133033752441
3600,-0.8074111938476562
3601,-0.8801918029785156
3602,-3.2940869331359863
3603,1.436136245727539
3604,2.2764978408813477
3605,-13.969791412353516
3606,-0.33866310119628906
3607,2.456021308898926
3608,-2.257124662399292
3609,1.1857471466064453
3610,5.755162239074707
3611,-13.724250793457031
3612,-0.5938329696655273
3613,5.3799028396606445
3614,-4.321076393127441
3615,1.2241334915161133
3616,6.508162498474121
3617,-14.818872451782227
3618,-0.6238079071044922
3619,5.968295097351074
3620,-4.473278522491455
3621,0.9364013671875
3622,6.427117347717285
3623,-14.8357515335083
3624,-0.7426280975341797
3625,5.9962968826293945
3626,-5.324317932128906
3627,0.8285484313964844
3628,6.228772163391113
3629,-13.738434791564941
3630,-0.6223783493041992
3631,5.745331764221191
3632,-4.781438827514648
3633,1.8547983169555664
3634,4.116663932800293
3635,-6.488669395446777
3636,1.0757389068603516
3637,3.851555824279785
3638,-0.3592555522918701
3639,-1.000136375427246
3640,6.216546058654785
3641,-9.61422061920166
3642,-1.275090217590332
3643,6.033411979675293
3644,1.0260846614837646
3645,0.4868040084838867
3646,11.550559043884277
3647,-7.467129707336426
3648,-0.14706039428710938
3649,9.851967811584473
3650,5.030872344970703
3651,0.9746360778808594
3652,12.39812183380127
3653,-7.301630973815918
3654,0.3514242172241211
3655,10.206147193908691
3656,5.3447160720825195
3657,-0.6841650009155273
3658,13.431727409362793
3659,-8.990245819091797
3660,-1.2581787109375
3661,11.552268028259277
3662,4.685417175292969
3663,-1.6424188613891602
3664,-3.0192060470581055
3665,-9.63609504699707
3666,-1.5410194396972656
3667,-3.5231122970581055
3668,-10.172392845153809
3669,-1.4871673583984375
3670,-3.5749263763427734
3671,-10.172518730163574
3672,-1.4133682250976562
3673,-3.65012264251709
3674,-10.173904418945312
3675,-1.5983200073242188
3676,-3.5292062759399414
3677,-9.146056175231934
3678,-1.582754135131836
3679,-3.5797815322875977
3680,-9.146867752075195
3681,-1.565572738647461
3682,-3.6369895935058594
3683,-9.148615837097168
3684,-0.8808231353759766
3685,-3.7589263916015625
3686,-11.370965003967285
3687,-1.0794878005981445
3688,-3.7309703826904297
3689,-6.7769365310668945
3690,-1.3633613586425781
3691,-2.616339683532715
3692,-10.031181335449219
3693,-1.4419975280761719
3694,-2.5753660202026367
3695,-8.6935453414917
3696,0.5583562850952148
3697,-1.709080696105957
3698,-13.352904319763184
3699,-0.7212562561035156
3700,-1.182046890258789
3701,-3.3909409046173096
3702,0.8457632064819336
3703,2.7411890029907227
3704,-15.060190200805664
3705,-0.8211269378662109
3706,1.8344621658325195
3707,-2.358722686767578
3708,0.14285850524902344
3709,6.309287071228027
3710,-14.880407333374023
3711,-1.4436922073364258
3712,5.078534126281738
3713,-4.383354187011719
3714,-0.0049285888671875
3715,7.332213401794434
3716,-16.094148635864258
3717,-1.7181987762451172
3718,5.762194633483887
3719,-4.488706588745117
3720,-0.2858142852783203
3721,7.13053035736084
3722,-15.930002212524414
3723,-1.6823596954345703
3724,5.924790382385254
3725,-5.464786529541016
3726,-0.21616077423095703
3727,6.822798728942871
3728,-14.829378128051758
3729,-1.5997343063354492
3730,5.81723690032959
3731,-4.89708137512207
3732,1.8623971939086914
3733,3.9998865127563477
3734,-6.5245490074157715
3735,1.071965217590332
3736,3.6906919479370117
3737,-0.323544979095459
3738,-0.8103494644165039
3739,6.621071815490723
3740,-10.101960182189941
3741,-1.2617225646972656
3742,6.05385684967041
3743,0.08109307289123535
3744,0.5370445251464844
3745,11.552741050720215
3746,-7.253510475158691
3747,-0.13676071166992188
3748,10.00294017791748
3749,4.146550178527832
3750,1.0006513595581055
3751,12.411177635192871
3752,-7.155919551849365
3753,0.35360240936279297
3754,10.334952354431152
3755,4.481288909912109
3756,-0.6080513000488281
3757,13.476553916931152
3758,-8.748945236206055
3759,-1.2563400268554688
3760,11.643050193786621
3761,3.9097092151641846
3762,-1.1145429611206055
3763,-4.295808792114258
3764,-7.4530839920043945
3765,-0.9557123184204102
3766,-4.768277168273926
3767,-8.041876792907715
3768,-0.8993206024169922
3769,-4.782739639282227
3770,-8.042618751525879
3771,-0.8383922576904297
3772,-4.799272537231445
3773,-8.042457580566406
3774,-0.9981155395507812
3775,-4.7849225997924805
3776,-7.019745826721191
3777,-0.9754161834716797
3778,-4.807999610900879
3779,-7.020895957946777
3780,-0.9495983123779297
3781,-4.832355499267578
3782,-7.022799491882324
3783,-0.3930206298828125
3784,-4.631806373596191
3785,-9.328353881835938
3786,-0.5087757110595703
3787,-4.678884506225586
3788,-4.742590427398682
3789,-0.9046726226806641
3790,-3.8204870223999023
3791,-7.885168075561523
3792,-0.9747591018676758
3793,-3.8328752517700195
3794,-6.5458598136901855
3795,0.5443010330200195
3796,-1.8530988693237305
3797,-11.822257041931152
3798,-0.5021762847900391
3799,-1.5517139434814453
3800,-1.4869779348373413
3801,-0.6055774688720703
3802,1.3149805068969727
3803,-13.600570678710938
3804,-1.5730829238891602
3805,1.0602807998657227
3806,-0.9973957538604736
3807,-2.459479331970215
3808,3.4326601028442383
3809,-12.903816223144531
3810,-3.1270570755004883
3811,3.2323293685913086
3812,-2.6263492107391357
3813,-2.9186038970947266
3814,3.930525779724121
3815,-14.111019134521484
3816,-3.6085939407348633
3817,3.6791391372680664
3818,-2.6588187217712402
3819,-2.9562387466430664
3820,3.9029760360717773
3821,-13.613020896911621
3822,-3.55859375
3823,3.803889274597168
3824,-3.626713752746582
3825,-2.7813873291015625
3826,3.748854637145996
3827,-12.728933334350586
3828,-3.377359390258789
3829,3.684943199157715
3830,-3.110966920852661
3831,1.8528566360473633
3832,3.7893896102905273
3833,-6.605184555053711
3834,1.09722900390625
3835,3.519955635070801
3836,-0.2436530590057373
3837,-0.8790922164916992
3838,6.568692207336426
3839,-9.902299880981445
3840,-1.2434425354003906
3841,6.0496110916137695
3842,0.3169231414794922
3843,0.48302268981933594
3844,11.549967765808105
3845,-7.765524864196777
3846,-0.12740612030029297
3847,9.977036476135254
3848,4.8563127517700195
3849,0.9377565383911133
3850,12.398388862609863
3851,-7.614062309265137
3852,0.35341453552246094
3853,10.20739459991455
3854,5.256354331970215
3855,-0.6348981857299805
3856,13.468852043151855
3857,-9.124222755432129
3858,-1.2549257278442383
3859,11.500458717346191
3860,4.954380035400391
3861,-0.9216470718383789
3862,-4.744215965270996
3863,-6.274576187133789
3864,-0.7660627365112305
3865,-5.1590070724487305
3866,-6.858284950256348
3867,-0.7132568359375
3868,-5.167208671569824
3869,-6.859129905700684
3870,-0.6553249359130859
3871,-5.178370475769043
3872,-6.858837604522705
3873,-0.809077262878418
3874,-5.161531448364258
3875,-5.85237455368042
3876,-0.7883987426757812
3877,-5.17094612121582
3878,-5.852780818939209
3879,-0.7645893096923828
3880,-5.183320045471191
3881,-5.854572296142578
3882,-0.21123981475830078
3883,-4.960192680358887
3884,-8.170138359069824
3885,-0.3598785400390625
3886,-4.978585243225098
3887,-3.6768901348114014
3888,-0.7331523895263672
3889,-4.235177040100098
3890,-6.7233076095581055
3891,-0.7912931442260742
3892,-4.2360687255859375
3893,-5.409664154052734
3894,0.5578985214233398
3895,-1.938486099243164
3896,-10.740265846252441
3897,-0.35146236419677734
3898,-1.6847171783447266
3899,-0.5174310207366943
3900,-1.1806230545043945
3901,0.6432828903198242
3902,-12.562286376953125
3903,-1.5536556243896484
3904,0.6747522354125977
3905,-0.05138444900512695
3906,-2.9578113555908203
3907,2.5712900161743164
3908,-11.99857234954834
3909,-3.0251693725585938
3910,2.592343330383301
3911,-2.0831377506256104
3912,-3.405252456665039
3913,3.2286176681518555
3914,-13.199150085449219
3915,-3.439128875732422
3916,3.066603660583496
3917,-2.1434216499328613
3918,-3.5415725708007812
3919,2.9332399368286133
3920,-12.691956520080566
3921,-3.4574012756347656
3922,3.1522417068481445
3923,-3.1179983615875244
3924,-3.343292236328125
3925,2.8122949600219727
3926,-11.818694114685059
3927,-3.28749942779541
3928,3.122645378112793
3929,-2.575328826904297
3930,1.8454341888427734
3931,3.685114860534668
3932,-6.70428991317749
3933,1.0980777740478516
3934,3.4155664443969727
3935,-0.14547443389892578
3936,-0.9066667556762695
3937,6.513043403625488
3938,-10.500161170959473
3939,-1.2428760528564453
3940,6.004652976989746
3941,0.21962237358093262
3942,0.4276542663574219
3943,11.550042152404785
3944,-9.30961799621582
3945,-0.1224527359008789
3946,9.977478981018066
3947,4.637165069580078
3948,0.8894538879394531
3949,12.405306816101074
3950,-9.217089653015137
3951,0.3647794723510742
3952,10.214190483093262
3953,5.08983039855957
3954,-0.7189159393310547
3955,13.425248146057129
3956,-10.88430118560791
3957,-1.2562675476074219
3958,11.509263038635254
3959,4.805960655212402
3960,-0.7213430404663086
3961,-5.063512802124023
3962,-5.593077659606934
3963,-0.5909805297851562
3964,-5.475076675415039
3965,-6.210695266723633
3966,-0.549311637878418
3967,-5.47953987121582
3968,-6.211322784423828
3969,-0.5046072006225586
3970,-5.482558250427246
3971,-6.211376667022705
3972,-0.6074495315551758
3973,-5.48145866394043
3974,-5.227780342102051
3975,-0.5794191360473633
3976,-5.4925127029418945
3977,-5.228148460388184
3978,-0.5486536026000977
3979,-5.503485679626465
3980,-5.229394912719727
3981,-0.050848960876464844
3982,-5.296353340148926
3983,-7.496516227722168
3984,-0.11270618438720703
3985,-5.335593223571777
3986,-3.121635913848877
3987,-0.5534992218017578
3988,-4.600903511047363
3989,-6.011163711547852
3990,-0.5880985260009766
3991,-4.601156234741211
3992,-4.730304718017578
3993,0.5114822387695312
3994,-2.5226058959960938
3995,-10.05631160736084
3996,0.28229236602783203
3997,-2.5134057998657227
3998,0.12174558639526367
3999,-1.6043634414672852
4000,-0.01780414581298828
4001,-12.154706954956055
4002,-1.6548690795898438
4003,-0.2025156021118164
4004,0.9267981052398682
4005,-3.668057441711426
4006,1.1673898696899414
4007,-11.917858123779297
4008,-3.5514869689941406
4009,0.9180994033813477
4010,-1.30096435546875
4011,-4.091141700744629
4012,1.578841209411621
4013,-13.135217666625977
4014,-3.9871702194213867
4015,0.8792257308959961
4016,-1.4066922664642334
4017,-4.147329330444336
4018,0.7782020568847656
4019,-12.478711128234863
4020,-3.9985170364379883
4021,0.723017692565918
4022,-2.657275915145874
4023,-3.9950428009033203
4024,0.8106546401977539
4025,-11.692209243774414
4026,-3.8530006408691406
4027,0.9972467422485352
4028,-1.9299226999282837
4029,1.8141345977783203
4030,3.622063636779785
4031,-6.742191791534424
4032,1.1712093353271484
4033,3.3970937728881836
4034,-0.1081545352935791
4035,-0.939763069152832
4036,6.483498573303223
4037,-8.963329315185547
4038,-1.253352165222168
4039,5.9884843826293945
4040,-0.04554152488708496
4041,0.3734550476074219
4042,11.550751686096191
4043,-8.70751667022705
4044,-0.12034130096435547
4045,10.073811531066895
4046,4.057458877563477
4047,0.8418235778808594
4048,12.421732902526855
4049,-8.638848304748535
4050,0.36989879608154297
4051,10.492074012756348
4052,4.503822326660156
4053,-0.8036670684814453
4054,13.392134666442871
4055,-8.888169288635254
4056,-1.2614011764526367
4057,11.516571998596191
4058,4.242637634277344
4059,-0.12950801849365234
4060,-6.109659194946289
4061,-5.326656818389893
4062,0.07045173645019531
4063,-6.434018135070801
4064,-5.87641716003418
4065,0.10639095306396484
4066,-6.411843299865723
4067,-5.877081871032715
4068,0.1447763442993164
4069,-6.387102127075195
4070,-5.8780107498168945
4071,0.0672760009765625
4072,-6.448944091796875
4073,-4.85237455368042
4074,0.10072898864746094
4075,-6.438651084899902
4076,-4.851630687713623
4077,0.13656139373779297
4078,-6.427748680114746
4079,-4.852210521697998
4080,0.49895286560058594
4081,-6.0472211837768555
4082,-7.132031440734863
4083,0.49291133880615234
4084,-6.111568450927734
4085,-2.5606486797332764
4086,-0.004445075988769531
4087,-5.59375
4088,-5.767935752868652
4089,-0.023885726928710938
4090,-5.606292724609375
4091,-4.43567419052124
4092,0.8347482681274414
4093,-3.5851268768310547
4094,-9.950346946716309
4095,0.4413738250732422
4096,-3.483640670776367
4097,0.39945435523986816
4098,-1.2396516799926758
4099,-2.7820634841918945
4100,-12.244881629943848
4101,-1.5946731567382812
4102,-3.17401123046875
4103,1.0835068225860596
4104,-3.3576059341430664
4105,-4.470406532287598
4106,-11.95842170715332
4107,-3.550137519836426
4108,-4.163667678833008
4109,-1.503579020500183
4110,-3.6816043853759766
4111,-5.0967302322387695
4112,-13.220351219177246
4113,-3.908426284790039
4114,-4.90422248840332
4115,-1.7723356485366821
4116,-3.526057243347168
4117,-5.499968528747559
4118,-12.649934768676758
4119,-3.9463987350463867
4120,-5.0957841873168945
4121,-2.7576522827148438
4122,-3.5587806701660156
4123,-5.314724922180176
4124,-11.777194023132324
4125,-3.8623361587524414
4126,-4.797395706176758
4127,-2.093733310699463
4128,1.798192024230957
4129,3.3700647354125977
4130,-6.796656131744385
4131,1.1978473663330078
4132,3.0342016220092773
4133,-0.054242849349975586
4134,-0.9317188262939453
4135,6.399205207824707
4136,-7.998865127563477
4137,-1.2410669326782227
4138,5.90848445892334
4139,-0.41885852813720703
4140,0.33960819244384766
4141,11.523280143737793
4142,-6.084636211395264
4143,-0.12162590026855469
4144,10.076470375061035
4145,3.4557154178619385
4146,0.78131103515625
4147,12.399479866027832
4148,-5.837409973144531
4149,0.35927772521972656
4150,10.517495155334473
4151,3.845647096633911
4152,-0.8504972457885742
4153,13.391276359558105
4154,-6.562015533447266
4155,-1.2734880447387695
4156,11.498438835144043
4157,3.2452948093414307
4158,0.03802299499511719
4159,-6.30101203918457
4160,-5.50859260559082
4161,0.22394847869873047
4162,-6.641884803771973
4163,-6.084812164306641
4164,0.2652559280395508
4165,-6.630061149597168
4166,-6.085638046264648
4167,0.29448986053466797
4168,-6.609606742858887
4169,-6.086611747741699
4170,0.2286357879638672
4171,-6.643752098083496
4172,-5.063234806060791
4173,0.27501392364501953
4174,-6.633878707885742
4175,-5.0623860359191895
4176,0.30737876892089844
4177,-6.61738395690918
4178,-5.062756061553955
4179,0.59002685546875
4180,-6.223353385925293
4181,-7.4371843338012695
4182,0.5738325119018555
4183,-6.283694267272949
4184,-2.8527426719665527
4185,0.13698863983154297
4186,-5.753840446472168
4187,-5.978205680847168
4188,0.1310100555419922
4189,-5.741184234619141
4190,-4.64152193069458
4191,0.8709135055541992
4192,-3.9328489303588867
4193,-10.205127716064453
4194,0.5208597183227539
4195,-3.7473363876342773
4196,0.14460968971252441
4197,-1.594395637512207
4198,-3.83538818359375
4199,-12.417848587036133
4200,-1.6242399215698242
4201,-3.7907028198242188
4202,0.7946131229400635
4203,-3.5105209350585938
4204,-5.052606582641602
4205,-12.43825626373291
4206,-3.4640016555786133
4207,-4.890650749206543
4208,-1.8410499095916748
4209,-4.11231803894043
4210,-5.4219970703125
4211,-13.611614227294922
4212,-3.831941604614258
4213,-5.32166862487793
4214,-2.0866761207580566
4215,-4.013822555541992
4216,-5.727455139160156
4217,-13.208579063415527
4218,-3.895369529724121
4219,-5.393062591552734
4220,-3.1001389026641846
4221,-3.886119842529297
4222,-5.557663917541504
4223,-12.302499771118164
4224,-3.8356075286865234
4225,-5.054193496704102
4226,-2.4424571990966797
4227,1.770524024963379
4228,3.179520606994629
4229,-6.85890007019043
4230,1.2160472869873047
4231,2.847079277038574
4232,0.007535219192504883
4233,-0.9184150695800781
4234,6.272967338562012
4235,-8.071564674377441
4236,-1.2379035949707031
4237,5.822970390319824
4238,-0.20309782028198242
4239,0.32391357421875
4240,11.523287773132324
4241,-5.819733619689941
4242,-0.11445331573486328
4243,9.939118385314941
4244,3.7298319339752197
4245,0.7618074417114258
4246,12.371893882751465
4247,-5.565549850463867
4248,0.32157325744628906
4249,10.517363548278809
4250,4.23680305480957
4251,-0.8468809127807617
4252,13.347758293151855
4253,-6.497030258178711
4254,-1.2550363540649414
4255,11.494416236877441
4256,3.701869249343872
4257,0.3293466567993164
4258,-6.7245893478393555
4259,-3.7338366508483887
4260,0.5513267517089844
4261,-7.056158065795898
4262,-4.191362380981445
4263,0.5952167510986328
4264,-7.040731430053711
4265,-4.191094875335693
4266,0.6450328826904297
4267,-7.0199384689331055
4268,-4.1909661293029785
4269,0.5109682083129883
4270,-7.054299354553223
4271,-3.2508273124694824
4272,0.5269260406494141
4273,-7.040841102600098
4274,-3.250844955444336
4275,0.5428485870361328
4276,-7.024564743041992
4277,-3.2527449131011963
4278,0.9205312728881836
4279,-6.606380462646484
4280,-5.303127288818359
4281,0.7781696319580078
4282,-6.673029899597168
4283,-1.0736031532287598
4284,0.40276622772216797
4285,-6.203375816345215
4286,-4.121520042419434
4287,0.3497905731201172
4288,-6.20291805267334
4289,-2.8972678184509277
4290,1.1965694427490234
4291,-4.516751289367676
4292,-8.261072158813477
4293,0.4413175582885742
4294,-4.167174339294434
4295,1.5267760753631592
4296,-0.7672386169433594
4297,-4.678296089172363
4298,-10.971284866333008
4299,-1.3931379318237305
4300,-4.946520805358887
4301,2.5885984897613525
4302,-2.1702919006347656
4303,-6.700586318969727
4304,-11.197741508483887
4305,-2.872433662414551
4306,-7.174510955810547
4307,0.31461024284362793
4308,-2.5104169845581055
4309,-7.358778953552246
4310,-12.275406837463379
4311,-3.010343551635742
4312,-7.333115577697754
4313,0.06501436233520508
4314,-2.3299598693847656
4315,-7.591076850891113
4316,-11.901976585388184
4317,-2.993964195251465
4318,-7.522958755493164
4319,-0.59324049949646
4320,-2.2491207122802734
4321,-7.324826717376709
4322,-11.084742546081543
4323,-3.0023889541625977
4324,-7.7351298332214355
4325,-0.13006949424743652
4326,1.7425918579101562
4327,2.8397932052612305
4328,-6.9267401695251465
4329,1.1777524948120117
4330,2.4723711013793945
4331,0.07247805595397949
4332,-0.8968534469604492
4333,6.198779106140137
4334,-8.210886001586914
4335,-1.2307567596435547
4336,5.75437068939209
4337,-0.0886237621307373
4338,0.307708740234375
4339,11.523655891418457
4340,-8.057167053222656
4341,-0.110565185546875
4342,9.877337455749512
4343,3.766643762588501
4344,0.7306575775146484
4345,12.365015983581543
4346,-7.990901947021484
4347,0.32720184326171875
4348,10.516829490661621
4349,4.191629409790039
4350,-0.8607645034790039
4351,13.310914039611816
4352,-9.462778091430664
4353,-1.2548103332519531
4354,11.5023775100708
4355,3.655820608139038
4356,0.8972721099853516
4357,-7.844300270080566
4358,-3.147632360458374
4359,1.1363706588745117
4360,-8.090736389160156
4361,-3.605158567428589
4362,1.1923542022705078
4363,-8.060826301574707
4364,-3.6045825481414795
4365,1.2522459030151367
4366,-8.022222518920898
4367,-3.6045236587524414
4368,1.0722160339355469
4369,-8.108936309814453
4370,-2.701634407043457
4371,1.080709457397461
4372,-8.095687866210938
4373,-2.7020790576934814
4374,1.0935935974121094
4375,-8.07931137084961
4376,-2.7039241790771484
4377,1.5787229537963867
4378,-7.523085594177246
4379,-4.709482192993164
4380,1.345402717590332
4381,-7.682536602020264
4382,-0.6162862777709961
4383,0.9676380157470703
4384,-7.362907886505127
4385,-3.527242660522461
4386,0.8732013702392578
4387,-7.386200904846191
4388,-2.3509597778320312
4389,1.7710275650024414
4390,-5.510143280029297
4391,-7.571869850158691
4392,0.7244939804077148
4393,-5.408359527587891
4394,1.7383806705474854
4395,-0.6360054016113281
4396,-5.835981369018555
4397,-10.106884002685547
4398,-1.1448478698730469
4399,-7.21871280670166
4400,3.4016830921173096
4401,-0.8499546051025391
4402,-8.179487228393555
4403,-9.567329406738281
4404,-1.8548765182495117
4405,-10.308856964111328
4406,2.7375075817108154
4407,-0.8964242935180664
4408,-8.622001647949219
4409,-10.273401260375977
4410,-1.9052047729492188
4411,-10.888724327087402
4412,2.630676031112671
4413,-0.9331159591674805
4414,-8.774144172668457
4415,-10.212817192077637
4416,-2.015751838684082
4417,-10.973918914794922
4418,2.340322732925415
4419,-0.9756612777709961
4420,-8.57448959350586
4421,-9.531843185424805
4422,-2.0022058486938477
4423,-10.804903030395508
4424,2.4762942790985107
4425,1.6622743606567383
4426,2.0068464279174805
4427,-6.92657470703125
4428,1.010756492614746
4429,1.7060861587524414
4430,0.07270455360412598
4431,-0.826533317565918
4432,6.035101890563965
4433,-9.032363891601562
4434,-1.2279462814331055
4435,5.461041450500488
4436,-0.053765058517456055
4437,0.31932830810546875
4438,11.51169490814209
4439,-10.211384773254395
4440,-0.10747432708740234
4441,9.821341514587402
4442,2.664292097091675
4443,0.7355737686157227
4444,12.342270851135254
4445,-10.315902709960938
4446,0.2832460403442383
4447,10.51893138885498
4448,2.854728937149048
4449,-0.8527727127075195
4450,13.34793758392334
4451,-12.188553810119629
4452,-1.2703886032104492
4453,11.488181114196777
4454,2.2396819591522217
4455,1.0669736862182617
4456,-7.764461040496826
4457,-3.026761531829834
4458,1.3252439498901367
4459,-8.047773361206055
4460,-3.449518918991089
4461,1.3856983184814453
4462,-8.019572257995605
4463,-3.4499619007110596
4464,1.4503459930419922
4465,-7.984866142272949
4466,-3.4505252838134766
4467,1.2521781921386719
4468,-8.068492889404297
4469,-2.593348264694214
4470,1.2564687728881836
4471,-8.059037208557129
4472,-2.594022750854492
4473,1.2633943557739258
4474,-8.04634952545166
4475,-2.5965023040771484
4476,1.7136707305908203
4477,-7.571310997009277
4478,-4.409721374511719
4479,1.4493579864501953
4480,-7.709928035736084
4481,-0.5509936809539795
4482,1.1016120910644531
4483,-7.282569408416748
4484,-3.3241987228393555
4485,0.9945907592773438
4486,-7.292665958404541
4487,-2.2154457569122314
4488,1.889369010925293
4489,-5.850953102111816
4490,-7.2597551345825195
4491,0.8227663040161133
4492,-5.681157112121582
4493,1.923243761062622
4494,-0.40167903900146484
4495,-6.8513593673706055
4496,-9.901504516601562
4497,-0.9354248046875
4498,-7.723437786102295
4499,3.978503942489624
4500,-0.3448600769042969
4501,-8.913140296936035
4502,-9.872647285461426
4503,-1.4236154556274414
4504,-11.00146484375
4505,3.18913197517395
4506,-0.37805843353271484
4507,-9.482909202575684
4508,-10.630207061767578
4509,-1.4893989562988281
4510,-11.903278350830078
4511,3.1568210124969482
4512,-0.41841793060302734
4513,-9.801752090454102
4514,-10.572977066040039
4515,-1.5552053451538086
4516,-12.059234619140625
4517,2.783950090408325
4518,-0.4623441696166992
4519,-9.790246963500977
4520,-9.85041332244873
4521,-1.5381641387939453
4522,-11.704047203063965
4523,2.904193639755249
4524,1.5740690231323242
4525,1.7705965042114258
4526,-6.894672870635986
4527,0.8321866989135742
4528,1.5562810897827148
4529,0.03887510299682617
4530,-0.7399311065673828
4531,5.943179130554199
4532,-9.027582168579102
4533,-1.2210731506347656
4534,5.388077735900879
4535,-0.927950382232666
4536,0.32042598724365234
4537,11.453848838806152
4538,-9.514068603515625
4539,-0.11260509490966797
4540,9.838356971740723
4541,1.3776323795318604
4542,0.7433023452758789
4543,12.279397010803223
4544,-9.57020378112793
4545,0.26524829864501953
4546,10.576983451843262
4547,1.5347316265106201
4548,-0.8280725479125977
4549,13.350306510925293
4550,-11.30280590057373
4551,-1.370579719543457
4552,11.494757652282715
4553,0.8163225650787354
4554,1.549818992614746
4555,-8.325485229492188
4556,-3.485042095184326
4557,1.7907743453979492
4558,-8.513911247253418
4559,-3.8801157474517822
4560,1.8468618392944336
4561,-8.486031532287598
4562,-3.8804428577423096
4563,1.907118797302246
4564,-8.450288772583008
4565,-3.8816819190979004
4566,1.6981706619262695
4567,-8.526625633239746
4568,-3.005803346633911
4569,1.6811552047729492
4570,-8.514982223510742
4571,-3.0060720443725586
4572,1.667952537536621
4573,-8.499027252197266
4574,-3.007861614227295
4575,2.093353271484375
4576,-8.012818336486816
4577,-4.7178192138671875
4578,1.7705183029174805
4579,-8.117631912231445
4580,-0.7710354328155518
4581,1.5596342086791992
4582,-7.891016006469727
4583,-3.7527525424957275
4584,1.4032087326049805
4585,-7.878763675689697
4586,-2.625483751296997
4587,2.143939971923828
4588,-6.513652801513672
4589,-7.481729507446289
4590,0.966278076171875
4591,-6.256792068481445
4592,2.1088473796844482
4593,-0.24860000610351562
4594,-8.370237350463867
4595,-8.622467041015625
4596,-0.6173229217529297
4597,-8.489412307739258
4598,4.726807594299316
4599,-0.10820484161376953
4600,-11.540142059326172
4601,-5.721667289733887
4602,-0.7756690979003906
4603,-11.528861999511719
4604,5.40931510925293
4605,-0.12593460083007812
4606,-12.204565048217773
4607,-6.060303688049316
4608,-0.756352424621582
4609,-12.495710372924805
4610,5.446481704711914
4611,-0.1818552017211914
4612,-12.232587814331055
4613,-6.219887733459473
4614,-0.6039190292358398
4615,-12.458617210388184
4616,5.3329267501831055
4617,-0.2527475357055664
4618,-11.998956680297852
4619,-5.714099884033203
4620,-0.5951967239379883
4621,-12.149275779724121
4622,5.204673767089844
4623,1.4955434799194336
4624,1.2871809005737305
4625,-6.829610824584961
4626,0.6814966201782227
4627,1.0870695114135742
4628,-0.024903535842895508
4629,-0.6020689010620117
4630,5.807045936584473
4631,-8.959129333496094
4632,-1.2067193984985352
4633,5.295201301574707
4634,-1.5166232585906982
4635,0.32890796661376953
4636,11.406538963317871
4637,-9.104530334472656
4638,-0.15984535217285156
4639,9.875638008117676
4640,0.3507256507873535
4641,0.7526512145996094
4642,12.255782127380371
4643,-9.163512229919434
4644,0.16643810272216797
4645,10.62186336517334
4646,0.4301106929779053
4647,-0.8203945159912109
4648,13.352484703063965
4649,-11.213897705078125
4650,-1.4308195114135742
4651,11.528609275817871
4652,-0.5601885318756104
4653,2.2738351821899414
4654,-9.415900230407715
4655,-3.8288283348083496
4656,2.5078563690185547
4657,-9.505721092224121
4658,-4.13039493560791
4659,2.5688047409057617
4660,-9.452497482299805
4661,-4.1306047439575195
4662,2.635441780090332
4663,-9.389963150024414
4664,-4.1324052810668945
4665,2.4012317657470703
4666,-9.571504592895508
4667,-3.290142297744751
4668,2.380563735961914
4669,-9.573233604431152
4670,-3.290428876876831
4671,2.3654098510742188
4672,-9.573705673217773
4673,-3.292121648788452
4674,2.8489599227905273
4675,-8.833566665649414
4676,-4.7266411781311035
4677,2.511672019958496
4678,-9.055283546447754
4679,-0.9081695079803467
4680,2.272195816040039
4681,-8.958525657653809
4682,-4.032248497009277
4683,2.1154489517211914
4684,-9.04446792602539
4685,-2.943089723587036
4686,2.7430343627929688
4687,-7.168703079223633
4688,-7.0973310470581055
4689,1.353510856628418
4690,-7.2337541580200195
4691,1.8690721988677979
4692,0.9321994781494141
4693,-9.31810188293457
4694,-7.5731353759765625
4695,0.28013134002685547
4696,-9.207231521606445
4697,4.625632286071777
4698,1.1008520126342773
4699,-12.087503433227539
4700,-3.919692039489746
4701,0.7855253219604492
4702,-12.041552543640137
4703,5.806672096252441
4704,1.0756874084472656
4705,-12.812923431396484
4706,-4.103208065032959
4707,0.9037685394287109
4708,-12.709543228149414
4709,5.776716232299805
4710,1.2538394927978516
4711,-12.683700561523438
4712,-4.194455146789551
4713,1.0966033935546875
4714,-12.657065391540527
4715,5.832673072814941
4716,1.2329578399658203
4717,-12.552605628967285
4718,-3.875749349594116
4719,1.0848217010498047
4720,-12.399782180786133
4721,5.685169219970703
4722,1.2493457794189453
4723,-0.07475090026855469
4724,-6.632004737854004
4725,0.45911312103271484
4726,-0.16763877868652344
4727,-0.2207629680633545
4728,-0.5771198272705078
4729,4.862536430358887
4730,-8.294184684753418
4731,-1.1768102645874023
4732,4.757596015930176
4733,-1.92118239402771
4734,0.30893611907958984
4735,10.882933616638184
4736,-8.532862663269043
4737,-0.43459510803222656
4738,9.87966251373291
4739,-1.0417165756225586
4740,0.7208166122436523
4741,11.604744911193848
4742,-8.44287395477295
4743,-0.13828754425048828
4744,10.624775886535645
4745,-1.059946060180664
4746,-0.8759860992431641
4747,13.174817085266113
4748,-10.282554626464844
4749,-1.483839988708496
4750,11.649638175964355
4751,-2.5488486289978027
4752,2.3230276107788086
4753,-9.455514907836914
4754,-3.2689456939697266
4755,2.565798759460449
4756,-9.534493446350098
4757,-3.6970224380493164
4758,2.6162214279174805
4759,-9.483009338378906
4760,-3.6970717906951904
4761,2.6712656021118164
4762,-9.418442726135254
4763,-3.697847604751587
4764,2.473522186279297
4765,-9.60127067565918
4766,-2.821181297302246
4767,2.4536685943603516
4768,-9.601948738098145
4769,-2.822202682495117
4770,2.439472198486328
4771,-9.602991104125977
4772,-2.8233611583709717
4773,2.860610008239746
4774,-8.938545227050781
4775,-4.740678787231445
4776,2.5557031631469727
4777,-9.190732955932617
4778,-0.7754390239715576
4779,2.3155651092529297
4780,-9.038800239562988
4781,-3.611036539077759
4782,2.1762943267822266
4783,-9.126916885375977
4784,-2.4836983680725098
4785,2.922177314758301
4786,-7.268458366394043
4787,-7.648608207702637
4788,1.6013898849487305
4789,-7.467455863952637
4790,2.091519594192505
4791,1.1818647384643555
4792,-9.436668395996094
4793,-8.941086769104004
4794,0.6513452529907227
4795,-9.581621170043945
4796,5.837724685668945
4797,1.3833904266357422
4798,-12.292649269104004
4799,-6.294731616973877
4800,1.1312484741210938
4801,-12.418721199035645
4802,8.116046905517578
4803,1.4285821914672852
4804,-12.858875274658203
4805,-6.679128646850586
4806,1.2945537567138672
4807,-12.989757537841797
4808,8.369491577148438
4809,1.581547737121582
4810,-12.742687225341797
4811,-6.782820701599121
4812,1.401606559753418
4813,-12.95872688293457
4814,8.242362022399902
4815,1.549102783203125
4816,-12.58236026763916
4817,-6.272977828979492
4818,1.3877887725830078
4819,-12.698160171508789
4820,7.954999923706055
4821,1.1436309814453125
4822,-0.3414039611816406
4823,-6.627547740936279
4824,0.3720102310180664
4825,-0.4644594192504883
4826,-0.22528314590454102
4827,-0.4825754165649414
4828,4.642691612243652
4829,-7.681266784667969
4830,-1.1321077346801758
4831,4.410552024841309
4832,-1.2710511684417725
4833,0.3092966079711914
4834,10.743351936340332
4835,-8.33517074584961
4836,-0.4957895278930664
4837,9.852076530456543
4838,0.7065780162811279
4839,0.717106819152832
4840,11.384354591369629
4841,-8.125252723693848
4842,-0.21373462677001953
4843,10.558716773986816
4844,0.7845118045806885
4845,-0.8526744842529297
4846,13.189576148986816
4847,-9.934927940368652
4848,-1.4664621353149414
4849,11.679709434509277
4850,-0.3542501926422119
4851,2.5805177688598633
4852,-9.557954788208008
4853,-1.9652910232543945
4854,2.8560609817504883
4855,-9.657856941223145
4856,-2.4750289916992188
4857,2.8984413146972656
4858,-9.618797302246094
4859,-2.475330114364624
4860,2.9476633071899414
4861,-9.569581985473633
4862,-2.4767584800720215
4863,2.7921810150146484
4864,-9.679910659790039
4865,-1.5262157917022705
4866,2.7837467193603516
4867,-9.663394927978516
4868,-1.5261943340301514
4869,2.7814340591430664
4870,-9.644073486328125
4871,-1.5269893407821655
4872,3.1355485916137695
4873,-9.088401794433594
4874,-3.964831829071045
4875,2.929515838623047
4876,-9.228463172912598
4877,0.3063228130340576
4878,2.527252197265625
4879,-9.166563034057617
4880,-2.4607231616973877
4881,2.4336166381835938
4882,-9.207874298095703
4883,-1.2422564029693604
4884,3.101983070373535
4885,-7.527575492858887
4886,-7.005091667175293
4887,2.03424072265625
4888,-7.593894004821777
4889,2.8624188899993896
4890,1.6975431442260742
4891,-9.940389633178711
4892,-7.939123153686523
4893,1.1278352737426758
4894,-9.581939697265625
4895,6.149017333984375
4896,1.9499502182006836
4897,-12.459096908569336
4898,-4.775926113128662
4899,1.5475101470947266
4900,-12.345478057861328
4901,7.240006446838379
4902,1.9993000030517578
4903,-12.976503372192383
4904,-5.041375160217285
4905,1.6867895126342773
4906,-12.85659122467041
4907,7.397808074951172
4908,2.162259101867676
4909,-12.82105827331543
4910,-5.0958757400512695
4911,1.8438034057617188
4912,-12.853665351867676
4913,7.125472068786621
4914,2.128507614135742
4915,-12.646284103393555
4916,-4.70579719543457
4917,1.809321403503418
4918,-12.636737823486328
4919,7.019172668457031
4920,0.9974937438964844
4921,-1.1019363403320312
4922,-6.6100921630859375
4923,0.40941619873046875
4924,-1.0218944549560547
4925,-0.24303460121154785
4926,-0.4860572814941406
4927,4.06357479095459
4928,-7.6108856201171875
4929,-1.0461807250976562
4930,3.951704978942871
4931,-0.986581563949585
4932,0.19152069091796875
4933,10.270529747009277
4934,-8.185445785522461
4935,-0.5378961563110352
4936,9.54387378692627
4937,0.19282746315002441
4938,0.5864830017089844
4939,10.912409782409668
4940,-8.126901626586914
4941,-0.24144935607910156
4942,10.203635215759277
4943,0.18663239479064941
4944,-0.8745784759521484
4945,12.92004680633545
4946,-10.067741394042969
4947,-1.4536466598510742
4948,11.604718208312988
4949,-1.0291972160339355
4950,3.192399024963379
4951,-10.101910591125488
4952,-2.8947691917419434
4953,3.5099363327026367
4954,-10.1268949508667
4955,-3.281379222869873
4956,3.546828269958496
4957,-10.080949783325195
4958,-3.2820425033569336
4959,3.5868215560913086
4960,-10.029433250427246
4961,-3.283381462097168
4962,3.475735664367676
4963,-10.152435302734375
4964,-2.3650269508361816
4965,3.4821691513061523
4966,-10.126813888549805
4967,-2.366067409515381
4968,3.4920759201049805
4969,-10.099359512329102
4970,-2.367070198059082
4971,3.735171318054199
4972,-9.471918106079102
4973,-4.342039108276367
4974,3.5933542251586914
4975,-9.615503311157227
4976,-0.16231369972229004
4977,3.1068849563598633
4978,-9.72412109375
4979,-3.2717607021331787
4980,3.0501489639282227
4981,-9.747773170471191
4982,-2.078040599822998
4983,3.5244531631469727
4984,-7.781822681427002
4985,-6.65712833404541
4986,2.281674385070801
4987,-8.125337600708008
4988,2.215014696121216
4989,3.1562490463256836
4990,-10.59113597869873
4991,-8.968886375427246
4992,1.3989849090576172
4993,-9.761396408081055
4994,5.4884490966796875
4995,3.457289695739746
4996,-12.063419342041016
4997,-7.628533363342285
4998,1.9649572372436523
4999,-12.13625431060791
5000,6.8207807540893555
5001,3.6259984970092773
5002,-12.03754711151123
5003,-8.168281555175781
5004,2.1683740615844727
5005,-12.659184455871582
5006,6.911837577819824
5007,3.5896120071411133
5008,-11.93371295928955
5009,-8.096125602722168
5010,2.2644996643066406
5011,-12.638904571533203
5012,6.730870246887207
5013,3.5191774368286133
5014,-11.570109367370605
5015,-7.58748722076416
5016,2.2108230590820312
5017,-12.411060333251953
5018,6.627820014953613
5019,0.9460248947143555
5020,-1.9997777938842773
5021,-6.351935386657715
5022,0.3601570129394531
5023,-2.244877815246582
5024,-0.5011870861053467
5025,-0.6711540222167969
5026,2.4411725997924805
5027,-7.928193092346191
5028,-1.0612678527832031
5029,2.4115591049194336
5030,-1.6958630084991455
5031,-0.18756580352783203
5032,8.620087623596191
5033,-8.070928573608398
5034,-0.6545000076293945
5035,8.288155555725098
5036,-1.428562045097351
5037,0.2841825485229492
5038,8.903109550476074
5039,-7.9413557052612305
5040,-0.3217172622680664
5041,8.722804069519043
5042,-1.4638268947601318
5043,-0.9576654434204102
5044,11.522854804992676
5045,-9.575185775756836
5046,-1.4615869522094727
5047,10.942591667175293
5048,-3.0762250423431396
5049,3.4364919662475586
5050,-10.027975082397461
5051,-3.510067939758301
5052,3.7340574264526367
5053,-10.03321647644043
5054,-3.8731024265289307
5055,3.7566919326782227
5056,-9.99449348449707
5057,-3.8734030723571777
5058,3.786343574523926
5059,-9.953954696655273
5060,-3.873457193374634
5061,3.722111701965332
5062,-10.028515815734863
5063,-2.9582934379577637
5064,3.7251157760620117
5065,-9.993038177490234
5066,-2.959689140319824
5067,3.7244672775268555
5068,-9.942900657653809
5069,-2.9598240852355957
5070,3.9110193252563477
5071,-9.44410228729248
5072,-4.857275009155273
5073,3.817561149597168
5074,-9.489419937133789
5075,-0.6903362274169922
5076,3.326308250427246
5077,-9.671100616455078
5078,-3.87941312789917
5079,3.293086051940918
5080,-9.683815002441406
5081,-2.684475898742676
5082,3.6653623580932617
5083,-7.708099842071533
5084,-7.402168273925781
5085,2.483717918395996
5086,-8.079366683959961
5087,1.740929365158081
5088,3.5149450302124023
5089,-9.86008071899414
5090,-11.272855758666992
5091,1.6286144256591797
5092,-9.72036361694336
5093,5.664756774902344
5094,3.7072019577026367
5095,-12.218708038330078
5096,-12.994954109191895
5097,2.1690235137939453
5098,-12.204978942871094
5099,8.055912971496582
5100,3.7514963150024414
5101,-12.358442306518555
5102,-13.824361801147461
5103,2.358717918395996
5104,-12.63187026977539
5105,8.505462646484375
5106,3.7595815658569336
5107,-12.335861206054688
5108,-13.55611515045166
5109,2.4299116134643555
5110,-12.58339786529541
5111,8.208799362182617
5112,3.725968360900879
5113,-12.19818115234375
5114,-12.954634666442871
5115,2.4132423400878906
5116,-12.472432136535645
5117,7.899353981018066
5118,0.8540639877319336
5119,-2.2573795318603516
5120,-6.392794609069824
5121,0.33131980895996094
5122,-2.425957679748535
5123,-0.45999956130981445
5124,-0.8329477310180664
5125,2.252810478210449
5126,-7.658681869506836
5127,-1.086069107055664
5128,2.2536516189575195
5129,-1.5680186748504639
5130,-0.3222665786743164
5131,8.260628700256348
5132,-7.496720314025879
5133,-0.7647323608398438
5134,7.849390983581543
5135,0.10747432708740234
5136,0.1977691650390625
5137,8.719874382019043
5138,-7.38114070892334
5139,-0.42589855194091797
5140,8.256020545959473
5141,0.13657402992248535
5142,-1.014688491821289
5143,11.238673210144043
5144,-8.984268188476562
5145,-1.4828481674194336
5146,10.562386512756348
5147,-1.2672483921051025
5148,3.7327966690063477
5149,-10.01744270324707
5150,-2.8019328117370605
5151,4.048361778259277
5152,-9.96169662475586
5153,-3.2063844203948975
5154,4.071061134338379
5155,-9.927042007446289
5156,-3.2068560123443604
5157,4.106635093688965
5158,-9.874679565429688
5159,-3.206983804702759
5160,4.03273868560791
5161,-9.961265563964844
5162,-2.272977828979492
5163,4.038043022155762
5164,-9.92929744720459
5165,-2.2744569778442383
5166,4.043225288391113
5167,-9.896421432495117
5168,-2.2749719619750977
5169,4.174525260925293
5170,-9.386205673217773
5171,-4.366057872772217
5172,4.116026878356934
5173,-9.434544563293457
5174,-0.13268351554870605
5175,3.6172056198120117
5176,-9.704439163208008
5177,-3.2199625968933105
5178,3.572442054748535
5179,-9.701902389526367
5180,-2.008640766143799
5181,3.815396308898926
5182,-7.890334606170654
5183,-7.1129302978515625
5184,2.850343704223633
5185,-8.141510009765625
5186,2.2729175090789795
5187,3.78933048248291
5188,-10.631399154663086
5189,-11.255910873413086
5190,2.2228660583496094
5191,-9.803611755371094
5192,6.312844276428223
5193,4.153382301330566
5194,-12.702027320861816
5195,-11.975358009338379
5196,2.314204216003418
5197,-11.959142684936523
5198,8.61027717590332
5199,4.401745796203613
5200,-13.412507057189941
5201,-12.75466537475586
5202,2.4368906021118164
5203,-12.36074161529541
5204,9.085227012634277
5205,4.392952919006348
5206,-13.133075714111328
5207,-12.529780387878418
5208,2.6001815795898438
5209,-12.268739700317383
5210,8.716522216796875
5211,4.374876976013184
5212,-13.042600631713867
5213,-11.923192977905273
5214,2.615663528442383
5215,-12.214543342590332
5216,8.421311378479004
5217,0.8241615295410156
5218,-2.830820083618164
5219,-6.376773834228516
5220,0.380096435546875
5221,-2.900371551513672
5222,-0.4766881465911865
5223,-1.144495964050293
5224,1.2747182846069336
5225,-7.886068344116211
5226,-1.185262680053711
5227,1.2218523025512695
5228,-1.204239845275879
5229,-0.5727663040161133
5230,6.974200248718262
5231,-6.915903091430664
5232,-0.8324155807495117
5233,6.600983619689941
5234,0.4130218029022217
5235,-0.10386276245117188
5236,7.341238975524902
5237,-6.710263729095459
5238,-0.4859170913696289
5239,6.947127342224121
5240,0.4831366539001465
5241,-1.1861886978149414
5242,10.002121925354004
5243,-7.993158340454102
5244,-1.522658348083496
5245,9.210616111755371
5246,-0.7747149467468262
5247,4.305909156799316
5248,-9.852470397949219
5249,-2.108809471130371
5250,4.553189277648926
5251,-9.8408784866333
5252,-2.589505195617676
5253,4.575375556945801
5254,-9.805599212646484
5255,-2.5893354415893555
5256,4.600445747375488
5257,-9.764201164245605
5258,-2.5883283615112305
5259,4.528815269470215
5260,-9.858365058898926
5261,-1.704220175743103
5262,4.5315141677856445
5263,-9.838205337524414
5264,-1.7059351205825806
5265,4.538359642028809
5266,-9.81461238861084
5267,-1.707249641418457
5268,4.611893653869629
5269,-9.351919174194336
5270,-3.8632466793060303
5271,4.571541786193848
5272,-9.396936416625977
5273,0.14388799667358398
5274,4.1721601486206055
5275,-9.526216506958008
5276,-2.5319643020629883
5277,4.1470537185668945
5278,-9.588027000427246
5279,-1.379493236541748
5280,4.081385612487793
5281,-8.120830535888672
5282,-6.861507892608643
5283,3.5389204025268555
5284,-8.025300979614258
5285,2.44547963142395
5286,3.994217872619629
5287,-10.663934707641602
5288,-12.716238975524902
5289,2.310317039489746
5290,-8.576025009155273
5291,7.080443382263184
5292,4.5855302810668945
5293,-13.227638244628906
5294,-16.15873146057129
5295,1.8977365493774414
5296,-10.514518737792969
5297,10.129866600036621
5298,4.8178300857543945
5299,-13.884309768676758
5300,-17.22936248779297
5301,1.8536128997802734
5302,-10.985413551330566
5303,10.980606079101562
5304,4.908905982971191
5305,-13.672713279724121
5306,-16.739974975585938
5307,1.976064682006836
5308,-10.875775337219238
5309,10.374984741210938
5310,4.9143877029418945
5311,-13.556108474731445
5312,-16.075225830078125
5313,1.9994888305664062
5314,-10.765928268432617
5315,9.947890281677246
5316,0.8508377075195312
5317,-3.5983057022094727
5318,-6.363160133361816
5319,0.5497446060180664
5320,-3.402524948120117
5321,-0.48982882499694824
5322,-1.637068748474121
5323,-0.9305381774902344
5324,-7.964367866516113
5325,-1.350815773010254
5326,-0.7892990112304688
5327,-1.0229883193969727
5328,-1.010359764099121
5329,4.842835426330566
5330,-6.656719207763672
5331,-1.0472002029418945
5332,4.558554649353027
5333,0.6507346630096436
5334,-0.47562694549560547
5335,5.4201555252075195
5336,-6.433121681213379
5337,-0.628819465637207
5338,5.010371208190918
5339,0.747326135635376
5340,-1.612553596496582
5341,7.702790260314941
5342,-7.207107067108154
5343,-1.6706132888793945
5344,7.286530494689941
5345,-0.3130829334259033
5346,4.1969499588012695
5347,-9.923845291137695
5348,-2.5321285724639893
5349,4.45516300201416
5350,-9.926337242126465
5351,-3.0584259033203125
5352,4.474637031555176
5353,-9.886640548706055
5354,-3.058680295944214
5355,4.496716499328613
5356,-9.845895767211914
5357,-3.058652639389038
5358,4.448359489440918
5359,-9.939291954040527
5360,-2.141460418701172
5361,4.461350440979004
5362,-9.911722183227539
5363,-2.1429991722106934
5364,4.475659370422363
5365,-9.883745193481445
5366,-2.1444919109344482
5367,4.563908576965332
5368,-9.41236686706543
5369,-4.444815158843994
5370,4.535536766052246
5371,-9.486871719360352
5372,-0.28835082054138184
5373,4.0837202072143555
5374,-9.606023788452148
5375,-2.970613718032837
5376,4.073929786682129
5377,-9.644740104675293
5378,-1.775994062423706
5379,4.151923179626465
5380,-8.125011444091797
5381,-7.307438850402832
5382,3.6695451736450195
5383,-8.045228004455566
5384,2.08870530128479
5385,4.147089958190918
5386,-10.666950225830078
5387,-12.761811256408691
5388,2.8667898178100586
5389,-8.845206260681152
5390,6.100385665893555
5391,4.650465965270996
5392,-13.066722869873047
5393,-15.295729637145996
5394,2.0299596786499023
5395,-10.85521411895752
5396,8.1777982711792
5397,4.87558650970459
5398,-13.773600578308105
5399,-16.358768463134766
5400,2.170037269592285
5401,-11.298810005187988
5402,8.74012565612793
5403,4.985171318054199
5404,-13.664168357849121
5405,-15.897950172424316
5406,2.1775550842285156
5407,-11.276150703430176
5408,8.079463005065918
5409,4.931368827819824
5410,-13.469526290893555
5411,-15.195225715637207
5412,2.1660070419311523
5413,-11.270365715026855
5414,7.898006439208984
5415,0.8787441253662109
5416,-3.7836503982543945
5417,-6.385022163391113
5418,0.6097965240478516
5419,-3.6818342208862305
5420,-0.467667818069458
5421,-1.7227563858032227
5422,-1.0924177169799805
5423,-8.041510581970215
5424,-1.4866647720336914
5425,-1.0197639465332031
5426,-0.9200887680053711
5427,-1.0624523162841797
5428,4.437195777893066
5429,-6.242934226989746
5430,-1.1694116592407227
5431,3.934464454650879
5432,0.920342206954956
5433,-0.5242023468017578
5434,5.049141883850098
5435,-5.988952159881592
5436,-0.6692886352539062
5437,4.638487815856934
5438,1.0428040027618408
5439,-1.7906379699707031
5440,7.1084794998168945
5441,-7.060532569885254
5442,-1.7664604187011719
5443,6.640555381774902
5444,-0.09022736549377441
5445,4.308449745178223
5446,-9.932291984558105
5447,-1.692391037940979
5448,4.523968696594238
5449,-9.965295791625977
5450,-2.1765689849853516
5451,4.545964241027832
5452,-9.92194938659668
5453,-2.1766929626464844
5454,4.563048362731934
5455,-9.889588356018066
5456,-2.177332639694214
5457,4.540291786193848
5458,-9.969825744628906
5459,-1.2453336715698242
5460,4.568737983703613
5461,-9.92547607421875
5462,-1.2464048862457275
5463,4.590359687805176
5464,-9.89457893371582
5465,-1.2484898567199707
5466,4.640748023986816
5467,-9.454076766967773
5468,-3.6178200244903564
5469,4.647614479064941
5470,-9.462790489196777
5471,0.58243727684021
5472,4.18424129486084
5473,-9.61339282989502
5474,-2.143387794494629
5475,4.1981916427612305
5476,-9.625568389892578
5477,-0.9399116039276123
5478,4.140744209289551
5479,-8.296553611755371
5480,-6.456118583679199
5481,3.9107961654663086
5482,-7.8407135009765625
5483,2.9616000652313232
5484,4.166275978088379
5485,-11.027759552001953
5486,-9.285903930664062
5487,3.463587760925293
5488,-9.484868049621582
5489,6.195549011230469
5490,4.950377464294434
5491,-13.648337364196777
5492,-8.042974472045898
5493,3.384467124938965
5494,-11.778499603271484
5495,6.826355934143066
5496,5.15694522857666
5497,-14.194803237915039
5498,-8.690335273742676
5499,3.4373865127563477
5500,-12.32713508605957
5501,7.165236473083496
5502,5.291853904724121
5503,-14.03282356262207
5504,-8.311779975891113
5505,3.5264883041381836
5506,-12.335700988769531
5507,6.576590538024902
5508,5.281865119934082
5509,-13.906718254089355
5510,-7.875707626342773
5511,3.5105180740356445
5512,-12.185752868652344
5513,6.517234802246094
5514,0.9176092147827148
5515,-4.097810745239258
5516,-6.395613670349121
5517,0.7840633392333984
5518,-3.748703956604004
5519,-0.45719051361083984
5520,-1.8649520874023438
5521,-2.4163875579833984
5522,-8.081671714782715
5523,-1.529414176940918
5524,-2.0259904861450195
5525,-0.8574929237365723
5526,-1.265578269958496
5527,3.0044031143188477
5528,-6.24344539642334
5529,-1.2533960342407227
5530,2.9222211837768555
5531,0.8110759258270264
5532,-0.756993293762207
5533,3.70413875579834
5534,-5.9848222732543945
5535,-0.7913169860839844
5536,3.5734758377075195
5537,0.8987843990325928
5538,-2.128263473510742
5539,5.654208183288574
5540,-6.426841735839844
5541,-2.0233726501464844
5542,5.433333396911621
5543,0.07355666160583496
5544,4.715838432312012
5545,-9.925226211547852
5546,-0.3520841598510742
5547,4.955203056335449
5548,-9.86182975769043
5549,-0.8035786151885986
5550,4.965676307678223
5551,-9.810491561889648
5552,-0.8040590286254883
5553,4.976201057434082
5554,-9.76181411743164
5555,-0.8045456409454346
5556,4.9545183181762695
5557,-9.871253967285156
5558,0.1231997013092041
5559,4.960999488830566
5560,-9.821338653564453
5561,0.12208914756774902
5562,4.968321800231934
5563,-9.774284362792969
5564,0.11995291709899902
5565,5.007105827331543
5566,-9.236723899841309
5567,-2.1873276233673096
5568,5.009747505187988
5569,-9.272396087646484
5570,1.9685628414154053
5571,4.527131080627441
5572,-9.590446472167969
5573,-0.8195903301239014
5574,4.505240440368652
5575,-9.58761978149414
5576,0.3742952346801758
5577,4.370339393615723
5578,-8.049785614013672
5579,-5.171154022216797
5580,3.862301826477051
5581,-7.730816841125488
5582,4.225069046020508
5583,3.8614931106567383
5584,-10.747428894042969
5585,-7.308413505554199
5586,2.986135482788086
5587,-9.086538314819336
5588,7.137223243713379
5589,4.242785453796387
5590,-13.411280632019043
5591,-5.492070198059082
5592,2.9354753494262695
5593,-11.510396003723145
5594,7.629229545593262
5595,4.414586067199707
5596,-14.153884887695312
5597,-5.937267303466797
5598,3.0489988327026367
5599,-11.994072914123535
5600,8.136516571044922
5601,4.532811164855957
5602,-14.049005508422852
5603,-5.4232072830200195
5604,3.1241722106933594
5605,-12.163176536560059
5606,7.61885929107666
5607,4.521641731262207
5608,-13.769124984741211
5609,-5.218588352203369
5610,3.09259033203125
5611,-12.005573272705078
5612,7.397636413574219
5613,0.9943695068359375
5614,-3.941577911376953
5615,-6.356597423553467
5616,0.837254524230957
5617,-3.8569393157958984
5618,-0.495805025100708
5619,-1.734116554260254
5620,-4.888863563537598
5621,-8.054633140563965
5622,-1.6773452758789062
5623,-5.0181779861450195
5624,-0.9054791927337646
5625,-1.5682001113891602
5626,0.20648765563964844
5627,-5.618581771850586
5628,-1.6238365173339844
5629,-0.007164955139160156
5630,0.9400594234466553
5631,-1.1020565032958984
5632,1.0463361740112305
5633,-5.279412746429443
5634,-1.1998701095581055
5635,0.8315639495849609
5636,1.0789992809295654
5637,-2.7071495056152344
5638,2.306330680847168
5639,-5.122132301330566
5640,-2.577765464782715
5641,2.1852807998657227
5642,0.7292830944061279
5643,4.617640495300293
5644,-9.950309753417969
5645,-0.31188392639160156
5646,4.87575626373291
5647,-9.901171684265137
5648,-0.7689411640167236
5649,4.892359733581543
5650,-9.852629661560059
5651,-0.7692773342132568
5652,4.908623695373535
5653,-9.804460525512695
5654,-0.7694535255432129
5655,4.874619483947754
5656,-9.904748916625977
5657,0.1318187713623047
5658,4.887885093688965
5659,-9.853741645812988
5660,0.1305837631225586
5661,4.9018449783325195
5662,-9.8026123046875
5663,0.12846684455871582
5664,4.970162391662598
5665,-9.199029922485352
5666,-2.13157320022583
5667,4.981865882873535
5668,-9.227533340454102
5669,1.8972885608673096
5670,4.4447126388549805
5671,-9.622913360595703
5672,-0.7698695659637451
5673,4.416779518127441
5674,-9.6039400100708
5675,0.3918311595916748
5676,4.3467607498168945
5677,-7.960927963256836
5678,-5.022917747497559
5679,3.727288246154785
5680,-7.594910621643066
5681,4.136509895324707
5682,3.783135414123535
5683,-10.748407363891602
5684,-6.264251232147217
5685,2.3888626098632812
5686,-8.835641860961914
5687,7.018648147583008
5688,4.0838518142700195
5689,-13.336572647094727
5690,-3.3561148643493652
5691,1.923741340637207
5692,-10.415946006774902
5693,7.528572082519531
5694,4.2573652267456055
5695,-13.988304138183594
5696,-3.6684694290161133
5697,1.8666048049926758
5698,-10.741937637329102
5699,8.11225700378418
5700,4.391289710998535
5701,-13.877863883972168
5702,-3.2266805171966553
5703,1.9813451766967773
5704,-10.79789924621582
5705,7.46492862701416
5706,4.3408098220825195
5707,-13.689878463745117
5708,-3.0920400619506836
5709,1.9100866317749023
5710,-10.667840957641602
5711,7.274462699890137
5712,1.0032434463500977
5713,-3.989643096923828
5714,-6.298346519470215
5715,0.8520927429199219
5716,-3.7719764709472656
5717,-0.5544865131378174
5718,-1.6986675262451172
5719,-5.164632797241211
5720,-8.096474647521973
5721,-1.7273311614990234
5722,-4.992694854736328
5723,-0.844778299331665
5724,-1.6302108764648438
5725,0.010737419128417969
5726,-5.646519660949707
5727,-1.6920223236083984
5728,-0.16861820220947266
5729,1.0374014377593994
5730,-1.191183090209961
5731,0.8465604782104492
5732,-5.317433834075928
5733,-1.2884273529052734
5734,0.705744743347168
5735,1.1860687732696533
5736,-2.718484878540039
5737,2.06333065032959
5738,-5.163641452789307
5739,-2.6159400939941406
5740,1.8503808975219727
5741,1.1332566738128662
5742,4.736027717590332
5743,-9.82491683959961
5744,-0.12114286422729492
5745,4.996016502380371
5746,-9.750757217407227
5747,-0.5182173252105713
5748,5.006360054016113
5749,-9.698983192443848
5750,-0.5181441307067871
5751,4.998833656311035
5752,-9.631027221679688
5753,-0.5181243419647217
5754,4.987057685852051
5755,-9.732114791870117
5756,0.33379197120666504
5757,4.998196601867676
5758,-9.674320220947266
5759,0.3326449394226074
5760,5.0096845626831055
5761,-9.615640640258789
5762,0.33150768280029297
5763,5.036372184753418
5764,-9.053014755249023
5765,-1.723710298538208
5766,5.056435585021973
5767,-9.055870056152344
5768,2.1031248569488525
5769,4.537148475646973
5770,-9.478737831115723
5771,-0.5263762474060059
5772,4.518385887145996
5773,-9.45154857635498
5774,0.584489107131958
5775,4.3112993240356445
5776,-7.965230464935303
5777,-4.722597599029541
5778,3.82436466217041
5779,-7.388543128967285
5780,4.259530067443848
5781,3.5629167556762695
5782,-9.915525436401367
5783,-8.24463176727295
5784,2.131985664367676
5785,-8.381458282470703
5786,7.270686149597168
5787,3.7852792739868164
5788,-12.490218162536621
5789,-8.608709335327148
5790,1.0208616256713867
5791,-9.85855484008789
5792,8.155661582946777
5793,4.148163795471191
5794,-13.286606788635254
5795,-9.69119930267334
5796,0.8884267807006836
5797,-10.212615966796875
5798,8.924595832824707
5799,4.028246879577637
5800,-13.292230606079102
5801,-8.224935531616211
5802,0.9308004379272461
5803,-10.258251190185547
5804,8.140097618103027
5805,3.9925832748413086
5806,-13.037595748901367
5807,-8.0609769821167
5808,0.9130487442016602
5809,-10.131324768066406
5810,7.880763053894043
5811,1.0222196578979492
5812,-4.24051570892334
5813,-6.3127264976501465
5814,0.9270772933959961
5815,-3.651364326477051
5816,-0.5403470993041992
5817,-1.6189079284667969
5818,-6.7087202072143555
5819,-6.981855392456055
5820,-1.6649551391601562
5821,-5.689356803894043
5822,0.24344253540039062
5823,-1.8029327392578125
5824,-1.2748050689697266
5825,-5.590550899505615
5826,-1.812037467956543
5827,-1.1608285903930664
5828,1.0755670070648193
5829,-1.4764595031738281
5830,-0.5989780426025391
5831,-5.347721099853516
5832,-1.4152545928955078
5833,-0.23920345306396484
5834,1.2487156391143799
5835,-2.6845598220825195
5836,0.13250255584716797
5837,-4.749200820922852
5838,-2.724153518676758
5839,0.3682136535644531
5840,1.3165123462677002
5841,4.847729682922363
5842,-9.56525993347168
5843,0.21381497383117676
5844,5.107026100158691
5845,-9.530745506286621
5846,-0.16753077507019043
5847,5.1355180740356445
5848,-9.474773406982422
5849,-0.16785430908203125
5850,5.148831367492676
5851,-9.418766021728516
5852,-0.16780877113342285
5853,5.085780143737793
5854,-9.504798889160156
5855,0.6812183856964111
5856,5.09262752532959
5857,-9.457231521606445
5858,0.6804182529449463
5859,5.100619316101074
5860,-9.409860610961914
5861,0.6787798404693604
5862,5.148903846740723
5863,-8.913762092590332
5864,-1.432347297668457
5865,5.124077796936035
5866,-8.927400588989258
5867,2.3862273693084717
5868,4.670903205871582
5869,-9.227067947387695
5870,-0.2469959259033203
5871,4.6515302658081055
5872,-9.207615852355957
5873,0.863694429397583
5874,4.456246376037598
5875,-7.6841888427734375
5876,-4.368434429168701
5877,3.731112480163574
5878,-7.229616165161133
5879,4.404082298278809
5880,3.341689109802246
5881,-8.682656288146973
5882,-7.860781669616699
5883,2.0919275283813477
5884,-8.07622241973877
5885,6.429616928100586
5886,2.639667510986328
5887,-11.65005874633789
5888,-9.043036460876465
5889,1.051828384399414
5890,-10.324934005737305
5891,6.451813697814941
5892,2.4188499450683594
5893,-12.313729286193848
5894,-10.199536323547363
5895,0.9574146270751953
5896,-10.765378952026367
5897,6.998894691467285
5898,2.593581199645996
5899,-12.40716552734375
5900,-8.397106170654297
5901,0.9917707443237305
5902,-11.125558853149414
5903,6.024284362792969
5904,2.665498733520508
5905,-12.160761833190918
5906,-8.298063278198242
5907,0.9839725494384766
5908,-11.0028076171875
5909,6.091991424560547
5910,1.1947441101074219
5911,-4.306829452514648
5912,-6.310146331787109
5913,0.9538679122924805
5914,-3.6707162857055664
5915,-0.5435695648193359
5916,-0.5834836959838867
5917,-8.918740272521973
5918,-7.2235612869262695
5919,-1.1704206466674805
5920,-6.460727691650391
5921,0.047661781311035156
5922,-2.323598861694336
5923,-4.556942939758301
5924,-7.1142168045043945
5925,-2.9363832473754883
5926,-3.79180908203125
5927,-0.9937155246734619
5928,-2.4121952056884766
5929,-3.4484872817993164
5930,-7.070979118347168
5931,-3.124800682067871
5932,-2.9284486770629883
5933,-1.1172852516174316
5934,-3.333772659301758
5935,-4.8502044677734375
5936,-5.565834999084473
5937,-3.9195995330810547
5938,-4.656871795654297
5939,-1.4334372282028198
5940,4.87363338470459
5941,-9.467320442199707
5942,0.16404938697814941
5943,5.09024715423584
5944,-9.417991638183594
5945,-0.20776963233947754
5946,5.106226921081543
5947,-9.366205215454102
5948,-0.20834040641784668
5949,5.143523216247559
5950,-9.322248458862305
5951,-0.2090282440185547
5952,5.085562705993652
5953,-9.40263557434082
5954,0.6021220684051514
5955,5.094485282897949
5956,-9.355781555175781
5957,0.6013753414154053
5958,5.105439186096191
5959,-9.30880355834961
5960,0.6001040935516357
5961,5.156542778015137
5962,-8.809707641601562
5963,-1.4534434080123901
5964,5.138121604919434
5965,-8.839540481567383
5966,2.1764891147613525
5967,4.715104103088379
5968,-9.104586601257324
5969,-0.28621387481689453
5970,4.679608345031738
5971,-9.076756477355957
5972,0.7709782123565674
5973,4.474240303039551
5974,-7.532445907592773
5975,-4.3787031173706055
5976,3.78800106048584
5977,-7.1552324295043945
5978,4.2619218826293945
5979,3.2275304794311523
5980,-8.0626220703125
5981,-7.724539756774902
5982,2.185213088989258
5983,-7.9497504234313965
5984,6.384624481201172
5985,2.2783308029174805
5986,-11.294856071472168
5987,-9.176109313964844
5988,1.1554365158081055
5989,-10.540770530700684
5990,6.407567977905273
5991,1.9886722564697266
5992,-11.927785873413086
5993,-10.328949928283691
5994,1.111475944519043
5995,-10.998345375061035
5996,6.937225341796875
5997,2.2530927658081055
5998,-12.09964656829834
5999,-8.794022560119629
6000,1.1523094177246094
6001,-11.417840957641602
6002,6.136468887329102
6003,2.2458276748657227
6004,-11.790946006774902
6005,-8.44010066986084
6006,1.1234397888183594
6007,-11.293717384338379
6008,6.088100433349609
6009,1.3137226104736328
6010,-4.2792253494262695
6011,-6.224386215209961
6012,0.9779853820800781
6013,-3.693746566772461
6014,-0.6289932727813721
6015,-0.3146858215332031
6016,-9.077699661254883
6017,-6.540605545043945
6018,-1.0326118469238281
6019,-7.1543989181518555
6020,-0.047339677810668945
6021,-2.13803768157959
6022,-4.771761894226074
6023,-7.052629470825195
6024,-2.486849784851074
6025,-3.9299612045288086
6026,-0.8780093193054199
6027,-2.1603517532348633
6028,-3.7286500930786133
6029,-6.9393415451049805
6030,-2.519542694091797
6031,-3.1017913818359375
6032,-0.965355634689331
6033,-3.1201047897338867
6034,-4.683028221130371
6035,-6.015111923217773
6036,-3.395838737487793
6037,-4.270869255065918
6038,-1.1331417560577393
6039,4.862746238708496
6040,-9.43269157409668
6041,0.8047282695770264
6042,5.090746879577637
6043,-9.270243644714355
6044,0.46909022331237793
6045,5.100499153137207
6046,-9.222380638122559
6047,0.4684746265411377
6048,5.114510536193848
6049,-9.180559158325195
6050,0.4678828716278076
6051,5.0773725509643555
6052,-9.25050163269043
6053,1.2457878589630127
6054,5.075343132019043
6055,-9.190168380737305
6056,1.2451660633087158
6057,5.086092948913574
6058,-9.087236404418945
6059,1.2434852123260498
6060,5.08608341217041
6061,-8.54554557800293
6062,-0.7293858528137207
6063,5.055182456970215
6064,-8.474517822265625
6065,2.768364667892456
6066,4.70473575592041
6067,-9.03955364227295
6068,0.3517110347747803
6069,4.676051139831543
6070,-9.021142959594727
6071,1.3704311847686768
6072,4.359234809875488
6073,-7.514874458312988
6074,-3.750121831893921
6075,3.669774055480957
6076,-6.821099281311035
6077,4.586736679077148
6078,3.0623960494995117
6079,-7.735088348388672
6080,-6.702280521392822
6081,2.0752363204956055
6082,-7.828586101531982
6083,6.183497428894043
6084,1.8232669830322266
6085,-11.092273712158203
6086,-8.397571563720703
6087,1.0958929061889648
6088,-10.423238754272461
6089,5.8754472732543945
6090,1.588088035583496
6091,-11.706376075744629
6092,-9.304161071777344
6093,1.0909614562988281
6094,-10.87427043914795
6095,6.286391258239746
6096,1.631241798400879
6097,-11.827831268310547
6098,-8.522246360778809
6099,1.140517234802246
6100,-11.296247482299805
6101,5.467861175537109
6102,1.666372299194336
6103,-11.553067207336426
6104,-8.055749893188477
6105,1.1106452941894531
6106,-11.176063537597656
6107,5.53449821472168
6108,1.3112983703613281
6109,-4.33559513092041
6110,-6.160338401794434
6111,0.9713544845581055
6112,-3.6288862228393555
6113,-0.694129228591919
6114,0.0400390625
6115,-9.732704162597656
6116,-6.567923069000244
6117,-0.4389762878417969
6118,-7.930723667144775
6119,-0.10976052284240723
6120,-2.1581125259399414
6121,-6.054800033569336
6122,-7.024889945983887
6123,-2.2180070877075195
6124,-5.636665344238281
6125,-1.025977611541748
6126,-2.326535224914551
6127,-4.946051597595215
6128,-6.957059383392334
6129,-2.3009214401245117
6130,-4.8290300369262695
6131,-1.1383674144744873
6132,-3.0307111740112305
6133,-6.605863571166992
6134,-6.296750068664551
6135,-3.0728282928466797
6136,-6.449109077453613
6137,-1.3379297256469727
6138,4.88809871673584
6139,-8.582605361938477
6140,-0.9025986194610596
6141,5.103920936584473
6142,-8.260505676269531
6143,-1.443829894065857
6144,5.113713264465332
6145,-8.187875747680664
6146,-1.4459789991378784
6147,5.1240739822387695
6148,-8.123184204101562
6149,-1.4476120471954346
6150,5.097285270690918
6151,-8.244741439819336
6152,-0.6247906684875488
6153,5.0947370529174805
6154,-8.180713653564453
6155,-0.6245803833007812
6156,5.076445579528809
6157,-8.0826416015625
6158,-0.6244008541107178
6159,5.0342206954956055
6160,-7.4849982261657715
6161,-3.016465425491333
6162,4.978405952453613
6163,-7.4493255615234375
6164,0.7389543056488037
6165,4.705868721008301
6166,-8.326618194580078
6167,-1.5177953243255615
6168,4.6831159591674805
6169,-8.331318855285645
6170,-0.4293947219848633
6171,4.176587104797363
6172,-6.762942314147949
6173,-5.974678039550781
6174,3.596562385559082
6175,-6.392351150512695
6176,3.2147767543792725
6177,2.6398353576660156
6178,-7.2729291915893555
6179,-7.86155891418457
6180,2.002197265625
6181,-7.710308074951172
6182,3.840653657913208
6183,1.3168764114379883
6184,-10.990209579467773
6185,-7.925013542175293
6186,0.9823055267333984
6187,-10.110835075378418
6188,2.1686456203460693
6189,0.9496603012084961
6190,-11.690481185913086
6191,-8.728954315185547
6192,0.9705820083618164
6193,-10.542713165283203
6194,2.374511957168579
6195,1.1058988571166992
6196,-11.701667785644531
6197,-8.101676940917969
6198,1.018320083618164
6199,-10.830997467041016
6200,1.5135562419891357
6201,1.2727622985839844
6202,-11.390780448913574
6203,-7.6387529373168945
6204,1.0104761123657227
6205,-10.710840225219727
6206,1.7343456745147705
6207,1.1853675842285156
6208,-4.153960227966309
6209,-6.174205780029297
6210,0.9426651000976562
6211,-3.8259124755859375
6212,-0.6810097694396973
6213,1.0691499710083008
6214,-9.834829330444336
6215,-6.627948760986328
6216,0.6805267333984375
6217,-9.118112564086914
6218,-0.12978386878967285
6219,-1.8294792175292969
6220,-8.178752899169922
6221,-4.801155090332031
6222,-2.011876106262207
6223,-8.014884948730469
6224,-0.4050149917602539
6225,-1.9765739440917969
6226,-7.114030838012695
6227,-4.5194010734558105
6228,-2.0303173065185547
6229,-7.208176612854004
6230,-0.4371800422668457
6231,-2.829239845275879
6232,-9.720841407775879
6233,-4.340232849121094
6234,-2.878596305847168
6235,-9.76492691040039
6236,-0.9322762489318848
6237,4.789614677429199
6238,-8.177590370178223
6239,-0.7821757793426514
6240,5.019129753112793
6241,-7.940814971923828
6242,-1.219970703125
6243,5.029343605041504
6244,-7.889583587646484
6245,-1.2209935188293457
6246,5.0392351150512695
6247,-7.839900970458984
6248,-1.2214574813842773
6249,5.009329795837402
6250,-7.933445453643799
6251,-0.43564343452453613
6252,5.010098457336426
6253,-7.878690242767334
6254,-0.43599748611450195
6255,5.0066728591918945
6256,-7.810300350189209
6257,-0.437152624130249
6258,4.9690656661987305
6259,-7.278284072875977
6260,-2.5876991748809814
6261,4.934781074523926
6262,-7.195426940917969
6263,0.9352514743804932
6264,4.599423408508301
6265,-7.955191135406494
6266,-1.289778470993042
6267,4.572850227355957
6268,-7.953226566314697
6269,-0.26092100143432617
6270,4.075360298156738
6271,-6.517667770385742
6272,-5.455030918121338
6273,3.6490583419799805
6274,-5.99544620513916
6275,3.1649038791656494
6276,2.53680419921875
6277,-7.257264614105225
6278,-7.204883098602295
6279,2.058408737182617
6280,-7.528206825256348
6281,3.8853814601898193
6282,1.3339557647705078
6283,-10.81294059753418
6284,-7.028736114501953
6285,0.9787225723266602
6286,-10.083986282348633
6287,2.4784510135650635
6288,0.931920051574707
6289,-11.606451988220215
6290,-7.717280387878418
6291,0.9328346252441406
6292,-10.53759479522705
6293,2.6932599544525146
6294,1.0875177383422852
6295,-11.651220321655273
6296,-7.1847076416015625
6297,0.9464235305786133
6298,-10.731622695922852
6299,1.9462254047393799
6300,1.160893440246582
6301,-11.360228538513184
6302,-6.7811689376831055
6303,0.9571208953857422
6304,-10.624298095703125
6305,2.1053154468536377
6306,1.1809511184692383
6307,-4.376507759094238
6308,-6.145903587341309
6309,0.9346189498901367
6310,-3.9795398712158203
6311,-0.7102630138397217
6312,1.1012744903564453
6313,-9.678694725036621
6314,-6.284076690673828
6315,0.865147590637207
6316,-8.588499069213867
6317,0.0603792667388916
6318,-1.7334022521972656
6319,-8.345892906188965
6320,-5.533618927001953
6321,-1.9491806030273438
6322,-8.336910247802734
6323,-0.5986614227294922
6324,-1.8687458038330078
6325,-7.456719875335693
6326,-5.325550556182861
6327,-1.866098403930664
6328,-7.7308669090271
6329,-0.7153329849243164
6330,-2.683450698852539
6331,-10.062779426574707
6332,-5.479998588562012
6333,-2.8068466186523438
6334,-10.194500923156738
6335,-1.1582252979278564
6336,4.934020042419434
6337,-7.696345806121826
6338,-3.7682383060455322
6339,5.155535697937012
6340,-7.413509368896484
6341,-4.248945713043213
6342,5.158921241760254
6343,-7.358394622802734
6344,-4.250730991363525
6345,5.162814140319824
6346,-7.285950660705566
6347,-4.252338409423828
6348,5.15213680267334
6349,-7.420966148376465
6350,-3.4119551181793213
6351,5.153267860412598
6352,-7.3723955154418945
6353,-3.4119529724121094
6354,5.152132987976074
6355,-7.317174911499023
6356,-3.4127960205078125
6357,5.0263872146606445
6358,-6.701525688171387
6359,-5.466054916381836
6360,5.029305458068848
6361,-6.7165422439575195
6362,-1.701086163520813
6363,4.688445091247559
6364,-7.532598495483398
6365,-4.207820415496826
6366,4.6660051345825195
6367,-7.562520503997803
6368,-3.1096668243408203
6369,4.004153251647949
6370,-6.034252166748047
6371,-8.050389289855957
6372,3.6737680435180664
6373,-5.991429328918457
6374,1.0087497234344482
6375,2.350430488586426
6376,-6.886774063110352
6377,-9.077997207641602
6378,2.028456687927246
6379,-7.52680778503418
6380,1.6902258396148682
6381,1.1977720260620117
6382,-10.58990478515625
6383,-7.572880744934082
6384,0.99444580078125
6385,-9.920141220092773
6386,-0.060281991958618164
6387,0.8798751831054688
6388,-11.526017189025879
6389,-8.561469078063965
6390,0.9553518295288086
6391,-10.355165481567383
6392,0.014699697494506836
6393,1.0795173645019531
6394,-11.596813201904297
6395,-8.03154182434082
6396,0.9782257080078125
6397,-10.542898178100586
6398,-0.8040163516998291
6399,1.1766109466552734
6400,-11.295920372009277
6401,-7.314888954162598
6402,0.9865789413452148
6403,-10.42831039428711
6404,-0.4925861358642578
6405,0.9029521942138672
6406,-4.206703186035156
6407,-6.159978866577148
6408,0.9320793151855469
6409,-4.259037017822266
6410,-0.6985321044921875
6411,1.397395133972168
6412,-9.504673957824707
6413,-6.66241979598999
6414,1.6014480590820312
6415,-9.429361343383789
6416,-0.4163508415222168
6417,-1.588486671447754
6418,-9.320941925048828
6419,-3.9988882541656494
6420,-1.0774641036987305
6421,-9.882133483886719
6422,-0.25972557067871094
6423,-1.6763067245483398
6424,-8.666419982910156
6425,-3.6407470703125
6426,-1.485757827758789
6427,-9.46237850189209
6428,-0.2989223003387451
6429,-2.395291328430176
6430,-11.505280494689941
6431,-3.5527210235595703
6432,-1.5448017120361328
6433,-11.631543159484863
6434,-0.7885119915008545
6435,5.216006278991699
6436,-5.914501190185547
6437,-4.873952388763428
6438,5.3357038497924805
6439,-5.584794044494629
6440,-5.439562797546387
6441,5.326455116271973
6442,-5.55074405670166
6443,-5.44163179397583
6444,5.3140058517456055
6445,-5.509613037109375
6446,-5.44329309463501
6447,5.3322858810424805
6448,-5.566994667053223
6449,-4.643181800842285
6450,5.322756767272949
6451,-5.5246686935424805
6452,-4.64392614364624
6453,5.305966377258301
6454,-5.47877311706543
6455,-4.64497184753418
6456,5.077715873718262
6457,-5.2125244140625
6458,-6.754457473754883
6459,5.088425636291504
6460,-5.195276260375977
6461,-3.154151439666748
6462,4.922041893005371
6463,-6.012916564941406
6464,-5.302464962005615
6465,4.922144889831543
6466,-5.989743232727051
6467,-4.25272274017334
6468,4.0199174880981445
6469,-5.416110992431641
6470,-9.057926177978516
6471,3.722834587097168
6472,-5.232000350952148
6473,-0.22120213508605957
6474,2.361905097961426
6475,-6.406050682067871
6476,-9.672451972961426
6477,2.006298065185547
6478,-6.745173454284668
6479,0.6695005893707275
6480,1.4724559783935547
6481,-9.716269493103027
6482,-8.177871704101562
6483,1.2544631958007812
6484,-9.277351379394531
6485,-1.0713675022125244
6486,1.2485008239746094
6487,-10.540628433227539
6488,-9.380311965942383
6489,1.2559776306152344
6490,-9.655557632446289
6491,-1.021247386932373
6492,1.4488887786865234
6493,-10.77303695678711
6494,-9.025555610656738
6495,1.3102636337280273
6496,-9.917695045471191
6497,-1.8691308498382568
6498,1.5290651321411133
6499,-10.421737670898438
6500,-8.0191011428833
6501,1.3214616775512695
6502,-9.83973503112793
6503,-1.50155508518219
6504,0.794281005859375
6505,-4.344400405883789
6506,-6.165338516235352
6507,0.9004840850830078
6508,-4.181447982788086
6509,-0.6885349750518799
6510,2.3772363662719727
6511,-9.054481506347656
6512,-6.789155006408691
6513,2.6495256423950195
6514,-8.377037048339844
6515,0.07948684692382812
6516,-0.5408725738525391
6517,-10.365589141845703
6518,-4.374188423156738
6519,0.014983177185058594
6520,-9.601327896118164
6521,2.1370556354522705
6522,-0.9774017333984375
6523,-9.868538856506348
6524,-4.12621545791626
6525,-0.4932231903076172
6526,-9.376523971557617
6527,2.2554385662078857
6528,-0.39420032501220703
6529,-12.503791809082031
6530,-4.6184210777282715
6531,-0.1604299545288086
6532,-11.333406448364258
6533,1.5707528591156006
6534,5.269505500793457
6535,-5.701910018920898
6536,-4.484159469604492
6537,5.353741645812988
6538,-5.301409721374512
6539,-5.061009407043457
6540,5.339703559875488
6541,-5.264444351196289
6542,-5.063056468963623
6543,5.321038246154785
6544,-5.2229719161987305
6545,-5.064302444458008
6546,5.348160743713379
6547,-5.282059669494629
6548,-4.21162223815918
6549,5.333434104919434
6550,-5.220464706420898
6551,-4.211422443389893
6552,5.313765525817871
6553,-5.16175651550293
6554,-4.212528228759766
6555,5.076205253601074
6556,-4.887190818786621
6557,-6.521604537963867
6558,5.083035469055176
6559,-4.806450843811035
6560,-2.682915449142456
6561,4.996182441711426
6562,-5.779169082641602
6563,-4.980748176574707
6564,4.986754417419434
6565,-5.777453422546387
6566,-3.8669495582580566
6567,4.033370018005371
6568,-5.272400856018066
6569,-9.110298156738281
6570,3.6742448806762695
6571,-4.955329895019531
6572,0.23264646530151367
6573,2.3487119674682617
6574,-6.425787925720215
6575,-9.810654640197754
6576,1.9823122024536133
6577,-6.449440002441406
6578,1.0214970111846924
6579,1.5565977096557617
6580,-9.704928398132324
6581,-8.293121337890625
6582,1.2531089782714844
6583,-8.895198822021484
6584,-0.8216686248779297
6585,1.3260374069213867
6586,-10.404401779174805
6587,-9.45060920715332
6588,1.2297773361206055
6589,-9.24797248840332
6590,-0.8118243217468262
6591,1.4967870712280273
6592,-10.629993438720703
6593,-9.204776763916016
6594,1.2798290252685547
6595,-9.456024169921875
6596,-1.6552824974060059
6597,1.5568122863769531
6598,-10.336702346801758
6599,-8.058061599731445
6600,1.3094816207885742
6601,-9.35076904296875
6602,-1.263357162475586
6603,0.708949089050293
6604,-4.641341209411621
6605,-6.274820327758789
6606,0.8434886932373047
6607,-4.499485969543457
6608,-0.5763208866119385
6609,2.624530792236328
6610,-9.408685684204102
6611,-6.790346145629883
6612,2.8312911987304688
6613,-8.295792579650879
6614,0.6735923290252686
6615,-0.1378488540649414
6616,-10.220967292785645
6617,-3.4774155616760254
6618,0.4157428741455078
6619,-9.407243728637695
6620,1.9755451679229736
6621,-0.6466045379638672
6622,-9.868924140930176
6623,-3.1080169677734375
6624,-0.013093948364257812
6625,-9.18486213684082
6626,2.0151712894439697
6627,-0.20026683807373047
6628,-12.410926818847656
6629,-3.320990800857544
6630,0.17694091796875
6631,-10.952864646911621
6632,1.393040418624878
6633,5.271332740783691
6634,-4.814305305480957
6635,-3.727609872817993
6636,5.337409019470215
6637,-4.452980041503906
6638,-4.308258533477783
6639,5.321978569030762
6640,-4.423542022705078
6641,-4.31025505065918
6642,5.302674293518066
6643,-4.390894889831543
6644,-4.311527729034424
6645,5.3266191482543945
6646,-4.4309282302856445
6647,-3.4743738174438477
6648,5.306942939758301
6649,-4.386370658874512
6650,-3.474177837371826
6651,5.285143852233887
6652,-4.339713096618652
6653,-3.4751486778259277
6654,5.053372383117676
6655,-4.176259994506836
6656,-5.841055870056152
6657,5.055054664611816
6658,-4.078094482421875
6659,-2.0799710750579834
6660,5.00009822845459
6661,-4.965869903564453
6662,-4.241384506225586
6663,4.985810279846191
6664,-4.957633018493652
6665,-3.1466052532196045
6666,4.0381269454956055
6667,-4.851128578186035
6668,-8.496459007263184
6669,3.681340217590332
6670,-4.457202911376953
6671,0.7119357585906982
6672,2.369389533996582
6673,-6.224106788635254
6674,-9.682482719421387
6675,1.9720487594604492
6676,-5.804563522338867
6677,1.5443007946014404
6678,1.6479225158691406
6679,-9.471343040466309
6680,-8.061664581298828
6681,1.4663581848144531
6682,-7.897017002105713
6683,-0.3295772075653076
6684,1.4121026992797852
6685,-10.165258407592773
6686,-9.005029678344727
6687,1.4264640808105469
6688,-8.139837265014648
6689,-0.28795766830444336
6690,1.7763938903808594
6691,-10.329353332519531
6692,-8.70180606842041
6693,1.545039176940918
6694,-8.306897163391113
6695,-1.0749330520629883
6696,1.8427162170410156
6697,-10.002685546875
6698,-7.87675666809082
6699,1.601125717163086
6700,-8.242392539978027
6701,-0.7364559173583984
6702,0.6975822448730469
6703,-4.979714393615723
6704,-6.302894592285156
6705,0.8106184005737305
6706,-4.67237663269043
6707,-0.5469286441802979
6708,2.9574594497680664
6709,-9.234018325805664
6710,-6.730157852172852
6711,2.9918575286865234
6712,-7.830914497375488
6713,0.7785165309906006
6714,0.1651010513305664
6715,-10.612146377563477
6716,-4.062793731689453
6717,0.8130073547363281
6718,-9.802606582641602
6719,1.9664361476898193
6720,-0.37419605255126953
6721,-10.337443351745605
6722,-3.776104688644409
6723,0.18850421905517578
6724,-9.814037322998047
6725,2.000990629196167
6726,0.20638561248779297
6727,-13.039273262023926
6728,-4.164281368255615
6729,0.6385316848754883
6730,-11.168481826782227
6731,1.3844940662384033
6732,5.092011451721191
6733,-3.1270933151245117
6734,-4.927858352661133
6735,5.174025535583496
6736,-2.665050506591797
6737,-5.69842529296875
6738,5.162142753601074
6739,-2.65889835357666
6740,-5.700546741485596
6741,5.028626441955566
6742,-3.163515090942383
6743,-5.702605247497559
6744,5.166197776794434
6745,-2.4772157669067383
6746,-4.848360538482666
6747,5.148293495178223
6748,-2.473170280456543
6749,-4.848563194274902
6750,5.126534461975098
6751,-2.48311710357666
6752,-4.849536418914795
6753,4.898053169250488
6754,-2.5659570693969727
6755,-7.396833419799805
6756,4.896822929382324
6757,-2.406426429748535
6758,-3.547731876373291
6759,4.816679954528809
6760,-3.334972381591797
6761,-5.438300132751465
6762,4.809636116027832
6763,-3.3367366790771484
6764,-4.321793079376221
6765,4.00321102142334
6766,-3.9271411895751953
6767,-9.377361297607422
6768,3.6186323165893555
6769,-3.790593147277832
6770,-0.24286150932312012
6771,2.401068687438965
6772,-6.0216522216796875
6773,-9.810468673706055
6774,2.1218748092651367
6775,-5.853248596191406
6776,0.72273850440979
6777,2.716158866882324
6778,-8.924375534057617
6779,-8.175527572631836
6780,2.577958106994629
6781,-7.9479241371154785
6782,-1.652618408203125
6783,2.8060522079467773
6784,-9.488484382629395
6785,-9.350887298583984
6786,2.7290382385253906
6787,-8.165210723876953
6788,-1.6253666877746582
6789,3.0551071166992188
6790,-9.445756912231445
6791,-9.052145957946777
6792,2.9130935668945312
6793,-8.347618103027344
6794,-2.4816699028015137
6795,3.025118827819824
6796,-9.20634937286377
6797,-8.009339332580566
6798,2.8938589096069336
6799,-8.30654525756836
6800,-2.077970504760742
6801,0.6917095184326172
6802,-5.157308578491211
6803,-6.304593086242676
6804,0.7715587615966797
6805,-4.806095123291016
6806,-0.5462496280670166
6807,3.5707406997680664
6808,-8.344123840332031
6809,-6.094119071960449
6810,3.5573225021362305
6811,-7.832821846008301
6812,0.5509579181671143
6813,1.1450471878051758
6814,-10.442939758300781
6815,-2.0987958908081055
6816,1.2755374908447266
6817,-10.250663757324219
6818,1.6752631664276123
6819,0.6496400833129883
6820,-10.542245864868164
6821,-1.6586822271347046
6822,0.7027988433837891
6823,-10.448084831237793
6824,1.724865198135376
6825,1.3019227981567383
6826,-11.893491744995117
6827,-1.618438959121704
6828,1.0549688339233398
6829,-11.798965454101562
6830,1.0898106098175049
6831,5.04282283782959
6832,-2.9180212020874023
6833,-3.931641101837158
6834,5.104660987854004
6835,-2.5262975692749023
6836,-4.560494422912598
6837,5.09224796295166
6838,-2.507298469543457
6839,-4.562265396118164
6840,5.031563758850098
6841,-2.4651947021484375
6842,-4.56402587890625
6843,5.087433815002441
6844,-2.455813407897949
6845,-3.696237564086914
6846,5.066035270690918
6847,-2.429171562194824
6848,-3.696434497833252
6849,5.043065071105957
6850,-2.402045249938965
6851,-3.6972768306732178
6852,4.820128440856934
6853,-2.392641067504883
6854,-6.1103410720825195
6855,4.797835350036621
6856,-2.2816848754882812
6857,-2.187821865081787
6858,4.782292366027832
6859,-3.15097713470459
6860,-4.436224937438965
6861,4.740904808044434
6862,-3.2182416915893555
6863,-3.3016116619110107
6864,3.9790239334106445
6865,-3.627896308898926
6866,-8.53062629699707
6867,3.5474157333374023
6868,-3.3593435287475586
6869,0.7052395343780518
6870,2.4282665252685547
6871,-5.912371635437012
6872,-9.097285270690918
6873,2.2791805267333984
6874,-5.872302055358887
6875,1.9390413761138916
6876,3.0184240341186523
6877,-8.81540298461914
6878,-7.3763322830200195
6879,2.9442358016967773
6880,-8.086977005004883
6881,0.21731996536254883
6882,3.1843576431274414
6883,-9.435192108154297
6884,-8.246615409851074
6885,3.012761116027832
6886,-8.379167556762695
6887,0.35511326789855957
6888,3.4018125534057617
6889,-9.253997802734375
6890,-7.889189720153809
6891,3.2072935104370117
6892,-8.531286239624023
6893,-0.5332200527191162
6894,3.371109962463379
6895,-9.055988311767578
6896,-7.19513463973999
6897,3.2737512588500977
6898,-8.36023235321045
6899,-0.22267913818359375
6900,0.6954784393310547
6901,-5.586020469665527
6902,-6.32031774520874
6903,0.7404060363769531
6904,-5.236688613891602
6905,-0.5287215709686279
6906,3.634758949279785
6907,-8.278701782226562
6908,-6.402030944824219
6909,3.377169609069824
6910,-7.208220481872559
6911,0.3782389163970947
6912,1.2865476608276367
6913,-10.632139205932617
6914,-2.967902183532715
6915,1.4820423126220703
6916,-10.004483222961426
6917,1.3772356510162354
6918,0.8233976364135742
6919,-10.636590957641602
6920,-2.5575942993164062
6921,1.0244131088256836
6922,-10.239648818969727
6923,1.3186748027801514
6924,1.435251235961914
6925,-12.814714431762695
6926,-2.2911887168884277
6927,1.4235410690307617
6928,-12.052935600280762
6929,0.7275478839874268
6930,4.9326372146606445
6931,-1.7168083190917969
6932,-3.6633193492889404
6933,4.9891862869262695
6934,-1.2060699462890625
6935,-4.361985683441162
6936,4.97066593170166
6937,-1.2361392974853516
6938,-4.364405632019043
6939,4.9298810958862305
6940,-1.232377052307129
6941,-4.366334438323975
6942,4.954474449157715
6943,-1.1104564666748047
6944,-3.519852876663208
6945,4.937619209289551
6946,-1.092259407043457
6947,-3.5200421810150146
6948,4.9207258224487305
6949,-1.0803556442260742
6950,-3.5212230682373047
6951,4.783438682556152
6952,-1.2159423828125
6953,-6.177875995635986
6954,4.731574058532715
6955,-1.0643930435180664
6956,-2.3817365169525146
6957,4.700638771057129
6958,-2.0359315872192383
6959,-4.220212936401367
6960,4.66689395904541
6961,-2.0506181716918945
6962,-3.114406108856201
6963,3.9808473587036133
6964,-3.1069021224975586
6965,-8.48541259765625
6966,3.4601144790649414
6967,-2.5766372680664062
6968,0.4115591049194336
6969,2.6708202362060547
6970,-5.691952705383301
6971,-8.441746711730957
6972,2.3289337158203125
6973,-5.401127815246582
6974,1.458956003189087
6975,3.3079748153686523
6976,-8.269930839538574
6977,-6.551428318023682
6978,2.907120704650879
6979,-7.519290447235107
6980,-0.3164215087890625
6981,3.4380311965942383
6982,-8.841331481933594
6983,-7.3297224044799805
6984,2.995147705078125
6985,-7.731961250305176
6986,-0.25293707847595215
6987,3.61922550201416
6988,-8.624361038208008
6989,-7.082379341125488
6990,3.2111711502075195
6991,-7.795809745788574
6992,-1.13232421875
6993,3.5662221908569336
6994,-8.438384056091309
6995,-6.409425258636475
6996,3.2378320693969727
6997,-7.7404985427856445
6998,-0.7485096454620361
6999,0.7435111999511719
7000,-5.934037208557129
7001,-6.320940017700195
7002,0.740631103515625
7003,-5.283720970153809
7004,-0.5279350280761719
7005,3.8557329177856445
7006,-7.936196804046631
7007,-5.746282577514648
7008,3.37569522857666
7009,-6.744241714477539
7010,1.714198350906372
7011,1.7803936004638672
7012,-10.521891593933105
7013,-2.250223159790039
7014,1.910898208618164
7015,-9.774442672729492
7016,2.3187215328216553
7017,1.2260971069335938
7018,-10.68981647491455
7019,-1.8195972442626953
7020,1.491373062133789
7021,-10.05682373046875
7022,2.30926775932312
7023,2.1885156631469727
7024,-12.47404670715332
7025,-1.469491720199585
7026,2.029881477355957
7027,-10.929744720458984
7028,1.8150885105133057
7029,4.190716743469238
7030,-0.5085411071777344
7031,-3.4370768070220947
7032,4.252594947814941
7033,-0.16416072845458984
7034,-4.158558368682861
7035,4.260926246643066
7036,-0.1592721939086914
7037,-4.1601033210754395
7038,4.271285057067871
7039,-0.15396881103515625
7040,-4.161324977874756
7041,4.171751976013184
7042,-0.09720993041992188
7043,-3.4581668376922607
7044,4.160761833190918
7045,0.659388542175293
7046,-3.4591500759124756
7047,4.1331281661987305
7048,0.6223249435424805
7049,-3.4598002433776855
7050,4.074515342712402
7051,0.3491954803466797
7052,-6.254374027252197
7053,3.9479799270629883
7054,0.692805290222168
7055,-3.299973964691162
7056,4.085934638977051
7057,-0.7528285980224609
7058,-3.9988276958465576
7059,4.011395454406738
7060,-0.6902894973754883
7061,-3.063779592514038
7062,3.7839155197143555
7063,-2.1506175994873047
7064,-8.222880363464355
7065,2.915098190307617
7066,-0.68060302734375
7067,-0.8472633361816406
7068,3.0025596618652344
7069,-5.309442520141602
7070,-7.177422523498535
7071,2.2772293090820312
7072,-3.895087242126465
7073,0.6336219310760498
7074,4.194382667541504
7075,-6.598326683044434
7076,-4.07835578918457
7077,3.273808479309082
7078,-4.489465713500977
7079,-0.36501407623291016
7080,4.459977149963379
7081,-6.719620704650879
7082,-4.536264896392822
7083,3.3252687454223633
7084,-4.34775447845459
7085,-0.3676605224609375
7086,4.453190803527832
7087,-6.326613426208496
7088,-4.447141647338867
7089,3.569563865661621
7090,-4.539519309997559
7091,-0.8475391864776611
7092,4.273890495300293
7093,-5.975037574768066
7094,-3.9558322429656982
7095,3.5502328872680664
7096,-4.544441223144531
7097,-0.6000690460205078
7098,0.9119548797607422
7099,-5.946929931640625
7100,-6.082147598266602
7101,0.7087583541870117
7102,-4.987128257751465
7103,-0.7637183666229248
7104,4.279362678527832
7105,-7.710761070251465
7106,-4.755592346191406
7107,3.152125358581543
7108,-4.975595474243164
7109,3.7143919467926025
7110,2.7702817916870117
7111,-9.765477180480957
7112,-0.6824257373809814
7113,2.0804061889648438
7114,-8.099250793457031
7115,8.078095436096191
7116,2.280923843383789
7117,-10.226333618164062
7118,-0.19206809997558594
7119,1.7472047805786133
7120,-8.353872299194336
7121,8.51246452331543
7122,3.353461265563965
7123,-11.189446449279785
7124,0.31913256645202637
7125,2.264054298400879
7126,-9.272873878479004
7127,8.766672134399414
7128,4.081944465637207
7129,0.6801729202270508
7130,-3.3548901081085205
7131,4.003846168518066
7132,1.1820478439331055
7133,-4.175441265106201
7134,4.000042915344238
7135,1.1649236679077148
7136,-4.176284313201904
7137,4.000239372253418
7138,1.1409330368041992
7139,-4.177220344543457
7140,3.953402519226074
7141,1.1970434188842773
7142,-3.4461939334869385
7143,3.8790903091430664
7144,1.320145606994629
7145,-3.4470012187957764
7146,3.8476991653442383
7147,1.3010320663452148
7148,-3.447385787963867
7149,3.8369150161743164
7150,0.8910322189331055
7151,-6.599072456359863
7152,3.681330680847168
7153,1.048111915588379
7154,-3.3103830814361572
7155,4.027493476867676
7156,0.11746978759765625
7157,-4.0570173263549805
7158,3.947819709777832
7159,0.26996612548828125
7160,-3.106957197189331
7161,3.6734838485717773
7162,-1.8589105606079102
7163,-8.609559059143066
7164,2.9272985458374023
7165,-0.7437372207641602
7166,-0.9386768341064453
7167,3.116297721862793
7168,-5.263921737670898
7169,-6.9730401039123535
7170,2.4134159088134766
7171,-3.742159843444824
7172,1.198549509048462
7173,4.245766639709473
7174,-6.187957763671875
7175,-2.813521385192871
7176,3.640711784362793
7177,-4.345976829528809
7178,0.8292973041534424
7179,4.547846794128418
7180,-6.272377014160156
7181,-3.12597393989563
7182,3.7139482498168945
7183,-4.375819206237793
7184,0.9590890407562256
7185,4.501931190490723
7186,-5.832053184509277
7187,-3.0686147212982178
7188,3.9171667098999023
7189,-4.27217960357666
7190,0.3109595775604248
7191,4.409285545349121
7192,-5.749936103820801
7193,-2.692559242248535
7194,3.8651952743530273
7195,-4.488428115844727
7196,0.5169851779937744
7197,1.0659208297729492
7198,-6.268016815185547
7199,-6.118016242980957
7200,0.7389688491821289
7201,-5.390350341796875
7202,-0.7285504341125488
7203,4.411028861999512
7204,-7.117020606994629
7205,-5.239167213439941
7206,3.512049674987793
7207,-4.801316261291504
7208,2.231518030166626
7209,2.837728500366211
7210,-9.717521667480469
7211,-0.6378130912780762
7212,2.5207948684692383
7213,-8.948198318481445
7214,4.3182220458984375
7215,2.421504020690918
7216,-10.12589168548584
7217,-0.08363199234008789
7218,2.2592554092407227
7219,-9.636617660522461
7220,4.476678848266602
7221,3.4799489974975586
7222,-11.23911190032959
7223,0.6772124767303467
7224,2.8476953506469727
7225,-10.325225830078125
7226,4.274240493774414
7227,3.6990175247192383
7228,1.3927125930786133
7229,-3.2958872318267822
7230,3.575892448425293
7231,1.6874475479125977
7232,-4.052335739135742
7233,3.5691957473754883
7234,1.6741418838500977
7235,-4.053153038024902
7236,3.5696001052856445
7237,1.645970344543457
7238,-4.05369758605957
7239,3.465508460998535
7240,1.843094825744629
7241,-3.343839168548584
7242,3.4328413009643555
7243,1.846451759338379
7244,-3.3447792530059814
7245,3.3388547897338867
7246,1.9576692581176758
7247,-3.3453290462493896
7248,3.4416608810424805
7249,1.3305273056030273
7250,-6.556664943695068
7251,3.198178291320801
7252,1.6771745681762695
7253,-3.4932336807250977
7254,3.6641969680786133
7255,0.7073574066162109
7256,-3.9409244060516357
7257,3.5565671920776367
7258,0.8665504455566406
7259,-3.0177321434020996
7260,3.49392032623291
7261,-1.4917535781860352
7262,-8.574552536010742
7263,2.589536666870117
7264,-0.38617992401123047
7265,-1.2418780326843262
7266,3.212368965148926
7267,-5.112264633178711
7268,-7.351157188415527
7269,2.4505414962768555
7270,-3.3517627716064453
7271,1.2585442066192627
7272,4.890780448913574
7273,-5.284697532653809
7274,-4.179645538330078
7275,3.828202247619629
7276,-3.8494319915771484
7277,1.243293046951294
7278,5.199688911437988
7279,-5.310393333435059
7280,-4.733409404754639
7281,4.044295310974121
7282,-3.7790279388427734
7283,1.4051730632781982
7284,5.168770790100098
7285,-4.800806999206543
7286,-4.6182026863098145
7287,4.216794013977051
7288,-3.6443653106689453
7289,0.7101609706878662
7290,5.082972526550293
7291,-4.768429756164551
7292,-4.066581726074219
7293,4.1919755935668945
7294,-3.75543212890625
7295,0.895789384841919
7296,1.3083381652832031
7297,-6.409111976623535
7298,-6.077140808105469
7299,0.7394905090332031
7300,-5.679509162902832
7301,-0.767906904220581
7302,4.059891700744629
7303,-6.301517486572266
7304,-4.437177658081055
7305,3.055461883544922
7306,-4.4539690017700195
7307,4.3253889083862305
7308,3.264519691467285
7309,-9.291190147399902
7310,0.13856124877929688
7311,2.5987119674682617
7312,-8.492003440856934
7313,8.14530086517334
7314,2.953805923461914
7315,-9.846843719482422
7316,0.6986672878265381
7317,2.344588279724121
7318,-9.047906875610352
7319,8.53805160522461
7320,4.124146461486816
7321,-10.400629997253418
7322,1.364619493484497
7323,3.092461585998535
7324,-9.710177421569824
7325,8.677316665649414
7326,2.803770065307617
7327,2.671389579772949
7328,-4.927984237670898
7329,2.6225671768188477
7330,2.866887092590332
7331,-5.8656463623046875
7332,2.617680549621582
7333,2.8446168899536133
7334,-5.866972923278809
7335,2.6224279403686523
7336,2.8060083389282227
7337,-5.867772102355957
7338,2.4598379135131836
7339,2.993159294128418
7340,-5.23794412612915
7341,2.330127716064453
7342,3.092532157897949
7343,-5.239001750946045
7344,2.3112411499023438
7345,3.0728883743286133
7346,-5.239079475402832
7347,2.710763931274414
7348,2.177311897277832
7349,-8.325967788696289
7350,2.211092948913574
7351,2.6651105880737305
7352,-5.464633464813232
7353,2.9097909927368164
7354,2.0604028701782227
7355,-5.622401237487793
7356,2.7627573013305664
7357,2.1643667221069336
7358,-4.8046770095825195
7359,3.312190055847168
7360,-1.0343599319458008
7361,-9.710469245910645
7362,1.8109521865844727
7363,0.19727611541748047
7364,-2.8982324600219727
7365,3.7713422775268555
7366,-3.924220085144043
7367,-8.385403633117676
7368,2.3800458908081055
7369,-2.4089603424072266
7370,0.04140806198120117
7371,5.252579689025879
7372,-2.197676658630371
7373,-4.965122699737549
7374,3.5007715225219727
7375,-1.3527250289916992
7376,0.496814489364624
7377,5.6095476150512695
7378,-1.8894872665405273
7379,-5.971778869628906
7380,3.593703269958496
7381,-1.0032310485839844
7382,0.5664987564086914
7383,5.477282524108887
7384,-1.4770488739013672
7385,-7.076479911804199
7386,3.7353124618530273
7387,-0.7628622055053711
7388,-0.052831172943115234
7389,5.333256721496582
7390,-1.595433235168457
7391,-4.8603715896606445
7392,3.7759408950805664
7393,-0.9176473617553711
7394,0.2503640651702881
7395,1.6067333221435547
7396,-6.380743980407715
7397,-5.971627235412598
7398,0.8999013900756836
7399,-5.54555606842041
7400,-0.8685441017150879
7401,4.466996192932129
7402,-4.9858808517456055
7403,-3.5729076862335205
7404,3.031153678894043
7405,-3.039430618286133
7406,5.235515594482422
7407,4.3849382400512695
7408,-8.057156562805176
7409,2.3753082752227783
7410,3.56052303314209
7411,-7.38323450088501
7412,11.521937370300293
7413,4.229998588562012
7414,-8.654974937438965
7415,3.054161310195923
7416,3.4653844833374023
7417,-7.6731157302856445
7418,12.171603202819824
7419,5.414294242858887
7420,-8.83016586303711
7421,3.1945202350616455
7422,4.155428886413574
7423,-8.454626083374023
7424,12.123748779296875
7425,2.724519729614258
7426,2.9158525466918945
7427,-4.840645790100098
7428,2.4789247512817383
7429,3.199843406677246
7430,-5.647592544555664
7431,2.4728784561157227
7432,3.1884889602661133
7433,-5.648808479309082
7434,2.4734201431274414
7435,3.169888496398926
7436,-5.649641036987305
7437,2.3495664596557617
7438,3.254063606262207
7439,-4.884951114654541
7440,2.3043107986450195
7441,3.246586799621582
7442,-4.885580062866211
7443,2.282318115234375
7444,3.2265825271606445
7445,-4.885237216949463
7446,2.3940324783325195
7447,2.7499895095825195
7448,-7.775651931762695
7449,2.0807971954345703
7450,2.8843584060668945
7451,-4.303889274597168
7452,2.720745086669922
7453,2.4456567764282227
7454,-5.490781307220459
7455,2.667613983154297
7456,2.424525260925293
7457,-4.497628688812256
7458,3.0746593475341797
7459,-0.6601705551147461
7460,-9.387978553771973
7461,1.9330015182495117
7462,0.2438821792602539
7463,-1.793214201927185
7464,3.7045106887817383
7465,-4.060212135314941
7466,-8.184805870056152
7467,2.419236183166504
7468,-2.93365478515625
7469,0.755683183670044
7470,5.149483680725098
7471,-2.082479476928711
7472,-5.132483959197998
7473,3.7349939346313477
7474,-2.4673566818237305
7475,0.9553091526031494
7476,5.5327653884887695
7477,-1.701167106628418
7478,-5.929293155670166
7479,3.874241828918457
7480,-2.194451332092285
7481,1.1026546955108643
7482,5.376900672912598
7483,-1.2403717041015625
7484,-5.986746788024902
7485,4.019988059997559
7486,-1.9214963912963867
7487,0.37176060676574707
7488,5.206805229187012
7489,-1.3365116119384766
7490,-5.06295108795166
7491,4.056262016296387
7492,-2.0655813217163086
7493,0.6493794918060303
7494,1.8294553756713867
7495,-6.7128400802612305
7496,-6.016229629516602
7497,1.1915721893310547
7498,-5.872434616088867
7499,-0.8271965980529785
7500,4.687880516052246
7501,-4.742940902709961
7502,-4.415795803070068
7503,3.4925127029418945
7504,-3.071843147277832
7505,4.399717330932617
7506,4.5476884841918945
7507,-8.070472717285156
7508,1.958571195602417
7509,4.217362403869629
7510,-7.354533672332764
7511,8.068593978881836
7512,4.293337821960449
7513,-8.722770690917969
7514,2.708782911300659
7515,4.058089256286621
7516,-8.215264320373535
7517,8.432856559753418
7518,5.625624656677246
7519,-8.530893325805664
7520,3.579752206802368
7521,5.254889488220215
7522,-8.096962928771973
7523,8.500293731689453
7524,1.5807294845581055
7525,3.3522539138793945
7526,-4.6771063804626465
7527,1.4821414947509766
7528,3.4821176528930664
7529,-5.381263732910156
7530,1.5089635848999023
7531,3.467392921447754
7532,-5.385213851928711
7533,1.5463628768920898
7534,3.449538230895996
7535,-5.391742706298828
7536,1.3025140762329102
7537,3.516299247741699
7538,-4.143209457397461
7539,1.2760162353515625
7540,3.5040464401245117
7541,-4.143748760223389
7542,1.1809539794921875
7543,3.517746925354004
7544,-4.143978595733643
7545,1.6409244537353516
7546,2.977015495300293
7547,-6.826938629150391
7548,1.1173200607299805
7549,3.0518369674682617
7550,-4.175220966339111
7551,1.8320064544677734
7552,2.835507392883301
7553,-5.057587146759033
7554,1.6719675064086914
7555,2.8338327407836914
7556,-3.7983734607696533
7557,2.8767690658569336
7558,0.05968284606933594
7559,-8.570826530456543
7560,1.4625139236450195
7561,0.3028535842895508
7562,-2.460556745529175
7563,4.208046913146973
7564,-2.07269287109375
7565,-7.466836929321289
7566,2.2078781127929688
7567,-2.9812211990356445
7568,0.9908583164215088
7569,4.956561088562012
7570,1.065352439880371
7571,-5.787246227264404
7572,3.22200870513916
7573,-2.1473007202148438
7574,3.4980008602142334
7575,5.212594032287598
7576,1.736924171447754
7577,-6.528709411621094
7578,3.4119882583618164
7579,-2.0997209548950195
7580,3.9729931354522705
7581,4.974011421203613
7582,2.0433053970336914
7583,-6.524532318115234
7584,3.5284128189086914
7585,-1.772517204284668
7586,3.4868156909942627
7587,4.882143974304199
7588,1.8619871139526367
7589,-5.767152786254883
7590,3.4635515213012695
7591,-1.7059078216552734
7592,3.385497808456421
7593,2.3131675720214844
7594,-6.277713775634766
7595,-5.2996087074279785
7596,1.359853744506836
7597,-5.824629783630371
7598,-1.5522993803024292
7599,4.879786491394043
7600,-3.2312793731689453
7601,-2.77445912361145
7602,2.390125274658203
7603,-0.5322017669677734
7604,3.9398725032806396
7605,5.762694358825684
7606,-7.925103664398193
7607,2.4826300144195557
7608,2.4891576766967773
7609,-1.693964958190918
7610,9.822436332702637
7611,5.5880842208862305
7612,-7.844921588897705
7613,3.122035264968872
7614,2.3890504837036133
7615,-2.096588134765625
7616,10.4222412109375
7617,6.653332710266113
7618,-6.322317123413086
7619,3.280214548110962
7620,2.8159666061401367
7621,-1.1553421020507812
7622,10.6426362991333
7623,1.156606674194336
7624,3.857131004333496
7625,-4.274391174316406
7626,1.0277223587036133
7627,4.029671669006348
7628,-4.902538299560547
7629,1.0569047927856445
7630,4.0176801681518555
7631,-4.906222820281982
7632,1.0918397903442383
7633,3.9980897903442383
7634,-4.912302017211914
7635,0.8499755859375
7636,3.9852705001831055
7637,-3.838061809539795
7638,0.8131484985351562
7639,3.9501333236694336
7640,-3.8385844230651855
7641,0.7026891708374023
7642,3.8918161392211914
7643,-3.839080810546875
7644,1.126443862915039
7645,3.5393171310424805
7646,-6.566781997680664
7647,0.6299686431884766
7648,3.3753232955932617
7649,-3.9864964485168457
7650,1.422170639038086
7651,3.5077619552612305
7652,-4.623710632324219
7653,1.2606992721557617
7654,3.346524238586426
7655,-3.5794425010681152
7656,2.619718551635742
7657,0.7546825408935547
7658,-8.42448616027832
7659,1.1252737045288086
7660,0.08550357818603516
7661,-2.2814221382141113
7662,4.489922523498535
7663,0.4859342575073242
7664,-7.352588653564453
7665,2.198336601257324
7666,-2.697093963623047
7667,0.6479942798614502
7668,4.7379865646362305
7669,3.0823183059692383
7670,-4.918928146362305
7671,2.9941139221191406
7672,-2.6333580017089844
7673,3.450477361679077
7674,4.852355003356934
7675,3.983950614929199
7676,-5.5406999588012695
7677,3.083414077758789
7678,-2.82723331451416
7679,3.3533523082733154
7680,4.606431007385254
7681,4.114569664001465
7682,-5.496110916137695
7683,3.1976213455200195
7684,-2.5114431381225586
7685,2.7258737087249756
7686,4.555901527404785
7687,3.815678596496582
7688,-4.873714923858643
7689,3.1929502487182617
7690,-2.341322898864746
7691,3.019355535507202
7692,2.536280632019043
7693,-5.905266761779785
7694,-5.302363872528076
7695,1.5877580642700195
7696,-5.507223129272461
7697,-1.5506576299667358
7698,4.767159461975098
7699,-2.2430009841918945
7700,-2.0061087608337402
7701,2.2385730743408203
7702,0.31969261169433594
7703,3.7633326053619385
7704,5.994111061096191
7705,-5.445845603942871
7706,4.457569122314453
7707,2.4859657287597656
7708,1.0845842361450195
7709,8.29320240020752
7710,6.0304155349731445
7711,-6.172013282775879
7712,5.217652320861816
7713,2.5596208572387695
7714,0.9129343032836914
7715,8.70989990234375
7716,7.044949531555176
7717,-4.100649833679199
7718,5.124234199523926
7719,2.677962303161621
7720,2.449906349182129
7721,8.32249927520752
7722,1.1996755599975586
7723,3.6949968338012695
7724,-4.240841865539551
7725,1.0003166198730469
7726,3.841231346130371
7727,-4.9775590896606445
7728,1.0147342681884766
7729,3.8251028060913086
7730,-4.978594779968262
7731,1.0960712432861328
7732,3.813370704650879
7733,-4.980522632598877
7734,0.9310722351074219
7735,3.827704429626465
7736,-4.166782855987549
7737,0.9061050415039062
7738,3.8039655685424805
7739,-4.1676106452941895
7740,0.8010349273681641
7741,3.756056785583496
7742,-4.167573928833008
7743,1.2290010452270508
7744,2.9378881454467773
7745,-7.101731300354004
7746,0.7440996170043945
7747,3.230679512023926
7748,-3.910243272781372
7749,1.393641471862793
7750,3.185502052307129
7751,-4.833456516265869
7752,1.2690792083740234
7753,3.1248388290405273
7754,-3.8600144386291504
7755,2.5290889739990234
7756,0.5411443710327148
7757,-8.702727317810059
7758,1.2309179306030273
7759,0.42018795013427734
7760,-1.5405360460281372
7761,4.407158851623535
7762,-0.02553844451904297
7763,-7.705099105834961
7764,2.1929149627685547
7765,-0.8187484741210938
7766,2.0381386280059814
7767,4.636702537536621
7768,3.12375545501709
7769,-5.837350845336914
7770,2.8304367065429688
7771,1.9813051223754883
7772,5.293113708496094
7773,4.743165016174316
7774,4.030426979064941
7775,-6.5374040603637695
7776,2.676274299621582
7777,1.6035947799682617
7778,5.894542694091797
7779,4.487259864807129
7780,4.074379920959473
7781,-6.351007461547852
7782,2.6703033447265625
7783,2.037287712097168
7784,5.431327819824219
7785,4.438920021057129
7786,3.91927433013916
7787,-5.757607460021973
7788,2.796670913696289
7789,2.0491952896118164
7790,5.171131134033203
7791,2.734982490539551
7792,-5.733116149902344
7793,-5.5150651931762695
7794,1.8142776489257812
7795,-5.517184257507324
7796,-1.3361847400665283
7797,5.073470115661621
7798,-2.157318115234375
7799,-2.5737719535827637
7800,1.6955575942993164
7801,-0.15923786163330078
7802,3.7531402111053467
7803,6.116580009460449
7804,-4.980007171630859
7805,3.5524113178253174
7806,2.1474599838256836
7807,0.7917490005493164
7808,7.57023811340332
7809,6.176770210266113
7810,-5.829848289489746
7811,4.301009178161621
7812,2.2498226165771484
7813,0.6481609344482422
7814,7.927824974060059
7815,7.202458381652832
7816,-4.133602142333984
7817,4.825070381164551
7818,2.328390121459961
7819,2.1793603897094727
7820,7.925176620483398
7821,0.6557703018188477
7822,4.5494489669799805
7823,-6.407907962799072
7824,0.39778804779052734
7825,4.524598121643066
7826,-7.23875093460083
7827,0.4088630676269531
7828,4.478400230407715
7829,-7.238985061645508
7830,0.4321708679199219
7831,4.433230400085449
7832,-7.240041732788086
7833,0.2934913635253906
7834,4.514466285705566
7835,-6.3188629150390625
7836,0.26688098907470703
7837,4.469286918640137
7838,-6.319278240203857
7839,0.24169540405273438
7840,4.426115989685059
7841,-6.3171610832214355
7842,0.45723628997802734
7843,3.765885353088379
7844,-9.171344757080078
7845,0.1625680923461914
7846,3.7464914321899414
7847,-5.065977096557617
7848,0.875697135925293
7849,4.176623344421387
7850,-6.938838481903076
7851,0.7704048156738281
7852,4.1389360427856445
7853,-5.744534492492676
7854,2.190098762512207
7855,1.3783082962036133
7856,-10.418614387512207
7857,1.0230607986450195
7858,1.5443830490112305
7859,-1.9546160697937012
7860,4.230965614318848
7861,2.373183250427246
7862,-9.98484992980957
7863,2.1297788619995117
7864,2.2455244064331055
7865,2.1358234882354736
7866,4.2659406661987305
7867,6.42862606048584
7868,-8.278450012207031
7869,2.426177978515625
7870,5.361556053161621
7871,4.363766670227051
7872,4.44649600982666
7873,7.030884742736816
7874,-9.426965713500977
7875,2.2416324615478516
7876,5.710419654846191
7877,4.880658149719238
7878,4.287077903747559
7879,7.033541679382324
7880,-9.472882270812988
7881,2.175168037414551
7882,5.9226274490356445
7883,4.151432991027832
7884,4.309744834899902
7885,6.928168296813965
7886,-8.330183029174805
7887,2.354045867919922
7888,5.836539268493652
7889,4.123666763305664
7890,2.81793212890625
7891,-5.3374786376953125
7892,-5.939208984375
7893,2.088027000427246
7894,-4.844527244567871
7895,-0.9004545211791992
7896,4.741971015930176
7897,-0.5988912582397461
7898,-3.882859945297241
7899,3.201502799987793
7900,0.30226898193359375
7901,3.028123617172241
7902,6.798722267150879
7903,-2.031174659729004
7904,0.6995880603790283
7905,5.796460151672363
7906,-0.3786611557006836
7907,6.328706741333008
7908,7.112927436828613
7909,-2.4400148391723633
7910,1.2391912937164307
7911,6.273123741149902
7912,-0.9977865219116211
7913,6.67117977142334
7914,7.533820152282715
7915,0.1857748031616211
7916,1.415454626083374
7917,6.241803169250488
7918,1.0778779983520508
7919,6.252542495727539
7920,0.26680660247802734
7921,4.564539909362793
7922,-7.486893653869629
7923,0.05593299865722656
7924,4.506657600402832
7925,-8.30429744720459
7926,0.0728464126586914
7927,4.4707841873168945
7928,-8.30469036102295
7929,0.10359001159667969
7930,4.406786918640137
7931,-8.30541706085205
7932,-0.07560157775878906
7933,4.482211112976074
7934,-7.474761009216309
7935,-0.10725212097167969
7936,4.442416191101074
7937,-7.47563362121582
7938,-0.12709808349609375
7939,4.408469200134277
7940,-7.473984718322754
7941,0.19833850860595703
7942,3.8303136825561523
7943,-10.16851806640625
7944,-0.13690757751464844
7945,3.8314638137817383
7946,-6.38816499710083
7947,0.5617876052856445
7948,4.246590614318848
7949,-7.966650009155273
7950,0.4765777587890625
7951,4.209834098815918
7952,-6.871896743774414
7953,2.199826240539551
7954,1.7066049575805664
7955,-10.98425579071045
7956,0.789093017578125
7957,2.064028739929199
7958,-3.315706491470337
7959,4.056397438049316
7960,3.5705251693725586
7961,-11.736795425415039
7962,1.9383182525634766
7963,3.6009416580200195
7964,1.1064894199371338
7965,4.081246376037598
7966,7.331742286682129
7967,-12.841669082641602
7968,1.813950538635254
7969,6.2577924728393555
7970,2.801483392715454
7971,4.306252479553223
7972,8.144591331481934
7973,-14.549376487731934
7974,1.6064262390136719
7975,6.741366386413574
7976,3.214078664779663
7977,3.993903160095215
7978,8.196375846862793
7979,-14.41364574432373
7980,1.6481666564941406
7981,6.882922172546387
7982,1.870319128036499
7983,4.004399299621582
7984,7.972048759460449
7985,-12.924444198608398
7986,1.726130485534668
7987,6.671454429626465
7988,2.3780696392059326
7989,3.09677791595459
7990,-4.409555435180664
7991,-5.946521759033203
7992,2.3650121688842773
7993,-3.9616785049438477
7994,-0.8914377689361572
7995,5.0467023849487305
7996,-0.07800006866455078
7997,-2.8122200965881348
7998,3.4707345962524414
7999,0.9964399337768555
8000,2.6873252391815186
8001,7.233307838439941
8002,0.00783538818359375
8003,3.784848928451538
8004,5.884028434753418
8005,1.2100114822387695
8006,7.768505096435547
8007,7.57242488861084
8008,-0.337371826171875
8009,4.4536285400390625
8010,6.327406883239746
8011,1.0013151168823242
8012,8.287123680114746
8013,7.563809394836426
8014,2.432032585144043
8015,3.2297041416168213
8016,6.184657096862793
8017,2.9981298446655273
8018,7.096906661987305
8019,0.23978042602539062
8020,4.411623954772949
8021,-5.9504241943359375
8022,0.05811500549316406
8023,4.418547630310059
8024,-6.807149887084961
8025,0.07703876495361328
8026,4.391100883483887
8027,-6.808035850524902
8028,0.10124683380126953
8029,4.365408897399902
8030,-6.809312343597412
8031,-0.06415081024169922
8032,4.364607810974121
8033,-5.971168041229248
8034,-0.09759235382080078
8035,4.320338249206543
8036,-5.971634387969971
8037,-0.15752315521240234
8038,4.251055717468262
8039,-5.970272064208984
8040,0.18456649780273438
8041,3.862929344177246
8042,-9.122720718383789
8043,-0.14090538024902344
8044,3.6970949172973633
8045,-5.2911834716796875
8046,0.49726390838623047
8047,4.088196754455566
8048,-6.593003749847412
8049,0.4051189422607422
8050,3.9991769790649414
8051,-5.492687702178955
8052,2.1472835540771484
8053,1.8683691024780273
8054,-10.47514820098877
8055,0.7826805114746094
8056,1.778355598449707
8057,-2.428065538406372
8058,4.0413713455200195
8059,3.753939628601074
8060,-11.297466278076172
8061,1.4467926025390625
8062,2.9677343368530273
8063,2.309979200363159
8064,3.99271297454834
8065,7.770909309387207
8066,-11.55561351776123
8067,1.4269046783447266
8068,5.910500526428223
8069,4.812091827392578
8070,4.261807441711426
8071,8.522374153137207
8072,-13.100663185119629
8073,1.1924781799316406
8074,6.376704216003418
8075,5.498887062072754
8076,3.634202003479004
8077,8.611624717712402
8078,-12.79292106628418
8079,1.1934099197387695
8080,6.405745506286621
8081,4.453642845153809
8082,3.690648078918457
8083,8.309077262878418
8084,-11.529755592346191
8085,1.3630495071411133
8086,6.423310279846191
8087,4.495469093322754
8088,3.278012275695801
8089,-4.132657051086426
8090,-6.0368547439575195
8091,2.527676582336426
8092,-3.5026235580444336
8093,-0.8019523620605469
8094,5.180300712585449
8095,-0.1384744644165039
8096,-3.452120304107666
8097,3.4524316787719727
8098,0.7146530151367188
8099,2.8464548587799072
8100,7.189118385314941
8101,0.1643962860107422
8102,3.340601682662964
8103,5.73348331451416
8104,1.278193473815918
8105,8.922224044799805
8106,7.552584648132324
8107,-0.1715841293334961
8108,4.075099945068359
8109,6.039435386657715
8110,1.1535158157348633
8111,9.564722061157227
8112,7.532471656799316
8113,2.4854345321655273
8114,3.0483672618865967
8115,5.930741310119629
8116,3.2303552627563477
8117,8.776324272155762
8118,-0.24976062774658203
8119,4.9723920822143555
8120,-8.829774856567383
8121,-0.4309368133544922
8122,4.740004539489746
8123,-9.752358436584473
8124,-0.3997507095336914
8125,4.704867362976074
8126,-9.75249195098877
8127,-0.2869119644165039
8128,4.657050132751465
8129,-9.752737045288086
8130,-0.5892295837402344
8131,4.699326515197754
8132,-9.004067420959473
8133,-0.6269054412841797
8134,4.6551713943481445
8135,-9.004934310913086
8136,-0.653447151184082
8137,4.6202898025512695
8138,-9.00347900390625
8139,-0.16501903533935547
8140,4.157217979431152
8141,-11.944184303283691
8142,-0.5564842224121094
8143,3.938817024230957
8144,-8.502812385559082
8145,0.06313323974609375
8146,4.702414512634277
8147,-9.39122486114502
8148,-0.03341102600097656
8149,4.702715873718262
8150,-8.393964767456055
8151,1.9663505554199219
8152,2.571101188659668
8153,-12.392207145690918
8154,0.1596689224243164
8155,2.3631200790405273
8156,-5.612357139587402
8157,3.913447380065918
8158,5.487765312194824
8159,-13.247093200683594
8160,1.32867431640625
8161,4.685423851013184
8162,-0.9720900058746338
8163,3.497269630432129
8164,9.540488243103027
8165,-14.980562210083008
8166,1.245859146118164
8167,7.654807090759277
8168,0.6690971851348877
8169,3.3506479263305664
8170,10.283747673034668
8171,-16.90549659729004
8172,0.8630580902099609
8173,8.176796913146973
8174,0.8791811466217041
8175,2.8620309829711914
8176,10.288359642028809
8177,-16.789691925048828
8178,0.9691905975341797
8179,8.24396800994873
8180,-0.34654855728149414
8181,2.9369754791259766
8182,10.056403160095215
8183,-15.103187561035156
8184,1.2259435653686523
8185,8.173747062683105
8186,0.2611973285675049
8187,3.4208154678344727
8188,-2.8455963134765625
8189,-5.954313278198242
8190,2.5153017044067383
8191,-2.2657623291015625
8192,-0.8834397792816162
8193,5.074156761169434
8194,1.424708366394043
8195,-2.4171128273010254
8196,3.798272132873535
8197,1.8741865158081055
8198,2.7385966777801514
8199,7.167082786560059
8200,2.924698829650879
8201,4.307718276977539
8202,6.174355506896973
8203,3.2367963790893555
8204,9.196600914001465
8205,7.772690773010254
8206,3.0181360244750977
8207,4.948144912719727
8208,6.64206600189209
8209,3.125983238220215
8210,9.835232734680176
8211,7.474478721618652
8212,5.430821418762207
8213,3.04913067817688
8214,6.206887245178223
8215,5.047272682189941
8216,8.348987579345703
8217,-0.33007049560546875
8218,5.076258659362793
8219,-8.75405216217041
8220,-0.5280208587646484
8221,4.830502510070801
8222,-9.620924949645996
8223,-0.4992246627807617
8224,4.772644996643066
8225,-9.620646476745605
8226,-0.46504974365234375
8227,4.741969108581543
8228,-9.620977401733398
8229,-0.6575117111206055
8230,4.75368595123291
8231,-8.787238121032715
8232,-0.6916074752807617
8233,4.705815315246582
8234,-8.78913402557373
8235,-0.7018156051635742
8236,4.631163597106934
8237,-8.78768253326416
8238,-0.3350057601928711
8239,4.193770408630371
8240,-11.662541389465332
8241,-0.6695070266723633
8242,4.035983085632324
8243,-7.833564758300781
8244,-0.07635498046875
8245,4.863953590393066
8246,-9.295060157775879
8247,-0.17293834686279297
8248,4.797392845153809
8249,-8.18851089477539
8250,1.7139015197753906
8251,3.165350914001465
8252,-12.267133712768555
8253,0.3772869110107422
8254,2.788205146789551
8255,-4.583466053009033
8256,3.889702796936035
8257,5.727568626403809
8258,-12.289872169494629
8259,1.0869569778442383
8260,4.941332817077637
8261,0.3856651782989502
8262,3.2216711044311523
8263,9.620940208435059
8264,-11.66891098022461
8265,1.1139307022094727
8266,8.116311073303223
8267,3.2052128314971924
8268,2.847846031188965
8269,10.119425773620605
8270,-13.075925827026367
8271,0.824610710144043
8272,8.48979663848877
8273,3.9108188152313232
8274,2.583902359008789
8275,10.298201560974121
8276,-12.964860916137695
8277,0.8073787689208984
8278,8.507107734680176
8279,2.565643548965454
8280,2.6060590744018555
8281,10.169312477111816
8282,-11.688213348388672
8283,1.084630012512207
8284,8.424286842346191
8285,2.8155357837677
8286,3.64455509185791
8287,-2.2927608489990234
8288,-6.018974304199219
8289,2.7695417404174805
8290,-1.6093940734863281
8291,-0.816204309463501
8292,5.341645240783691
8293,2.228114128112793
8294,-4.1982550621032715
8295,4.048525810241699
8296,2.510054588317871
8297,1.035611867904663
8298,6.988160133361816
8299,4.79404354095459
8300,3.8087961673736572
8301,6.141449928283691
8302,4.92372989654541
8303,7.147710800170898
8304,7.606097221374512
8305,5.046442985534668
8306,4.131069183349609
8307,6.649104118347168
8308,5.045456886291504
8309,8.127464294433594
8310,6.632128715515137
8311,6.86588191986084
8312,-0.7083563804626465
8313,5.901885032653809
8314,6.670958518981934
8315,5.334377288818359
8316,-0.4299812316894531
8317,5.084925651550293
8318,-8.560877799987793
8319,-0.6135168075561523
8320,4.861712455749512
8321,-9.464668273925781
8322,-0.5577764511108398
8323,4.8661699295043945
8324,-9.464940071105957
8325,-0.5279531478881836
8326,4.839707374572754
8327,-9.465821266174316
8328,-0.7110872268676758
8329,4.817770957946777
8330,-8.658864974975586
8331,-0.7411785125732422
8332,4.76461124420166
8333,-8.660198211669922
8334,-0.7956199645996094
8335,4.6561479568481445
8336,-8.659114837646484
8337,-0.3741340637207031
8338,4.33174991607666
8339,-11.677910804748535
8340,-0.7004852294921875
8341,4.052773475646973
8342,-7.965877532958984
8343,-0.14755821228027344
8344,4.870888710021973
8345,-9.142183303833008
8346,-0.24663829803466797
8347,4.787045478820801
8348,-8.069819450378418
8349,1.652348518371582
8350,3.2514753341674805
8351,-12.358325004577637
8352,0.3581371307373047
8353,2.8002233505249023
8354,-5.0092878341674805
8355,3.850499153137207
8356,5.749016761779785
8357,-12.551612854003906
8358,0.9849557876586914
8359,4.9615983963012695
8360,-0.3723011016845703
8361,3.0870437622070312
8362,9.427353858947754
8363,-12.535674095153809
8364,0.937556266784668
8365,8.151307106018066
8366,0.8265902996063232
8367,2.816716194152832
8368,10.210078239440918
8369,-14.192774772644043
8370,0.588160514831543
8371,8.652960777282715
8372,1.0949838161468506
8373,2.475857734680176
8374,10.282280921936035
8375,-14.052421569824219
8376,0.5580043792724609
8377,8.570878028869629
8378,-0.18202424049377441
8379,2.5042104721069336
8380,9.949273109436035
8381,-12.584402084350586
8382,0.8211097717285156
8383,8.539347648620605
8384,0.3855886459350586
8385,3.71951961517334
8386,-2.038079261779785
8387,-6.019762992858887
8388,2.889266014099121
8389,-1.4410438537597656
8390,-0.8163509368896484
8391,5.1770734786987305
8392,2.315554618835449
8393,-3.3406620025634766
8394,3.8194150924682617
8395,2.5299596786499023
8396,2.1736576557159424
8397,6.682312965393066
8398,4.371302604675293
8399,4.3025970458984375
8400,5.808959007263184
8401,4.7240190505981445
8402,9.878447532653809
8403,7.255185127258301
8404,4.777697563171387
8405,5.0157928466796875
8406,6.298340797424316
8407,4.767624855041504
8408,10.675674438476562
8409,6.3090314865112305
8410,6.275906562805176
8411,3.1264240741729736
8412,5.635306358337402
8413,6.549429893493652
8414,9.424392700195312
8415,-0.4308319091796875
8416,5.243420600891113
8417,-7.618424415588379
8418,-0.6042289733886719
8419,4.956133842468262
8420,-8.41712474822998
8421,-0.5656900405883789
8422,4.943997383117676
8423,-8.41724681854248
8424,-0.5286808013916016
8425,4.928435325622559
8426,-8.417481422424316
8427,-0.686640739440918
8428,4.894219398498535
8429,-7.634620666503906
8430,-0.7422981262207031
8431,4.776610374450684
8432,-7.635525703430176
8433,-0.762843132019043
8434,4.702530860900879
8435,-7.63370418548584
8436,-0.3456001281738281
8437,4.498579978942871
8438,-10.2988862991333
8439,-0.5992965698242188
8440,4.20694637298584
8441,-6.6978559494018555
8442,-0.1341838836669922
8443,5.031323432922363
8444,-8.110881805419922
8445,-0.22910594940185547
8446,4.99973201751709
8447,-7.070728778839111
8448,1.6962738037109375
8449,4.033381462097168
8450,-11.174623489379883
8451,0.3694610595703125
8452,3.1393537521362305
8453,-3.571336507797241
8454,3.7620954513549805
8455,6.126938819885254
8456,-11.623587608337402
8457,1.0060367584228516
8458,5.103777885437012
8459,0.374678373336792
8460,2.8962936401367188
8461,9.169337272644043
8462,-11.328503608703613
8463,0.9205961227416992
8464,8.191973686218262
8465,1.1889135837554932
8466,2.841533660888672
8467,9.822646141052246
8468,-14.125657081604004
8469,0.6474771499633789
8470,8.001936912536621
8471,1.528627634048462
8472,2.3916025161743164
8473,9.174887657165527
8474,-13.859779357910156
8475,0.6103630065917969
8476,8.510504722595215
8477,0.3017544746398926
8478,2.4910459518432617
8479,9.427763938903809
8480,-11.467215538024902
8481,0.8793601989746094
8482,8.25513744354248
8483,0.7495424747467041
8484,4.033246040344238
8485,-0.41224002838134766
8486,-6.077596664428711
8487,3.098464012145996
8488,-0.9420385360717773
8489,-0.7587277889251709
8490,4.841874122619629
8491,3.823023796081543
8492,-4.938281536102295
8493,3.566399574279785
8494,3.6498842239379883
8495,1.4346144199371338
8496,6.294756889343262
8497,6.723397254943848
8498,0.8665468692779541
8499,5.295348167419434
8500,6.5109357833862305
8501,6.789725303649902
8502,6.7293806076049805
8503,6.947148323059082
8504,1.324758768081665
8505,5.797883033752441
8506,6.732848167419434
8507,7.32352352142334
8508,5.821824073791504
8509,8.57606029510498
8510,-0.7154452800750732
8511,4.912676811218262
8512,8.310338020324707
8513,5.6530256271362305
8514,-0.31816864013671875
8515,5.232317924499512
8516,-6.895888328552246
8517,-0.5007228851318359
8518,5.119147300720215
8519,-7.678718566894531
8520,-0.4764280319213867
8521,5.123183250427246
8522,-7.678906440734863
8523,-0.4500608444213867
8524,5.129647254943848
8525,-7.679078102111816
8526,-0.5957021713256836
8527,4.960768699645996
8528,-6.935107231140137
8529,-0.6240406036376953
8530,4.880476951599121
8531,-6.936653137207031
8532,-0.6395359039306641
8533,4.818390846252441
8534,-6.9358320236206055
8535,-0.3188619613647461
8536,4.751290321350098
8537,-9.589164733886719
8538,-0.5270528793334961
8539,4.337302207946777
8540,-6.195004463195801
8541,-0.04681396484375
8542,5.144587516784668
8543,-7.428818702697754
8544,-0.13502883911132812
8545,4.945376396179199
8546,-6.443759918212891
8547,1.740330696105957
8548,4.230708122253418
8549,-10.653409957885742
8550,0.5797023773193359
8551,3.333041191101074
8552,-3.1497745513916016
8553,3.7059946060180664
8554,6.301577568054199
8555,-9.40567684173584
8556,1.0231666564941406
8557,5.4790239334106445
8558,1.6697304248809814
8559,2.965806007385254
8560,9.107014656066895
8561,-6.846496105194092
8562,0.5893278121948242
8563,8.343213081359863
8564,4.23372745513916
8565,2.9463329315185547
8566,9.745888710021973
8567,-7.958788871765137
8568,0.38466644287109375
8569,8.411145210266113
8570,4.8885650634765625
8571,2.557523727416992
8572,9.807158470153809
8573,-8.002988815307617
8574,0.40975475311279297
8575,8.643204689025879
8576,3.7960164546966553
8577,2.5575180053710938
8578,9.649447441101074
8579,-6.859301567077637
8580,0.5362539291381836
8581,8.545302391052246
8582,3.917052984237671
8583,4.316859245300293
8584,0.39826297760009766
8585,-6.216255187988281
8586,3.5764284133911133
8587,0.2977933883666992
8588,-0.6202304363250732
8589,4.990647315979004
8590,5.318554878234863
8591,-6.509738922119141
8592,4.170414924621582
8593,5.306666374206543
8594,0.1148381233215332
8595,7.270596504211426
8596,8.047602653503418
8597,-3.497954845428467
8598,6.632025718688965
8599,7.573307991027832
8600,3.374784231185913
8601,7.731879234313965
8602,8.695582389831543
8603,-3.231039047241211
8604,7.200390815734863
8605,7.632037162780762
8606,3.6680281162261963
8607,6.9669294357299805
8608,10.10083293914795
8609,-4.836391448974609
8610,6.5656633377075195
8611,9.394253730773926
8612,2.5454647541046143
8613,-0.25319957733154297
8614,4.956948280334473
8615,-5.393479824066162
8616,-0.45353031158447266
8617,4.9027509689331055
8618,-6.161392688751221
8619,-0.4311542510986328
8620,4.928082466125488
8621,-6.162332534790039
8622,-0.4075002670288086
8623,4.954981803894043
8624,-6.1630754470825195
8625,-0.549473762512207
8626,4.692755699157715
8627,-5.366704940795898
8628,-0.575098991394043
8629,4.614928245544434
8630,-5.367869853973389
8631,-0.5927553176879883
8632,4.553528785705566
8633,-5.36717414855957
8634,-0.3037452697753906
8635,4.624415397644043
8636,-8.243175506591797
8637,-0.5088052749633789
8638,4.159523963928223
8639,-4.610452175140381
8640,0.0022211074829101562
8641,4.931097984313965
8642,-6.025155067443848
8643,-0.04913902282714844
8644,4.769858360290527
8645,-4.971168041229248
8646,1.5830755233764648
8647,4.215065956115723
8648,-9.895463943481445
8649,0.6437253952026367
8650,3.0946264266967773
8651,-1.7576875686645508
8652,3.6939878463745117
8653,6.339484214782715
8654,-8.754549026489258
8655,0.9945573806762695
8656,5.422347068786621
8657,2.0209543704986572
8658,2.9078474044799805
8659,8.8912992477417
8660,-5.861363410949707
8661,0.5095968246459961
8662,7.8479413986206055
8663,3.626784086227417
8664,2.8962440490722656
8665,9.497185707092285
8666,-6.725852012634277
8667,0.3219108581542969
8668,8.29849910736084
8669,4.065796852111816
8670,2.5334978103637695
8671,9.484047889709473
8672,-6.584891319274902
8673,0.3408346176147461
8674,8.51862621307373
8675,3.1114137172698975
8676,2.5127058029174805
8677,9.275444984436035
8678,-5.76779842376709
8679,0.44606590270996094
8680,8.4119291305542
8681,3.355149030685425
8682,4.482357978820801
8683,0.6278619766235352
8684,-6.303487300872803
8685,3.7866506576538086
8686,0.6061487197875977
8687,-0.5363898277282715
8688,5.1847429275512695
8689,6.028719902038574
8690,-6.333062171936035
8691,4.173161506652832
8692,5.444046974182129
8693,0.3793199062347412
8694,7.303534507751465
8695,8.02562427520752
8696,-3.7811951637268066
8697,6.538298606872559
8698,7.52866268157959
8699,2.9788453578948975
8700,7.810215950012207
8701,8.064528465270996
8702,-3.541787624359131
8703,7.070807456970215
8704,7.527342796325684
8705,3.2096450328826904
8706,7.070073127746582
8707,10.077183723449707
8708,-4.5324835777282715
8709,6.515568733215332
8710,9.382067680358887
8711,2.624894857406616
8712,-0.11086559295654297
8713,5.924450874328613
8714,-8.112829208374023
8715,-0.34644603729248047
8716,5.7198991775512695
8717,-8.84509563446045
8718,-0.33052921295166016
8719,5.693764686584473
8720,-8.846258163452148
8721,-0.3095235824584961
8722,5.671612739562988
8723,-8.849226951599121
8724,-0.39379215240478516
8725,5.6640729904174805
8726,-7.868452072143555
8727,-0.40293025970458984
8728,5.5985822677612305
8729,-7.869848251342773
8730,-0.4075193405151367
8731,5.544705390930176
8732,-7.869132995605469
8733,-0.17606544494628906
8734,5.077727317810059
8735,-10.423624992370605
8736,-0.3075246810913086
8737,4.932103157043457
8738,-5.989933013916016
8739,0.17978954315185547
8740,5.6568098068237305
8741,-8.523193359375
8742,0.151885986328125
8743,5.5882368087768555
8744,-7.232901573181152
8745,1.7784452438354492
8746,4.193234443664551
8747,-11.424778938293457
8748,0.7057619094848633
8749,3.7401952743530273
8750,-2.5616965293884277
8751,3.7295103073120117
8752,6.358769416809082
8753,-12.158326148986816
8754,1.1108055114746094
8755,6.052798271179199
8756,1.8339321613311768
8757,2.978242874145508
8758,9.31511402130127
8759,-12.408526420593262
8760,0.8013200759887695
8761,8.426873207092285
8762,2.807607889175415
8763,2.907543182373047
8764,9.94446086883545
8765,-13.980942726135254
8766,0.38946056365966797
8767,8.837479591369629
8768,3.061793565750122
8769,2.51285457611084
8770,9.732815742492676
8771,-13.723047256469727
8772,0.4264516830444336
8773,9.014307975769043
8774,1.9122059345245361
8775,2.557246208190918
8776,9.505661964416504
8777,-12.397375106811523
8778,0.6188039779663086
8779,8.982558250427246
8780,2.4057443141937256
8781,4.615204811096191
8782,2.016831398010254
8783,-6.364951133728027
8784,3.9641542434692383
8785,1.7907037734985352
8786,-0.47547459602355957
8787,5.116507530212402
8788,7.123959541320801
8789,-5.835450172424316
8790,4.24324893951416
8791,6.016461372375488
8792,1.612072229385376
8793,7.121617317199707
8794,8.10187816619873
8795,0.1794276237487793
8796,6.67471981048584
8797,7.095465660095215
8798,7.5901031494140625
8799,7.699118614196777
8800,8.453404426574707
8801,0.9219944477081299
8802,7.139311790466309
8803,6.862244606018066
8804,8.22666072845459
8805,7.153107643127441
8806,10.05711841583252
8807,1.0162627696990967
8808,6.889784812927246
8809,8.922224998474121
8810,8.112693786621094
8811,0.212310791015625
8812,6.080248832702637
8813,-9.508727073669434
8814,0.0040874481201171875
8815,5.915036201477051
8816,-10.328864097595215
8817,0.03458595275878906
8818,5.863091468811035
8819,-10.329081535339355
8820,0.05796623229980469
8821,5.8250017166137695
8822,-10.331798553466797
8823,-0.07276439666748047
8824,5.892334938049316
8825,-9.5283784866333
8826,-0.10162639617919922
8827,5.832959175109863
8828,-9.531354904174805
8829,-0.12710189819335938
8830,5.785391807556152
8831,-9.53258228302002
8832,0.2057781219482422
8833,5.151368141174316
8834,-12.191117286682129
8835,-0.04830360412597656
8836,5.036150932312012
8837,-8.569350242614746
8838,0.48908329010009766
8839,5.8002214431762695
8840,-9.997588157653809
8841,0.4342660903930664
8842,5.7475690841674805
8843,-8.945352554321289
8844,2.016219139099121
8845,4.2786149978637695
8846,-12.672995567321777
8847,0.7251472473144531
8848,3.666996955871582
8849,-5.510148525238037
8850,3.88692569732666
8851,6.718920707702637
8852,-13.095690727233887
8853,1.1387195587158203
8854,5.938595771789551
8855,-0.4153759479522705
8856,3.020504951477051
8857,9.655295372009277
8858,-13.662407875061035
8859,0.7934808731079102
8860,7.953595161437988
8861,1.3382117748260498
8862,2.9524078369140625
8863,10.351592063903809
8864,-15.239872932434082
8865,0.41187572479248047
8866,8.209500312805176
8867,1.4809939861297607
8868,2.574782371520996
8869,10.097352027893066
8870,-15.211801528930664
8871,0.4915294647216797
8872,8.333846092224121
8873,0.4134657382965088
8874,2.6120424270629883
8875,9.891301155090332
8876,-13.76682186126709
8877,0.7054624557495117
8878,8.328721046447754
8879,0.9899046421051025
8880,4.841250419616699
8881,2.8150033950805664
8882,-6.317480087280273
8883,3.84451961517334
8884,2.722292900085449
8885,-0.5240867137908936
8886,5.318936347961426
8887,7.70749568939209
8888,-6.821282386779785
8889,3.9420480728149414
8890,6.553515434265137
8891,1.8352344036102295
8892,6.989132881164551
8893,8.562291145324707
8894,1.301262617111206
8895,5.739556312561035
8896,7.245831489562988
8897,8.505975723266602
8898,7.069701194763184
8899,7.802939414978027
8900,2.261744260787964
8901,6.0981550216674805
8902,7.0409746170043945
8903,9.205361366271973
8904,7.2386884689331055
8905,9.570691108703613
8906,2.7159817218780518
8907,6.052851676940918
8908,8.680008888244629
8909,9.191169738769531
8910,0.2844219207763672
8911,6.13088321685791
8912,-10.496747970581055
8913,0.08816242218017578
8914,6.027789115905762
8915,-11.290301322937012
8916,0.12699317932128906
8917,5.933119773864746
8918,-11.289849281311035
8919,0.15296649932861328
8920,5.895876884460449
8921,-11.292356491088867
8922,-0.0043506622314453125
8923,5.960627555847168
8924,-10.495940208435059
8925,-0.03943157196044922
8926,5.903683662414551
8927,-10.499580383300781
8928,-0.0710306167602539
8929,5.856518745422363
8930,-10.501459121704102
8931,0.34477806091308594
8932,5.161654472351074
8933,-13.00429630279541
8934,0.016274452209472656
8935,5.095761299133301
8936,-9.414937019348145
8937,0.5764875411987305
8938,5.872891426086426
8939,-10.933741569519043
8940,0.5142345428466797
8941,5.823468208312988
8942,-9.892400741577148
8943,2.118562698364258
8944,4.265198707580566
8945,-13.330367088317871
8946,0.7333793640136719
8947,3.67813777923584
8948,-6.366965293884277
8949,3.9194040298461914
8950,6.777308464050293
8951,-13.377875328063965
8952,1.1485919952392578
8953,6.038331031799316
8954,-1.6112546920776367
8955,3.052276611328125
8956,9.850493431091309
8957,-13.129470825195312
8958,0.891657829284668
8959,8.508681297302246
8960,-0.05961441993713379
8961,2.960909843444824
8962,10.789576530456543
8963,-14.548203468322754
8964,0.5810174942016602
8965,8.677329063415527
8966,0.006668806076049805
8967,2.584467887878418
8968,10.395466804504395
8969,-14.482938766479492
8970,0.6721076965332031
8971,8.791192054748535
8972,-1.013098955154419
8973,2.591024398803711
8974,10.178772926330566
8975,-13.187142372131348
8976,0.8698911666870117
8977,8.716753959655762
8978,-0.40285372734069824
8979,4.927386283874512
8980,3.0845518112182617
8981,-6.280351638793945
8982,3.8712453842163086
8983,2.988612174987793
8984,-0.5632219314575195
8985,5.382866859436035
8986,8.239298820495605
8987,-6.593687057495117
8988,3.8960790634155273
8989,7.008517265319824
8990,1.9077885150909424
8991,6.866446495056152
8992,8.357806205749512
8993,2.3327457904815674
8994,6.067044258117676
8995,7.556899070739746
8996,9.044159889221191
8997,6.95639705657959
8998,7.883425712585449
8999,3.375068426132202
9000,6.412350654602051
9001,7.2556562423706055
9002,9.81814193725586
9003,7.35195255279541
9004,9.806235313415527
9005,4.184418678283691
9006,6.59096622467041
9007,9.083998680114746
9008,9.99869441986084
9009,0.37369251251220703
9010,6.069785118103027
9011,-16.564165115356445
9012,0.2556915283203125
9013,5.762452125549316
9014,-17.173044204711914
9015,0.30965328216552734
9016,5.709759712219238
9017,-17.17253303527832
9018,0.3427085876464844
9019,5.678647041320801
9020,-17.17696762084961
9021,0.13744258880615234
9022,5.729092597961426
9023,-16.42501449584961
9024,0.09912490844726562
9025,5.684279441833496
9026,-16.42927360534668
9027,0.06452083587646484
9028,5.651047706604004
9029,-16.43095588684082
9030,0.37377262115478516
9031,4.717806816101074
9032,-17.521102905273438
9033,0.2000265121459961
9034,4.979702949523926
9035,-14.157530784606934
9036,0.7013521194458008
9037,5.989514350891113
9038,-16.45400047302246
9039,0.586395263671875
9040,6.052334785461426
9041,-15.479151725769043
9042,2.595017433166504
9043,4.623366355895996
9044,-16.32847023010254
9045,0.7721328735351562
9046,4.310687065124512
9047,-10.177566528320312
9048,4.197625160217285
9049,6.9977827072143555
9050,-16.849319458007812
9051,0.9510183334350586
9052,6.653176307678223
9053,-5.864772319793701
9054,3.484065055847168
9055,9.91246509552002
9056,-18.082904815673828
9057,0.5549087524414062
9058,8.43686580657959
9059,-4.475743293762207
9060,3.438443183898926
9061,10.402251243591309
9062,-19.880178451538086
9063,0.13939762115478516
9064,8.599104881286621
9065,-4.643158912658691
9066,2.928524971008301
9067,10.097002983093262
9068,-19.936887741088867
9069,0.33266544342041016
9070,8.63757038116455
9071,-5.68461799621582
9072,2.9634761810302734
9073,9.893908500671387
9074,-18.2542781829834
9075,0.5823850631713867
9076,8.631539344787598
9077,-4.837882995605469
9078,5.017086982727051
9079,3.8411436080932617
9080,-5.941007614135742
9081,3.8117151260375977
9082,3.834658622741699
9083,-0.9032127857208252
9084,5.502541542053223
9085,8.504656791687012
9086,-6.1285719871521
9087,4.313002586364746
9088,7.789938926696777
9089,1.9416406154632568
9090,7.1557512283325195
9091,8.50538158416748
9092,3.6894848346710205
9093,6.3031816482543945
9094,7.7793474197387695
9095,10.797955513000488
9096,7.244057655334473
9097,7.8906755447387695
9098,4.722468376159668
9099,6.569443702697754
9100,7.453984260559082
9101,11.73491096496582
9102,7.6335039138793945
9103,9.72937297821045
9104,4.675223350524902
9105,6.862088203430176
9106,8.980538368225098
9107,11.439848899841309
9108,0.3778400421142578
9109,6.221022605895996
9110,-14.44969367980957
9111,0.2941093444824219
9112,5.826445579528809
9113,-15.039750099182129
9114,0.3641681671142578
9115,5.787592887878418
9116,-15.03886604309082
9117,0.4076347351074219
9118,5.763211250305176
9119,-15.042502403259277
9120,0.17416095733642578
9121,5.812512397766113
9122,-14.30321979522705
9123,0.1420917510986328
9124,5.773198127746582
9125,-14.307561874389648
9126,0.11426067352294922
9127,5.7475481033325195
9128,-14.309527397155762
9129,0.4799985885620117
9130,4.724188804626465
9131,-15.551608085632324
9132,0.25750255584716797
9133,5.168017387390137
9134,-12.245851516723633
9135,0.7556295394897461
9136,6.151885032653809
9137,-14.437915802001953
9138,0.6426753997802734
9139,6.151909828186035
9140,-13.4822998046875
9141,2.6677608489990234
9142,4.618359565734863
9143,-14.833696365356445
9144,0.8154525756835938
9145,4.663954734802246
9146,-8.725872039794922
9147,4.24672794342041
9148,7.0892744064331055
9149,-14.817117691040039
9150,0.9668922424316406
9151,6.965249061584473
9152,-4.99996280670166
9153,3.4622392654418945
9154,9.967116355895996
9155,-14.763016700744629
9156,0.5979728698730469
9157,8.74019718170166
9158,-4.234065532684326
9159,3.4142446517944336
9160,10.323506355285645
9161,-16.18256950378418
9162,0.24570274353027344
9163,9.048344612121582
9164,-4.412949085235596
9165,2.924592971801758
9166,9.972970008850098
9167,-16.238767623901367
9168,0.4063453674316406
9169,8.975945472717285
9170,-5.360728740692139
9171,2.9631452560424805
9172,9.783791542053223
9173,-14.875672340393066
9174,0.6328630447387695
9175,8.902853965759277
9176,-4.577771186828613
9177,5.034283638000488
9178,4.183779716491699
9179,-5.772346496582031
9180,3.9281320571899414
9181,4.460122108459473
9182,-1.0732834339141846
9183,5.420371055603027
9184,9.0525484085083
9185,-9.3090181350708
9186,4.0417890548706055
9187,8.392939567565918
9188,-1.603838562965393
9189,6.857602119445801
9190,8.6525297164917
9191,0.1716763973236084
9192,6.135807991027832
9193,8.39618968963623
9194,5.537945747375488
9195,7.0038251876831055
9196,8.127436637878418
9197,1.4329264163970947
9198,6.440142631530762
9199,8.045443534851074
9200,6.358314514160156
9201,7.326685905456543
9202,9.751986503601074
9203,3.9842469692230225
9204,6.728571891784668
9205,9.70732593536377
9206,6.305935859680176
9207,0.41785144805908203
9208,6.192503929138184
9209,-13.188111305236816
9210,0.3253746032714844
9211,5.764040946960449
9212,-13.85392951965332
9213,0.38105106353759766
9214,5.714367866516113
9215,-13.853548049926758
9216,0.42024993896484375
9217,5.589537620544434
9218,-13.857281684875488
9219,0.20292091369628906
9220,5.782553672790527
9221,-13.08035659790039
9222,0.17818450927734375
9223,5.747281074523926
9224,-13.084136962890625
9225,0.15546512603759766
9226,5.721800804138184
9227,-13.085945129394531
9228,0.5588226318359375
9229,4.648072242736816
9230,-14.79005241394043
9231,0.2931489944458008
9232,5.027041435241699
9233,-11.316575050354004
9234,0.7981157302856445
9235,6.106308937072754
9236,-13.323284149169922
9237,0.6628894805908203
9238,6.126328468322754
9239,-12.317544937133789
9240,2.647711753845215
9241,4.539156913757324
9242,-14.427860260009766
9243,0.8621454238891602
9244,4.227480888366699
9245,-8.139060974121094
9246,4.221341133117676
9247,6.976737022399902
9248,-14.467168807983398
9249,1.0317497253417969
9250,6.60634708404541
9251,-5.048625469207764
9252,3.4515600204467773
9253,9.817755699157715
9254,-14.129106521606445
9255,0.6249179840087891
9256,8.525006294250488
9257,-4.866971492767334
9258,3.394829750061035
9259,10.510266304016113
9260,-15.501975059509277
9261,0.24189090728759766
9262,8.77894115447998
9263,-5.13668155670166
9264,2.882443428039551
9265,9.998873710632324
9266,-15.45361328125
9267,0.3786430358886719
9268,8.835305213928223
9269,-6.051332473754883
9270,2.938075065612793
9271,9.796616554260254
9272,-14.188779830932617
9273,0.6169366836547852
9274,8.813416481018066
9275,-5.2320170402526855
9276,5.06881046295166
9277,4.345524787902832
9278,-5.732213020324707
9279,4.105288505554199
9280,4.156998634338379
9281,-1.1143672466278076
9282,5.337903022766113
9283,8.695338249206543
9284,-5.512699604034424
9285,4.0816850662231445
9286,7.690705299377441
9287,0.6607997417449951
9288,6.650422096252441
9289,8.196452140808105
9290,4.105983734130859
9291,5.940606117248535
9292,7.877720832824707
9293,9.265972137451172
9294,6.827683448791504
9295,7.697213172912598
9296,5.141358375549316
9297,6.235657691955566
9298,7.578530311584473
9299,10.159494400024414
9300,6.890229225158691
9301,9.608864784240723
9302,5.834267616271973
9303,6.266846656799316
9304,9.291813850402832
9305,10.499869346618652
9306,0.4420042037963867
9307,6.4592180252075195
9308,-11.256830215454102
9309,0.34348297119140625
9310,6.035649299621582
9311,-11.954033851623535
9312,0.3890399932861328
9313,5.974677085876465
9314,-11.953734397888184
9315,0.42481422424316406
9316,5.9040422439575195
9317,-11.956727027893066
9318,0.23727130889892578
9319,6.049925804138184
9320,-11.149611473083496
9321,0.20785045623779297
9322,5.9956769943237305
9323,-11.152870178222656
9324,0.18375492095947266
9325,5.947903633117676
9326,-11.154736518859863
9327,0.6153221130371094
9328,5.049843788146973
9329,-13.230440139770508
9330,0.3267488479614258
9331,5.180418968200684
9332,-9.641053199768066
9333,0.8126115798950195
9334,6.247807502746582
9335,-11.548035621643066
9336,0.6930742263793945
9337,6.3083696365356445
9338,-10.50577163696289
9339,2.7091331481933594
9340,4.678627967834473
9341,-13.254778861999512
9342,0.8806562423706055
9343,3.9945478439331055
9344,-6.646244049072266
9345,4.186408042907715
9346,6.927565574645996
9347,-13.837600708007812
9348,1.0634641647338867
9349,5.746233940124512
9350,-2.4873006343841553
9351,3.430954933166504
9352,9.666167259216309
9353,-14.37024974822998
9354,0.6850967407226562
9355,7.898463249206543
9356,-2.196162700653076
9357,3.3001508712768555
9358,10.302945137023926
9359,-15.754873275756836
9360,0.29746532440185547
9361,8.162652015686035
9362,-2.2440757751464844
9363,2.7638301849365234
9364,9.827414512634277
9365,-15.620612144470215
9366,0.41110992431640625
9367,8.277390480041504
9368,-3.0054073333740234
9369,2.8389711380004883
9370,9.658032417297363
9371,-14.40999698638916
9372,0.6462717056274414
9373,8.277420997619629
9374,-2.323977470397949
9375,5.124093055725098
9376,4.605216026306152
9377,-5.783560752868652
9378,4.322976112365723
9379,4.442915916442871
9380,-1.0624284744262695
9381,5.200051307678223
9382,9.66576099395752
9383,-6.33146858215332
9384,4.903079032897949
9385,8.926051139831543
9386,-0.4049851894378662
9387,6.891343116760254
9388,8.65689754486084
9389,2.3697822093963623
9390,7.027377128601074
9391,8.411698341369629
9392,7.7258806228637695
9393,7.066275596618652
9394,8.007739067077637
9395,3.2812559604644775
9396,7.260001182556152
9397,8.007670402526855
9398,9.15104866027832
9399,7.4836626052856445
9400,9.992629051208496
9401,4.039457321166992
9402,7.617173194885254
9403,9.58655834197998
9404,8.895673751831055
9405,0.4326791763305664
9406,6.576807975769043
9407,-10.753809928894043
9408,0.33719730377197266
9409,6.235260963439941
9410,-11.4401273727417
9411,0.3769245147705078
9412,6.192082405090332
9413,-11.440227508544922
9414,0.41056156158447266
9415,6.152737617492676
9416,-11.443510055541992
9417,0.2366180419921875
9418,6.2105607986450195
9419,-10.617584228515625
9420,0.21005630493164062
9421,6.146946907043457
9422,-10.620780944824219
9423,0.1872873306274414
9424,6.033425331115723
9425,-10.622802734375
9426,0.6319589614868164
9427,5.402726173400879
9428,-12.763337135314941
9429,0.34076404571533203
9430,5.248175621032715
9431,-9.095500946044922
9432,0.7963752746582031
9433,6.376132011413574
9434,-11.067220687866211
9435,0.6685962677001953
9436,6.362746238708496
9437,-10.000141143798828
9438,2.705716133117676
9439,4.687560081481934
9440,-12.853416442871094
9441,0.9153938293457031
9442,4.054648399353027
9443,-6.2794036865234375
9444,4.244942665100098
9445,6.875969886779785
9446,-13.9166898727417
9447,1.2518806457519531
9448,5.651049613952637
9449,-2.2786526679992676
9450,3.412886619567871
9451,9.872252464294434
9452,-14.688465118408203
9453,0.7352390289306641
9454,7.957333564758301
9455,-1.2367351055145264
9456,3.251702308654785
9457,10.480128288269043
9458,-16.042417526245117
9459,0.4250822067260742
9460,8.222649574279785
9461,-1.1879398822784424
9462,2.750642776489258
9463,10.151421546936035
9464,-15.789144515991211
9465,0.5334911346435547
9466,8.404629707336426
9467,-2.078047275543213
9468,2.816237449645996
9469,9.91552448272705
9470,-14.68247127532959
9471,0.7406864166259766
9472,8.430726051330566
9473,-1.5313923358917236
9474,5.22074031829834
9475,4.79001522064209
9476,-5.802939414978027
9477,4.404648780822754
9478,4.702752113342285
9479,-1.0430989265441895
9480,5.181939125061035
9481,9.516661643981934
9482,-7.1457061767578125
9483,4.684277534484863
9484,8.806052207946777
9485,-1.037170171737671
9486,7.022936820983887
9487,8.740357398986816
9488,1.8330175876617432
9489,6.837353706359863
9490,8.431254386901855
9491,5.797707557678223
9492,7.132441520690918
9493,8.016911506652832
9494,2.5588715076446533
9495,7.117966651916504
9496,8.034745216369629
9497,6.695246696472168
9498,7.549990653991699
9499,10.098055839538574
9500,3.013657331466675
9501,7.327546119689941
9502,9.563076972961426
9503,6.679738998413086
9504,0.44799041748046875
9505,6.587821006774902
9506,-11.276219367980957
9507,0.33836841583251953
9508,6.278512001037598
9509,-11.962148666381836
9510,0.37842464447021484
9511,6.240250587463379
9512,-11.962356567382812
9513,0.4110126495361328
9514,6.2062883377075195
9515,-11.966374397277832
9516,0.2412738800048828
9517,6.24564266204834
9518,-11.170273780822754
9519,0.21298599243164062
9520,6.184353828430176
9521,-11.173734664916992
9522,0.1870098114013672
9523,6.1174821853637695
9524,-11.176002502441406
9525,0.6311187744140625
9526,5.486273765563965
9527,-13.169902801513672
9528,0.3389720916748047
9529,5.389327049255371
9530,-9.644484519958496
9531,0.7942342758178711
9532,6.4062604904174805
9533,-11.528545379638672
9534,0.6797304153442383
9535,6.379471778869629
9536,-10.5054349899292
9537,2.7244644165039062
9538,4.76938533782959
9539,-12.951624870300293
9540,0.9221363067626953
9541,3.908980369567871
9542,-6.776418685913086
9543,4.325404167175293
9544,6.987208366394043
9545,-13.808382034301758
9546,1.5332965850830078
9547,5.5494489669799805
9548,-2.333535671234131
9549,3.4103479385375977
9550,10.020508766174316
9551,-14.487662315368652
9552,0.9706687927246094
9553,7.953364372253418
9554,-0.7079951763153076
9555,3.2275705337524414
9556,10.727009773254395
9557,-15.815957069396973
9558,0.5597200393676758
9559,8.20252513885498
9560,-0.6080021858215332
9561,2.7231855392456055
9562,10.296183586120605
9563,-15.672435760498047
9564,0.6369905471801758
9565,8.418557167053223
9566,-1.5238821506500244
9567,2.7981996536254883
9568,10.058011054992676
9569,-14.52265739440918
9570,0.8958921432495117
9571,8.45605754852295
9572,-1.024660348892212
9573,5.239199638366699
9574,4.852791786193848
9575,-5.7574567794799805
9576,4.340266227722168
9577,4.694159507751465
9578,-1.0883979797363281
9579,5.148694038391113
9580,9.639025688171387
9581,-6.680376052856445
9582,4.649897575378418
9583,8.94611644744873
9584,-0.18491744995117188
9585,7.069392204284668
9586,8.762267112731934
9587,2.168292284011841
9588,6.800490379333496
9589,8.395686149597168
9590,7.103519439697266
9591,7.291916847229004
9592,7.861842155456543
9593,3.1494038105010986
9594,7.096152305603027
9595,7.9425458908081055
9596,8.046279907226562
9597,7.666878700256348
9598,10.081761360168457
9599,4.144712448120117
9600,7.23592472076416
9601,9.58375072479248
9602,8.355405807495117
9603,0.4195280075073242
9604,6.6362104415893555
9605,-12.68785572052002
9606,0.3203754425048828
9607,6.2994184494018555
9608,-13.388932228088379
9609,0.36371707916259766
9610,6.245326042175293
9611,-13.389050483703613
9612,0.4023008346557617
9613,6.197766304016113
9614,-13.393671035766602
9615,0.20139503479003906
9616,6.3090009689331055
9617,-12.58245849609375
9618,0.16989803314208984
9619,6.260787010192871
9620,-12.586181640625
9621,0.14263248443603516
9622,6.215821266174316
9623,-12.5889310836792
9624,0.6569919586181641
9625,5.422419548034668
9626,-14.418108940124512
9627,0.334564208984375
9628,5.456517219543457
9629,-10.820907592773438
9630,0.7901067733764648
9631,6.421816825866699
9632,-12.845366477966309
9633,0.6482439041137695
9634,6.430214881896973
9635,-11.803354263305664
9636,2.7516298294067383
9637,4.735461235046387
9638,-13.851317405700684
9639,0.9695425033569336
9640,3.915957450866699
9641,-7.467514991760254
9642,4.405074119567871
9643,6.9944963455200195
9644,-14.775687217712402
9645,1.6716432571411133
9646,5.499402046203613
9647,-2.5985875129699707
9648,3.4048871994018555
9649,10.086991310119629
9650,-15.624267578125
9651,0.9915313720703125
9652,7.880887031555176
9653,-0.6237971782684326
9654,3.193535804748535
9655,10.804635047912598
9656,-17.01900291442871
9657,0.5981206893920898
9658,8.116803169250488
9659,-0.5158748626708984
9660,2.7182559967041016
9661,10.399832725524902
9662,-16.90731430053711
9663,0.6779375076293945
9664,8.345368385314941
9665,-1.4344940185546875
9666,2.7979907989501953
9667,10.1536283493042
9668,-15.669527053833008
9669,0.9150543212890625
9670,8.381941795349121
9671,-0.931225061416626
9672,5.265608787536621
9673,4.801142692565918
9674,-5.781838417053223
9675,4.1689252853393555
9676,4.868086814880371
9677,-1.0637352466583252
9678,5.329909324645996
9679,9.790602684020996
9680,-6.542290687561035
9681,4.882658958435059
9682,8.733977317810059
9683,-0.08862423896789551
9684,7.059327125549316
9685,8.800040245056152
9686,3.4007222652435303
9687,6.976067543029785
9688,8.346749305725098
9689,8.650362014770508
9690,7.289227485656738
9691,7.918366432189941
9692,4.566327095031738
9693,7.271157264709473
9694,7.948481559753418
9695,9.562374114990234
9696,7.61080265045166
9697,10.005827903747559
9698,5.670743942260742
9699,7.405386924743652
9700,9.456583976745605
9701,9.685188293457031
9702,0.43923377990722656
9703,6.579157829284668
9704,-12.200484275817871
9705,0.346954345703125
9706,6.230042457580566
9707,-12.957013130187988
9708,0.3886423110961914
9709,6.184760093688965
9710,-12.95685863494873
9711,0.4318370819091797
9712,6.146195411682129
9713,-12.960082054138184
9714,0.2319622039794922
9715,6.2338361740112305
9716,-12.15703296661377
9717,0.19342994689941406
9718,6.128767967224121
9719,-12.160371780395508
9720,0.16287994384765625
9721,6.079882621765137
9722,-12.163033485412598
9723,0.6795339584350586
9724,5.415308952331543
9725,-14.220078468322754
9726,0.34214115142822266
9727,5.345345497131348
9728,-10.660215377807617
9729,0.8074436187744141
9730,6.339205741882324
9731,-12.436387062072754
9732,0.6592445373535156
9733,6.345162391662598
9734,-11.406875610351562
9735,2.853525161743164
9736,4.756760597229004
9737,-13.760512351989746
9738,0.9894351959228516
9739,3.7498903274536133
9740,-7.5931501388549805
9741,4.399256706237793
9742,7.017966270446777
9743,-14.294797897338867
9744,1.6642723083496094
9745,5.388241767883301
9746,-2.629673719406128
9747,3.3834009170532227
9748,9.97044849395752
9749,-14.712868690490723
9750,0.9960041046142578
9751,7.930014610290527
9752,-0.6306235790252686
9753,3.164303779602051
9754,10.663634300231934
9755,-16.050479888916016
9756,0.6282625198364258
9757,8.195292472839355
9758,-0.5885093212127686
9759,2.7175140380859375
9760,10.191367149353027
9761,-15.964252471923828
9762,0.7074108123779297
9763,8.404400825500488
9764,-1.4731262922286987
9765,2.7983293533325195
9766,9.952057838439941
9767,-14.757491111755371
9768,0.9233865737915039
9769,8.440442085266113
9770,-0.9313042163848877
9771,5.293173789978027
9772,4.8347368240356445
9773,-5.7532243728637695
9774,4.213393211364746
9775,4.593842506408691
9776,-1.0933313369750977
9777,5.401782035827637
9778,9.104636192321777
9779,-2.9386348724365234
9780,4.8746747970581055
9781,8.360739707946777
9782,3.071080446243286
9783,7.142828941345215
9784,8.632840156555176
9785,6.249746322631836
9786,6.680954933166504
9787,8.067172050476074
9788,11.433550834655762
9789,7.332392692565918
9790,7.900111198425293
9791,7.306567192077637
9792,6.965022087097168
9793,7.688288688659668
9794,12.376221656799316
9795,7.440804481506348
9796,10.118132591247559
9797,7.8520002365112305
9798,6.947846412658691
9799,9.1899995803833
9800,12.49722671508789
