,0
0,-3.0370969772338867
1,-5.579923629760742
2,-7.080898284912109
3,-3.040180206298828
4,-5.990533828735352
5,-7.58206844329834
6,-3.010835647583008
7,-6.013302803039551
8,-7.5829057693481445
9,-2.9850358963012695
10,-6.034192085266113
11,-7.58494758605957
12,-3.0500221252441406
13,-5.995540618896484
14,-6.772111892700195
15,-3.0247507095336914
16,-6.02415657043457
17,-6.771720886230469
18,-3.003072738647461
19,-6.053937911987305
20,-6.772546768188477
21,-2.697751998901367
22,-6.099770545959473
23,-8.797062873840332
24,-2.6880578994750977
25,-6.203521728515625
26,-5.087718963623047
27,-2.812673568725586
28,-5.413394927978516
29,-7.422455787658691
30,-2.821636199951172
31,-5.41903018951416
32,-6.344411849975586
33,-1.9625244140625
34,-4.919580459594727
35,-10.308431625366211
36,-1.8902673721313477
37,-5.290032386779785
38,-2.7369744777679443
39,-3.504115104675293
40,-6.522947311401367
41,-13.874076843261719
42,-3.609124183654785
43,-6.7026262283325195
44,-1.0483428239822388
45,-5.155396461486816
46,-8.339866638183594
47,-15.00613021850586
48,-5.089962005615234
49,-8.227616310119629
50,-2.9908907413482666
51,-5.572972297668457
52,-8.722554206848145
53,-16.36465072631836
54,-5.199498176574707
55,-8.63394546508789
56,-3.2141003608703613
57,-5.499581336975098
58,-8.879276275634766
59,-15.867918014526367
60,-5.481401443481445
61,-8.590941429138184
62,-4.021519660949707
63,-5.397022247314453
64,-8.731465339660645
65,-14.898646354675293
66,-5.342263221740723
67,-8.38382625579834
68,-3.442042827606201
69,0.19617176055908203
70,0.42565155029296875
71,-5.040215492248535
72,0.0
73,0.0
74,0.0
75,-0.6210308074951172
76,5.083585739135742
77,-2.8648681640625
78,-0.6949176788330078
79,4.648338317871094
80,2.288146734237671
81,-0.4706735610961914
82,9.354351043701172
83,-0.045261383056640625
84,-0.5433692932128906
85,8.647195816040039
86,5.389501571655273
87,-0.21641826629638672
88,10.005533218383789
89,0.12086701393127441
90,-0.3123283386230469
91,9.395730972290039
92,5.62100887298584
93,-1.4143648147583008
94,10.474494934082031
95,-1.661489486694336
96,-1.441502571105957
97,9.860174179077148
98,4.273479461669922
99,-3.0438756942749023
100,-4.844887733459473
101,-6.240918159484863
102,-3.053976058959961
103,-5.244736671447754
104,-6.829422950744629
105,-3.0291032791137695
106,-5.262294769287109
107,-6.829687118530273
108,-3.001873016357422
109,-5.28780460357666
110,-6.8301897048950195
111,-3.054642677307129
112,-5.330661773681641
113,-6.0246806144714355
114,-3.028728485107422
115,-5.403658866882324
116,-6.025119781494141
117,-3.005612373352051
118,-5.472112655639648
119,-6.026426315307617
120,-2.718242645263672
121,-5.428119659423828
122,-8.463536262512207
123,-2.6930532455444336
124,-5.6318769454956055
125,-4.783755302429199
126,-2.829845428466797
127,-4.684372901916504
128,-6.740761756896973
129,-2.834599494934082
130,-4.756321907043457
131,-5.673060417175293
132,-1.9682674407958984
133,-4.066455841064453
134,-10.316145896911621
135,-1.7692031860351562
136,-5.080112457275391
137,-2.5734448432922363
138,-3.6653127670288086
139,-5.1081647872924805
140,-14.190075874328613
141,-3.5938644409179688
142,-6.116554260253906
143,-0.8482298851013184
144,-5.391511917114258
145,-6.033942222595215
146,-15.972195625305176
147,-5.125642776489258
148,-6.637380599975586
149,-2.694491147994995
150,-5.937841415405273
151,-5.921917915344238
152,-17.515600204467773
153,-5.506015777587891
154,-6.6934356689453125
155,-2.778399705886841
156,-5.961919784545898
157,-6.1885480880737305
158,-16.885507583618164
159,-5.592690467834473
160,-6.681921005249023
161,-3.7588272094726562
162,-5.755433082580566
163,-6.210806846618652
164,-15.833807945251465
165,-5.426342964172363
166,-6.604248046875
167,-3.1725034713745117
168,0.323333740234375
169,0.7795925140380859
170,-5.147853374481201
171,0.2160663604736328
172,0.2111988067626953
173,0.10542535781860352
174,-0.6459846496582031
175,5.145862579345703
176,-2.937899589538574
177,-0.701014518737793
178,4.648321151733398
179,2.736215353012085
180,-0.4683370590209961
181,9.38325309753418
182,-0.04596304893493652
183,-0.5344009399414062
184,8.673852920532227
185,6.332860946655273
186,-0.20800304412841797
187,10.063543319702148
188,0.12145328521728516
189,-0.3087348937988281
190,9.395679473876953
191,6.647843360900879
192,-1.4559135437011719
193,10.485101699829102
194,-1.5835624933242798
195,-1.443007469177246
196,9.793622970581055
197,5.759692192077637
198,-3.098433494567871
199,-4.310877799987793
200,-2.820753574371338
201,-3.0811405181884766
202,-4.73831844329834
203,-3.371399164199829
204,-3.05222225189209
205,-4.742011070251465
206,-3.3723461627960205
207,-3.022733688354492
208,-4.745046615600586
209,-3.3725128173828125
210,-3.0860042572021484
211,-4.816276550292969
212,-2.622518301010132
213,-3.0581483840942383
214,-4.870978355407715
215,-2.6233530044555664
216,-3.0311851501464844
217,-4.925217628479004
218,-2.625887870788574
219,-2.7254838943481445
220,-4.761577606201172
221,-4.997674942016602
222,-2.7028799057006836
223,-5.003976821899414
224,-1.5573921203613281
225,-2.900689125061035
226,-4.03839111328125
227,-3.3307645320892334
228,-2.903141975402832
229,-4.14137077331543
230,-2.3342556953430176
231,-2.101809501647949
232,-3.268832206726074
233,-7.378344535827637
234,-1.6842107772827148
235,-4.3816328048706055
236,0.3688321113586426
237,-4.016822814941406
238,-3.2098255157470703
239,-12.581960678100586
240,-0.6072683334350586
241,-3.557793617248535
242,4.6429338455200195
243,-5.7594404220581055
244,-3.106109619140625
245,-15.595032691955566
246,-0.2873954772949219
247,-2.7515249252319336
248,8.282206535339355
249,-6.205182075500488
250,-2.7403030395507812
251,-16.699819564819336
252,-0.1726245880126953
253,-2.611935615539551
254,9.198222160339355
255,-6.261354446411133
256,-2.888859748840332
257,-15.90676212310791
258,-0.24239635467529297
259,-2.649555206298828
260,8.564619064331055
261,-6.095958709716797
262,-3.0010108947753906
263,-15.331549644470215
264,-0.30075645446777344
265,-2.613326072692871
266,8.153974533081055
267,0.4924354553222656
268,1.0896968841552734
269,-5.1746320724487305
270,0.41948509216308594
271,0.4316082000732422
272,0.12999701499938965
273,-0.7509279251098633
274,5.146312713623047
275,-3.2351343631744385
276,-0.7560482025146484
277,4.302997589111328
278,2.6620891094207764
279,-0.46785736083984375
280,9.41135025024414
281,-0.5959261655807495
282,-0.4649791717529297
283,7.417936325073242
284,6.470882415771484
285,-0.21512317657470703
286,10.067041397094727
287,-0.3468334674835205
288,-0.2317495346069336
289,8.275348663330078
290,6.875452995300293
291,-1.4629907608032227
292,10.526670455932617
293,-1.5849392414093018
294,-0.9667596817016602
295,7.918546676635742
296,6.598807334899902
297,-3.1738433837890625
298,-3.6131973266601562
299,-2.2828311920166016
300,-3.1409997940063477
301,-4.028238296508789
302,-2.813971996307373
303,-3.1134986877441406
304,-4.020829200744629
305,-2.814993143081665
306,-3.087728500366211
307,-4.016207695007324
308,-2.8149940967559814
309,-3.1426477432250977
310,-4.101951599121094
311,-2.08526873588562
312,-3.1139135360717773
313,-4.150465965270996
314,-2.0858314037323
315,-3.0850343704223633
316,-4.198264122009277
317,-2.087174415588379
318,-2.80393123626709
319,-4.009055137634277
320,-4.330728530883789
321,-2.769223213195801
322,-4.245972633361816
323,-1.0041978359222412
324,-2.9821863174438477
325,-3.2939510345458984
326,-2.7587838172912598
327,-2.9838075637817383
328,-3.3646326065063477
329,-1.7964093685150146
330,-2.246464729309082
331,-2.3760128021240234
332,-6.665525436401367
333,-1.6637325286865234
334,-3.5487852096557617
335,1.0069715976715088
336,-3.9606456756591797
337,-1.0900115966796875
338,-10.86333179473877
339,-0.5363864898681641
340,-2.9355239868164062
341,5.174267768859863
342,-5.668779373168945
343,0.20180130004882812
344,-12.305295944213867
345,-0.4832725524902344
346,-2.7243452072143555
347,8.8089017868042
348,-6.194358825683594
349,0.7784709930419922
350,-13.207606315612793
351,-0.2786064147949219
352,-3.0217905044555664
353,9.770639419555664
354,-6.126481056213379
355,0.6313877105712891
356,-12.478313446044922
357,-0.3621635437011719
358,-3.095747947692871
359,9.195088386535645
360,-5.974249839782715
361,0.5171108245849609
362,-12.04385757446289
363,-0.40972137451171875
364,-2.9965991973876953
365,8.708796501159668
366,0.6172266006469727
367,1.5041007995605469
368,-5.187563419342041
369,0.47068309783935547
370,0.7457618713378906
371,0.142411470413208
372,-0.9114208221435547
373,5.299253463745117
374,-3.2627899646759033
375,-0.8961963653564453
376,4.480487823486328
377,0.7543363571166992
378,-0.4732666015625
379,9.541555404663086
380,-0.4929640293121338
381,-0.4794902801513672
382,8.09646224975586
383,3.1129815578460693
384,-0.21832847595214844
385,10.144912719726562
386,-0.295454740524292
387,-0.26195335388183594
388,8.755878448486328
389,3.3641340732574463
390,-1.5072078704833984
391,10.526317596435547
392,-0.7694634199142456
393,-1.3672924041748047
394,8.641136169433594
395,3.1243765354156494
396,-3.3067245483398438
397,-2.7518539428710938
398,-3.99178409576416
399,-3.278122901916504
400,-3.1910037994384766
401,-4.5189104080200195
402,-3.2539663314819336
403,-3.2038488388061523
404,-4.519789695739746
405,-3.2317190170288086
406,-3.2172460556030273
407,-4.520757675170898
408,-3.278367042541504
409,-3.2338380813598633
410,-3.7549593448638916
411,-3.252370834350586
412,-3.2771730422973633
413,-3.755239486694336
414,-3.223623275756836
415,-3.326465606689453
416,-3.756535053253174
417,-2.948343276977539
418,-3.2384214401245117
419,-5.956344127655029
420,-2.908135414123535
421,-3.382638931274414
422,-2.3846771717071533
423,-3.0984678268432617
424,-2.4837846755981445
425,-4.4293060302734375
426,-3.103414535522461
427,-2.5155563354492188
428,-3.4090800285339355
429,-2.238361358642578
430,-1.6047172546386719
431,-7.97247314453125
432,-1.8651514053344727
433,-2.0956192016601562
434,0.21675848960876465
435,-3.604336738586426
436,0.8766098022460938
437,-9.492354393005371
438,-2.900509834289551
439,0.5768661499023438
440,1.7124531269073486
441,-4.806867599487305
442,3.0640621185302734
443,-7.818756103515625
444,-4.067238807678223
445,2.665945053100586
446,-0.33638501167297363
447,-5.027766227722168
448,3.842967987060547
449,-8.786930084228516
450,-4.304533958435059
451,3.379507064819336
452,-0.10041546821594238
453,-5.127077102661133
454,3.816743850708008
455,-8.114861488342285
456,-4.361771583557129
457,3.460145950317383
458,-1.1064130067825317
459,-5.025266647338867
460,3.5508995056152344
461,-7.532339096069336
462,-4.270716667175293
463,3.230335235595703
464,-0.8012855052947998
465,0.7030553817749023
466,1.6656417846679688
467,-5.294398307800293
468,0.5019092559814453
469,1.129281997680664
470,0.2555348873138428
471,-0.9518547058105469
472,5.360013961791992
473,-4.326836109161377
474,-1.0089902877807617
475,4.670061111450195
476,1.0659215450286865
477,-0.4757080078125
478,9.55046272277832
479,-1.5891695022583008
480,-0.49587535858154297
481,8.501897811889648
482,4.140380859375
483,-0.2189922332763672
484,10.177885055541992
485,-1.3914992809295654
486,-0.2856922149658203
487,9.180988311767578
488,4.426965713500977
489,-1.545536994934082
490,10.33128547668457
491,-2.386274576187134
492,-1.4685087203979492
493,9.331932067871094
494,3.9104230403900146
495,-3.488626480102539
496,-2.261500358581543
497,-4.2267656326293945
498,-3.4648962020874023
499,-2.6348466873168945
500,-4.808128356933594
501,-3.440352439880371
502,-2.6348485946655273
503,-4.809065341949463
504,-3.41726016998291
505,-2.6316823959350586
506,-4.80943489074707
507,-3.460559844970703
508,-2.686382293701172
509,-4.016509056091309
510,-3.431140899658203
511,-2.72418212890625
512,-4.017387390136719
513,-3.3995094299316406
514,-2.762875556945801
515,-4.018004417419434
516,-3.1347904205322266
517,-2.598957061767578
518,-6.230216979980469
519,-3.072880744934082
520,-2.8303070068359375
521,-2.6391820907592773
522,-3.282382011413574
523,-1.9938898086547852
524,-4.6505231857299805
525,-3.2755680084228516
526,-2.034976005554199
527,-3.606168270111084
528,-2.254209518432617
529,-0.6834392547607422
530,-8.215538024902344
531,-1.9441537857055664
532,-1.567133903503418
533,0.263751745223999
534,-2.836709976196289
535,2.460559844970703
536,-8.551016807556152
537,-2.8000926971435547
538,1.9818859100341797
539,1.3229186534881592
540,-3.363004684448242
541,5.298208236694336
542,-6.288236618041992
543,-3.581562042236328
544,4.639928817749023
545,-0.21718049049377441
546,-3.419412612915039
547,6.232114791870117
548,-7.036358833312988
549,-3.957429885864258
550,5.340629577636719
551,0.14550995826721191
552,-3.485293388366699
553,6.248273849487305
554,-6.38209342956543
555,-3.68792724609375
556,5.572813034057617
557,-0.7835848331451416
558,-3.4457483291625977
559,6.001230239868164
560,-5.981040000915527
561,-3.6213417053222656
562,5.32432746887207
563,-0.6239798069000244
564,0.6911449432373047
565,1.8110790252685547
566,-5.2810163497924805
567,0.571476936340332
568,1.1863765716552734
569,0.24202299118041992
570,-0.9804067611694336
571,5.369503021240234
572,-4.3408403396606445
573,-1.053074836730957
574,4.702280044555664
575,1.3913531303405762
576,-0.48958683013916016
577,9.550498962402344
578,-1.675804853439331
579,-0.5315885543823242
580,8.59881591796875
581,4.343330383300781
582,-0.22983264923095703
583,10.181156158447266
584,-1.4621366262435913
585,-0.3347043991088867
586,9.24203109741211
587,4.622611999511719
588,-1.6405630111694336
589,10.288351058959961
590,-2.2765591144561768
591,-1.5787534713745117
592,9.333368301391602
593,4.119626045227051
594,-3.521167755126953
595,-1.7465505599975586
596,-4.433410167694092
597,-3.52142333984375
598,-2.088465690612793
599,-4.991641998291016
600,-3.4979629516601562
601,-2.0839128494262695
602,-4.992395401000977
603,-3.4721221923828125
604,-2.087094306945801
605,-4.992762565612793
606,-3.5138463973999023
607,-2.135255813598633
608,-4.205183506011963
609,-3.471935272216797
610,-2.192596435546875
611,-4.205958843231201
612,-3.4379215240478516
613,-2.2303171157836914
614,-4.206585884094238
615,-3.200150489807129
616,-2.0877857208251953
617,-6.338645935058594
618,-3.125530242919922
619,-2.3350019454956055
620,-2.805605411529541
621,-3.294184684753418
622,-1.5326042175292969
623,-4.843521595001221
624,-3.2757320404052734
625,-1.5666475296020508
626,-3.8106768131256104
627,-2.2439393997192383
628,-0.33872032165527344
629,-8.246527671813965
630,-1.9815187454223633
631,-1.1298160552978516
632,-0.019279003143310547
633,-1.894871711730957
634,3.089254379272461
635,-8.178102493286133
636,-1.9525423049926758
637,2.28253173828125
638,0.7712016105651855
639,-1.4689512252807617
640,5.64109992980957
641,-5.297277927398682
642,-1.7630615234375
643,4.9763031005859375
644,-0.5514214038848877
645,-1.3155336380004883
646,6.300745010375977
647,-5.836690902709961
648,-1.8151578903198242
649,5.570590972900391
650,-0.2642202377319336
651,-1.3289852142333984
652,6.313028335571289
653,-5.477969169616699
654,-1.7501602172851562
655,5.637659072875977
656,-1.0960229635238647
657,-1.3990087509155273
658,6.029001235961914
659,-5.091753959655762
660,-1.7220420837402344
661,5.492927551269531
662,-0.9269596338272095
663,0.7258110046386719
664,1.8269767761230469
665,-5.247785568237305
666,0.6079635620117188
667,1.2597274780273438
668,0.2114579677581787
669,-1.057271957397461
670,5.367038726806641
671,-4.0036234855651855
672,-1.0931472778320312
673,4.6998443603515625
674,1.6448681354522705
675,-0.5453300476074219
676,9.445920944213867
677,-1.3335198163986206
678,-0.4679088592529297
679,8.562334060668945
680,4.401952743530273
681,-0.27176666259765625
682,10.13553237915039
683,-1.159624695777893
684,-0.3390960693359375
685,9.211381912231445
686,4.616033554077148
687,-1.6325559616088867
688,10.29757308959961
689,-1.7773377895355225
690,-1.5386924743652344
691,9.474176406860352
692,4.067848205566406
693,-3.718256950378418
694,-1.2466363906860352
695,-4.022902965545654
696,-3.6703548431396484
697,-1.5601186752319336
698,-4.569208145141602
699,-3.6369733810424805
700,-1.5407733917236328
701,-4.569957733154297
702,-3.602444648742676
703,-1.5161876678466797
704,-4.571035385131836
705,-3.6807174682617188
706,-1.6336307525634766
707,-3.719057559967041
708,-3.649740219116211
709,-1.6713504791259766
710,-3.719071865081787
711,-3.6168346405029297
712,-1.704482078552246
713,-3.7194652557373047
714,-3.286646842956543
715,-1.5004501342773438
716,-6.0628862380981445
717,-3.2588891983032227
718,-1.8183298110961914
719,-2.258206605911255
720,-3.49237060546875
721,-1.0186166763305664
722,-4.506491661071777
723,-3.509662628173828
724,-1.076756477355957
725,-3.3981032371520996
726,-2.2279319763183594
727,0.11886024475097656
728,-7.879610061645508
729,-2.0485000610351562
730,-1.0237178802490234
731,0.42335081100463867
732,-0.877711296081543
733,2.7709217071533203
734,-7.634954452514648
735,-0.8053998947143555
736,0.9777088165283203
737,1.2584030628204346
738,0.25032901763916016
739,4.814699172973633
740,-4.434218406677246
741,-0.30027294158935547
742,3.3268489837646484
743,0.22765207290649414
744,0.5491142272949219
745,5.089258193969727
746,-4.872827529907227
747,-0.226898193359375
748,3.682201385498047
749,0.7755732536315918
750,0.5829458236694336
751,5.1474456787109375
752,-4.6135759353637695
753,-0.2436838150024414
754,3.8287391662597656
755,0.11994194984436035
756,0.4392385482788086
757,5.035310745239258
758,-4.27714204788208
759,-0.26192283630371094
760,3.735218048095703
761,-0.037551164627075195
762,0.6950960159301758
763,1.8247642517089844
764,-5.242486953735352
765,0.6335697174072266
766,1.1541004180908203
767,0.20555424690246582
768,-1.077082633972168
769,5.240901947021484
770,-3.9930858612060547
771,-1.0286331176757812
772,4.086191177368164
773,2.030740976333618
774,-0.551121711730957
775,9.322446823120117
776,-1.2937843799591064
777,-0.1000823974609375
778,7.466276168823242
779,4.481354713439941
780,-0.2947502136230469
781,10.020528793334961
782,-0.9053052663803101
783,0.22866344451904297
784,7.878591537475586
785,4.678441047668457
786,-1.6284551620483398
787,10.277854919433594
788,-1.1752643585205078
789,-0.7674055099487305
790,8.752790451049805
791,4.110308647155762
792,-3.826846122741699
793,-0.8312797546386719
794,-6.238933563232422
795,-3.7693281173706055
796,-1.140115737915039
797,-6.703948020935059
798,-3.736556053161621
799,-1.131805419921875
800,-6.705146789550781
801,-3.6995439529418945
802,-1.1223230361938477
803,-6.707058906555176
804,-3.777376174926758
805,-1.1890068054199219
806,-5.837688446044922
807,-3.747709274291992
808,-1.2191925048828125
809,-5.83718729019165
810,-3.7135791778564453
811,-1.260605812072754
812,-5.837620258331299
813,-3.3648109436035156
814,-1.1115446090698242
815,-7.906196594238281
816,-3.345500946044922
817,-1.3772974014282227
818,-3.9979631900787354
819,-3.6042404174804688
820,-0.5903072357177734
821,-6.637214660644531
822,-3.618258476257324
823,-0.6249980926513672
824,-5.4973225593566895
825,-2.1643991470336914
826,0.3693580627441406
827,-9.370216369628906
828,-2.152743339538574
829,-0.48783111572265625
830,-1.2839219570159912
831,-0.24539947509765625
832,1.7834205627441406
833,-9.130352973937988
834,-0.4573249816894531
835,0.4904441833496094
836,-0.26587820053100586
837,1.3155975341796875
838,2.7126388549804688
839,-8.720620155334473
840,0.6823348999023438
841,1.6985397338867188
842,-0.8961876630783081
843,1.6688232421875
844,2.750743865966797
845,-9.29868221282959
846,0.9907026290893555
847,1.9022254943847656
848,-0.4356536865234375
849,1.694162368774414
850,2.7302684783935547
851,-9.619044303894043
852,0.9991178512573242
853,2.0225658416748047
854,-1.1671831607818604
855,1.5216484069824219
856,2.7230091094970703
857,-8.84488582611084
858,0.8274345397949219
859,1.9857292175292969
860,-1.1865168809890747
861,0.7804069519042969
862,1.7387828826904297
863,-5.2682929039001465
864,0.5091028213500977
865,1.091257095336914
866,0.23389244079589844
867,-0.9366455078125
868,5.230916976928711
869,-4.688441276550293
870,-1.113459587097168
871,4.184139251708984
872,2.0089852809906006
873,-0.5431461334228516
874,9.308391571044922
875,-1.8969080448150635
876,-0.5240383148193359
877,7.838897705078125
878,4.546369552612305
879,-0.29347896575927734
880,10.004705429077148
881,-1.6531559228897095
882,-0.2814216613769531
883,8.094486236572266
884,4.751173973083496
885,-1.5486173629760742
886,10.276361465454102
887,-2.801100254058838
888,-1.2419986724853516
889,9.107892990112305
890,4.184629440307617
891,-3.8143844604492188
892,-0.2373199462890625
893,-5.544597148895264
894,-3.7639989852905273
895,-0.5515594482421875
896,-6.05385684967041
897,-3.72782039642334
898,-0.5414180755615234
899,-6.054690361022949
900,-3.6896018981933594
901,-0.5230751037597656
902,-6.055929183959961
903,-3.7768068313598633
904,-0.6105232238769531
905,-5.2220048904418945
906,-3.747941017150879
907,-0.6461467742919922
908,-5.222068786621094
909,-3.7167320251464844
910,-0.6784572601318359
911,-5.222700119018555
912,-3.3551158905029297
913,-0.5606212615966797
914,-7.435900688171387
915,-3.361599922180176
916,-0.8939323425292969
917,-3.6174325942993164
918,-3.585660934448242
919,-0.03485298156738281
920,-5.991519927978516
921,-3.6008806228637695
922,-0.08444404602050781
923,-4.874881744384766
924,-2.127267837524414
925,0.45183753967285156
926,-9.105998992919922
927,-2.179698944091797
928,-0.5638275146484375
929,-1.0583137273788452
930,-0.1466693878173828
931,1.1180267333984375
932,-9.44318675994873
933,-0.5085315704345703
934,-0.085540771484375
935,0.35004162788391113
936,1.4488601684570312
937,-0.20958518981933594
938,-10.29352855682373
939,0.5996923446655273
940,-0.8676185607910156
941,0.958216667175293
942,1.6967926025390625
943,-0.6992397308349609
944,-11.075308799743652
945,0.8913516998291016
946,-1.0471696853637695
947,1.6023280620574951
948,1.6950607299804688
949,-0.6990718841552734
950,-11.052322387695312
951,0.928955078125
952,-1.0353107452392578
953,1.0151309967041016
954,1.5609512329101562
955,-0.4574432373046875
956,-10.300675392150879
957,0.8163967132568359
958,-0.9156570434570312
959,0.7712588310241699
960,0.8620643615722656
961,1.565439224243164
962,-5.403460502624512
963,0.4840869903564453
964,0.8961429595947266
965,0.36955976486206055
966,-0.8524675369262695
967,5.121433258056641
968,-5.516860008239746
969,-1.1187362670898438
970,4.232086181640625
971,0.8984456062316895
972,-0.5566463470458984
973,9.294912338256836
974,-3.614309310913086
975,-0.6207752227783203
976,8.277603149414062
977,3.1984097957611084
978,-0.30660152435302734
979,10.00729751586914
980,-3.4637460708618164
981,-0.3873729705810547
982,8.600322723388672
983,3.3621113300323486
984,-1.548893928527832
985,10.271783828735352
986,-4.855659484863281
987,-1.411992073059082
988,9.370500564575195
989,2.87251877784729
990,-3.8411903381347656
991,0.016569137573242188
992,-5.385933876037598
993,-3.795085906982422
994,-0.27010536193847656
995,-5.913130760192871
996,-3.7605085372924805
997,-0.2648944854736328
998,-5.913442611694336
999,-3.7243833541870117
1000,-0.25432586669921875
1001,-5.914792537689209
1002,-3.810466766357422
1003,-0.3250846862792969
1004,-5.025254726409912
1005,-3.7860212326049805
1006,-0.36154747009277344
1007,-5.025329113006592
1008,-3.7565736770629883
1009,-0.4113578796386719
1010,-5.025442123413086
1011,-3.400790214538574
1012,-0.3441963195800781
1013,-7.421710968017578
1014,-3.4305152893066406
1015,-0.6292858123779297
1016,-3.5629403591156006
1017,-3.626894950866699
1018,0.22282981872558594
1019,-5.888228416442871
1020,-3.6401290893554688
1021,0.1835765838623047
1022,-4.700246810913086
1023,-2.1051454544067383
1024,0.3853015899658203
1025,-8.989100456237793
1026,-2.1920013427734375
1027,-0.3862724304199219
1028,-1.0565084218978882
1029,-0.4638786315917969
1030,-0.9376049041748047
1031,-10.39613151550293
1032,-0.6485023498535156
1033,-1.5124397277832031
1034,1.361065149307251
1035,0.6823434829711914
1036,-3.0569028854370117
1037,-12.183065414428711
1038,0.3463611602783203
1039,-3.495577812194824
1040,3.3083150386810303
1041,0.8220415115356445
1042,-3.550204277038574
1043,-13.18497371673584
1044,0.5630302429199219
1045,-3.9910783767700195
1046,4.057223320007324
1047,0.8024187088012695
1048,-3.724271774291992
1049,-13.116011619567871
1050,0.5442600250244141
1051,-4.049873352050781
1052,3.46394944190979
1053,0.7552223205566406
1054,-3.5173940658569336
1055,-12.221936225891113
1056,0.4986228942871094
1057,-3.8680543899536133
1058,3.1542484760284424
1059,0.9002456665039062
1060,1.4919471740722656
1061,-5.578009605407715
1062,0.5037059783935547
1063,0.8826618194580078
1064,0.5437779426574707
1065,-0.7469644546508789
1066,5.060846328735352
1067,-5.708132743835449
1068,-1.1018056869506836
1069,4.277536392211914
1070,0.9776575565338135
1071,-0.55560302734375
1072,9.299055099487305
1073,-3.7547004222869873
1074,-0.6489276885986328
1075,8.592212677001953
1076,3.0340960025787354
1077,-0.31705284118652344
1078,10.023046493530273
1079,-3.5839834213256836
1080,-0.455291748046875
1081,9.152959823608398
1082,3.163367509841919
1083,-1.5759563446044922
1084,10.203239440917969
1085,-5.045371055603027
1086,-1.5667448043823242
1087,9.432472229003906
1088,2.45697283744812
1089,-3.821901321411133
1090,0.1540050506591797
1091,-4.3511810302734375
1092,-3.7800254821777344
1093,-0.169158935546875
1094,-4.857852935791016
1095,-3.7490711212158203
1096,-0.1799449920654297
1097,-4.8593034744262695
1098,-3.7163896560668945
1099,-0.1882343292236328
1100,-4.862270832061768
1101,-3.7929763793945312
1102,-0.2105236053466797
1103,-3.9780683517456055
1104,-3.7713069915771484
1105,-0.2519569396972656
1106,-3.9775092601776123
1107,-3.746048927307129
1108,-0.29582786560058594
1109,-3.9767847061157227
1110,-3.4062023162841797
1111,-0.3577156066894531
1112,-6.232467174530029
1113,-3.4389963150024414
1114,-0.5209808349609375
1115,-2.28130841255188
1116,-3.629103660583496
1117,0.31960487365722656
1118,-4.814774513244629
1119,-3.641986846923828
1120,0.29029083251953125
1121,-3.658018112182617
1122,-2.097702980041504
1123,0.14687538146972656
1124,-7.519962310791016
1125,-2.1630382537841797
1126,-0.16007041931152344
1127,-0.046248435974121094
1128,-0.856593132019043
1129,-2.108922004699707
1130,-8.36608600616455
1131,-0.8928451538085938
1132,-1.9917144775390625
1133,1.987025499343872
1134,-0.18874835968017578
1135,-4.684581756591797
1136,-9.12437629699707
1137,-0.27394676208496094
1138,-4.5724287033081055
1139,2.4222757816314697
1140,-0.07753849029541016
1141,-5.375912666320801
1142,-9.938361167907715
1143,-0.11655902862548828
1144,-5.296160697937012
1145,2.898552656173706
1146,-0.10182762145996094
1147,-5.445150375366211
1148,-10.07576847076416
1149,-0.2027444839477539
1150,-5.407097816467285
1151,2.402986764907837
1152,-0.12337017059326172
1153,-5.223937034606934
1154,-9.202561378479004
1155,-0.22913360595703125
1156,-5.129851341247559
1157,2.2436931133270264
1158,0.9466733932495117
1159,1.332498550415039
1160,-5.573197364807129
1161,0.6473598480224609
1162,0.8809680938720703
1163,0.5406181812286377
1164,-0.7001247406005859
1165,5.030759811401367
1166,-5.756715297698975
1167,-0.9008398056030273
1168,4.409059524536133
1169,0.8396456241607666
1170,-0.5604743957519531
1171,9.292387008666992
1172,-3.915712356567383
1173,-0.6547250747680664
1174,8.804418563842773
1175,2.274024248123169
1176,-0.3391304016113281
1177,10.031436920166016
1178,-3.7667202949523926
1179,-0.45937633514404297
1180,9.456697463989258
1181,2.3138582706451416
1182,-1.6096134185791016
1183,10.136833190917969
1184,-5.1948466300964355
1185,-1.6375617980957031
1186,9.609930038452148
1187,1.469400405883789
1188,-3.7105960845947266
1189,-0.06938362121582031
1190,-3.9787261486053467
1191,-3.672541618347168
1192,-0.36774444580078125
1193,-4.454502105712891
1194,-3.6464061737060547
1195,-0.37447547912597656
1196,-4.454787254333496
1197,-3.6201229095458984
1198,-0.3794116973876953
1199,-4.455970764160156
1200,-3.681515693664551
1201,-0.42806243896484375
1202,-3.752997875213623
1203,-3.662631034851074
1204,-0.47481536865234375
1205,-3.753131866455078
1206,-3.634288787841797
1207,-0.5443458557128906
1208,-3.752408027648926
1209,-3.3111133575439453
1210,-0.5567779541015625
1211,-5.7002949714660645
1212,-3.351750373840332
1213,-0.7668418884277344
1214,-2.4679722785949707
1215,-3.5230531692504883
1216,0.047607421875
1217,-4.379300594329834
1218,-3.5154809951782227
1219,0.005046844482421875
1220,-3.458794116973877
1221,-2.0069751739501953
1222,0.03231048583984375
1223,-6.808101654052734
1224,-2.1432085037231445
1225,-0.3557167053222656
1226,-0.34493350982666016
1227,-1.0388412475585938
1228,-2.549492835998535
1229,-8.961478233337402
1230,-1.0284833908081055
1231,-2.6588621139526367
1232,2.9590494632720947
1233,-0.5208606719970703
1234,-5.1887311935424805
1235,-11.490496635437012
1236,-0.6210708618164062
1237,-5.123651504516602
1238,5.654332160949707
1239,-0.4900522232055664
1240,-5.824679374694824
1241,-12.356402397155762
1242,-0.5082769393920898
1243,-5.851091384887695
1244,6.411542892456055
1245,-0.5287952423095703
1246,-5.88585090637207
1247,-12.456077575683594
1248,-0.5807647705078125
1249,-5.903216361999512
1250,6.095035552978516
1251,-0.5247764587402344
1252,-5.679233551025391
1253,-11.624667167663574
1254,-0.5992097854614258
1255,-5.667477607727051
1256,5.641542434692383
1257,0.9973917007446289
1258,1.3058013916015625
1259,-5.377001762390137
1260,0.7582283020019531
1261,0.8792953491210938
1262,0.34250450134277344
1263,-0.6815376281738281
1264,4.986991882324219
1265,-5.5266947746276855
1266,-0.7830839157104492
1267,4.478078842163086
1268,0.18117427825927734
1269,-0.5951709747314453
1270,9.253198623657227
1271,-4.163002967834473
1272,-0.659942626953125
1273,8.82065200805664
1274,1.4808027744293213
1275,-0.4438209533691406
1276,10.024572372436523
1277,-4.047731399536133
1278,-0.4804725646972656
1279,9.522340774536133
1280,1.5052406787872314
1281,-1.7484016418457031
1282,10.006372451782227
1283,-5.604290008544922
1284,-1.6925296783447266
1285,9.62565803527832
1286,0.37702226638793945
1287,-3.707761764526367
1288,-0.3514976501464844
1289,-3.909832239151001
1290,-3.645352363586426
1291,-0.6666088104248047
1292,-4.376930236816406
1293,-3.61757755279541
1294,-0.6667652130126953
1295,-4.377466678619385
1296,-3.5904083251953125
1297,-0.6666698455810547
1298,-4.378946304321289
1299,-3.658900260925293
1300,-0.7305889129638672
1301,-3.657874584197998
1302,-3.641718864440918
1303,-0.7747402191162109
1304,-3.6579411029815674
1305,-3.6171493530273438
1306,-0.8259639739990234
1307,-3.6579089164733887
1308,-3.2920732498168945
1309,-0.7842388153076172
1310,-5.535314559936523
1311,-3.3473453521728516
1312,-0.9938669204711914
1313,-2.2825968265533447
1314,-3.505526542663574
1315,-0.17304420471191406
1316,-4.278700351715088
1317,-3.4989662170410156
1318,-0.2255115509033203
1319,-3.339104413986206
1320,-1.9857444763183594
1321,-0.04229164123535156
1322,-6.7862653732299805
1323,-2.1381778717041016
1324,-0.4489154815673828
1325,-0.14074325561523438
1326,-0.9571104049682617
1327,-2.4200057983398438
1328,-9.083971977233887
1329,-0.9961833953857422
1330,-2.6894054412841797
1331,3.2248361110687256
1332,-0.3591642379760742
1333,-4.859555244445801
1334,-11.915444374084473
1335,-0.5013008117675781
1336,-5.043622970581055
1337,5.420029640197754
1338,-0.2651500701904297
1339,-5.497021675109863
1340,-12.869378089904785
1341,-0.38335704803466797
1342,-5.731715202331543
1343,6.164849281311035
1344,-0.3170356750488281
1345,-5.572812080383301
1346,-12.901299476623535
1347,-0.4777069091796875
1348,-5.790121078491211
1349,5.82705020904541
1350,-0.3485574722290039
1351,-5.327548027038574
1352,-12.02408504486084
1353,-0.5013561248779297
1354,-5.575321197509766
1355,5.385469436645508
1356,1.0132513046264648
1357,1.3034648895263672
1358,-5.432180404663086
1359,0.7682991027832031
1360,0.8776779174804688
1361,0.3965725898742676
1362,-0.6848268508911133
1363,4.938222885131836
1364,-5.73330545425415
1365,-0.7769374847412109
1366,4.5018157958984375
1367,0.4619021415710449
1368,-0.6132497787475586
1369,9.254858016967773
1370,-4.242716312408447
1371,-0.6685380935668945
1372,8.800880432128906
1373,1.8817741870880127
1374,-0.43117332458496094
1375,10.000789642333984
1376,-4.110036849975586
1377,-0.48383617401123047
1378,9.522811889648438
1379,1.9168193340301514
1380,-1.7336320877075195
1381,10.021146774291992
1382,-5.574619293212891
1383,-1.6823158264160156
1384,9.632678985595703
1385,0.97013258934021
1386,-3.685023307800293
1387,-0.47588539123535156
1388,-5.301419258117676
1389,-3.5791406631469727
1390,-0.8146209716796875
1391,-5.754579067230225
1392,-3.5443639755249023
1393,-0.8212451934814453
1394,-5.7550177574157715
1395,-3.5094261169433594
1396,-0.8255462646484375
1397,-5.756422519683838
1398,-3.5943050384521484
1399,-0.8695926666259766
1400,-4.887900352478027
1401,-3.5714826583862305
1402,-0.9199810028076172
1403,-4.887791633605957
1404,-3.5432662963867188
1405,-0.9817075729370117
1406,-4.887113571166992
1407,-3.1822996139526367
1408,-1.0035123825073242
1409,-6.768033027648926
1410,-3.25225830078125
1411,-1.2302799224853516
1412,-2.8438117504119873
1413,-3.495072364807129
1414,-0.37893104553222656
1415,-5.618961334228516
1416,-3.495573043823242
1417,-0.4192924499511719
1418,-4.486936569213867
1419,-1.9165983200073242
1420,-0.16306686401367188
1421,-7.851459503173828
1422,-2.1218395233154297
1423,-0.6021308898925781
1424,-0.15822052955627441
1425,-0.5762243270874023
1426,-2.055314064025879
1427,-10.703591346740723
1428,-0.6494178771972656
1429,-2.3914403915405273
1430,3.0775539875030518
1431,0.46401023864746094
1432,-4.126548767089844
1433,-13.567273139953613
1434,0.28041839599609375
1435,-4.130837440490723
1436,5.574481010437012
1437,0.7406845092773438
1438,-4.663993835449219
1439,-14.538290977478027
1440,0.6430740356445312
1441,-4.622625350952148
1442,6.548133850097656
1443,0.7620677947998047
1444,-4.762711524963379
1445,-14.451005935668945
1446,0.6033573150634766
1447,-4.790884971618652
1448,6.033783912658691
1449,0.6605672836303711
1450,-4.510140419006348
1451,-13.598137855529785
1452,0.4767789840698242
1453,-4.5571088790893555
1454,5.494534492492676
1455,1.0000362396240234
1456,1.304107666015625
1457,-5.504438877105713
1458,0.7371530532836914
1459,0.8802108764648438
1460,0.4694194793701172
1461,-0.686279296875
1462,4.906299591064453
1463,-6.106733322143555
1464,-0.7792625427246094
1465,4.5032501220703125
1466,-0.09322667121887207
1467,-0.6268281936645508
1468,9.215913772583008
1469,-4.6539764404296875
1470,-0.6888351440429688
1471,8.799184799194336
1472,1.3791069984436035
1473,-0.4399738311767578
1474,10.001811981201172
1475,-4.518820285797119
1476,-0.5238151550292969
1477,9.496343612670898
1478,1.433922529220581
1479,-1.7274055480957031
1480,10.024045944213867
1481,-6.098223686218262
1482,-1.6881647109985352
1483,9.644989013671875
1484,0.4054574966430664
1485,-3.6814393997192383
1486,-1.209467887878418
1487,-5.955886363983154
1488,-3.5387535095214844
1489,-1.587590217590332
1490,-6.395359992980957
1491,-3.499178886413574
1492,-1.601104736328125
1493,-6.396097183227539
1494,-3.4589529037475586
1495,-1.617140769958496
1496,-6.39796257019043
1497,-3.5539817810058594
1498,-1.6200571060180664
1499,-5.486347198486328
1500,-3.524852752685547
1501,-1.652090072631836
1502,-5.485709190368652
1503,-3.490342140197754
1504,-1.6989412307739258
1505,-5.4854655265808105
1506,-3.123311996459961
1507,-1.6451416015625
1508,-7.481162071228027
1509,-3.187689781188965
1510,-1.7803173065185547
1511,-3.3838016986846924
1512,-3.483334541320801
1513,-0.9543724060058594
1514,-6.3151140213012695
1515,-3.4848403930664062
1516,-0.9838314056396484
1517,-5.1289472579956055
1518,-1.9115381240844727
1519,-0.37537574768066406
1520,-9.211735725402832
1521,-2.112363815307617
1522,-0.6215763092041016
1523,-0.5362980365753174
1524,-0.16039657592773438
1525,-1.7932510375976562
1526,-11.330327987670898
1527,-0.3600883483886719
1528,-1.6266307830810547
1529,0.9086892604827881
1530,1.3159065246582031
1531,-2.9815502166748047
1532,-12.601503372192383
1533,0.8777227401733398
1534,-2.495396614074707
1535,0.8808355331420898
1536,1.6864757537841797
1537,-3.5844154357910156
1538,-13.550250053405762
1539,1.5241546630859375
1540,-2.790677070617676
1541,1.484802007675171
1542,1.7277660369873047
1543,-3.7563095092773438
1544,-13.329086303710938
1545,1.3725318908691406
1546,-3.1468801498413086
1547,0.8071458339691162
1548,1.6104679107666016
1549,-3.422478675842285
1550,-12.543900489807129
1551,1.2208938598632812
1552,-2.78265380859375
1553,0.6259310245513916
1554,0.9937725067138672
1555,1.3035545349121094
1556,-5.5629119873046875
1557,0.6962356567382812
1558,0.8795719146728516
1559,0.5265321731567383
1560,-0.8065996170043945
1561,4.860237121582031
1562,-6.437861442565918
1563,-0.9894294738769531
1564,4.483448028564453
1565,0.2684798240661621
1566,-0.6325302124023438
1567,9.083833694458008
1568,-4.771906852722168
1569,-0.7195711135864258
1570,8.697776794433594
1571,2.1639039516448975
1572,-0.44687938690185547
1573,9.90291976928711
1574,-4.6443681716918945
1575,-0.5773725509643555
1576,9.372495651245117
1577,2.262969732284546
1578,-1.7208337783813477
1579,10.019414901733398
1580,-6.184908866882324
1581,-1.6824932098388672
1582,9.625795364379883
1583,1.3128407001495361
1584,-3.591032028198242
1585,-2.2737998962402344
1586,-5.864727973937988
1587,-3.428386688232422
1588,-2.6069297790527344
1589,-6.182751655578613
1590,-3.386509895324707
1591,-2.6131086349487305
1592,-6.185181617736816
1593,-3.347273826599121
1594,-2.6241683959960938
1595,-6.187966346740723
1596,-3.436614990234375
1597,-2.635173797607422
1598,-5.002345085144043
1599,-3.404648780822754
1600,-2.663975715637207
1601,-5.000226974487305
1602,-3.3713016510009766
1603,-2.701631546020508
1604,-5.001324653625488
1605,-3.027470588684082
1606,-2.62277889251709
1607,-7.278581619262695
1608,-3.062002182006836
1609,-2.739466667175293
1610,-2.696880340576172
1611,-3.4136085510253906
1612,-1.9983673095703125
1613,-6.166106700897217
1614,-3.421645164489746
1615,-2.0159502029418945
1616,-4.734129905700684
1617,-1.8852758407592773
1618,-0.9522609710693359
1619,-8.892444610595703
1620,-2.0722875595092773
1621,-1.327549934387207
1622,-0.02765369415283203
1623,-0.038840293884277344
1624,-0.5896778106689453
1625,-10.804001808166504
1626,-0.2581462860107422
1627,-0.9562673568725586
1628,1.2133471965789795
1629,1.6584243774414062
1630,0.65045166015625
1631,-11.517885208129883
1632,1.1253395080566406
1633,0.030473709106445312
1634,0.727276086807251
1635,2.0707759857177734
1636,0.616607666015625
1637,-12.514145851135254
1638,1.5569267272949219
1639,0.3155555725097656
1640,1.1677985191345215
1641,2.1277103424072266
1642,0.7854347229003906
1643,-11.997076034545898
1644,1.5926799774169922
1645,0.46697998046875
1646,0.4326324462890625
1647,1.9255180358886719
1648,0.7952690124511719
1649,-11.29233169555664
1650,1.443002700805664
1651,0.32682228088378906
1652,0.41372108459472656
1653,0.9527015686035156
1654,1.3887519836425781
1655,-5.56509256362915
1656,0.6371021270751953
1657,0.9897060394287109
1658,0.5294690132141113
1659,-1.0126886367797852
1660,4.854814529418945
1661,-6.1922760009765625
1662,-1.2227458953857422
1663,4.538570404052734
1664,0.4566376209259033
1665,-0.6562833786010742
1666,9.046422958374023
1667,-3.1374340057373047
1668,-0.8062953948974609
1669,8.695261001586914
1670,3.3480117321014404
1671,-0.44072532653808594
1672,9.749017715454102
1673,-2.884164333343506
1674,-0.5873832702636719
1675,9.347400665283203
1676,3.556333303451538
1677,-1.6292533874511719
1678,10.074560165405273
1679,-4.048138618469238
1680,-1.6767950057983398
1681,9.754995346069336
1682,2.7537014484405518
1683,-3.2724781036376953
1684,-3.546121597290039
1685,-5.3032073974609375
1686,-3.1247692108154297
1687,-3.8681373596191406
1688,-5.758090019226074
1689,-3.0867156982421875
1690,-3.8630857467651367
1691,-5.761236190795898
1692,-3.0475425720214844
1693,-3.858523368835449
1694,-5.763697624206543
1695,-3.1251821517944336
1696,-3.9000349044799805
1697,-4.683746337890625
1698,-3.0896053314208984
1699,-3.9181995391845703
1700,-4.682352542877197
1701,-3.047295570373535
1702,-3.935028076171875
1703,-4.683213233947754
1704,-2.7390432357788086
1705,-3.7689132690429688
1706,-7.2249755859375
1707,-2.74605655670166
1708,-3.886343002319336
1709,-2.691161870956421
1710,-3.1203012466430664
1711,-3.2057533264160156
1712,-5.810865879058838
1713,-3.1283721923828125
1714,-3.230123519897461
1715,-4.423248291015625
1716,-1.724635124206543
1717,-1.586928367614746
1718,-8.683011054992676
1719,-1.7161293029785156
1720,-2.2639217376708984
1721,-0.07947039604187012
1722,-0.36956787109375
1723,0.8556499481201172
1724,-9.066699028015137
1725,-0.4249153137207031
1726,0.008710861206054688
1727,0.8718738555908203
1728,0.7656583786010742
1729,3.366182327270508
1730,-6.7267351150512695
1731,0.5026321411132812
1732,2.4563045501708984
1733,0.00014972686767578125
1734,1.016387939453125
1735,3.879575729370117
1736,-7.299741744995117
1737,0.9882297515869141
1738,2.955982208251953
1739,0.28795552253723145
1740,1.0495290756225586
1741,3.9899654388427734
1742,-7.05014705657959
1743,0.8878955841064453
1744,3.060964584350586
1745,-0.4425013065338135
1746,0.9277172088623047
1747,3.7769031524658203
1748,-6.5758209228515625
1749,0.7396421432495117
1750,2.898416519165039
1751,-0.3350348472595215
1752,0.76495361328125
1753,1.4658641815185547
1754,-5.4142608642578125
1755,0.6238842010498047
1756,0.9843330383300781
1757,0.378786563873291
1758,-1.3182754516601562
1759,4.861547470092773
1760,-5.714428901672363
1761,-1.3411989212036133
1762,4.224237442016602
1763,1.8286793231964111
1764,-0.7402563095092773
1765,8.902338027954102
1766,-2.3803093433380127
1767,0.0063266754150390625
1768,6.624547958374023
1769,4.946044921875
1770,-0.45868682861328125
1771,9.587331771850586
1772,-2.0799760818481445
1773,0.38740062713623047
1774,6.789482116699219
1775,5.204790115356445
1776,-1.6582021713256836
1777,10.064071655273438
1778,-2.663080930709839
1779,-0.22845458984375
1780,8.202669143676758
1781,5.003796577453613
1782,-2.7087230682373047
1783,-4.655155181884766
1784,-5.922327995300293
1785,-2.5719776153564453
1786,-4.976560592651367
1787,-6.413707733154297
1788,-2.537841796875
1789,-4.961549758911133
1790,-6.415109634399414
1791,-2.4986572265625
1792,-4.94233512878418
1793,-6.416425704956055
1794,-2.5717697143554688
1795,-5.010231018066406
1796,-5.532748699188232
1797,-2.539708137512207
1798,-5.020832061767578
1799,-5.5334343910217285
1800,-2.5037994384765625
1801,-5.033761978149414
1802,-5.533745288848877
1803,-2.195218086242676
1804,-4.732805252075195
1805,-7.518594741821289
1806,-2.205019950866699
1807,-4.868439674377441
1808,-3.6000068187713623
1809,-2.5548572540283203
1810,-4.246417045593262
1811,-6.2831711769104
1812,-2.566952705383301
1813,-4.2580413818359375
1814,-5.130858421325684
1815,-1.3722915649414062
1816,-2.269537925720215
1817,-9.253838539123535
1818,-1.3539342880249023
1819,-2.6866989135742188
1820,-0.7068189382553101
1821,-1.1660652160644531
1822,1.1337699890136719
1823,-9.186643600463867
1824,-1.305887222290039
1825,0.5593204498291016
1826,-0.14082050323486328
1827,-1.8590679168701172
1828,3.9260177612304688
1829,-8.665254592895508
1830,-1.951371192932129
1831,3.218395233154297
1832,-1.6733412742614746
1833,-1.9701347351074219
1834,4.808387756347656
1835,-9.579665184020996
1836,-2.143244743347168
1837,3.8305435180664062
1838,-1.545796513557434
1839,-2.0740413665771484
1840,4.743268966674805
1841,-9.149190902709961
1842,-2.1431684494018555
1843,3.8926963806152344
1844,-2.4459285736083984
1845,-2.019253730773926
1846,4.490222930908203
1847,-8.494627952575684
1848,-2.0228347778320312
1849,3.7236099243164062
1850,-2.1052496433258057
1851,0.7386322021484375
1852,1.7201290130615234
1853,-5.292986869812012
1854,0.5463161468505859
1855,1.1612224578857422
1856,0.2572295665740967
1857,-1.4394454956054688
1858,4.970769882202148
1859,-4.75439977645874
1860,-1.6647281646728516
1861,3.8267040252685547
1862,2.049794912338257
1863,-0.8062772750854492
1864,8.91030502319336
1865,-2.0142123699188232
1866,-0.9922018051147461
1867,7.2757720947265625
1868,5.432905197143555
1869,-0.4958915710449219
1870,9.630701065063477
1871,-1.78475821018219
1872,-0.6697397232055664
1873,7.713113784790039
1874,5.712967872619629
1875,-1.7534608840942383
1876,10.060039520263672
1877,-2.7584071159362793
1878,-1.764089584350586
1879,8.46519660949707
1880,5.175539016723633
1881,-2.03936767578125
1882,-5.016973495483398
1883,-6.09399938583374
1884,-1.8906564712524414
1885,-5.371996879577637
1886,-6.6183061599731445
1887,-1.8528594970703125
1888,-5.356531143188477
1889,-6.6197509765625
1890,-1.807098388671875
1891,-5.3479156494140625
1892,-6.6213836669921875
1893,-1.8989858627319336
1894,-5.418745040893555
1895,-5.761999130249023
1896,-1.8684749603271484
1897,-5.433209419250488
1898,-5.76283073425293
1899,-1.819345474243164
1900,-5.455434799194336
1901,-5.762872695922852
1902,-1.5155792236328125
1903,-5.133866310119629
1904,-7.676695823669434
1905,-1.5344476699829102
1906,-5.2672119140625
1907,-3.8412160873413086
1908,-1.897007942199707
1909,-4.608674049377441
1910,-6.418664932250977
1911,-1.91961669921875
1912,-4.64337158203125
1913,-5.291232109069824
1914,-1.131387710571289
1915,-2.527663230895996
1916,-9.344629287719727
1917,-1.0408172607421875
1918,-3.059825897216797
1919,-1.0248517990112305
1920,-2.2695350646972656
1921,0.4750690460205078
1922,-10.460345268249512
1923,-2.3695573806762695
1924,-0.3063507080078125
1925,-0.19975852966308594
1926,-3.8507003784179688
1927,1.7217464447021484
1928,-10.439518928527832
1929,-3.8330812454223633
1930,1.056600570678711
1931,-1.898817539215088
1932,-4.217695236206055
1933,2.156179428100586
1934,-11.838576316833496
1935,-4.184144973754883
1936,1.2428531646728516
1937,-1.8914909362792969
1938,-4.313346862792969
1939,1.9584465026855469
1940,-11.145764350891113
1941,-4.30532169342041
1942,1.274606704711914
1943,-2.9205920696258545
1944,-4.193256378173828
1945,1.8691177368164062
1946,-10.220730781555176
1947,-4.163579940795898
1948,1.255563735961914
1949,-2.3844192028045654
1950,0.6050100326538086
1951,2.163026809692383
1952,-5.279756546020508
1953,0.40191078186035156
1954,1.5253448486328125
1955,0.24429655075073242
1956,-1.728708267211914
1957,5.243095397949219
1958,-5.176137924194336
1959,-1.7843761444091797
1960,4.355829238891602
1961,1.7562410831451416
1962,-0.8523082733154297
1963,9.00889778137207
1964,-2.3369338512420654
1965,-1.0276641845703125
1966,7.453855514526367
1967,5.510251998901367
1968,-0.5180349349975586
1969,9.669195175170898
1970,-2.183389902114868
1971,-0.7017650604248047
1972,7.728668212890625
1973,5.9527997970581055
1974,-1.8825159072875977
1975,10.141334533691406
1976,-3.024148464202881
1977,-1.7630348205566406
1978,8.883058547973633
1979,5.854412078857422
1980,-1.4267005920410156
1981,-5.407932281494141
1982,-5.943621635437012
1983,-1.2458019256591797
1984,-5.669552803039551
1985,-6.478294372558594
1986,-1.2153759002685547
1987,-5.650304794311523
1988,-6.4794440269470215
1989,-1.1828804016113281
1990,-5.632410049438477
1991,-6.481300354003906
1992,-1.2328271865844727
1993,-5.69667911529541
1994,-5.662110805511475
1995,-1.1955957412719727
1996,-5.697257995605469
1997,-5.662164211273193
1998,-1.1493005752563477
1999,-5.704404830932617
2000,-5.661679267883301
2001,-0.9233417510986328
2002,-5.360866546630859
2003,-7.661457061767578
2004,-0.8870086669921875
2005,-5.465066909790039
2006,-3.9993960857391357
2007,-1.3631658554077148
2008,-5.038150787353516
2009,-6.299327850341797
2010,-1.3589191436767578
2011,-5.060764312744141
2012,-5.224424362182617
2013,-1.0885725021362305
2014,-3.043642997741699
2015,-9.237088203430176
2016,-0.6915473937988281
2017,-3.5678491592407227
2018,-1.6785104274749756
2019,-2.920720100402832
2020,-2.633392333984375
2021,-10.636265754699707
2022,-2.473811149597168
2023,-2.8425979614257812
2024,-0.6887592077255249
2025,-4.525236129760742
2026,-3.4662609100341797
2027,-10.860066413879395
2028,-4.089271545410156
2029,-3.537844657897949
2030,-2.2264974117279053
2031,-4.96470832824707
2032,-3.555739402770996
2033,-12.250555038452148
2034,-4.299986839294434
2035,-4.202215194702148
2036,-2.413966417312622
2037,-4.8955583572387695
2038,-3.9125137329101562
2039,-11.739773750305176
2040,-4.496579170227051
2041,-3.966414451599121
2042,-3.308216094970703
2043,-4.7628326416015625
2044,-3.8964767456054688
2045,-10.741955757141113
2046,-4.403395652770996
2047,-3.9042091369628906
2048,-2.6740927696228027
2049,0.30209922790527344
2050,2.400735855102539
2051,-5.095274925231934
2052,0.19759273529052734
2053,1.6963138580322266
2054,0.05938911437988281
2055,-1.9003591537475586
2056,5.326974868774414
2057,-4.419601917266846
2058,-1.9392728805541992
2059,4.391452789306641
2060,1.1626453399658203
2061,-0.9235324859619141
2062,9.012121200561523
2063,-0.23080849647521973
2064,-1.0809125900268555
2065,7.491106033325195
2066,5.188844680786133
2067,-0.5521783828735352
2068,9.68083381652832
2069,0.24989962577819824
2070,-0.6755924224853516
2071,8.042779922485352
2072,5.645570755004883
2073,-1.892873764038086
2074,10.097084045410156
2075,0.39789676666259766
2076,-1.8294754028320312
2077,8.909568786621094
2078,5.626317977905273
2079,-1.0480232238769531
2080,-6.13655948638916
2081,-4.487933158874512
2082,-0.8873844146728516
2083,-6.31761360168457
2084,-4.969727993011475
2085,-0.8584403991699219
2086,-6.2739973068237305
2087,-4.969977378845215
2088,-0.8278779983520508
2089,-6.233606338500977
2090,-4.971306800842285
2091,-0.8732433319091797
2092,-6.351258277893066
2093,-4.114665508270264
2094,-0.8389291763305664
2095,-6.341562271118164
2096,-4.113514423370361
2097,-0.7975578308105469
2098,-6.320302963256836
2099,-4.111743927001953
2100,-0.5917978286743164
2101,-5.877676963806152
2102,-6.19659948348999
2103,-0.5560588836669922
2104,-5.990179061889648
2105,-2.342846632003784
2106,-1.0242643356323242
2107,-5.688503265380859
2108,-4.885495662689209
2109,-1.0167417526245117
2110,-5.735267639160156
2111,-3.764435291290283
2112,-0.7749671936035156
2113,-3.886882781982422
2114,-8.014997482299805
2115,-0.3680887222290039
2116,-4.183300971984863
2117,-0.23661041259765625
2118,-2.4113082885742188
2119,-5.4915924072265625
2120,-10.136360168457031
2121,-2.0067214965820312
2122,-5.617128372192383
2123,1.0484709739685059
2124,-3.5184879302978516
2125,-7.888973236083984
2126,-10.285972595214844
2127,-2.866436004638672
2128,-7.150524139404297
2129,-0.46585965156555176
2130,-3.631117820739746
2131,-8.16986083984375
2132,-11.849495887756348
2133,-2.971353530883789
2134,-7.829715728759766
2135,-0.35666370391845703
2136,-3.52767276763916
2137,-8.247644424438477
2138,-10.994555473327637
2139,-2.9923200607299805
2140,-7.922552108764648
2141,-1.0842301845550537
2142,-3.4984092712402344
2143,-8.156877517700195
2144,-10.109776496887207
2145,-2.9925527572631836
2146,-7.677090644836426
2147,-0.81059730052948
2148,0.06056404113769531
2149,2.2286853790283203
2150,-5.147917747497559
2151,0.09025096893310547
2152,1.6193599700927734
2153,0.11257266998291016
2154,-2.047281265258789
2155,5.337587356567383
2156,-4.60354471206665
2157,-1.9601774215698242
2158,4.445310592651367
2159,0.9707248210906982
2160,-0.9534330368041992
2161,9.046186447143555
2162,-1.2565548419952393
2163,-1.066279411315918
2164,7.783695220947266
2165,4.1761579513549805
2166,-0.609654426574707
2167,9.694965362548828
2168,-1.0350892543792725
2169,-0.7482595443725586
2170,8.090934753417969
2171,4.58201789855957
2172,-1.9462404251098633
2173,10.118143081665039
2174,-1.9638426303863525
2175,-1.9145641326904297
2176,9.111406326293945
2177,5.602330207824707
2178,-0.5799064636230469
2179,-6.941505432128906
2180,-3.777996063232422
2181,-0.39438533782958984
2182,-7.194239616394043
2183,-4.286192417144775
2184,-0.37511730194091797
2185,-7.158196449279785
2186,-4.287348747253418
2187,-0.3581228256225586
2188,-7.1362152099609375
2189,-4.288619518280029
2190,-0.37643909454345703
2191,-7.191938400268555
2192,-3.424314022064209
2193,-0.3522310256958008
2194,-7.180257797241211
2195,-3.423841714859009
2196,-0.32860755920410156
2197,-7.167945861816406
2198,-3.424957513809204
2199,-0.17902374267578125
2200,-6.742471694946289
2201,-5.771091461181641
2202,-0.13360214233398438
2203,-6.789562225341797
2204,-1.9016754627227783
2205,-0.6106338500976562
2206,-6.510030746459961
2207,-4.247262477874756
2208,-0.5951128005981445
2209,-6.532224655151367
2210,-3.1273796558380127
2211,-0.3819131851196289
2212,-4.985674858093262
2213,-7.7342071533203125
2214,-0.1279926300048828
2215,-4.902692794799805
2216,0.16646981239318848
2217,-2.1737213134765625
2218,-7.744428634643555
2219,-10.314550399780273
2220,-1.4571008682250977
2221,-6.927731513977051
2222,3.2317793369293213
2223,-2.3572311401367188
2224,-10.891225814819336
2225,-11.04204273223877
2226,-2.4506072998046875
2227,-8.125528335571289
2228,3.391047716140747
2229,-2.4287376403808594
2230,-11.227890968322754
2231,-12.214371681213379
2232,-2.0433082580566406
2233,-7.879485130310059
2234,3.5737216472625732
2235,-3.0265235900878906
2236,-11.260457992553711
2237,-11.814775466918945
2238,-2.09566593170166
2239,-8.172213554382324
2240,2.9287006855010986
2241,-2.878774642944336
2242,-11.15536880493164
2243,-10.950538635253906
2244,-2.424314498901367
2245,-8.476847648620605
2246,3.0871384143829346
2247,-0.16130638122558594
2248,1.8980674743652344
2249,-5.170416831970215
2250,-0.24622821807861328
2251,1.5130043029785156
2252,0.13592219352722168
2253,-2.0086793899536133
2254,5.329252243041992
2255,-4.61002254486084
2256,-1.994603157043457
2257,4.443828582763672
2258,0.9742257595062256
2259,-0.985875129699707
2260,9.038476943969727
2261,-1.9211082458496094
2262,-1.082423210144043
2263,7.824453353881836
2264,5.02022647857666
2265,-0.6249961853027344
2266,9.694541931152344
2267,-1.6859914064407349
2268,-0.7509384155273438
2269,7.79435920715332
2270,5.440649032592773
2271,-1.9767570495605469
2272,10.10682487487793
2273,-2.4765801429748535
2274,-1.8713178634643555
2275,8.85313606262207
2276,5.394292831420898
2277,0.08581161499023438
2278,-8.179452896118164
2279,-4.083159923553467
2280,0.23335933685302734
2281,-8.295944213867188
2282,-4.608653545379639
2283,0.23541927337646484
2284,-8.261295318603516
2285,-4.609922409057617
2286,0.23391342163085938
2287,-8.24551773071289
2288,-4.611355781555176
2289,0.2693614959716797
2290,-8.276165008544922
2291,-3.7582967281341553
2292,0.29276180267333984
2293,-8.25720500946045
2294,-3.75771427154541
2295,0.31254005432128906
2296,-8.241537094116211
2297,-3.7582144737243652
2298,0.310394287109375
2299,-7.841325759887695
2300,-6.121777534484863
2301,0.4470996856689453
2302,-7.791650772094727
2303,-2.2760376930236816
2304,0.06706905364990234
2305,-7.832236289978027
2306,-4.5623064041137695
2307,0.093017578125
2308,-7.8189802169799805
2309,-3.450915813446045
2310,-0.1247415542602539
2311,-5.98744010925293
2312,-7.949942588806152
2313,0.22274494171142578
2314,-5.917101860046387
2315,0.13863658905029297
2316,-0.42679595947265625
2317,-9.683019638061523
2318,-10.451375007629395
2319,0.1505899429321289
2320,-8.96877670288086
2321,2.2513158321380615
2322,0.26514530181884766
2323,-12.434685707092285
2324,-11.215475082397461
2325,0.45575523376464844
2326,-11.45438003540039
2327,2.34118914604187
2328,0.42281150817871094
2329,-12.965071678161621
2330,-12.283134460449219
2331,1.2321338653564453
2332,-10.737896919250488
2333,2.1439826488494873
2334,0.5475645065307617
2335,-12.899059295654297
2336,-11.974486351013184
2337,1.259389877319336
2338,-10.867324829101562
2339,2.6981289386749268
2340,0.5124664306640625
2341,-12.737821578979492
2342,-11.136248588562012
2343,0.6348590850830078
2344,-11.432655334472656
2345,1.9778292179107666
2346,-0.5996952056884766
2347,0.9314460754394531
2348,-5.190583229064941
2349,-0.5423412322998047
2350,0.5878982543945312
2351,0.15669584274291992
2352,-1.9237556457519531
2353,5.025297164916992
2354,-3.636064052581787
2355,-1.9092884063720703
2356,4.315227508544922
2357,0.9794950485229492
2358,-1.1124305725097656
2359,8.917001724243164
2360,-1.1891320943832397
2361,-1.2401657104492188
2362,7.820890426635742
2363,4.9850311279296875
2364,-0.7103176116943359
2365,9.543088912963867
2366,-0.9769594669342041
2367,-0.9248027801513672
2368,7.9710693359375
2369,5.354761123657227
2370,-2.0526885986328125
2371,10.094335556030273
2372,-2.3106844425201416
2373,-1.9310235977172852
2374,8.986745834350586
2375,4.937128067016602
2376,0.7872781753540039
2377,-8.697336196899414
2378,-4.337920188903809
2379,0.9267425537109375
2380,-8.804877281188965
2381,-4.867897987365723
2382,0.9325218200683594
2383,-8.774914741516113
2384,-4.86904239654541
2385,0.9342203140258789
2386,-8.752077102661133
2387,-4.870428085327148
2388,0.9352130889892578
2389,-8.821290969848633
2390,-4.003091812133789
2391,0.9462032318115234
2392,-8.803619384765625
2393,-4.002256393432617
2394,0.9524326324462891
2395,-8.792001724243164
2396,-4.001809597015381
2397,0.9811162948608398
2398,-8.319345474243164
2399,-6.2892303466796875
2400,1.0100574493408203
2401,-8.324087142944336
2402,-2.8381786346435547
2403,0.6675195693969727
2404,-8.44792366027832
2405,-4.780300140380859
2406,0.6693592071533203
2407,-8.451207160949707
2408,-3.6918060779571533
2409,0.26227569580078125
2410,-6.849074363708496
2411,-8.013114929199219
2412,0.4552745819091797
2413,-6.650649070739746
2414,-1.0039434432983398
2415,0.9754066467285156
2416,-10.343036651611328
2417,-11.589466094970703
2418,0.902470588684082
2419,-7.351802825927734
2420,2.6423890590667725
2421,2.2244949340820312
2422,-12.732882499694824
2423,-13.917434692382812
2424,1.3768577575683594
2425,-7.857989311218262
2426,5.217063903808594
2427,2.4520492553710938
2428,-13.061325073242188
2429,-14.937185287475586
2430,1.6091136932373047
2431,-7.794156074523926
2432,5.697790145874023
2433,2.66693115234375
2434,-12.995427131652832
2435,-14.821939468383789
2436,1.6015911102294922
2437,-7.770999908447266
2438,5.204266548156738
2439,2.455476760864258
2440,-12.811318397521973
2441,-13.984898567199707
2442,1.4410667419433594
2443,-7.861916542053223
2444,5.031467437744141
2445,-0.8870925903320312
2446,-0.6049919128417969
2447,-4.913052558898926
2448,-0.7126550674438477
2449,-0.8817291259765625
2450,-0.1259455680847168
2451,-1.8015403747558594
2452,4.09486198425293
2453,-3.8529906272888184
2454,-1.8948440551757812
2455,3.345090866088867
2456,0.984818696975708
2457,-1.4090957641601562
2458,8.716146469116211
2459,-1.5549273490905762
2460,-1.3815898895263672
2461,7.644390106201172
2462,3.9211857318878174
2463,-1.1480932235717773
2464,9.292236328125
2465,-1.1686424016952515
2466,-0.9909458160400391
2467,8.081327438354492
2468,4.100889205932617
2469,-2.1155548095703125
2470,10.082550048828125
2471,-3.6607723236083984
2472,-1.8893756866455078
2473,8.98922348022461
2474,2.4978721141815186
2475,1.7973365783691406
2476,-9.360475540161133
2477,-5.240680694580078
2478,1.9872112274169922
2479,-9.148054122924805
2480,-5.697697639465332
2481,1.992767333984375
2482,-9.083745956420898
2483,-5.698914527893066
2484,1.9969005584716797
2485,-9.018345832824707
2486,-5.700992107391357
2487,1.9932861328125
2488,-9.181173324584961
2489,-4.964356422424316
2490,2.003419876098633
2491,-9.142328262329102
2492,-4.963925361633301
2493,2.0120601654052734
2494,-9.101103782653809
2495,-4.963534355163574
2496,1.8738231658935547
2497,-8.539132118225098
2498,-6.885927200317383
2499,1.8838882446289062
2500,-8.600625038146973
2501,-3.611992597579956
2502,1.6075992584228516
2503,-9.121109008789062
2504,-5.599321365356445
2505,1.5990829467773438
2506,-9.15933895111084
2507,-4.6363630294799805
2508,0.9806909561157227
2509,-7.694705963134766
2510,-8.541769027709961
2511,0.9828224182128906
2512,-7.514373779296875
2513,-1.547945499420166
2514,2.2681140899658203
2515,-10.510271072387695
2516,-11.8894681930542
2517,1.9687767028808594
2518,-9.404207229614258
2519,1.7347190380096436
2520,3.859355926513672
2521,-12.179359436035156
2522,-13.381017684936523
2523,2.963542938232422
2524,-8.937780380249023
2525,3.125964403152466
2526,4.259860992431641
2527,-12.529227256774902
2528,-14.422465324401855
2529,3.346437454223633
2530,-8.744203567504883
2531,3.4303324222564697
2532,4.293338775634766
2533,-12.437708854675293
2534,-14.093022346496582
2535,3.2981815338134766
2536,-8.688450813293457
2537,2.8222219944000244
2538,4.18560791015625
2539,-12.33608627319336
2540,-13.341385841369629
2541,3.1427974700927734
2542,-8.847476959228516
2543,2.8558456897735596
2544,-0.9799985885620117
2545,-2.359320640563965
2546,-4.985931396484375
2547,-0.769169807434082
2548,-2.756972312927246
2549,-0.0528867244720459
2550,-2.539198875427246
2551,1.295461654663086
2552,-4.541977882385254
2553,-1.8114051818847656
2554,0.7676429748535156
2555,1.0119571685791016
2556,-1.6341638565063477
2557,5.501438140869141
2558,-3.299957513809204
2559,-1.4641056060791016
2560,4.575309753417969
2561,3.462000608444214
2562,-1.2821178436279297
2563,5.710824966430664
2564,-3.106680154800415
2565,-1.170440673828125
2566,4.943742752075195
2567,3.61798357963562
2568,-2.12508487701416
2569,6.879878997802734
2570,-4.786516189575195
2571,-1.8733396530151367
2572,6.334589004516602
2573,2.27575945854187
2574,2.1808605194091797
2575,-9.523773193359375
2576,-5.784369945526123
2577,2.340496063232422
2578,-9.420373916625977
2579,-6.249240875244141
2580,2.346282958984375
2581,-9.360649108886719
2582,-6.250476360321045
2583,2.350332260131836
2584,-9.300544738769531
2585,-6.253094673156738
2586,2.346170425415039
2587,-9.452390670776367
2588,-5.411749839782715
2589,2.3566627502441406
2590,-9.415739059448242
2591,-5.412271499633789
2592,2.367046356201172
2593,-9.37809944152832
2594,-5.412558555603027
2595,2.2862701416015625
2596,-8.880133628845215
2597,-7.576440811157227
2598,2.3289108276367188
2599,-8.911703109741211
2600,-3.7687621116638184
2601,2.0431385040283203
2602,-9.160137176513672
2603,-6.2007293701171875
2604,2.0496578216552734
2605,-9.21914291381836
2606,-5.098927021026611
2607,1.4524669647216797
2608,-7.906650543212891
2609,-9.208548545837402
2610,1.5372753143310547
2611,-7.721275329589844
2612,-1.6029596328735352
2613,2.642803192138672
2614,-10.882305145263672
2615,-12.232807159423828
2616,2.288198471069336
2617,-10.457101821899414
2618,1.1794393062591553
2619,3.9331722259521484
2620,-12.617583274841309
2621,-13.208112716674805
2622,3.2096080780029297
2623,-11.848526954650879
2624,1.6063973903656006
2625,4.238716125488281
2626,-13.06932544708252
2627,-14.348530769348145
2628,3.3308029174804688
2629,-11.776952743530273
2630,1.6331770420074463
2631,4.322164535522461
2632,-12.902091979980469
2633,-13.963220596313477
2634,3.328470230102539
2635,-11.681175231933594
2636,1.1780805587768555
2637,4.222267150878906
2638,-12.804641723632812
2639,-13.128344535827637
2640,3.260089874267578
2641,-11.859609603881836
2642,1.302722692489624
2643,-0.939824104309082
2644,-2.885049819946289
2645,-5.028548240661621
2646,-0.8129606246948242
2647,-3.1604671478271484
2648,-0.009797811508178711
2649,-3.0962753295898438
2650,-0.6369953155517578
2651,-4.265763759613037
2652,-2.364452362060547
2653,-0.9289789199829102
2654,2.354834794998169
2655,-1.9339685440063477
2656,2.843791961669922
2657,-0.4512820243835449
2658,-1.840963363647461
2659,2.55523681640625
2660,5.6857500076293945
2661,-1.5668296813964844
2662,2.798929214477539
2663,0.028980493545532227
2664,-1.4050378799438477
2665,2.479116439819336
2666,5.966204643249512
2667,-2.1397695541381836
2668,4.594951629638672
2669,-0.16369414329528809
2670,-1.9335556030273438
2671,4.322591781616211
2672,5.429370880126953
2673,2.712564468383789
2674,-9.594806671142578
2675,-3.8315625190734863
2676,2.855508804321289
2677,-9.415703773498535
2678,-4.264106750488281
2679,2.859760284423828
2680,-9.3470458984375
2681,-4.2652812004089355
2682,2.866762161254883
2683,-9.279586791992188
2684,-4.267465591430664
2685,2.8609180450439453
2686,-9.462355613708496
2687,-3.4317455291748047
2688,2.867277145385742
2689,-9.426651000976562
2690,-3.431986093521118
2691,2.8772640228271484
2692,-9.389646530151367
2693,-3.432539939880371
2694,2.8036365509033203
2695,-8.785211563110352
2696,-5.531680107116699
2697,2.8367462158203125
2698,-8.835291862487793
2699,-1.7718634605407715
2700,2.5615081787109375
2701,-9.351078033447266
2702,-4.238722324371338
2703,2.561929702758789
2704,-9.412156105041504
2705,-3.156813144683838
2706,1.7918338775634766
2707,-8.366597175598145
2708,-7.418109893798828
2709,1.9637928009033203
2710,-7.742401123046875
2711,0.3018786907196045
2712,2.3163700103759766
2713,-11.348125457763672
2714,-9.693016052246094
2715,2.3464298248291016
2716,-10.801797866821289
2717,1.774212121963501
2718,3.674306869506836
2719,-13.689476013183594
2720,-9.519549369812012
2721,3.4120025634765625
2722,-12.862485885620117
2723,0.5067083835601807
2724,3.848308563232422
2725,-14.175914764404297
2726,-10.436180114746094
2727,3.692493438720703
2728,-13.428033828735352
2729,0.3600461483001709
2730,4.049325942993164
2731,-13.896074295043945
2732,-9.950963973999023
2733,3.767091751098633
2734,-13.369892120361328
2735,-0.1285092830657959
2736,3.9825172424316406
2737,-13.772603988647461
2738,-9.336311340332031
2739,3.6863269805908203
2740,-13.266687393188477
2741,0.15096044540405273
2742,-0.8458690643310547
2743,-3.579953193664551
2744,-4.942591667175293
2745,-0.7296409606933594
2746,-3.1740665435791016
2747,-0.0991671085357666
2748,-3.375962257385254
2749,-3.454925537109375
2750,-3.6504335403442383
2751,-3.1135711669921875
2752,-2.7096710205078125
2753,1.9706652164459229
2754,-2.1813230514526367
2755,0.38834571838378906
2756,-0.10197067260742188
2757,-2.268599510192871
2758,0.7502880096435547
2759,5.150591850280762
2760,-1.7221574783325195
2761,0.29146385192871094
2762,0.34252262115478516
2763,-1.8076705932617188
2764,0.8264808654785156
2765,5.628453254699707
2766,-2.417860984802246
2767,2.1249332427978516
2768,0.9500596523284912
2769,-2.419614791870117
2770,2.605306625366211
2771,5.023055076599121
2772,2.6634387969970703
2773,-8.926996231079102
2774,-3.7731125354766846
2775,2.884197235107422
2776,-8.883929252624512
2777,-4.209310054779053
2778,2.890472412109375
2779,-8.832582473754883
2780,-4.20906925201416
2781,2.8990612030029297
2782,-8.777270317077637
2783,-4.209529399871826
2784,2.903676986694336
2785,-8.900798797607422
2786,-3.5255038738250732
2787,2.9231719970703125
2788,-8.861014366149902
2789,-3.526735782623291
2790,2.9469261169433594
2791,-8.812969207763672
2792,-3.527340888977051
2793,2.9117908477783203
2794,-8.300853729248047
2795,-5.504131317138672
2796,2.9735336303710938
2797,-8.248302459716797
2798,-2.1657607555389404
2799,2.49505615234375
2800,-8.594236373901367
2801,-4.183141231536865
2802,2.4968814849853516
2803,-8.635852813720703
2804,-3.2982230186462402
2805,2.0394725799560547
2806,-7.757493019104004
2807,-7.497480392456055
2808,2.1549835205078125
2809,-6.96453857421875
2810,0.01217341423034668
2811,2.146352767944336
2812,-10.882525444030762
2813,-9.305468559265137
2814,1.6657600402832031
2815,-9.235954284667969
2816,1.8344051837921143
2817,3.112720489501953
2818,-13.729823112487793
2819,-8.348094940185547
2820,2.786306381225586
2821,-11.41490364074707
2822,1.3714087009429932
2823,3.3174362182617188
2824,-14.392196655273438
2825,-9.051682472229004
2826,2.9035377502441406
2827,-12.178455352783203
2828,1.6174209117889404
2829,3.4628562927246094
2830,-14.315052032470703
2831,-8.629314422607422
2832,3.063495635986328
2833,-12.33071517944336
2834,1.0205144882202148
2835,3.360515594482422
2836,-14.073018074035645
2837,-8.170129776000977
2838,2.8595199584960938
2839,-11.733856201171875
2840,1.0543949604034424
2841,-0.8968029022216797
2842,-3.578301429748535
2843,-4.89129638671875
2844,-0.7170324325561523
2845,-3.2064456939697266
2846,-0.15383410453796387
2847,-3.292290687561035
2848,-5.410033226013184
2849,-2.7333667278289795
2850,-2.7900266647338867
2851,-4.927633285522461
2852,3.1282312870025635
2853,-2.853898048400879
2854,-1.0682430267333984
2855,-0.24144911766052246
2856,-2.751821517944336
2857,-1.138981819152832
2858,3.8343212604522705
2859,-2.5197744369506836
2860,-0.7769565582275391
2861,0.15947341918945312
2862,-2.373833656311035
2863,-0.8643856048583984
2864,3.8834822177886963
2865,-3.229290008544922
2866,0.4890480041503906
2867,1.7950422763824463
2868,-3.059173583984375
2869,0.3102569580078125
2870,4.683335304260254
2871,2.7984390258789062
2872,-8.585173606872559
2873,-4.035984992980957
2874,3.0160255432128906
2875,-8.495361328125
2876,-4.493325233459473
2877,3.016590118408203
2878,-8.4478178024292
2879,-4.493597507476807
2880,3.0203933715820312
2881,-8.398021697998047
2882,-4.494535446166992
2883,3.0362720489501953
2884,-8.500883102416992
2885,-3.7365174293518066
2886,3.0493545532226562
2887,-8.459437370300293
2888,-3.736804962158203
2889,3.066385269165039
2890,-8.414454460144043
2891,-3.73795485496521
2892,3.0045623779296875
2893,-7.934623718261719
2894,-5.7051472663879395
2895,3.0529918670654297
2896,-7.898200988769531
2897,-2.3045506477355957
2898,2.633047103881836
2899,-8.296425819396973
2900,-4.426077842712402
2901,2.6342506408691406
2902,-8.312859535217285
2903,-3.4930174350738525
2904,2.0008602142333984
2905,-7.346436500549316
2906,-7.604849815368652
2907,2.1648635864257812
2908,-6.574531555175781
2909,-0.17552924156188965
2910,1.738748550415039
2911,-10.432584762573242
2912,-9.254032135009766
2913,1.599740982055664
2914,-8.511393547058105
2915,1.9522144794464111
2916,2.760103225708008
2917,-13.472265243530273
2918,-8.292194366455078
2919,0.9156351089477539
2920,-10.5093994140625
2921,1.5478565692901611
2922,3.028097152709961
2923,-14.204854011535645
2924,-9.217137336730957
2925,1.0040006637573242
2926,-11.219415664672852
2927,1.7654964923858643
2928,3.0294036865234375
2929,-14.081429481506348
2930,-8.71371078491211
2931,1.0333032608032227
2932,-11.262042999267578
2933,1.0296745300292969
2934,2.9476451873779297
2935,-13.82301139831543
2936,-8.113478660583496
2937,1.071242332458496
2938,-11.105716705322266
2939,1.1968843936920166
2940,-0.8962335586547852
2941,-3.8341732025146484
2942,-4.915536880493164
2943,-0.6643915176391602
2944,-3.654526710510254
2945,-0.12802529335021973
2946,-3.035158157348633
2947,-7.453863143920898
2948,-3.2251291275024414
2949,-1.789632797241211
2950,-6.745433807373047
2951,3.306483507156372
2952,-3.467966079711914
2953,-3.275740623474121
2954,0.8913860321044922
2955,-2.3592920303344727
2956,-4.725144386291504
2957,5.3829545974731445
2958,-3.3035812377929688
2959,-2.455270767211914
2960,1.5190179347991943
2961,-2.142422676086426
2962,-4.187680244445801
2963,5.677582740783691
2964,-4.430008888244629
2965,-2.7103538513183594
2966,3.1213061809539795
2967,-2.750990867614746
2968,-4.685815811157227
2969,6.770336151123047
2970,2.691333770751953
2971,-8.391083717346191
2972,-4.080953598022461
2973,2.925474166870117
2974,-8.061104774475098
2975,-4.52608060836792
2976,2.928476333618164
2977,-7.987422943115234
2978,-4.52674674987793
2979,2.9347591400146484
2980,-7.911672592163086
2981,-4.527569770812988
2982,2.9366588592529297
2983,-8.080785751342773
2984,-3.7460052967071533
2985,2.945474624633789
2986,-8.02125072479248
2987,-3.746927261352539
2988,2.95849609375
2989,-7.95944881439209
2990,-3.7467970848083496
2991,2.9057235717773438
2992,-7.316650390625
2993,-5.637604713439941
2994,2.950559616088867
2995,-7.343609809875488
2996,-2.1025829315185547
2997,2.5009918212890625
2998,-8.101958274841309
2999,-4.454965591430664
3000,2.5038585662841797
3001,-8.12142562866211
3002,-3.45185923576355
3003,1.8491592407226562
3004,-6.976781845092773
3005,-7.6783447265625
3006,1.8433723449707031
3007,-6.357139587402344
3008,0.2827293872833252
3009,1.2346057891845703
3010,-10.093524932861328
3011,-9.32754898071289
3012,0.5823268890380859
3013,-7.859313011169434
3014,1.9189074039459229
3015,1.2748775482177734
3016,-12.526102066040039
3017,-8.82361125946045
3018,-0.29953670501708984
3019,-10.033361434936523
3020,0.5795819759368896
3021,1.2338600158691406
3022,-13.210258483886719
3023,-9.822492599487305
3024,-0.42400455474853516
3025,-10.537849426269531
3026,0.6735274791717529
3027,1.3881244659423828
3028,-13.26309871673584
3029,-9.268001556396484
3030,-0.28116321563720703
3031,-10.507083892822266
3032,-0.18392109870910645
3033,1.360342025756836
3034,-13.017813682556152
3035,-8.628660202026367
3036,-0.3097982406616211
3037,-10.396516799926758
3038,0.17157363891601562
3039,-0.9924201965332031
3040,-3.915034294128418
3041,-4.9295854568481445
3042,-0.7813796997070312
3043,-3.791243553161621
3044,-0.11179518699645996
3045,-1.888747215270996
3046,-8.634674072265625
3047,-5.344999313354492
3048,-1.375981330871582
3049,-8.221631050109863
3050,1.638153314590454
3051,-3.522372245788574
3052,-5.562841415405273
3053,0.5676307678222656
3054,-2.2877655029296875
3055,-6.707564353942871
3056,3.3685219287872314
3057,-3.552145004272461
3058,-4.757632255554199
3059,0.5861432552337646
3060,-2.368640899658203
3061,-6.280159950256348
3062,3.5772407054901123
3063,-4.592424392700195
3064,-6.066420555114746
3065,1.3421077728271484
3066,-2.741208076477051
3067,-7.344459533691406
3068,3.8753254413604736
3069,2.7650184631347656
3070,-6.9849348068237305
3071,-3.3889551162719727
3072,2.977811813354492
3073,-6.659811019897461
3074,-3.918896436691284
3075,2.9637298583984375
3076,-6.614535331726074
3077,-3.9199085235595703
3078,2.9540328979492188
3079,-6.572519302368164
3080,-3.9197628498077393
3081,3.0017566680908203
3082,-6.650895118713379
3083,-3.10548996925354
3084,3.0098018646240234
3085,-6.601384162902832
3086,-3.106590747833252
3087,3.0106449127197266
3088,-6.551540374755859
3089,-3.106734275817871
3090,2.8442459106445312
3091,-6.098309516906738
3092,-5.285950660705566
3093,2.9217357635498047
3094,-6.069876670837402
3095,-1.6226232051849365
3096,2.537069320678711
3097,-6.819975852966309
3098,-3.8599584102630615
3099,2.5464706420898438
3100,-6.820186614990234
3101,-2.797273874282837
3102,1.6443290710449219
3103,-6.085635185241699
3104,-7.488238334655762
3105,1.7320098876953125
3106,-5.352392196655273
3107,0.8237853050231934
3108,0.4994668960571289
3109,-8.654194831848145
3110,-8.989339828491211
3111,0.41922569274902344
3112,-6.9210052490234375
3113,1.6790854930877686
3114,0.27266979217529297
3115,-12.338631629943848
3116,-8.39309310913086
3117,-0.30655574798583984
3118,-8.995031356811523
3119,-0.4590029716491699
3120,0.16528892517089844
3121,-12.688678741455078
3122,-9.339112281799316
3123,-0.2951030731201172
3124,-9.296573638916016
3125,-0.40288686752319336
3126,0.18981266021728516
3127,-12.691812515258789
3128,-8.681175231933594
3129,-0.22799110412597656
3130,-9.404722213745117
3131,-1.2404311895370483
3132,0.15183067321777344
3133,-12.471590995788574
3134,-8.13785457611084
3135,-0.2417001724243164
3136,-9.338735580444336
3137,-0.8692448139190674
3138,-1.0801477432250977
3139,-4.111994743347168
3140,-5.001167297363281
3141,-0.9690704345703125
3142,-3.940415382385254
3143,-0.04105782508850098
3144,-0.7066459655761719
3145,-9.189043045043945
3146,-5.176107883453369
3147,-0.761103630065918
3148,-8.322134017944336
3149,1.3270654678344727
3150,-3.1612329483032227
3151,-7.702201843261719
3152,-2.7899231910705566
3153,-2.8625736236572266
3154,-7.606069564819336
3155,1.4235222339630127
3156,-3.385678291320801
3157,-7.107304573059082
3158,-2.538921356201172
3159,-3.1799917221069336
3160,-7.056549072265625
3161,1.3947594165802002
3162,-4.162110328674316
3163,-9.071344375610352
3164,-2.3239123821258545
3165,-3.856511116027832
3166,-8.670004844665527
3167,1.012204647064209
3168,2.64434814453125
3169,-5.534214973449707
3170,-3.778876304626465
3171,2.8485050201416016
3172,-5.242096900939941
3173,-4.43576192855835
3174,2.8434486389160156
3175,-5.179737091064453
3176,-4.4360761642456055
3177,2.837514877319336
3178,-5.110960006713867
3179,-4.43672513961792
3180,2.861356735229492
3181,-5.249311447143555
3182,-3.4643301963806152
3183,2.8663883209228516
3184,-5.194024085998535
3185,-3.465096950531006
3186,2.869884490966797
3187,-5.130823135375977
3188,-3.4655380249023438
3189,2.6877059936523438
3190,-4.594803810119629
3191,-5.771663665771484
3192,2.744783401489258
3193,-4.632137298583984
3194,-1.9389208555221558
3195,2.4126625061035156
3196,-5.395825386047363
3197,-4.273288249969482
3198,2.4169464111328125
3199,-5.4127302169799805
3200,-2.868248462677002
3201,1.6063213348388672
3202,-4.649082183837891
3203,-7.843557357788086
3204,1.677816390991211
3205,-4.625189781188965
3206,0.5833845138549805
3207,0.03855419158935547
3208,-6.63475227355957
3209,-8.652058601379395
3210,0.15344619750976562
3211,-6.657926559448242
3212,1.6114389896392822
3213,-0.3711690902709961
3214,-9.469926834106445
3215,-7.38686466217041
3216,-0.3332815170288086
3217,-8.940637588500977
3218,-0.1863546371459961
3219,-0.5490131378173828
3220,-10.124664306640625
3221,-8.206033706665039
3222,-0.43995189666748047
3223,-9.308411598205566
3224,-0.11942934989929199
3225,-0.39795398712158203
3226,-10.26552963256836
3227,-7.748046875
3228,-0.35854625701904297
3229,-9.440265655517578
3230,-0.9849727153778076
3231,-0.3383197784423828
3232,-9.99726676940918
3233,-7.205611228942871
3234,-0.3096895217895508
3235,-9.346122741699219
3236,-0.6168006658554077
3237,-1.189976692199707
3238,-4.309525489807129
3239,-5.1273369789123535
3240,-1.0703277587890625
3241,-4.340056419372559
3242,0.08884024620056152
3243,0.19815444946289062
3244,-8.863274574279785
3245,-5.636326789855957
3246,0.12284183502197266
3247,-8.56373119354248
3248,0.30515432357788086
3249,-2.4363813400268555
3250,-9.134706497192383
3251,-2.135502815246582
3252,-2.5824708938598633
3253,-9.09740161895752
3254,1.6788561344146729
3255,-3.120110511779785
3256,-8.699081420898438
3257,-1.7391777038574219
3258,-2.828188896179199
3259,-8.667552947998047
3260,1.750173807144165
3261,-2.8461971282958984
3262,-11.038421630859375
3263,-1.589209794998169
3264,-3.6821670532226562
3265,-11.00649642944336
3266,1.1488077640533447
3267,2.555349349975586
3268,-4.047819137573242
3269,-5.734147071838379
3270,2.689332962036133
3271,-3.6550865173339844
3272,-6.292093276977539
3273,2.675121307373047
3274,-3.5997695922851562
3275,-6.292936325073242
3276,2.6607532501220703
3277,-3.5425872802734375
3278,-6.294553756713867
3279,2.708303451538086
3280,-3.6640405654907227
3281,-5.436773777008057
3282,2.7069740295410156
3283,-3.613780975341797
3284,-5.437578201293945
3285,2.704103469848633
3286,-3.559335708618164
3287,-5.43796443939209
3288,2.5417842864990234
3289,-3.1277618408203125
3290,-7.564379692077637
3291,2.5905113220214844
3292,-3.16677188873291
3293,-3.700054168701172
3294,2.2993507385253906
3295,-4.078667640686035
3296,-6.164154529571533
3297,2.311145782470703
3298,-4.081473350524902
3299,-5.0163164138793945
3300,1.1454696655273438
3301,-3.8205318450927734
3302,-9.050847053527832
3303,1.3767318725585938
3304,-3.7809858322143555
3305,-1.1795933246612549
3306,-0.17655372619628906
3307,-6.164785385131836
3308,-9.621488571166992
3309,0.028459548950195312
3310,-6.0326433181762695
3311,-0.3937060832977295
3312,-0.3604412078857422
3313,-8.851447105407715
3314,-8.78197956085205
3315,-0.43300533294677734
3316,-8.241508483886719
3317,-1.8781882524490356
3318,-0.4415884017944336
3319,-9.427326202392578
3320,-9.793566703796387
3321,-0.4031944274902344
3322,-8.540397644042969
3323,-1.9010603427886963
3324,-0.3239879608154297
3325,-9.498022079467773
3326,-9.561050415039062
3327,-0.23108863830566406
3328,-9.040996551513672
3329,-2.788041830062866
3330,-0.3106708526611328
3331,-9.232124328613281
3332,-8.749231338500977
3333,-0.4076261520385742
3334,-8.592830657958984
3335,-2.3119876384735107
3336,-1.3250370025634766
3337,-4.301199913024902
3338,-5.0914506912231445
3339,-1.071554183959961
3340,-4.523586273193359
3341,0.05367541313171387
3342,0.8993215560913086
3343,-7.711641311645508
3344,-5.934690475463867
3345,1.0472307205200195
3346,-7.7656660079956055
3347,-0.35019922256469727
3348,-1.427180290222168
3349,-9.130338668823242
3350,-2.414060592651367
3351,-1.2858142852783203
3352,-9.73175048828125
3353,1.008131980895996
3354,-1.8633747100830078
3355,-8.97579574584961
3356,-2.025606870651245
3357,-1.7518196105957031
3358,-9.633548736572266
3359,1.065237045288086
3360,-1.2135696411132812
3361,-11.240541458129883
3362,-2.274378776550293
3363,-1.3583698272705078
3364,-11.661052703857422
3365,0.4318277835845947
3366,2.5198097229003906
3367,-2.222201347351074
3368,-12.55060863494873
3369,2.373117446899414
3370,-1.7668437957763672
3371,-12.809917449951172
3372,2.307687759399414
3373,-1.731003761291504
3374,-12.8110933303833
3375,2.239704132080078
3376,-1.702066421508789
3377,-12.814722061157227
3378,2.471853256225586
3379,-1.7915143966674805
3380,-12.132935523986816
3381,2.4756107330322266
3382,-1.768284797668457
3383,-12.135661125183105
3384,2.4676856994628906
3385,-1.7488842010498047
3386,-12.135250091552734
3387,1.861856460571289
3388,-1.5163288116455078
3389,-12.38877010345459
3390,2.0793514251708984
3391,-1.557901382446289
3392,-9.3053560256958
3393,2.130525588989258
3394,-2.4886722564697266
3395,-12.305258750915527
3396,2.226865768432617
3397,-2.5413150787353516
3398,-11.403179168701172
3399,0.5950965881347656
3400,-3.1500587463378906
3401,-11.813485145568848
3402,1.3328170776367188
3403,-2.5781517028808594
3404,-5.280035972595215
3405,-0.033641815185546875
3406,-5.969382286071777
3407,-11.924455642700195
3408,0.6368122100830078
3409,-5.076866149902344
3410,-2.6407923698425293
3411,0.20337581634521484
3412,-8.666176795959473
3413,-11.887519836425781
3414,0.8732757568359375
3415,-7.264863967895508
3416,-2.779404640197754
3417,0.15843772888183594
3418,-9.265482902526855
3419,-13.049952507019043
3420,1.044917106628418
3421,-7.441181182861328
3422,-2.6354174613952637
3423,0.19164085388183594
3424,-9.08134651184082
3425,-13.00572681427002
3426,1.0806083679199219
3427,-7.705934524536133
3428,-3.696784734725952
3429,0.22808837890625
3430,-8.85997486114502
3431,-11.937061309814453
3432,0.9862174987792969
3433,-7.675853729248047
3434,-3.189847230911255
3435,-1.360428810119629
3436,-4.3319091796875
3437,-4.758583068847656
3438,-1.004343032836914
3439,-4.153674125671387
3440,-0.2736806869506836
3441,0.6141510009765625
3442,-6.946704864501953
3443,-6.872851371765137
3444,1.6116867065429688
3445,-6.9796552658081055
3446,-1.5434842109680176
3447,-0.053836822509765625
3448,-9.531055450439453
3449,-3.7306630611419678
3450,0.2803230285644531
3451,-8.921178817749023
3452,0.7634789943695068
3453,-0.32667064666748047
3454,-9.860894203186035
3455,-3.4833250045776367
3456,-0.12810611724853516
3457,-9.200737953186035
3458,0.8845639228820801
3459,0.6915702819824219
3460,-10.830867767333984
3461,-4.920047760009766
3462,0.7014904022216797
3463,-10.132741928100586
3464,-0.40361857414245605
3465,1.7950592041015625
3466,-0.6853046417236328
3467,-12.760208129882812
3468,1.6185550689697266
3469,-0.23506736755371094
3470,-13.094094276428223
3471,1.5593147277832031
3472,-0.22382354736328125
3473,-13.094643592834473
3474,1.4929466247558594
3475,-0.22023773193359375
3476,-13.097639083862305
3477,1.6831989288330078
3478,-0.2087268829345703
3479,-12.423654556274414
3480,1.6708602905273438
3481,-0.18449783325195312
3482,-12.42724609375
3483,1.6557083129882812
3484,-0.15742111206054688
3485,-12.426892280578613
3486,1.1327018737792969
3487,-0.16908645629882812
3488,-12.942760467529297
3489,1.3421516418457031
3490,-0.06610107421875
3491,-9.890318870544434
3492,1.50543212890625
3493,-0.9942760467529297
3494,-12.601032257080078
3495,1.6186962127685547
3496,-0.9774627685546875
3497,-11.711182594299316
3498,0.2935609817504883
3499,-2.497359275817871
3500,-12.181060791015625
3501,0.8854684829711914
3502,-1.294184684753418
3503,-5.929503917694092
3504,0.15859699249267578
3505,-5.131030082702637
3506,-11.611886024475098
3507,0.9095354080200195
3508,-4.148175239562988
3509,-3.31333065032959
3510,1.044520378112793
3511,-7.005122184753418
3512,-10.840227127075195
3513,1.4186534881591797
3514,-5.928960800170898
3515,-3.316640853881836
3516,1.1765098571777344
3517,-7.563440322875977
3518,-11.87165355682373
3519,1.5477066040039062
3520,-6.028243064880371
3521,-3.182096004486084
3522,1.2951335906982422
3523,-7.275911331176758
3524,-11.772359848022461
3525,1.5397663116455078
3526,-6.479026794433594
3527,-4.2395124435424805
3528,1.2019424438476562
3529,-7.278020858764648
3530,-10.829962730407715
3531,1.526458740234375
3532,-6.261334419250488
3533,-3.715183734893799
3534,-1.343465805053711
3535,-4.283853530883789
3536,-4.594461441040039
3537,-1.0204429626464844
3538,-4.115345001220703
3539,-0.4350779056549072
3540,0.7969722747802734
3541,-5.489544868469238
3542,-6.443741798400879
3543,1.6719112396240234
3544,-4.742852210998535
3545,-1.5856516361236572
3546,0.9937725067138672
3547,-8.985267639160156
3548,-3.746077060699463
3549,1.1970787048339844
3550,-8.474668502807617
3551,0.6761212348937988
3552,0.7675495147705078
3553,-9.393376350402832
3554,-3.5404882431030273
3555,0.8715305328369141
3556,-9.036470413208008
3557,0.8056511878967285
3558,1.9585323333740234
3559,-9.68939208984375
3560,-5.138355731964111
3561,1.8765220642089844
3562,-9.53710651397705
3563,-0.5031566619873047
3564,0.8945331573486328
3565,1.1316699981689453
3566,-14.39576530456543
3567,0.6351041793823242
3568,1.3895378112792969
3569,-14.703755378723145
3570,0.5183515548706055
3571,1.2638282775878906
3572,-14.703592300415039
3573,0.5504732131958008
3574,1.0586357116699219
3575,-14.705190658569336
3576,0.652501106262207
3577,1.411081314086914
3578,-14.284595489501953
3579,0.6380386352539062
3580,1.4051933288574219
3581,-14.2884521484375
3582,0.5786848068237305
3583,1.5371017456054688
3584,-14.289765357971191
3585,0.364013671875
3586,0.8121776580810547
3587,-14.212220191955566
3588,0.3863201141357422
3589,1.2715682983398438
3590,-12.29864501953125
3591,0.8635139465332031
3592,0.2902088165283203
3593,-14.05006217956543
3594,0.8944129943847656
3595,0.7517242431640625
3596,-13.493176460266113
3597,0.2869443893432617
3598,-1.7888755798339844
3599,-13.122288703918457
3600,0.5945425033569336
3601,-0.2207965850830078
3602,-8.174217224121094
3603,0.8533468246459961
3604,-4.103035926818848
3605,-12.907719612121582
3606,1.2266521453857422
3607,-2.9157886505126953
3608,-7.963884353637695
3609,2.009744644165039
3610,-4.778005599975586
3611,-13.2676420211792
3612,1.9203681945800781
3613,-4.524650573730469
3614,-10.597895622253418
3615,2.215871810913086
3616,-4.915529251098633
3617,-14.56649112701416
3618,1.7515316009521484
3619,-4.405609130859375
3620,-11.048832893371582
3621,2.236085891723633
3622,-4.686446189880371
3623,-14.699904441833496
3624,2.051656723022461
3625,-4.633824348449707
3626,-11.995731353759766
3627,2.1644554138183594
3628,-4.673557281494141
3629,-13.401609420776367
3630,1.7750492095947266
3631,-4.5325775146484375
3632,-11.037186622619629
3633,-1.3068876266479492
3634,-3.9568681716918945
3635,-4.404117107391357
3636,-1.0021476745605469
3637,-3.002322196960449
3638,-0.6303774118423462
3639,1.1496162414550781
3640,-4.02723503112793
3641,-7.303047180175781
3642,1.8143806457519531
3643,-2.871340751647949
3644,-2.266385078430176
3645,2.0594482421875
3646,-7.427112579345703
3647,-5.628758430480957
3648,2.0779953002929688
3649,-7.311267852783203
3650,-0.7716565132141113
3651,1.965597152709961
3652,-7.85469913482666
3653,-5.565175533294678
3654,1.9361553192138672
3655,-7.780063629150391
3656,-0.7503780126571655
3657,3.133516311645508
3658,-7.701204299926758
3659,-7.885922431945801
3660,3.0522422790527344
3661,-7.837420463562012
3662,-2.688061237335205
3663,0.4468364715576172
3664,-0.9997692108154297
3665,-19.65721321105957
3666,0.4260139465332031
3667,-1.1405858993530273
3668,-19.551054000854492
3669,0.4454813003540039
3670,-1.2071475982666016
3671,-19.550931930541992
3672,0.47548389434814453
3673,-1.2845182418823242
3674,-19.553266525268555
3675,0.35119056701660156
3676,-1.0186824798583984
3677,-19.58250617980957
3678,0.32546138763427734
3679,-0.9860916137695312
3680,-19.585308074951172
3681,0.29703330993652344
3682,-0.938720703125
3683,-19.58578109741211
3684,0.44182586669921875
3685,-1.5416975021362305
3686,-16.797239303588867
3687,0.1789264678955078
3688,-1.043595314025879
3689,-16.900705337524414
3690,0.47563838958740234
3691,-1.2477502822875977
3692,-18.376258850097656
3693,0.37984752655029297
3694,-1.0398616790771484
3695,-18.409893035888672
3696,0.50262451171875
3697,-2.639331817626953
3698,-12.9017333984375
3699,0.0029087066650390625
3700,-1.0116806030273438
3701,-12.513005256652832
3702,1.7296371459960938
3703,-2.671764373779297
3704,-13.534686088562012
3705,1.3177909851074219
3706,-1.885024070739746
3707,-12.878596305847168
3708,2.6234169006347656
3709,-1.8644742965698242
3710,-17.09267807006836
3711,2.243612289428711
3712,-2.508413314819336
3713,-15.78756046295166
3714,2.802234649658203
3715,-1.8288707733154297
3716,-18.726058959960938
3717,2.4436283111572266
3718,-2.3362655639648438
3719,-17.068410873413086
3720,2.7353687286376953
3721,-1.5855960845947266
3722,-19.157222747802734
3723,2.4303760528564453
3724,-2.583256721496582
3725,-17.758323669433594
3726,2.600461959838867
3727,-1.5911359786987305
3728,-17.462846755981445
3729,2.3526363372802734
3730,-2.7433385848999023
3731,-16.18871307373047
3732,-0.8786849975585938
3733,-4.192099571228027
3734,-2.8426833152770996
3735,-1.0579185485839844
3736,-3.038501739501953
3737,-2.1994709968566895
3738,1.357656478881836
3739,-2.776492118835449
3740,-5.432895183563232
3741,1.5955638885498047
3742,-1.3154067993164062
3743,-2.963777542114258
3744,2.2546424865722656
3745,-2.3698654174804688
3746,-0.003360271453857422
3747,1.4541454315185547
3748,-0.2846412658691406
3749,1.6306040287017822
3750,2.2550125122070312
3751,-2.412982940673828
3752,0.42588043212890625
3753,1.5303268432617188
3754,-0.39415740966796875
3755,2.288811445236206
3756,3.048067092895508
3757,-1.5816049575805664
3758,-2.362412452697754
3759,2.2701568603515625
3760,0.5910358428955078
3761,-0.08605051040649414
3762,-0.04022216796875
3763,-2.109966278076172
3764,-16.65040397644043
3765,0.17008590698242188
3766,-2.2914819717407227
3767,-16.719135284423828
3768,0.16169071197509766
3769,-2.30026912689209
3770,-16.71768569946289
3771,-0.13895606994628906
3772,-2.4135608673095703
3773,-16.720216751098633
3774,0.10581302642822266
3775,-2.320829391479492
3776,-16.874425888061523
3777,0.03803730010986328
3778,-2.220034599304199
3779,-16.876747131347656
3780,0.0224761962890625
3781,-2.138681411743164
3782,-16.87532615661621
3783,0.000804901123046875
3784,-1.655630111694336
3785,-14.832090377807617
3786,-0.23037052154541016
3787,-1.9566373825073242
3788,-15.593984603881836
3789,-0.019639015197753906
3790,-1.9966344833374023
3791,-15.707084655761719
3792,-0.1598520278930664
3793,-1.8460102081298828
3794,-15.940568923950195
3795,-0.05492973327636719
3796,-2.1486120223999023
3797,-10.488838195800781
3798,-0.7906475067138672
3799,-1.3531990051269531
3800,-12.03422737121582
3801,1.0925655364990234
3802,-0.7703914642333984
3803,-5.686432838439941
3804,0.10278987884521484
3805,0.1792621612548828
3806,-7.700615882873535
3807,1.609872817993164
3808,-0.41474151611328125
3809,-2.797158718109131
3810,1.2160224914550781
3811,0.33676719665527344
3812,-7.875699996948242
3813,1.7668514251708984
3814,-0.34186744689941406
3815,-2.514573574066162
3816,1.4859561920166016
3817,0.41629600524902344
3818,-7.126216888427734
3819,1.6025447845458984
3820,-0.4457130432128906
3821,-2.9290096759796143
3822,1.3853511810302734
3823,0.2655830383300781
3824,-6.455374240875244
3825,1.5627403259277344
3826,-0.4371929168701172
3827,-2.855426073074341
3828,1.4925060272216797
3829,0.26656341552734375
3830,-6.252180099487305
3831,-0.42937564849853516
3832,-2.1617431640625
3833,-1.8349740505218506
3834,-0.9468488693237305
3835,-1.7896385192871094
3836,-3.198894500732422
3837,1.4142265319824219
3838,0.38775062561035156
3839,-1.2248225212097168
3840,0.8389930725097656
3841,0.022022247314453125
3842,-4.64625358581543
3843,2.0437469482421875
3844,1.8482837677001953
3845,3.3330180644989014
3846,2.1450977325439453
3847,1.4156150817871094
3848,-0.4126467704772949
3849,2.009075164794922
3850,2.074552536010742
3851,3.8275139331817627
3852,2.2030601501464844
3853,1.6019458770751953
3854,0.11837100982666016
3855,2.6420040130615234
3856,2.2968921661376953
3857,2.9284913539886475
3858,3.1097869873046875
3859,1.9655876159667969
3860,-0.9343646764755249
3861,-0.8447027206420898
3862,-0.062206268310546875
3863,-15.823795318603516
3864,-0.9463090896606445
3865,-0.10127639770507812
3866,-16.107152938842773
3867,-0.9362039566040039
3868,-0.10548019409179688
3869,-16.105693817138672
3870,-0.9449729919433594
3871,-0.12046051025390625
3872,-16.108734130859375
3873,-0.9770164489746094
3874,-0.12208747863769531
3875,-16.005617141723633
3876,-0.9997053146362305
3877,-0.1060333251953125
3878,-16.00871467590332
3879,-1.020890235900879
3880,-0.09303855895996094
3881,-16.00912857055664
3882,-0.9117822647094727
3883,-0.027544021606445312
3884,-15.026339530944824
3885,-1.0384712219238281
3886,-0.09529495239257812
3887,-14.498987197875977
3888,-0.7385778427124023
3889,-0.09059524536132812
3890,-15.132882118225098
3891,-0.8107976913452148
3892,-0.01203155517578125
3893,-14.997024536132812
3894,-0.3448009490966797
3895,-0.032802581787109375
3896,-10.961638450622559
3897,-0.6451454162597656
3898,-0.1465473175048828
3899,-11.003652572631836
3900,1.0162458419799805
3901,1.7408809661865234
3902,-7.968530654907227
3903,0.4160337448120117
3904,0.6298599243164062
3905,-8.400062561035156
3906,1.6055107116699219
3907,3.9079151153564453
3908,-6.628945350646973
3909,1.4698448181152344
3910,2.6298179626464844
3911,-8.29987621307373
3912,1.5321407318115234
3913,4.406171798706055
3914,-7.113446235656738
3915,1.5826168060302734
3916,3.1450576782226562
3917,-8.839408874511719
3918,1.3165912628173828
3919,4.463603973388672
3920,-7.581225395202637
3921,1.5495643615722656
3922,3.257047653198242
3923,-9.307848930358887
3924,1.3641376495361328
3925,4.360969543457031
3926,-6.801496505737305
3927,1.5945777893066406
3928,3.1106491088867188
3929,-8.40652084350586
3930,-0.5536050796508789
3931,-1.2366533279418945
3932,-2.5961785316467285
3933,-0.9413566589355469
3934,-0.9315109252929688
3935,-2.4310853481292725
3936,1.360677719116211
3937,1.0860099792480469
3938,-2.6711342334747314
3939,0.5965394973754883
3940,1.4593925476074219
3941,-2.5392255783081055
3942,2.142057418823242
3943,2.8515071868896484
3944,1.2490310668945312
3945,1.8719100952148438
3946,2.8173141479492188
3947,3.9950239658355713
3948,2.154420852661133
3949,2.952320098876953
3950,1.625251054763794
3951,1.9399223327636719
3952,2.7754955291748047
3953,4.524932861328125
3954,3.0382328033447266
3955,3.9842872619628906
3956,0.17862176895141602
3957,3.020792007446289
3958,3.9669742584228516
3959,3.317516565322876
3960,-0.4317598342895508
3961,-0.7307491302490234
3962,-14.047654151916504
3963,-0.439910888671875
3964,-0.843353271484375
3965,-14.719390869140625
3966,-0.4211387634277344
3967,-0.8391494750976562
3968,-14.718883514404297
3969,-0.4062614440917969
3970,-0.8361454010009766
3971,-14.723003387451172
3972,-0.5014371871948242
3973,-0.819122314453125
3974,-14.564997673034668
3975,-0.5252199172973633
3976,-0.7997035980224609
3977,-14.564102172851562
3978,-0.5496912002563477
3979,-0.7807464599609375
3980,-14.56190299987793
3981,-0.33419132232666016
3982,-0.6235446929931641
3983,-14.735936164855957
3984,-0.545557975769043
3985,-0.6187553405761719
3986,-13.975422859191895
3987,-0.352813720703125
3988,-0.5927619934082031
3989,-13.635388374328613
3990,-0.4547395706176758
3991,-0.5189933776855469
3992,-13.422801971435547
3993,0.04493427276611328
3994,0.2595787048339844
3995,-10.719477653503418
3996,-0.2838773727416992
3997,0.2398357391357422
3998,-10.329562187194824
3999,0.8987998962402344
4000,2.420194625854492
4001,-6.791027069091797
4002,0.2295207977294922
4003,1.4595966339111328
4004,-5.692336082458496
4005,0.19234275817871094
4006,3.8068885803222656
4007,-4.826098442077637
4008,0.5122251510620117
4009,2.5985374450683594
4010,-1.583371639251709
4011,0.15540409088134766
4012,4.180002212524414
4013,-4.9492387771606445
4014,0.4776315689086914
4015,2.8780574798583984
4016,-1.4040112495422363
4017,0.1876354217529297
4018,4.320163726806641
4019,-5.554408073425293
4020,0.5314168930053711
4021,2.877286911010742
4022,-1.941161036491394
4023,0.3337116241455078
4024,4.001623153686523
4025,-4.9777936935424805
4026,0.5906105041503906
4027,2.822734832763672
4028,-1.6362419128417969
4029,0.03873729705810547
4030,-0.23223304748535156
4031,-2.663031578063965
4032,-0.3311624526977539
4033,-0.007411956787109375
4034,-2.3657524585723877
4035,1.3139400482177734
4036,3.4043540954589844
4037,-0.7263413667678833
4038,0.5908966064453125
4039,3.306499481201172
4040,0.17403960227966309
4041,1.9444541931152344
4042,6.021524429321289
4043,3.9000489711761475
4044,1.376129150390625
4045,4.924787521362305
4046,5.604111671447754
4047,1.950754165649414
4048,6.28547477722168
4049,4.336251258850098
4050,1.4581069946289062
4051,5.048992156982422
4052,6.096999168395996
4053,2.3611793518066406
4054,7.174734115600586
4055,2.5838983058929443
4056,1.851907730102539
4057,5.714183807373047
4058,4.520671844482422
4059,0.09073352813720703
4060,-0.38488197326660156
4061,-12.873578071594238
4062,-0.11021995544433594
4063,-0.3369560241699219
4064,-13.548850059509277
4065,-0.16869831085205078
4066,-0.32184791564941406
4067,-13.548945426940918
4068,-0.29065799713134766
4069,-0.29962921142578125
4070,-13.553483009338379
4071,-0.17929649353027344
4072,-0.3323841094970703
4073,-13.215167045593262
4074,-0.26581478118896484
4075,-0.3137073516845703
4076,-13.215950965881348
4077,-0.2987985610961914
4078,-0.28864288330078125
4079,-13.215791702270508
4080,0.18057727813720703
4081,0.12517166137695312
4082,-14.289573669433594
4083,0.09981250762939453
4084,-0.1500682830810547
4085,-12.687674522399902
4086,0.0608062744140625
4087,-0.0475311279296875
4088,-12.761246681213379
4089,-0.06083202362060547
4090,-0.015094757080078125
4091,-12.320655822753906
4092,0.1846179962158203
4093,1.500143051147461
4094,-11.81411075592041
4095,-0.18153762817382812
4096,0.8938426971435547
4097,-10.031423568725586
4098,-0.0738973617553711
4099,2.5703392028808594
4100,-10.699761390686035
4101,0.04446601867675781
4102,1.886138916015625
4103,-8.679891586303711
4104,-0.2607440948486328
4105,3.1532516479492188
4106,-10.512195587158203
4107,-0.2662954330444336
4108,3.2718143463134766
4109,-9.44212532043457
4110,-0.2886037826538086
4111,3.322162628173828
4112,-10.922591209411621
4113,-0.3062248229980469
4114,3.3630542755126953
4115,-9.737421035766602
4116,-0.13381481170654297
4117,3.345571517944336
4118,-11.183043479919434
4119,-0.26271820068359375
4120,3.699939727783203
4121,-9.937235832214355
4122,-0.13991451263427734
4123,3.263265609741211
4124,-10.539669036865234
4125,-0.24764442443847656
4126,3.75018310546875
4127,-9.510817527770996
4128,0.1567249298095703
4129,1.789358139038086
4130,-3.177824020385742
4131,0.27109432220458984
4132,1.5644950866699219
4133,-1.8549716472625732
4134,0.4888277053833008
4135,4.442142486572266
4136,-2.7955636978149414
4137,0.5362329483032227
4138,3.6394519805908203
4139,2.0151126384735107
4140,1.3604278564453125
4141,7.638084411621094
4142,-1.273633599281311
4143,0.9226875305175781
4144,5.501953125
4145,6.617362976074219
4146,1.119192123413086
4147,7.80848503112793
4148,-1.0184630155563354
4149,0.9326791763305664
4150,5.615142822265625
4151,7.116358757019043
4152,1.3822441101074219
4153,9.296281814575195
4154,-2.028968334197998
4155,1.6499652862548828
4156,6.543554306030273
4157,6.369692802429199
4158,0.8195219039916992
4159,0.5647697448730469
4160,-7.387129783630371
4161,0.8470439910888672
4162,0.7008190155029297
4163,-7.817791938781738
4164,0.8109464645385742
4165,0.7506771087646484
4166,-7.818284034729004
4167,0.8087635040283203
4168,0.9305152893066406
4169,-7.822929382324219
4170,0.9795551300048828
4171,0.5433177947998047
4172,-7.434810638427734
4173,0.9786882400512695
4174,0.5403499603271484
4175,-7.4336442947387695
4176,1.015336036682129
4177,0.6415157318115234
4178,-7.433354377746582
4179,0.8705177307128906
4180,1.3711128234863281
4181,-8.47082233428955
4182,1.1399497985839844
4183,0.9105701446533203
4184,-6.659123420715332
4185,0.57806396484375
4186,0.8356990814208984
4187,-7.431466102600098
4188,0.719874382019043
4189,0.6560688018798828
4190,-6.915966033935547
4191,0.132904052734375
4192,2.7866134643554688
4193,-7.563091278076172
4194,0.8267841339111328
4195,1.9087276458740234
4196,-5.265069484710693
4197,-0.8688411712646484
4198,3.7251014709472656
4199,-5.887923240661621
4200,0.10991382598876953
4201,2.3342628479003906
4202,-2.8697280883789062
4203,-1.244253158569336
4204,4.679035186767578
4205,-3.195344924926758
4206,-0.1727914810180664
4207,2.704029083251953
4208,-0.5858491659164429
4209,-1.498671531677246
4210,4.987176895141602
4211,-2.9832611083984375
4212,-0.22651386260986328
4213,2.775999069213867
4214,-0.00863194465637207
4215,-1.5163326263427734
4216,4.538562774658203
4217,-3.0236828327178955
4218,-0.26060009002685547
4219,2.8354530334472656
4220,-0.23828673362731934
4221,-1.4673614501953125
4222,4.336111068725586
4223,-3.100571870803833
4224,-0.28817081451416016
4225,2.944835662841797
4226,-0.5972887277603149
4227,0.014607429504394531
4228,1.9540328979492188
4229,-3.322671413421631
4230,0.0927734375
4231,1.188699722290039
4232,-1.7184350490570068
4233,0.36211299896240234
4234,5.696226119995117
4235,-4.024453639984131
4236,0.5379743576049805
4237,4.889429092407227
4238,-2.2601099014282227
4239,1.2672481536865234
4240,9.09782600402832
4241,-3.297384262084961
4242,0.7078971862792969
4243,6.659494400024414
4244,-2.4826745986938477
4245,1.233205795288086
4246,9.541473388671875
4247,-3.1517019271850586
4248,0.5742034912109375
4249,6.794343948364258
4250,-2.432264566421509
4251,1.393646240234375
4252,10.99945068359375
4253,-3.738919258117676
4254,1.1534309387207031
4255,7.450931549072266
4256,-3.103329658508301
4257,0.7172260284423828
4258,2.7158889770507812
4259,-4.238168716430664
4260,0.7280607223510742
4261,2.8364830017089844
4262,-4.379834175109863
4263,0.6913595199584961
4264,2.9166927337646484
4265,-4.380230903625488
4266,0.6682834625244141
4267,3.000120162963867
4268,-4.3853759765625
4269,0.8645820617675781
4270,2.5839900970458984
4271,-4.243553161621094
4272,0.8899192810058594
4273,2.4976062774658203
4274,-4.2434983253479
4275,0.9346609115600586
4276,2.4192981719970703
4277,-4.245968341827393
4278,0.6499767303466797
4279,3.1220626831054688
4280,-4.218592643737793
4281,1.054636001586914
4282,2.2277793884277344
4283,-3.4817328453063965
4284,0.5383281707763672
4285,2.804807662963867
4286,-4.028669834136963
4287,0.6688699722290039
4288,2.524160385131836
4289,-3.8273439407348633
4290,0.15524959564208984
4291,3.596231460571289
4292,-3.312455415725708
4293,0.7541961669921875
4294,1.9539680480957031
4295,-2.4710114002227783
4296,-1.0442428588867188
4297,4.480352401733398
4298,-0.2210686206817627
4299,0.05740833282470703
4300,1.8724346160888672
4301,0.9398407936096191
4302,-1.5419740676879883
4303,5.20843505859375
4304,2.390040636062622
4305,0.018157958984375
4306,2.3087501525878906
4307,4.1066389083862305
4308,-1.785085678100586
4309,5.454204559326172
4310,2.873936891555786
4311,0.03588581085205078
4312,2.376516342163086
4313,4.816383361816406
4314,-1.6461210250854492
4315,5.206699371337891
4316,2.716848134994507
4317,0.1136026382446289
4318,2.4045028686523438
4319,4.361111640930176
4320,-1.6170902252197266
4321,5.218393325805664
4322,2.458366632461548
4323,0.07506656646728516
4324,2.5483951568603516
4325,4.030467987060547
4326,-0.1798086166381836
4327,2.2833995819091797
4328,-2.6832973957061768
4329,0.06570625305175781
4330,1.713083267211914
4331,-2.3627917766571045
4332,0.046248435974121094
4333,6.1949005126953125
4334,-5.375751495361328
4335,0.24086570739746094
4336,5.44066047668457
4337,-4.356365203857422
4338,1.001347541809082
4339,9.025320053100586
4340,-4.161018371582031
4341,0.6465234756469727
4342,7.772132873535156
4343,-4.425628662109375
4344,1.2702884674072266
4345,9.21176528930664
4346,-3.969456195831299
4347,0.4651632308959961
4348,7.937910079956055
4349,-4.339637279510498
4350,1.4679508209228516
4351,9.763862609863281
4352,-5.062844276428223
4353,1.0408649444580078
4354,8.76688003540039
4355,-5.787385940551758
