,0
0,-1.3050289154052734
1,-6.6789045333862305
2,0.7232668399810791
3,-1.2815380096435547
4,-7.066046714782715
5,0.29589247703552246
6,-1.247349739074707
7,-7.1231536865234375
8,0.2947056293487549
9,-1.2144279479980469
10,-7.1833343505859375
11,0.29322028160095215
12,-1.3202934265136719
13,-7.007177352905273
14,1.049180269241333
15,-1.3139305114746094
16,-7.0167341232299805
17,1.0520846843719482
18,-1.305678367614746
19,-7.030819892883301
20,1.052476167678833
21,-0.946925163269043
22,-7.371334075927734
23,-0.6452093124389648
24,-1.0431318283081055
25,-7.195473670959473
26,2.7823646068573
27,-1.0805940628051758
28,-6.568417549133301
29,0.48386406898498535
30,-1.117919921875
31,-6.487860679626465
32,1.4739911556243896
33,-0.1654338836669922
34,-6.934814453125
35,-2.8794307708740234
36,-0.33182716369628906
37,-5.801534652709961
38,4.245975494384766
39,0.681025505065918
40,-6.4830322265625
41,-7.206284523010254
42,0.3137683868408203
43,-3.111605644226074
44,5.28859806060791
45,1.4130735397338867
46,-5.965030670166016
47,-10.569628715515137
48,0.8671445846557617
49,-0.9192562103271484
50,4.927770614624023
51,1.7372446060180664
52,-5.839896202087402
53,-11.600286483764648
54,0.9851541519165039
55,-0.2697429656982422
56,5.023151397705078
57,1.7584924697875977
58,-5.730057716369629
59,-11.3641996383667
60,0.9198293685913086
61,-0.10392570495605469
62,4.346856117248535
63,1.4435529708862305
64,-5.637133598327637
65,-10.566658020019531
66,0.8724298477172852
67,-0.3499574661254883
68,4.5963335037231445
69,0.2053689956665039
70,-0.3178834915161133
71,-5.210423469543457
72,0.0
73,0.0
74,0.0
75,0.2186412811279297
76,4.687564849853516
77,-5.765045642852783
78,0.19557571411132812
79,4.783317565917969
80,-0.5017566680908203
81,0.7281427383422852
82,10.017915725708008
83,-6.570239067077637
84,0.7513360977172852
85,9.267229080200195
86,-0.6630661487579346
87,1.0593652725219727
88,10.869199752807617
89,-6.732442855834961
90,1.111189842224121
91,10.136598587036133
92,-0.7425676584243774
93,-0.47489261627197266
94,11.635858535766602
95,-8.956377029418945
96,-0.17111492156982422
97,10.72282600402832
98,-2.1354753971099854
99,-1.315974235534668
100,-6.687756538391113
101,1.0938870906829834
102,-1.291769027709961
103,-7.078370094299316
104,0.7714290618896484
105,-1.2577342987060547
106,-7.131793022155762
107,0.769953727722168
108,-1.2213926315307617
109,-7.187843322753906
110,0.7683088779449463
111,-1.3323516845703125
112,-7.021222114562988
113,1.5564396381378174
114,-1.3281612396240234
115,-7.030207633972168
116,1.5585315227508545
117,-1.3216896057128906
118,-7.041482925415039
119,1.5589587688446045
120,-0.9561491012573242
121,-7.376093864440918
122,0.09664583206176758
123,-1.0663862228393555
124,-7.202544212341309
125,3.717170000076294
126,-1.0926322937011719
127,-6.579878807067871
128,0.9170436859130859
129,-1.1339302062988281
130,-6.500802993774414
131,1.95755934715271
132,-0.1639261245727539
133,-6.9339189529418945
134,-2.036289930343628
135,-0.33351707458496094
136,-5.742335319519043
137,4.772768974304199
138,0.8474607467651367
139,-6.674101829528809
140,-7.153020858764648
141,0.3161964416503906
142,-3.0015335083007812
143,5.74854850769043
144,1.5232553482055664
145,-6.24555778503418
146,-11.46743106842041
147,0.8566770553588867
148,-0.7661828994750977
149,5.370599746704102
150,1.8905858993530273
151,-6.22617244720459
152,-12.514730453491211
153,1.1916589736938477
154,0.2497577667236328
155,5.458383560180664
156,1.801051139831543
157,-6.042142868041992
158,-12.2607421875
159,1.0859689712524414
160,0.4288978576660156
161,4.893448829650879
162,1.665196418762207
163,-6.009063720703125
164,-11.48889446258545
165,1.0116052627563477
166,0.1854114532470703
167,5.088852882385254
168,0.20277690887451172
169,-0.4804344177246094
170,-5.185946941375732
171,0.0001049041748046875
172,-0.0565032958984375
173,-0.024637460708618164
174,0.187591552734375
175,4.632965087890625
176,-6.347285270690918
177,0.07423782348632812
178,4.7350921630859375
179,-1.5208096504211426
180,0.728459358215332
181,9.951217651367188
182,-7.877300262451172
183,0.7527227401733398
184,9.274787902832031
185,-2.548886775970459
186,1.071314811706543
187,10.816164016723633
188,-8.095453262329102
189,1.1251344680786133
190,10.195228576660156
191,-2.7243030071258545
192,-0.4367103576660156
193,11.621707916259766
194,-10.491056442260742
195,-0.14734840393066406
196,10.895145416259766
197,-4.393845081329346
198,-1.3160161972045898
199,-6.692978858947754
200,1.553267240524292
201,-1.2920055389404297
202,-7.083656311035156
203,1.2551653385162354
204,-1.2578039169311523
205,-7.137914657592773
206,1.2539317607879639
207,-1.2213935852050781
208,-7.193946838378906
209,1.2522156238555908
210,-1.3337726593017578
211,-7.022492408752441
212,2.0378835201263428
213,-1.3306007385253906
214,-7.030503273010254
215,2.0397350788116455
216,-1.3248834609985352
217,-7.041372299194336
218,2.0400960445404053
219,-0.9592447280883789
220,-7.385087013244629
221,0.5825550556182861
222,-1.0754718780517578
223,-7.197048187255859
224,4.21041202545166
225,-1.0925731658935547
226,-6.588293075561523
227,1.3661015033721924
228,-1.1346149444580078
229,-6.5038957595825195
230,2.412365674972534
231,-0.16406726837158203
232,-6.937347412109375
233,-1.5994919538497925
234,-0.33393383026123047
235,-5.699793815612793
236,5.070871353149414
237,0.8508577346801758
238,-6.8733930587768555
239,-7.004306793212891
240,0.3134641647338867
241,-2.9220542907714844
242,6.183159828186035
243,1.5208749771118164
244,-6.477105140686035
245,-11.48334789276123
246,0.8552751541137695
247,-0.7695121765136719
248,5.863821983337402
249,1.9003667831420898
250,-6.381731986999512
251,-12.541265487670898
252,1.1873693466186523
253,0.21020889282226562
254,5.943973541259766
255,1.846970558166504
256,-6.267041206359863
257,-12.282113075256348
258,1.0571622848510742
259,0.3653907775878906
260,5.37153434753418
261,1.6494340896606445
262,-6.218729019165039
263,-11.50969123840332
264,1.0010900497436523
265,0.16177749633789062
266,5.578742027282715
267,0.20277881622314453
268,-0.6328086853027344
269,-5.168378829956055
270,-0.0009107589721679688
271,-0.14114761352539062
272,-0.04225301742553711
273,0.18960857391357422
274,4.488676071166992
275,-6.64399528503418
276,-0.005268096923828125
277,4.688840866088867
278,-1.8022475242614746
279,0.7291784286499023
280,9.82929801940918
281,-8.228227615356445
282,0.7308149337768555
283,9.332109451293945
284,-2.9265244007110596
285,1.0735788345336914
286,10.74917984008789
287,-8.45058536529541
288,1.1067132949829102
289,10.329885482788086
290,-3.1187093257904053
291,-0.37326526641845703
292,11.557369232177734
293,-10.959416389465332
294,-0.16939067840576172
295,10.943702697753906
296,-4.895944595336914
297,-1.316584587097168
298,-6.692426681518555
299,1.423433542251587
300,-1.2983779907226562
301,-7.082242965698242
302,1.0896363258361816
303,-1.2652969360351562
304,-7.136692047119141
305,1.088442087173462
306,-1.2298040390014648
307,-7.19254207611084
308,1.0868046283721924
309,-1.337071418762207
310,-7.019199371337891
311,1.8664109706878662
312,-1.333317756652832
313,-7.026966094970703
314,1.8683111667633057
315,-1.3266630172729492
316,-7.037120819091797
317,1.8686001300811768
318,-0.9785404205322266
319,-7.386540412902832
320,0.31099534034729004
321,-1.0798988342285156
322,-7.196269989013672
323,3.9001595973968506
324,-1.0924348831176758
325,-6.589948654174805
326,1.2090625762939453
327,-1.134195327758789
328,-6.504437446594238
329,2.245270013809204
330,-0.17810630798339844
331,-6.958392143249512
332,-1.8962899446487427
333,-0.33473968505859375
334,-5.706830978393555
335,4.907997131347656
336,0.9013566970825195
337,-7.442597389221191
338,-7.2957305908203125
339,0.3285703659057617
340,-2.9251632690429688
341,6.145077705383301
342,1.5846548080444336
343,-6.857236862182617
344,-12.066847801208496
345,0.8552637100219727
346,-0.8006057739257812
347,5.940234184265137
348,1.9883050918579102
349,-6.819942474365234
350,-13.150989532470703
351,1.1813859939575195
352,0.16172218322753906
353,6.071059226989746
354,1.8856611251831055
355,-6.658205032348633
356,-12.849041938781738
357,1.0394048690795898
358,0.19427871704101562
359,5.438004493713379
360,1.7600507736206055
361,-6.629050254821777
362,-12.086112976074219
363,0.9974050521850586
364,0.06900596618652344
365,5.640350341796875
366,0.19740676879882812
367,-0.7393770217895508
368,-5.168539047241211
369,0.0035457611083984375
370,-0.2412548065185547
371,-0.04212188720703125
372,0.1607351303100586
373,4.419261932373047
374,-6.580229759216309
375,-0.027029991149902344
376,4.633693695068359
377,-1.6514943838119507
378,0.7224302291870117
379,9.743965148925781
380,-8.028648376464844
381,0.7223997116088867
382,9.332464218139648
383,-2.5178022384643555
384,1.0736112594604492
385,10.63931655883789
386,-8.224356651306152
387,1.1056032180786133
388,10.324468612670898
389,-2.675477981567383
390,-0.3551673889160156
391,11.55803108215332
392,-10.641175270080566
393,-0.1680316925048828
394,11.004026412963867
395,-4.396913528442383
396,-1.323124885559082
397,-6.704634666442871
398,1.3462834358215332
399,-1.3111066818237305
400,-7.091716766357422
401,1.0447161197662354
402,-1.2780256271362305
403,-7.147818565368652
404,1.043351173400879
405,-1.2421894073486328
406,-7.204715728759766
407,1.0414440631866455
408,-1.3508806228637695
409,-7.024844169616699
410,1.8334300518035889
411,-1.3485116958618164
412,-7.030853271484375
413,1.8363559246063232
414,-1.342635154724121
415,-7.039721488952637
416,1.8369762897491455
417,-0.9998350143432617
418,-7.415644645690918
419,0.27259206771850586
420,-1.1048173904418945
421,-7.199969291687012
422,3.7002837657928467
423,-1.0959224700927734
424,-6.6107378005981445
425,1.1273093223571777
426,-1.1422748565673828
427,-6.519886016845703
428,2.215226888656616
429,-0.18092823028564453
430,-7.005306243896484
431,-1.9546401500701904
432,-0.33747005462646484
433,-5.739306449890137
434,4.82398796081543
435,0.9178152084350586
436,-7.574525833129883
437,-8.108781814575195
438,0.3394012451171875
439,-2.9398136138916016
440,6.299140930175781
441,1.5826749801635742
442,-7.226010322570801
443,-13.126046180725098
444,0.8749856948852539
445,-0.9288406372070312
446,6.518885612487793
447,1.974106788635254
448,-7.174678802490234
449,-14.252643585205078
450,1.2394113540649414
451,0.1719512939453125
452,6.754941940307617
453,1.8864316940307617
454,-7.004405975341797
455,-13.907527923583984
456,1.1110105514526367
457,0.2569389343261719
458,6.12381649017334
459,1.7546148300170898
460,-6.891589164733887
461,-13.131752014160156
462,0.9872522354125977
463,-0.097015380859375
464,6.2373199462890625
465,0.19916439056396484
466,-0.8099193572998047
467,-5.190591335296631
468,0.018370628356933594
469,-0.3401603698730469
470,-0.019988059997558594
471,0.12882232666015625
472,4.406684875488281
473,-6.639336585998535
474,-0.031380653381347656
475,4.599660873413086
476,-1.464047908782959
477,0.6879091262817383
478,9.751504898071289
479,-8.033465385437012
480,0.7088193893432617
481,9.29393196105957
482,-2.207336902618408
483,1.0572824478149414
484,10.600326538085938
485,-8.22027587890625
486,1.0924367904663086
487,10.308130264282227
488,-2.3538904190063477
489,-0.3634519577026367
490,11.632257461547852
491,-10.638660430908203
492,-0.16952133178710938
493,10.997318267822266
494,-4.046952724456787
495,-1.332432746887207
496,-6.705471992492676
497,1.296731948852539
498,-1.3310985565185547
499,-7.091773986816406
500,1.003779411315918
501,-1.297999382019043
502,-7.148271560668945
503,1.0024490356445312
504,-1.261887550354004
505,-7.205722808837891
506,1.0007669925689697
507,-1.3736448287963867
508,-7.023612976074219
509,1.785548448562622
510,-1.3738880157470703
511,-7.029021263122559
512,1.787790060043335
513,-1.370284080505371
514,-7.0367584228515625
515,1.7881529331207275
516,-1.0290584564208984
517,-7.4319915771484375
518,0.41952037811279297
519,-1.149022102355957
520,-7.198835372924805
521,3.990415334701538
522,-1.1045207977294922
523,-6.619864463806152
524,1.124624252319336
525,-1.152191162109375
526,-6.524842262268066
527,2.1864473819732666
528,-0.18204021453857422
529,-7.0467939376831055
530,-1.7392685413360596
531,-0.3654909133911133
532,-5.750035285949707
533,5.055353164672852
534,0.9181375503540039
535,-7.69947624206543
536,-8.053420066833496
537,0.32313060760498047
538,-2.9601802825927734
539,6.747511863708496
540,1.5834569931030273
541,-7.558254241943359
542,-12.255574226379395
543,0.8518476486206055
544,-1.029611587524414
545,6.862945556640625
546,1.983302116394043
547,-7.506146430969238
548,-13.332505226135254
549,1.2211790084838867
550,0.14592361450195312
551,7.040369987487793
552,1.8831148147583008
553,-7.349478721618652
554,-13.041654586791992
555,1.0998296737670898
556,0.24631118774414062
557,6.412092208862305
558,1.7526121139526367
559,-7.299369812011719
560,-12.263041496276855
561,0.9630594253540039
562,-0.46167850494384766
563,6.575800895690918
564,0.23774337768554688
565,-0.8587265014648438
566,-5.1941423416137695
567,0.03471088409423828
568,-0.41050243377685547
569,-0.01646566390991211
570,0.12729930877685547
571,4.309469223022461
572,-6.971709251403809
573,-0.06477928161621094
574,4.4103546142578125
575,-2.022606134414673
576,0.659693717956543
577,9.73114013671875
578,-8.947216033935547
579,0.6894140243530273
580,9.09809684753418
581,-3.2355222702026367
582,1.050999641418457
583,10.49755859375
584,-9.202086448669434
585,1.0764589309692383
586,10.237869262695312
587,-3.435532569885254
588,-0.3652029037475586
589,11.705022811889648
590,-11.662116050720215
591,-0.17583179473876953
592,10.960317611694336
593,-5.149415493011475
594,-1.3790454864501953
595,-6.698038101196289
596,1.1485357284545898
597,-1.3853378295898438
598,-7.082531929016113
599,0.8436636924743652
600,-1.3553571701049805
601,-7.140729904174805
602,0.8424372673034668
603,-1.3214788436889648
604,-7.199676513671875
605,0.8407418727874756
606,-1.4206933975219727
607,-7.010684967041016
608,1.6922972202301025
609,-1.4194908142089844
610,-7.016622543334961
611,1.6936910152435303
612,-1.4141044616699219
613,-7.024057388305664
614,1.6932957172393799
615,-1.0945014953613281
616,-7.436896324157715
617,0.19297218322753906
618,-1.199152946472168
619,-7.197759628295898
620,3.801234006881714
621,-1.1400375366210938
622,-6.619790077209473
623,0.943016529083252
624,-1.1807365417480469
625,-6.524542808532715
626,2.096942186355591
627,-0.19717884063720703
628,-7.103754997253418
629,-1.745273232460022
630,-0.3896503448486328
631,-5.843598365783691
632,5.036608695983887
633,0.9084386825561523
634,-7.843986511230469
635,-8.16867733001709
636,0.31756591796875
637,-3.1772890090942383
638,6.737661361694336
639,1.5772771835327148
640,-7.824858665466309
641,-12.827874183654785
642,0.8509531021118164
643,-1.3753957748413086
644,7.31362247467041
645,1.9734411239624023
646,-7.843338966369629
647,-13.91818618774414
648,1.1669721603393555
649,-0.4118165969848633
650,7.588588714599609
651,1.8683080673217773
652,-7.625910758972168
653,-13.599174499511719
654,1.1195440292358398
655,0.08430671691894531
656,6.963353157043457
657,1.7347116470336914
658,-7.592090606689453
659,-12.842164039611816
660,0.9616250991821289
661,-0.7853841781616211
662,7.041733741760254
663,0.2708473205566406
664,-0.9088640213012695
665,-5.198211669921875
666,0.06916332244873047
667,-0.527338981628418
668,-0.012181997299194336
669,0.12749385833740234
670,4.186822891235352
671,-6.915703773498535
672,-0.07742500305175781
673,4.261474609375
674,-1.8485645055770874
675,0.5623655319213867
676,9.658788681030273
677,-8.588839530944824
678,0.6440706253051758
679,8.963558197021484
680,-2.7677392959594727
681,0.970759391784668
682,10.402538299560547
683,-8.806087493896484
684,1.0403013229370117
685,10.033361434936523
686,-2.933130979537964
687,-0.4511995315551758
688,11.718156814575195
689,-11.21871566772461
690,-0.17992305755615234
691,10.886960983276367
692,-4.6148834228515625
693,-1.4261608123779297
694,-6.692826271057129
695,1.1290266513824463
696,-1.438425064086914
697,-7.07271671295166
698,0.8063247203826904
699,-1.410348892211914
700,-7.132535934448242
701,0.8050985336303711
702,-1.3776912689208984
703,-7.193093299865723
704,0.803424596786499
705,-1.4735021591186523
706,-6.997567176818848
707,1.6433002948760986
708,-1.4711742401123047
709,-7.004702568054199
710,1.6449859142303467
711,-1.4601669311523438
712,-7.014397621154785
713,1.6447246074676514
714,-1.153183937072754
715,-7.440025329589844
716,0.11536431312561035
717,-1.2459888458251953
718,-7.197705268859863
719,3.797156572341919
720,-1.1782636642456055
721,-6.620399475097656
722,0.9185283184051514
723,-1.2150850296020508
724,-6.524805068969727
725,2.0468366146087646
726,-0.2313070297241211
727,-7.159459114074707
728,-1.8689038753509521
729,-0.4112415313720703
730,-5.921070098876953
731,4.966851234436035
732,0.8017435073852539
733,-7.8916521072387695
734,-8.202173233032227
735,0.31542015075683594
736,-3.301154136657715
737,6.819670677185059
738,1.5726289749145508
739,-8.061013221740723
740,-13.027957916259766
741,0.8583288192749023
742,-1.408198356628418
743,7.261318206787109
744,1.9655065536499023
745,-8.131254196166992
746,-14.166247367858887
747,1.1646490097045898
748,-0.7301826477050781
749,7.570407867431641
750,1.8570928573608398
751,-7.9449052810668945
752,-13.79909610748291
753,1.2642602920532227
754,0.04706764221191406
755,6.932636260986328
756,1.7220239639282227
757,-7.833609580993652
758,-13.03011417388916
759,0.9707098007202148
760,-0.9530715942382812
761,6.984316825866699
762,0.30994319915771484
763,-0.9888477325439453
764,-5.225005149841309
765,0.1385021209716797
766,-0.6098423004150391
767,0.01547551155090332
768,0.12162494659423828
769,4.038414001464844
770,-6.850970268249512
771,-0.08524417877197266
772,4.13884162902832
773,-1.738023042678833
774,0.49712657928466797
775,9.513786315917969
776,-8.331295013427734
777,0.5572404861450195
778,8.889839172363281
779,-2.579054832458496
780,0.911433219909668
781,10.21385383605957
782,-8.532732009887695
783,0.9485273361206055
784,9.949464797973633
785,-2.735785961151123
786,-0.4978790283203125
787,11.719743728637695
788,-10.918997764587402
789,-0.23201656341552734
790,10.88613510131836
791,-4.4778242111206055
792,-1.4373645782470703
793,-6.6762800216674805
794,0.6024777889251709
795,-1.460845947265625
796,-7.053079605102539
797,0.3171567916870117
798,-1.4297065734863281
799,-7.119056701660156
800,0.3156471252441406
801,-1.3944883346557617
802,-7.1848955154418945
803,0.3138878345489502
804,-1.5044593811035156
805,-6.963314056396484
806,1.1144518852233887
807,-1.5064268112182617
808,-6.967770576477051
809,1.1155622005462646
810,-1.501694679260254
811,-6.973799705505371
812,1.1150755882263184
813,-1.1755342483520508
814,-7.443338394165039
815,-0.06790947914123535
816,-1.3023977279663086
817,-7.177519798278809
818,3.614194631576538
819,-1.1857976913452148
820,-6.620061874389648
821,0.5079917907714844
822,-1.2350101470947266
823,-6.520448684692383
824,1.5881669521331787
825,-0.23056983947753906
826,-7.226546287536621
827,-1.9623286724090576
828,-0.5329046249389648
829,-5.991717338562012
830,4.877652168273926
831,0.7909612655639648
832,-8.034238815307617
833,-8.187567710876465
834,0.2958955764770508
835,-3.4290809631347656
836,6.702152252197266
837,1.570988655090332
838,-8.258337020874023
839,-12.953913688659668
840,0.8569917678833008
841,-1.442784309387207
842,7.105075836181641
843,1.9612054824829102
844,-8.3508939743042
845,-14.10580062866211
846,1.1146841049194336
847,-0.8661022186279297
848,7.388378143310547
849,1.827427864074707
850,-8.174666404724121
851,-13.755520820617676
852,1.2648820877075195
853,-0.07370567321777344
854,6.712037086486816
855,1.7105989456176758
856,-8.042600631713867
857,-12.9658784866333
858,1.0842409133911133
859,-0.8951358795166016
860,6.817861557006836
861,0.3999338150024414
862,-1.089151382446289
863,-5.224905967712402
864,0.17156505584716797
865,-0.7018585205078125
866,0.01541590690612793
867,0.104705810546875
868,3.848052978515625
869,-6.932041168212891
870,-0.1352710723876953
871,3.9693336486816406
872,-1.9702950716018677
873,0.4180479049682617
874,9.354949951171875
875,-8.373135566711426
876,0.5155668258666992
877,8.741609573364258
878,-2.7873764038085938
879,0.8091974258422852
880,10.067174911499023
881,-8.565698623657227
882,0.889561653137207
883,9.763284683227539
884,-2.9379429817199707
885,-0.5279541015625
886,11.690864562988281
887,-10.920604705810547
888,-0.34479236602783203
889,10.615653991699219
890,-4.733283996582031
891,-1.455728530883789
892,-6.637578010559082
893,-0.14217805862426758
894,-1.49365234375
895,-7.002739906311035
896,-0.4262866973876953
897,-1.4616374969482422
898,-7.075560569763184
899,-0.42822718620300293
900,-1.4266462326049805
901,-7.145425796508789
902,-0.43019843101501465
903,-1.5432043075561523
904,-6.9040985107421875
905,0.34432220458984375
906,-1.548781394958496
907,-6.906108856201172
908,0.3454711437225342
909,-1.5488767623901367
910,-6.908988952636719
911,0.34477782249450684
912,-1.2184906005859375
913,-7.436614036560059
914,-0.7450947761535645
915,-1.3633460998535156
916,-7.131519317626953
917,2.8472511768341064
918,-1.2035284042358398
919,-6.603960990905762
920,-0.20010781288146973
921,-1.2597484588623047
922,-6.500700950622559
923,0.839362382888794
924,-0.23884201049804688
925,-7.276791572570801
926,-2.519207000732422
927,-0.6313314437866211
928,-6.021611213684082
929,4.375030517578125
930,0.7527437210083008
931,-8.14646053314209
932,-8.518715858459473
933,0.2872648239135742
934,-3.4915828704833984
935,6.551145553588867
936,1.5787935256958008
937,-8.48013973236084
938,-13.350188255310059
939,0.8569936752319336
940,-1.5031099319458008
941,6.943277359008789
942,1.9598989486694336
943,-8.547662734985352
944,-14.549956321716309
945,1.091486930847168
946,-0.9960927963256836
947,7.256752967834473
948,1.8335294723510742
949,-8.358437538146973
950,-14.208131790161133
951,1.2666521072387695
952,-0.24561691284179688
953,6.513248443603516
954,1.7021875381469727
955,-8.207372665405273
956,-13.36127758026123
957,1.1477231979370117
958,-0.8410987854003906
959,6.637267112731934
960,0.4945554733276367
961,-1.2090778350830078
962,-5.2249298095703125
963,0.21907901763916016
964,-0.8129549026489258
965,0.015536308288574219
966,0.1046133041381836
967,3.7252120971679688
968,-6.895124435424805
969,-0.12370777130126953
970,3.798473358154297
971,-1.9651424884796143
972,0.34604740142822266
973,9.242950439453125
974,-8.252307891845703
975,0.5017614364624023
976,8.673734664916992
977,-2.6898953914642334
978,0.7230634689331055
979,9.936817169189453
980,-8.444695472717285
981,0.8562135696411133
982,9.61203384399414
983,-2.8342859745025635
984,-0.5428848266601562
985,11.571565628051758
986,-10.823064804077148
987,-0.3634071350097656
988,10.342422485351562
989,-4.70631217956543
990,-1.485154151916504
991,-6.506760597229004
992,0.02387261390686035
993,-1.5428056716918945
994,-6.853106498718262
995,-0.25761985778808594
996,-1.5114212036132812
997,-6.929018020629883
998,-0.25937533378601074
999,-1.477259635925293
1000,-7.003448486328125
1001,-0.26144886016845703
1002,-1.5927371978759766
1003,-6.755434989929199
1004,0.5023674964904785
1005,-1.5995855331420898
1006,-6.761537551879883
1007,0.5035665035247803
1008,-1.601750373840332
1009,-6.7692766189575195
1010,0.5031325817108154
1011,-1.275930404663086
1012,-7.349056243896484
1013,-0.6902648210525513
1014,-1.4279489517211914
1015,-7.025331497192383
1016,2.927042245864868
1017,-1.2361383438110352
1018,-6.522829055786133
1019,-0.0241086483001709
1020,-1.2990856170654297
1021,-6.421551704406738
1022,1.0004658699035645
1023,-0.25311851501464844
1024,-7.3313493728637695
1025,-2.289245128631592
1026,-0.7309150695800781
1027,-6.029184341430664
1028,4.426972389221191
1029,0.7475957870483398
1030,-8.322917938232422
1031,-8.120847702026367
1032,0.2501392364501953
1033,-3.577383041381836
1034,6.902070045471191
1035,1.5760183334350586
1036,-8.662389755249023
1037,-12.92039966583252
1038,0.8350954055786133
1039,-1.7363262176513672
1040,7.458135604858398
1041,1.9555883407592773
1042,-8.705531120300293
1043,-14.212489128112793
1044,1.114365577697754
1045,-1.0005760192871094
1046,7.733462333679199
1047,1.8320837020874023
1048,-8.50399112701416
1049,-13.955636024475098
1050,1.2515134811401367
1051,-0.6074657440185547
1052,6.980446815490723
1053,1.7096776962280273
1054,-8.447488784790039
1055,-13.006935119628906
1056,1.1302251815795898
1057,-0.9704189300537109
1058,7.144329071044922
1059,0.6229619979858398
1060,-1.294677734375
1061,-5.22035026550293
1062,0.2347269058227539
1063,-0.9106254577636719
1064,0.011669635772705078
1065,0.12666797637939453
1066,3.6726913452148438
1067,-7.120119094848633
1068,-0.1329183578491211
1069,3.6708106994628906
1070,-2.3967700004577637
1071,0.3453989028930664
1072,9.23771858215332
1073,-8.564081192016602
1074,0.4613656997680664
1075,8.478239059448242
1076,-3.1221156120300293
1077,0.736515998840332
1078,9.910270690917969
1079,-8.76526927947998
1080,0.8290853500366211
1081,9.51014518737793
1082,-3.2751903533935547
1083,-0.5773639678955078
1084,11.552091598510742
1085,-11.257161140441895
1086,-0.3988676071166992
1087,10.173135757446289
1088,-5.250942230224609
1089,-1.5187368392944336
1090,-6.357529640197754
1091,-0.12404084205627441
1092,-1.587071418762207
1093,-6.701613426208496
1094,-0.38013243675231934
1095,-1.556650161743164
1096,-6.779949188232422
1097,-0.38192129135131836
1098,-1.520787239074707
1099,-6.859439849853516
1100,-0.3842175006866455
1101,-1.6384286880493164
1102,-6.605627059936523
1103,0.37297558784484863
1104,-1.6472454071044922
1105,-6.615309715270996
1106,0.3738248348236084
1107,-1.6516571044921875
1108,-6.6250152587890625
1109,0.3730592727661133
1110,-1.328383445739746
1111,-7.228238105773926
1112,-0.6444311141967773
1113,-1.490957260131836
1114,-6.894378662109375
1115,2.918736696243286
1116,-1.276515007019043
1117,-6.4099531173706055
1118,-0.11194705963134766
1119,-1.3442363739013672
1120,-6.308744430541992
1121,0.9003207683563232
1122,-0.2766580581665039
1123,-7.355042457580566
1124,-2.262603521347046
1125,-0.8133573532104492
1126,-6.023956298828125
1127,4.443936347961426
1128,0.7370710372924805
1129,-8.413605690002441
1130,-8.091196060180664
1131,0.1858358383178711
1132,-3.8946352005004883
1133,7.413793563842773
1134,1.5819368362426758
1135,-8.836812973022461
1136,-12.600237846374512
1137,0.7765092849731445
1138,-2.07681941986084
1139,8.54243278503418
1140,1.9529390335083008
1141,-8.922737121582031
1142,-13.81925106048584
1143,1.062943458557129
1144,-1.379953384399414
1145,8.902914047241211
1146,1.837998390197754
1147,-8.730886459350586
1148,-13.529183387756348
1149,1.1850347518920898
1150,-1.0221223831176758
1151,8.204870223999023
1152,1.703801155090332
1153,-8.604024887084961
1154,-12.644506454467773
1155,1.1086854934692383
1156,-1.2605352401733398
1157,8.261608123779297
1158,0.7524328231811523
1159,-1.3145160675048828
1160,-5.179996013641357
1161,0.24271106719970703
1162,-0.9385471343994141
1163,-0.026833057403564453
1164,0.14755725860595703
1165,3.6290130615234375
1166,-7.324193000793457
1167,-0.14949607849121094
1168,3.6495304107666016
1169,-3.129983425140381
1170,0.31522178649902344
1171,9.279609680175781
1172,-9.04831314086914
1173,0.45769214630126953
1174,8.497201919555664
1175,-3.9323222637176514
1176,0.7302846908569336
1177,9.971839904785156
1178,-9.270554542541504
1179,0.8297910690307617
1180,9.510498046875
1181,-4.0891194343566895
1182,-0.6005840301513672
1183,11.54661750793457
1184,-11.794875144958496
1185,-0.3860349655151367
1186,10.032062530517578
1187,-6.111191749572754
1188,-1.5617618560791016
1189,-6.200117111206055
1190,-0.4168276786804199
1191,-1.6368589401245117
1192,-6.528494834899902
1193,-0.6221450567245483
1194,-1.607161521911621
1195,-6.607451438903809
1196,-0.6239141225814819
1197,-1.5700273513793945
1198,-6.69099235534668
1199,-0.6263209581375122
1200,-1.6905345916748047
1201,-6.43431282043457
1202,0.0949866771697998
1203,-1.7017927169799805
1204,-6.445624351501465
1205,0.09565424919128418
1206,-1.7092170715332031
1207,-6.457859992980957
1208,0.0947427749633789
1209,-1.378988265991211
1210,-7.100017547607422
1211,-0.6393239498138428
1212,-1.5553951263427734
1213,-6.740117073059082
1214,2.7737414836883545
1215,-1.3230199813842773
1216,-6.281351089477539
1217,-0.3156254291534424
1218,-1.3967571258544922
1219,-6.178240776062012
1220,0.6512267589569092
1221,-0.2840394973754883
1222,-7.357814788818359
1223,-2.140536069869995
1224,-0.9155435562133789
1225,-6.018272399902344
1226,4.408143043518066
1227,0.7490663528442383
1228,-8.519571304321289
1229,-7.701023101806641
1230,0.09650516510009766
1231,-3.9501867294311523
1232,7.362126350402832
1233,1.6126737594604492
1234,-8.981367111206055
1235,-12.519915580749512
1236,0.7665033340454102
1237,-1.9786014556884766
1238,8.678409576416016
1239,1.9717721939086914
1240,-9.074234008789062
1241,-13.720922470092773
1242,1.0214776992797852
1243,-1.3517646789550781
1244,9.023799896240234
1245,1.909276008605957
1246,-8.95111083984375
1247,-13.339306831359863
1248,1.109663963317871
1249,-1.1071643829345703
1250,8.3233642578125
1251,1.7847566604614258
1252,-8.850293159484863
1253,-12.555505752563477
1254,1.0679864883422852
1255,-1.3261537551879883
1256,8.394096374511719
1257,0.8840093612670898
1258,-1.3247108459472656
1259,-5.100048065185547
1260,0.2521181106567383
1261,-0.9445762634277344
1262,-0.10498809814453125
1263,0.18268489837646484
1264,3.554574966430664
1265,-7.853320121765137
1266,-0.140106201171875
1267,3.666515350341797
1268,-3.715244770050049
1269,0.33451080322265625
1270,9.315971374511719
1271,-9.885269165039062
1272,0.43663692474365234
1273,8.557519912719727
1274,-5.021620750427246
1275,0.7374067306518555
1276,10.02345085144043
1277,-10.143050193786621
1278,0.8131208419799805
1279,9.54399299621582
1280,-5.240789890289307
1281,-0.5991268157958984
1282,11.547422409057617
1283,-12.908683776855469
1284,-0.45224571228027344
1285,10.336601257324219
1286,-7.493067741394043
1287,-1.6149559020996094
1288,-5.939970970153809
1289,-0.5628519058227539
1290,-1.690760612487793
1291,-6.264044761657715
1292,-0.8280941247940063
1293,-1.665304183959961
1294,-6.343716621398926
1295,-0.8299543857574463
1296,-1.6342592239379883
1297,-6.42497444152832
1298,-0.8322716951370239
1299,-1.740666389465332
1300,-6.179771423339844
1301,-0.08794045448303223
1302,-1.75079345703125
1303,-6.2006120681762695
1304,-0.08740711212158203
1305,-1.7582340240478516
1306,-6.221695899963379
1307,-0.08871316909790039
1308,-1.4519710540771484
1309,-6.867277145385742
1310,-1.0062321424484253
1311,-1.6106538772583008
1312,-6.521361351013184
1313,2.426060914993286
1314,-1.380558967590332
1315,-6.061296463012695
1316,-0.5421624183654785
1317,-1.4438753128051758
1318,-5.971258163452148
1319,0.4477415084838867
1320,-0.32279300689697266
1321,-7.348550796508789
1322,-2.3936240673065186
1323,-0.963191032409668
1324,-5.999968528747559
1325,4.18718147277832
1326,0.743403434753418
1327,-8.52137279510498
1328,-7.721148490905762
1329,0.10131168365478516
1330,-3.9674816131591797
1331,7.331874847412109
1332,1.650446891784668
1333,-9.14022445678711
1334,-12.36169719696045
1335,0.7548666000366211
1336,-2.3229551315307617
1337,8.96871280670166
1338,2.0410776138305664
1339,-9.315597534179688
1340,-13.523951530456543
1341,0.9789743423461914
1342,-1.8660011291503906
1343,9.386683464050293
1344,2.010003089904785
1345,-9.197455406188965
1346,-13.171195030212402
1347,1.040349006652832
1348,-1.7232666015625
1349,8.70854663848877
1350,1.8890275955200195
1351,-9.061750411987305
1352,-12.379142761230469
1353,1.019597053527832
1354,-1.8878393173217773
1355,8.702712059020996
1356,0.9563455581665039
1357,-1.3065061569213867
1358,-5.090035438537598
1359,0.3048543930053711
1360,-0.9257650375366211
1361,-0.11481380462646484
1362,0.2035541534423828
1363,3.5782699584960938
1364,-7.759172439575195
1365,-0.1329517364501953
1366,3.6449241638183594
1367,-3.6870062351226807
1368,0.3351631164550781
1369,9.342126846313477
1370,-9.803997993469238
1371,0.4406595230102539
1372,8.596611022949219
1373,-4.773505687713623
1374,0.7298154830932617
1375,10.025550842285156
1376,-10.06246280670166
1377,0.8195791244506836
1378,9.559383392333984
1379,-4.964641571044922
1380,-0.6181583404541016
1381,11.548280715942383
1382,-12.785573959350586
1383,-0.4376506805419922
1384,10.348344802856445
1385,-7.131928443908691
1386,-1.6628589630126953
1387,-5.692075729370117
1388,-0.5407183170318604
1389,-1.7477474212646484
1390,-6.016092300415039
1391,-0.769417405128479
1392,-1.7220220565795898
1393,-6.101325988769531
1394,-0.771120548248291
1395,-1.7024459838867188
1396,-6.211441993713379
1397,-0.7731688022613525
1398,-1.788125991821289
1399,-5.941727638244629
1400,-0.0460662841796875
1401,-1.7980566024780273
1402,-5.965940475463867
1403,-0.04575181007385254
1404,-1.8055944442749023
1405,-5.990459442138672
1406,-0.046994686126708984
1407,-1.5245494842529297
1408,-6.640659332275391
1409,-0.9239002466201782
1410,-1.6706485748291016
1411,-6.289817810058594
1412,2.4292027950286865
1413,-1.4454145431518555
1414,-5.811081886291504
1415,-0.5163829326629639
1416,-1.4986486434936523
1417,-5.726410865783691
1418,0.44650959968566895
1419,-0.3766756057739258
1420,-7.235843658447266
1421,-2.351565361022949
1422,-1.0294036865234375
1423,-5.731479644775391
1424,4.134769439697266
1425,0.775090217590332
1426,-8.885091781616211
1427,-7.313188552856445
1428,0.0711050033569336
1429,-3.9052371978759766
1430,7.32133674621582
1431,1.753462791442871
1432,-9.443765640258789
1433,-11.801339149475098
1434,0.7536840438842773
1435,-2.295596122741699
1436,9.002889633178711
1437,2.1266260147094727
1438,-9.702181816101074
1439,-12.906834602355957
1440,0.9696321487426758
1441,-1.8700504302978516
1442,9.408350944519043
1443,2.1251726150512695
1444,-9.570297241210938
1445,-12.802998542785645
1446,1.0249853134155273
1447,-1.7375659942626953
1448,8.762645721435547
1449,2.023360252380371
1450,-9.422122955322266
1451,-11.921826362609863
1452,1.010117530822754
1453,-1.9057044982910156
1454,8.750633239746094
1455,0.9782915115356445
1456,-1.2667226791381836
1457,-5.012846946716309
1458,0.3497171401977539
1459,-0.8840484619140625
1460,-0.1920149326324463
1461,0.22365665435791016
1462,3.643156051635742
1463,-7.917469024658203
1464,-0.1264181137084961
1465,3.709230422973633
1466,-3.910942554473877
1467,0.3522768020629883
1468,9.459945678710938
1469,-10.114748001098633
1470,0.4512166976928711
1471,8.603023529052734
1472,-5.2161359786987305
1473,0.744074821472168
1474,10.139169692993164
1475,-10.39791202545166
1476,0.828038215637207
1477,9.587379455566406
1478,-5.438836574554443
1479,-0.6329584121704102
1480,11.530900955200195
1481,-13.2732515335083
1482,-0.42561817169189453
1483,10.357086181640625
1484,-7.728331565856934
1485,-1.724564552307129
1486,-5.4408063888549805
1487,-1.2537932395935059
1488,-1.823246955871582
1489,-5.751062393188477
1490,-1.5045533180236816
1491,-1.8062620162963867
1492,-5.858441352844238
1493,-1.5062021017074585
1494,-1.7865428924560547
1495,-5.943271636962891
1496,-1.5081337690353394
1497,-1.8566646575927734
1498,-5.683801651000977
1499,-0.7860078811645508
1500,-1.8658246994018555
1501,-5.709074020385742
1502,-0.7856217622756958
1503,-1.872283935546875
1504,-5.733936309814453
1505,-0.7873104810714722
1506,-1.6105127334594727
1507,-6.361639022827148
1508,-1.7239198684692383
1509,-1.7415380477905273
1510,-6.048679351806641
1511,1.5944111347198486
1512,-1.5124454498291016
1513,-5.553915023803711
1514,-1.2556648254394531
1515,-1.5555877685546875
1516,-5.4757795333862305
1517,-0.2970399856567383
1518,-0.42412853240966797
1519,-7.04780387878418
1520,-2.8205878734588623
1521,-1.0420150756835938
1522,-5.542584419250488
1523,3.273564577102661
1524,0.7632894515991211
1525,-8.689332962036133
1526,-7.339282035827637
1527,0.0820016860961914
1528,-3.9398107528686523
1529,6.14337158203125
1530,1.8051939010620117
1531,-9.482179641723633
1532,-11.459407806396484
1533,0.8309030532836914
1534,-2.441272735595703
1535,6.797397613525391
1536,2.214339256286621
1537,-9.776226043701172
1538,-12.551753044128418
1539,1.2522153854370117
1540,-2.130666732788086
1541,7.022913932800293
1542,2.2416391372680664
1543,-9.674196243286133
1544,-12.472631454467773
1545,1.2719354629516602
1546,-2.0225868225097656
1547,6.273279190063477
1548,2.1133813858032227
1549,-9.493932723999023
1550,-11.577492713928223
1551,1.2306108474731445
1552,-2.168882369995117
1553,6.494629859924316
1554,1.0457239151000977
1555,-1.26123046875
1556,-4.995351791381836
1557,0.4242277145385742
1558,-0.8791522979736328
1559,-0.2100536823272705
1560,0.23570919036865234
1561,3.681428909301758
1562,-7.6229963302612305
1563,-0.06283187866210938
1564,3.7588424682617188
1565,-3.510594367980957
1566,0.3617887496948242
1567,9.473623275756836
1568,-9.448216438293457
1569,0.45772266387939453
1570,8.625478744506836
1571,-4.439478874206543
1572,0.749964714050293
1573,10.17997932434082
1574,-9.680999755859375
1575,0.8298368453979492
1576,9.613006591796875
1577,-4.61741828918457
1578,-0.6303482055664062
1579,11.532039642333984
1580,-12.31605052947998
1581,-0.4230794906616211
1582,10.627796173095703
1583,-6.849916458129883
1584,-1.7880916595458984
1585,-5.129884719848633
1586,-1.2457146644592285
1587,-1.8928289413452148
1588,-5.430523872375488
1589,-1.5365636348724365
1590,-1.8774089813232422
1591,-5.514492988586426
1592,-1.5379494428634644
1593,-1.858841896057129
1594,-5.620237350463867
1595,-1.5396599769592285
1596,-1.9247064590454102
1597,-5.365626335144043
1598,-0.8101181983947754
1599,-1.9330120086669922
1600,-5.392298698425293
1601,-0.8094793558120728
1602,-1.9384870529174805
1603,-5.420117378234863
1604,-0.8112674951553345
1605,-1.6772422790527344
1606,-6.071109771728516
1607,-2.0068774223327637
1608,-1.8013715744018555
1609,-5.776248931884766
1610,1.3151483535766602
1611,-1.5723705291748047
1612,-5.254656791687012
1613,-1.3447589874267578
1614,-1.6077337265014648
1615,-5.177978515625
1616,-0.3833935260772705
1617,-0.4638185501098633
1618,-6.805632591247559
1619,-3.1366496086120605
1620,-1.0589561462402344
1621,-5.318358421325684
1622,2.8066952228546143
1623,0.7709665298461914
1624,-8.544888496398926
1625,-7.12864875793457
1626,0.08984661102294922
1627,-3.9193077087402344
1628,5.1598052978515625
1629,1.885605812072754
1630,-9.503692626953125
1631,-10.78427791595459
1632,1.0349721908569336
1633,-2.7779111862182617
1634,5.3486127853393555
1635,2.2975587844848633
1636,-9.8280611038208
1637,-11.864163398742676
1638,1.6215181350708008
1639,-2.854853630065918
1640,5.545757293701172
1641,2.3339147567749023
1642,-9.760292053222656
1643,-11.744105339050293
1644,1.6067228317260742
1645,-2.785271644592285
1646,4.840909957885742
1647,2.2112302780151367
1648,-9.56968879699707
1649,-10.869321823120117
1650,1.5275049209594727
1651,-2.871304512023926
1652,5.05989933013916
1653,1.0988397598266602
1654,-1.1897640228271484
1655,-4.976500511169434
1656,0.4804258346557617
1657,-0.8057165145874023
1658,-0.22983717918395996
1659,0.25722503662109375
1660,3.8886451721191406
1661,-7.457859992980957
1662,-0.014646530151367188
1663,3.7876358032226562
1664,-3.1852874755859375
1665,0.3705167770385742
1666,9.574241638183594
1667,-9.342012405395508
1668,0.46149539947509766
1669,8.649730682373047
1670,-4.033987998962402
1671,0.7554788589477539
1672,10.334421157836914
1673,-9.631564140319824
1674,0.8250341415405273
1675,9.630332946777344
1676,-4.145345211029053
1677,-0.6276426315307617
1678,11.557523727416992
1679,-12.23393726348877
1680,-0.4182853698730469
1681,10.719491958618164
1682,-6.534656524658203
1683,-1.9448280334472656
1684,-4.813730239868164
1685,-1.4376507997512817
1686,-2.061145782470703
1687,-5.156179428100586
1688,-1.7738474607467651
1689,-2.048455238342285
1690,-5.229406356811523
1691,-1.7749457359313965
1692,-2.027019500732422
1693,-5.320731163024902
1694,-1.7762641906738281
1695,-2.0833864212036133
1696,-5.109779357910156
1697,-1.014260172843933
1698,-2.084897041320801
1699,-5.146658897399902
1700,-1.013689398765564
1701,-2.0847673416137695
1702,-5.186745643615723
1703,-1.0153992176055908
1704,-1.8425207138061523
1705,-5.810094833374023
1706,-2.5266709327697754
1707,-1.902419090270996
1708,-5.588556289672852
1709,0.9367411136627197
1710,-1.7056245803833008
1711,-4.905600547790527
1712,-1.6467032432556152
1713,-1.7271537780761719
1714,-4.848057746887207
1715,-0.6448439359664917
1716,-0.5395135879516602
1717,-6.497282981872559
1718,-3.6047134399414062
1719,-1.1002979278564453
1720,-5.132749557495117
1721,2.27083420753479
1722,0.7688188552856445
1723,-8.443487167358398
1724,-7.093437194824219
1725,0.10825347900390625
1726,-3.9936132431030273
1727,4.280569076538086
1728,1.9497480392456055
1729,-9.470413208007812
1730,-9.937210083007812
1731,1.3592538833618164
1732,-3.381363868713379
1733,4.152011871337891
1734,2.3425302505493164
1735,-9.86734390258789
1736,-10.946331977844238
1737,1.7712221145629883
1738,-3.2971343994140625
1739,4.254635810852051
1740,2.39009952545166
1741,-9.815435409545898
1742,-10.841808319091797
1743,1.7503595352172852
1744,-3.2270774841308594
1745,3.587721109390259
1746,2.278428077697754
1747,-9.626762390136719
1748,-10.01633071899414
1749,1.6599130630493164
1750,-3.2802553176879883
1751,3.8563320636749268
1752,1.1374635696411133
1753,-1.0328445434570312
1754,-4.93243408203125
1755,0.5575056076049805
1756,-0.6226902008056641
1757,-0.27433037757873535
1758,0.3210563659667969
1759,4.090700149536133
1760,-7.376677513122559
1761,0.0859060287475586
1762,3.9580116271972656
1763,-3.070361614227295
1764,0.38069629669189453
1765,9.734554290771484
1766,-8.842851638793945
1767,0.4631681442260742
1768,8.956151962280273
1769,-3.9798474311828613
1770,0.7602205276489258
1771,10.565765380859375
1772,-9.102084159851074
1773,0.8103475570678711
1774,9.831192016601562
1775,-4.141507148742676
1776,-0.6238784790039062
1777,11.557308197021484
1778,-11.627291679382324
1779,-0.44815826416015625
1780,10.938018798828125
1781,-6.3017897605896
1782,-2.0627613067626953
1783,-4.550739288330078
1784,-1.62723708152771
1785,-2.180790901184082
1786,-4.898319244384766
1787,-1.9493719339370728
1788,-2.168196678161621
1789,-4.956978797912598
1790,-1.9501705169677734
1791,-2.144651412963867
1792,-5.036003112792969
1793,-1.9510219097137451
1794,-2.1998777389526367
1795,-4.866907119750977
1796,-1.1875908374786377
1797,-2.1982593536376953
1798,-4.901247978210449
1799,-1.1874406337738037
1800,-2.196408271789551
1801,-4.939549446105957
1802,-1.1890724897384644
1803,-1.9509496688842773
1804,-5.504246711730957
1805,-2.6935315132141113
1806,-1.9955673217773438
1807,-5.351367950439453
1808,0.7763717174530029
1809,-1.8189773559570312
1810,-4.627565383911133
1811,-1.8464243412017822
1812,-1.8325681686401367
1813,-4.576394081115723
1814,-0.8407493829727173
1815,-0.6564617156982422
1816,-6.110809326171875
1817,-3.6409783363342285
1818,-1.126173973083496
1819,-4.832313537597656
1820,2.0703656673431396
1821,0.7699766159057617
1822,-8.335630416870117
1823,-6.649426460266113
1824,0.11232662200927734
1825,-3.9595184326171875
1826,4.16887092590332
1827,1.965773582458496
1828,-9.368577003479004
1829,-8.86748218536377
1830,1.3571195602416992
1831,-3.292202949523926
1832,3.928903341293335
1833,2.372870445251465
1834,-9.753478050231934
1835,-9.803878784179688
1836,1.6436338424682617
1837,-3.0319395065307617
1838,3.998883008956909
1839,2.418595314025879
1840,-9.767797470092773
1841,-9.788032531738281
1842,1.6938467025756836
1843,-3.0428199768066406
1844,3.2947332859039307
1845,2.3052892684936523
1846,-9.570762634277344
1847,-8.969499588012695
1848,1.6119375228881836
1849,-3.1112165451049805
1850,3.6165053844451904
1851,1.1834211349487305
1852,-0.8141536712646484
1853,-4.907402038574219
1854,0.6196737289428711
1855,-0.35977840423583984
1856,-0.2997736930847168
1857,0.3832254409790039
1858,4.2118682861328125
1859,-7.586871147155762
1860,0.11116313934326172
1861,4.117755889892578
1862,-3.471059560775757
1863,0.38880062103271484
1864,9.850353240966797
1865,-9.23620319366455
1866,0.46215152740478516
1867,9.147235870361328
1868,-4.767293930053711
1869,0.7679586410522461
1870,10.745536804199219
1871,-9.505071640014648
1872,0.8158750534057617
1873,10.102100372314453
1874,-4.98927116394043
1875,-0.6210498809814453
1876,11.552335739135742
1877,-12.087235450744629
1878,-0.4799184799194336
1879,11.035995483398438
1880,-7.095386505126953
1881,-2.11173152923584
1882,-4.14127254486084
1883,-1.5159378051757812
1884,-2.239522933959961
1885,-4.513154983520508
1886,-1.82024085521698
1887,-2.2258100509643555
1888,-4.574954986572266
1889,-1.821252703666687
1890,-2.204641342163086
1891,-4.650957107543945
1892,-1.8223927021026611
1893,-2.2591476440429688
1894,-4.473248481750488
1895,-1.0630544424057007
1896,-2.2563934326171875
1897,-4.505868911743164
1898,-1.063046932220459
1899,-2.252870559692383
1900,-4.54422664642334
1901,-1.0650070905685425
1902,-2.0049352645874023
1903,-5.12186336517334
1904,-2.5405097007751465
1905,-2.0474367141723633
1906,-4.969250679016113
1907,0.8925809860229492
1908,-1.863067626953125
1909,-4.216927528381348
1910,-1.7273144721984863
1911,-1.874959945678711
1912,-4.1600446701049805
1913,-0.7316279411315918
1914,-0.6714696884155273
1915,-5.79534912109375
1916,-3.5062434673309326
1917,-1.165140151977539
1918,-4.450226783752441
1919,2.211805582046509
1920,0.7773447036743164
1921,-7.935734748840332
1922,-5.935918807983398
1923,0.12049388885498047
1924,-3.9357852935791016
1925,4.530454635620117
1926,1.9922208786010742
1927,-9.316454887390137
1928,-7.500466346740723
1929,1.380234718322754
1930,-3.5382070541381836
1931,4.815672874450684
1932,2.4353857040405273
1933,-9.777002334594727
1934,-8.303240776062012
1935,1.6288080215454102
1936,-3.4490137100219727
1937,4.944964408874512
1938,2.488938331604004
1939,-9.797867774963379
1940,-8.41759204864502
1941,1.6731252670288086
1942,-3.3436059951782227
1943,4.33028507232666
1944,2.3611860275268555
1945,-9.577654838562012
1946,-7.632528305053711
1947,1.5741701126098633
1948,-3.437236785888672
1949,4.541538238525391
1950,1.2779130935668945
1951,-0.48675537109375
1952,-4.8683671951293945
1953,0.6643838882446289
1954,-0.0001239776611328125
1955,-0.3388805389404297
1956,0.4708414077758789
1957,4.474491119384766
1958,-7.6019439697265625
1959,0.1120748519897461
1960,4.480073928833008
1961,-4.1302666664123535
1962,0.4072237014770508
1963,10.02285385131836
1964,-9.561638832092285
1965,0.4653310775756836
1966,9.766883850097656
1967,-5.911368370056152
1968,0.7751340866088867
1969,10.89299201965332
1970,-9.854437828063965
1971,0.8175268173217773
1972,10.585332870483398
1973,-6.195995330810547
1974,-0.6182994842529297
1975,11.54433822631836
1976,-12.43249225616455
1977,-0.5159950256347656
1978,11.277761459350586
1979,-8.471883773803711
1980,-2.1652698516845703
1981,-3.7173919677734375
1982,-1.9888882637023926
1983,-2.30434513092041
1984,-4.107940673828125
1985,-2.324800729751587
1986,-2.2885494232177734
1987,-4.165685653686523
1988,-2.3256337642669678
1989,-2.2716598510742188
1990,-4.228821754455566
1991,-2.326645851135254
1992,-2.3230228424072266
1993,-4.076223373413086
1994,-1.520222783088684
1995,-2.317999839782715
1996,-4.1089887619018555
1997,-1.5201696157455444
1998,-2.3120956420898438
1999,-4.149372100830078
2000,-1.522238850593567
2001,-2.054562568664551
2002,-4.698600769042969
2003,-3.1954290866851807
2004,-2.0977439880371094
2005,-4.5665998458862305
2006,0.4290456771850586
2007,-1.9118680953979492
2008,-3.7769546508789062
2009,-2.264802932739258
2010,-1.9243783950805664
2011,-3.7276363372802734
2012,-1.2116498947143555
2013,-0.7193508148193359
2014,-5.39164924621582
2015,-4.315332412719727
2016,-1.1734189987182617
2017,-4.08873176574707
2018,1.9199473857879639
2019,0.7810354232788086
2020,-7.42258358001709
2021,-6.186476707458496
2022,0.12563610076904297
2023,-3.9111032485961914
2024,4.170038223266602
2025,2.0187559127807617
2026,-9.239734649658203
2027,-8.730674743652344
2028,1.3816022872924805
2029,-3.5965824127197266
2030,4.252510070800781
2031,2.4696359634399414
2032,-9.694849014282227
2033,-9.687615394592285
2034,1.696324348449707
2035,-3.6101455688476562
2036,4.40162467956543
2037,2.526787757873535
2038,-9.720832824707031
2039,-9.687614440917969
2040,1.720658302307129
2041,-3.603043556213379
2042,3.790501356124878
2043,2.391848564147949
2044,-9.500961303710938
2045,-8.834186553955078
2046,1.5586175918579102
2047,-3.478358268737793
2048,3.9758880138397217
2049,1.3626737594604492
2050,-0.14974403381347656
2051,-4.909591197967529
2052,0.7895269393920898
2053,0.28806114196777344
2054,-0.2967822551727295
2055,0.45100879669189453
2056,4.792613983154297
2057,-7.57689094543457
2058,0.1141653060913086
2059,4.712291717529297
2060,-3.579867362976074
2061,0.4108438491821289
2062,10.159025192260742
2063,-8.296134948730469
2064,0.4891328811645508
2065,9.909198760986328
2066,-5.17233943939209
2067,0.7623071670532227
2068,10.979803085327148
2069,-8.472187995910645
2070,0.8553094863891602
2071,10.780210494995117
2072,-5.186317443847656
2073,-0.6178045272827148
2074,11.537906646728516
2075,-10.973000526428223
2076,-0.5038852691650391
2077,11.31903076171875
2078,-7.685452461242676
2079,-2.236691474914551
2080,-3.317037582397461
2081,-2.1256322860717773
2082,-2.349246025085449
2083,-3.7212133407592773
2084,-2.524414300918579
2085,-2.332249641418457
2086,-3.766691207885742
2087,-2.525040864944458
2088,-2.317633628845215
2089,-3.815279960632324
2090,-2.5260324478149414
2091,-2.3659372329711914
2092,-3.7078027725219727
2093,-1.7192022800445557
2094,-2.3577451705932617
2095,-3.7396087646484375
2096,-1.7190372943878174
2097,-2.349492073059082
2098,-3.777827262878418
2099,-1.7211511135101318
2100,-2.1126327514648438
2101,-4.25032901763916
2102,-3.6705031394958496
2103,-2.140597343444824
2104,-4.2046966552734375
2105,-0.07359862327575684
2106,-1.9705114364624023
2107,-3.3715810775756836
2108,-2.5081064701080322
2109,-1.9795875549316406
2110,-3.337718963623047
2111,-1.4592808485031128
2112,-0.8075904846191406
2113,-4.8453216552734375
2114,-5.077176094055176
2115,-1.1894254684448242
2116,-3.7417945861816406
2117,1.3241989612579346
2118,0.772160530090332
2119,-6.960378646850586
2120,-7.378605842590332
2121,0.09740734100341797
2122,-3.9021987915039062
2123,3.193894624710083
2124,2.0019102096557617
2125,-9.112237930297852
2126,-9.516474723815918
2127,1.3991403579711914
2128,-3.5655813217163086
2129,3.221961259841919
2130,2.44840145111084
2131,-9.512435913085938
2132,-10.519815444946289
2133,1.729741096496582
2134,-3.6543149948120117
2135,3.3859708309173584
2136,2.5050840377807617
2137,-9.539606094360352
2138,-10.449048042297363
2139,1.747694969177246
2140,-3.6533613204956055
2141,2.8368194103240967
2142,2.376772880554199
2143,-9.31774616241455
2144,-9.595720291137695
2145,1.621241569519043
2146,-3.5747976303100586
2147,2.974167585372925
2148,1.3942289352416992
2149,0.2512245178222656
2150,-4.987727642059326
2151,0.9293279647827148
2152,0.6035118103027344
2153,-0.21784591674804688
2154,0.43967151641845703
2155,5.055034637451172
2156,-6.67812442779541
2157,0.11301708221435547
2158,4.8843536376953125
2159,-2.763340473175049
2160,0.43547534942626953
2161,10.314210891723633
2162,-6.4239349365234375
2163,0.4926633834838867
2164,9.956817626953125
2165,-1.843644142150879
2166,0.7843866348266602
2167,11.124713897705078
2168,-6.485850811004639
2169,0.8559122085571289
2170,10.779045104980469
2171,-1.8143386840820312
2172,-0.6155242919921875
2173,11.553346633911133
2174,-8.655973434448242
2175,-0.4973268508911133
2176,11.367311477661133
2177,-3.470583915710449
2178,-2.2645788192749023
2179,-2.9350929260253906
2180,-2.4559850692749023
2181,-2.3815994262695312
2182,-3.3282108306884766
2183,-2.846754789352417
2184,-2.3643646240234375
2185,-3.3740158081054688
2186,-2.847134590148926
2187,-2.3507938385009766
2188,-3.419997215270996
2189,-2.847972869873047
2190,-2.3991012573242188
2191,-3.3044958114624023
2192,-2.089372158050537
2193,-2.390674591064453
2194,-3.331671714782715
2195,-2.0896542072296143
2196,-2.3825225830078125
2197,-3.364596366882324
2198,-2.091900110244751
2199,-2.1377201080322266
2200,-3.8357372283935547
2201,-3.996976852416992
2202,-2.1689252853393555
2203,-3.792621612548828
2204,-0.6231443881988525
2205,-2.01788330078125
2206,-2.9639225006103516
2207,-2.8507590293884277
2208,-2.025297164916992
2209,-2.915386199951172
2210,-1.8631572723388672
2211,-0.8161611557006836
2212,-4.356329917907715
2213,-5.19631290435791
2214,-1.1885242462158203
2215,-3.2115097045898438
2216,0.5807912349700928
2217,0.738347053527832
2218,-6.457330703735352
2219,-7.555887222290039
2220,0.10493850708007812
2221,-3.4884262084960938
2222,2.664996385574341
2223,1.9924726486206055
2224,-8.945146560668945
2225,-9.552693367004395
2226,1.4145193099975586
2227,-3.4393978118896484
2228,3.1793739795684814
2229,2.4290056228637695
2230,-9.429168701171875
2231,-10.478001594543457
2232,1.7497587203979492
2233,-3.533405303955078
2234,3.3707563877105713
2235,2.4911699295043945
2236,-9.389371871948242
2237,-10.436590194702148
2238,1.773148536682129
2239,-3.532573699951172
2240,2.891728162765503
2241,2.3619794845581055
2242,-9.189815521240234
2243,-9.635527610778809
2244,1.6623296737670898
2245,-3.487987518310547
2246,2.9755847454071045
2247,1.505478858947754
2248,0.6267929077148438
2249,-4.986526966094971
2250,1.0021295547485352
2251,0.9943599700927734
2252,-0.2191455364227295
2253,0.39841365814208984
2254,5.114738464355469
2255,-6.312564849853516
2256,0.05393028259277344
2257,5.025846481323242
2258,-2.6152710914611816
2259,0.45638561248779297
2260,10.298097610473633
2261,-6.0641303062438965
2262,0.5006475448608398
2263,10.048469543457031
2264,-1.6403859853744507
2265,0.7977094650268555
2266,11.086189270019531
2267,-6.104942321777344
2268,0.8627328872680664
2269,10.819082260131836
2270,-1.633561611175537
2271,-0.6126880645751953
2272,11.55344009399414
2273,-8.01370906829834
2274,-0.49261474609375
2275,11.43304443359375
2276,-3.027979850769043
2277,-2.3892946243286133
2278,-2.4433937072753906
2279,-2.304926633834839
2280,-2.4973487854003906
2281,-2.8652877807617188
2282,-2.699018955230713
2283,-2.478961944580078
2284,-2.906918525695801
2285,-2.6991994380950928
2286,-2.4557676315307617
2287,-2.969101905822754
2288,-2.700002908706665
2289,-2.507601737976074
2290,-2.859790802001953
2291,-1.9549262523651123
2292,-2.493936538696289
2293,-2.8947973251342773
2294,-1.954967737197876
2295,-2.481936454772949
2296,-2.936070442199707
2297,-1.956871747970581
2298,-2.236086845397949
2299,-3.3337202072143555
2300,-3.9119820594787598
2301,-2.245532989501953
2302,-3.3241395950317383
2303,-0.6189831495285034
2304,-2.1313953399658203
2305,-2.4248485565185547
2306,-2.729201555252075
2307,-2.1313838958740234
2308,-2.4004335403442383
2309,-1.7632079124450684
2310,-0.9304304122924805
2311,-3.762820243835449
2312,-5.29826545715332
2313,-1.167572021484375
2314,-2.838399887084961
2315,0.5618829727172852
2316,0.6329336166381836
2317,-5.807858467102051
2318,-7.523909568786621
2319,0.12584209442138672
2320,-3.4763317108154297
2321,2.10602068901062
2322,1.9710760116577148
2323,-8.355088233947754
2324,-9.29635238647461
2325,1.5288076400756836
2326,-3.4823102951049805
2327,2.3174102306365967
2328,2.400200843811035
2329,-8.897547721862793
2330,-10.239778518676758
2331,1.8705110549926758
2332,-3.634885787963867
2333,2.4539220333099365
2334,2.450425148010254
2335,-8.98098373413086
2336,-10.19629192352295
2337,1.8779687881469727
2338,-3.6648807525634766
2339,2.03959584236145
2340,2.3199281692504883
2341,-8.747169494628906
2342,-9.37033748626709
2343,1.7673063278198242
2344,-3.6339035034179688
2345,2.1300461292266846
2346,1.5029973983764648
2347,1.0253925323486328
2348,-5.018078804016113
2349,1.1758756637573242
2350,1.2800025939941406
2351,-0.18834328651428223
2352,0.5677976608276367
2353,5.432153701782227
2354,-6.021048545837402
2355,0.02299022674560547
2356,5.329570770263672
2357,-1.8004884719848633
2358,0.4914674758911133
2359,10.396358489990234
2360,-5.544430732727051
2361,0.5009222030639648
2362,10.17448616027832
2363,-0.45894360542297363
2364,0.8522100448608398
2365,11.24307632446289
2366,-5.563272476196289
2367,0.8646440505981445
2368,10.865001678466797
2369,-0.4096517562866211
2370,-0.6108789443969727
2371,11.601051330566406
2372,-7.301715850830078
2373,-0.4869108200073242
2374,11.491292953491211
2375,-1.5105173587799072
2376,-2.388956069946289
2377,-2.04034423828125
2378,-1.9176826477050781
2379,-2.4940052032470703
2380,-2.472304344177246
2381,-2.3218777179718018
2382,-2.4782485961914062
2383,-2.515869140625
2384,-2.3219950199127197
2385,-2.4628467559814453
2386,-2.5636396408081055
2387,-2.3227500915527344
2388,-2.501089096069336
2389,-2.457770347595215
2390,-1.5285762548446655
2391,-2.4880189895629883
2392,-2.487987518310547
2393,-1.5284702777862549
2394,-2.4768409729003906
2395,-2.5246200561523438
2396,-1.5302077531814575
2397,-2.2524566650390625
2398,-2.9251708984375
2399,-3.5616533756256104
2400,-2.250351905822754
2401,-2.9140758514404297
2402,0.009699583053588867
2403,-2.132326126098633
2404,-2.065988540649414
2405,-2.3385486602783203
2406,-2.142045021057129
2407,-2.0190353393554688
2408,-1.3024680614471436
2409,-0.9853754043579102
2410,-3.360431671142578
2411,-5.354532241821289
2412,-1.1666240692138672
2413,-2.484525680541992
2414,1.4671390056610107
2415,0.611851692199707
2416,-5.353540420532227
2417,-7.988227844238281
2418,0.1350851058959961
2419,-2.9513864517211914
2420,3.516448736190796
2421,1.9777917861938477
2422,-7.809253692626953
2423,-9.782421112060547
2424,1.4640512466430664
2425,-3.296441078186035
2426,2.470362424850464
2427,2.385993003845215
2428,-8.333670616149902
2429,-10.861470222473145
2430,1.852381706237793
2431,-3.468979835510254
2432,3.8959391117095947
2433,2.439774513244629
2434,-8.416589736938477
2435,-10.853720664978027
2436,1.8056268692016602
2437,-3.3813934326171875
2438,3.8959147930145264
2439,2.3216238021850586
2440,-8.185402870178223
2441,-9.859871864318848
2442,1.7013235092163086
2443,-3.355565071105957
2444,2.9925320148468018
2445,1.5700693130493164
2446,1.2884597778320312
2447,-5.329010963439941
2448,1.2745485305786133
2449,1.5537376403808594
2450,0.12133193016052246
2451,0.1961965560913086
2452,5.5389251708984375
2453,-6.25183629989624
2454,-0.005196571350097656
2455,5.468818664550781
2456,-1.3837254047393799
2457,0.5307455062866211
2458,10.481462478637695
2459,-6.310982704162598
2460,0.5048971176147461
2461,10.189943313598633
2462,-0.06808733940124512
2463,0.9087629318237305
2464,11.402717590332031
2465,-6.3429460525512695
2466,0.8659124374389648
2467,10.879341125488281
2468,0.011708259582519531
2469,-0.6458187103271484
2470,11.813423156738281
2471,-8.093193054199219
2472,-0.5116462707519531
2473,11.547231674194336
2474,-0.8948694467544556
2475,-2.428741455078125
2476,-1.6710319519042969
2477,-2.4714088439941406
2478,-2.527536392211914
2479,-2.0878562927246094
2480,-2.9172725677490234
2481,-2.5113086700439453
2482,-2.129897117614746
2483,-2.9174749851226807
2484,-2.4929161071777344
2485,-2.1841773986816406
2486,-2.9184086322784424
2487,-2.5337600708007812
2488,-2.0812854766845703
2489,-2.127167224884033
2490,-2.5195112228393555
2491,-2.115976333618164
2492,-2.127181053161621
2493,-2.5073776245117188
2494,-2.1569948196411133
2495,-2.128603458404541
2496,-2.266397476196289
2497,-2.5151796340942383
2498,-4.196605682373047
2499,-2.2575979232788086
2500,-2.52435302734375
2501,-0.6601951122283936
2502,-2.179098129272461
2503,-1.658137321472168
2504,-2.9083752632141113
2505,-2.1839542388916016
2506,-1.6286735534667969
2507,-1.8771204948425293
2508,-1.03271484375
2509,-2.884561538696289
2510,-5.867523193359375
2511,-1.164865493774414
2512,-2.0331010818481445
2513,1.096904993057251
2514,0.6213598251342773
2515,-4.8266448974609375
2516,-8.618606567382812
2517,0.16811370849609375
2518,-2.478257179260254
2519,3.4986188411712646
2520,1.964646339416504
2521,-6.863062858581543
2522,-10.88070011138916
2523,1.4585599899291992
2524,-3.2392168045043945
2525,3.779266119003296
2526,2.372340202331543
2527,-7.454554557800293
2528,-11.931523323059082
2529,1.8495855331420898
2530,-3.243210792541504
2531,4.417975425720215
2532,2.421206474304199
2533,-7.498549461364746
2534,-11.813940048217773
2535,1.839900016784668
2536,-3.175564765930176
2537,4.063270568847656
2538,2.3034887313842773
2539,-7.254364967346191
2540,-10.913883209228516
2541,1.6512784957885742
2542,-3.1573305130004883
2543,3.808093309402466
2544,1.6480035781860352
2545,1.5913581848144531
2546,-5.4034576416015625
2547,1.400832176208496
2548,1.9197063446044922
2549,0.19664287567138672
2550,-0.009280204772949219
2551,5.680734634399414
2552,-6.390380859375
2553,-0.0015735626220703125
2554,5.796144485473633
2555,-1.0058757066726685
2556,0.5353326797485352
2557,10.518321990966797
2558,-6.067425727844238
2559,0.5245485305786133
2560,10.257734298706055
2561,0.07690954208374023
2562,0.9191656112670898
2563,11.48480224609375
2564,-6.054920196533203
2565,0.869053840637207
2566,10.944679260253906
2567,0.11442804336547852
2568,-0.6555824279785156
2569,11.91158676147461
2570,-7.607335090637207
2571,-0.5073528289794922
2572,11.682954788208008
2573,-0.8631287813186646
2574,-2.4684019088745117
2575,-1.3179206848144531
2576,-2.3687007427215576
2577,-2.5623464584350586
2578,-1.7220039367675781
2579,-2.8222689628601074
2580,-2.549393653869629
2581,-1.763117790222168
2582,-2.822445869445801
2583,-2.528700828552246
2584,-1.831181526184082
2585,-2.8236067295074463
2586,-2.5681724548339844
2587,-1.7131872177124023
2588,-2.021955966949463
2589,-2.5571937561035156
2590,-1.7463140487670898
2591,-2.0216543674468994
2592,-2.548855781555176
2593,-1.7827425003051758
2594,-2.0226998329162598
2595,-2.295431137084961
2596,-2.1653614044189453
2597,-4.0989484786987305
2598,-2.2904491424560547
2599,-2.164431571960449
2600,-0.5114989280700684
2601,-2.235044479370117
2602,-1.2952661514282227
2603,-2.799165964126587
2604,-2.238086700439453
2605,-1.270380973815918
2606,-1.7546064853668213
2607,-1.0660161972045898
2608,-2.499868392944336
2609,-5.794012069702148
2610,-1.1492786407470703
2611,-1.6065969467163086
2612,1.3423097133636475
2613,0.6116495132446289
2614,-4.207729339599609
2615,-8.22195053100586
2616,0.18863201141357422
2617,-2.046358108520508
2618,3.664463758468628
2619,1.9779138565063477
2620,-5.929647445678711
2621,-9.59883975982666
2622,1.5139436721801758
2623,-2.91079044342041
2624,4.311002731323242
2625,2.4041452407836914
2626,-6.654964447021484
2627,-10.4842529296875
2628,1.917952537536621
2629,-3.164595603942871
2630,4.738457679748535
2631,2.451788902282715
2632,-6.58619499206543
2633,-10.399996757507324
2634,1.949580192565918
2635,-3.022109031677246
2636,4.26314640045166
2637,2.3504323959350586
2638,-6.345819473266602
2639,-9.611169815063477
2640,1.787184715270996
2641,-3.0311050415039062
2642,4.191293716430664
2643,1.6634931564331055
2644,1.7903614044189453
2645,-5.446808815002441
2646,1.543684959411621
2647,2.2083892822265625
2648,0.23978328704833984
2649,-0.3025798797607422
2650,5.733539581298828
2651,-6.440034866333008
2652,-0.02061748504638672
2653,5.887762069702148
2654,-0.8111380338668823
2655,0.5278749465942383
2656,10.486928939819336
2657,-5.7162580490112305
2658,0.5246057510375977
2659,10.253143310546875
2660,0.3195972442626953
2661,0.9207487106323242
2662,11.384269714355469
2663,-5.653099060058594
2664,0.8729467391967773
2665,10.967836380004883
2666,0.36364078521728516
2667,-0.65338134765625
2668,11.899213790893555
2669,-6.874329566955566
2670,-0.5148954391479492
2671,11.710805892944336
2672,-0.442065954208374
2673,-2.500359535217285
2674,-0.9051227569580078
2675,-2.8711702823638916
2676,-2.590238571166992
2677,-1.2918758392333984
2678,-3.3576066493988037
2679,-2.5714874267578125
2680,-1.3543281555175781
2681,-3.3578124046325684
2682,-2.557248115539551
2683,-1.4049577713012695
2684,-3.359201431274414
2685,-2.5938730239868164
2686,-1.2847700119018555
2687,-2.544394016265869
2688,-2.583418846130371
2689,-1.3140878677368164
2690,-2.5440070629119873
2691,-2.576998710632324
2692,-1.3452949523925781
2693,-2.545013189315796
2694,-2.329024314880371
2695,-1.737177848815918
2696,-4.656609058380127
2697,-2.321913719177246
2698,-1.744802474975586
2699,-0.9906743764877319
2700,-2.279608726501465
2701,-0.8865585327148438
2702,-3.2988009452819824
2703,-2.280144691467285
2704,-0.8575677871704102
2705,-2.2331042289733887
2706,-1.0860443115234375
2707,-2.0564498901367188
2708,-6.258953094482422
2709,-1.1347599029541016
2710,-1.2640810012817383
2711,1.0373356342315674
2712,0.6165285110473633
2713,-3.7661266326904297
2714,-8.04623794555664
2715,0.33803272247314453
2716,-1.767904281616211
2717,2.942101240158081
2718,2.025700569152832
2719,-5.252163887023926
2720,-8.63167953491211
2721,1.7543554306030273
2722,-2.23651123046875
2723,2.945124864578247
2724,2.4447240829467773
2725,-5.8415327072143555
2726,-9.412744522094727
2727,2.1487951278686523
2728,-2.5422277450561523
2729,3.175771474838257
2730,2.5082921981811523
2731,-5.786949157714844
2732,-9.345436096191406
2733,2.1810903549194336
2734,-2.611567497253418
2735,2.715259313583374
2736,2.4275426864624023
2737,-5.530829429626465
2738,-8.629185676574707
2739,2.0808401107788086
2740,-2.600222587585449
2741,2.7475850582122803
2742,1.7750768661499023
2743,2.060396194458008
2744,-5.474539756774902
2745,1.6987886428833008
2746,2.5283432006835938
2747,0.2666041851043701
2748,-0.45821666717529297
2749,5.612831115722656
2750,-6.039158821105957
2751,0.05729389190673828
2752,6.260869979858398
2753,-0.07715320587158203
2754,0.5202512741088867
2755,10.451549530029297
2756,-4.286679267883301
2757,0.5296831130981445
2758,10.358007431030273
2759,1.4861905574798584
2760,0.9070100784301758
2761,11.29464340209961
2762,-4.124902725219727
2763,0.8871622085571289
2764,11.0648193359375
2765,1.5717060565948486
2766,-0.6522636413574219
2767,11.84776496887207
2768,-5.003674507141113
2769,-0.5135059356689453
2770,11.74449348449707
2771,0.9381330013275146
2772,-2.5486936569213867
2773,-0.49230384826660156
2774,-2.792747735977173
2775,-2.642695426940918
2776,-0.906062126159668
2777,-3.2728781700134277
2778,-2.6229162216186523
2779,-0.9733800888061523
2780,-3.2731173038482666
2781,-2.6102733612060547
2782,-1.0299854278564453
2783,-3.2746422290802
2784,-2.645474433898926
2785,-0.9021120071411133
2786,-2.4595766067504883
2787,-2.635605812072754
2788,-0.9383792877197266
2789,-2.4590723514556885
2790,-2.619757652282715
2791,-1.0109148025512695
2792,-2.459901809692383
2793,-2.367654800415039
2794,-1.407257080078125
2795,-4.595548629760742
2796,-2.364811897277832
2797,-1.4061956405639648
2798,-0.9222012758255005
2799,-2.33103084564209
2800,-0.4588174819946289
2801,-3.2400999069213867
2802,-2.331393241882324
2803,-0.4375
2804,-2.1727516651153564
2805,-1.1192617416381836
2806,-1.6571006774902344
2807,-6.4023027420043945
2808,-1.1190567016601562
2809,-0.9656391143798828
2810,1.1799194812774658
2811,0.6205530166625977
2812,-3.2864131927490234
2813,-7.9018402099609375
2814,0.5878705978393555
2815,-1.2023277282714844
2816,2.9228475093841553
2817,2.1018266677856445
2818,-4.429741859436035
2819,-7.641140937805176
2820,2.1163721084594727
2821,-1.90673828125
2822,2.6944358348846436
2823,2.5290956497192383
2824,-5.024198532104492
2825,-8.357050895690918
2826,2.490668296813965
2827,-2.0813093185424805
2828,2.8634212017059326
2829,2.6182451248168945
2830,-4.945003509521484
2831,-8.310553550720215
2832,2.5130929946899414
2833,-2.207143783569336
2834,2.4190056324005127
2835,2.5340452194213867
2836,-4.668522834777832
2837,-7.625341415405273
2838,2.39182186126709
2839,-2.2461891174316406
2840,2.4856364727020264
2841,1.822279930114746
2842,2.2369308471679688
2843,-5.538020133972168
2844,1.7951421737670898
2845,2.7182235717773438
2846,0.32861900329589844
2847,-0.5539350509643555
2848,5.5770111083984375
2849,-5.896393775939941
2850,-0.0738840103149414
2851,6.075937271118164
2852,-0.0603642463684082
2853,0.5015153884887695
2854,10.44757080078125
2855,-3.7477893829345703
2856,0.5298604965209961
2857,10.364839553833008
2858,1.4434988498687744
2859,0.9067411422729492
2860,11.240829467773438
2861,-3.536822557449341
2862,0.9066648483276367
2863,11.0430908203125
2864,1.5180485248565674
2865,-0.6251316070556641
2866,11.822603225708008
2867,-4.173915863037109
2868,-0.48747920989990234
2869,11.759082794189453
2870,1.039670467376709
2871,-2.575990676879883
2872,-0.19800567626953125
2873,-2.7553458213806152
2874,-2.667496681213379
2875,-0.6254987716674805
2876,-3.238224744796753
2877,-2.6510915756225586
2878,-0.6735639572143555
2879,-3.238967180252075
2880,-2.636593818664551
2881,-0.7334880828857422
2882,-3.241014003753662
2883,-2.6722192764282227
2884,-0.6159076690673828
2885,-2.4763684272766113
2886,-2.661327362060547
2887,-0.6497154235839844
2888,-2.475916862487793
2889,-2.650364875793457
2890,-0.6948776245117188
2891,-2.4764742851257324
2892,-2.3863525390625
2893,-1.0514068603515625
2894,-4.505616188049316
2895,-2.3950672149658203
2896,-1.035959243774414
2897,-1.0643208026885986
2898,-2.3492374420166016
2899,-0.17351913452148438
2900,-3.1606645584106445
2901,-2.351297378540039
2902,-0.14334487915039062
2903,-2.156597852706909
2904,-1.2256965637207031
2905,-1.1980009078979492
2906,-6.218463897705078
2907,-1.1132116317749023
2908,-0.6915512084960938
2909,1.148784875869751
2910,0.5004091262817383
2911,-2.4613733291625977
2912,-7.433670997619629
2913,0.7028017044067383
2914,-0.7147216796875
2915,3.2254788875579834
2916,2.083441734313965
2917,-3.413668632507324
2918,-7.286576271057129
2919,2.0122365951538086
2920,-1.2001066207885742
2921,3.5902884006500244
2922,2.590054512023926
2923,-3.878401756286621
2924,-7.909346580505371
2925,2.3629770278930664
2926,-1.3144378662109375
2927,3.7381184101104736
2928,2.658736228942871
2929,-3.7650070190429688
2930,-7.824213027954102
2931,2.392003059387207
2932,-1.1198339462280273
2933,3.0859382152557373
2934,2.557755470275879
2935,-3.578446388244629
2936,-7.2545013427734375
2937,2.3258275985717773
2938,-1.162038803100586
2939,3.352102518081665
2940,1.8687639236450195
2941,2.5098800659179688
2942,-5.506407737731934
2943,1.8179121017456055
2944,2.876810073852539
2945,0.29697704315185547
2946,-0.6051321029663086
2947,5.645984649658203
2948,-5.82346248626709
2949,-0.2555665969848633
2950,5.858524322509766
2951,0.13712811470031738
2952,0.4855966567993164
2953,10.406768798828125
2954,-4.147747039794922
2955,0.43303966522216797
2956,10.324501037597656
2957,1.4616563320159912
2958,0.9061422348022461
2959,11.202516555786133
2960,-3.993453025817871
2961,0.870814323425293
2962,10.889039993286133
2963,1.5351955890655518
2964,-0.6249456405639648
2965,11.82114028930664
2966,-4.817034721374512
2967,-0.49528980255126953
2968,11.717388153076172
2969,1.193424940109253
2970,-2.634951591491699
2971,-0.0055675506591796875
2972,-2.6288561820983887
2973,-2.7096214294433594
2974,-0.4219017028808594
2975,-3.084259510040283
2976,-2.689629554748535
2977,-0.4681730270385742
2978,-3.0847296714782715
2979,-2.669923782348633
2980,-0.5236625671386719
2981,-3.086813449859619
2982,-2.7157106399536133
2983,-0.40068721771240234
2984,-2.3351449966430664
2985,-2.7004594802856445
2986,-0.4296245574951172
2987,-2.334721326828003
2988,-2.6864356994628906
2989,-0.46413421630859375
2990,-2.3353614807128906
2991,-2.3896608352661133
2992,-0.789637565612793
2993,-4.2283148765563965
2994,-2.4142980575561523
2995,-0.7499895095825195
2996,-0.8483452796936035
2997,-2.390260696411133
2998,0.07522201538085938
2999,-2.9856343269348145
3000,-2.391172409057617
3001,0.1114959716796875
3002,-2.001591444015503
3003,-1.1966323852539062
3004,-0.8842086791992188
3005,-5.993466377258301
3006,-1.1259946823120117
3007,-0.14788818359375
3008,1.406886339187622
3009,0.5599260330200195
3010,-1.9870033264160156
3011,-6.478629112243652
3012,0.8127355575561523
3013,0.3784599304199219
3014,3.33467173576355
3015,2.5210084915161133
3016,-2.4202423095703125
3017,-5.281177520751953
3018,1.9389162063598633
3019,0.6554660797119141
3020,3.6545469760894775
3021,2.9834184646606445
3022,-2.7021799087524414
3023,-5.645349979400635
3024,2.2585248947143555
3025,0.7651634216308594
3026,3.982480764389038
3027,3.04318904876709
3028,-2.4569149017333984
3029,-5.598006725311279
3030,2.2550363540649414
3031,0.839569091796875
3032,3.436023473739624
3033,2.941046714782715
3034,-2.3328018188476562
3035,-5.211337089538574
3036,2.1662492752075195
3037,0.7547073364257812
3038,3.433621644973755
3039,1.8699159622192383
3040,2.7062206268310547
3041,-5.489811897277832
3042,1.8045644760131836
3043,3.265338897705078
3044,0.2798130512237549
3045,-0.670466423034668
3046,5.702138900756836
3047,-5.996288299560547
3048,-0.30834197998046875
3049,6.142557144165039
3050,-0.3219013214111328
3051,0.48688411712646484
3052,10.433988571166992
3053,-4.898353576660156
3054,0.4338827133178711
3055,10.388910293579102
3056,0.6217551231384277
3057,0.9064321517944336
3058,11.187705993652344
3059,-4.7725019454956055
3060,0.8719758987426758
3061,10.966743469238281
3062,0.6551868915557861
3063,-0.6233186721801758
3064,11.824678421020508
3065,-5.426934719085693
3066,-0.49889278411865234
3067,11.760229110717773
3068,0.22247576713562012
3069,-2.627134323120117
3070,0.17061996459960938
3071,-2.40462064743042
3072,-2.701382637023926
3073,-0.2415294647216797
3074,-2.847048282623291
3075,-2.681337356567383
3076,-0.29834747314453125
3077,-2.847449779510498
3078,-2.6634626388549805
3079,-0.35167598724365234
3080,-2.8492465019226074
3081,-2.705150604248047
3082,-0.22150611877441406
3083,-2.091794490814209
3084,-2.6888961791992188
3085,-0.2524299621582031
3086,-2.091308832168579
3087,-2.6751718521118164
3088,-0.2867393493652344
3089,-2.092270851135254
3090,-2.3813343048095703
3091,-0.6317195892333984
3092,-3.9788551330566406
3093,-2.4004926681518555
3094,-0.6206760406494141
3095,-0.5805065631866455
3096,-2.389646530151367
3097,0.2498798370361328
3098,-2.758756399154663
3099,-2.3874635696411133
3100,0.28933143615722656
3101,-1.767810344696045
3102,-1.2214479446411133
3103,-0.5687046051025391
3104,-5.998008728027344
3105,-1.128976821899414
3106,0.06233406066894531
3107,1.488112211227417
3108,0.5635232925415039
3109,-1.3795185089111328
3110,-6.637677192687988
3111,0.849604606628418
3112,0.6737136840820312
3113,3.4450299739837646
3114,2.60463809967041
3115,-1.2538747787475586
3116,-6.022093772888184
3117,2.1591978073120117
3118,1.2623882293701172
3119,3.6181981563568115
3120,3.1764650344848633
3121,-1.2078981399536133
3122,-6.495977401733398
3123,2.5039987564086914
3124,1.5351238250732422
3125,4.020258903503418
3126,3.195784568786621
3127,-0.9330892562866211
3128,-6.326144218444824
3129,2.4580698013305664
3130,1.6458053588867188
3131,3.4763705730438232
3132,3.062790870666504
3133,-0.8716239929199219
3134,-5.909195423126221
3135,2.338141441345215
3136,1.4930782318115234
3137,3.386613607406616
3138,1.9105215072631836
3139,2.887418746948242
3140,-5.483578681945801
3141,1.8378190994262695
3142,3.3763675689697266
3143,0.27294468879699707
3144,-0.7231521606445312
3145,5.726301193237305
3146,-6.109686374664307
3147,-0.27701854705810547
3148,6.023630142211914
3149,-0.21480631828308105
3150,0.4854097366333008
3151,10.407161712646484
3152,-4.5959625244140625
3153,0.44544506072998047
3154,10.438129425048828
3155,0.8817932605743408
3156,0.9100522994995117
3157,11.167623519897461
3158,-4.411868572235107
3159,0.878880500793457
3160,11.045869827270508
3161,0.9362516403198242
3162,-0.6127557754516602
3163,11.820194244384766
3164,-4.7967915534973145
3165,-0.5086097717285156
3166,11.797439575195312
3167,0.6294522285461426
3168,-2.634709358215332
3169,0.37815284729003906
3170,-2.088447093963623
3171,-2.700230598449707
3172,-0.058544158935546875
3173,-2.573887586593628
3174,-2.6788835525512695
3175,-0.11129188537597656
3176,-2.573035478591919
3177,-2.6593217849731445
3178,-0.163818359375
3179,-2.5750162601470947
3180,-2.7022600173950195
3181,-0.04088783264160156
3182,-1.8275337219238281
3183,-2.6832637786865234
3184,-0.07879447937011719
3185,-1.827434778213501
3186,-2.6661195755004883
3187,-0.12151145935058594
3188,-1.8284943103790283
3189,-2.3608016967773438
3190,-0.46624755859375
3191,-3.8782877922058105
3192,-2.3859758377075195
3193,-0.4484395980834961
3194,-0.38363218307495117
3195,-2.4010610580444336
3196,0.464996337890625
3197,-2.560930013656616
3198,-2.3975095748901367
3199,0.5055427551269531
3200,-1.5936634540557861
3201,-1.1752090454101562
3202,-0.26541709899902344
3203,-5.626730442047119
3204,-1.1194334030151367
3205,0.3716697692871094
3206,1.7029249668121338
3207,0.7733297348022461
3208,-0.45233726501464844
3209,-5.7628936767578125
3210,1.094679832458496
3211,0.7344074249267578
3212,3.39789080619812
3213,2.8546056747436523
3214,0.12058830261230469
3215,-4.132546424865723
3216,2.4367284774780273
3217,1.6635894775390625
3218,3.4567015171051025
3219,3.3659162521362305
3220,0.22625350952148438
3221,-4.404431343078613
3222,2.8056516647338867
3223,1.9766311645507812
3224,3.862396478652954
3225,3.37343692779541
3226,0.5009708404541016
3227,-4.220693111419678
3228,2.806279182434082
3229,2.0814208984375
3230,3.3731372356414795
3231,3.241793632507324
3232,0.5221061706542969
3233,-3.985361337661743
3234,2.6637792587280273
3235,1.9210033416748047
3236,3.2426936626434326
3237,1.9629144668579102
3238,3.2107315063476562
3239,-5.461062431335449
3240,1.8937501907348633
3241,3.5835704803466797
3242,0.24780607223510742
3243,-0.7948026657104492
3244,5.7631378173828125
3245,-5.923983573913574
3246,-0.5147409439086914
3247,6.074878692626953
3248,-0.2155470848083496
3249,0.4832601547241211
3250,10.340642929077148
3251,-3.975461959838867
3252,0.4467134475708008
3253,10.402393341064453
3254,0.7681424617767334
3255,0.9305849075317383
3256,10.9918212890625
3257,-3.754922866821289
3258,0.8822298049926758
3259,11.018064498901367
3260,0.8125536441802979
3261,-0.5653190612792969
3262,11.815242767333984
3263,-3.8995590209960938
3264,-0.5074834823608398
3265,11.79149055480957
3266,0.5662286281585693
3267,-2.6598634719848633
3268,0.3761863708496094
3269,-2.1648471355438232
3270,-2.6941680908203125
3271,-0.10030174255371094
3272,-2.630298137664795
3273,-2.67092227935791
3274,-0.1539440155029297
3275,-2.6298224925994873
3276,-2.649517059326172
3277,-0.20704078674316406
3278,-2.6312785148620605
3279,-2.695733070373535
3280,-0.09025001525878906
3281,-1.8702765703201294
3282,-2.6743240356445312
3283,-0.13611984252929688
3284,-1.87031090259552
3285,-2.654865264892578
3286,-0.1853160858154297
3287,-1.8719239234924316
3288,-2.355459213256836
3289,-0.5067558288574219
3290,-3.978212833404541
3291,-2.377887725830078
3292,-0.5020351409912109
3293,-0.5203707218170166
3294,-2.4237899780273438
3295,0.4808349609375
3296,-2.65177321434021
3297,-2.4213857650756836
3298,0.5164966583251953
3299,-1.6605318784713745
3300,-1.1396760940551758
3301,-0.055328369140625
3302,-6.041537761688232
3303,-1.1080303192138672
3304,0.4141521453857422
3305,1.5854928493499756
3306,0.8180742263793945
3307,0.421142578125
3308,-6.2676286697387695
3309,1.1601762771606445
3310,0.9921245574951172
3311,2.7698862552642822
3312,2.790053367614746
3313,1.6272964477539062
3314,-5.114530086517334
3315,2.3402490615844727
3316,2.488077163696289
3317,2.591491937637329
3318,3.35214900970459
3319,1.754730224609375
3320,-5.524625778198242
3321,2.6743383407592773
3322,2.7752456665039062
3323,2.9779727458953857
3324,3.316157341003418
3325,2.0940380096435547
3326,-5.278079032897949
3327,2.6563596725463867
3328,2.9494991302490234
3329,2.423076868057251
3330,3.1037588119506836
3331,2.1024208068847656
3332,-4.972569465637207
3333,2.560805320739746
3334,2.8074073791503906
3335,2.3420236110687256
3336,1.9695920944213867
3337,3.3853321075439453
3338,-5.420025825500488
3339,1.8428716659545898
3340,3.6435623168945312
3341,0.20546865463256836
3342,-0.8315792083740234
3343,5.804540634155273
3344,-5.809996604919434
3345,-0.6983442306518555
3346,6.066764831542969
3347,-0.2612612247467041
3348,0.48969364166259766
3349,10.334920883178711
3350,-3.479487895965576
3351,0.4509458541870117
3352,10.342397689819336
3353,1.250558614730835
3354,0.9514284133911133
3355,10.989763259887695
3356,-3.2371139526367188
3357,0.8794527053833008
3358,11.016071319580078
3359,1.3454205989837646
3360,-0.5205936431884766
3361,11.807689666748047
3362,-3.4001874923706055
3363,-0.50579833984375
3364,11.823434829711914
3365,1.1587693691253662
3366,-2.6348514556884766
3367,0.1819915771484375
3368,-2.1236705780029297
3369,-2.665013313293457
3370,-0.2724113464355469
3371,-2.5763046741485596
3372,-2.6431350708007812
3373,-0.3122730255126953
3374,-2.5761947631835938
3375,-2.622802734375
3376,-0.3504762649536133
3377,-2.577617883682251
3378,-2.664313316345215
3379,-0.27338218688964844
3380,-1.8249485492706299
3381,-2.642909049987793
3382,-0.31273365020751953
3383,-1.8248435258865356
3384,-2.623354911804199
3385,-0.3528938293457031
3386,-1.8265730142593384
3387,-2.3338851928710938
3388,-0.5569849014282227
3389,-3.8471107482910156
3390,-2.350438117980957
3391,-0.5802392959594727
3392,-0.5039880275726318
3393,-2.408389091491699
3394,0.31885719299316406
3395,-2.5743846893310547
3396,-2.401012420654297
3397,0.3481559753417969
3398,-1.597481369972229
3399,-1.1309442520141602
3400,0.150299072265625
3401,-5.977893829345703
3402,-0.990483283996582
3403,0.5106048583984375
3404,1.6203429698944092
3405,0.8136720657348633
3406,1.0962390899658203
3407,-6.511898994445801
3408,1.0696420669555664
3409,1.5431785583496094
3410,2.4633467197418213
3411,2.66812801361084
3412,3.2485923767089844
3413,-5.767815589904785
3414,2.2092504501342773
3415,3.314350128173828
3416,1.9622218608856201
3417,3.2343015670776367
3418,3.4981422424316406
3419,-6.231115341186523
3420,2.528834342956543
3421,3.714763641357422
3422,2.3031933307647705
3423,3.2909860610961914
3424,3.924631118774414
3425,-5.932248115539551
3426,2.507504463195801
3427,3.902738571166992
3428,1.7085325717926025
3429,3.031100273132324
3430,3.8154048919677734
3431,-5.608698844909668
3432,2.4028425216674805
3433,3.7206192016601562
3434,1.6907141208648682
3435,1.9007959365844727
3436,3.6352615356445312
3437,-5.369858264923096
3438,1.8685522079467773
3439,3.906534194946289
3440,0.15432524681091309
3441,-0.9548072814941406
3442,5.8668975830078125
3443,-5.742871284484863
3444,-0.6882972717285156
3445,6.253751754760742
3446,0.03762507438659668
3447,0.4881868362426758
3448,10.307567596435547
3449,-3.6071882247924805
3450,0.4541635513305664
3451,10.350278854370117
3452,1.259516716003418
3453,0.9582414627075195
3454,10.978851318359375
3455,-3.3887453079223633
3456,0.8914918899536133
3457,11.037313461303711
3458,1.3218028545379639
3459,-0.494903564453125
3460,11.80461311340332
3461,-3.5138626098632812
3462,-0.5048828125
3463,11.845451354980469
3464,1.1193206310272217
3465,-2.5971717834472656
3466,0.02117919921875
3467,-3.0422863960266113
3468,-2.6400070190429688
3469,-0.4094219207763672
3470,-3.4832496643066406
3471,-2.6179323196411133
3472,-0.43831348419189453
3473,-3.4838037490844727
3474,-2.596438407897949
3475,-0.4653463363647461
3476,-3.4850378036499023
3477,-2.647256851196289
3478,-0.41961669921875
3479,-2.6881277561187744
3480,-2.6327056884765625
3481,-0.4555511474609375
3482,-2.688105583190918
3483,-2.6188697814941406
3484,-0.4914083480834961
3485,-2.690124988555908
3486,-2.327098846435547
3487,-0.6449613571166992
3488,-4.695328712463379
3489,-2.3210039138793945
3490,-0.7159614562988281
3491,-1.1710914373397827
3492,-2.3681774139404297
3493,0.16411972045898438
3494,-3.4938032627105713
3495,-2.369985580444336
3496,0.18424415588378906
3497,-2.4643752574920654
3498,-1.098520278930664
3499,0.13616371154785156
3500,-7.134729385375977
3501,-0.8942241668701172
3502,0.23983001708984375
3503,1.260653018951416
3504,0.7917566299438477
3505,2.5447311401367188
3506,-7.581090927124023
3507,0.9775609970092773
3508,2.4391822814941406
3509,1.6693832874298096
3510,2.0818986892700195
3511,5.265018463134766
3512,-6.156892776489258
3513,2.0600481033325195
3514,4.73736572265625
3515,0.41855549812316895
3516,2.3997983932495117
3517,5.700420379638672
3518,-6.71284294128418
3519,2.225884437561035
3520,5.272258758544922
3521,0.5500423908233643
3522,2.260310173034668
3523,6.018644332885742
3524,-6.465295314788818
3525,2.195279121398926
3526,5.368068695068359
3527,-0.08524870872497559
3528,2.08359432220459
3529,5.810693740844727
3530,-6.018808364868164
3531,2.121922492980957
3532,5.130268096923828
3533,0.08933091163635254
3534,1.9104223251342773
3535,3.9347572326660156
3536,-5.399711608886719
3537,1.8232641220092773
3538,3.9335994720458984
3539,0.1856846809387207
3540,-0.9452400207519531
3541,5.895559310913086
3542,-5.829339027404785
3543,-0.8155994415283203
3544,6.118200302124023
3545,0.5972228050231934
3546,0.49918270111083984
3547,10.329462051391602
3548,-3.7550406455993652
3549,0.4190664291381836
3550,10.263139724731445
3551,2.639230489730835
3552,1.0170984268188477
3553,11.08152961730957
3554,-3.5793752670288086
3555,0.8722620010375977
3556,10.881988525390625
3557,2.7616426944732666
3558,-0.4951591491699219
3559,11.799062728881836
3560,-4.144858360290527
3561,-0.5606851577758789
3562,11.807886123657227
3563,2.507413148880005
3564,-2.5852270126342773
3565,-0.2650032043457031
3566,-3.1585960388183594
3567,-2.604182243347168
3568,-0.6802034378051758
3569,-3.6291141510009766
3570,-2.578547477722168
3571,-0.7082805633544922
3572,-3.6293272972106934
3573,-2.5538291931152344
3574,-0.7345466613769531
3575,-3.629901885986328
3576,-2.6062517166137695
3577,-0.6863851547241211
3578,-2.7868223190307617
3579,-2.5835866928100586
3580,-0.7190828323364258
3581,-2.786790609359741
3582,-2.561922073364258
3583,-0.7526397705078125
3584,-2.7885069847106934
3585,-2.22601318359375
3586,-0.8873348236083984
3587,-4.895177841186523
3588,-2.2192001342773438
3589,-0.9439687728881836
3590,-1.1671069860458374
3591,-2.3533763885498047
3592,-0.08768844604492188
3593,-3.6213059425354004
3594,-2.357171058654785
3595,-0.06639671325683594
3596,-2.5351922512054443
3597,-1.0044679641723633
3598,0.017181396484375
3599,-7.448905944824219
3600,-0.8109188079833984
3601,0.20665931701660156
3602,1.3865702152252197
3603,0.5953207015991211
3604,3.313680648803711
3605,-8.041714668273926
3606,0.7205591201782227
3607,3.295206069946289
3608,2.105466604232788
3609,1.0858850479125977
3610,6.49365234375
3611,-6.461569309234619
3612,1.047917366027832
3613,6.11810302734375
3614,1.0186641216278076
3615,1.0957269668579102
3616,7.159069061279297
3617,-7.081666946411133
3618,1.085951805114746
3619,6.765506744384766
3620,1.1711294651031494
3621,0.9366865158081055
3622,7.35401725769043
3623,-6.864982604980469
3624,1.062333106994629
3625,6.858612060546875
3626,0.49032163619995117
3627,0.8708524703979492
3628,7.150257110595703
3629,-6.333680152893066
3630,1.0647287368774414
3631,6.606834411621094
3632,0.6715757846832275
3633,1.873164176940918
3634,3.9760894775390625
3635,-5.402497291564941
3636,1.817244529724121
3637,4.137895584106445
3638,0.18973898887634277
3639,-1.037419319152832
3640,5.832353591918945
3641,-5.888463973999023
3642,-0.8817110061645508
3643,6.175622940063477
3644,0.023166656494140625
3645,0.5975885391235352
3646,9.986303329467773
3647,-3.360407829284668
3648,0.4224729537963867
3649,10.303489685058594
3650,1.3762760162353516
3651,1.245133399963379
3652,10.427650451660156
3653,-3.0942087173461914
3654,0.8861246109008789
3655,10.907276153564453
3656,1.4359395503997803
3657,-0.23842525482177734
3658,11.761665344238281
3659,-3.3230113983154297
3660,-0.5581073760986328
3661,11.86795425415039
3662,1.0046966075897217
3663,-2.517545700073242
3664,-0.5338315963745117
3665,-3.9649930000305176
3666,-2.5118932723999023
3667,-0.9538841247558594
3668,-4.441914081573486
3669,-2.486029624938965
3670,-0.9852800369262695
3671,-4.442222595214844
3672,-2.460118293762207
3673,-1.0155258178710938
3674,-4.44251823425293
3675,-2.508481025695801
3676,-0.9594936370849609
3677,-3.607301712036133
3678,-2.479999542236328
3679,-0.9949808120727539
3680,-3.6076695919036865
3681,-2.45047664642334
3682,-1.0318231582641602
3683,-3.6092288494110107
3684,-2.106201171875
3685,-1.1740484237670898
3686,-5.730734825134277
3687,-2.0716123580932617
3688,-1.2238502502441406
3689,-2.0356006622314453
3690,-2.291140556335449
3691,-0.3512382507324219
3692,-4.420459270477295
3693,-2.2956409454345703
3694,-0.3413991928100586
3695,-3.341887950897217
3696,-0.9442110061645508
3697,-0.11102294921875
3698,-8.205934524536133
3699,-0.7513628005981445
3700,-0.036102294921875
3701,0.8381502628326416
3702,0.10774612426757812
3703,3.653423309326172
3704,-8.786796569824219
3705,0.0845947265625
3706,3.4245471954345703
3707,1.4987294673919678
3708,0.06708908081054688
3709,7.17076301574707
3710,-6.758649826049805
3711,0.046479225158691406
3712,6.544078826904297
3713,0.2559971809387207
3714,0.13485431671142578
3715,8.022102355957031
3716,-7.276847839355469
3717,-0.004569053649902344
3718,7.388042449951172
3719,0.41963911056518555
3720,0.023421287536621094
3721,8.109535217285156
3722,-7.292693138122559
3723,-0.06045341491699219
3724,7.36358642578125
3725,-0.3543837070465088
3726,-0.02579212188720703
3727,7.7631988525390625
3728,-6.74540901184082
3729,0.0026302337646484375
3730,7.140691757202148
3731,-0.12334823608398438
3732,1.8434457778930664
3733,3.805196762084961
3734,-5.403297424316406
3735,1.7553606033325195
3736,3.8088436126708984
3737,0.1915438175201416
3738,-0.9020586013793945
3739,6.278419494628906
3740,-5.384925842285156
3741,-0.8436641693115234
3742,6.200983047485352
3743,0.5551879405975342
3744,0.5869455337524414
3745,10.394338607788086
3746,-2.3632097244262695
3747,0.40311336517333984
3748,10.273958206176758
3749,2.5685322284698486
3750,1.1531667709350586
3751,10.813413619995117
3752,-2.0657200813293457
3753,0.7989263534545898
3754,10.770378112792969
3755,2.7187225818634033
3756,-0.4750642776489258
3757,11.77752685546875
3758,-2.3882863521575928
3759,-0.5933170318603516
3760,11.842952728271484
3761,2.376044988632202
3762,-2.276249885559082
3763,-0.6448020935058594
3764,-3.83705997467041
3765,-2.255038261413574
3766,-1.0739822387695312
3767,-4.3507866859436035
3768,-2.2243051528930664
3769,-1.1247406005859375
3770,-4.350984573364258
3771,-2.197162628173828
3772,-1.1758852005004883
3773,-4.351177215576172
3774,-2.256657600402832
3775,-1.0489015579223633
3776,-3.5508618354797363
3777,-2.226411819458008
3778,-1.0820541381835938
3779,-3.5519192218780518
3780,-2.19844913482666
3781,-1.12481689453125
3782,-3.553307056427002
3783,-1.823103904724121
3784,-1.4093732833862305
3785,-5.601783275604248
3786,-1.8179378509521484
3787,-1.430649757385254
3788,-2.050772190093994
3789,-2.0374889373779297
3790,-0.5723161697387695
3791,-4.255393028259277
3792,-2.039033889770508
3793,-0.550837516784668
3794,-3.2161364555358887
3795,-0.7110614776611328
3796,-0.37617015838623047
3797,-7.761614799499512
3798,-0.7445096969604492
3799,-0.19207382202148438
3800,0.6704504489898682
3801,-0.6261892318725586
3802,3.335613250732422
3803,-8.504158973693848
3804,-0.8519563674926758
3805,3.281423568725586
3806,1.5356547832489014
3807,-1.4927492141723633
3808,6.291635513305664
3809,-6.998180389404297
3810,-1.814732551574707
3811,6.224153518676758
3812,0.5935330390930176
3813,-1.8659629821777344
3814,7.236291885375977
3815,-7.585512161254883
3816,-2.2534713745117188
3817,6.71000862121582
3818,0.7925782203674316
3819,-2.0248804092407227
3820,7.040311813354492
3821,-7.435464859008789
3822,-2.289401054382324
3823,6.679616928100586
3824,-0.002400636672973633
3825,-1.9173088073730469
3826,6.853433609008789
3827,-6.943033218383789
3828,-2.182474136352539
3829,6.656465530395508
3830,0.20416545867919922
3831,1.8704767227172852
3832,3.8361740112304688
3833,-5.381296157836914
3834,1.725205421447754
3835,3.686981201171875
3836,0.169813871383667
3837,-0.8732767105102539
3838,6.188573837280273
3839,-5.601957321166992
3840,-0.8790311813354492
3841,6.136299133300781
3842,0.12789630889892578
3843,0.5723962783813477
3844,10.397008895874023
3845,-3.2689242362976074
3846,0.3842458724975586
3847,10.251152038574219
3848,1.9067847728729248
3849,1.1321840286254883
3850,10.932073593139648
3851,-3.0087146759033203
3852,0.7878389358520508
3853,10.734090805053711
3854,2.0664870738983154
3855,-0.4852266311645508
3856,11.773929595947266
3857,-3.1091907024383545
3858,-0.5869894027709961
3859,11.833049774169922
3860,1.8690907955169678
3861,-1.9435348510742188
3862,-0.9092645645141602
3863,-3.0753731727600098
3864,-1.9411678314208984
3865,-1.4018011093139648
3866,-3.8105835914611816
3867,-1.915761947631836
3868,-1.4271764755249023
3869,-3.811352252960205
3870,-1.8909645080566406
3871,-1.456380844116211
3872,-3.8077054023742676
3873,-1.9385690689086914
3874,-1.4025325775146484
3875,-3.053640604019165
3876,-1.9113283157348633
3877,-1.4281063079833984
3878,-3.057513952255249
3879,-1.883316993713379
3880,-1.4629755020141602
3881,-3.058696746826172
3882,-1.5230045318603516
3883,-1.460275650024414
3884,-5.407289981842041
3885,-1.4930915832519531
3886,-1.5158958435058594
3887,-1.7016446590423584
3888,-1.7004117965698242
3889,-0.6208019256591797
3890,-3.5630459785461426
3891,-1.6980056762695312
3892,-0.5914745330810547
3893,-2.557588577270508
3894,-0.6114101409912109
3895,-0.7701330184936523
3896,-6.995868682861328
3897,-0.569584846496582
3898,-0.2860107421875
3899,1.3315021991729736
3900,-1.3504924774169922
3901,2.4658546447753906
3902,-8.155227661132812
3903,-1.1734905242919922
3904,2.8775596618652344
3905,2.3853065967559814
3906,-3.013460159301758
3907,4.858970642089844
3908,-6.9634857177734375
3909,-2.3075265884399414
3910,5.2105255126953125
3911,1.4835574626922607
3912,-3.436459541320801
3913,5.504207611083984
3914,-7.633326530456543
3915,-2.5561580657958984
3916,5.87359619140625
3917,1.7425501346588135
3918,-3.491469383239746
3919,5.29484748840332
3920,-7.139224052429199
3921,-2.68941593170166
3922,5.725408554077148
3923,1.1864440441131592
3924,-3.325320243835449
3925,5.263702392578125
3926,-6.750343322753906
3927,-2.581075668334961
3928,5.665454864501953
3929,1.2486014366149902
3930,1.854884147644043
3931,3.6505889892578125
3932,-5.379870414733887
3933,1.700577735900879
3934,3.660198211669922
3935,0.16858577728271484
3936,-0.8902473449707031
3937,6.240625381469727
3938,-5.666558265686035
3939,-0.7953157424926758
3940,6.21196174621582
3941,-0.07277297973632812
3942,0.5679521560668945
3943,10.482616424560547
3944,-3.274198055267334
3945,0.38986682891845703
3946,10.232776641845703
3947,1.9043524265289307
3948,1.1293096542358398
3949,11.068422317504883
3950,-2.9771809577941895
3951,0.7909078598022461
3952,10.75014877319336
3953,2.115783452987671
3954,-0.4616403579711914
3955,11.775533676147461
3956,-2.9105372428894043
3957,-0.541346549987793
3958,11.808650970458984
3959,1.9411871433258057
3960,-1.7072229385375977
3961,-1.458693504333496
3962,-1.7847181558609009
3963,-1.69732666015625
3964,-1.9727611541748047
3965,-2.43975830078125
3966,-1.6736927032470703
3967,-1.9999427795410156
3968,-2.4401729106903076
3969,-1.650090217590332
3970,-2.0315141677856445
3971,-2.439059019088745
3972,-1.69097900390625
3973,-1.976771354675293
3974,-1.6689684391021729
3975,-1.6631221771240234
3976,-2.0063514709472656
3977,-1.6708850860595703
3978,-1.633108139038086
3979,-2.044466018676758
3980,-1.6720679998397827
3981,-1.332082748413086
3982,-1.9880342483520508
3983,-4.001700401306152
3984,-1.284987449645996
3985,-2.016752243041992
3986,-0.4637629985809326
3987,-1.4877033233642578
3988,-1.0739860534667969
3989,-2.2341127395629883
3990,-1.482151985168457
3991,-1.033778190612793
3992,-1.2243843078613281
3993,-0.603759765625
3994,-0.9681491851806641
3995,-6.46681022644043
3996,-0.40557193756103516
3997,-0.41452884674072266
3998,2.3819491863250732
3999,-2.026287078857422
4000,1.321157455444336
4001,-7.448416709899902
4002,-1.3224430084228516
4003,2.1359386444091797
4004,3.7653043270111084
4005,-3.6519699096679688
4006,2.7419471740722656
4007,-5.624622344970703
4008,-2.7873353958129883
4009,3.9542579650878906
4010,2.857816457748413
4011,-4.087556838989258
4012,3.050119400024414
4013,-6.186987400054932
4014,-3.134187698364258
4015,4.896610260009766
4016,3.1331284046173096
4017,-4.116170883178711
4018,2.9716033935546875
4019,-5.5836334228515625
4020,-3.2296066284179688
4021,5.155363082885742
4022,2.524177312850952
4023,-3.9295482635498047
4024,2.944253921508789
4025,-5.344684600830078
4026,-3.1512136459350586
4027,4.759664535522461
4028,2.5585405826568604
4029,1.814396858215332
4030,3.6097278594970703
4031,-5.375497817993164
4032,1.6868886947631836
4033,3.633342742919922
4034,0.16406464576721191
4035,-0.8870553970336914
4036,6.273313522338867
4037,-5.453919887542725
4038,-0.7455453872680664
4039,6.231498718261719
4040,-0.10250496864318848
4041,0.561182975769043
4042,10.465002059936523
4043,-2.8909521102905273
4044,0.39229679107666016
4045,10.244667053222656
4046,1.8927834033966064
4047,1.1195058822631836
4048,11.07785415649414
4049,-2.558445453643799
4050,0.7999372482299805
4051,10.760688781738281
4052,2.120124101638794
4053,-0.4576873779296875
4054,11.729164123535156
4055,-2.4236817359924316
4056,-0.5057878494262695
4057,11.706563949584961
4058,1.9936139583587646
4059,-1.591231346130371
4060,-2.33187198638916
4061,-1.5536679029464722
4062,-1.5131330490112305
4063,-2.818737030029297
4064,-2.1529436111450195
4065,-1.4859514236450195
4066,-2.8386411666870117
4067,-2.1532835960388184
4068,-1.4572277069091797
4069,-2.859773635864258
4070,-2.153461217880249
4071,-1.5039291381835938
4072,-2.8415870666503906
4073,-1.3182103633880615
4074,-1.4715909957885742
4075,-2.8779296875
4076,-1.319093108177185
4077,-1.4330806732177734
4078,-2.922909736633301
4079,-1.3199149370193481
4080,-1.161972999572754
4081,-2.8131589889526367
4082,-3.7101709842681885
4083,-1.1035337448120117
4084,-2.865830421447754
4085,0.056241512298583984
4086,-1.4184131622314453
4087,-1.9472198486328125
4088,-2.036153554916382
4089,-1.4235124588012695
4090,-1.9171524047851562
4091,-0.9557915925979614
4092,-0.605961799621582
4093,-1.2838459014892578
4094,-6.389994144439697
4095,-0.2890329360961914
4096,-0.7408237457275391
4097,2.704237699508667
4098,-2.4765214920043945
4099,0.6505222320556641
4100,-7.637663841247559
4101,-1.5841875076293945
4102,1.3581123352050781
4103,4.690227508544922
4104,-4.109006881713867
4105,1.087167739868164
4106,-5.680215835571289
4107,-3.1335391998291016
4108,1.0068168640136719
4109,4.579084396362305
4110,-4.519804000854492
4111,1.0546607971191406
4112,-6.203374862670898
4113,-3.456324577331543
4114,0.6949748992919922
4115,4.887721061706543
4116,-4.509958267211914
4117,0.6898174285888672
4118,-5.714197158813477
4119,-3.5230484008789062
4120,0.5505104064941406
4121,4.378229141235352
4122,-4.3790788650512695
4123,0.6255893707275391
4124,-5.434963226318359
4125,-3.450345039367676
4126,0.6788082122802734
4127,4.308760643005371
4128,1.752884864807129
4129,3.4966907501220703
4130,-5.4205322265625
4131,1.6814203262329102
4132,3.5230484008789062
4133,0.2097921371459961
4134,-0.8746519088745117
4135,6.340963363647461
4136,-5.407878875732422
4137,-0.7370948791503906
4138,6.173547744750977
4139,0.08843207359313965
4140,0.5598974227905273
4141,10.455875396728516
4142,-2.8418266773223877
4143,0.39417362213134766
4144,10.23116683959961
4145,1.9501245021820068
4146,1.1008520126342773
4147,11.10576057434082
4148,-2.498932361602783
4149,0.8042593002319336
4150,10.759391784667969
4151,2.1447718143463135
4152,-0.4581432342529297
4153,11.702247619628906
4154,-2.439578056335449
4155,-0.5021257400512695
4156,11.587165832519531
4157,1.907381296157837
4158,-1.3629980087280273
4159,-2.8300437927246094
4160,-0.9642108678817749
4161,-1.2727317810058594
4162,-3.2901124954223633
4163,-1.4754812717437744
4164,-1.247091293334961
4165,-3.326725959777832
4166,-1.475151538848877
4167,-1.2212228775024414
4168,-3.3599061965942383
4169,-1.4754680395126343
4170,-1.2531499862670898
4171,-3.303116798400879
4172,-0.6360573768615723
4173,-1.2193288803100586
4174,-3.342312812805176
4175,-0.6366293430328369
4176,-1.1819915771484375
4177,-3.3844728469848633
4178,-0.637926459312439
4179,-0.9597558975219727
4180,-3.3393545150756836
4181,-2.8968093395233154
4182,-0.8978767395019531
4183,-3.3598737716674805
4184,0.8446767330169678
4185,-1.2365598678588867
4186,-2.461197853088379
4187,-1.4284337759017944
4188,-1.232527732849121
4189,-2.438142776489258
4190,-0.3487236499786377
4191,-0.5765676498413086
4192,-2.026738166809082
4193,-5.752899169921875
4194,-0.2638082504272461
4195,-1.4095649719238281
4196,3.2600924968719482
4197,-2.4860219955444336
4198,-0.9923896789550781
4199,-7.216386795043945
4200,-1.6554889678955078
4201,-0.4992561340332031
4202,5.153916358947754
4203,-3.899594306945801
4204,-2.2062015533447266
4205,-5.172892093658447
4206,-3.253298759460449
4207,-1.673715591430664
4208,4.688020706176758
4209,-4.286944389343262
4210,-2.453990936279297
4211,-5.70697546005249
4212,-3.586057662963867
4213,-1.5948562622070312
4214,4.905788421630859
4215,-4.268243789672852
4216,-2.693845748901367
4217,-5.301085472106934
4218,-3.632723808288574
4219,-1.789566993713379
4220,4.409272193908691
4221,-4.136713981628418
4222,-2.5976877212524414
4223,-4.9647955894470215
4224,-3.6930761337280273
4225,-2.189957618713379
4226,4.402543067932129
4227,1.6220598220825195
4228,3.341703414916992
4229,-5.505160808563232
4230,1.599400520324707
4231,3.4097976684570312
4232,0.2938563823699951
4233,-0.8569622039794922
4234,6.343400955200195
4235,-5.738397121429443
4236,-0.7471380233764648
4237,6.1339874267578125
4238,-0.014931440353393555
4239,0.5582857131958008
4240,10.51156997680664
4241,-4.293822288513184
4242,0.3967256546020508
4243,10.182958602905273
4244,1.5159351825714111
4245,1.0960779190063477
4246,11.335506439208984
4247,-4.0587286949157715
4248,0.8066473007202148
4249,10.758464813232422
4250,1.6460192203521729
4251,-0.5327463150024414
4252,11.719627380371094
4253,-4.169456481933594
4254,-0.4045877456665039
4255,11.586536407470703
4256,1.2591121196746826
4257,-0.9607334136962891
4258,-3.5878677368164062
4259,1.0314643383026123
4260,-0.9112977981567383
4261,-3.9762096405029297
4262,0.3904883861541748
4263,-0.9090232849121094
4264,-3.9837074279785156
4265,0.3921639919281006
4266,-0.9080371856689453
4267,-3.9922733306884766
4268,0.39279985427856445
4269,-0.8653554916381836
4270,-4.02219295501709
4271,0.9011750221252441
4272,-0.8187322616577148
4273,-4.0679426193237305
4274,0.8997442722320557
4275,-0.7789373397827148
4276,-4.105851173400879
4277,0.8964095115661621
4278,-0.7508888244628906
4279,-3.9165830612182617
4280,-1.8659086227416992
4281,-0.5576133728027344
4282,-4.023210525512695
4283,0.5621333122253418
4284,-0.8944511413574219
4285,-3.22647762298584
4286,0.287168025970459
4287,-0.8516454696655273
4288,-3.2217178344726562
4289,0.9243512153625488
4290,-0.5556573867797852
4291,-2.6729183197021484
4292,-4.914559364318848
4293,-0.042980194091796875
4294,-2.4466800689697266
4295,2.755201578140259
4296,-2.207235336303711
4297,-2.8394107818603516
4298,-4.844993591308594
4299,-1.6953840255737305
4300,-2.6364221572875977
4301,4.352142333984375
4302,-3.3598365783691406
4303,-4.461390495300293
4304,-2.0971462726593018
4305,-3.13055419921875
4306,-4.218723297119141
4307,4.315966606140137
4308,-3.6111907958984375
4309,-4.809649467468262
4310,-2.3290200233459473
4311,-3.4415483474731445
4312,-4.586993217468262
4313,4.49908447265625
4314,-3.5971078872680664
4315,-5.04276180267334
4316,-2.323028087615967
4317,-3.506361961364746
4318,-4.4810333251953125
4319,4.134951591491699
4320,-3.4965286254882812
4321,-4.853846549987793
4322,-2.033994674682617
4323,-3.381232261657715
4324,-4.621585845947266
4325,4.1300811767578125
4326,1.460158348083496
4327,3.246540069580078
4328,-5.463897705078125
4329,1.5313940048217773
4330,3.323537826538086
4331,0.2501678466796875
4332,-0.8528308868408203
4333,6.390941619873047
4334,-5.763528823852539
4335,-0.7193880081176758
4336,6.094951629638672
4337,-0.5223555564880371
4338,0.5578451156616211
4339,10.521387100219727
4340,-4.808837890625
4341,0.39985179901123047
4342,10.071943283081055
4343,0.8578429222106934
4344,1.094771385192871
4345,11.335737228393555
4346,-4.6596527099609375
4347,0.8086671829223633
4348,10.688238143920898
4349,1.0260193347930908
4350,-0.5329751968383789
4351,11.710777282714844
4352,-4.924317359924316
4353,-0.4012947082519531
4354,11.296091079711914
4355,0.9985718727111816
4356,-0.7491950988769531
4357,-4.388760566711426
4358,-0.23281574249267578
4359,-0.6673316955566406
4360,-4.782557487487793
4361,-0.7824969291687012
4362,-0.6656694412231445
4363,-4.784578323364258
4364,-0.7816728353500366
4365,-0.6658239364624023
4366,-4.786955833435059
4367,-0.7815512418746948
4368,-0.6305265426635742
4369,-4.801122665405273
4370,-0.04953575134277344
4371,-0.6007328033447266
4372,-4.814689636230469
4373,-0.05073904991149902
4374,-0.5745010375976562
4375,-4.825389862060547
4376,-0.0532839298248291
4377,-0.5251913070678711
4378,-4.647182464599609
4379,-2.5866923332214355
4380,-0.36855030059814453
4381,-4.70433235168457
4382,0.6308434009552002
4383,-0.7207145690917969
4384,-4.02153205871582
4385,-0.8328449726104736
4386,-0.6850051879882812
4387,-3.989543914794922
4388,0.09893918037414551
4389,-0.43375301361083984
4390,-3.4135284423828125
4391,-5.2523698806762695
4392,0.021047592163085938
4393,-3.092257499694824
4394,2.758733034133911
4395,-1.7414579391479492
4396,-4.326876640319824
4397,-5.711077690124512
4398,-1.2671709060668945
4399,-3.7211523056030273
4400,5.555002212524414
4401,-2.6957149505615234
4402,-6.321019172668457
4403,-4.573508262634277
4404,-2.3241519927978516
4405,-5.60737419128418
4406,6.560639381408691
4407,-2.880703926086426
4408,-6.7228240966796875
4409,-5.011713981628418
4410,-2.5631942749023438
4411,-6.116039276123047
4412,6.932952880859375
4413,-2.7962913513183594
4414,-6.811392784118652
4415,-4.844176292419434
4416,-2.592496871948242
4417,-6.27372932434082
4418,6.631047248840332
4419,-2.7371368408203125
4420,-6.733530044555664
4421,-4.46324348449707
4422,-2.516444206237793
4423,-6.073385238647461
4424,6.402549743652344
4425,1.3027620315551758
4426,3.1295108795166016
4427,-5.514885902404785
4428,1.4107732772827148
4429,2.9483375549316406
4430,0.30242109298706055
4431,-0.8353300094604492
4432,6.328985214233398
4433,-5.842702865600586
4434,-0.6981449127197266
4435,6.086427688598633
4436,-0.6683056354522705
4437,0.5565004348754883
4438,10.501960754394531
4439,-5.346567153930664
4440,0.4181814193725586
4441,10.039810180664062
4442,0.5970866680145264
4443,1.0917997360229492
4444,11.307184219360352
4445,-5.274060249328613
4446,0.8340139389038086
4447,10.685422897338867
4448,0.74871826171875
4449,-0.5344161987304688
4450,11.670976638793945
4451,-5.973310470581055
4452,-0.38933563232421875
4453,11.244373321533203
4454,0.7430238723754883
4455,-0.6781377792358398
4456,-4.946815490722656
4457,-0.9119929075241089
4458,-0.5907411575317383
4459,-5.346798896789551
4460,-1.4218026399612427
4461,-0.5824728012084961
4462,-5.35560417175293
4463,-1.4215799570083618
4464,-0.5753679275512695
4465,-5.368208885192871
4466,-1.4219694137573242
4467,-0.567936897277832
4468,-5.357422828674316
4469,-0.667251467704773
4470,-0.5442581176757812
4471,-5.370644569396973
4472,-0.6679962873458862
4473,-0.5237512588500977
4474,-5.385066032409668
4475,-0.6700358390808105
4476,-0.38465213775634766
4477,-5.338793754577637
4478,-2.9551424980163574
4479,-0.3166942596435547
4480,-5.364863395690918
4481,0.4765808582305908
4482,-0.6018133163452148
4483,-4.681377410888672
4484,-1.4191008806228638
4485,-0.5886430740356445
4486,-4.658498764038086
4487,-0.4445827007293701
4488,-0.14968013763427734
4489,-4.084733963012695
4490,-5.328816890716553
4491,-0.0021800994873046875
4492,-3.779433250427246
4493,2.7548515796661377
4494,-1.293013572692871
4495,-5.495412826538086
4496,-6.948884963989258
4497,-1.033315658569336
4498,-5.243264198303223
4499,5.867589950561523
4500,-1.9499187469482422
4501,-7.456716537475586
4502,-5.429071426391602
4503,-1.7950248718261719
4504,-7.148149490356445
4505,6.918058395385742
4506,-2.1146669387817383
4507,-7.942998886108398
4508,-6.028716087341309
4509,-1.9794292449951172
4510,-7.766148567199707
4511,7.258245468139648
4512,-2.040628433227539
4513,-7.994854927062988
4514,-5.801163673400879
4515,-1.9716157913208008
4516,-7.780529022216797
4517,6.967796325683594
4518,-2.0019121170043945
4519,-7.907173156738281
4520,-5.328242778778076
4521,-1.9229602813720703
4522,-7.62202262878418
4523,6.755006790161133
4524,1.166731834411621
4525,2.6602401733398438
4526,-5.6085357666015625
4527,1.0832014083862305
4528,2.426328659057617
4529,0.39733171463012695
4530,-0.8188352584838867
4531,6.311687469482422
4532,-5.907044887542725
4533,-0.7575082778930664
4534,5.933034896850586
4535,-0.7654260396957397
4536,0.5553884506225586
4537,10.525665283203125
4538,-5.424544334411621
4539,0.40926265716552734
4540,9.780828475952148
4541,0.6089668273925781
4542,1.0618295669555664
4543,11.290550231933594
4544,-5.363324165344238
4545,0.8005170822143555
4546,10.387361526489258
4547,0.7732751369476318
4548,-0.5381889343261719
4549,11.671380996704102
4550,-6.3067522048950195
4551,-0.3995227813720703
4552,11.084735870361328
4553,0.6606776714324951
4554,-0.4137582778930664
4555,-5.780789375305176
4556,-0.9551883935928345
4557,-0.3180532455444336
4558,-6.103885650634766
4559,-1.496005654335022
4560,-0.3034811019897461
4561,-6.111081123352051
4562,-1.4955317974090576
4563,-0.28946781158447266
4564,-6.121181488037109
4565,-1.4957823753356934
4566,-0.30738162994384766
4567,-6.115983963012695
4568,-0.7045844793319702
4569,-0.2864351272583008
4570,-6.127842903137207
4571,-0.7055883407592773
4572,-0.2661914825439453
4573,-6.140510559082031
4574,-0.7075496912002563
4575,-0.11518001556396484
4576,-6.0541181564331055
4577,-3.088136672973633
4578,-0.06701278686523438
4579,-6.076282501220703
4580,0.4461705684661865
4581,-0.3490791320800781
4582,-5.457313537597656
4583,-1.4788768291473389
4584,-0.3478670120239258
4585,-5.449607849121094
4586,-0.4592783451080322
4587,-0.004695892333984375
4588,-4.7621917724609375
4589,-5.3860063552856445
4590,0.22936058044433594
4591,-4.457249641418457
4592,2.6437742710113525
4593,-1.0867156982421875
4594,-6.44767951965332
4595,-7.656123161315918
4596,-0.8912801742553711
4597,-6.224579811096191
4598,5.8186798095703125
4599,-1.3773746490478516
4600,-8.524158477783203
4601,-6.016347408294678
4602,-1.2403268814086914
4603,-8.363370895385742
4604,7.217776298522949
4605,-1.5277490615844727
4606,-9.031497955322266
4607,-6.4039812088012695
4608,-1.3579978942871094
4609,-8.963909149169922
4610,7.565158843994141
4611,-1.4525985717773438
4612,-9.09571647644043
4613,-6.247081756591797
4614,-1.3616533279418945
4615,-9.008116722106934
4616,7.2379655838012695
4617,-1.4076118469238281
4618,-8.896158218383789
4619,-5.895129203796387
4620,-1.3371658325195312
4621,-8.839935302734375
4622,7.048285484313965
4623,0.8617753982543945
4624,2.0628585815429688
4625,-5.623169898986816
4626,0.9467439651489258
4627,1.8654747009277344
4628,0.41212964057922363
4629,-0.8046350479125977
4630,6.262969970703125
4631,-5.931765556335449
4632,-0.7563276290893555
4633,5.748086929321289
4634,-0.800426721572876
4635,0.5338907241821289
4636,10.464664459228516
4637,-5.686672210693359
4638,0.3839864730834961
4639,9.669544219970703
4640,0.45705342292785645
4641,1.0472822189331055
4642,11.151107788085938
4643,-5.653596878051758
4644,0.795802116394043
4645,10.359283447265625
4646,0.5715110301971436
4647,-0.5372400283813477
4648,11.665721893310547
4649,-6.688515663146973
4650,-0.4022102355957031
4651,11.11935806274414
4652,0.23633384704589844
4653,-0.05333995819091797
4654,-6.50167179107666
4655,0.027786731719970703
4656,-0.00847625732421875
4657,-6.792149543762207
4658,-0.6327579021453857
4659,-0.01756000518798828
4660,-6.796972274780273
4661,-0.6326655149459839
4662,-0.02932262420654297
4663,-6.805690765380859
4664,-0.6338647603988647
4665,0.08086872100830078
4666,-6.802911758422852
4667,-0.005476713180541992
4668,0.11980152130126953
4669,-6.810459136962891
4670,-0.006021261215209961
4671,0.15713977813720703
4672,-6.822151184082031
4673,-0.00830698013305664
4674,0.10442161560058594
4675,-6.696413993835449
4676,-2.817537784576416
4677,0.33790111541748047
4678,-6.743476867675781
4679,0.30893826484680176
4680,-0.0361328125
4681,-6.2354021072387695
4682,-0.6719884872436523
4683,0.022469520568847656
4684,-6.216331481933594
4685,0.13428330421447754
4686,0.06484699249267578
4687,-5.546277046203613
4688,-5.213661193847656
4689,0.6810808181762695
4690,-5.188553810119629
4691,1.522463083267212
4692,-0.7572088241577148
4693,-7.826023101806641
4694,-6.235467433929443
4695,-0.18507671356201172
4696,-7.202207565307617
4697,3.8744442462921143
4698,-1.061178207397461
4699,-9.84252643585205
4700,-4.804309844970703
4701,-1.1167736053466797
4702,-9.600841522216797
4703,4.366368293762207
4704,-1.108358383178711
4705,-10.466609954833984
4706,-5.167577743530273
4707,-1.0598535537719727
4708,-10.17392349243164
4709,4.370399475097656
4710,-1.068887710571289
4711,-10.476061820983887
4712,-5.068162441253662
4713,-1.0648078918457031
4714,-10.325960159301758
4715,4.038078308105469
4716,-1.0548763275146484
4717,-10.230247497558594
4718,-4.731074333190918
4719,-1.0708942413330078
4720,-10.059673309326172
4721,4.198525428771973
4722,0.3335561752319336
4723,1.2342700958251953
4724,-5.284167289733887
4725,0.787104606628418
4726,1.1204872131347656
4727,0.07133889198303223
4728,-0.7985525131225586
4729,6.132810592651367
4730,-5.418448448181152
4731,-0.6305837631225586
4732,5.365739822387695
4733,-0.6644680500030518
4734,0.49640941619873047
4735,10.294456481933594
4736,-5.445322036743164
4737,0.12514400482177734
4738,9.01563835144043
4739,0.4308590888977051
4740,1.0293264389038086
4741,10.936723709106445
4742,-5.432716369628906
4743,0.2138538360595703
4744,9.843151092529297
4745,0.5024728775024414
4746,-0.5167989730834961
4747,11.666074752807617
4748,-6.575000286102295
4749,-0.6831283569335938
4750,10.080760955810547
4751,-0.15625905990600586
4752,0.49109363555908203
4753,-7.573533058166504
4754,1.5970180034637451
4755,0.5332098007202148
4756,-7.818510055541992
4757,0.8632233142852783
4758,0.5047121047973633
4759,-7.832781791687012
4760,0.863884687423706
4761,0.47466373443603516
4762,-7.849077224731445
4763,0.8627254962921143
4764,0.6550016403198242
4765,-7.779743194580078
4766,1.3844692707061768
4767,0.6954450607299805
4768,-7.7692975997924805
4769,1.383507490158081
4770,0.7357721328735352
4771,-7.760479927062988
4772,1.3811218738555908
4773,0.5025262832641602
4774,-7.680069923400879
4775,-1.7915189266204834
4776,0.8412885665893555
4777,-7.572455406188965
4778,0.6208794116973877
4779,0.4575204849243164
4780,-7.337177276611328
4781,0.7453479766845703
4782,0.5562429428100586
4783,-7.2694902420043945
4784,1.409358263015747
4785,0.1927661895751953
4786,-6.336456298828125
4787,-4.3632659912109375
4788,0.9777650833129883
4789,-5.853111267089844
4790,1.4344346523284912
4791,-0.12365150451660156
4792,-8.617008209228516
4793,-4.667160987854004
4794,0.41484928131103516
4795,-7.926886558532715
4796,3.7274320125579834
4797,-0.5296716690063477
4798,-10.702154159545898
4799,-2.999885082244873
4800,-0.40398693084716797
4801,-10.504941940307617
4802,4.491762161254883
4803,-0.8264398574829102
4804,-11.321675300598145
4805,-3.2081298828125
4806,-0.6012964248657227
4807,-11.160476684570312
4808,4.55800724029541
4809,-0.7504549026489258
4810,-11.29910945892334
4811,-3.186591863632202
4812,-0.7251176834106445
4813,-11.377588272094727
4814,4.183631896972656
4815,-0.6578788757324219
4816,-11.146778106689453
4817,-2.9572291374206543
4818,-0.6406526565551758
4819,-11.067126274108887
4820,4.3049468994140625
4821,-0.0950002670288086
4822,0.3217182159423828
4823,-4.965758323669434
4824,0.5678644180297852
4825,0.37603759765625
4826,-0.2455918788909912
4827,-0.7891139984130859
4828,5.510744094848633
4829,-4.840619087219238
4830,-0.4995689392089844
4831,4.942657470703125
4832,-0.6824934482574463
4833,0.3588266372680664
4834,9.872905731201172
4835,-4.780941486358643
4836,0.12372875213623047
4837,9.11494255065918
4838,0.08435964584350586
4839,0.8133554458618164
4840,10.435148239135742
4841,-4.787115097045898
4842,0.3059663772583008
4843,9.868339538574219
4844,0.0999300479888916
4845,-0.5019092559814453
4846,11.62784194946289
4847,-6.423247337341309
4848,-0.671879768371582
4849,10.243890762329102
4850,-1.1296167373657227
4851,0.45677661895751953
4852,-8.098068237304688
4853,0.45462560653686523
4854,0.5371065139770508
4855,-8.19593334197998
4856,-0.17156672477722168
4857,0.5265226364135742
4858,-8.207721710205078
4859,-0.17145514488220215
4860,0.5095281600952148
4861,-8.217750549316406
4862,-0.17243027687072754
4863,0.651850700378418
4864,-8.140706062316895
4865,0.48134493827819824
4866,0.6803388595581055
4867,-8.125340461730957
4868,0.4805479049682617
4869,0.7033624649047852
4870,-8.110413551330566
4871,0.4779953956604004
4872,0.6361684799194336
4873,-7.998675346374512
4874,-2.3406002521514893
4875,0.8729238510131836
4876,-7.868053436279297
4877,0.5278112888336182
4878,0.46942615509033203
4879,-7.753170013427734
4880,-0.23474740982055664
4881,0.5207033157348633
4882,-7.694930076599121
4883,0.609633207321167
4884,0.44771862030029297
4885,-6.75213623046875
4886,-4.797570705413818
4887,0.9541864395141602
4888,-6.181456565856934
4889,1.3957726955413818
4890,0.3936433792114258
4891,-9.173166275024414
4892,-7.77388858795166
4893,0.7253484725952148
4894,-7.69803524017334
4895,4.322174072265625
4896,0.1677846908569336
4897,-11.559645652770996
4898,-9.850611686706543
4899,0.3710451126098633
4900,-9.749798774719238
4901,5.676030158996582
4902,-0.15506744384765625
4903,-12.315382957458496
4904,-10.54979133605957
4905,0.3560304641723633
4906,-10.247337341308594
4907,5.89493465423584
4908,-0.07464218139648438
4909,-12.31538200378418
4910,-10.374591827392578
4911,0.35321712493896484
4912,-10.316339492797852
4913,5.43143367767334
4914,-0.009194374084472656
4915,-12.134195327758789
4916,-9.823822021484375
4917,0.32888126373291016
4918,-10.176523208618164
4919,5.475909233093262
4920,-0.36609458923339844
4921,-0.6131982803344727
4922,-4.972927093505859
4923,0.24704551696777344
4924,-0.4330434799194336
4925,-0.23921608924865723
4926,-0.7698192596435547
4927,4.531913757324219
4928,-4.9710822105407715
4929,-0.3627920150756836
4930,4.405332565307617
4931,-0.6654665470123291
4932,0.05213451385498047
4933,9.278947830200195
4934,-5.114999771118164
4935,0.02037334442138672
4936,8.849088668823242
4937,-0.15446949005126953
4938,0.4083375930786133
4939,9.767709732055664
4940,-5.164137840270996
4941,0.25890636444091797
4942,9.479354858398438
4943,-0.18501853942871094
4944,-0.5626115798950195
4945,11.428306579589844
4946,-6.926617622375488
4947,-0.634739875793457
4948,10.334733963012695
4949,-1.625287652015686
4950,0.4716176986694336
4951,-9.119429588317871
4952,-1.20845365524292
4953,0.6721162796020508
4954,-9.336788177490234
4955,-1.7031201124191284
4956,0.6927709579467773
4957,-9.3209810256958
4958,-1.7048532962799072
4959,0.7071866989135742
4960,-9.310436248779297
4961,-1.7065544128417969
4962,0.6803560256958008
4963,-9.336715698242188
4964,-0.919930100440979
4965,0.7011499404907227
4966,-9.315160751342773
4967,-0.9209436178207397
4968,0.7187623977661133
4969,-9.29608154296875
4970,-0.9228630065917969
4971,0.9582433700561523
4972,-8.939971923828125
4973,-3.034083366394043
4974,0.9363393783569336
4975,-8.929449081420898
4976,0.40962672233581543
4977,0.5437326431274414
4978,-8.725383758544922
4979,-1.548719882965088
4980,0.5389776229858398
4981,-8.730863571166992
4982,-0.5290982723236084
4983,0.9928293228149414
4984,-7.4166460037231445
4985,-5.066337585449219
4986,0.892024040222168
4987,-7.026019096374512
4988,1.4760181903839111
4989,1.1268606185913086
4990,-10.1718111038208
4991,-9.560487747192383
4992,0.6618452072143555
4993,-8.319820404052734
4994,5.075133323669434
4995,0.7840604782104492
4996,-12.627416610717773
4997,-11.499077796936035
4998,0.3964529037475586
4999,-10.00149917602539
5000,6.774571418762207
5001,0.5989313125610352
5002,-13.182422637939453
5003,-12.315378189086914
5004,0.3722352981567383
5005,-10.3663330078125
5006,7.045768737792969
5007,0.5783529281616211
5008,-13.254276275634766
5009,-12.030278205871582
5010,0.5924272537231445
5011,-10.404505729675293
5012,6.531398773193359
5013,0.6035318374633789
5014,-13.112630844116211
5015,-11.435515403747559
5016,0.575678825378418
5017,-9.991629600524902
5018,6.5408830642700195
5019,-0.32045459747314453
5020,-1.499089241027832
5021,-5.012733459472656
5022,-0.3131551742553711
5023,-1.456374168395996
5024,-0.19899964332580566
5025,-0.6470937728881836
5026,3.2940406799316406
5027,-5.102480888366699
5028,-0.3907299041748047
5029,3.4207096099853516
5030,-0.6078169345855713
5031,-0.11442279815673828
5032,8.252969741821289
5033,-5.000174522399902
5034,-0.17485332489013672
5035,8.171340942382812
5036,0.18764209747314453
5037,0.1602649688720703
5038,8.855302810668945
5039,-5.105053901672363
5040,0.05071544647216797
5041,8.752664566040039
5042,0.149519681930542
5043,-0.6121110916137695
5044,10.66506576538086
5045,-6.725841522216797
5046,-0.6857080459594727
5047,9.683046340942383
5048,-1.1468753814697266
5049,0.6312856674194336
5050,-9.696475982666016
5051,-1.8648816347122192
5052,0.8787870407104492
5053,-9.842264175415039
5054,-2.3455100059509277
5055,0.9091596603393555
5056,-9.809629440307617
5057,-2.3466567993164062
5058,0.9353952407836914
5059,-9.780570983886719
5060,-2.3474671840667725
5061,0.876795768737793
5062,-9.843345642089844
5063,-1.562696099281311
5064,0.9046335220336914
5065,-9.810235977172852
5066,-1.5635602474212646
5067,0.9307832717895508
5068,-9.78013801574707
5069,-1.5643227100372314
5070,1.187180519104004
5071,-9.264402389526367
5072,-3.459933280944824
5073,1.1636362075805664
5074,-9.32818603515625
5075,0.11651301383972168
5076,0.6792516708374023
5077,-9.201286315917969
5078,-2.148470163345337
5079,0.6643819808959961
5080,-9.16528034210205
5081,-1.1295040845870972
5082,1.248429298400879
5083,-7.764039039611816
5084,-5.482846736907959
5085,1.0652647018432617
5086,-7.219439506530762
5087,1.5225560665130615
5088,1.654627799987793
5089,-10.356633186340332
5090,-10.517560958862305
5091,0.7528676986694336
5092,-6.35972785949707
5093,4.755908966064453
5094,1.2842988967895508
5095,-13.416228294372559
5096,-12.510164260864258
5097,0.4157876968383789
5098,-6.737979888916016
5099,6.052638053894043
5100,1.1945924758911133
5101,-14.103595733642578
5102,-13.411349296569824
5103,0.34651851654052734
5104,-7.032657623291016
5105,6.391901016235352
5106,1.1308050155639648
5107,-14.231691360473633
5108,-12.770841598510742
5109,0.44604015350341797
5110,-7.085052490234375
5111,5.74946403503418
5112,1.1274652481079102
5113,-14.025737762451172
5114,-12.327653884887695
5115,0.44887447357177734
5116,-6.841219902038574
5117,5.7841386795043945
5118,-0.42859745025634766
5119,-2.3713607788085938
5120,-5.033297538757324
5121,-0.44001102447509766
5122,-2.288466453552246
5123,-0.17825531959533691
5124,-0.6501197814941406
5125,2.811765670776367
5126,-5.5958571434021
5127,-0.40155887603759766
5128,2.493227005004883
5129,-0.5201847553253174
5130,-0.09801864624023438
5131,7.056915283203125
5132,-5.615917205810547
5133,-0.10474586486816406
5134,7.179752349853516
5135,0.41162657737731934
5136,0.2950286865234375
5137,7.741668701171875
5138,-5.622283458709717
5139,0.14000606536865234
5140,7.7142333984375
5141,0.39687228202819824
5142,-0.49816322326660156
5143,9.509902954101562
5144,-7.491971015930176
5145,-0.6572732925415039
5146,8.95926284790039
5147,-0.8707432746887207
5148,1.140589714050293
5149,-9.773531913757324
5150,-1.7340385913848877
5151,1.3578577041625977
5152,-9.90011978149414
5153,-2.2546024322509766
5154,1.378575325012207
5155,-9.872178077697754
5156,-2.2554526329040527
5157,1.396519660949707
5158,-9.854351043701172
5159,-2.255971908569336
5160,1.3577394485473633
5161,-9.895648002624512
5162,-1.4590474367141724
5163,1.376816749572754
5164,-9.860774993896484
5165,-1.4600259065628052
5166,1.394486427307129
5167,-9.838764190673828
5168,-1.4607369899749756
5169,1.5797815322875977
5170,-9.447340965270996
5171,-3.556401014328003
5172,1.5774412155151367
5173,-9.42883014678955
5174,0.12141966819763184
5175,1.155613899230957
5176,-9.301567077636719
5177,-2.0977821350097656
5178,1.137497901916504
5179,-9.26348876953125
5180,-1.0655869245529175
5181,1.5046720504760742
5182,-8.223764419555664
5183,-5.761078834533691
5184,1.3710260391235352
5185,-7.534526824951172
5186,1.6709110736846924
5187,1.940993309020996
5188,-10.807520866394043
5189,-10.544784545898438
5190,1.0545721054077148
5191,-6.42271614074707
5192,5.127289772033691
5193,1.6609163284301758
5194,-13.726202964782715
5195,-12.224602699279785
5196,0.6668729782104492
5197,-6.597504615783691
5198,6.908892631530762
5199,1.642622947692871
5200,-14.407320022583008
5201,-13.15916919708252
5202,0.5702962875366211
5203,-6.687216758728027
5204,7.25356388092041
5205,1.639143943786621
5206,-14.496740341186523
5207,-12.59115219116211
5208,0.6371946334838867
5209,-6.728461265563965
5210,6.570528984069824
5211,1.629591941833496
5212,-14.297907829284668
5213,-12.072476387023926
5214,0.6389608383178711
5215,-6.693264961242676
5216,6.630364418029785
5217,-0.6371288299560547
5218,-2.981745719909668
5219,-5.161892890930176
5220,-0.5032434463500977
5221,-2.8276500701904297
5222,-0.04869198799133301
5223,-0.8017349243164062
5224,1.4644088745117188
5225,-6.360132694244385
5226,-0.5594968795776367
5227,1.5224285125732422
5228,-0.5203921794891357
5229,-0.021831512451171875
5230,6.181249618530273
5231,-6.427665710449219
5232,-0.08037376403808594
5233,5.953012466430664
5234,0.6150331497192383
5235,0.38352108001708984
5236,6.4239349365234375
5237,-6.404564380645752
5238,0.2110891342163086
5239,6.216341018676758
5240,0.6569499969482422
5241,-0.2871522903442383
5242,8.347761154174805
5243,-8.336397171020508
5244,-0.6166458129882812
5245,7.576389312744141
5246,-0.733932375907898
5247,1.6125173568725586
5248,-9.856565475463867
5249,-1.5829755067825317
5250,1.8569631576538086
5251,-9.882884979248047
5252,-2.109614849090576
5253,1.8640508651733398
5254,-9.856273651123047
5255,-2.110168933868408
5256,1.8665685653686523
5257,-9.844057083129883
5258,-2.1099328994750977
5259,1.861689567565918
5260,-9.881343841552734
5261,-1.3670495748519897
5262,1.8722810745239258
5263,-9.84964370727539
5264,-1.3683894872665405
5265,1.878006935119629
5266,-9.832695007324219
5267,-1.3686596155166626
5268,1.9517793655395508
5269,-9.479446411132812
5270,-3.539149761199951
5271,1.957961082458496
5272,-9.440932273864746
5273,0.05926394462585449
5274,1.5607709884643555
5275,-9.499363899230957
5276,-2.0226263999938965
5277,1.5468454360961914
5278,-9.463671684265137
5279,-1.038522481918335
5280,1.5968046188354492
5281,-8.508346557617188
5282,-5.795010566711426
5283,1.5254545211791992
5284,-7.484160423278809
5285,1.5181472301483154
5286,1.912938117980957
5287,-10.984840393066406
5288,-9.584474563598633
5289,1.1830759048461914
5290,-6.183444023132324
5291,4.834612846374512
5292,2.081295967102051
5293,-13.935307502746582
5294,-10.943472862243652
5295,1.1201200485229492
5296,-6.58879280090332
5297,5.934196472167969
5298,2.11215877532959
5299,-14.654073715209961
5300,-11.714057922363281
5301,1.1224088668823242
5302,-6.704504013061523
5303,6.227229118347168
5304,2.15067195892334
5305,-14.708889961242676
5306,-11.35043716430664
5307,1.1920061111450195
5308,-6.83271598815918
5309,5.638782501220703
5310,2.1445817947387695
5311,-14.526573181152344
5312,-10.857359886169434
5313,1.1451787948608398
5314,-6.835400581359863
5315,5.678750991821289
5316,-0.7765350341796875
5317,-3.748358726501465
5318,-5.145537376403809
5319,-0.6126308441162109
5320,-3.445876121520996
5321,-0.06539082527160645
5322,-1.005244255065918
5323,0.07266998291015625
5324,-6.221510410308838
5325,-0.6780729293823242
5326,0.6216468811035156
5327,-0.37561845779418945
5328,0.021482467651367188
5329,4.957735061645508
5330,-6.029463768005371
5331,-0.05115032196044922
5332,4.765571594238281
5333,0.7911293506622314
5334,0.4460420608520508
5335,5.689027786254883
5336,-5.980718612670898
5337,0.21640586853027344
5338,5.1946868896484375
5339,0.8516621589660645
5340,-0.2757453918457031
5341,6.67329216003418
5342,-7.683053970336914
5343,-0.6092805862426758
5344,6.374937057495117
5345,-0.49414801597595215
5346,1.8362550735473633
5347,-10.078044891357422
5348,-1.4553658962249756
5349,2.0618200302124023
5350,-10.103095054626465
5351,-1.9440773725509644
5352,2.066056251525879
5353,-10.093856811523438
5354,-1.9441946744918823
5355,2.066399574279785
5356,-10.09771728515625
5357,-1.9442837238311768
5358,2.0809812545776367
5359,-10.065673828125
5360,-1.3022915124893188
5361,2.0963258743286133
5362,-10.03079605102539
5363,-1.3035000562667847
5364,2.106125831604004
5365,-10.011531829833984
5366,-1.3037737607955933
5367,2.154452323913574
5368,-9.779204368591309
5369,-3.3600428104400635
5370,2.1795549392700195
5371,-9.580541610717773
5372,0.022777795791625977
5373,1.8171091079711914
5374,-9.676368713378906
5375,-1.8662563562393188
5376,1.8192663192749023
5377,-9.62606430053711
5378,-0.9886540174484253
5379,1.8025026321411133
5380,-8.853715896606445
5381,-5.518708229064941
5382,1.730259895324707
5383,-7.602751731872559
5384,1.335510015487671
5385,2.030886650085449
5386,-11.143343925476074
5387,-9.576811790466309
5388,1.2254209518432617
5389,-5.726454734802246
5390,3.9230496883392334
5391,2.221022605895996
5392,-13.690911293029785
5393,-12.005509376525879
5394,1.0293569564819336
5395,-5.960278511047363
5396,5.801506996154785
5397,2.2692785263061523
5398,-14.39223861694336
5399,-12.803681373596191
5400,1.008549690246582
5401,-6.064732551574707
5402,6.054189682006836
5403,2.325047492980957
5404,-14.398200988769531
5405,-12.332990646362305
5406,1.0504999160766602
5407,-6.15483283996582
5408,5.500740051269531
5409,2.3058080673217773
5410,-14.213129997253418
5411,-11.903489112854004
5412,1.029606819152832
5413,-6.154505729675293
5414,5.502778053283691
5415,-0.8306665420532227
5416,-4.512240409851074
5417,-4.977687358856201
5418,-0.5651187896728516
5419,-3.987598419189453
5420,-0.23503804206848145
5421,-1.4657373428344727
5422,-0.7959003448486328
5423,-6.1429033279418945
5424,-1.0046539306640625
5425,-0.2278156280517578
5426,-0.363757848739624
5427,0.019858360290527344
5428,3.631805419921875
5429,-5.9525651931762695
5430,-0.01965045928955078
5431,3.791210174560547
5432,0.721111536026001
5433,0.4148283004760742
5434,4.336309432983398
5435,-5.898231506347656
5436,0.40112781524658203
5437,3.968484878540039
5438,0.8026580810546875
5439,-0.061061859130859375
5440,5.615848541259766
5441,-7.348974227905273
5442,-0.0244903564453125
5443,5.5214385986328125
5444,-0.48003458976745605
5445,2.2747793197631836
5446,-10.084871292114258
5447,0.5344493389129639
5448,2.3839216232299805
5449,-10.25578784942627
5450,-0.14119482040405273
5451,2.3740968704223633
5452,-10.277236938476562
5453,-0.14065957069396973
5454,2.3637800216674805
5455,-10.307991027832031
5456,-0.14132928848266602
5457,2.4267473220825195
5458,-10.149738311767578
5459,0.4808526039123535
5460,2.4470510482788086
5461,-10.10049819946289
5462,0.4788832664489746
5463,2.471940040588379
5464,-10.042245864868164
5465,0.4777681827545166
5466,2.3753557205200195
5467,-10.124228477478027
5468,-2.5208802223205566
5469,2.502009391784668
5470,-9.735719680786133
5471,0.46915674209594727
5472,2.1781091690063477
5473,-9.845282554626465
5474,-0.24794912338256836
5475,2.2147092819213867
5476,-9.71508502960205
5477,0.5734031200408936
5478,1.9655046463012695
5479,-9.553930282592773
5480,-4.6115827560424805
5481,2.1601152420043945
5482,-7.591102600097656
5483,1.2652781009674072
5484,2.0438528060913086
5485,-11.510005950927734
5486,-5.098008155822754
5487,1.5887784957885742
5488,-5.535361289978027
5489,3.9331624507904053
5490,2.035550117492676
5491,-12.843313217163086
5492,-2.5212583541870117
5493,1.6607637405395508
5494,-6.900875091552734
5495,6.810975074768066
5496,2.020493507385254
5497,-13.547256469726562
5498,-2.449354887008667
5499,1.6148672103881836
5500,-6.986307144165039
5501,7.409792900085449
5502,2.087447166442871
5503,-13.526902198791504
5504,-2.1998703479766846
5505,1.6251649856567383
5506,-7.155139923095703
5507,6.882316589355469
5508,2.0790815353393555
5509,-13.166935920715332
5510,-2.3487813472747803
5511,1.5740766525268555
5512,-7.05841064453125
5513,6.655797958374023
5514,-0.8465347290039062
5515,-5.382678985595703
5516,-4.833037376403809
5517,-0.4454917907714844
5518,-4.817060470581055
5519,-0.3803572654724121
5520,-1.9361934661865234
5521,-2.146280288696289
5522,-6.062684059143066
5523,-1.4835691452026367
5524,-1.7830810546875
5525,-0.014783620834350586
5526,-0.2443065643310547
5527,1.5960235595703125
5528,-6.824765205383301
5529,-0.19399356842041016
5530,1.7544593811035156
5531,-0.07565593719482422
5532,0.10577201843261719
5533,1.64642333984375
5534,-6.8593339920043945
5535,0.31012725830078125
5536,1.6405963897705078
5537,-0.08027911186218262
5538,-0.03967761993408203
5539,3.4594974517822266
5540,-7.318270683288574
5541,0.044857025146484375
5542,3.5483169555664062
5543,-0.469313383102417
5544,2.217942237854004
5545,-10.111597061157227
5546,0.15776705741882324
5547,2.385432243347168
5548,-10.298391342163086
5549,-0.4674060344696045
5550,2.382683753967285
5551,-10.320036888122559
5552,-0.46709537506103516
5553,2.376957893371582
5554,-10.347949981689453
5555,-0.4675931930541992
5556,2.4268903732299805
5557,-10.212326049804688
5558,0.18751859664916992
5559,2.454827308654785
5560,-10.171940803527832
5561,0.18644475936889648
5562,2.480362892150879
5563,-10.135948181152344
5564,0.1849825382232666
5565,2.4296960830688477
5566,-10.170215606689453
5567,-2.531332015991211
5568,2.591193199157715
5569,-9.852898597717285
5570,0.5138628482818604
5571,2.141263008117676
5572,-9.924736022949219
5573,-0.49407410621643066
5574,2.1722707748413086
5575,-9.82989501953125
5576,0.37465810775756836
5577,2.0970964431762695
5578,-9.306543350219727
5579,-4.711775779724121
5580,2.294205665588379
5581,-7.644346237182617
5582,1.3196666240692139
5583,1.823542594909668
5584,-10.34054946899414
5585,-7.503649711608887
5586,1.402409553527832
5587,-5.379137992858887
5588,3.120018720626831
5589,1.5891447067260742
5590,-12.111015319824219
5591,-9.496344566345215
5592,1.3883790969848633
5593,-6.2344770431518555
5594,4.531466484069824
5595,1.5657072067260742
5596,-12.57037353515625
5597,-10.07906723022461
5598,1.6011323928833008
5599,-6.332222938537598
5600,4.977972984313965
5601,1.6105279922485352
5602,-12.611699104309082
5603,-9.442538261413574
5604,1.5313005447387695
5605,-6.452600479125977
5606,4.325422286987305
5607,1.605788230895996
5608,-12.444609642028809
5609,-9.27284049987793
5610,1.4970064163208008
5611,-6.387938499450684
5612,4.289423942565918
5613,-0.8361787796020508
5614,-5.791284561157227
5615,-4.862963676452637
5616,-0.4565305709838867
5617,-5.189788818359375
5618,-0.3500633239746094
5619,-2.461488723754883
5620,-2.872708320617676
5621,-5.597947120666504
5622,-1.9453125
5623,-2.722355842590332
5624,0.40896081924438477
5625,-0.6410980224609375
5626,0.42617225646972656
5627,-6.6542510986328125
5628,-0.5684833526611328
5629,0.33184242248535156
5630,0.4293947219848633
5631,-0.36551570892333984
5632,0.3355751037597656
5633,-6.782637596130371
5634,-0.17412185668945312
5635,0.22585296630859375
5636,0.36397361755371094
5637,-0.07631587982177734
5638,2.3807525634765625
5639,-5.870662689208984
5640,-0.019199371337890625
5641,2.51605224609375
5642,0.7179124355316162
5643,2.2860021591186523
5644,-10.253236770629883
5645,1.5562961101531982
5646,2.47573184967041
5647,-10.44236946105957
5648,0.9856431484222412
5649,2.4830331802368164
5650,-10.456537246704102
5651,0.9865548610687256
5652,2.4890851974487305
5653,-10.471165657043457
5654,0.9869048595428467
5655,2.5036134719848633
5656,-10.346890449523926
5657,1.6239821910858154
5658,2.5315980911254883
5659,-10.29454231262207
5660,1.6235740184783936
5661,2.565117835998535
5662,-10.23003101348877
5663,1.6219170093536377
5664,2.5806150436401367
5665,-10.198389053344727
5666,-0.9238373041152954
5667,2.7103776931762695
5668,-9.875051498413086
5669,2.033604860305786
5670,2.2226438522338867
5671,-9.96914291381836
5672,0.940518856048584
5673,2.2369298934936523
5674,-9.879634857177734
5675,1.7973096370697021
5676,2.2806081771850586
5677,-9.130096435546875
5678,-3.416581869125366
5679,2.366654396057129
5680,-7.423604965209961
5681,2.795842409133911
5682,1.585383415222168
5683,-9.338790893554688
5684,-7.524168968200684
5685,1.4157514572143555
5686,-5.304470062255859
5687,3.796196222305298
5688,1.2346391677856445
5689,-11.270636558532715
5690,-10.734864234924316
5691,1.0992918014526367
5692,-5.931002616882324
5693,4.668434143066406
5694,1.1156587600708008
5695,-11.701042175292969
5696,-11.467236518859863
5697,1.3850774765014648
5698,-5.976279258728027
5699,5.189896583557129
5700,1.209406852722168
5701,-11.755099296569824
5702,-10.80817699432373
5703,1.3420743942260742
5704,-6.428849220275879
5705,4.571022033691406
5706,1.2426881790161133
5707,-11.59212875366211
5708,-10.498435020446777
5709,1.2354097366333008
5710,-6.219046592712402
5711,4.447709083557129
5712,-0.8212146759033203
5713,-6.0471649169921875
5714,-4.863380432128906
5715,-0.5284957885742188
5716,-5.1065673828125
5717,-0.34906959533691406
5718,-2.976306915283203
5719,-4.114283561706543
5720,-4.743474960327148
5721,-2.444197654724121
5722,-3.3734264373779297
5723,0.28437066078186035
5724,-1.0883007049560547
5725,-0.9946231842041016
5726,-6.726168632507324
5727,-0.9572525024414062
5728,-0.8804569244384766
5729,-0.7347384691238403
5730,-0.7646074295043945
5731,-1.0916919708251953
5732,-6.9623565673828125
5733,-0.5607137680053711
5734,-1.1325740814208984
5735,-0.9286791086196899
5736,-0.5250644683837891
5737,0.8308315277099609
5738,-6.323788166046143
5739,-0.3680238723754883
5740,1.055511474609375
5741,-0.4167325496673584
5742,2.32572078704834
5743,-10.358768463134766
5744,2.7780582904815674
5745,2.5157175064086914
5746,-10.58191967010498
5747,2.236048936843872
5748,2.534430503845215
5749,-10.587007522583008
5750,2.2369582653045654
5751,2.5526647567749023
5752,-10.586990356445312
5753,2.237097978591919
5754,2.5158681869506836
5755,-10.495357513427734
5756,2.8949134349823
5757,2.5314741134643555
5758,-10.446170806884766
5759,2.895313024520874
5760,2.5593061447143555
5761,-10.361559867858887
5762,2.8942935466766357
5763,2.6481218338012695
5764,-10.209548950195312
5765,0.39620304107666016
5766,2.6897974014282227
5767,-9.935370445251465
5768,3.406092405319214
5769,2.2801332473754883
5770,-9.964616775512695
5771,2.172567129135132
5772,2.2711572647094727
5773,-9.904828071594238
5774,3.0480191707611084
5775,2.4678468704223633
5776,-9.157461166381836
5777,-2.491542100906372
5778,2.376847267150879
5779,-7.422540664672852
5780,4.2599287033081055
5781,1.4605035781860352
5782,-8.923704147338867
5783,-6.631725311279297
5784,1.316603660583496
5785,-5.243095397949219
5786,4.894173622131348
5787,0.548100471496582
5788,-10.717540740966797
5789,-9.60572338104248
5790,0.671574592590332
5791,-5.132081031799316
5792,5.042211532592773
5793,0.2729196548461914
5794,-11.132852554321289
5795,-10.308046340942383
5796,0.5757684707641602
5797,-4.863162994384766
5798,5.551731109619141
5799,0.3858804702758789
5800,-11.189241409301758
5801,-9.726876258850098
5802,0.5012998580932617
5803,-5.320806503295898
5804,4.971798896789551
5805,0.4665060043334961
5806,-11.049249649047852
5807,-9.395081520080566
5808,0.5473203659057617
5809,-5.407380104064941
5810,4.82728385925293
5811,-0.6927766799926758
5812,-6.29951286315918
5813,-4.878256797790527
5814,-0.5228271484375
5815,-5.3146162033081055
5816,-0.3332710266113281
5817,-3.045705795288086
5818,-5.515264511108398
5819,-5.01792573928833
5820,-2.799893379211426
5821,-4.682844161987305
5822,0.20817852020263672
5823,-1.5064868927001953
5824,-2.09409236907959
5825,-6.9503984451293945
5826,-1.415471076965332
5827,-1.8538188934326172
5828,-0.8199540376663208
5829,-1.1945276260375977
5830,-2.0736122131347656
5831,-7.167593002319336
5832,-1.037623405456543
5833,-1.9048881530761719
5834,-1.023079752922058
5835,-1.0998191833496094
5836,-0.06399154663085938
5837,-6.655352592468262
5838,-0.9858770370483398
5839,0.17335128784179688
5840,-0.6725101470947266
5841,2.2915849685668945
5842,-10.22286319732666
5843,1.241213321685791
5844,2.4944276809692383
5845,-10.527836799621582
5846,0.7021102905273438
5847,2.518673896789551
5848,-10.506462097167969
5849,0.7024984359741211
5850,2.5404958724975586
5851,-10.503143310546875
5852,0.7023470401763916
5853,2.4825124740600586
5854,-10.45134162902832
5855,1.3850452899932861
5856,2.4978818893432617
5857,-10.423101425170898
5858,1.3850722312927246
5859,2.515749931335449
5860,-10.377488136291504
5861,1.3835818767547607
5862,2.671860694885254
5863,-10.20211410522461
5864,-1.0870592594146729
5865,2.6825857162475586
5866,-9.99206829071045
5867,2.0291240215301514
5868,2.2542600631713867
5869,-9.86901569366455
5870,0.665966272354126
5871,2.230238914489746
5872,-9.832849502563477
5873,1.5657708644866943
5874,2.5120840072631836
5875,-9.132772445678711
5876,-3.3535048961639404
5877,2.4334802627563477
5878,-7.7678117752075195
5879,3.337061643600464
5880,1.4165220260620117
5881,-8.698629379272461
5882,-6.63401985168457
5883,1.2675104141235352
5884,-5.97783088684082
5885,3.7084567546844482
5886,-0.13808059692382812
5887,-10.552277565002441
5888,-7.152189254760742
5889,-0.24452877044677734
5890,-6.316361427307129
5891,2.6684505939483643
5892,-0.4924449920654297
5893,-11.052141189575195
5894,-7.736371040344238
5895,-0.5700178146362305
5896,-6.27436637878418
5897,3.104039430618286
5898,-0.40203857421875
5899,-11.076952934265137
5900,-7.053292274475098
5901,-0.6522397994995117
5902,-6.672211647033691
5903,2.4901750087738037
5904,-0.29320716857910156
5905,-10.825238227844238
5906,-6.840432167053223
5907,-0.5359773635864258
5908,-6.6942548751831055
5909,2.388146162033081
5910,-0.623504638671875
5911,-6.281276702880859
5912,-5.095115661621094
5913,-0.4689197540283203
5914,-5.527493476867676
5915,-0.12032175064086914
5916,-3.123563766479492
5917,-6.714297294616699
5918,-4.885967254638672
5919,-2.7411794662475586
5920,-5.924929618835449
5921,1.629375696182251
5922,-1.8595857620239258
5923,-3.0243473052978516
5924,-4.5746331214904785
5925,-1.7027664184570312
5926,-2.7735328674316406
5927,1.772200345993042
5928,-1.5513982772827148
5929,-3.035921096801758
5930,-4.5413031578063965
5931,-1.3373022079467773
5932,-2.834296226501465
5933,1.696199655532837
5934,-1.7986946105957031
5935,-0.7459163665771484
5936,-3.380206346511841
5937,-1.7191858291625977
5938,-0.6499032974243164
5939,2.6352174282073975
5940,2.345311164855957
5941,-10.336554527282715
5942,0.49506545066833496
5943,2.545517921447754
5944,-10.633251190185547
5945,-0.01851367950439453
5946,2.5633420944213867
5947,-10.645589828491211
5948,-0.018951416015625
5949,2.5913686752319336
5950,-10.651885032653809
5951,-0.01785755157470703
5952,2.5588998794555664
5953,-10.526395797729492
5954,0.6446881294250488
5955,2.593502998352051
5956,-10.49478816986084
5957,0.6459286212921143
5958,2.624009132385254
5959,-10.445444107055664
5960,0.6442761421203613
5961,2.7167253494262695
5962,-10.38414478302002
5963,-2.040283441543579
5964,2.794245719909668
5965,-10.098114013671875
5966,0.9768686294555664
5967,2.2900705337524414
5968,-10.080989837646484
5969,-0.1938784122467041
5970,2.296198844909668
5971,-10.004240036010742
5972,0.6865906715393066
5973,2.3935670852661133
5974,-9.339459419250488
5975,-5.174880027770996
5976,2.48044490814209
5977,-7.961047172546387
5978,2.963397741317749
5979,1.0684480667114258
5980,-8.720637321472168
5981,-6.861419677734375
5982,1.2159204483032227
5983,-6.499264717102051
5984,2.7047717571258545
5985,-0.7368354797363281
5986,-10.309066772460938
5987,-6.688351631164551
5988,-0.6692104339599609
5989,-7.144021034240723
5990,1.640451192855835
5991,-1.186375617980957
5992,-10.395536422729492
5993,-7.293666839599609
5994,-1.059586524963379
5995,-7.263352394104004
5996,2.0817930698394775
5997,-1.1313247680664062
5998,-10.641858100891113
5999,-6.760744094848633
6000,-1.1492300033569336
6001,-7.546099662780762
6002,1.4234578609466553
6003,-0.9913272857666016
6004,-10.558769226074219
6005,-6.439070701599121
6006,-1.014089584350586
6007,-7.476710319519043
6008,1.3365867137908936
6009,-0.672332763671875
6010,-6.286403656005859
6011,-5.144002437591553
6012,-0.5276422500610352
6013,-5.593203544616699
6014,-0.07213401794433594
6015,-3.106149673461914
6016,-7.969923973083496
6017,-4.3993449211120605
6018,-2.5693235397338867
6019,-6.960914611816406
6020,2.637376546859741
6021,-2.1851682662963867
6022,-3.974055290222168
6023,-3.98507022857666
6024,-2.091716766357422
6025,-3.87307071685791
6026,1.8107450008392334
6027,-1.9178380966186523
6028,-3.8026857376098633
6029,-3.9136414527893066
6030,-1.8067855834960938
6031,-3.765925407409668
6032,1.6415550708770752
6033,-2.507195472717285
6034,-1.7005882263183594
6035,-2.4436659812927246
6036,-2.50685977935791
6037,-1.453404426574707
6038,2.521639585494995
6039,2.2936830520629883
6040,-10.350255966186523
6041,-0.5027549266815186
6042,2.508997917175293
6043,-10.617666244506836
6044,-1.0325207710266113
6045,2.5234079360961914
6046,-10.627376556396484
6047,-1.032625675201416
6048,2.5386743545532227
6049,-10.635538101196289
6050,-1.0325090885162354
6051,2.526547431945801
6052,-10.554054260253906
6053,-0.33165884017944336
6054,2.555911064147949
6055,-10.52608871459961
6056,-0.33013200759887695
6057,2.5842199325561523
6058,-10.493916511535645
6059,-0.3309328556060791
6060,2.656338691711426
6061,-10.354147911071777
6062,-2.938673257827759
6063,2.7655820846557617
6064,-10.112070083618164
6065,0.21461081504821777
6066,2.237002372741699
6067,-10.084314346313477
6068,-1.1590509414672852
6069,2.2494020462036133
6070,-10.018131256103516
6071,-0.2375626564025879
6072,2.2783212661743164
6073,-9.218122482299805
6074,-5.8896636962890625
6075,2.517401695251465
6076,-8.162620544433594
6077,2.4020731449127197
6078,0.7038373947143555
6079,-8.644153594970703
6080,-7.043513298034668
6081,1.0650110244750977
6082,-7.3103837966918945
6083,2.5789124965667725
6084,-1.1319828033447266
6085,-10.102684020996094
6086,-6.322144985198975
6087,-0.7437648773193359
6088,-8.258761405944824
6089,1.3805503845214844
6090,-1.5599651336669922
6091,-9.992855072021484
6092,-7.061417579650879
6093,-1.0591201782226562
6094,-8.478960037231445
6095,1.7548882961273193
6096,-1.5329580307006836
6097,-10.332929611206055
6098,-6.573348045349121
6099,-1.143385887145996
6100,-8.74925422668457
6101,1.0170106887817383
6102,-1.3897514343261719
6103,-10.33363151550293
6104,-6.100881576538086
6105,-1.044342041015625
6106,-8.642847061157227
6107,1.0430209636688232
6108,-0.6863212585449219
6109,-6.116098403930664
6110,-5.144739627838135
6111,-0.5636472702026367
6112,-5.849237442016602
6113,-0.07084178924560547
6114,-2.7630720138549805
6115,-9.433404922485352
6116,-4.585960388183594
6117,-2.359503746032715
6118,-8.46205997467041
6119,2.4792840480804443
6120,-2.4925336837768555
6121,-5.024558067321777
6122,-4.151826858520508
6123,-2.3595876693725586
6124,-4.712137222290039
6125,1.4240825176239014
6126,-2.276095390319824
6127,-4.703514099121094
6128,-4.048218727111816
6129,-2.1929235458374023
6130,-4.143650054931641
6131,1.2478187084197998
6132,-3.0816783905029297
6133,-3.040925979614258
6134,-2.413304567337036
6135,-3.0377864837646484
6136,-2.8593902587890625
6137,1.8843920230865479
6138,2.4209070205688477
6139,-10.391796112060547
6140,-0.6284247636795044
6141,2.6267499923706055
6142,-10.611433029174805
6143,-1.2212265729904175
6144,2.6304616928100586
6145,-10.631735801696777
6146,-1.2211418151855469
6147,2.632662773132324
6148,-10.654356002807617
6149,-1.2207324504852295
6150,2.6658029556274414
6151,-10.510537147521973
6152,-0.5530767440795898
6153,2.6966142654418945
6154,-10.466394424438477
6155,-0.5523180961608887
6156,2.725712776184082
6157,-10.421842575073242
6158,-0.552600622177124
6159,2.676823616027832
6160,-10.378290176391602
6161,-3.3545069694519043
6162,2.834956169128418
6163,-10.051803588867188
6164,-0.37270307540893555
6165,2.3283472061157227
6166,-10.13371753692627
6167,-1.3542098999023438
6168,2.3755903244018555
6169,-10.053653717041016
6170,-0.4819343090057373
6171,2.1560564041137695
6172,-9.217527389526367
6173,-6.260583877563477
6174,2.481339454650879
6175,-8.072128295898438
6176,1.364809513092041
6177,0.38539981842041016
6178,-8.801431655883789
6179,-7.083547592163086
6180,0.9487314224243164
6181,-6.770041465759277
6182,2.5739848613739014
6183,-1.3078937530517578
6184,-10.039012908935547
6185,-4.984781265258789
6186,-0.8016576766967773
6187,-7.611077308654785
6188,2.7626826763153076
6189,-1.7933216094970703
6190,-10.091615676879883
6191,-5.363824844360352
6192,-1.1694154739379883
6193,-7.803275108337402
6194,3.1929619312286377
6195,-1.7397327423095703
6196,-10.378955841064453
6197,-5.032906532287598
6198,-1.247889518737793
6199,-7.993816375732422
6200,2.575719118118286
6201,-1.6059083938598633
6202,-10.327383995056152
6203,-4.78050422668457
6204,-1.1140165328979492
6205,-7.899229049682617
6206,2.5094096660614014
6207,-0.7386512756347656
6208,-6.127942085266113
6209,-5.14201545715332
6210,-0.5266180038452148
6211,-5.920511245727539
6212,-0.07360458374023438
6213,-2.63577938079834
6214,-10.260543823242188
6215,-3.9182016849517822
6216,-2.2001142501831055
6217,-9.202391624450684
6218,2.168180227279663
6219,-2.7519426345825195
6220,-6.061206817626953
6221,-3.50299334526062
6222,-2.494990348815918
6223,-5.441684722900391
6224,0.8810303211212158
6225,-2.6172494888305664
6226,-5.411199569702148
6227,-3.3709874153137207
6228,-2.4150314331054688
6229,-4.805157661437988
6230,0.5050361156463623
6231,-3.6962995529174805
6232,-4.8189849853515625
6233,-1.9644808769226074
6234,-3.4075307846069336
6235,-4.442032814025879
6236,1.325279951095581
6237,2.382340431213379
6238,-10.382291793823242
6239,-1.6361700296401978
6240,2.605340003967285
6241,-10.537105560302734
6242,-2.1945409774780273
6243,2.6136960983276367
6244,-10.550910949707031
6245,-2.195225477218628
6246,2.6177167892456055
6247,-10.565546989440918
6248,-2.1956846714019775
6249,2.6285390853881836
6250,-10.453882217407227
6251,-1.579641580581665
6252,2.655604362487793
6253,-10.409083366394043
6254,-1.5791767835617065
6255,2.6778345108032227
6256,-10.366232872009277
6257,-1.5795283317565918
6258,2.650618553161621
6259,-10.228675842285156
6260,-4.075796127319336
6261,2.770148277282715
6262,-9.902143478393555
6263,-1.3159135580062866
6264,2.27768611907959
6265,-10.135873794555664
6266,-2.2619376182556152
6267,2.3055639266967773
6268,-10.05345344543457
6269,-1.4596680402755737
6270,2.0633230209350586
6271,-9.207508087158203
6272,-6.421833038330078
6273,2.343573570251465
6274,-8.020548820495605
6275,0.3724794387817383
6276,0.13296222686767578
6277,-9.014898300170898
6278,-7.126470565795898
6279,0.695225715637207
6280,-7.142390251159668
6281,1.634634256362915
6282,-1.4805965423583984
6283,-10.45724105834961
6284,-5.9110846519470215
6285,-0.8917350769042969
6286,-8.083078384399414
6287,1.7340342998504639
6288,-1.9978456497192383
6289,-10.659791946411133
6290,-6.375297546386719
6291,-1.1754159927368164
6292,-8.309934616088867
6293,2.1068451404571533
6294,-1.975142478942871
6295,-11.000008583068848
6296,-6.026442527770996
6297,-1.2394676208496094
6298,-8.486539840698242
6299,1.5753271579742432
6300,-1.8040771484375
6301,-10.920482635498047
6302,-5.720778465270996
6303,-1.1398639678955078
6304,-8.376165390014648
6305,1.5216014385223389
6306,-0.7845516204833984
6307,-6.364313125610352
6308,-4.890507698059082
6309,-0.5152683258056641
6310,-5.867504119873047
6311,-0.3238236904144287
6312,-2.197014808654785
6313,-10.750557899475098
6314,-3.3019073009490967
6315,-1.5233335494995117
6316,-8.943132400512695
6317,2.196803331375122
6318,-2.9317502975463867
6319,-7.241596221923828
6320,-1.8587872982025146
6321,-2.5464677810668945
6322,-6.302284240722656
6323,1.5653932094573975
6324,-2.862668037414551
6325,-6.504428863525391
6326,-1.5819685459136963
6327,-2.5674848556518555
6328,-5.63987922668457
6329,1.4518382549285889
6330,-4.008978843688965
6331,-7.062368392944336
6332,-0.14940762519836426
6333,-3.2311439514160156
6334,-5.7283525466918945
6335,2.139291524887085
6336,2.311549186706543
6337,-10.123598098754883
6338,-2.262995719909668
6339,2.5105791091918945
6340,-10.28858470916748
6341,-2.8823485374450684
6342,2.514206886291504
6343,-10.306135177612305
6344,-2.8832008838653564
6345,2.5139760971069336
6346,-10.326821327209473
6347,-2.883659839630127
6348,2.5365381240844727
6349,-10.203139305114746
6350,-2.2951724529266357
6351,2.5672101974487305
6352,-10.142988204956055
6353,-2.29557728767395
6354,2.5889368057250977
6355,-10.097302436828613
6356,-2.2961204051971436
6357,2.534623146057129
6358,-10.028972625732422
6359,-4.861608505249023
6360,2.672266960144043
6361,-9.67774772644043
6362,-2.229196548461914
6363,2.2008466720581055
6364,-9.882749557495117
6365,-2.8942487239837646
6366,2.2399988174438477
6367,-9.778467178344727
6368,-2.129328966140747
6369,2.0267934799194336
6370,-9.159846305847168
6371,-6.823261260986328
6372,2.217585563659668
6373,-7.700235366821289
6374,-0.5159435272216797
6375,-0.0922536849975586
6376,-9.209053039550781
6377,-7.170740127563477
6378,0.552830696105957
6379,-7.366401672363281
6380,1.6283013820648193
6381,-1.5930566787719727
6382,-11.048225402832031
6383,-5.854928016662598
6384,-0.8092985153198242
6385,-8.953584671020508
6386,2.5956900119781494
6387,-2.024611473083496
6388,-11.349939346313477
6389,-6.284852027893066
6390,-0.9944381713867188
6391,-9.310050010681152
6392,2.5734188556671143
6393,-1.9594850540161133
6394,-11.66067123413086
6395,-5.916323184967041
6396,-1.0437822341918945
6397,-9.443618774414062
6398,1.8889672756195068
6399,-1.829411506652832
6400,-11.512304306030273
6401,-5.659175872802734
6402,-0.9917240142822266
6403,-9.301761627197266
6404,2.2743566036224365
6405,-0.7992820739746094
6406,-6.563381195068359
6407,-4.721639633178711
6408,-0.5339498519897461
6409,-5.734397888183594
6410,-0.4911224842071533
6411,-1.4045257568359375
6412,-10.701501846313477
6413,-2.768008232116699
6414,-0.9597015380859375
6415,-9.088600158691406
6416,2.1158840656280518
6417,-2.825063705444336
6418,-8.149907112121582
6419,-0.23268389701843262
6420,-2.442394256591797
6421,-7.572254180908203
6422,2.7812345027923584
6423,-2.895536422729492
6424,-7.443350791931152
6425,0.14477086067199707
6426,-2.601350784301758
6427,-6.865888595581055
6428,2.8911006450653076
6429,-3.824268341064453
6430,-8.823530197143555
6431,1.3632175922393799
6432,-3.1484155654907227
6433,-7.644250869750977
6434,3.482372522354126
6435,2.357184410095215
6436,-9.997440338134766
6437,-3.802609443664551
6438,2.556523323059082
6439,-10.126272201538086
6440,-4.423508644104004
6441,2.552182197570801
6442,-10.143260955810547
6443,-4.423719882965088
6444,2.5444955825805664
6445,-10.164310455322266
6446,-4.424099445343018
6447,2.592574119567871
6448,-10.036112785339355
6449,-3.786191701889038
6450,2.6241941452026367
6451,-9.964085578918457
6452,-3.7869038581848145
6453,2.6443662643432617
6454,-9.914472579956055
6455,-3.7873148918151855
6456,2.509476661682129
6457,-9.855849266052246
6458,-6.264894485473633
6459,2.670546531677246
6460,-9.504936218261719
6461,-3.3876419067382812
6462,2.2057085037231445
6463,-9.795994758605957
6464,-4.390488147735596
6465,2.2385778427124023
6466,-9.685474395751953
6467,-3.555750608444214
6468,1.7862825393676758
6469,-9.022488594055176
6470,-8.053400993347168
6471,2.1332216262817383
6472,-7.5369977951049805
6473,-1.3132309913635254
6474,-0.3441743850708008
6475,-9.409942626953125
6476,-8.294046401977539
6477,0.4398069381713867
6478,-6.8786115646362305
6479,1.878570795059204
6480,-1.546107292175293
6481,-11.271408081054688
6482,-6.2976179122924805
6483,-0.7646608352661133
6484,-7.9937543869018555
6485,4.52686882019043
6486,-1.9383535385131836
6487,-11.719038009643555
6488,-6.750099182128906
6489,-0.9553356170654297
6490,-8.229262351989746
6491,5.201253890991211
6492,-1.8126907348632812
6493,-12.001306533813477
6494,-6.45079231262207
6495,-1.001936912536621
6496,-8.358796119689941
6497,4.638266563415527
6498,-1.7146968841552734
6499,-11.883241653442383
6500,-6.13338565826416
6501,-0.9459047317504883
6502,-8.262205123901367
6503,4.380889892578125
6504,-0.9248638153076172
6505,-6.711887359619141
6506,-4.768542289733887
6507,-0.5563583374023438
6508,-5.930788993835449
6509,-0.44377684593200684
6510,-0.6754379272460938
6511,-11.416715621948242
6512,-3.324493885040283
6513,-0.2554130554199219
6514,-9.630167007446289
6515,1.7957847118377686
6516,-2.5299272537231445
6517,-9.662209510803223
6518,-0.7868765592575073
6519,-2.0886411666870117
6520,-7.738463401794434
6521,1.9842407703399658
6522,-2.6540870666503906
6523,-8.967020034790039
6524,-0.417064905166626
6525,-2.2836837768554688
6526,-7.496764183044434
6527,2.027907133102417
6528,-3.4106826782226562
6529,-10.653665542602539
6530,0.518202543258667
6531,-2.802103042602539
6532,-8.319314956665039
6533,2.350842237472534
6534,2.3457212448120117
6535,-9.860703468322754
6536,-3.4146151542663574
6537,2.5368223190307617
6538,-10.120707511901855
6539,-4.055934906005859
6540,2.531437873840332
6541,-10.134227752685547
6542,-4.056352615356445
6543,2.5245351791381836
6544,-10.150360107421875
6545,-4.056741714477539
6546,2.575140953063965
6547,-9.938138008117676
6548,-3.4600448608398438
6549,2.5964365005493164
6550,-9.832677841186523
6551,-3.460719585418701
6552,2.613112449645996
6553,-9.7574462890625
6554,-3.4611151218414307
6555,2.471177101135254
6556,-9.84271240234375
6557,-5.894637107849121
6558,2.615593910217285
6559,-9.25159740447998
6560,-3.2023017406463623
6561,2.1763181686401367
6562,-9.602104187011719
6563,-3.989358901977539
6564,2.2026567459106445
6565,-9.517810821533203
6566,-3.2097296714782715
6567,1.5602846145629883
6568,-8.885971069335938
6569,-7.576284408569336
6570,2.1125173568725586
6571,-7.470587730407715
6572,-1.2858721017837524
6573,-0.3334474563598633
6574,-9.369997024536133
6575,-8.042523384094238
6576,0.31899356842041016
6577,-6.86723518371582
6578,1.9362552165985107
6579,-1.2865991592407227
6580,-11.56180477142334
6581,-6.258555889129639
6582,-0.6389951705932617
6583,-8.48404598236084
6584,4.578547477722168
6585,-1.5238351821899414
6586,-11.996574401855469
6587,-6.770153045654297
6588,-0.8121185302734375
6589,-8.765848159790039
6590,5.1363677978515625
6591,-1.4287824630737305
6592,-12.18546199798584
6593,-6.518551826477051
6594,-0.8633394241333008
6595,-8.901594161987305
6596,4.5856523513793945
6597,-1.3345355987548828
6598,-12.038609504699707
6599,-6.1356024742126465
6600,-0.7998323440551758
6601,-8.835244178771973
6602,4.422163963317871
6603,-1.0770378112792969
6604,-6.882241249084473
6605,-4.75175666809082
6606,-0.6526498794555664
6607,-6.120967864990234
6608,-0.4576287269592285
6609,-0.21968746185302734
6610,-11.529767036437988
6611,-3.466604709625244
6612,0.07004642486572266
6613,-10.324603080749512
6614,1.6118385791778564
6615,-2.344496726989746
6616,-10.224849700927734
6617,-0.7403994798660278
6618,-1.9807748794555664
6619,-9.079174041748047
6620,3.7337005138397217
6621,-2.5845508575439453
6622,-9.672100067138672
6623,-0.2818121910095215
6624,-1.8974437713623047
6625,-8.591292381286621
6626,4.018404006958008
6627,-3.0895776748657227
6628,-11.469655990600586
6629,0.605902910232544
6630,-2.5027894973754883
6631,-9.639669418334961
6632,4.43387508392334
6633,2.3912878036499023
6634,-9.614825248718262
6635,-3.881117343902588
6636,2.5775461196899414
6637,-9.554437637329102
6638,-4.48147439956665
6639,2.5689191818237305
6640,-9.545947074890137
6641,-4.480772972106934
6642,2.559638023376465
6643,-9.541888236999512
6644,-4.48104190826416
6645,2.6032934188842773
6646,-9.448186874389648
6647,-3.9756619930267334
6648,2.61171817779541
6649,-9.371428489685059
6650,-3.976625680923462
6651,2.624222755432129
6652,-9.259839057922363
6653,-3.9776663780212402
6654,2.457577705383301
6655,-9.191329956054688
6656,-6.15774393081665
6657,2.5691938400268555
6658,-8.760249137878418
6659,-3.879915475845337
6660,2.201165199279785
6661,-9.442259788513184
6662,-4.415570259094238
6663,2.219264030456543
6664,-9.299861907958984
6665,-3.7620062828063965
6666,1.2875699996948242
6667,-8.823487281799316
6668,-7.622471809387207
6669,1.9775781631469727
6670,-7.3914337158203125
6671,-2.172654390335083
6672,-0.42339420318603516
6673,-9.471147537231445
6674,-6.764115333557129
6675,0.026696205139160156
6676,-7.31093692779541
6677,-0.18111586570739746
6678,-0.9981765747070312
6679,-11.552046775817871
6680,-3.3338029384613037
6681,-0.734283447265625
6682,-8.816278457641602
6683,0.5434989929199219
6684,-0.8802671432495117
6685,-12.092123031616211
6686,-3.5846574306488037
6687,-0.899566650390625
6688,-9.113123893737793
6689,0.6361706256866455
6690,-0.5824670791625977
6691,-12.028390884399414
6692,-3.5273079872131348
6693,-0.9076671600341797
6694,-9.18195915222168
6695,0.1337270736694336
6696,-0.5584449768066406
6697,-11.808208465576172
6698,-3.2501649856567383
6699,-0.8449325561523438
6700,-9.121546745300293
6701,0.3489573001861572
6702,-1.1877765655517578
6703,-7.009884834289551
6704,-4.736100673675537
6705,-0.6681718826293945
6706,-6.457155227661133
6707,-0.47241759300231934
6708,0.12590980529785156
6709,-11.444421768188477
6710,-4.0254974365234375
6711,0.46674251556396484
6712,-10.805852890014648
6713,0.6700725555419922
6714,-2.1976327896118164
6715,-10.906271934509277
6716,-1.0525511503219604
6717,-1.8956632614135742
6718,-10.458028793334961
6719,2.7576591968536377
6720,-2.2571001052856445
6721,-10.415667533874512
6722,-0.6199712753295898
6723,-1.8439445495605469
6724,-10.100872039794922
6725,2.945833921432495
6726,-3.0094404220581055
6727,-12.320192337036133
6728,0.14575719833374023
6729,-2.4589452743530273
6730,-11.516944885253906
6731,3.2150518894195557
6732,2.4373579025268555
6733,-8.91893482208252
6734,-4.633754253387451
6735,2.6062402725219727
6736,-8.66558837890625
6737,-5.301724433898926
6738,2.590956687927246
6739,-8.656943321228027
6740,-5.300516128540039
6741,2.575558662414551
6742,-8.649049758911133
6743,-5.300346374511719
6744,2.633397102355957
6745,-8.536067962646484
6746,-4.848265647888184
6747,2.6341562271118164
6748,-8.447169303894043
6749,-4.850314140319824
6750,2.6349058151245117
6751,-8.354486465454102
6752,-4.851339340209961
6753,2.4141931533813477
6754,-8.238505363464355
6755,-7.033352851867676
6756,2.513638496398926
6757,-7.890851974487305
6758,-4.985182762145996
6759,2.2104711532592773
6760,-8.857993125915527
6761,-5.155158996582031
6762,2.2174806594848633
6763,-8.720134735107422
6764,-4.566891670227051
6765,0.9473409652709961
6766,-8.752248764038086
6767,-7.7910661697387695
6768,1.7792024612426758
6769,-7.102513313293457
6770,-3.4923148155212402
6771,-0.6371822357177734
6772,-9.539020538330078
6773,-6.389727592468262
6774,0.07334232330322266
6775,-7.328369140625
6776,-1.3849238157272339
6777,-0.5877475738525391
6778,-11.21844482421875
6779,-3.3623757362365723
6780,-0.6551742553710938
6781,-8.922069549560547
6782,-0.689666748046875
6783,-0.43511390686035156
6784,-11.713232040405273
6785,-3.6720383167266846
6786,-0.8693141937255859
6787,-9.240163803100586
6788,-0.7833718061447144
6789,-0.12497711181640625
6790,-11.734888076782227
6791,-3.771381378173828
6792,-0.8975992202758789
6793,-9.28172492980957
6794,-1.287044882774353
6795,-0.11999320983886719
6796,-11.63322925567627
6797,-3.3645472526550293
6798,-0.7974061965942383
6799,-9.221720695495605
6800,-0.8926281929016113
6801,-1.2698335647583008
6802,-7.300732612609863
6803,-4.432990550994873
6804,-0.666656494140625
6805,-6.51859188079834
6806,-0.7717339992523193
6807,0.45958423614501953
6808,-11.250307083129883
6809,-4.275183200836182
6810,0.6991434097290039
6811,-10.478675842285156
6812,-0.5671901702880859
6813,-1.7359533309936523
6814,-11.2446928024292
6815,-1.0791095495224
6816,-1.5508928298950195
6817,-10.799148559570312
6818,2.2634623050689697
6819,-2.059682846069336
6820,-10.930593490600586
6821,-0.6587759256362915
6822,-1.7173662185668945
6823,-10.566036224365234
6824,2.45013689994812
6825,-2.1539182662963867
6826,-12.761459350585938
6827,-0.14863848686218262
6828,-1.9655065536499023
6829,-11.921533584594727
6830,2.6673972606658936
6831,2.523379325866699
6832,-7.859084129333496
6833,-4.694064140319824
6834,2.639378547668457
6835,-7.562222480773926
6836,-5.31571626663208
6837,2.6216001510620117
6838,-7.584085464477539
6839,-5.314454078674316
6840,2.591374397277832
6841,-7.581787109375
6842,-5.314627647399902
6843,2.6633787155151367
6844,-7.424016952514648
6845,-4.972229480743408
6846,2.6593332290649414
6847,-7.345514297485352
6848,-4.973929405212402
6849,2.640658378601074
6850,-7.260988235473633
6851,-4.974453926086426
6852,2.392947196960449
6853,-7.372611045837402
6854,-6.781612396240234
6855,2.481308937072754
6856,-6.947347640991211
6857,-5.225794792175293
6858,2.2993555068969727
6859,-7.988337516784668
6860,-5.1028642654418945
6861,2.3021421432495117
6862,-7.836386680603027
6863,-4.654147148132324
6864,0.8869638442993164
6865,-8.683107376098633
6866,-7.255230903625488
6867,1.6253538131713867
6868,-6.359429359436035
6869,-4.070462703704834
6870,-0.49906063079833984
6871,-9.78408432006836
6872,-5.270838737487793
6873,0.1344928741455078
6874,-7.137944221496582
6875,-1.8567614555358887
6876,0.04557609558105469
6877,-10.200959205627441
6878,-2.1105992794036865
6879,-0.4672555923461914
6880,-8.342748641967773
6881,-0.21549081802368164
6882,0.23682308197021484
6883,-10.392041206359863
6884,-2.2667055130004883
6885,-0.5882072448730469
6886,-8.600902557373047
6887,-0.13145899772644043
6888,0.45481395721435547
6889,-9.86113452911377
6890,-2.367746591567993
6891,-0.58099365234375
6892,-8.69333553314209
6893,-0.5689182281494141
6894,0.4009733200073242
6895,-9.769947052001953
6896,-2.123579740524292
6897,-0.552154541015625
6898,-8.652242660522461
6899,-0.35608935356140137
6900,-1.2652950286865234
6901,-7.642271041870117
6902,-3.944074869155884
6903,-0.6543483734130859
6904,-6.600643157958984
6905,-1.2596925497055054
6906,0.7506570816040039
6907,-10.916276931762695
6908,-3.6643805503845215
6909,1.0047597885131836
6910,-9.973411560058594
6911,-0.7023104429244995
6912,-0.8965816497802734
6913,-11.12939167022705
6914,-0.2097482681274414
6915,-0.9271974563598633
6916,-11.232084274291992
6917,2.0797502994537354
6918,-1.4169549942016602
6919,-11.001219749450684
6920,0.24062871932983398
6921,-1.3926362991333008
6922,-11.098480224609375
6923,2.2979443073272705
6924,-1.0990667343139648
6925,-11.941845893859863
6926,1.1625051498413086
6927,-1.3376312255859375
6928,-12.758238792419434
6929,2.693828821182251
6930,2.4220361709594727
6931,-6.885736465454102
6932,-7.346743583679199
6933,2.517571449279785
6934,-6.566518783569336
6935,-7.797877311706543
6936,2.5134477615356445
6937,-6.601959228515625
6938,-7.7973432540893555
6939,2.5360002517700195
6940,-6.6068620681762695
6941,-7.798527717590332
6942,2.54457950592041
6943,-6.498654365539551
6944,-7.354423522949219
6945,2.5484533309936523
6946,-6.415093421936035
6947,-7.3568620681762695
6948,2.542243003845215
6949,-6.370201110839844
6950,-7.357420921325684
6951,2.090909004211426
6952,-6.512185096740723
6953,-8.36802864074707
6954,2.350396156311035
6955,-6.164787292480469
6956,-6.398160457611084
6957,2.2103700637817383
6958,-7.10113525390625
6959,-7.451993942260742
6960,2.2234086990356445
6961,-7.020275115966797
6962,-6.877399444580078
6963,0.5706949234008789
6964,-8.236286163330078
6965,-7.756467819213867
6966,1.540938377380371
6967,-5.893686294555664
6968,-4.530710220336914
6969,-0.5795221328735352
6970,-9.579151153564453
6971,-5.543178558349609
6972,0.2058858871459961
6973,-6.927350997924805
6974,-2.118379592895508
6975,-0.043396949768066406
6976,-9.843111038208008
6977,-2.834968090057373
6978,0.052247047424316406
6979,-8.210553169250488
6980,-0.6596508026123047
6981,0.028726577758789062
6982,-10.01207160949707
6983,-3.07932710647583
6984,-0.0175933837890625
6985,-8.436256408691406
6986,-0.44644832611083984
6987,0.19890499114990234
6988,-9.53150749206543
6989,-3.290654420852661
6990,-0.039745330810546875
6991,-8.535972595214844
6992,-0.9687459468841553
6993,0.18964290618896484
6994,-9.430414199829102
6995,-2.888282537460327
6996,-0.04487037658691406
6997,-8.522013664245605
6998,-0.7959425449371338
6999,-1.2057533264160156
7000,-7.43370246887207
7001,-3.8879756927490234
7002,-0.654698371887207
7003,-6.576200485229492
7004,-1.3141260147094727
7005,0.8383607864379883
7006,-10.403100967407227
7007,-4.3102803230285645
7008,1.291398048400879
7009,-9.784807205200195
7010,-1.3614425659179688
7011,-0.6520347595214844
7012,-11.276681900024414
7013,-1.3220221996307373
7014,-0.5020933151245117
7015,-11.40908432006836
7016,1.2675368785858154
7017,-1.0887937545776367
7018,-11.233426094055176
7019,-0.959336519241333
7020,-0.9337873458862305
7021,-11.450000762939453
7022,1.5821278095245361
7023,-0.6352510452270508
7024,-12.568062782287598
7025,-0.4508333206176758
7026,-0.7751560211181641
7027,-13.091463088989258
7028,1.9252560138702393
7029,2.322108268737793
7030,-5.804836273193359
7031,-10.181675910949707
7032,1.909499168395996
7033,-5.632944107055664
7034,-10.285285949707031
7035,1.8492212295532227
7036,-5.652646064758301
7037,-10.285028457641602
7038,1.7974786758422852
7039,-5.668268203735352
7040,-10.28719711303711
7041,2.02500057220459
7042,-5.545770645141602
7043,-10.080495834350586
7044,2.0460424423217773
7045,-5.5083160400390625
7046,-10.08456039428711
7047,2.0644216537475586
7048,-5.475371360778809
7049,-10.086206436157227
7050,1.4544916152954102
7051,-5.762189865112305
7052,-9.49065113067627
7053,1.848668098449707
7054,-5.4455976486206055
7055,-8.588500022888184
7056,1.992518424987793
7057,-6.339874267578125
7058,-9.799269676208496
7059,2.149428367614746
7060,-6.251774787902832
7061,-9.541146278381348
7062,0.6142663955688477
7063,-6.800642967224121
7064,-8.176179885864258
7065,1.4925012588500977
7066,-5.946094512939453
7067,-5.898900032043457
7068,-0.3693246841430664
7069,-8.084589958190918
7070,-5.867435455322266
7071,0.4450693130493164
7072,-7.605605125427246
7073,-3.4439573287963867
7074,-0.06421756744384766
7075,-8.959781646728516
7076,-3.7012600898742676
7077,0.1692037582397461
7078,-8.143295288085938
7079,-2.0924270153045654
7080,-0.07589244842529297
7081,-9.24026870727539
7082,-3.9031171798706055
7083,0.026086807250976562
7084,-8.265856742858887
7085,-1.8275799751281738
7086,0.056583404541015625
7087,-9.037033081054688
7088,-4.11765718460083
7089,0.015032768249511719
7090,-8.350506782531738
7091,-2.364975929260254
7092,0.08563709259033203
7093,-8.896142959594727
7094,-3.7234301567077637
7095,0.05752277374267578
7096,-8.327699661254883
7097,-2.2137045860290527
7098,-1.1178369522094727
7099,-7.003513336181641
7100,-3.54142689704895
7101,-0.6331520080566406
7102,-7.147893905639648
7103,-1.6620874404907227
7104,0.855198860168457
7105,-10.092973709106445
7106,-6.550497055053711
7107,1.2789545059204102
7108,-9.636589050292969
7109,-3.3868892192840576
7110,-0.4047079086303711
7111,-9.847245216369629
7112,-3.6067395210266113
7113,-0.33611011505126953
7114,-11.570677757263184
7115,-3.279496908187866
7116,-0.7423715591430664
7117,-9.902917861938477
7118,-3.2571139335632324
7119,-0.6883316040039062
7120,-11.523675918579102
7121,-3.252222776412964
7122,-0.2064676284790039
7123,-11.0969877243042
7124,-3.6904280185699463
7125,-0.3238487243652344
7126,-12.767662048339844
7127,-3.9360737800598145
7128,0.7896642684936523
7129,-6.893669128417969
7130,-10.626254081726074
7131,0.8348684310913086
7132,-6.655116081237793
7133,-10.932475090026855
7134,0.8260869979858398
7135,-6.573431968688965
7136,-10.932225227355957
7137,0.818181037902832
7138,-6.486227989196777
7139,-10.93413257598877
7140,0.8870611190795898
7141,-6.817196846008301
7142,-10.89111614227295
7143,0.9156103134155273
7144,-6.83438777923584
7145,-10.894170761108398
7146,0.943638801574707
7147,-6.839869499206543
7148,-10.896597862243652
7149,0.8759927749633789
7150,-6.234148025512695
7151,-10.291044235229492
7152,1.0530366897583008
7153,-6.662075996398926
7154,-10.15149211883545
7155,0.7050981521606445
7156,-6.902554512023926
7157,-10.208504676818848
7158,0.7746286392211914
7159,-7.043430328369141
7160,-10.169400215148926
7161,0.5835981369018555
7162,-5.778499603271484
7163,-8.26975154876709
7164,1.0199289321899414
7165,-7.958467483520508
7166,-8.082111358642578
7167,-0.2867555618286133
7168,-6.134461402893066
7169,-5.955209732055664
7170,0.4456758499145508
7171,-8.835521697998047
7172,-5.536508560180664
7173,-0.23952674865722656
7174,-6.93806266784668
7175,-4.172469139099121
7176,0.07408618927001953
7177,-8.588892936706543
7178,-3.6078624725341797
7179,-0.15541839599609375
7180,-6.967726707458496
7181,-4.184384822845459
7182,-0.08111000061035156
7183,-8.684272766113281
7184,-3.4813244342803955
7185,-0.030892372131347656
7186,-7.064813613891602
7187,-4.258152961730957
7188,-0.09586811065673828
7189,-8.582944869995117
7190,-3.5630931854248047
7191,0.013943672180175781
7192,-7.100811958312988
7193,-4.141551971435547
7194,-0.054737091064453125
7195,-8.473307609558105
7196,-3.5819902420043945
7197,-0.7023038864135742
7198,-6.843962669372559
7199,-2.6338980197906494
7200,-0.49365901947021484
7201,-8.285400390625
7202,-2.5755650997161865
7203,0.1845712661743164
7204,-6.642946243286133
7205,0.11618733406066895
7206,0.5643529891967773
7207,-9.844093322753906
7208,-2.490478754043579
7209,-0.24640369415283203
7210,-6.672415733337402
7211,3.3041155338287354
7212,-0.08082771301269531
7213,-11.765790939331055
7214,2.7054693698883057
7215,-0.31262779235839844
7216,-7.099828720092773
7217,3.650144338607788
7218,-0.14681339263916016
7219,-11.848386764526367
7220,3.087439775466919
7221,-0.3688344955444336
7222,-6.364806175231934
7223,3.377082109451294
7224,0.14844894409179688
7225,-12.961544036865234
7226,2.735205888748169
7227,-0.04137420654296875
7228,-8.282930374145508
7229,-11.034770965576172
7230,0.062470436096191406
7231,-7.699579238891602
7232,-11.504934310913086
7233,0.0673513412475586
7234,-7.546117782592773
7235,-11.50526237487793
7236,0.15069007873535156
7237,-6.673771858215332
7238,-11.509126663208008
7239,0.15544605255126953
7240,-8.296354293823242
7241,-11.377520561218262
7242,0.18035507202148438
7243,-8.49166488647461
7244,-11.378467559814453
7245,0.20482730865478516
7246,-8.666648864746094
7247,-11.378665924072266
7248,0.3929910659790039
7249,-6.925137519836426
7250,-11.584832191467285
7251,0.4786367416381836
7252,-8.829163551330566
7253,-11.017056465148926
7254,0.03518867492675781
7255,-7.901098251342773
7256,-10.845792770385742
7257,-0.024542808532714844
7258,-8.51797866821289
7259,-10.677035331726074
7260,0.48337841033935547
7261,-5.800270080566406
7262,-9.289078712463379
7263,0.8495874404907227
7264,-9.78934097290039
7265,-9.082763671875
7266,0.16296672821044922
7267,-3.6608715057373047
7268,-6.074706554412842
7269,0.5376214981079102
7270,-10.3408784866333
7271,-5.499395370483398
7272,-0.19838905334472656
7273,-4.214962959289551
7274,-4.57358455657959
7275,0.02904796600341797
7276,-10.21981430053711
7277,-2.8363473415374756
7278,-0.17167186737060547
7279,-4.052040100097656
7280,-4.558470726013184
7281,-0.13663387298583984
7282,-10.40855598449707
7283,-2.565678358078003
7284,-0.10245895385742188
7285,-4.378458023071289
7286,-4.614445686340332
7287,-0.1535797119140625
7288,-10.094588279724121
7289,-2.705230951309204
7290,-0.062354087829589844
7291,-4.554971694946289
7292,-4.522869110107422
7293,-0.11320781707763672
7294,-9.861522674560547
7295,-2.8095552921295166
7296,-0.3167848587036133
7297,-6.7299604415893555
7298,-2.745415687561035
7299,-0.06543922424316406
7300,-8.782039642333984
7301,-2.4638211727142334
7302,-0.049236297607421875
7303,-5.473180770874023
7304,1.7712666988372803
7305,0.5827932357788086
7306,-10.31066608428955
7307,1.8944504261016846
7308,0.17966842651367188
7309,-3.7875938415527344
7310,6.239010810852051
7311,0.4911355972290039
7312,-12.036152839660645
7313,6.916975975036621
7314,0.23633098602294922
7315,-3.7159900665283203
7316,6.73052978515625
7317,0.5993795394897461
7318,-12.09457778930664
7319,7.410058975219727
7320,0.17508888244628906
7321,-2.865138053894043
7322,6.608470916748047
7323,0.7307939529418945
7324,-13.158235549926758
7325,7.17426872253418
7326,0.31557273864746094
7327,-8.221296310424805
7328,-9.81754207611084
7329,0.42403125762939453
7330,-7.865805625915527
7331,-9.981094360351562
7332,0.4323701858520508
7333,-7.757220268249512
7334,-9.983321189880371
7335,0.45208072662353516
7336,-7.366716384887695
7337,-9.987898826599121
7338,0.43307971954345703
7339,-8.29158878326416
7340,-9.916894912719727
7341,0.43328189849853516
7342,-8.465999603271484
7343,-9.9173583984375
7344,0.43238162994384766
7345,-8.665328979492188
7346,-9.917832374572754
7347,0.4706850051879883
7348,-7.299415588378906
7349,-9.280820846557617
7350,0.43620777130126953
7351,-8.683055877685547
7352,-8.957866668701172
7353,0.24727249145507812
7354,-7.88558292388916
7355,-9.399118423461914
7356,0.21798992156982422
7357,-8.404157638549805
7358,-9.320054054260254
7359,0.3461027145385742
7360,-6.347324371337891
7361,-8.769523620605469
7362,0.2841367721557617
7363,-8.838892936706543
7364,-7.5383405685424805
7365,0.15527057647705078
7366,-4.8294782638549805
7367,-7.995763778686523
7368,0.16816329956054688
7369,-8.793601989746094
7370,-6.435315132141113
7371,-0.16688060760498047
7372,-5.614428520202637
7373,-11.221927642822266
7374,-0.043417930603027344
7375,-8.975528717041016
7376,-6.760727882385254
7377,-0.12068843841552734
7378,-5.698234558105469
7379,-11.971355438232422
7380,-0.17853355407714844
7381,-8.906243324279785
7382,-7.137545585632324
7383,0.0264892578125
7384,-5.957118034362793
7385,-11.826831817626953
7386,-0.1731710433959961
7387,-8.710366249084473
7388,-7.081742286682129
7389,0.00342559814453125
7390,-5.968474388122559
7391,-11.238389015197754
7392,-0.1507244110107422
7393,-8.482955932617188
7394,-6.753931045532227
7395,0.08146381378173828
7396,-6.672882080078125
7397,-2.616386651992798
7398,0.11728382110595703
7399,-8.039512634277344
7400,-2.5959744453430176
7401,0.6201963424682617
7402,-5.012979507446289
7403,2.101081609725952
7404,1.0211725234985352
7405,-9.195273399353027
7406,2.3346593379974365
7407,0.5997476577758789
7408,-3.6261367797851562
7409,6.820655822753906
7410,1.1823663711547852
7411,-9.933415412902832
7412,7.019403457641602
7413,0.6556196212768555
7414,-3.4777870178222656
7415,7.362293243408203
7416,1.3076791763305664
7417,-9.858978271484375
7418,7.511623382568359
7419,0.3879728317260742
7420,-3.0611982345581055
7421,7.110296249389648
7422,0.9377622604370117
7423,-10.391695022583008
7424,7.062304496765137
7425,0.2744598388671875
7426,-8.239351272583008
7427,-15.441940307617188
7428,0.2889080047607422
7429,-7.985878944396973
7430,-15.755569458007812
7431,0.2912931442260742
7432,-7.907773971557617
7433,-15.754809379577637
7434,0.29434680938720703
7435,-7.602278709411621
7436,-15.75655746459961
7437,0.2637195587158203
7438,-8.292525291442871
7439,-15.669745445251465
7440,0.2429361343383789
7441,-8.413924217224121
7442,-15.672356605529785
7443,0.2220916748046875
7444,-8.553813934326172
7445,-15.674079895019531
7446,0.1952056884765625
7447,-7.428158760070801
7448,-14.657258987426758
7449,0.08718013763427734
7450,-8.454651832580566
7451,-14.317381858825684
7452,0.20905113220214844
7453,-7.962795257568359
7454,-14.767502784729004
7455,0.16290950775146484
7456,-8.293977737426758
7457,-14.672272682189941
7458,0.009176254272460938
7459,-6.664104461669922
7460,-10.964034080505371
7461,-0.09516334533691406
7462,-8.473508834838867
7463,-11.25947093963623
7464,0.2380228042602539
7465,-5.770637512207031
7466,-7.907957077026367
7467,0.0907135009765625
7468,-8.237665176391602
7469,-7.3573713302612305
7470,0.6879472732543945
7471,-7.227072715759277
7472,-7.8316802978515625
7473,0.09795570373535156
7474,-8.810078620910645
7475,-5.022525787353516
7476,0.809758186340332
7477,-7.396278381347656
7478,-8.473797798156738
7479,0.05473613739013672
7480,-8.88602066040039
7481,-5.026314735412598
7482,0.848942756652832
7483,-7.469764709472656
7484,-8.0335693359375
7485,0.01971912384033203
7486,-8.82938003540039
7487,-5.321847915649414
7488,0.8054876327514648
7489,-7.424493789672852
7490,-7.693286895751953
7491,0.02801990509033203
7492,-8.699777603149414
7493,-5.04378604888916
7494,0.41111087799072266
7495,-6.848823547363281
7496,-2.616241931915283
7497,0.44983577728271484
7498,-7.484210014343262
7499,-2.587895154953003
7500,1.483963966369629
7501,-5.924376487731934
7502,3.3975179195404053
7503,1.5548791885375977
7504,-7.918322563171387
7505,2.8104002475738525
7506,1.483006477355957
7507,-6.576559066772461
7508,10.741105079650879
7509,1.712174415588379
7510,-8.962051391601562
7511,10.296610832214355
7512,1.4423208236694336
7513,-6.974257469177246
7514,11.553431510925293
7515,1.6702680587768555
7516,-9.036648750305176
7517,11.132904052734375
7518,1.6429357528686523
7519,-6.314016342163086
7520,11.486238479614258
7521,2.152327537536621
7522,-9.163394927978516
7523,11.079188346862793
7524,0.07873821258544922
7525,-8.156561851501465
7526,-4.004246234893799
7527,-0.01969146728515625
7528,-8.014062881469727
7529,-3.9488773345947266
7530,-0.03644752502441406
7531,-7.948554992675781
7532,-3.949002504348755
7533,-0.05466938018798828
7534,-7.766999244689941
7535,-3.9512646198272705
7536,0.0041675567626953125
7537,-8.267800331115723
7538,-4.132111072540283
7539,-0.0009698867797851562
7540,-8.375564575195312
7541,-4.1316423416137695
7542,-0.006077766418457031
7543,-8.509761810302734
7544,-4.1356282234191895
7545,-0.1416921615600586
7546,-7.577253341674805
7547,-3.7094526290893555
7548,-0.06429672241210938
7549,-8.450311660766602
7550,-4.474863529205322
7551,0.06455707550048828
7552,-7.943698883056641
7553,-3.844522476196289
7554,0.07657718658447266
7555,-8.21125602722168
7556,-4.103499412536621
7557,-0.09900093078613281
7558,-6.868834495544434
7559,-3.111489772796631
7560,0.09894275665283203
7561,-8.732950210571289
7562,-6.711409568786621
7563,0.1218881607055664
7564,-6.055671691894531
7565,-1.5009205341339111
7566,0.4272584915161133
7567,-9.396512985229492
7568,-3.34116268157959
7569,0.7825040817260742
7570,-6.3166303634643555
7571,-0.9921220541000366
7572,1.1709413528442383
7573,-9.649152755737305
7574,-2.771822929382324
7575,0.9535150527954102
7576,-6.408743858337402
7577,-1.0168664455413818
7578,1.3022661209106445
7579,-9.825223922729492
7580,-2.768460273742676
7581,1.0824003219604492
7582,-6.374360084533691
7583,-0.9000171422958374
7584,1.3550939559936523
7585,-9.734977722167969
7586,-3.0291032791137695
7587,1.0413808822631836
7588,-6.426365852355957
7589,-0.9289225339889526
7590,1.3103361129760742
7591,-9.589374542236328
7592,-2.843310832977295
7593,0.4072256088256836
7594,-7.151633262634277
7595,-2.5002927780151367
7596,0.6281576156616211
7597,-7.974575996398926
7598,-2.706848621368408
7599,1.5508928298950195
7600,-6.312228202819824
7601,-0.5103285312652588
7602,2.0730466842651367
7603,-7.639103889465332
7604,-0.893962025642395
7605,1.636643409729004
7606,-7.556868553161621
7607,6.44708251953125
7608,1.7831811904907227
7609,-8.910268783569336
7610,0.06595063209533691
7611,1.778763771057129
7612,-8.058547019958496
7613,7.925326347351074
7614,1.4906129837036133
7615,-9.089446067810059
7616,0.2648019790649414
7617,2.048457145690918
7618,-7.872333526611328
7619,9.274663925170898
7620,2.2345399856567383
7621,-8.989233016967773
7622,0.4159200191497803
7623,-1.8489770889282227
7624,-2.9151535034179688
7625,-6.5276947021484375
7626,-2.080209732055664
7627,-2.9643030166625977
7628,-6.759882926940918
7629,-2.1066360473632812
7630,-3.0573720932006836
7631,-6.760256767272949
7632,-2.1281728744506836
7633,-3.145505905151367
7634,-6.763257026672363
7635,-2.066709518432617
7636,-2.8438777923583984
7637,-6.116324424743652
7638,-2.0744457244873047
7639,-2.827939987182617
7640,-6.116818904876709
7641,-2.081456184387207
7642,-2.8103713989257812
7643,-6.117527008056641
7644,-2.225275993347168
7645,-3.7596988677978516
7646,-6.845755577087402
7647,-2.163517951965332
7648,-3.3072433471679688
7649,-3.8662614822387695
7650,-1.7267160415649414
7651,-3.3495330810546875
7652,-6.500406265258789
7653,-1.6743135452270508
7654,-3.149439811706543
7655,-5.646867752075195
7656,-1.8995428085327148
7657,-5.862196922302246
7658,-7.0404863357543945
7659,-1.36822509765625
7660,-4.083439826965332
7661,-1.7190065383911133
7662,-0.9713678359985352
7663,-8.188055038452148
7664,-7.613616943359375
7665,-0.43565845489501953
7666,-6.665154457092285
7667,-0.47687625885009766
7668,-0.1827716827392578
7669,-8.652137756347656
7670,-7.765214920043945
7671,0.23418903350830078
7672,-7.465780258178711
7673,-1.9980107545852661
7674,-0.04452800750732422
7675,-8.841129302978516
7676,-8.425615310668945
7677,0.44321155548095703
7678,-7.6195878982543945
7679,-2.190769910812378
7680,-0.03155708312988281
7681,-8.546364784240723
7682,-8.606964111328125
7683,0.43767452239990234
7684,-7.586970329284668
7685,-2.835988998413086
7686,-0.0639801025390625
7687,-8.440327644348145
7688,-7.8415069580078125
7689,0.33420848846435547
7690,-7.580859184265137
7691,-2.3114497661590576
7692,0.15862369537353516
7693,-8.58698844909668
7694,-4.416418075561523
7695,0.2828798294067383
7696,-6.962062835693359
7697,-0.7934505939483643
7698,0.5599431991577148
7699,-5.863563537597656
7700,-10.691157341003418
7701,0.5879755020141602
7702,-3.564962387084961
7703,-4.812232971191406
7704,2.438326835632324
7705,-8.847021102905273
7706,-7.330074310302734
7707,2.345086097717285
7708,-5.622297286987305
7709,-4.693911075592041
7710,2.49959659576416
7711,-9.501249313354492
7712,-7.0010480880737305
7713,2.5889596939086914
7714,-6.4365644454956055
7715,-4.76387882232666
7716,3.5568838119506836
7717,-8.705499649047852
7718,-8.274531364440918
7719,3.1939897537231445
7720,-4.6096696853637695
7721,-6.243380546569824
7722,-2.169571876525879
7723,-2.93288516998291
7724,-7.89921760559082
7725,-2.389399528503418
7726,-3.0205326080322266
7727,-8.078948020935059
7728,-2.4145936965942383
7729,-3.1259870529174805
7730,-8.079561233520508
7731,-2.4380598068237305
7732,-3.2343482971191406
7733,-8.08259105682373
7734,-2.3644399642944336
7735,-2.875199317932129
7736,-7.49788761138916
7737,-2.365593910217285
7738,-2.856983184814453
7739,-7.498830795288086
7740,-2.3619918823242188
7741,-2.8321762084960938
7742,-7.49995231628418
7743,-2.461880683898926
7744,-3.8616418838500977
7745,-7.928966522216797
7746,-2.395230293273926
7747,-3.335927963256836
7748,-5.266643524169922
7749,-2.0074052810668945
7750,-3.358814239501953
7751,-7.792942047119141
7752,-1.985560417175293
7753,-3.1532468795776367
7754,-7.027591705322266
7755,-1.9485397338867188
7756,-6.014838218688965
7757,-8.331291198730469
7758,-1.3966388702392578
7759,-4.087531089782715
7760,-2.9609251022338867
7761,-0.6908903121948242
7762,-8.135723114013672
7763,-9.444416046142578
7764,-0.39922046661376953
7765,-6.177055358886719
7766,-1.8883395195007324
7767,0.4899148941040039
7768,-7.464816093444824
7769,-9.76763916015625
7770,0.3690519332885742
7771,-6.652926445007324
7772,-3.5233027935028076
7773,0.7934503555297852
7774,-7.379521369934082
7775,-10.535712242126465
7776,0.601536750793457
7777,-6.682962417602539
7778,-3.8034067153930664
7779,0.7189455032348633
7780,-7.04218864440918
7781,-10.580426216125488
7782,0.587346076965332
7783,-6.650094985961914
7784,-4.421732425689697
7785,0.6180200576782227
7786,-7.081120491027832
7787,-9.80334186553955
7788,0.4853200912475586
7789,-6.707374572753906
7790,-3.8463408946990967
7791,0.21047115325927734
7792,-8.499700546264648
7793,-4.409095764160156
7794,0.28471946716308594
7795,-6.920435905456543
7796,-0.8005154132843018
7797,0.533452033996582
7798,-5.6301422119140625
7799,-9.91363525390625
7800,0.5515756607055664
7801,-3.3055620193481445
7802,-4.412478923797607
7803,2.4489336013793945
7804,-7.803804397583008
7805,-6.527027130126953
7806,2.422482490539551
7807,-4.924640655517578
7808,-3.6983320713043213
7809,2.5826330184936523
7810,-8.501256942749023
7811,-6.185279846191406
7812,2.662581443786621
7813,-5.558568000793457
7814,-3.6937127113342285
7815,3.524550437927246
7816,-7.148460388183594
7817,-7.415029525756836
7818,3.204035758972168
7819,-3.5814762115478516
7820,-5.121227741241455
7821,-2.489426612854004
7822,-3.1115455627441406
7823,-7.099676132202148
7824,-2.698641777038574
7825,-3.2699804306030273
7826,-7.298408508300781
7827,-2.7176427841186523
7828,-3.377695083618164
7829,-7.298425674438477
7830,-2.7365617752075195
7831,-3.48873233795166
7832,-7.299701690673828
7833,-2.68569278717041
7834,-3.135369300842285
7835,-6.6990861892700195
7836,-2.690265655517578
7837,-3.1317214965820312
7838,-6.700860023498535
7839,-2.6943979263305664
7840,-3.126544952392578
7841,-6.702516555786133
7842,-2.7380151748657227
7843,-4.156896591186523
7844,-7.435945510864258
7845,-2.702876091003418
7846,-3.6982040405273438
7847,-4.8531880378723145
7848,-2.3048696517944336
7849,-3.50167179107666
7850,-7.147702217102051
7851,-2.2949914932250977
7852,-3.326033592224121
7853,-6.38219690322876
7854,-2.0214881896972656
7855,-6.277894020080566
7856,-7.897617340087891
7857,-1.6415767669677734
7858,-4.2147932052612305
7859,-2.798579216003418
7860,-0.5771808624267578
7861,-7.936831474304199
7862,-8.671380996704102
7863,-0.4229898452758789
7864,-5.8420820236206055
7865,-1.5945581197738647
7866,0.46024608612060547
7867,-6.547680854797363
7868,-9.028071403503418
7869,0.36617374420166016
7870,-6.131387710571289
7871,-2.8910248279571533
7872,0.7860898971557617
7873,-6.220532417297363
7874,-9.858001708984375
7875,0.5984621047973633
7876,-6.115816116333008
7877,-3.1478915214538574
7878,0.6637754440307617
7879,-6.007814407348633
7880,-10.37432861328125
7881,0.5701704025268555
7882,-6.090204238891602
7883,-3.516631841659546
7884,0.5756406784057617
7885,-6.115191459655762
7886,-9.243422508239746
7887,0.47955989837646484
7888,-6.156344413757324
7889,-3.1239118576049805
7890,0.2318267822265625
7891,-8.22980785369873
7892,-4.400596618652344
7893,0.2792320251464844
7894,-6.740181922912598
7895,-0.808637261390686
7896,0.41455745697021484
7897,-5.019001007080078
7898,-10.036491394042969
7899,0.35587596893310547
7900,-2.829726219177246
7901,-4.34260892868042
7902,2.611699104309082
7903,-6.265200614929199
7904,-8.440190315246582
7905,2.43649959564209
7906,-3.571290969848633
7907,-3.8803610801696777
7908,2.910061836242676
7909,-6.817452430725098
7910,-8.316560745239258
7911,2.704586982727051
7912,-4.149372100830078
7913,-3.7857413291931152
7914,3.523240089416504
7915,-5.113340377807617
7916,-10.020503997802734
7917,3.191098213195801
7918,-1.8886737823486328
7919,-5.240092754364014
7920,-2.724024772644043
7921,-3.5212926864624023
7922,-4.7250285148620605
7923,-2.9345645904541016
7924,-3.733671188354492
7925,-4.934329986572266
7926,-2.9439048767089844
7927,-3.8353376388549805
7928,-4.934327125549316
7929,-2.9536514282226562
7930,-3.938892364501953
7931,-4.935151100158691
7932,-2.9312305450439453
7933,-3.5721044540405273
7934,-4.3322649002075195
7935,-2.9363460540771484
7936,-3.563323974609375
7937,-4.333187103271484
7938,-2.9421253204345703
7939,-3.552983283996582
7940,-4.33416223526001
7941,-2.920503616333008
7942,-4.631935119628906
7943,-5.117105960845947
7944,-2.9093017578125
7945,-4.137656211853027
7946,-2.4425673484802246
7947,-2.519563674926758
7948,-3.864307403564453
7949,-4.785143852233887
7950,-2.513944625854492
7951,-3.6993303298950195
7952,-4.0112433433532715
7953,-2.0847034454345703
7954,-6.545841217041016
7955,-6.197170257568359
7956,-1.7258024215698242
7957,-4.46306037902832
7958,-0.591346263885498
7959,-0.48804569244384766
7960,-7.638082504272461
7961,-7.218167304992676
7962,-0.39218711853027344
7963,-5.349641799926758
7964,-0.410808801651001
7965,0.38268566131591797
7966,-5.568037033081055
7967,-6.826240539550781
7968,0.3598356246948242
7969,-5.111069679260254
7970,-2.6568193435668945
7971,0.7037935256958008
7972,-4.910801887512207
7973,-7.358467102050781
7974,0.5871648788452148
7975,-4.984025001525879
7976,-2.9728028774261475
7977,0.5363359451293945
7978,-4.637109756469727
7979,-7.339869499206543
7980,0.5185403823852539
7981,-4.935235977172852
7982,-3.3980400562286377
7983,0.45122241973876953
7984,-4.843094825744629
7985,-6.781598091125488
7986,0.43377208709716797
7987,-5.035228729248047
7988,-2.9257845878601074
7989,0.4160490036010742
7990,-7.887299537658691
7991,-4.411443710327148
7992,0.4023408889770508
7993,-6.5782470703125
7994,-0.7977474927902222
7995,0.18660449981689453
7996,-4.195854187011719
7997,-8.8204984664917
7998,0.21022796630859375
7999,-2.241100311279297
8000,-3.701547145843506
8001,2.6835508346557617
8002,-4.441798210144043
8003,-8.287359237670898
8004,2.4429121017456055
8005,-2.2604293823242188
8006,-4.48861837387085
8007,3.0771608352661133
8008,-4.923674583435059
8009,-8.200765609741211
8010,2.7786130905151367
8011,-2.7467880249023438
8012,-4.674315452575684
8013,3.481123924255371
8014,-2.951038360595703
8015,-9.653536796569824
8016,3.138669013977051
8017,-0.3315143585205078
8018,-5.812283039093018
8019,-2.8949546813964844
8020,-3.973587989807129
8021,-3.230780601501465
8022,-3.0927276611328125
8023,-4.215564727783203
8024,-3.4584741592407227
8025,-3.0991621017456055
8026,-4.3113203048706055
8027,-3.458306074142456
8028,-3.1065664291381836
8029,-4.40919303894043
8030,-3.458803176879883
8031,-3.089177131652832
8032,-4.082851409912109
8033,-2.811835289001465
8034,-3.0919570922851562
8035,-4.086833953857422
8036,-2.812671422958374
8037,-3.096196174621582
8038,-4.08992862701416
8039,-2.813708782196045
8040,-3.033611297607422
8041,-5.092413902282715
8042,-3.793858289718628
8043,-3.044163703918457
8044,-4.69919490814209
8045,-0.894668698310852
8046,-2.6860904693603516
8047,-4.270020484924316
8048,-3.3512988090515137
8049,-2.680898666381836
8050,-4.136634826660156
8051,-2.5147457122802734
8052,-2.1688766479492188
8053,-6.774135589599609
8054,-5.21661376953125
8055,-1.7816972732543945
8056,-4.741909027099609
8057,1.0037379264831543
8058,-0.5285024642944336
8059,-7.451267242431641
8060,-6.34903621673584
8061,-0.3814554214477539
8062,-5.139006614685059
8063,0.8722076416015625
8064,0.37125492095947266
8065,-5.224372863769531
8066,-5.945940017700195
8067,0.3120279312133789
8068,-4.485617637634277
8069,-2.379511833190918
8070,0.655848503112793
8071,-4.524921417236328
8072,-6.416742324829102
8073,0.5684995651245117
8074,-3.9881553649902344
8075,-2.9594979286193848
8076,0.5357198715209961
8077,-4.316646575927734
8078,-6.386258602142334
8079,0.41149234771728516
8080,-4.233506202697754
8081,-3.087158679962158
8082,0.4218282699584961
8083,-4.567610740661621
8084,-5.87727165222168
8085,0.31870555877685547
8086,-4.367122650146484
8087,-2.6296956539154053
8088,0.5575990676879883
8089,-7.417616844177246
8090,-4.532952308654785
8091,0.5414457321166992
8092,-6.251572608947754
8093,-0.6766830682754517
8094,-0.0017261505126953125
8095,-3.4348678588867188
8096,-9.19826602935791
8097,0.09706878662109375
8098,-1.5604610443115234
8099,-2.9371337890625
8100,2.716578483581543
8101,-2.5900611877441406
8102,-10.005231857299805
8103,2.3899545669555664
8104,-0.7430925369262695
8105,-4.477667331695557
8106,3.1522703170776367
8107,-2.9735145568847656
8108,-10.081783294677734
8109,2.769289970397949
8110,-1.1024742126464844
8111,-4.675248146057129
8112,3.270749092102051
8113,-0.7469263076782227
8114,-11.701103210449219
8115,2.9760522842407227
8116,1.279672622680664
8117,-5.7934160232543945
8118,-2.9599523544311523
8119,-4.430292129516602
8120,-1.6301764249801636
8121,-3.169027328491211
8122,-4.671874046325684
8123,-1.8419265747070312
8124,-3.1714096069335938
8125,-4.751032829284668
8126,-1.8421697616577148
8127,-3.1765575408935547
8128,-4.853248596191406
8129,-1.8428667783737183
8130,-3.1681337356567383
8131,-4.566642761230469
8132,-1.200353741645813
8133,-3.1696367263793945
8134,-4.5738067626953125
8135,-1.2008938789367676
8136,-3.1723079681396484
8137,-4.5789337158203125
8138,-1.2020682096481323
8139,-3.0769596099853516
8140,-5.515209197998047
8141,-2.32504940032959
8142,-3.091136932373047
8143,-5.1026411056518555
8144,0.5824730396270752
8145,-2.742863655090332
8146,-4.671180725097656
8147,-1.8186248540878296
8148,-2.7385120391845703
8149,-4.537574768066406
8150,-0.9787335395812988
8151,-2.19754695892334
8152,-6.886486053466797
8153,-4.175687313079834
8154,-1.763972282409668
8155,-4.965451240539551
8156,2.2437703609466553
8157,-0.559290885925293
8158,-7.206656455993652
8159,-6.080081939697266
8160,-0.31986045837402344
8161,-4.8693742752075195
8162,2.23626971244812
8163,0.3048563003540039
8164,-4.638802528381348
8165,-6.553319931030273
8166,0.3393278121948242
8167,-3.81545352935791
8168,-0.41965198516845703
8169,0.5280313491821289
8170,-3.821516990661621
8171,-7.090320587158203
8172,0.580012321472168
8173,-3.162282943725586
8174,-0.6543625593185425
8175,0.4501638412475586
8176,-3.7037811279296875
8177,-6.946349143981934
8178,0.41182613372802734
8179,-3.135087013244629
8180,-1.0455031394958496
8181,0.3543844223022461
8182,-3.9479198455810547
8183,-6.464911460876465
8184,0.3352079391479492
8185,-3.548508644104004
8186,-0.7074253559112549
8187,0.7189016342163086
8188,-6.5943450927734375
8189,-4.652768135070801
8190,0.7765741348266602
8191,-5.4886064529418945
8192,-0.557499885559082
8193,-0.1575155258178711
8194,-2.4800844192504883
8195,-8.047545433044434
8196,0.056624412536621094
8197,-0.9715108871459961
8198,-2.0780556201934814
8199,2.582852363586426
8200,-0.8344221115112305
8201,-9.475194931030273
8202,2.2879037857055664
8203,0.8234786987304688
8204,-4.504926681518555
8205,3.02474308013916
8206,-0.9412879943847656
8207,-9.581159591674805
8208,2.7165002822875977
8209,0.5561351776123047
8210,-4.836677551269531
8211,2.8530702590942383
8212,1.2436027526855469
8213,-10.855196952819824
8214,2.677609443664551
8215,2.829944610595703
8216,-5.857692718505859
8217,-3.0000410079956055
8218,-4.790689468383789
8219,-1.0079467296600342
8220,-3.19936466217041
8221,-5.069085121154785
8222,-1.1806033849716187
8223,-3.197880744934082
8224,-5.149420738220215
8225,-1.1803349256515503
8226,-3.1979026794433594
8227,-5.246001243591309
8228,-1.1809287071228027
8229,-3.2017927169799805
8230,-4.961091041564941
8231,-0.5802183151245117
8232,-3.2017078399658203
8233,-4.969602584838867
8234,-0.5809326171875
8235,-3.2033815383911133
8236,-4.978067398071289
8237,-0.5824477672576904
8238,-3.069355010986328
8239,-5.859870910644531
8240,-1.5259459018707275
8241,-3.0882177352905273
8242,-5.453212738037109
8243,1.178321361541748
8244,-2.7751569747924805
8245,-5.012430191040039
8246,-1.140383005142212
8247,-2.773670196533203
8248,-4.868350982666016
8249,-0.3574798107147217
8250,-2.172382354736328
8251,-7.088939666748047
8252,-3.4829916954040527
8253,-1.7967472076416016
8254,-5.159749984741211
8255,2.69997239112854
8256,-0.5369052886962891
8257,-6.993748664855957
8258,-5.488173961639404
8259,-0.41574573516845703
8260,-4.284513473510742
8261,2.312962293624878
8262,-0.1004171371459961
8263,-3.733096122741699
8264,-5.9320068359375
8265,0.03280830383300781
8266,-2.3737449645996094
8267,-0.7354854345321655
8268,0.18602561950683594
8269,-2.901132583618164
8270,-6.4078264236450195
8271,0.2938070297241211
8272,-2.020167350769043
8273,-1.0409595966339111
8274,0.06640243530273438
8275,-2.650742530822754
8276,-6.127029895782471
8277,0.10927677154541016
8278,-2.081242561340332
8279,-1.417775273323059
8280,-0.0649881362915039
8281,-3.0273685455322266
8282,-5.770822525024414
8283,0.010024070739746094
8284,-2.358877182006836
8285,-1.0216617584228516
8286,0.7099199295043945
8287,-5.986719131469727
8288,-4.689352989196777
8289,0.7504987716674805
8290,-4.874873161315918
8291,-0.5215375423431396
8292,-0.24407100677490234
8293,-1.545670509338379
8294,-7.285444259643555
8295,-0.1247568130493164
8296,-0.4894828796386719
8297,-2.6008706092834473
8298,2.304184913635254
8299,1.5886917114257812
8300,-8.869848251342773
8301,2.0941877365112305
8302,2.3048152923583984
8303,-4.633832931518555
8304,3.0067224502563477
8305,1.4620914459228516
8306,-8.945734024047852
8307,2.613955497741699
8308,2.103586196899414
8309,-4.9696502685546875
8310,2.277926445007324
8311,4.219045639038086
8312,-10.113624572753906
8313,2.2247934341430664
8314,4.678474426269531
8315,-5.883266448974609
8316,-2.958843231201172
8317,-5.096996307373047
8318,-0.6449203491210938
8319,-3.1321935653686523
8320,-5.421119689941406
8321,-0.8232942819595337
8322,-3.1254444122314453
8323,-5.507122993469238
8324,-0.823771595954895
8325,-3.1195592880249023
8326,-5.6014556884765625
8327,-0.8245010375976562
8328,-3.1402692794799805
8329,-5.3168230056762695
8330,-0.23104095458984375
8331,-3.1376943588256836
8332,-5.329078674316406
8333,-0.23217320442199707
8334,-3.1372146606445312
8335,-5.344114303588867
8336,-0.23401808738708496
8337,-2.976978302001953
8338,-6.173212051391602
8339,-1.2495040893554688
8340,-3.0067138671875
8341,-5.807130813598633
8342,1.4273936748504639
8343,-2.707855224609375
8344,-5.2902374267578125
8345,-0.7905396223068237
8346,-2.71212100982666
8347,-5.156642913818359
8348,-0.012410402297973633
8349,-2.109058380126953
8350,-7.1651611328125
8351,-3.301034927368164
8352,-1.7765960693359375
8353,-5.387188911437988
8354,2.9241554737091064
8355,-0.5344648361206055
8356,-6.5929059982299805
8357,-5.316821098327637
8358,-0.42165470123291016
8359,-4.2426958084106445
8360,3.155346632003784
8361,-0.5408430099487305
8362,-3.5336761474609375
8363,-6.013521194458008
8364,-0.2131357192993164
8365,-2.248049736022949
8366,0.5511095523834229
8367,-0.4752054214477539
8368,-2.810861587524414
8369,-6.546705722808838
8370,-0.0633382797241211
8371,-1.6458215713500977
8372,0.2962658405303955
8373,-0.6540050506591797
8374,-2.7140493392944336
8375,-6.239527702331543
8376,-0.2631673812866211
8377,-1.5661983489990234
8378,-0.17476248741149902
8379,-0.664463996887207
8380,-2.985915184020996
8381,-5.856391429901123
8382,-0.3194923400878906
8383,-1.8426761627197266
8384,0.2253885269165039
8385,0.6974000930786133
8386,-5.304576873779297
8387,-4.708446979522705
8388,0.6800470352172852
8389,-4.44969367980957
8390,-0.5011723041534424
8391,-0.13985919952392578
8392,-0.5693359375
8393,-6.240952491760254
8394,-0.09286689758300781
8395,-0.14899826049804688
8396,-2.6913254261016846
8397,1.8186235427856445
8398,3.524679183959961
8399,-7.436678886413574
8400,1.477849006652832
8401,3.834653854370117
8402,-3.7337646484375
8403,2.41867733001709
8404,3.759725570678711
8405,-7.681064605712891
8406,1.9369935989379883
8407,4.034778594970703
8408,-3.8873629570007324
8409,1.501786231994629
8410,5.854177474975586
8411,-8.890235900878906
8412,1.2489099502563477
8413,5.902088165283203
8414,-4.905735969543457
8415,-2.8077383041381836
8416,-5.243256568908691
8417,0.4654219150543213
8418,-2.9835052490234375
8419,-5.598008155822754
8420,0.410128116607666
8421,-2.980137825012207
8422,-5.68886661529541
8423,0.40958070755004883
8424,-2.978013038635254
8425,-5.784679412841797
8426,0.4087672233581543
8427,-2.9921951293945312
8428,-5.487693786621094
8429,0.9634859561920166
8430,-2.992015838623047
8431,-5.502948760986328
8432,0.9617881774902344
8433,-2.993983268737793
8434,-5.525116920471191
8435,0.9597554206848145
8436,-2.8682432174682617
8437,-6.3179473876953125
8438,0.2201080322265625
8439,-2.8892478942871094
8440,-6.004398345947266
8441,2.7154910564422607
8442,-2.576418876647949
8443,-5.4578704833984375
8444,0.38323974609375
8445,-2.586395263671875
8446,-5.316195487976074
8447,1.111055850982666
8448,-1.8786344528198242
8449,-7.2609663009643555
8450,-1.8466044664382935
8451,-1.7313766479492188
8452,-5.315898895263672
8453,3.719038248062134
8454,-0.46292591094970703
8455,-6.011716842651367
8456,-3.9436285495758057
8457,-0.5006771087646484
8458,-3.4420289993286133
8459,3.0913264751434326
8460,-0.9976463317871094
8461,-3.2311811447143555
8462,-4.72364616394043
8463,-0.7970743179321289
8464,-0.8652811050415039
8465,-0.43499207496643066
8466,-1.1692371368408203
8467,-2.3759565353393555
8468,-5.282505989074707
8469,-0.8783845901489258
8470,-0.07210540771484375
8471,-0.848069429397583
8472,-1.3505945205688477
8473,-2.3947505950927734
8474,-5.0059003829956055
8475,-1.0314970016479492
8476,0.013065338134765625
8477,-1.330330729484558
8478,-1.2870283126831055
8479,-2.6015682220458984
8480,-4.583192825317383
8481,-0.9948263168334961
8482,-0.3130931854248047
8483,-0.771031379699707
8484,0.7017202377319336
8485,-4.669897079467773
8486,-4.704329967498779
8487,0.6276388168334961
8488,-3.603565216064453
8489,-0.5026068687438965
8490,-0.1323261260986328
8491,0.23355484008789062
8492,-5.617964744567871
8493,0.0029535293579101562
8494,0.5932197570800781
8495,-3.22005033493042
8496,1.2717809677124023
8497,5.411693572998047
8498,-6.718986511230469
8499,0.9220304489135742
8500,5.42634391784668
8501,-3.9645233154296875
8502,1.7008123397827148
8503,5.908329010009766
8504,-6.910243988037109
8505,1.3591947555541992
8506,6.091920852661133
8507,-4.09678316116333
8508,0.6081533432006836
8509,7.394191741943359
8510,-8.658221244812012
8511,0.33565711975097656
8512,7.142143249511719
8513,-5.241847991943359
8514,-2.6808385848999023
8515,-5.505135536193848
8516,0.7191200256347656
8517,-2.855698585510254
8518,-5.865958213806152
8519,0.6606276035308838
8520,-2.856808662414551
8521,-5.960902214050293
8522,0.6597902774810791
8523,-2.8591842651367188
8524,-6.060120582580566
8525,0.6590678691864014
8526,-2.8639516830444336
8527,-5.738022804260254
8528,1.1848139762878418
8529,-2.866199493408203
8530,-5.74069881439209
8531,1.1829168796539307
8532,-2.8699913024902344
8533,-5.745752334594727
8534,1.1804859638214111
8535,-2.8612060546875
8536,-6.524714469909668
8537,0.5226595401763916
8538,-2.801525115966797
8539,-6.1223602294921875
8540,2.886937379837036
8541,-2.4619598388671875
8542,-5.638867378234863
8543,0.6555945873260498
8544,-2.469655990600586
8545,-5.4891767501831055
8546,1.3443083763122559
8547,-1.5920906066894531
8548,-7.181512832641602
8549,-1.4733613729476929
8550,-1.7112751007080078
8551,-5.128506660461426
8552,3.6568210124969482
8553,-0.4342212677001953
8554,-5.432641983032227
8555,-4.092790603637695
8556,-0.6352062225341797
8557,-2.8221330642700195
8558,2.8215548992156982
8559,-1.299006462097168
8560,-2.907703399658203
8561,-5.564456939697266
8562,-1.249293327331543
8563,-0.47376251220703125
8564,-0.8855525255203247
8565,-1.5454607009887695
8566,-2.239548683166504
8567,-6.175572395324707
8568,-1.3928947448730469
8569,0.2048492431640625
8570,-1.2706700563430786
8571,-1.7330560684204102
8572,-2.2706565856933594
8573,-5.964179039001465
8574,-1.5418310165405273
8575,0.13850975036621094
8576,-1.8078111410140991
8577,-1.6700963973999023
8578,-2.400846481323242
8579,-5.468986511230469
8580,-1.496129035949707
8581,-0.1485919952392578
8582,-1.2207131385803223
8583,0.6843042373657227
8584,-3.9357786178588867
8585,-4.4513936042785645
8586,0.5969839096069336
8587,-2.6107349395751953
8588,-0.7540643215179443
8589,-0.011709213256835938
8590,0.37041473388671875
8591,-5.980921745300293
8592,0.07407474517822266
8593,1.727029800415039
8594,-3.515934944152832
8595,0.8188199996948242
8596,5.866180419921875
8597,-6.928565979003906
8598,0.5129709243774414
8599,6.917957305908203
8600,-5.226266860961914
8601,1.164729118347168
8602,6.564365386962891
8603,-7.160573959350586
8604,0.8821077346801758
8605,7.536882400512695
8606,-5.444538593292236
8607,-0.1422739028930664
8608,8.299884796142578
8609,-9.193480491638184
8610,-0.2617321014404297
8611,8.817817687988281
8612,-7.1996355056762695
8613,-2.594393730163574
8614,-5.5684614181518555
8615,0.13985800743103027
8616,-2.8146467208862305
8617,-5.929390907287598
8618,0.06769347190856934
8619,-2.848483085632324
8620,-6.0228471755981445
8621,0.06632661819458008
8622,-2.827572822570801
8623,-6.11830997467041
8624,0.06530261039733887
8625,-2.797867774963379
8626,-5.804065704345703
8627,0.6057438850402832
8628,-2.800957679748535
8629,-5.804891586303711
8630,0.6044375896453857
8631,-2.8030166625976562
8632,-5.799668312072754
8633,0.6018595695495605
8634,-2.5741958618164062
8635,-6.617180824279785
8636,-0.09991884231567383
8637,-2.6862897872924805
8638,-6.19081974029541
8639,2.3642022609710693
8640,-2.4072179794311523
8641,-5.666257858276367
8642,0.07892680168151855
8643,-2.3895931243896484
8644,-5.513272285461426
8645,0.7979569435119629
8646,-1.3225154876708984
8647,-7.086404800415039
8648,-1.9589462280273438
8649,-1.643610954284668
8650,-5.009647369384766
8651,3.2509491443634033
8652,-0.4373502731323242
8653,-4.7800703048706055
8654,-4.2858781814575195
8655,-0.6811933517456055
8656,-2.5051937103271484
8657,2.7130720615386963
8658,-1.7555046081542969
8659,-2.753955841064453
8660,-5.564264297485352
8661,-1.5722322463989258
8662,-0.427825927734375
8663,-0.94478440284729
8664,-2.0584335327148438
8665,-2.1593446731567383
8666,-6.209326267242432
8667,-1.7820844650268555
8668,0.0095672607421875
8669,-1.4583778381347656
8670,-2.2048187255859375
8671,-2.2626867294311523
8672,-6.020855903625488
8673,-1.9157590866088867
8674,-0.019260406494140625
8675,-1.9662559032440186
8676,-2.094998359680176
8677,-2.43218994140625
8678,-5.481501579284668
8679,-1.829960823059082
8680,-0.23880767822265625
8681,-1.297433853149414
8682,0.6857481002807617
8683,-3.0848331451416016
8684,-4.406408309936523
8685,0.41484928131103516
8686,-2.0506439208984375
8687,-0.7982082366943359
8688,0.019073486328125
8689,1.9115142822265625
8690,-6.55735969543457
8691,-0.0022001266479492188
8692,2.5332374572753906
8693,-3.7394402027130127
8694,0.5576467514038086
8695,7.387887954711914
8696,-7.981448173522949
8697,0.1231241226196289
8698,8.094812393188477
8699,-5.915761947631836
8700,0.6993894577026367
8701,8.272283554077148
8702,-8.268970489501953
8703,0.4450197219848633
8704,8.958730697631836
8705,-6.174600601196289
8706,-0.5197887420654297
8707,9.859914779663086
8708,-10.447525024414062
8709,-0.7301082611083984
8710,10.225790023803711
8711,-8.123894691467285
8712,-2.3531999588012695
8713,-5.495349884033203
8714,1.43509840965271
8715,-2.477911949157715
8716,-5.848514556884766
8717,1.4010779857635498
8718,-2.463451385498047
8719,-5.928245544433594
8720,1.399906873703003
8721,-2.4083662033081055
8722,-6.025871276855469
8723,1.3989408016204834
8724,-2.5120038986206055
8725,-5.742265701293945
8726,1.8795859813690186
8727,-2.514998435974121
8728,-5.743749618530273
8729,1.8783719539642334
8730,-2.5161428451538086
8731,-5.745135307312012
8732,1.8755176067352295
8733,-2.067263603210449
8734,-6.474875450134277
8735,1.2149512767791748
8736,-2.2707109451293945
8737,-6.050978660583496
8738,3.408155679702759
8739,-2.148723602294922
8740,-5.542840957641602
8741,1.3477089405059814
8742,-2.1838836669921875
8743,-5.426438331604004
8744,1.989440679550171
8745,-1.014963150024414
8746,-6.959994316101074
8747,-0.9928040504455566
8748,-1.4226436614990234
8749,-4.7705793380737305
8750,3.8907535076141357
8751,-0.4810342788696289
8752,-4.209918022155762
8753,-4.189652442932129
8754,-0.7752151489257812
8755,-1.8761940002441406
8756,3.5268051624298096
8757,-2.153933525085449
8758,-2.7718505859375
8759,-6.168685436248779
8760,-1.9351539611816406
8761,-0.27230262756347656
8762,0.30025625228881836
8763,-2.530214309692383
8764,-2.310196876525879
8765,-6.7776689529418945
8766,-2.2062559127807617
8767,0.12048530578613281
8768,-0.357912540435791
8769,-2.6429929733276367
8770,-2.3934030532836914
8771,-6.731263160705566
8772,-2.284637451171875
8773,0.03982734680175781
8774,-0.8447964191436768
8775,-2.521132469177246
8776,-2.508852005004883
8777,-6.129034996032715
8778,-2.198810577392578
8779,-0.14365386962890625
8780,-0.08065271377563477
8781,0.6420087814331055
8782,-2.1869630813598633
8783,-4.232078552246094
8784,0.2652702331542969
8785,-1.2241668701171875
8786,-0.9713712930679321
8787,0.1681385040283203
8788,2.6091461181640625
8789,-6.45773983001709
8790,-0.12775707244873047
8791,3.495105743408203
8792,-3.8706374168395996
8793,0.0675363540649414
8794,8.659872055053711
8795,-7.9157915115356445
8796,-0.13157367706298828
8797,9.377025604248047
8798,-5.9054179191589355
8799,0.3220081329345703
8800,9.261785507202148
8801,-8.08266830444336
8802,0.22081565856933594
8803,10.017354965209961
8804,-6.174546241760254
8805,-0.6405887603759766
8806,10.74271011352539
8807,-10.167197227478027
8808,-0.90869140625
8809,11.305841445922852
8810,-8.272984504699707
8811,-1.9342966079711914
8812,-5.317722320556641
8813,1.9299895763397217
8814,-2.025951385498047
8815,-5.695599555969238
8816,1.878145456314087
8817,-1.9879026412963867
8818,-5.770491600036621
8819,1.8775885105133057
8820,-1.9414634704589844
8821,-5.850518226623535
8822,1.8772237300872803
8823,-2.068572998046875
8824,-5.621865272521973
8825,2.4443066120147705
8826,-2.068758010864258
8827,-5.633599281311035
8828,2.443434000015259
8829,-2.066718101501465
8830,-5.644824028015137
8831,2.44096302986145
8832,-1.6075687408447266
8833,-6.254599571228027
8834,1.5128600597381592
8835,-1.7823381423950195
8836,-5.924168586730957
8837,4.075160980224609
8838,-1.725193977355957
8839,-5.33233642578125
8840,1.7658865451812744
8841,-1.7683191299438477
8842,-5.235123634338379
8843,2.5138375759124756
8844,-0.707493782043457
8845,-6.495139122009277
8846,-1.0959784984588623
8847,-1.1175737380981445
8848,-4.5413970947265625
8849,4.741715431213379
8850,-0.5037384033203125
8851,-3.68697452545166
8852,-4.485885143280029
8853,-0.7825736999511719
8854,-1.6827630996704102
8855,5.044038772583008
8856,-2.3651371002197266
8857,-2.745692253112793
8858,-6.42429256439209
8859,-2.190060615539551
8860,-0.4307746887207031
8861,2.67081618309021
8862,-2.818375587463379
8863,-2.4585342407226562
8864,-6.798741340637207
8865,-2.457797050476074
8866,-0.118560791015625
8867,2.224799871444702
8868,-2.9340620040893555
8869,-2.5899600982666016
8870,-7.023021697998047
8871,-2.5467758178710938
8872,-0.1840076446533203
8873,1.6747214794158936
8874,-2.77706241607666
8875,-2.6442785263061523
8876,-6.402055740356445
8877,-2.461939811706543
8878,-0.3412961959838867
8879,2.295867681503296
8880,0.608281135559082
8881,-1.2457542419433594
8882,-4.330516815185547
8883,0.1710796356201172
8884,-0.4633617401123047
8885,-0.8738561868667603
8886,0.15839862823486328
8887,3.663890838623047
8888,-6.990116119384766
8889,-0.3480691909790039
8890,4.368946075439453
8891,-3.8313233852386475
8892,0.06256866455078125
8893,9.930656433105469
8894,-8.711678504943848
8895,-0.22989559173583984
8896,9.817302703857422
8897,-5.5979719161987305
8898,0.44246768951416016
8899,10.790206909179688
8900,-8.95175552368164
8901,0.07213306427001953
8902,10.580087661743164
8903,-5.834281921386719
8904,-0.8387155532836914
8905,11.370624542236328
8906,-10.929927825927734
8907,-1.0991411209106445
8908,11.533113479614258
8909,-7.686614036560059
8910,-1.6016273498535156
8911,-5.259943962097168
8912,1.0555152893066406
8913,-1.6511478424072266
8914,-5.664630889892578
8915,0.8233904838562012
8916,-1.5968217849731445
8917,-5.73399543762207
8918,0.822742223739624
8919,-1.5478382110595703
8920,-5.802165985107422
8921,0.8220272064208984
8922,-1.688735008239746
8923,-5.5900115966796875
8924,1.477628469467163
8925,-1.6804933547973633
8926,-5.593386650085449
8927,1.4780194759368896
8928,-1.6711912155151367
8929,-5.596611022949219
8930,1.4766604900360107
8931,-1.2046499252319336
8932,-6.096492767333984
8933,0.1928853988647461
8934,-1.3711357116699219
8935,-5.802469253540039
8936,3.143366575241089
8937,-1.3651103973388672
8938,-5.207181930541992
8939,0.8598148822784424
8940,-1.4155540466308594
8941,-5.104706764221191
8942,1.71763014793396
8943,-0.4201650619506836
8944,-5.830435752868652
8945,-2.4071903228759766
8946,-0.8105869293212891
8947,-4.484189033508301
8948,4.567244529724121
8949,-0.5166120529174805
8950,-3.240382194519043
8951,-5.175544738769531
8952,-0.7809066772460938
8953,-1.8256826400756836
8954,5.868025779724121
8955,-2.4309301376342773
8956,-2.5243148803710938
8957,-8.249716758728027
8958,-2.049367904663086
8959,-0.8390884399414062
8960,5.0132293701171875
8961,-2.918696403503418
8962,-2.344986915588379
8963,-9.202271461486816
8964,-2.013235092163086
8965,-1.0005340576171875
8966,5.020515441894531
8967,-3.0340089797973633
8968,-2.6716690063476562
8969,-8.646605491638184
8970,-2.388493537902832
8971,-0.8258657455444336
8972,4.4302263259887695
8973,-2.8039960861206055
8974,-2.540935516357422
8975,-8.033077239990234
8976,-2.223649024963379
8977,-1.014601707458496
8978,4.705339431762695
8979,0.5276937484741211
8980,-0.1892261505126953
8981,-4.896219253540039
8982,0.14986038208007812
8983,0.4385662078857422
8984,-0.30928587913513184
8985,-0.22035598754882812
8986,4.908075332641602
8987,-7.49873161315918
8988,-0.47135162353515625
8989,4.845790863037109
8990,-2.7041683197021484
8991,0.07034015655517578
8992,10.67892074584961
8993,-9.849472045898438
8994,0.03309440612792969
8995,9.491769790649414
8996,-3.4215087890625
8997,0.3927583694458008
8998,11.337774276733398
8999,-10.138659477233887
9000,0.38271617889404297
9001,10.13731575012207
9002,-3.550250768661499
9003,-1.0350332260131836
9004,11.825202941894531
9005,-11.997299194335938
9006,-0.7478408813476562
9007,10.978734970092773
9008,-4.9290337562561035
9009,-1.4385566711425781
9010,-5.2828369140625
9011,-0.18448615074157715
9012,-1.4425954818725586
9013,-5.724316596984863
9014,-0.5862350463867188
9015,-1.4020538330078125
9016,-5.776769638061523
9017,-0.5869722366333008
9018,-1.3642349243164062
9019,-5.831369400024414
9020,-0.5881814956665039
9021,-1.4744386672973633
9022,-5.671869277954102
9023,0.1304774284362793
9024,-1.460291862487793
9025,-5.6807756423950195
9026,0.13103246688842773
9027,-1.4451284408569336
9028,-5.693037033081055
9029,0.1292252540588379
9030,-1.0225210189819336
9031,-6.017806053161621
9032,-1.4321298599243164
9033,-1.1265316009521484
9034,-5.799694061279297
9035,1.7211201190948486
9036,-1.2176456451416016
9037,-5.149003982543945
9038,-0.4457895755767822
9039,-1.2541790008544922
9040,-5.066136360168457
9041,0.49278783798217773
9042,-0.16002464294433594
9043,-5.336879730224609
9044,-3.1081833839416504
9045,-0.45563793182373047
9046,-4.356708526611328
9047,3.4783151149749756
9048,-0.5287208557128906
9049,-3.346210479736328
9050,-7.057428359985352
9051,-0.9237642288208008
9052,-1.8218107223510742
9053,4.317649841308594
9054,-2.780466079711914
9055,-3.052565574645996
9056,-8.94738483428955
9057,-2.3925914764404297
9058,-1.5520954132080078
9059,2.6020357608795166
9060,-3.199458122253418
9061,-3.0651092529296875
9062,-9.856350898742676
9063,-2.590725898742676
9064,-1.4113388061523438
9065,2.490198850631714
9066,-3.2445030212402344
9067,-3.318178176879883
9068,-9.392182350158691
9069,-2.757451057434082
9070,-1.5138130187988281
9071,1.93039870262146
9072,-3.075596809387207
9073,-3.17763614654541
9074,-8.769713401794434
9075,-2.604092597961426
9076,-1.5351552963256836
9077,2.2778971195220947
9078,0.3918180465698242
9079,0.7052040100097656
9080,-4.975255966186523
9081,0.09853363037109375
9082,1.1346569061279297
9083,-0.2317972183227539
9084,-0.880803108215332
9085,5.316352844238281
9086,-6.615758895874023
9087,-1.0149660110473633
9088,5.082208633422852
9089,-2.1654481887817383
9090,-0.09260845184326172
9091,10.627098083496094
9092,-8.261468887329102
9093,-0.14806747436523438
9094,10.022478103637695
9095,-2.540132999420166
9096,0.3628091812133789
9097,11.321535110473633
9098,-8.58947467803955
9099,0.2528190612792969
9100,10.826141357421875
9101,-2.6032612323760986
9102,-1.1654815673828125
9103,11.885540008544922
9104,-9.644493103027344
9105,-0.8627071380615234
9106,11.306419372558594
9107,-3.747809410095215
9108,-1.134779930114746
9109,-5.176831245422363
9110,-0.01183938980102539
9111,-1.1094903945922852
9112,-5.615861892700195
9113,-0.25517821311950684
9114,-1.0685920715332031
9115,-5.665230751037598
9116,-0.25626039505004883
9117,-1.0325431823730469
9118,-5.719812393188477
9119,-0.2569887638092041
9120,-1.1559600830078125
9121,-5.544157028198242
9122,0.4338042736053467
9123,-1.147160530090332
9124,-5.537768363952637
9125,0.4337027072906494
9126,-1.137594223022461
9127,-5.531825065612793
9128,0.4315450191497803
9129,-0.7314033508300781
9130,-5.864411354064941
9131,-0.7388920783996582
9132,-0.8514833450317383
9133,-5.607517242431641
9134,2.368535280227661
9135,-0.9292116165161133
9136,-5.042425155639648
9137,-0.14472341537475586
9138,-0.976414680480957
9139,-4.938007354736328
9140,0.75581955909729
9141,0.21478939056396484
9142,-4.76662540435791
9143,-2.9433579444885254
9144,-0.48828887939453125
9145,-3.504218101501465
9146,3.8494303226470947
9147,-0.49709606170654297
9148,-3.5372438430786133
9149,-6.988945960998535
9150,-1.1886310577392578
9151,-1.6717853546142578
9152,3.5225980281829834
9153,-2.278201103210449
9154,-3.7884654998779297
9155,-8.957881927490234
9156,-2.58113956451416
9157,-1.9926023483276367
9158,0.5984008312225342
9159,-3.0074634552001953
9160,-3.722224235534668
9161,-9.866277694702148
9162,-2.8738327026367188
9163,-2.0174427032470703
9164,-0.09470152854919434
9165,-3.03182315826416
9166,-3.8438796997070312
9167,-9.556315422058105
9168,-2.9228458404541016
9169,-2.176224708557129
9170,-0.3672473430633545
9171,-2.82061767578125
9172,-3.7677154541015625
9173,-8.848498344421387
9174,-2.812209129333496
9175,-2.1425161361694336
9176,0.2547450065612793
9177,0.35383129119873047
9178,0.9451961517333984
9179,-4.894792556762695
9180,-0.09772014617919922
9181,1.5738182067871094
9182,-0.3127901554107666
9183,-0.8193550109863281
9184,5.254680633544922
9185,-7.815004348754883
9186,-1.350661277770996
9187,5.560035705566406
9188,-3.6405649185180664
9189,-0.14098262786865234
9190,10.284795761108398
9191,-10.673016548156738
9192,-0.24409008026123047
9193,10.464359283447266
9194,-5.4951958656311035
9195,0.3730459213256836
9196,10.95291519165039
9197,-10.97477912902832
9198,0.2836751937866211
9199,11.312246322631836
9200,-5.771956443786621
9201,-1.0526199340820312
9202,11.335664749145508
9203,-13.027883529663086
9204,-1.0773439407348633
9205,11.694408416748047
9206,-7.721464157104492
9207,-0.8419065475463867
9208,-5.11203670501709
9209,0.44113874435424805
9210,-0.7961244583129883
9211,-5.526729583740234
9212,0.13736176490783691
9213,-0.7610130310058594
9214,-5.571322441101074
9215,0.13657641410827637
9216,-0.7303972244262695
9217,-5.617412567138672
9218,0.13596439361572266
9219,-0.8412017822265625
9220,-5.464237213134766
9221,0.831505298614502
9222,-0.8359346389770508
9223,-5.45819091796875
9224,0.8312187194824219
9225,-0.83135986328125
9226,-5.450901985168457
9227,0.8298728466033936
9228,-0.4881296157836914
9229,-5.766975402832031
9230,-0.6206185817718506
9231,-0.5926094055175781
9232,-5.512188911437988
9233,2.499495267868042
9234,-0.6559562683105469
9235,-4.97312068939209
9236,0.22397923469543457
9237,-0.7008934020996094
9238,-4.868155479431152
9239,1.1267848014831543
9240,0.29068470001220703
9241,-4.644580841064453
9242,-3.203291893005371
9243,-0.3284149169921875
9244,-3.402865409851074
9245,4.29400634765625
9246,-0.5125331878662109
9247,-3.7634267807006836
9248,-7.220998764038086
9249,-1.2540855407714844
9250,-1.7345523834228516
9251,4.834297180175781
9252,-2.4104623794555664
9253,-4.159961700439453
9254,-9.109496116638184
9255,-2.5923986434936523
9256,-2.236572265625
9257,2.8738858699798584
9258,-2.859278678894043
9259,-3.827517509460449
9260,-9.938267707824707
9261,-2.790766716003418
9262,-2.395230293273926
9263,2.7438929080963135
9264,-2.899357795715332
9265,-4.134044647216797
9266,-9.55044937133789
9267,-2.7788467407226562
9268,-2.486307144165039
9269,2.514733076095581
9270,-2.744318962097168
9271,-3.863149642944336
9272,-8.939658164978027
9273,-2.6884660720825195
9274,-2.4949960708618164
9275,2.6725733280181885
9276,0.2168264389038086
9277,0.9463272094726562
9278,-5.108774185180664
9279,-0.10844898223876953
9280,1.5187129974365234
9281,-0.09938955307006836
9282,-1.1157779693603516
9283,5.285100936889648
9284,-7.657130241394043
9285,-1.3577203750610352
9286,5.593532562255859
9287,-2.590263605117798
9288,-0.0886831283569336
9289,10.574979782104492
9290,-9.616110801696777
9291,-0.31853771209716797
9292,10.395896911621094
9293,-4.011551856994629
9294,0.4170064926147461
9295,11.331724166870117
9296,-9.79219913482666
9297,0.2107982635498047
9298,11.28093147277832
9299,-4.243333339691162
9300,-0.866450309753418
9301,12.109973907470703
9302,-11.439263343811035
9303,-1.1283254623413086
9304,11.742610931396484
9305,-5.6585917472839355
9306,-0.6488780975341797
9307,-5.094287872314453
9308,-0.3961029052734375
9309,-0.5756454467773438
9310,-5.5033369064331055
9311,-0.7156323194503784
9312,-0.5332498550415039
9313,-5.554643630981445
9314,-0.7163608074188232
9315,-0.4941291809082031
9316,-5.593122482299805
9317,-0.7171734571456909
9318,-0.6482381820678711
9319,-5.43906307220459
9320,-0.013939142227172852
9321,-0.6540842056274414
9322,-5.431732177734375
9323,-0.01385354995727539
9324,-0.6605653762817383
9325,-5.418978691101074
9326,-0.015177488327026367
9327,-0.2568626403808594
9328,-5.705087661743164
9329,-1.4058526754379272
9330,-0.4482994079589844
9331,-5.445823669433594
9332,1.7379186153411865
9333,-0.46114540100097656
9334,-4.940722465515137
9335,-0.588331937789917
9336,-0.5406103134155273
9337,-4.845457077026367
9338,0.32965683937072754
9339,0.5587949752807617
9340,-4.534235000610352
9341,-3.4388198852539062
9342,-0.23992061614990234
9343,-3.4300003051757812
9344,3.6244490146636963
9345,-0.35762500762939453
9346,-3.877577781677246
9347,-7.669485092163086
9348,-1.3154754638671875
9349,-2.317190170288086
9350,4.815951347351074
9351,-2.0238189697265625
9352,-4.326302528381348
9353,-9.57243824005127
9354,-2.4625320434570312
9355,-3.3035192489624023
9356,3.4431865215301514
9357,-2.3686132431030273
9358,-4.227945327758789
9359,-10.388711929321289
9360,-2.760989189147949
9361,-3.6901702880859375
9362,3.4297077655792236
9363,-2.4091291427612305
9364,-4.771082878112793
9365,-10.014162063598633
9366,-2.694535255432129
9367,-4.065944671630859
9368,3.107468366622925
9369,-2.2872743606567383
9370,-4.4266815185546875
9371,-9.412186622619629
9372,-2.59694766998291
9373,-3.759823799133301
9374,3.221890687942505
9375,0.18030452728271484
9376,1.2269058227539062
9377,-5.173763275146484
9378,-0.15175819396972656
9379,1.6133975982666016
9380,-0.03619885444641113
9381,-1.2005510330200195
9382,5.296770095825195
9383,-7.210436820983887
9384,-1.3825407028198242
9385,5.5561370849609375
9386,-2.110274076461792
9387,-0.09530067443847656
9388,10.516218185424805
9389,-8.697735786437988
9390,-0.3095560073852539
9391,10.36247444152832
9392,-2.424424171447754
9393,0.41929149627685547
9394,11.335893630981445
9395,-8.902044296264648
9396,0.24469566345214844
9397,11.208879470825195
9398,-2.4971988201141357
9399,-1.028890609741211
9400,11.912862777709961
9401,-10.353669166564941
9402,-1.084000587463379
9403,11.761539459228516
9404,-3.7658205032348633
9405,-0.47276973724365234
9406,-5.195468902587891
9407,-0.23991775512695312
9408,-0.3740682601928711
9409,-5.59600830078125
9410,-0.5559639930725098
9411,-0.3122434616088867
9412,-5.64556884765625
9413,-0.5565450191497803
9414,-0.2533454895019531
9415,-5.676913261413574
9416,-0.557049036026001
9417,-0.4917116165161133
9418,-5.528192520141602
9419,0.15631794929504395
9420,-0.5094051361083984
9421,-5.510951995849609
9422,0.1568136215209961
9423,-0.5297183990478516
9424,-5.4900007247924805
9425,0.15602397918701172
9426,0.0240325927734375
9427,-5.706888198852539
9428,-1.2957141399383545
9429,-0.29740047454833984
9430,-5.462726593017578
9431,1.9484598636627197
9432,-0.2806844711303711
9433,-4.970085144042969
9434,-0.4409053325653076
9435,-0.3918170928955078
9436,-4.876341819763184
9437,0.49769163131713867
9438,0.7828245162963867
9439,-4.501935005187988
9440,-3.4860315322875977
9441,-0.04434967041015625
9442,-3.47287654876709
9443,3.881693124771118
9444,-0.116241455078125
9445,-4.121147155761719
9446,-7.476470947265625
9447,-1.2396354675292969
9448,-2.5876073837280273
9449,6.689477920532227
9450,-1.9931859970092773
9451,-4.854320526123047
9452,-9.263975143432617
9453,-2.199796676635742
9454,-3.9576873779296875
9455,7.581785202026367
9456,-2.1444339752197266
9457,-5.574000358581543
9458,-10.012864112854004
9459,-2.4529342651367188
9460,-4.440792083740234
9461,7.892005920410156
9462,-2.179224967956543
9463,-5.96568489074707
9464,-9.681127548217773
9465,-2.414640426635742
9466,-4.764225006103516
9467,7.650812149047852
9468,-2.0772266387939453
9469,-5.571950912475586
9470,-9.128585815429688
9471,-2.312075614929199
9472,-4.51270866394043
9473,7.460575103759766
9474,0.17595767974853516
9475,1.1229820251464844
9476,-5.185875415802002
9477,-0.18204402923583984
9478,1.6270084381103516
9479,-0.024852514266967773
9480,-1.1277494430541992
9481,5.193149566650391
9482,-7.310788154602051
9483,-1.4424848556518555
9484,5.704242706298828
9485,-2.0168213844299316
9486,-0.1351175308227539
9487,10.329648971557617
9488,-8.69150161743164
9489,-0.29700279235839844
9490,10.659481048583984
9491,-2.4303488731384277
9492,0.4394102096557617
9493,11.086015701293945
9494,-8.822744369506836
9495,0.19434547424316406
9496,11.364965438842773
9497,-2.515723943710327
9498,-0.9968042373657227
9499,11.791738510131836
9500,-10.143600463867188
9501,-1.2577543258666992
9502,11.876611709594727
9503,-3.7028725147247314
