,0
0,-1.134669303894043
1,-4.4356842041015625
2,-4.465906143188477
3,-0.90655517578125
4,-4.635404586791992
5,-5.399746894836426
6,-0.8649873733520508
7,-4.635250091552734
8,-5.4018235206604
9,-0.8231706619262695
10,-4.633617401123047
11,-5.401893138885498
12,-0.8988885879516602
13,-4.639013290405273
14,-3.982922077178955
15,-0.8551158905029297
16,-4.641792297363281
17,-3.9797637462615967
18,-0.8055791854858398
19,-4.643058776855469
20,-3.979212760925293
21,-0.3955554962158203
22,-4.51591682434082
23,-7.77594518661499
24,-0.3483133316040039
25,-4.52177619934082
26,-1.4453356266021729
27,-1.0268745422363281
28,-4.214136123657227
29,-5.196450710296631
30,-1.034799575805664
31,-4.206300735473633
32,-3.3572545051574707
33,-0.4167165756225586
34,-3.482034683227539
35,-12.05037784576416
36,0.27578258514404297
37,-3.1658592224121094
38,3.0129666328430176
39,-2.8797969818115234
40,-2.519664764404297
41,-13.836673736572266
42,-1.6066370010375977
43,-2.1222076416015625
44,5.084336280822754
45,-5.939245223999023
46,-2.1275501251220703
47,-11.70842170715332
48,-4.516793251037598
49,-1.7603645324707031
50,3.150578498840332
51,-6.8389739990234375
52,-2.0927696228027344
53,-13.104589462280273
54,-4.901675224304199
55,-1.8222370147705078
56,3.391383647918701
57,-6.90896463394165
58,-2.2136192321777344
59,-12.280082702636719
60,-4.610091209411621
61,-1.5894432067871094
62,1.8000869750976562
63,-6.51055383682251
64,-2.1791839599609375
65,-11.325572967529297
66,-4.98927116394043
67,-1.858499526977539
68,2.392144203186035
69,-0.08080005645751953
70,-0.03809165954589844
71,-9.20374584197998
72,0.0
73,0.0
74,0.0
75,-0.6233539581298828
76,2.6906604766845703
77,-8.460929870605469
78,-0.6491689682006836
79,2.573171615600586
80,1.101916790008545
81,-0.3278627395629883
82,5.315677642822266
83,-6.9487738609313965
84,-0.4262876510620117
85,5.171476364135742
86,2.910003662109375
87,0.1867990493774414
88,5.782657623291016
89,-6.90661096572876
90,0.05831432342529297
91,5.606172561645508
92,2.9895153045654297
93,-2.2415666580200195
94,5.770877838134766
95,-10.082528114318848
96,-2.310636520385742
97,5.5823211669921875
98,0.6037497520446777
99,-1.1437110900878906
100,-4.445169448852539
101,-4.354686260223389
102,-0.911829948425293
103,-4.661283493041992
104,-5.3088860511779785
105,-0.8715715408325195
106,-4.660493850708008
107,-5.311274528503418
108,-0.828094482421875
109,-4.658727645874023
110,-5.311674118041992
111,-0.9039373397827148
112,-4.666704177856445
113,-3.8860116004943848
114,-0.8588056564331055
115,-4.669223785400391
116,-3.884040355682373
117,-0.8101491928100586
118,-4.670185089111328
119,-3.884026050567627
120,-0.4104576110839844
121,-4.52827262878418
122,-7.7457051277160645
123,-0.36658573150634766
124,-4.540140151977539
125,-1.3890643119812012
126,-1.0532026290893555
127,-4.220355987548828
128,-5.10137939453125
129,-1.0540447235107422
130,-4.212677001953125
131,-3.251617908477783
132,-0.4294919967651367
133,-3.4824352264404297
134,-12.040058135986328
135,0.24677467346191406
136,-3.165477752685547
137,3.4063720703125
138,-2.881906509399414
139,-2.430055618286133
140,-13.449783325195312
141,-2.1954946517944336
142,-2.0097274780273438
143,5.640485763549805
144,-5.912745475769043
145,-2.0582828521728516
146,-11.382928848266602
147,-4.816746711730957
148,-1.7643775939941406
149,3.6698532104492188
150,-6.794715404510498
151,-2.030397415161133
152,-12.657787322998047
153,-5.312125205993652
154,-1.8239021301269531
155,4.032374382019043
156,-6.788232326507568
157,-2.161151885986328
158,-11.93529987335205
159,-5.557870864868164
160,-1.8127918243408203
161,2.5128355026245117
162,-6.476823329925537
163,-2.139759063720703
164,-11.013956069946289
165,-5.478206634521484
166,-1.8618812561035156
167,2.9382715225219727
168,-0.05649566650390625
169,-0.046413421630859375
170,-9.243257522583008
171,0.03530693054199219
172,-0.011178970336914062
173,0.038341522216796875
174,-0.6226739883422852
175,2.669130325317383
176,-8.77419662475586
177,-0.6150846481323242
178,2.5541763305664062
179,1.0796504020690918
180,-0.33157920837402344
181,5.315883636474609
182,-7.30561637878418
183,-0.43546199798583984
184,5.090824127197266
185,2.794875144958496
186,0.164703369140625
187,5.741769790649414
188,-7.259425640106201
189,0.02374267578125
190,5.5597076416015625
191,2.8593220710754395
192,-2.2469940185546875
193,5.753568649291992
194,-10.28162670135498
195,-2.3071165084838867
196,5.567512512207031
197,0.5776481628417969
198,-1.2199783325195312
199,-4.402990341186523
200,-3.2968742847442627
201,-0.978123664855957
202,-4.635347366333008
203,-4.296973705291748
204,-0.9409589767456055
205,-4.635969161987305
206,-4.299381732940674
207,-0.902409553527832
208,-4.63624382019043
209,-4.299772262573242
210,-0.9657516479492188
211,-4.640167236328125
212,-2.856839656829834
213,-0.9199733734130859
214,-4.643054962158203
215,-2.855473041534424
216,-0.8657751083374023
217,-4.645402908325195
218,-2.8561697006225586
219,-0.49343299865722656
220,-4.505884170532227
221,-7.077664375305176
222,-0.4318418502807617
223,-4.520362854003906
224,-0.6822052001953125
225,-1.1235122680664062
226,-4.188850402832031
227,-4.16711950302124
228,-1.1191673278808594
229,-4.177360534667969
230,-2.306987762451172
231,-0.512415885925293
232,-3.4671478271484375
233,-11.59733772277832
234,0.24047183990478516
235,-3.1389312744140625
236,3.987407684326172
237,-2.7268476486206055
238,-2.271993637084961
239,-13.137784957885742
240,-1.2983360290527344
241,-1.8703575134277344
242,6.74478816986084
243,-5.364344596862793
244,-1.7200698852539062
245,-11.126922607421875
246,-4.232994079589844
247,-1.5477752685546875
248,5.789711952209473
249,-5.994930267333984
250,-1.680063247680664
251,-12.219459533691406
252,-3.875735282897949
253,-1.2152042388916016
254,6.363716125488281
255,-6.137616157531738
256,-1.8986244201660156
257,-11.604623794555664
258,-4.265773773193359
259,-1.28948974609375
260,4.970190048217773
261,-5.825082778930664
262,-1.827646255493164
263,-10.76776123046875
264,-4.705913543701172
265,-1.6551189422607422
266,5.143516540527344
267,-0.037346839904785156
268,-0.03548431396484375
269,-9.246723175048828
270,0.23990154266357422
271,-0.0031986236572265625
272,0.0413508415222168
273,-0.6903762817382812
274,2.6666107177734375
275,-9.183515548706055
276,-0.617884635925293
277,2.5526599884033203
278,0.6794247627258301
279,-0.3442840576171875
280,5.319845199584961
281,-8.452162742614746
282,-0.4493989944458008
283,5.0700531005859375
284,1.611527442932129
285,0.1356191635131836
286,5.726816177368164
287,-8.449996948242188
288,0.008958816528320312
289,5.554082870483398
290,1.5967698097229004
291,-2.2849903106689453
292,5.735433578491211
293,-11.074554443359375
294,-2.2982311248779297
295,5.548515319824219
296,-0.28780269622802734
297,-1.2357711791992188
298,-4.319013595581055
299,-2.100522041320801
300,-1.0125246047973633
301,-4.545249938964844
302,-3.1610429286956787
303,-0.9848413467407227
304,-4.547634124755859
305,-3.162534236907959
306,-0.9580287933349609
307,-4.549577713012695
308,-3.161909818649292
309,-0.9788846969604492
310,-4.546754837036133
311,-1.751633882522583
312,-0.925053596496582
313,-4.549156188964844
314,-1.7504918575286865
315,-0.8678121566772461
316,-4.550374984741211
317,-1.7528564929962158
318,-0.6062345504760742
319,-4.424594879150391
320,-6.380558490753174
321,-0.43941783905029297
322,-4.431919097900391
323,-0.09783077239990234
324,-1.1412029266357422
325,-4.1095428466796875
326,-3.130824327468872
327,-1.1209306716918945
328,-4.094812393188477
329,-1.3099555969238281
330,-0.6389074325561523
331,-3.4179019927978516
332,-11.286355972290039
333,0.2681264877319336
334,-3.0906448364257812
335,4.158154487609863
336,-2.534806251525879
337,-1.9930343627929688
338,-12.617294311523438
339,-0.44798946380615234
340,-1.5247306823730469
341,6.639371871948242
342,-4.883307456970215
343,-1.1810131072998047
344,-10.238807678222656
345,-2.4575729370117188
346,-0.49930381774902344
347,5.31038761138916
348,-5.484908103942871
349,-1.0610713958740234
350,-11.154801368713379
351,-2.7596397399902344
352,-0.28372955322265625
353,5.807553291320801
354,-5.553256988525391
355,-1.1909008026123047
356,-10.690991401672363
357,-3.0264406204223633
358,-0.31539344787597656
359,4.44442081451416
360,-5.309741020202637
361,-1.2110424041748047
362,-9.918939590454102
363,-2.907162666320801
364,-0.3922748565673828
365,4.6822404861450195
366,-0.019657135009765625
367,-0.018735885620117188
368,-9.283509254455566
369,0.2735557556152344
370,0.009263992309570312
371,0.07477092742919922
372,-0.8567266464233398
373,2.6489486694335938
374,-9.339118957519531
375,-0.7164154052734375
376,2.4931983947753906
377,0.5730175971984863
378,-0.3654794692993164
379,5.320363998413086
380,-8.865812301635742
381,-0.4711942672729492
382,4.996562957763672
383,1.5883097648620605
384,0.13589763641357422
385,5.721124649047852
386,-8.900069236755371
387,0.008815765380859375
388,5.539117813110352
389,1.6103134155273438
390,-2.3838348388671875
391,5.705364227294922
392,-11.54804515838623
393,-2.350857734680176
394,5.446489334106445
395,-0.1105966567993164
396,-1.2935285568237305
397,-4.18183708190918
398,-1.569572925567627
399,-1.0879487991333008
400,-4.389057159423828
401,-2.7575130462646484
402,-1.073908805847168
403,-4.3934326171875
404,-2.7582216262817383
405,-1.0634679794311523
406,-4.397878646850586
407,-2.7571606636047363
408,-1.0172595977783203
409,-4.393060684204102
410,-1.357112169265747
411,-0.9479484558105469
412,-4.398933410644531
413,-1.3563601970672607
414,-0.8823518753051758
415,-4.403146743774414
416,-1.3593852519989014
417,-0.7558155059814453
418,-4.29591178894043
419,-6.502353191375732
420,-0.45220947265625
421,-4.299949645996094
422,-0.24599075317382812
423,-1.1862058639526367
424,-3.981264114379883
425,-2.8127403259277344
426,-1.1328468322753906
427,-3.969339370727539
428,-1.0040807723999023
429,-0.7722272872924805
430,-3.274606704711914
431,-11.406432151794434
432,0.362884521484375
433,-2.9379920959472656
434,3.8642234802246094
435,-2.364762306213379
436,-1.6196651458740234
437,-12.78793716430664
438,0.09172725677490234
439,-1.1824760437011719
440,5.454808235168457
441,-4.44742488861084
442,-0.47670745849609375
443,-11.134439468383789
444,-1.5149717330932617
445,0.04209709167480469
446,3.066950798034668
447,-5.099393844604492
448,-0.38712501525878906
449,-11.940948486328125
450,-1.8951845169067383
451,0.3078441619873047
452,3.377227783203125
453,-5.217563629150391
454,-0.42188453674316406
455,-11.639364242553711
456,-1.8875761032104492
457,0.31444549560546875
458,2.0705795288085938
459,-5.04483699798584
460,-0.43511962890625
461,-10.896987915039062
462,-1.9483795166015625
463,0.09987449645996094
464,2.452615261077881
465,-0.018510818481445312
466,0.09392356872558594
467,-9.303507804870605
468,0.42352867126464844
469,0.08991241455078125
470,0.09366083145141602
471,-1.0328569412231445
472,2.6615371704101562
473,-9.477197647094727
474,-0.7149925231933594
475,2.4994449615478516
476,0.602726936340332
477,-0.3651895523071289
478,5.320644378662109
479,-8.864982604980469
480,-0.4712810516357422
481,4.972465515136719
482,1.7577104568481445
483,0.1833047866821289
484,5.721778869628906
485,-8.890012741088867
486,0.026236534118652344
487,5.536895751953125
488,1.7946600914001465
489,-2.423935890197754
490,5.702213287353516
491,-11.483560562133789
492,-2.3874502182006836
493,5.419868469238281
494,-0.09755945205688477
495,-1.5498294830322266
496,-3.9650535583496094
497,-2.0787808895111084
498,-1.3272686004638672
499,-4.163122177124023
500,-3.1217575073242188
501,-1.3133697509765625
502,-4.167253494262695
503,-3.122041702270508
504,-1.3014535903930664
505,-4.172060012817383
506,-3.120741367340088
507,-1.233917236328125
508,-4.1705322265625
509,-1.7028508186340332
510,-1.1605348587036133
511,-4.177722930908203
512,-1.7018413543701172
513,-1.0721168518066406
514,-4.185712814331055
515,-1.7046091556549072
516,-0.9869117736816406
517,-4.090436935424805
518,-6.531272888183594
519,-0.6388587951660156
520,-4.10247802734375
521,-0.2565484046936035
522,-1.4525375366210938
523,-3.7635936737060547
524,-3.199431896209717
525,-1.3609657287597656
526,-3.7545433044433594
527,-1.3790066242218018
528,-0.9426250457763672
529,-3.0064773559570312
530,-11.872776985168457
531,0.3888282775878906
532,-2.7759857177734375
533,4.071311950683594
534,-2.157033920288086
535,-1.1284255981445312
536,-14.062032699584961
537,0.033031463623046875
538,-0.9944667816162109
539,5.645827293395996
540,-3.9156980514526367
541,0.2300281524658203
542,-12.586726188659668
543,-1.6005220413208008
544,0.3521766662597656
545,3.3804874420166016
546,-4.449688911437988
547,0.5889072418212891
548,-13.69365119934082
549,-2.0330190658569336
550,0.6789684295654297
551,3.9070329666137695
552,-4.545377731323242
553,0.5745468139648438
554,-13.207651138305664
555,-2.339728355407715
556,0.6799755096435547
557,2.7473411560058594
558,-4.39715576171875
559,0.4965629577636719
560,-12.299123764038086
561,-2.051863670349121
562,0.5691490173339844
563,2.86114501953125
564,-0.01771831512451172
565,0.3096942901611328
566,-9.55792236328125
567,0.7232704162597656
568,0.3096485137939453
569,0.3446803092956543
570,-1.201730728149414
571,2.719308853149414
572,-9.442127227783203
573,-0.8358650207519531
574,2.5028553009033203
575,0.6166949272155762
576,-0.35138702392578125
577,5.363821029663086
578,-8.596295356750488
579,-0.4530448913574219
580,4.982316970825195
581,2.3626065254211426
582,0.22341632843017578
583,5.754571914672852
584,-8.626964569091797
585,0.0644388198852539
586,5.537660598754883
587,2.511436939239502
588,-2.4367189407348633
589,5.6993255615234375
590,-11.098134994506836
591,-2.349684715270996
592,5.350988388061523
593,1.2022767066955566
594,-1.6989946365356445
595,-3.784872055053711
596,-2.4207608699798584
597,-1.4873924255371094
598,-3.9977169036865234
599,-3.4201602935791016
600,-1.477370262145996
601,-3.9981250762939453
602,-3.420724868774414
603,-1.4709186553955078
604,-3.9981002807617188
605,-3.4198966026306152
606,-1.4043645858764648
607,-4.00309944152832
608,-2.060513973236084
609,-1.3118009567260742
610,-4.007488250732422
611,-2.0590715408325195
612,-1.234832763671875
613,-4.00914192199707
614,-2.0615336894989014
615,-1.1805295944213867
616,-3.891508102416992
617,-6.674708843231201
618,-0.8082294464111328
619,-3.906648635864258
620,-0.9267439842224121
621,-1.6169328689575195
622,-3.564126968383789
623,-3.4927587509155273
624,-1.5056142807006836
625,-3.560007095336914
626,-1.6137542724609375
627,-1.1626272201538086
628,-2.7902164459228516
629,-12.231328964233398
630,0.3864479064941406
631,-2.6444854736328125
632,2.8151702880859375
633,-1.6547555923461914
634,-0.8631629943847656
635,-14.545607566833496
636,0.49757957458496094
637,-0.8849563598632812
638,3.973543167114258
639,-2.733722686767578
640,0.7212619781494141
641,-13.288125038146973
642,-0.5654411315917969
643,0.47722434997558594
644,2.2223992347717285
645,-2.9675960540771484
646,1.137176513671875
647,-14.441888809204102
648,-0.7260761260986328
649,0.8846721649169922
650,2.702021598815918
651,-3.1163463592529297
652,1.1704120635986328
653,-14.010461807250977
654,-0.9473991394042969
655,0.9088993072509766
656,1.5467662811279297
657,-2.9020814895629883
658,1.0100536346435547
659,-13.05781364440918
660,-0.9356889724731445
661,0.7503013610839844
662,1.6706624031066895
663,0.01757526397705078
664,0.4853076934814453
665,-9.532726287841797
666,0.8355522155761719
667,0.47154808044433594
668,0.32053470611572266
669,-1.1706905364990234
670,2.796722412109375
671,-9.313060760498047
672,-0.8152036666870117
673,2.525075912475586
674,1.2425565719604492
675,-0.34836483001708984
676,5.428279876708984
677,-8.333870887756348
678,-0.5016822814941406
679,4.849615097045898
680,4.030844688415527
681,0.22301292419433594
682,5.830783843994141
683,-8.442079544067383
684,-0.03267097473144531
685,5.242460250854492
686,4.225415229797363
687,-2.4356346130371094
688,5.700784683227539
689,-10.935249328613281
690,-2.337881088256836
691,5.190797805786133
692,3.042562961578369
693,-1.8975324630737305
694,-3.647613525390625
695,-3.909106492996216
696,-1.676055908203125
697,-3.8381423950195312
698,-4.943878650665283
699,-1.6614255905151367
700,-3.8344554901123047
701,-4.943591117858887
702,-1.6550722122192383
703,-3.8292770385742188
704,-4.943676471710205
705,-1.6214780807495117
706,-3.8464508056640625
707,-3.6212422847747803
708,-1.5147933959960938
709,-3.851093292236328
710,-3.619443893432617
711,-1.453378677368164
712,-3.8496952056884766
713,-3.6225130558013916
714,-1.3696918487548828
715,-3.71234130859375
716,-8.412002563476562
717,-1.037205696105957
718,-3.7364845275878906
719,-2.6118412017822266
720,-1.7882928848266602
721,-3.408395767211914
722,-5.080373287200928
723,-1.7039546966552734
724,-3.4082870483398438
725,-3.3646152019500732
726,-1.306565284729004
727,-2.6347007751464844
728,-13.941877365112305
729,0.3668632507324219
730,-2.5004520416259766
731,1.4411492347717285
732,-1.1173086166381836
733,-0.7480754852294922
734,-16.662891387939453
735,0.9550371170043945
736,-0.8796844482421875
737,2.63209867477417
738,-1.2485017776489258
739,1.1387958526611328
740,-15.941997528076172
741,0.4334449768066406
742,0.6863555908203125
743,0.9454245567321777
744,-1.1866188049316406
745,1.5981311798095703
746,-17.351930618286133
747,0.29291534423828125
748,1.0633697509765625
749,1.3912644386291504
750,-1.3116331100463867
751,1.6659660339355469
752,-16.85306167602539
753,0.05212116241455078
754,1.1260566711425781
755,0.15897512435913086
756,-1.3247966766357422
757,1.5137081146240234
758,-15.710848808288574
759,0.09714317321777344
760,1.0035133361816406
761,0.3467674255371094
762,0.023622512817382812
763,0.7525920867919922
764,-9.64643383026123
765,0.8293352127075195
766,0.6954936981201172
767,0.4362678527832031
768,-1.169912338256836
769,2.982187271118164
770,-7.772139549255371
771,-0.9036417007446289
772,2.693574905395508
773,2.237900733947754
774,-0.3342142105102539
775,5.524288177490234
776,-5.011180877685547
777,-0.4535341262817383
778,4.991268157958984
779,6.479762077331543
780,0.23267459869384766
781,5.953563690185547
782,-4.913331508636475
783,0.012298583984375
784,5.494604110717773
785,6.810080528259277
786,-2.4143762588500977
787,5.772483825683594
788,-7.713682651519775
789,-2.2299957275390625
790,5.284021377563477
791,5.472658157348633
792,-2.0915603637695312
793,-3.458740234375
794,-4.769764423370361
795,-1.8846702575683594
796,-3.6596012115478516
797,-5.7727580070495605
798,-1.8664216995239258
799,-3.6578102111816406
800,-5.772512435913086
801,-1.8415021896362305
802,-3.6550540924072266
803,-5.773730278015137
804,-1.8144187927246094
805,-3.6702041625976562
806,-4.380797386169434
807,-1.738351821899414
808,-3.6746063232421875
809,-4.378906726837158
810,-1.6800146102905273
811,-3.6755027770996094
812,-4.381695747375488
813,-1.550684928894043
814,-3.5591678619384766
815,-8.94382095336914
816,-1.2633743286132812
817,-3.5825366973876953
818,-2.8133394718170166
819,-1.9451208114624023
820,-3.243560791015625
821,-5.836714744567871
822,-1.8849897384643555
823,-3.2439651489257812
824,-4.045673370361328
825,-1.3797988891601562
826,-2.537210464477539
827,-13.693948745727539
828,0.04348278045654297
829,-2.4369068145751953
830,1.0929203033447266
831,-0.2155618667602539
832,-0.7793674468994141
833,-16.197853088378906
834,1.0408716201782227
835,-0.8585491180419922
836,2.022907257080078
837,0.7769927978515625
838,0.9277610778808594
839,-16.492788314819336
840,1.5593299865722656
841,0.6447677612304688
842,0.34616708755493164
843,1.2260351181030273
844,1.4176521301269531
845,-17.752666473388672
846,1.702493667602539
847,1.0197029113769531
848,0.9156265258789062
849,0.9952716827392578
850,1.4712944030761719
851,-17.342365264892578
852,1.423701286315918
853,1.0321235656738281
854,-0.17897558212280273
855,0.8725423812866211
856,1.3412952423095703
857,-16.324748992919922
858,1.3785991668701172
859,0.9509201049804688
860,-0.18438291549682617
861,0.03168296813964844
862,0.7479457855224609
863,-9.672091484069824
864,0.8220405578613281
865,0.6516857147216797
866,0.4642062187194824
867,-1.1866931915283203
868,3.062061309814453
869,-9.502655029296875
870,-1.0708379745483398
871,2.756532669067383
872,1.3652410507202148
873,-0.3056468963623047
874,5.595300674438477
875,-7.9517621994018555
876,-0.4548349380493164
877,5.001014709472656
878,4.879693031311035
879,0.2592039108276367
880,6.037500381469727
881,-8.007549285888672
882,0.016862869262695312
883,5.401937484741211
884,5.097796440124512
885,-2.4070796966552734
886,5.789464950561523
887,-11.232905387878418
888,-2.248239517211914
889,5.347951889038086
890,3.5681209564208984
891,-2.1470279693603516
892,-3.3522605895996094
893,-0.687713623046875
894,-2.0361852645874023
895,-3.5367088317871094
896,-1.7625839710235596
897,-2.05059814453125
898,-3.5302791595458984
899,-1.761472463607788
900,-2.0675668716430664
901,-3.523143768310547
902,-1.7648265361785889
903,-1.9035348892211914
904,-3.558736801147461
905,-0.6867897510528564
906,-1.8256416320800781
907,-3.564472198486328
908,-0.6850640773773193
909,-1.7251205444335938
910,-3.570049285888672
911,-0.6881768703460693
912,-1.836836814880371
913,-3.438608169555664
914,-5.721820831298828
915,-1.3256101608276367
916,-3.4903736114501953
917,-0.9631049633026123
918,-2.0677623748779297
919,-3.144519805908203
920,-2.039714813232422
921,-1.905233383178711
922,-3.153512954711914
923,-0.652616024017334
924,-1.5739250183105469
925,-2.456106185913086
926,-10.33563232421875
927,0.06967639923095703
928,-2.389749526977539
929,1.3443517684936523
930,0.41581249237060547
931,-1.0268306732177734
932,-15.925336837768555
933,2.3030996322631836
934,-1.0357418060302734
935,3.0958309173583984
936,2.412766456604004
937,0.8489532470703125
938,-19.793407440185547
939,4.070662498474121
940,0.5287799835205078
941,4.386545181274414
942,3.027531623840332
943,0.6802349090576172
944,-21.122509002685547
945,4.978802680969238
946,0.8215160369873047
947,5.172548294067383
948,3.1467275619506836
949,0.9100379943847656
950,-20.959802627563477
951,4.385214805603027
952,0.7151088714599609
953,4.581094741821289
954,2.9462080001831055
955,0.9137725830078125
956,-19.87586212158203
957,4.111300468444824
958,0.8531684875488281
959,4.173410415649414
960,0.18507862091064453
961,0.7081031799316406
962,-9.582376480102539
963,1.025151252746582
964,0.5821208953857422
965,0.367978572845459
966,-1.1917781829833984
967,3.031606674194336
968,-9.724276542663574
969,-0.7656421661376953
970,2.741495132446289
971,0.48661279678344727
972,-0.29233455657958984
973,5.57172966003418
974,-8.826117515563965
975,-0.3510274887084961
976,5.018207550048828
977,2.947653293609619
978,0.25969505310058594
979,6.009288787841797
980,-8.836212158203125
981,0.24637889862060547
982,5.298591613769531
983,3.0324907302856445
984,-2.341488838195801
985,5.787931442260742
986,-12.119986534118652
987,-1.6685495376586914
988,5.356483459472656
989,0.885706901550293
990,-2.4283828735351562
991,-3.222780227661133
992,-3.8354268074035645
993,-2.261897087097168
994,-3.4186325073242188
995,-4.638175964355469
996,-2.2446107864379883
997,-3.4183502197265625
998,-4.638288497924805
999,-2.2330322265625
1000,-3.4168148040771484
1001,-4.64186954498291
1002,-2.192516326904297
1003,-3.4371471405029297
1004,-3.335698127746582
1005,-2.125250816345215
1006,-3.4483890533447266
1007,-3.335477828979492
1008,-2.0584611892700195
1009,-3.4578685760498047
1010,-3.3383333683013916
1011,-1.9068603515625
1012,-3.3699302673339844
1013,-6.997454643249512
1014,-1.612788200378418
1015,-3.4001121520996094
1016,-1.4235107898712158
1017,-2.273604393005371
1018,-3.0276832580566406
1019,-4.6511030197143555
1020,-2.2017412185668945
1021,-3.036104202270508
1022,-2.984982967376709
1023,-1.5315675735473633
1024,-2.4593467712402344
1025,-11.153526306152344
1026,-0.4388132095336914
1027,-2.369647979736328
1028,1.7169575691223145
1029,0.9773025512695312
1030,-1.3134498596191406
1031,-16.30205535888672
1032,1.7554330825805664
1033,-1.3258686065673828
1034,6.641366958618164
1035,3.934882164001465
1036,-0.4419708251953125
1037,-21.319063186645508
1038,4.147625923156738
1039,-0.3824615478515625
1040,10.35920238494873
1041,4.658553123474121
1042,-0.6570148468017578
1043,-22.925636291503906
1044,4.824614524841309
1045,-0.1653118133544922
1046,11.524604797363281
1047,4.725216865539551
1048,-0.6390647888183594
1049,-22.808753967285156
1050,4.684126853942871
1051,-0.1661968231201172
1052,10.835067749023438
1053,4.5695390701293945
1054,-0.40290260314941406
1055,-21.413850784301758
1056,4.434390068054199
1057,-0.17357444763183594
1058,10.176207542419434
1059,0.4421825408935547
1060,0.6751556396484375
1061,-9.592945098876953
1062,0.9752283096313477
1063,0.5589542388916016
1064,0.38163089752197266
1065,-1.3993253707885742
1066,3.0156307220458984
1067,-10.284947395324707
1068,-0.8359603881835938
1069,2.6837425231933594
1070,-0.8728530406951904
1071,-0.3774900436401367
1072,5.485599517822266
1073,-8.964543342590332
1074,-0.3489847183227539
1075,4.927583694458008
1076,2.2842206954956055
1077,0.19575977325439453
1078,5.8857574462890625
1079,-8.882370948791504
1080,0.4825248718261719
1081,5.148580551147461
1082,2.4347968101501465
1083,-2.342630386352539
1084,5.727388381958008
1085,-11.88351821899414
1086,-1.7807331085205078
1087,5.323482513427734
1088,0.31218814849853516
1089,-2.585599899291992
1090,-3.0068302154541016
1091,-3.683241844177246
1092,-2.427069664001465
1093,-3.2425155639648438
1094,-4.596673488616943
1095,-2.3976669311523438
1096,-3.2502880096435547
1097,-4.597058296203613
1098,-2.3748998641967773
1099,-3.2570858001708984
1100,-4.5989155769348145
1101,-2.383403778076172
1102,-3.2624568939208984
1103,-3.292816400527954
1104,-2.318622589111328
1105,-3.2839088439941406
1106,-3.290994644165039
1107,-2.257838249206543
1108,-3.3021583557128906
1109,-3.2929868698120117
1110,-1.9867172241210938
1111,-3.2664852142333984
1112,-6.848570823669434
1113,-1.7776641845703125
1114,-3.2896175384521484
1115,-0.9427006244659424
1116,-2.381624221801758
1117,-2.841890335083008
1118,-4.508480072021484
1119,-2.337283134460449
1120,-2.844575881958008
1121,-2.7938899993896484
1122,-1.4666414260864258
1123,-2.431640625
1124,-10.64650821685791
1125,-0.6324958801269531
1126,-2.300111770629883
1127,2.538578987121582
1128,1.1817083358764648
1129,-1.923248291015625
1130,-17.444416046142578
1131,1.4323110580444336
1132,-1.2921276092529297
1133,8.14620304107666
1134,3.9988508224487305
1135,-1.8481864929199219
1136,-24.9071102142334
1137,2.817854881286621
1138,-0.34357643127441406
1139,11.202984809875488
1140,4.6521806716918945
1141,-2.0887184143066406
1142,-26.81810760498047
1143,3.247490882873535
1144,-0.050579071044921875
1145,12.433576583862305
1146,4.690943717956543
1147,-2.100616455078125
1148,-26.611331939697266
1149,3.127272605895996
1150,-0.025989532470703125
1151,11.338470458984375
1152,4.572953224182129
1153,-1.9299659729003906
1154,-25.052223205566406
1155,2.9654340744018555
1156,-0.08162879943847656
1157,10.858480453491211
1158,0.7320432662963867
1159,0.6965618133544922
1160,-9.630321502685547
1161,0.9911823272705078
1162,0.6218986511230469
1163,0.42325687408447266
1164,-1.477278709411621
1165,2.9092254638671875
1166,-11.625531196594238
1167,-1.0384950637817383
1168,2.6153640747070312
1169,-1.323901891708374
1170,-0.38644886016845703
1171,5.341085433959961
1172,-11.045652389526367
1173,-0.35088634490966797
1174,4.865316390991211
1175,1.3972082138061523
1176,0.1912698745727539
1177,5.776300430297852
1178,-11.034905433654785
1179,0.47362804412841797
1180,5.1954803466796875
1181,1.5297226905822754
1182,-2.349379539489746
1183,5.709344863891602
1184,-13.981204986572266
1185,-1.8388566970825195
1186,5.328710556030273
1187,-0.3696155548095703
1188,-2.5742387771606445
1189,-2.9111709594726562
1190,-5.860012054443359
1191,-2.448521614074707
1192,-3.1029052734375
1193,-6.5214104652404785
1194,-2.421632766723633
1195,-3.115558624267578
1196,-6.522904396057129
1197,-2.393782615661621
1198,-3.1309261322021484
1199,-6.525625228881836
1200,-2.4192333221435547
1201,-3.1100406646728516
1202,-5.236639976501465
1203,-2.3664398193359375
1204,-3.127643585205078
1205,-5.235080242156982
1206,-2.3199424743652344
1207,-3.1423892974853516
1208,-5.23509407043457
1209,-2.0596141815185547
1210,-3.159029006958008
1211,-7.798409461975098
1212,-1.884979248046875
1213,-3.172243118286133
1214,-2.0136008262634277
1215,-2.3895492553710938
1216,-2.739522933959961
1217,-6.2520751953125
1218,-2.3492021560668945
1219,-2.70294189453125
1220,-4.5772705078125
1221,-1.4268321990966797
1222,-2.414346694946289
1223,-10.933794021606445
1224,-0.6266899108886719
1225,-2.253816604614258
1226,2.466052532196045
1227,1.5011615753173828
1228,-2.2939605712890625
1229,-17.084434509277344
1230,1.3759593963623047
1231,-1.823953628540039
1232,8.02341365814209
1233,4.445599555969238
1234,-2.586650848388672
1235,-23.379640579223633
1236,3.568575859069824
1237,-0.7938766479492188
1238,11.404495239257812
1239,5.231673240661621
1240,-2.742969512939453
1241,-25.259565353393555
1242,4.159604072570801
1243,-0.5247135162353516
1244,12.605819702148438
1245,5.2958784103393555
1246,-2.7547531127929688
1247,-25.108949661254883
1248,4.090668678283691
1249,-0.5044288635253906
1250,11.705322265625
1251,5.163008689880371
1252,-2.4508838653564453
1253,-23.519763946533203
1254,3.860785484313965
1255,-0.5850906372070312
1256,11.159856796264648
1257,0.9059171676635742
1258,0.7038936614990234
1259,-9.733518600463867
1260,1.2951440811157227
1261,0.6505889892578125
1262,0.5312786102294922
1263,-1.5032501220703125
1264,2.8610877990722656
1265,-11.149923324584961
1266,-0.7853984832763672
1267,2.608968734741211
1268,-0.9658284187316895
1269,-0.36427783966064453
1270,5.31989860534668
1271,-9.749479293823242
1272,0.9266252517700195
1273,4.597782135009766
1274,1.9681367874145508
1275,0.20574283599853516
1276,5.716411590576172
1277,-9.716060638427734
1278,1.6095247268676758
1279,4.838918685913086
1280,2.1110053062438965
1281,-2.34816837310791
1282,5.692846298217773
1283,-12.6904296875
1284,-0.1265697479248047
1285,5.299200057983398
1286,0.2911643981933594
1287,-2.6336889266967773
1288,-2.692411422729492
1289,-6.941905975341797
1290,-2.492765426635742
1291,-2.914041519165039
1292,-7.539822578430176
1293,-2.458296775817871
1294,-2.9352798461914062
1295,-7.54096794128418
1296,-2.4291954040527344
1297,-2.953746795654297
1298,-7.543280601501465
1299,-2.478445053100586
1300,-2.907316207885742
1301,-6.2866106033325195
1302,-2.4287853240966797
1303,-2.9244346618652344
1304,-6.284581184387207
1305,-2.384222984313965
1306,-2.938589096069336
1307,-6.283957004547119
1308,-2.0591955184936523
1309,-3.0137062072753906
1310,-8.535357475280762
1311,-1.9439411163330078
1312,-3.004711151123047
1313,-2.897367477416992
1314,-2.429997444152832
1315,-2.5649166107177734
1316,-7.221619606018066
1317,-2.4017791748046875
1318,-2.546724319458008
1319,-5.582258224487305
1320,-1.2903680801391602
1321,-2.328245162963867
1322,-10.96424674987793
1323,-0.6430892944335938
1324,-2.1647109985351562
1325,1.208785057067871
1326,1.4926748275756836
1327,-2.5264339447021484
1328,-16.615949630737305
1329,1.5291080474853516
1330,-2.3733749389648438
1331,6.90976619720459
1332,4.369168281555176
1333,-3.1009654998779297
1334,-21.990331649780273
1335,4.16855525970459
1336,-2.7863311767578125
1337,8.45845890045166
1338,5.171338081359863
1339,-3.2358570098876953
1340,-23.806995391845703
1341,4.837512016296387
1342,-2.7756729125976562
1343,9.249129295349121
1344,5.203656196594238
1345,-3.262155532836914
1346,-23.711410522460938
1347,4.617739677429199
1348,-2.6102123260498047
1349,8.611268043518066
1350,4.930056571960449
1351,-3.1492652893066406
1352,-22.12800407409668
1353,4.3262224197387695
1354,-2.5716552734375
1355,8.25096607208252
1356,1.3413019180297852
1357,0.8065109252929688
1358,-9.689035415649414
1359,1.2860231399536133
1360,0.7856731414794922
1361,0.492095947265625
1362,-1.4995269775390625
1363,2.8188858032226562
1364,-11.290812492370605
1365,-1.0840225219726562
1366,2.564800262451172
1367,-0.6101312637329102
1368,-0.3570690155029297
1369,5.323768615722656
1370,-9.862095832824707
1371,0.5336666107177734
1372,4.621623992919922
1373,3.620088577270508
1374,0.20578384399414062
1375,5.708339691162109
1376,-9.78383731842041
1377,1.0214719772338867
1378,4.973655700683594
1379,3.9018516540527344
1380,-2.328425407409668
1381,5.68244743347168
1382,-12.446447372436523
1383,-0.7498569488525391
1384,5.279874801635742
1385,2.6838440895080566
1386,-2.625615119934082
1387,-2.4990787506103516
1388,-5.094449043273926
1389,-2.4683828353881836
1390,-2.7208614349365234
1391,-5.764727592468262
1392,-2.4253358840942383
1393,-2.7422008514404297
1394,-5.764225959777832
1395,-2.394193649291992
1396,-2.759126663208008
1397,-5.769415378570557
1398,-2.454817771911621
1399,-2.71697998046875
1400,-4.636436462402344
1401,-2.3954362869262695
1402,-2.7357635498046875
1403,-4.631515026092529
1404,-2.347309112548828
1405,-2.750661849975586
1406,-4.6275858879089355
1407,-2.0058889389038086
1408,-2.7995758056640625
1409,-7.439732551574707
1410,-1.8986577987670898
1411,-2.8057804107666016
1412,-2.1062684059143066
1413,-2.4172239303588867
1414,-2.3646106719970703
1415,-5.568006992340088
1416,-2.3937597274780273
1417,-2.354522705078125
1418,-4.076841831207275
1419,-1.2122173309326172
1420,-2.1259498596191406
1421,-10.136358261108398
1422,-0.5526390075683594
1423,-2.0079097747802734
1424,1.1969661712646484
1425,1.525834083557129
1426,-2.610738754272461
1427,-14.23950481414795
1428,1.6116199493408203
1429,-2.4752655029296875
1430,3.003673553466797
1431,4.197829246520996
1432,-3.4336605072021484
1433,-17.410810470581055
1434,4.087079048156738
1435,-3.249187469482422
1436,1.5255827903747559
1437,4.853642463684082
1438,-3.660654067993164
1439,-18.96683692932129
1440,4.920361518859863
1441,-3.4866771697998047
1442,1.3228955268859863
1443,4.881684303283691
1444,-3.7135143280029297
1445,-18.974628448486328
1446,4.496472358703613
1447,-3.5235137939453125
1448,1.155583381652832
1449,4.750922203063965
1450,-3.596578598022461
1451,-17.53748321533203
1452,4.240212440490723
1453,-3.4230709075927734
1454,1.3338427543640137
1455,1.5206985473632812
1456,0.9810619354248047
1457,-9.475028991699219
1458,1.512984275817871
1459,0.9795894622802734
1460,0.27445363998413086
1461,-1.5870542526245117
1462,2.7972640991210938
1463,-10.99009895324707
1464,-1.1457815170288086
1465,2.5654773712158203
1466,-0.8160538673400879
1467,-0.35649871826171875
1468,5.303001403808594
1469,-8.268608093261719
1470,0.47863101959228516
1471,4.628763198852539
1472,2.7033615112304688
1473,0.20589923858642578
1474,5.70557975769043
1475,-8.010053634643555
1476,0.9846935272216797
1477,5.179265975952148
1478,2.957247257232666
1479,-2.251948356628418
1480,5.679679870605469
1481,-9.277935028076172
1482,-0.8867273330688477
1483,5.358011245727539
1484,2.1855616569519043
1485,-2.5545520782470703
1486,-2.3983936309814453
1487,-4.981258392333984
1488,-2.390077590942383
1489,-2.6317787170410156
1490,-5.69162654876709
1491,-2.3507890701293945
1492,-2.643960952758789
1493,-5.691456317901611
1494,-2.3218421936035156
1495,-2.653392791748047
1496,-5.69472599029541
1497,-2.3766679763793945
1498,-2.6274147033691406
1499,-4.489658832550049
1500,-2.3214311599731445
1501,-2.6338233947753906
1502,-4.487081050872803
1503,-2.275973320007324
1504,-2.6414108276367188
1505,-4.486042022705078
1506,-1.9536457061767578
1507,-2.640064239501953
1508,-7.434722900390625
1509,-1.8252239227294922
1510,-2.6444053649902344
1511,-2.0129151344299316
1512,-2.3564414978027344
1513,-2.2447376251220703
1514,-5.520810127258301
1515,-2.328044891357422
1516,-2.2338390350341797
1517,-3.9523768424987793
1518,-1.118027687072754
1519,-1.9194927215576172
1520,-10.194854736328125
1521,-0.49988460540771484
1522,-1.8547325134277344
1523,1.15293550491333
1524,1.5835485458374023
1525,-2.5018157958984375
1526,-15.507355690002441
1527,1.6571102142333984
1528,-2.372739791870117
1529,3.996356964111328
1530,4.039191246032715
1531,-3.3489208221435547
1532,-21.461746215820312
1533,3.871088981628418
1534,-3.2024383544921875
1535,5.443612098693848
1536,4.664891242980957
1537,-3.7029056549072266
1538,-23.17302131652832
1539,4.169106483459473
1540,-3.4101829528808594
1541,5.098315238952637
1542,4.7133283615112305
1543,-3.6993961334228516
1544,-23.274532318115234
1545,3.920863151550293
1546,-3.4220714569091797
1547,5.875879287719727
1548,4.539507865905762
1549,-3.5374832153320312
1550,-21.707170486450195
1551,3.689541816711426
1552,-3.321420669555664
1553,5.589132308959961
1554,1.5396652221679688
1555,1.1933650970458984
1556,-9.468788146972656
1557,1.6562576293945312
1558,1.1512432098388672
1559,0.2684469223022461
1560,-1.660313606262207
1561,2.796083450317383
1562,-10.95647144317627
1563,-1.299067497253418
1564,2.5664024353027344
1565,-0.6566991806030273
1566,-0.3575592041015625
1567,5.306055068969727
1568,-8.988232612609863
1569,0.28150177001953125
1570,4.771396636962891
1571,2.79024076461792
1572,0.19150257110595703
1573,5.700494766235352
1574,-8.756807327270508
1575,0.6093730926513672
1576,5.188579559326172
1577,3.0654869079589844
1578,-2.2580385208129883
1579,5.674764633178711
1580,-10.142553329467773
1581,-0.9104833602905273
1582,5.390632629394531
1583,2.2498865127563477
1584,-2.5536155700683594
1585,-2.0647449493408203
1586,-4.843715190887451
1587,-2.3810043334960938
1588,-2.2858715057373047
1589,-5.608464241027832
1590,-2.339000701904297
1591,-2.2972888946533203
1592,-5.608447551727295
1593,-2.307772636413574
1594,-2.3066558837890625
1595,-5.6112446784973145
1596,-2.37615966796875
1597,-2.2899932861328125
1598,-4.378864288330078
1599,-2.3252487182617188
1600,-2.3030242919921875
1601,-4.376791000366211
1602,-2.2830753326416016
1603,-2.3150634765625
1604,-4.376519680023193
1605,-1.9200735092163086
1606,-2.2850570678710938
1607,-7.58683967590332
1608,-1.7972373962402344
1609,-2.3112850189208984
1610,-2.099398612976074
1611,-2.3508224487304688
1612,-1.9146099090576172
1613,-5.498956203460693
1614,-2.334652900695801
1615,-1.9043560028076172
1616,-3.8985707759857178
1617,-0.9682464599609375
1618,-1.5739383697509766
1619,-10.487597465515137
1620,-0.4741086959838867
1621,-1.511566162109375
1622,0.5430006980895996
1623,1.6099843978881836
1624,-2.3494739532470703
1625,-16.201045989990234
1626,1.5504121780395508
1627,-2.1901683807373047
1628,4.064008712768555
1629,4.130740165710449
1630,-3.103788375854492
1631,-21.671781539916992
1632,3.752394676208496
1633,-2.9407577514648438
1634,5.501882553100586
1635,4.572148323059082
1636,-3.4318885803222656
1637,-23.355527877807617
1638,4.338128089904785
1639,-3.1938629150390625
1640,5.571784973144531
1641,4.640366554260254
1642,-3.486673355102539
1643,-23.418033599853516
1644,3.749720573425293
1645,-2.996185302734375
1646,5.7138214111328125
1647,4.528407096862793
1648,-3.3109607696533203
1649,-21.891613006591797
1650,3.5268144607543945
1651,-2.9048538208007812
1652,5.502040863037109
1653,1.6240053176879883
1654,1.5462589263916016
1655,-9.44872760772705
1656,1.561537742614746
1657,1.4787368774414062
1658,0.2485947608947754
1659,-1.7795209884643555
1660,2.9131908416748047
1661,-10.53605842590332
1662,-1.7030439376831055
1663,2.730264663696289
1664,-0.7178881168365479
1665,-0.35721397399902344
1666,5.335643768310547
1667,-8.049478530883789
1668,-0.034674644470214844
1669,4.843545913696289
1670,2.948610782623291
1671,0.18297767639160156
1672,5.72831916809082
1673,-7.804518222808838
1674,0.3325490951538086
1675,5.222900390625
1676,3.267162322998047
1677,-2.263355255126953
1678,5.658197402954102
1679,-9.756278991699219
1680,-1.3285331726074219
1681,5.396205902099609
1682,2.433022975921631
1683,-2.637483596801758
1684,-1.8906021118164062
1685,-7.056378364562988
1686,-2.4312238693237305
1687,-2.1436290740966797
1688,-7.754288196563721
1689,-2.3772783279418945
1690,-2.1516647338867188
1691,-7.753729820251465
1692,-2.3317747116088867
1693,-2.1578941345214844
1694,-7.754843711853027
1695,-2.4411802291870117
1696,-2.1487655639648438
1697,-6.365241527557373
1698,-2.3921356201171875
1699,-2.1595115661621094
1700,-6.3643364906311035
1701,-2.3476037979125977
1702,-2.1694412231445312
1703,-6.363607883453369
1704,-1.8983478546142578
1705,-2.1222896575927734
1706,-9.4070405960083
1707,-1.8263607025146484
1708,-2.1462745666503906
1709,-3.163968563079834
1710,-2.396092414855957
1711,-1.7264785766601562
1712,-7.644638538360596
1713,-2.400787353515625
1714,-1.7236480712890625
1715,-5.826062202453613
1716,-0.8706703186035156
1717,-1.3128986358642578
1718,-11.903334617614746
1719,-0.4725170135498047
1720,-1.2983989715576172
1721,0.5155014991760254
1722,1.613062858581543
1723,-1.9681472778320312
1724,-19.356842041015625
1725,1.214524269104004
1726,-1.5367565155029297
1727,8.406654357910156
1728,4.261727333068848
1729,-2.684061050415039
1730,-26.2833251953125
1731,2.8898134231567383
1732,-1.8292827606201172
1733,16.35668182373047
1734,4.846011161804199
1735,-2.947111129760742
1736,-28.081756591796875
1737,3.384091377258301
1738,-2.008852005004883
1739,17.995281219482422
1740,4.762551307678223
1741,-2.9451026916503906
1742,-28.065750122070312
1743,3.2211618423461914
1744,-1.977334976196289
1745,17.83785629272461
1746,4.719063758850098
1747,-2.8299484252929688
1748,-26.541522979736328
1749,3.0306997299194336
1750,-1.875040054321289
1751,16.498172760009766
1752,1.6362390518188477
1753,1.7437496185302734
1754,-9.538832664489746
1755,1.4912052154541016
1756,1.6293830871582031
1757,0.3400273323059082
1758,-1.8924503326416016
1759,2.9907169342041016
1760,-11.238609313964844
1761,-1.8523530960083008
1762,2.775663375854492
1763,0.9725961685180664
1764,-0.3634166717529297
1765,5.375631332397461
1766,-9.24382209777832
1767,-0.2828350067138672
1768,4.808864593505859
1769,5.886547088623047
1770,0.18184757232666016
1771,5.745168685913086
1772,-9.009496688842773
1773,0.2911396026611328
1774,5.036428451538086
1775,6.295572280883789
1776,-2.265033721923828
1777,5.667995452880859
1778,-10.865612030029297
1779,-1.7560844421386719
1780,5.37652587890625
1781,5.766256332397461
1782,-2.7599687576293945
1783,-1.766427993774414
1784,-7.716719627380371
1785,-2.5015039443969727
1786,-1.9856700897216797
1787,-8.34389591217041
1788,-2.4349870681762695
1789,-1.9913311004638672
1790,-8.344473838806152
1791,-2.372203826904297
1792,-1.9969501495361328
1793,-8.346475601196289
1794,-2.5198898315429688
1795,-1.9862785339355469
1796,-6.8769989013671875
1797,-2.4585418701171875
1798,-1.9925575256347656
1799,-6.8760480880737305
1800,-2.402027130126953
1801,-1.998565673828125
1802,-6.876058578491211
1803,-1.887847900390625
1804,-1.9401588439941406
1805,-9.801485061645508
1806,-1.852625846862793
1807,-1.9541816711425781
1808,-3.2518868446350098
1809,-2.5138425827026367
1810,-1.5459709167480469
1811,-8.268120765686035
1812,-2.53692626953125
1813,-1.5425281524658203
1814,-6.357981204986572
1815,-0.83221435546875
1816,-1.0664520263671875
1817,-12.501564979553223
1818,-0.6112260818481445
1819,-0.9199256896972656
1820,0.8172435760498047
1821,1.6087980270385742
1822,-1.2789325714111328
1823,-18.88182258605957
1824,0.9446887969970703
1825,-0.5073814392089844
1826,8.98393726348877
1827,4.450135231018066
1828,-1.874685287475586
1829,-24.55388641357422
1830,2.237502098083496
1831,-0.49851226806640625
1832,15.813467025756836
1833,4.934624671936035
1834,-2.182453155517578
1835,-26.27916145324707
1836,2.6775827407836914
1837,-0.4566211700439453
1838,17.4340877532959
1839,4.976641654968262
1840,-2.1520862579345703
1841,-26.289134979248047
1842,2.586421012878418
1843,-0.4800548553466797
1844,16.987571716308594
1845,4.812243461608887
1846,-2.0372352600097656
1847,-24.779970169067383
1848,2.3900861740112305
1849,-0.4900245666503906
1850,15.817522048950195
1851,1.6337356567382812
1852,1.890939712524414
1853,-9.704517364501953
1854,1.4496965408325195
1855,1.7956981658935547
1856,0.5066895484924316
1857,-1.9718761444091797
1858,3.145875930786133
1859,-11.487505912780762
1860,-1.9409713745117188
1861,2.8953914642333984
1862,0.07095909118652344
1863,-0.37203121185302734
1864,5.448789596557617
1865,-9.231748580932617
1866,-0.4224405288696289
1867,4.870584487915039
1868,5.000309944152832
1869,0.18141555786132812
1870,5.831933975219727
1871,-8.990939140319824
1872,0.2151927947998047
1873,5.0713653564453125
1874,5.171088218688965
1875,-2.266500473022461
1876,5.705986022949219
1877,-10.883466720581055
1878,-1.962693214416504
1879,5.412565231323242
1880,3.9406490325927734
1881,-2.8321609497070312
1882,-1.7873516082763672
1883,-6.989327430725098
1884,-2.532097816467285
1885,-1.9692821502685547
1886,-7.7579755783081055
1887,-2.4731674194335938
1888,-1.967794418334961
1889,-7.759611129760742
1890,-2.415456771850586
1891,-1.9646854400634766
1892,-7.7638349533081055
1893,-2.533344268798828
1894,-1.980203628540039
1895,-6.299701690673828
1896,-2.471940040588379
1897,-1.9865169525146484
1898,-6.297725200653076
1899,-2.4082841873168945
1900,-1.9927215576171875
1901,-6.298194408416748
1902,-1.8995704650878906
1903,-1.8599567413330078
1904,-9.741515159606934
1905,-1.858454704284668
1906,-1.8818912506103516
1907,-3.1984639167785645
1908,-2.626845359802246
1909,-1.5815544128417969
1910,-7.700565338134766
1911,-2.653339385986328
1912,-1.5816650390625
1913,-5.806595802307129
1914,-0.7529420852661133
1915,-0.826324462890625
1916,-12.532073974609375
1917,-0.7404413223266602
1918,-0.7094154357910156
1919,0.38608551025390625
1920,2.155301094055176
1921,-0.6101799011230469
1922,-14.612434387207031
1923,1.8143739700317383
1924,-0.3069286346435547
1925,1.8139147758483887
1926,4.914521217346191
1927,-0.6592826843261719
1928,-15.199052810668945
1929,4.097319602966309
1930,-0.39310264587402344
1931,-0.7696645259857178
1932,5.5622968673706055
1933,-0.7934513092041016
1934,-16.517906188964844
1935,4.903374671936035
1936,-0.24904823303222656
1937,-0.985053539276123
1938,5.7447404861450195
1939,-0.8370380401611328
1940,-16.634178161621094
1941,4.77962589263916
1942,-0.3301525115966797
1943,-1.5065717697143555
1944,5.521248817443848
1945,-0.7622623443603516
1946,-15.279692649841309
1947,4.4984235763549805
1948,-0.32822418212890625
1949,-1.1199967861175537
1950,1.7146492004394531
1951,2.0677223205566406
1952,-9.701745986938477
1953,1.423879623413086
1954,2.0088768005371094
1955,0.5034112930297852
1956,-2.0583696365356445
1957,3.2300052642822266
1958,-11.226459503173828
1959,-2.0840845108032227
1960,3.0155582427978516
1961,-0.8136558532714844
1962,-0.3787498474121094
1963,5.56892204284668
1964,-7.8950653076171875
1965,-0.49874114990234375
1966,5.233253479003906
1967,4.448139190673828
1968,0.18305397033691406
1969,5.938785552978516
1970,-7.527893543243408
1971,0.1380290985107422
1972,5.6289215087890625
1973,4.864718437194824
1974,-2.2432632446289062
1975,5.824098587036133
1976,-8.90261459350586
1977,-2.098134994506836
1978,5.663980484008789
1979,3.440397262573242
1980,-2.7926578521728516
1981,-1.7375011444091797
1982,-8.54378604888916
1983,-2.5186986923217773
1984,-1.911825180053711
1985,-9.36783218383789
1986,-2.46181583404541
1987,-1.9060535430908203
1988,-9.370257377624512
1989,-2.410003662109375
1990,-1.8985881805419922
1991,-9.37498664855957
1992,-2.512258529663086
1993,-1.927206039428711
1994,-7.880698204040527
1995,-2.4485292434692383
1996,-1.9235591888427734
1997,-7.879178047180176
1998,-2.384322166442871
1999,-1.923868179321289
2000,-7.8817138671875
2001,-1.8516006469726562
2002,-1.779001235961914
2003,-11.602095603942871
2004,-1.8567562103271484
2005,-1.8050594329833984
2006,-4.998881816864014
2007,-2.5789175033569336
2008,-1.522684097290039
2009,-9.339276313781738
2010,-2.5948991775512695
2011,-1.5249271392822266
2012,-7.418195724487305
2013,-0.26700496673583984
2014,-0.6039581298828125
2015,-14.525014877319336
2016,-0.704803466796875
2017,-0.6951370239257812
2018,-1.1167490482330322
2019,2.601395606994629
2020,0.414794921875
2021,-15.834348678588867
2022,1.672469139099121
2023,0.4380836486816406
2024,2.1364169120788574
2025,4.9787492752075195
2026,1.0618953704833984
2027,-16.990638732910156
2028,2.922457695007324
2029,1.1120586395263672
2030,3.278102397918701
2031,5.5436601638793945
2032,0.9832210540771484
2033,-18.271150588989258
2034,3.1854734420776367
2035,1.2803211212158203
2036,3.8112382888793945
2037,5.591137886047363
2038,0.9745903015136719
2039,-18.371288299560547
2040,3.112208366394043
2041,1.2826347351074219
2042,3.0407447814941406
2043,5.406123161315918
2044,1.1695747375488281
2045,-17.0711669921875
2046,3.093611717224121
2047,1.2268295288085938
2048,2.938300132751465
2049,1.7652196884155273
2050,2.2209606170654297
2051,-9.438155174255371
2052,1.375370979309082
2053,2.0791702270507812
2054,0.24163341522216797
2055,-2.151007652282715
2056,3.3600730895996094
2057,-9.166790962219238
2058,-2.182082176208496
2059,3.1048507690429688
2060,-0.5661578178405762
2061,-0.378143310546875
2062,5.614902496337891
2063,-4.117276668548584
2064,-0.5393152236938477
2065,5.315483093261719
2066,4.811404228210449
2067,0.19934654235839844
2068,5.998395919799805
2069,-3.5589256286621094
2070,0.06599998474121094
2071,5.638721466064453
2072,5.252379417419434
2073,-2.2116403579711914
2074,5.858915328979492
2075,-4.421754360198975
2076,-2.189922332763672
2077,5.73797607421875
2078,4.8045854568481445
2079,-2.4117536544799805
2080,-1.8291759490966797
2081,-9.428143501281738
2082,-2.0525388717651367
2083,-1.9849224090576172
2084,-10.188302993774414
2085,-1.9850311279296875
2086,-1.9769268035888672
2087,-10.191265106201172
2088,-1.926997184753418
2089,-1.967010498046875
2090,-10.195956230163574
2091,-2.0401153564453125
2092,-1.9987659454345703
2093,-8.675495147705078
2094,-1.9635200500488281
2095,-1.9982643127441406
2096,-8.673501014709473
2097,-1.8964653015136719
2098,-1.996896743774414
2099,-8.675485610961914
2100,-1.3426685333251953
2101,-1.8335723876953125
2102,-12.223548889160156
2103,-1.324636459350586
2104,-1.8674850463867188
2105,-5.497701168060303
2106,-2.244278907775879
2107,-1.6216163635253906
2108,-10.146379470825195
2109,-2.2577829360961914
2110,-1.6307010650634766
2111,-8.180700302124023
2112,-0.1199941635131836
2113,-0.5892181396484375
2114,-15.187896728515625
2115,-0.5675210952758789
2116,-0.6922893524169922
2117,-1.5121407508850098
2118,2.168807029724121
2119,0.9637184143066406
2120,-16.69502830505371
2121,1.8081045150756836
2122,0.8361186981201172
2123,-0.3106517791748047
2124,4.189511299133301
2125,2.164491653442383
2126,-16.644739151000977
2127,2.904292106628418
2128,2.0846595764160156
2129,-2.063199520111084
2130,5.4293622970581055
2131,2.43280029296875
2132,-17.977846145629883
2133,3.1851587295532227
2134,2.3614730834960938
2135,-1.8665249347686768
2136,4.9236860275268555
2137,2.5054054260253906
2138,-17.77127456665039
2139,3.092656135559082
2140,2.390871047973633
2141,-2.7754464149475098
2142,4.583846092224121
2143,2.4446964263916016
2144,-16.566728591918945
2145,3.0296621322631836
2146,2.2931079864501953
2147,-2.536634683609009
2148,1.709834098815918
2149,2.371980667114258
2150,-9.376230239868164
2151,1.3643922805786133
2152,2.227132797241211
2153,0.180419921875
2154,-2.218234062194824
2155,3.3934059143066406
2156,-9.108072280883789
2157,-2.149277687072754
2158,3.166719436645508
2159,0.9060335159301758
2160,-0.3819112777709961
2161,5.617401123046875
2162,-4.0649800300598145
2163,-0.5570573806762695
2164,5.324041366577148
2165,7.523024559020996
2166,0.20546245574951172
2167,6.026119232177734
2168,-3.578172206878662
2169,0.23670673370361328
2170,5.564689636230469
2171,8.124631881713867
2172,-2.2121829986572266
2173,5.866731643676758
2174,-4.651390552520752
2175,-1.8698053359985352
2176,5.83186149597168
2177,8.053216934204102
2178,-1.8284740447998047
2179,-1.9154243469238281
2180,-10.405332565307617
2181,-1.3821992874145508
2182,-2.0944385528564453
2183,-11.194931030273438
2184,-1.3223705291748047
2185,-2.088348388671875
2186,-11.197319984436035
2187,-1.2652997970581055
2188,-2.0812816619873047
2189,-11.200139045715332
2190,-1.3651542663574219
2191,-2.105266571044922
2192,-9.71092700958252
2193,-1.2978296279907227
2194,-2.1048030853271484
2195,-9.709218978881836
2196,-1.234623908996582
2197,-2.1041812896728516
2198,-9.711603164672852
2199,-0.7076864242553711
2200,-1.943807601928711
2201,-13.255114555358887
2202,-0.6692276000976562
2203,-1.972238540649414
2204,-6.64549446105957
2205,-1.6371755599975586
2206,-1.6714401245117188
2207,-11.128974914550781
2208,-1.6488332748413086
2209,-1.6934890747070312
2210,-9.19755744934082
2211,-0.03374195098876953
2212,-0.6034736633300781
2213,-16.354679107666016
2214,-0.07974910736083984
2215,-0.7551345825195312
2216,-2.476726531982422
2217,0.6593208312988281
2218,1.3931713104248047
2219,-18.506755828857422
2220,0.7452630996704102
2221,1.1276016235351562
2222,-1.370476484298706
2223,0.5415353775024414
2224,3.2624282836914062
2225,-18.010955810546875
2226,0.5737571716308594
2227,2.952709197998047
2228,-3.196627378463745
2229,0.8381519317626953
2230,3.608327865600586
2231,-19.533010482788086
2232,0.5958433151245117
2233,3.30145263671875
2234,-3.1505396366119385
2235,0.4028482437133789
2236,3.6576881408691406
2237,-19.303850173950195
2238,0.5236997604370117
2239,3.380037307739258
2240,-4.382079601287842
2241,0.31270599365234375
2242,3.525449752807617
2243,-17.95306396484375
2244,0.6006669998168945
2245,3.282327651977539
2246,-3.796126365661621
2247,1.6991958618164062
2248,2.4114303588867188
2249,-9.30815315246582
2250,1.4817028045654297
2251,2.233369827270508
2252,0.11018610000610352
2253,-2.3389978408813477
2254,3.362150192260742
2255,-8.75467300415039
2256,-2.2463226318359375
2257,3.1429214477539062
2258,1.291553020477295
2259,-0.37551403045654297
2260,5.617361068725586
2261,-3.083838701248169
2262,-0.5444011688232422
2263,5.3250274658203125
2264,7.890569686889648
2265,0.2055654525756836
2266,6.03062629699707
2267,-2.5126404762268066
2268,0.14021778106689453
2269,5.597967147827148
2270,8.4973783493042
2271,-2.2650794982910156
2272,5.867998123168945
2273,-3.446530342102051
2274,-1.7859172821044922
2275,5.892154693603516
2276,8.237062454223633
2277,-1.0587482452392578
2278,-2.1927642822265625
2279,-9.663375854492188
2280,-0.6008110046386719
2281,-2.3133907318115234
2282,-10.491729736328125
2283,-0.5389432907104492
2284,-2.3001155853271484
2285,-10.493999481201172
2286,-0.4845752716064453
2287,-2.2854652404785156
2288,-10.49588394165039
2289,-0.58551025390625
2290,-2.317930221557617
2291,-8.950052261352539
2292,-0.5317459106445312
2293,-2.3071231842041016
2294,-8.949073791503906
2295,-0.4799814224243164
2296,-2.2972412109375
2297,-8.950507164001465
2298,-0.046947479248046875
2299,-2.0428390502929688
2300,-12.527624130249023
2301,-0.050894737243652344
2302,-2.0723209381103516
2303,-5.655464172363281
2304,-0.9911231994628906
2305,-1.9068260192871094
2306,-10.361251831054688
2307,-1.0086908340454102
2308,-1.9253711700439453
2309,-8.35409164428711
2310,0.2633628845214844
2311,-0.7828445434570312
2312,-15.851529121398926
2313,0.3493061065673828
2314,-0.8820571899414062
2315,-1.2923402786254883
2316,-0.7367744445800781
2317,1.1457042694091797
2318,-18.37186050415039
2319,-0.38720130920410156
2320,0.865478515625
2321,-0.04243040084838867
2322,-2.6439971923828125
2323,2.577638626098633
2324,-15.117475509643555
2325,-2.387864112854004
2326,2.356931686401367
2327,-2.8575057983398438
2328,-2.93997859954834
2329,2.843008041381836
2330,-16.713462829589844
2331,-2.713362693786621
2332,2.5960350036621094
2333,-2.9136593341827393
2334,-3.1763877868652344
2335,2.7456531524658203
2336,-16.096477508544922
2337,-2.8605966567993164
2338,2.5456066131591797
2339,-4.330209255218506
2340,-2.8501482009887695
2341,2.663125991821289
2342,-14.852243423461914
2343,-2.602297782897949
2344,2.637004852294922
2345,-3.5596046447753906
2346,1.8785982131958008
2347,2.2449188232421875
2348,-9.312231063842773
2349,1.5049009323120117
2350,2.096996307373047
2351,0.11415815353393555
2352,-2.2896862030029297
2353,3.326749801635742
2354,-8.582250595092773
2355,-2.1832475662231445
2356,3.1124210357666016
2357,2.2237954139709473
2358,-0.39263153076171875
2359,5.605781555175781
2360,-2.3292367458343506
2361,-0.5847797393798828
2362,5.281726837158203
2363,8.658601760864258
2364,0.18256473541259766
2365,6.016031265258789
2366,-1.6623270511627197
2367,0.086181640625
2368,5.628719329833984
2369,9.259693145751953
2370,-2.213303565979004
2371,5.860910415649414
2372,-2.241306781768799
2373,-1.4490909576416016
2374,5.8367462158203125
2375,8.973135948181152
2376,0.14177417755126953
2377,-2.400175094604492
2378,-8.033939361572266
2379,0.4630260467529297
2380,-2.559732437133789
2381,-9.162027359008789
2382,0.5184469223022461
2383,-2.5491085052490234
2384,-9.166339874267578
2385,0.5781946182250977
2386,-2.5360946655273438
2387,-9.167078971862793
2388,0.47020816802978516
2389,-2.5635433197021484
2390,-7.627366065979004
2391,0.5251798629760742
2392,-2.5578575134277344
2393,-7.628304481506348
2394,0.5847415924072266
2395,-2.5515174865722656
2396,-7.627124786376953
2397,1.044438362121582
2398,-2.3129844665527344
2399,-11.470541000366211
2400,1.063079833984375
2401,-2.3281288146972656
2402,-4.576443672180176
2403,0.23616695404052734
2404,-2.129840850830078
2405,-8.731569290161133
2406,0.20990276336669922
2407,-2.1444263458251953
2408,-6.755978107452393
2409,0.8049125671386719
2410,-0.887847900390625
2411,-15.141794204711914
2412,1.1468219757080078
2413,-0.9310455322265625
2414,0.3747081756591797
2415,-1.7336082458496094
2416,0.4257545471191406
2417,-15.615992546081543
2418,-1.0791683197021484
2419,0.1857318878173828
2420,1.3589763641357422
2421,-4.729720115661621
2422,1.708444595336914
2423,-13.398612976074219
2424,-3.9698972702026367
2425,0.6522808074951172
2426,-0.7961244583129883
2427,-5.313952445983887
2428,1.4947509765625
2429,-15.035947799682617
2430,-4.6235456466674805
2431,0.4484214782714844
2432,-0.7930834293365479
2433,-5.336828231811523
2434,0.9749584197998047
2435,-14.05776596069336
2436,-4.683803558349609
2437,0.28247642517089844
2438,-2.240171194076538
2439,-5.184395790100098
2440,1.0102519989013672
2441,-13.011385917663574
2442,-4.515934944152832
2443,0.4490966796875
2444,-1.5092830657958984
2445,1.8863105773925781
2446,2.1403579711914062
2447,-9.314910888671875
2448,1.6270952224731445
2449,1.9976825714111328
2450,0.11783075332641602
2451,-2.252634048461914
2452,3.308391571044922
2453,-9.029216766357422
2454,-2.127643585205078
2455,3.0603771209716797
2456,2.870138645172119
2457,-0.3860130310058594
2458,5.628684997558594
2459,-4.095442771911621
2460,-0.5705862045288086
2461,5.072345733642578
2462,9.376605987548828
2463,0.18993473052978516
2464,6.008115768432617
2465,-3.724419116973877
2466,0.166839599609375
2467,5.11103630065918
2468,10.076919555664062
2469,-2.2266387939453125
2470,5.886920928955078
2471,-4.874569892883301
2472,-1.3529911041259766
2473,5.457735061645508
2474,10.350861549377441
2475,0.7271890640258789
2476,-2.765249252319336
2477,-6.554301738739014
2478,1.1255731582641602
2479,-2.885112762451172
2480,-7.642137050628662
2481,1.1829261779785156
2482,-2.87042236328125
2483,-7.642757892608643
2484,1.240142822265625
2485,-2.854961395263672
2486,-7.644639015197754
2487,1.101546287536621
2488,-2.8893814086914062
2489,-6.070398807525635
2490,1.1399898529052734
2491,-2.8802261352539062
2492,-6.071162700653076
2493,1.1827478408813477
2494,-2.872213363647461
2495,-6.070409297943115
2496,1.5975027084350586
2497,-2.619497299194336
2498,-10.07093334197998
2499,1.580916404724121
2500,-2.6485347747802734
2501,-3.029348850250244
2502,0.761042594909668
2503,-2.4742431640625
2504,-7.361301422119141
2505,0.6950311660766602
2506,-2.4833812713623047
2507,-5.337013244628906
2508,1.2362823486328125
2509,-1.3715152740478516
2510,-14.040685653686523
2511,1.4931859970092773
2512,-1.3473854064941406
2513,1.554671287536621
2514,-1.8382539749145508
2515,-1.4033737182617188
2516,-12.717122077941895
2517,-0.8601016998291016
2518,-1.0479793548583984
2519,4.861684799194336
2520,-2.2390918731689453
2521,-1.894937515258789
2522,-4.551267623901367
2523,-2.960209846496582
2524,-1.538705825805664
2525,4.143573760986328
2526,-2.4210329055786133
2527,-2.0759353637695312
2528,-5.052289009094238
2529,-3.372410774230957
2530,-1.7203636169433594
2531,4.303333282470703
2532,-2.124239921569824
2533,-2.056447982788086
2534,-4.968816757202148
2535,-3.3215246200561523
2536,-1.8150520324707031
2537,3.232008457183838
2538,-2.057826042175293
2539,-1.9712657928466797
2540,-4.356237411499023
2541,-3.233321189880371
2542,-1.7443389892578125
2543,3.5893516540527344
2544,1.8904571533203125
2545,2.031373977661133
2546,-9.574321746826172
2547,1.597468376159668
2548,1.9077091217041016
2549,0.376192569732666
2550,-2.226803779602051
2551,3.294210433959961
2552,-9.456670761108398
2553,-2.094572067260742
2554,3.040140151977539
2555,2.8136277198791504
2556,-0.5053796768188477
2557,5.621061325073242
2558,-6.7793169021606445
2559,-0.6590557098388672
2560,5.10716438293457
2561,8.238092422485352
2562,0.10100364685058594
2563,6.004337310791016
2564,-6.413908004760742
2565,-0.034351348876953125
2566,5.414751052856445
2567,8.773985862731934
2568,-2.3873462677001953
2569,5.882707595825195
2570,-6.979911804199219
2571,-1.752446174621582
2572,5.531429290771484
2573,8.489797592163086
2574,1.5977659225463867
2575,-3.1986560821533203
2576,-4.872579574584961
2577,1.969395637512207
2578,-3.320486068725586
2579,-5.772753715515137
2580,2.018984794616699
2581,-3.3032588958740234
2582,-5.772975921630859
2583,2.072016716003418
2584,-3.2865333557128906
2585,-5.774921417236328
2586,1.9496479034423828
2587,-3.327861785888672
2588,-4.230738639831543
2589,1.9845876693725586
2590,-3.3166370391845703
2591,-4.228631019592285
2592,2.025465965270996
2593,-3.3074378967285156
2594,-4.227919101715088
2595,2.4085607528686523
2596,-3.081043243408203
2597,-7.978676795959473
2598,2.3993959426879883
2599,-3.1087512969970703
2600,-1.07649827003479
2601,1.6048593521118164
2602,-2.9517745971679688
2603,-5.601135730743408
2604,1.5499048233032227
2605,-2.9610595703125
2606,-3.6022214889526367
2607,1.8839731216430664
2608,-2.1190013885498047
2609,-12.086684226989746
2610,2.2563791275024414
2611,-1.8796558380126953
2612,3.4261770248413086
2613,-1.0331077575683594
2614,-2.785398483276367
2615,-14.601648330688477
2616,-0.3536548614501953
2617,-2.0440006256103516
2618,6.24674129486084
2619,-1.9675750732421875
2620,-4.118721008300781
2621,-12.721698760986328
2622,-1.3971338272094727
2623,-2.9565792083740234
2624,4.769504547119141
2625,-2.143914222717285
2626,-4.309314727783203
2627,-14.122211456298828
2628,-1.4028739929199219
2629,-3.3519287109375
2630,4.848293304443359
2631,-1.792379379272461
2632,-4.3414306640625
2633,-13.587403297424316
2634,-1.437880516052246
2635,-3.390745162963867
2636,3.9865827560424805
2637,-1.8557558059692383
2638,-4.275043487548828
2639,-12.52663803100586
2640,-1.4776582717895508
2641,-3.272989273071289
2642,4.251605987548828
2643,1.8581275939941406
2644,1.5440635681152344
2645,-9.611967086791992
2646,1.700709342956543
2647,1.5077857971191406
2648,0.41245365142822266
2649,-2.094191551208496
2650,3.2717514038085938
2651,-9.486486434936523
2652,-1.9140691757202148
2653,3.0288009643554688
2654,0.3513908386230469
2655,-0.506098747253418
2656,5.625724792480469
2657,-6.873575210571289
2658,-0.6441030502319336
2659,5.254064559936523
2660,4.085015296936035
2661,0.10146236419677734
2662,5.999879837036133
2663,-6.52573823928833
2664,-0.019410133361816406
2665,5.647121429443359
2666,4.439510345458984
2667,-2.4089317321777344
2668,5.943378448486328
2669,-7.599397659301758
2670,-2.084657669067383
2671,5.651651382446289
2672,3.0461206436157227
2673,2.1273889541625977
2674,-3.7495765686035156
2675,-5.156429290771484
2676,2.5831003189086914
2677,-3.865530014038086
2678,-6.056085586547852
2679,2.6417722702026367
2680,-3.851530075073242
2681,-6.056622505187988
2682,2.7062788009643555
2683,-3.836698532104492
2684,-6.058396339416504
2685,2.561985969543457
2686,-3.8743343353271484
2687,-4.507498741149902
2688,2.603663444519043
2689,-3.866830825805664
2690,-4.5056471824646
2691,2.6576147079467773
2692,-3.859262466430664
2693,-4.505919456481934
2694,3.082818031311035
2695,-3.591156005859375
2696,-8.295016288757324
2697,3.0601625442504883
2698,-3.635049819946289
2699,-1.306901454925537
2700,2.0646657943725586
2701,-3.506826400756836
2702,-5.895896911621094
2703,2.029158592224121
2704,-3.5220470428466797
2705,-3.869051218032837
2706,2.703000068664551
2707,-2.6535587310791016
2708,-11.986204147338867
2709,2.5870771408081055
2710,-2.3103904724121094
2711,2.455139636993408
2712,1.4149770736694336
2713,-3.3498191833496094
2714,-18.688310623168945
2715,1.568120002746582
2716,-2.244426727294922
2717,7.76408576965332
2718,1.2229804992675781
2719,-3.6713638305664062
2720,-21.688161849975586
2721,1.3551387786865234
2722,-2.6468849182128906
2723,10.483004570007324
2724,1.2584285736083984
2725,-3.8680038452148438
2726,-23.33728790283203
2727,1.6042909622192383
2728,-2.7851314544677734
2729,11.30178451538086
2730,1.4973669052124023
2731,-3.751333236694336
2732,-22.667015075683594
2733,1.5271129608154297
2734,-2.8483848571777344
2735,10.43139362335205
2736,1.394608497619629
2737,-3.6374435424804688
2738,-21.552532196044922
2739,1.3592491149902344
2740,-2.8150634765625
2741,10.148244857788086
2742,1.8431949615478516
2743,0.9161548614501953
2744,-9.610956192016602
2745,1.652043342590332
2746,0.9242668151855469
2747,0.41149425506591797
2748,-1.7272300720214844
2749,3.1980247497558594
2750,-9.801281929016113
2751,-1.5779199600219727
2752,2.954853057861328
2753,-0.8443632125854492
2754,-0.5683650970458984
2755,5.621288299560547
2756,-8.354201316833496
2757,-0.6644048690795898
2758,5.313470840454102
2759,1.9413337707519531
2760,0.023072242736816406
2761,5.978252410888672
2762,-8.157100677490234
2763,-0.15283966064453125
2764,5.677070617675781
2765,2.120192527770996
2766,-2.554633140563965
2767,5.946140289306641
2768,-10.455933570861816
2769,-2.3543195724487305
2770,5.757038116455078
2771,0.1084895133972168
2772,3.210616111755371
2773,-4.343164443969727
2774,-5.5284504890441895
2775,3.7322206497192383
2776,-4.415533065795898
2777,-6.344485282897949
2778,3.780909538269043
2779,-4.402002334594727
2780,-6.345309257507324
2781,3.8463850021362305
2782,-4.389551162719727
2783,-6.348111629486084
2784,3.709404945373535
2785,-4.425947189331055
2786,-4.83517599105835
2787,3.7488088607788086
2788,-4.419900894165039
2789,-4.832204818725586
2790,3.804640769958496
2791,-4.414192199707031
2792,-4.831582069396973
2793,4.1057329177856445
2794,-4.182395935058594
2795,-8.568073272705078
2796,4.1042890548706055
2797,-4.205970764160156
2798,-1.756714105606079
2799,3.151616096496582
2800,-4.156307220458984
2801,-6.271024703979492
2802,3.1218748092651367
2803,-4.173219680786133
2804,-4.302454948425293
2805,3.6362504959106445
2806,-3.240896224975586
2807,-12.174790382385254
2808,3.1659059524536133
2809,-3.086202621459961
2810,1.8451848030090332
2811,3.1110525131225586
2812,-4.664665222167969
2813,-18.73723030090332
2814,2.7849626541137695
2815,-4.481218338012695
2816,6.644089698791504
2817,4.827990531921387
2818,-5.5451812744140625
2819,-22.568695068359375
2820,4.28865909576416
2821,-5.272272109985352
2822,9.169702529907227
2823,5.326014518737793
2824,-5.874307632446289
2825,-24.53999137878418
2826,4.839571952819824
2827,-5.492986679077148
2828,9.510071754455566
2829,5.409661293029785
2830,-5.705055236816406
2831,-24.106067657470703
2832,4.879631996154785
2833,-5.454427719116211
2834,8.879566192626953
2835,5.144272804260254
2836,-5.562688827514648
2837,-22.570615768432617
2838,4.657343864440918
2839,-5.418436050415039
2840,8.822633743286133
2841,1.4184370040893555
2842,0.11229133605957031
2843,-9.353630065917969
2844,1.4717111587524414
2845,0.11881446838378906
2846,0.15415191650390625
2847,-1.340301513671875
2848,2.604503631591797
2849,-9.31080150604248
2850,-1.1341791152954102
2851,2.496898651123047
2852,-0.24805307388305664
2853,-0.6766529083251953
2854,5.412263870239258
2855,-7.872452735900879
2856,-0.7077121734619141
2857,5.251714706420898
2858,2.178776741027832
2859,-0.11265087127685547
2860,5.783353805541992
2861,-7.7024946212768555
2862,-0.22779273986816406
2863,5.643611907958984
2864,2.2514047622680664
2865,-2.597012519836426
2866,5.937829971313477
2867,-10.334197044372559
2868,-2.408205032348633
2869,5.752649307250977
2870,-0.309171199798584
2871,4.301022529602051
2872,-5.120397567749023
2873,-5.80578088760376
2874,4.840317726135254
2875,-5.190715789794922
2876,-6.638887405395508
2877,4.896042823791504
2878,-5.174428939819336
2879,-6.642070770263672
2880,4.983595848083496
2881,-5.158012390136719
2882,-6.645550727844238
2883,4.8334550857543945
2884,-5.189781188964844
2885,-4.958509922027588
2886,4.904425621032715
2887,-5.168031692504883
2888,-4.961417198181152
2889,4.964024543762207
2890,-5.152538299560547
2891,-4.96721076965332
2892,5.177899360656738
2893,-4.863370895385742
2894,-8.809889793395996
2895,5.198529243469238
2896,-4.864597320556641
2897,-2.4151971340179443
2898,4.244172096252441
2899,-4.936792373657227
2900,-6.5607991218566895
2901,4.222224235534668
2902,-4.936685562133789
2903,-4.362458229064941
2904,4.373364448547363
2905,-3.9181156158447266
2906,-12.325284004211426
2907,3.9895849227905273
2908,-3.7921676635742188
2909,0.4751729965209961
2910,4.7935895919799805
2911,-5.459756851196289
2912,-15.52811336517334
2913,4.854783058166504
2914,-5.097980499267578
2915,4.612652778625488
2916,7.106215476989746
2917,-5.721132278442383
2918,-14.410155296325684
2919,6.713452339172363
2920,-5.434146881103516
2921,9.03384017944336
2922,7.599072456359863
2923,-5.766361236572266
2924,-15.86303424835205
2925,7.277634620666504
2926,-5.499958038330078
2927,6.192138671875
2928,7.6578168869018555
2929,-5.633508682250977
2930,-15.723615646362305
2931,7.425673484802246
2932,-5.238981246948242
2933,7.8399553298950195
2934,7.547976493835449
2935,-5.60466194152832
2936,-14.442366600036621
2937,7.215224266052246
2938,-5.230792999267578
2939,7.884530067443848
2940,1.0249624252319336
2941,-0.6502532958984375
2942,-9.311344146728516
2943,1.2232398986816406
2944,-0.6344718933105469
2945,0.1064901351928711
2946,-1.0718088150024414
2947,1.9115371704101562
2948,-8.05573844909668
2949,-0.8162412643432617
2950,1.8467350006103516
2951,0.9531817436218262
2952,-0.9566144943237305
2953,4.798194885253906
2954,-6.818938255310059
2955,-0.9096498489379883
2956,4.320121765136719
2957,3.6137027740478516
2958,-0.4579448699951172
2959,5.127265930175781
2960,-6.906408309936523
2961,-0.6545591354370117
2962,4.878757476806641
2963,3.8791208267211914
2964,-2.616222381591797
2965,5.66002082824707
2966,-9.205659866333008
2967,-2.521864891052246
2968,5.018774032592773
2969,1.8419265747070312
2970,5.352326393127441
2971,-5.174726486206055
2972,-5.486563682556152
2973,5.820708274841309
2974,-5.152387619018555
2975,-6.272052764892578
2976,5.856947898864746
2977,-5.128292083740234
2978,-6.271710395812988
2979,5.943354606628418
2980,-5.094949722290039
2981,-6.274993896484375
2982,5.820252418518066
2983,-5.161951065063477
2984,-4.8851189613342285
2985,5.854039192199707
2986,-5.142492294311523
2987,-4.8832197189331055
2988,5.925080299377441
2989,-5.11541748046875
2990,-4.881796360015869
2991,6.026259422302246
2992,-4.832180023193359
2993,-8.343749046325684
2994,5.997052192687988
2995,-4.858875274658203
2996,-2.2358031272888184
2997,5.198000907897949
2998,-4.981813430786133
2999,-6.17257022857666
3000,5.191105842590332
3001,-4.992454528808594
3002,-4.347935676574707
3003,5.10140323638916
3004,-4.022151947021484
3005,-11.153342247009277
3006,4.51053524017334
3007,-4.128946304321289
3008,0.6842136383056641
3009,5.75925350189209
3010,-5.356719970703125
3011,-12.204690933227539
3012,5.277834892272949
3013,-5.349369049072266
3014,4.963596343994141
3015,7.883694648742676
3016,-5.456493377685547
3017,-7.955807685852051
3018,7.298850059509277
3019,-5.360589981079102
3020,7.112149238586426
3021,8.270052909851074
3022,-5.480695724487305
3023,-8.588587760925293
3024,7.9226179122924805
3025,-5.436107635498047
3026,6.7855224609375
3027,8.164715766906738
3028,-5.350481033325195
3029,-8.20742416381836
3030,7.938170433044434
3031,-5.259838104248047
3032,6.64278507232666
3033,8.041644096374512
3034,-5.328426361083984
3035,-7.768833637237549
3036,7.69309139251709
3037,-5.260480880737305
3038,6.6697492599487305
3039,0.9204416275024414
3040,-1.2804908752441406
3041,-9.221900939941406
3042,1.1025686264038086
3043,-1.3561058044433594
3044,0.016336441040039062
3045,-1.2301368713378906
3046,0.8579654693603516
3047,-9.852287292480469
3048,-0.6094198226928711
3049,0.8497734069824219
3050,-0.12092447280883789
3051,-0.8945846557617188
3052,3.921659469604492
3053,-9.660890579223633
3054,-0.6161718368530273
3055,3.422618865966797
3056,1.007242202758789
3057,-0.37273120880126953
3058,4.113502502441406
3059,-9.606618881225586
3060,-0.45146656036376953
3061,3.782716751098633
3062,1.0462431907653809
3063,-2.4945363998413086
3064,5.0181121826171875
3065,-11.842918395996094
3066,-1.8990764617919922
3067,4.22730827331543
3068,-0.641284704208374
3069,6.554125785827637
3070,-4.886940002441406
3071,-5.176607131958008
3072,7.036442756652832
3073,-4.84296989440918
3074,-5.892762184143066
3075,7.074765205383301
3076,-4.839420318603516
3077,-5.8942389488220215
3078,7.0980329513549805
3079,-4.837480545043945
3080,-5.894729137420654
3081,7.009598731994629
3082,-4.835689544677734
3083,-4.812572002410889
3084,7.0330400466918945
3085,-4.829189300537109
3086,-4.813953399658203
3087,7.0469160079956055
3088,-4.822086334228516
3089,-4.817972183227539
3090,7.073563575744629
3091,-4.716005325317383
3092,-8.190985679626465
3093,7.111556053161621
3094,-4.62690544128418
3095,-3.329853057861328
3096,6.2710065841674805
3097,-4.701322555541992
3098,-5.864198684692383
3099,6.238762855529785
3100,-4.702236175537109
3101,-4.474514484405518
3102,5.543713569641113
3103,-4.226964950561523
3104,-10.122052192687988
3105,5.701685905456543
3106,-3.9905662536621094
3107,-1.902649164199829
3108,7.110716819763184
3109,-5.782829284667969
3110,-12.949551582336426
3111,6.661690711975098
3112,-5.27607536315918
3113,-1.8748373985290527
3114,9.218180656433105
3115,-6.587457656860352
3116,-15.253968238830566
3117,8.792311668395996
3118,-6.442756652832031
3119,-3.485400676727295
3120,9.707259178161621
3121,-6.828011512756348
3122,-16.324600219726562
3123,9.382269859313965
3124,-6.634464263916016
3125,-3.6508097648620605
3126,9.937836647033691
3127,-6.637829780578613
3128,-16.205245971679688
3129,9.45966625213623
3130,-6.777880668640137
3131,-4.242782115936279
3132,9.55550479888916
3133,-6.492591857910156
3134,-15.302899360656738
3135,9.223559379577637
3136,-6.750840187072754
3137,-3.8658413887023926
3138,-0.11786651611328125
3139,-2.2338027954101562
3140,-6.545490264892578
3141,0.030823707580566406
3142,-2.023374557495117
3143,-2.6598620414733887
3144,0.10847759246826172
3145,-0.015047073364257812
3146,-6.819819450378418
3147,0.5048532485961914
3148,0.08422279357910156
3149,-2.391859531402588
3150,1.357914924621582
3151,1.9779586791992188
3152,-4.3483662605285645
3153,1.314927101135254
3154,1.892263412475586
3155,1.0361032485961914
3156,1.5277385711669922
3157,2.315305709838867
3158,-4.122185707092285
3159,1.5446758270263672
3160,2.1566505432128906
3161,1.2396607398986816
3162,2.2454710006713867
3163,2.639688491821289
3164,-6.529227256774902
3165,1.6359176635742188
3166,2.5458011627197266
3167,-0.7714571952819824
3168,7.6033430099487305
3169,-4.961233139038086
3170,-5.839888095855713
3171,8.015280723571777
3172,-4.898860931396484
3173,-6.527732849121094
3174,8.046462059020996
3175,-4.8895111083984375
3176,-6.526865005493164
3177,8.081191062927246
3178,-4.881963729858398
3179,-6.525891304016113
3180,8.002097129821777
3181,-4.88593864440918
3182,-5.340061187744141
3183,8.018445014953613
3184,-4.8675994873046875
3185,-5.340861797332764
3186,8.042527198791504
3187,-4.85053825378418
3188,-5.3439178466796875
3189,8.11003589630127
3190,-4.736125946044922
3191,-8.488517761230469
3192,8.131123542785645
3193,-4.657840728759766
3194,-3.3257997035980225
3195,7.3756608963012695
3196,-4.822084426879883
3197,-6.417089462280273
3198,7.319893836975098
3199,-4.807979583740234
3200,-4.872092247009277
3201,6.456938743591309
3202,-4.363975524902344
3203,-11.712665557861328
3204,6.559632301330566
3205,-4.081850051879883
3206,0.16606378555297852
3207,6.2795515060424805
3208,-5.831998825073242
3209,-14.794389724731445
3210,6.671866416931152
3211,-5.480373382568359
3212,1.753486156463623
3213,7.559988975524902
3214,-7.048982620239258
3215,-15.101162910461426
3216,8.024689674377441
3217,-6.898862838745117
3218,-1.1977894306182861
3219,7.853716850280762
3220,-7.311168670654297
3221,-16.318906784057617
3222,8.852116584777832
3223,-7.05406379699707
3224,-0.9685497283935547
3225,8.168606758117676
3226,-7.209551811218262
3227,-15.646927833557129
3228,8.907805442810059
3229,-7.161611557006836
3230,-2.294668197631836
3231,8.111800193786621
3232,-7.135163307189941
3233,-14.837913513183594
3234,8.572491645812988
3235,-7.035675048828125
3236,-1.851625680923462
3237,0.9149789810180664
3238,-2.4373950958251953
3239,-8.759465217590332
3240,0.9269495010375977
3241,-2.2580204010009766
3242,-0.44791173934936523
3243,-2.578634262084961
3244,-2.4659900665283203
3245,-9.006056785583496
3246,-1.7929725646972656
3247,-2.120248794555664
3248,3.1645946502685547
3249,-0.29117679595947266
3250,-0.7109699249267578
3251,-4.424432277679443
3252,-0.50244140625
3253,-0.5902252197265625
3254,6.0656328201293945
3255,0.11494064331054688
3256,-0.36220359802246094
3257,-4.059387683868408
3258,-0.09496307373046875
3259,-0.48638153076171875
3260,6.3431501388549805
3261,-0.5776472091674805
3262,0.16567611694335938
3263,-2.7739627361297607
3264,-0.25248241424560547
3265,0.05711555480957031
3266,7.110886573791504
3267,8.249650001525879
3268,-4.960721969604492
3269,-6.085793495178223
3270,8.62608814239502
3271,-4.899833679199219
3272,-6.784404754638672
3273,8.645085334777832
3274,-4.889942169189453
3275,-6.784159183502197
3276,8.671883583068848
3277,-4.882074356079102
3278,-6.784099578857422
3279,8.626164436340332
3280,-4.885955810546875
3281,-5.594572067260742
3282,8.641039848327637
3283,-4.8673553466796875
3284,-5.596032619476318
3285,8.650246620178223
3286,-4.847536087036133
3287,-5.597104549407959
3288,8.724120140075684
3289,-4.722909927368164
3290,-8.749463081359863
3291,8.74170970916748
3292,-4.638378143310547
3293,-3.4153189659118652
3294,8.051247596740723
3295,-4.836408615112305
3296,-6.685935974121094
3297,8.027892112731934
3298,-4.816770553588867
3299,-5.124210357666016
3300,7.184878349304199
3301,-4.363040924072266
3302,-12.068619728088379
3303,7.26389217376709
3304,-4.0544891357421875
3305,0.15631484985351562
3306,5.420184135437012
3307,-5.633384704589844
3308,-14.391504287719727
3309,6.241847038269043
3310,-5.404401779174805
3311,1.758349895477295
3312,5.4524335861206055
3313,-7.105747222900391
3314,-12.876419067382812
3315,5.96981143951416
3316,-6.895053863525391
3317,-1.1046645641326904
3318,5.403130531311035
3319,-7.357823371887207
3320,-14.145533561706543
3321,6.381339073181152
3322,-6.93189811706543
3323,-0.8432693481445312
3324,5.646903038024902
3325,-7.352841377258301
3326,-13.090239524841309
3327,6.4265546798706055
3328,-7.067598342895508
3329,-2.157315969467163
3330,5.57596492767334
3331,-7.238774299621582
3332,-12.424636840820312
3333,6.090868949890137
3334,-7.006753921508789
3335,-1.7391550540924072
3336,1.4844579696655273
3337,-2.658008575439453
3338,-8.77723217010498
3339,1.705540657043457
3340,-2.5378456115722656
3341,-0.4324631690979004
3342,-1.8637361526489258
3343,-4.262933731079102
3344,-8.498306274414062
3345,-1.503972053527832
3346,-3.290729522705078
3347,5.807324409484863
3348,-0.9941768646240234
3349,-2.044565200805664
3350,-1.8619112968444824
3351,-1.2707128524780273
3352,-2.113679885864258
3353,8.196362495422363
3354,-0.35290050506591797
3355,-1.93426513671875
3356,-0.8585414886474609
3357,-1.316676139831543
3358,-1.9830913543701172
3359,8.488884925842285
3360,-1.6876630783081055
3361,-1.7095012664794922
3362,3.1109542846679688
3363,-1.9106988906860352
3364,-2.0030555725097656
3365,10.581364631652832
3366,8.654887199401855
3367,-4.932069778442383
3368,-5.984339237213135
3369,9.025528907775879
3370,-4.8284912109375
3371,-6.748775482177734
3372,9.03722858428955
3373,-4.797344207763672
3374,-6.74852180480957
3375,9.055272102355957
3376,-4.764705657958984
3377,-6.749200820922852
3378,9.042130470275879
3379,-4.840368270874023
3380,-5.512389183044434
3381,9.060551643371582
3382,-4.819740295410156
3383,-5.513720512390137
3384,9.083943367004395
3385,-4.798801422119141
3386,-5.514640808105469
3387,9.00985050201416
3388,-4.444938659667969
3389,-8.923471450805664
3390,9.055573463439941
3391,-4.528263092041016
3392,-3.2117841243743896
3393,8.33413028717041
3394,-4.800510406494141
3395,-6.655452728271484
3396,8.320656776428223
3397,-4.805940628051758
3398,-5.060926914215088
3399,7.177800178527832
3400,-4.039358139038086
3401,-12.737319946289062
3402,7.361495018005371
3403,-4.052093505859375
3404,1.3021044731140137
3405,5.003558158874512
3406,-5.262153625488281
3407,-15.562664031982422
3408,7.242791175842285
3409,-5.397188186645508
3410,6.408069610595703
3411,4.056502342224121
3412,-6.997384071350098
3413,-14.754480361938477
3414,9.040205955505371
3415,-5.704170227050781
3416,8.181334495544434
3417,3.7205419540405273
3418,-7.294755935668945
3419,-16.604568481445312
3420,9.720627784729004
3421,-5.654052734375
3422,8.847857475280762
3423,4.080197334289551
3424,-7.241103172302246
3425,-15.473284721374512
3426,9.84880542755127
3427,-5.65632438659668
3428,8.111787796020508
3429,4.093085289001465
3430,-7.127957344055176
3431,-14.132808685302734
3432,9.557913780212402
3433,-5.667057037353516
3434,7.8961286544799805
3435,1.7780389785766602
3436,-2.6638050079345703
3437,-9.312036514282227
3438,1.9534082412719727
3439,-2.7092018127441406
3440,0.11163854598999023
3441,-0.03277397155761719
3442,-5.198184967041016
3443,-10.060401916503906
3444,-0.32756519317626953
3445,-4.719402313232422
3446,3.027822494506836
3447,-2.5530776977539062
3448,-3.0213985443115234
3449,-2.853822708129883
3450,-2.1607961654663086
3451,-3.0219364166259766
3452,7.068258285522461
3453,-2.058786392211914
3454,-2.513652801513672
3455,-1.5504820346832275
3456,-2.2222681045532227
3457,-2.6928367614746094
3458,7.4272050857543945
3459,-4.444879531860352
3460,-2.8660755157470703
3461,-0.5248746871948242
3462,-3.418654441833496
3463,-3.0923099517822266
3464,8.352825164794922
3465,8.743542671203613
3466,-4.483509063720703
3467,-4.813473224639893
3468,9.086714744567871
3469,-4.31855583190918
3470,-5.699255466461182
3471,9.092913627624512
3472,-4.281867980957031
3473,-5.697938442230225
3474,9.101954460144043
3475,-4.238807678222656
3476,-5.698862075805664
3477,9.097527503967285
3478,-4.338987350463867
3479,-4.326455116271973
3480,9.109997749328613
3481,-4.315521240234375
3482,-4.326622486114502
3483,9.124327659606934
3484,-4.294078826904297
3485,-4.325722694396973
3486,8.981858253479004
3487,-3.93829345703125
3488,-7.824292182922363
3489,9.048213005065918
3490,-4.039365768432617
3491,-1.6317570209503174
3492,8.448657035827637
3493,-4.358680725097656
3494,-5.541231155395508
3495,8.440873146057129
3496,-4.401161193847656
3497,-3.756197929382324
3498,7.150113105773926
3499,-3.7416038513183594
3500,-12.192083358764648
3501,7.467757225036621
3502,-3.863992691040039
3503,3.100996971130371
3504,4.454821586608887
3505,-4.817880630493164
3506,-14.792749404907227
3507,7.1747331619262695
3508,-5.280448913574219
3509,6.998944282531738
3510,3.298966407775879
3511,-6.046613693237305
3512,-11.835806846618652
3513,8.804451942443848
3514,-5.560039520263672
3515,7.536579132080078
3516,2.7683420181274414
3517,-6.291712760925293
3518,-13.122687339782715
3519,9.432358741760254
3520,-5.545074462890625
3521,8.048035621643066
3522,3.053706169128418
3523,-6.371055603027344
3524,-12.397327423095703
3525,9.557143211364746
3526,-5.594522476196289
3527,7.418166160583496
3528,3.1885976791381836
3529,-6.329501152038574
3530,-11.451115608215332
3531,9.302666664123535
3532,-5.583635330200195
3533,7.247929573059082
3534,1.8435754776000977
3535,-2.7167015075683594
3536,-9.56971549987793
3537,2.129887580871582
3538,-2.8399524688720703
3539,0.36948060989379883
3540,1.850687026977539
3541,-5.525520324707031
3542,-11.816978454589844
3543,1.9377164840698242
3544,-5.400861740112305
3545,0.6622834205627441
3546,-2.435466766357422
3547,-4.204216003417969
3548,-8.405553817749023
3549,-2.124884605407715
3550,-4.312013626098633
3551,2.6649832725524902
3552,-2.751889228820801
3553,-3.6551475524902344
3554,-7.837713241577148
3555,-2.582818031311035
3556,-3.8562183380126953
3557,2.8141679763793945
3558,-5.084491729736328
3559,-4.622982025146484
3560,-7.321584224700928
3561,-4.121114730834961
3562,-4.689657211303711
3563,2.6001691818237305
3564,8.863165855407715
3565,-3.992107391357422
3566,-5.568781852722168
3567,9.150341987609863
3568,-3.766782760620117
3569,-6.4934401512146
3570,9.149123191833496
3571,-3.7221145629882812
3572,-6.494896411895752
3573,9.148896217346191
3574,-3.6748180389404297
3575,-6.498235702514648
3576,9.154776573181152
3577,-3.793560028076172
3578,-5.074687957763672
3579,9.1576566696167
3580,-3.766633987426758
3581,-5.0748677253723145
3582,9.163592338562012
3583,-3.7367820739746094
3584,-5.07450532913208
3585,8.929949760437012
3586,-3.3714771270751953
3587,-8.434986114501953
3588,8.994978904724121
3589,-3.4597606658935547
3590,-2.069535493850708
3591,8.530577659606934
3592,-3.8734607696533203
3593,-6.2177581787109375
3594,8.52306079864502
3595,-3.930654525756836
3596,-4.305092811584473
3597,7.057877540588379
3598,-3.4007911682128906
3599,-12.25393295288086
3600,7.315361976623535
3601,-3.537454605102539
3602,2.098198413848877
3603,4.390250205993652
3604,-4.245046615600586
3605,-14.585762977600098
3606,6.980521202087402
3607,-4.732854843139648
3608,5.007129669189453
3609,3.487269401550293
3610,-5.788295745849609
3611,-12.948118209838867
3612,7.309266090393066
3613,-5.47471809387207
3614,3.7079925537109375
3615,3.2873353958129883
3616,-6.179126739501953
3617,-13.990204811096191
3618,7.986817359924316
3619,-5.543207168579102
3620,4.012838363647461
3621,3.762478828430176
3622,-6.219470024108887
3623,-13.585298538208008
3624,7.923691749572754
3625,-5.619850158691406
3626,3.4054088592529297
3627,3.8248720169067383
3628,-6.126688003540039
3629,-12.675677299499512
3630,7.788773536682129
3631,-5.59678840637207
3632,3.367424964904785
3633,1.8098573684692383
3634,-2.9145431518554688
3635,-9.263392448425293
3636,2.1252145767211914
3637,-2.9326000213623047
3638,0.06466341018676758
3639,3.284121513366699
3640,-5.5360870361328125
3641,-10.858858108520508
3642,3.8590593338012695
3643,-5.16265869140625
3644,0.23507404327392578
3645,-2.067511558532715
3646,-5.736530303955078
3647,-7.141043663024902
3648,-1.4942045211791992
3649,-5.720975875854492
3650,2.595644474029541
3651,-1.8896865844726562
3652,-5.578559875488281
3653,-6.685344696044922
3654,-1.7438926696777344
3655,-5.565248489379883
3656,2.7443695068359375
3657,-2.639542579650879
3658,-6.848442077636719
3659,-6.701210975646973
3660,-2.290289878845215
3661,-6.714169502258301
3662,2.210334300994873
3663,9.2671480178833
3664,-3.3329696655273438
3665,-6.1902756690979
3666,9.4544038772583
3667,-3.1211166381835938
3668,-7.025693893432617
3669,9.416598320007324
3670,-3.0874767303466797
3671,-7.028183937072754
3672,9.381760597229004
3673,-3.052806854248047
3674,-7.033143520355225
3675,9.489455223083496
3676,-3.147430419921875
3677,-5.5390167236328125
3678,9.473685264587402
3679,-3.132312774658203
3680,-5.539276123046875
3681,9.4541597366333
3682,-3.113870620727539
3683,-5.538356781005859
3684,8.96549129486084
3685,-2.8263816833496094
3686,-8.583274841308594
3687,9.055930137634277
3688,-2.883455276489258
3689,-2.120027542114258
3690,8.781384468078613
3691,-3.2818527221679688
3692,-6.718538761138916
3693,8.812155723571777
3694,-3.331462860107422
3695,-4.72835111618042
3696,6.981411933898926
3697,-3.118692398071289
3698,-12.354602813720703
3699,7.233574867248535
3700,-3.0394515991210938
3701,2.877453327178955
3702,4.176558494567871
3703,-3.994535446166992
3704,-13.039051055908203
3705,4.958405494689941
3706,-3.8056468963623047
3707,4.357668876647949
3708,4.282675743103027
3709,-5.182437896728516
3710,-8.810708999633789
3711,4.978781700134277
3712,-4.73857307434082
3713,0.3723611831665039
3714,4.202675819396973
3715,-5.5095672607421875
3716,-9.740592956542969
3717,5.044466972351074
3718,-4.888586044311523
3719,0.5010890960693359
3720,4.61429500579834
3721,-5.460123062133789
3722,-9.128508567810059
3723,5.282105445861816
3724,-4.990316390991211
3725,-0.744645357131958
3726,4.638522148132324
3727,-5.345224380493164
3728,-8.465686798095703
3729,5.291071891784668
3730,-4.960477828979492
3731,-0.3189249038696289
3732,1.6949777603149414
3733,-3.1555824279785156
3734,-9.416815757751465
3735,1.9078664779663086
3736,-3.0849266052246094
3737,0.22201967239379883
3738,4.5174665451049805
3739,-5.4998016357421875
3740,-10.316553115844727
3741,4.501755714416504
3742,-5.354900360107422
3743,0.05072021484375
3744,0.7994766235351562
3745,-6.860590934753418
3746,-6.305789947509766
3747,1.0035600662231445
3748,-6.833505630493164
3749,1.0713367462158203
3750,-0.014068603515625
3751,-6.987992286682129
3752,-5.761504173278809
3753,0.052745819091796875
3754,-6.865656852722168
3755,1.0076217651367188
3756,1.3250083923339844
3757,-7.992812156677246
3758,-6.1224775314331055
3759,1.746377944946289
3760,-7.652530670166016
3761,-0.3987398147583008
3762,9.307738304138184
3763,-2.341653823852539
3764,-4.391476631164551
3765,9.293320655822754
3766,-2.1030235290527344
3767,-5.431588172912598
3768,9.257813453674316
3769,-2.081897735595703
3770,-5.433910369873047
3771,9.225981712341309
3772,-2.068492889404297
3773,-5.438411235809326
3774,9.299822807312012
3775,-2.126485824584961
3776,-3.9827232360839844
3777,9.267109870910645
3778,-2.090181350708008
3779,-3.98347806930542
3780,9.241990089416504
3781,-2.085845947265625
3782,-3.9827213287353516
3783,8.84221363067627
3784,-1.9621143341064453
3785,-7.949321746826172
3786,8.93840503692627
3787,-1.968505859375
3788,-1.471785068511963
3789,8.913556098937988
3790,-2.397390365600586
3791,-5.281651973724365
3792,8.911894798278809
3793,-2.4349708557128906
3794,-3.379957914352417
3795,6.954525947570801
3796,-2.7504730224609375
3797,-11.376602172851562
3798,7.14614200592041
3799,-2.547792434692383
3800,2.412726879119873
3801,4.283360481262207
3802,-3.716045379638672
3803,-9.813096046447754
3804,5.207732200622559
3805,-3.4791622161865234
3806,4.075748443603516
3807,5.291464805603027
3808,-4.504993438720703
3809,-4.479528903961182
3810,5.647700309753418
3811,-3.993389129638672
3812,0.8331375122070312
3813,5.355616569519043
3814,-4.694210052490234
3815,-5.198577880859375
3816,5.675808906555176
3817,-4.003232955932617
3818,1.3050456047058105
3819,5.603075981140137
3820,-4.580657958984375
3821,-4.778557300567627
3822,5.9382123947143555
3823,-4.05122184753418
3824,-0.2861647605895996
3825,5.663992881774902
3826,-4.508890151977539
3827,-4.188839912414551
3828,5.976872444152832
3829,-4.101261138916016
3830,0.0314030647277832
3831,1.7068653106689453
3832,-3.447467803955078
3833,-9.171652793884277
3834,1.9438085556030273
3835,-3.19781494140625
3836,-0.02642822265625
3837,5.862627983093262
3838,-5.155277252197266
3839,-10.283430099487305
3840,5.853514671325684
3841,-4.833185195922852
3842,-0.043222904205322266
3843,2.934781074523926
3844,-6.728152275085449
3845,-6.039316177368164
3846,3.01564884185791
3847,-6.558601379394531
3848,0.5029363632202148
3849,2.1345834732055664
3850,-6.885066986083984
3851,-5.582466125488281
3852,2.1732397079467773
3853,-6.675082206726074
3854,0.43243837356567383
3855,3.9384641647338867
3856,-7.631641387939453
3857,-6.343622207641602
3858,3.7424821853637695
3859,-7.473176956176758
3860,-0.7394821643829346
3861,9.009486198425293
3862,-1.3998146057128906
3863,-9.984498977661133
3864,8.911290168762207
3865,-1.1771411895751953
3866,-10.787090301513672
3867,8.856608390808105
3868,-1.0330924987792969
3869,-10.78697395324707
3870,8.772147178649902
3871,-1.0390434265136719
3872,-10.788846969604492
3873,8.998625755310059
3874,-1.1538429260253906
3875,-9.557710647583008
3876,8.930254936218262
3877,-1.1365852355957031
3878,-9.561053276062012
3879,8.868321418762207
3880,-1.1197566986083984
3881,-9.560144424438477
3882,8.15827465057373
3883,-1.0881366729736328
3884,-12.166391372680664
3885,8.17662525177002
3886,-1.1158714294433594
3887,-6.626702308654785
3888,8.783242225646973
3889,-1.5871753692626953
3890,-10.42166805267334
3891,8.809876441955566
3892,-1.5925579071044922
3893,-8.814058303833008
3894,6.469983100891113
3895,-2.2849178314208984
3896,-14.12496566772461
3897,7.118147850036621
3898,-2.103281021118164
3899,-2.020256519317627
3900,4.611052513122559
3901,-3.546142578125
3902,-11.772645950317383
3903,5.5912675857543945
3904,-3.35711669921875
3905,-0.08547258377075195
3906,5.542098045349121
3907,-4.158548355102539
3908,-7.921525955200195
3909,6.200312614440918
3910,-4.121744155883789
3911,-2.550689697265625
3912,5.605608940124512
3913,-4.443552017211914
3914,-8.927825927734375
3915,6.270264625549316
3916,-4.303342819213867
3917,-2.4824419021606445
3918,5.881112098693848
3919,-4.33281135559082
3920,-8.733001708984375
3921,6.410599708557129
3922,-4.266351699829102
3923,-3.8549046516418457
3924,5.909272193908691
3925,-4.2122039794921875
3926,-7.7713303565979
3927,6.410002708435059
3928,-4.231813430786133
3929,-3.198331832885742
3930,1.9545011520385742
3931,-3.454580307006836
3932,-9.078287124633789
3933,2.2481279373168945
3934,-3.216033935546875
3935,-0.1239156723022461
3936,6.440495491027832
3937,-4.828773498535156
3938,-10.045985221862793
3939,6.602404594421387
3940,-4.6280670166015625
3941,-0.5156874656677246
3942,4.742058753967285
3943,-6.631484031677246
3944,-6.429769515991211
3945,4.738299369812012
3946,-6.567461013793945
3947,0.9516324996948242
3948,4.082154273986816
3949,-6.925788879394531
3950,-6.075275421142578
3951,4.131625175476074
3952,-6.809239387512207
3953,0.9376106262207031
3954,6.106261253356934
3955,-7.368481636047363
3956,-7.628559589385986
3957,5.900355339050293
3958,-7.314526557922363
3959,-0.5403332710266113
3960,7.621706962585449
3961,-0.21152877807617188
3962,-11.863775253295898
3963,7.149411201477051
3964,-0.03898048400878906
3965,-12.60766315460205
3966,7.079642295837402
3967,-0.051212310791015625
3968,-12.60593032836914
3969,6.996554374694824
3970,-0.07964134216308594
3971,-12.60515022277832
3972,7.133452415466309
3973,0.047801971435546875
3974,-11.643264770507812
3975,7.072361946105957
3976,0.03993797302246094
3977,-11.64851188659668
3978,7.018054008483887
3979,0.026866912841796875
3980,-11.648497581481934
3981,6.483189582824707
3982,-0.26844215393066406
3983,-13.873170852661133
3984,6.479996681213379
3985,-0.18563461303710938
3986,-9.556629180908203
3987,7.4761762619018555
3988,-0.5301322937011719
3989,-12.245851516723633
3990,7.576264381408691
3991,-0.5162582397460938
3992,-10.989994049072266
3993,5.832633018493652
3994,-1.714406967163086
3995,-15.241106033325195
3996,6.5742387771606445
3997,-1.467081069946289
3998,-5.679376125335693
3999,4.740113258361816
4000,-3.3311519622802734
4001,-12.612242698669434
4002,5.620896339416504
4003,-2.958181381225586
4004,-4.447350025177002
4005,6.017094612121582
4006,-4.239349365234375
4007,-9.563570976257324
4008,6.467896461486816
4009,-4.0457611083984375
4010,-5.78586483001709
4011,6.14755916595459
4012,-4.604452133178711
4013,-10.654687881469727
4014,6.631455421447754
4015,-4.244831085205078
4016,-5.675434112548828
4017,6.40792179107666
4018,-4.486528396606445
4019,-10.30401611328125
4020,6.668869972229004
4021,-4.234825134277344
4022,-7.035101890563965
4023,6.35390567779541
4024,-4.340147018432617
4025,-9.38492202758789
4026,6.617100715637207
4027,-4.192848205566406
4028,-6.370253562927246
4029,1.8744287490844727
4030,-3.2765884399414062
4031,-8.149702072143555
4032,2.6707372665405273
4033,-3.0996150970458984
4034,-1.0506877899169922
4035,7.0719804763793945
4036,-4.446630477905273
4037,-9.033920288085938
4038,7.416825294494629
4039,-4.129243850708008
4040,-0.6563746929168701
4041,6.40517520904541
4042,-5.97874641418457
4043,-6.16586971282959
4044,6.5803632736206055
4045,-5.863658905029297
4046,0.958824634552002
4047,6.093750953674316
4048,-6.27241325378418
4049,-5.750757217407227
4050,6.174548149108887
4051,-6.105754852294922
4052,0.9710159301757812
4053,7.73361873626709
4054,-6.337064743041992
4055,-7.06651496887207
4056,7.173369407653809
4057,-6.442819595336914
4058,-0.36270904541015625
4059,6.304259300231934
4060,0.18471717834472656
4061,-8.797080993652344
4062,5.565463066101074
4063,0.2850532531738281
4064,-9.763669967651367
4065,5.497130393981934
4066,0.2559700012207031
4067,-9.758663177490234
4068,5.440075874328613
4069,0.22314071655273438
4070,-9.746918678283691
4071,5.451693534851074
4072,0.4014606475830078
4073,-9.598798751831055
4074,5.388052940368652
4075,0.3772716522216797
4076,-9.616329193115234
4077,5.336112022399902
4078,0.3472118377685547
4079,-9.628211975097656
4080,5.019160270690918
4081,-0.02557373046875
4082,-13.458930969238281
4083,5.20259952545166
4084,-0.043552398681640625
4085,-6.145943641662598
4086,6.462519645690918
4087,-0.3687896728515625
4088,-9.874467849731445
4089,6.451827049255371
4090,-0.28199195861816406
4091,-10.293737411499023
4092,5.612906455993652
4093,-1.4202613830566406
4094,-13.2423677444458
4095,5.691437721252441
4096,-1.3621635437011719
4097,-2.222390651702881
4098,5.331158638000488
4099,-2.9673118591308594
4100,-10.512723922729492
4101,5.459532737731934
4102,-2.7498016357421875
4103,-0.5988092422485352
4104,6.081484794616699
4105,-3.047534942626953
4106,-7.147661209106445
4107,6.255135536193848
4108,-3.329904556274414
4109,-2.254966974258423
4110,6.154513359069824
4111,-3.139322280883789
4112,-8.129633903503418
4113,6.313399314880371
4114,-3.4527645111083984
4115,-1.9725878238677979
4116,6.318421363830566
4117,-2.995328903198242
4118,-7.941011428833008
4119,6.430197715759277
4120,-3.424724578857422
4121,-3.2030677795410156
4122,6.283598899841309
4123,-2.9560813903808594
4124,-7.0264387130737305
4125,6.459288597106934
4126,-3.3894424438476562
4127,-2.8064820766448975
4128,1.8069677352905273
4129,-3.367643356323242
4130,-8.255332946777344
4131,2.3912363052368164
4132,-3.226634979248047
4133,-0.9435501098632812
4134,7.540898323059082
4135,-3.291797637939453
4136,-8.947000503540039
4137,7.260144233703613
4138,-3.067220687866211
4139,-0.5859904289245605
4140,7.768113136291504
4141,-5.448371887207031
4142,-6.112508296966553
4143,7.686345100402832
4144,-5.305873870849609
4145,0.44484663009643555
4146,7.547829627990723
4147,-5.7357330322265625
4148,-5.603845596313477
4149,7.502306938171387
4150,-5.687969207763672
4151,0.4072232246398926
4152,9.07653522491455
4153,-5.518400192260742
4154,-6.797279357910156
4155,8.491991996765137
4156,-5.61741828918457
4157,-1.0726268291473389
4158,7.602494239807129
4159,-0.8608150482177734
4160,-2.0980494022369385
4161,7.973517417907715
4162,-0.36386871337890625
4163,-2.426731586456299
4164,8.007487297058105
4165,-0.2341480255126953
4166,-2.4274613857269287
4167,8.042885780334473
4168,-0.30060386657714844
4169,-2.428738832473755
4170,7.851231575012207
4171,-0.03863716125488281
4172,-2.5711724758148193
4173,7.827450752258301
4174,0.0071773529052734375
4175,-2.5726871490478516
4176,7.802224159240723
4177,-0.02744293212890625
4178,-2.578559160232544
4179,8.074604988098145
4180,-0.6099948883056641
4181,-3.2670536041259766
4182,7.7856950759887695
4183,-0.6707687377929688
4184,-3.609931707382202
4185,7.44063663482666
4186,-1.4966449737548828
4187,-2.231834888458252
4188,7.288308143615723
4189,-1.44683837890625
4190,-2.4456684589385986
4191,7.559115409851074
4192,-2.085132598876953
4193,-2.315361738204956
4194,7.356783866882324
4195,-2.0350341796875
4196,-4.2772111892700195
4197,5.135926246643066
4198,-3.157583236694336
4199,-1.2588820457458496
4200,5.35990047454834
4201,-2.895853042602539
4202,-3.818254232406616
4203,3.571333885192871
4204,-2.7309513092041016
4205,-0.7748348712921143
4206,4.322230339050293
4207,-2.6395320892333984
4208,-1.3781254291534424
4209,3.398043632507324
4210,-2.591583251953125
4211,-0.74147629737854
4212,3.781002998352051
4213,-2.5732593536376953
4214,-1.1166422367095947
4215,3.3194360733032227
4216,-2.397035598754883
4217,-0.9842391014099121
4218,3.8913869857788086
4219,-2.463926315307617
4220,-1.176553726196289
4221,3.3950014114379883
4222,-2.434988021850586
4223,-0.9372963905334473
4224,4.101656913757324
4225,-2.479520797729492
4226,-2.1645407676696777
4227,3.5018720626831055
4228,-3.994180679321289
4229,-4.3012871742248535
4230,3.9312562942504883
4231,-4.181909561157227
4232,-4.914664268493652
4233,6.338284492492676
4234,-2.1537532806396484
4235,-4.8580851554870605
4236,7.008122444152832
4237,-2.0863571166992188
4238,-3.359935760498047
4239,7.533417701721191
4240,-2.5098953247070312
4241,-4.056800365447998
4242,8.437432289123535
4243,-3.2607154846191406
4244,-2.05033016204834
4245,7.542344093322754
4246,-2.6180572509765625
4247,-4.101741790771484
4248,8.3223295211792
4249,-3.5087547302246094
4250,-1.9073212146759033
4251,8.79366397857666
4252,-2.2272300720214844
4253,-4.317078590393066
4254,9.94797420501709
4255,-3.1895980834960938
4256,-1.4849090576171875
4257,-0.225128173828125
4258,-0.21552467346191406
4259,-10.275121688842773
4260,-0.520359992980957
4261,-0.3363380432128906
4262,-10.797938346862793
4263,-0.5155487060546875
4264,-0.35352516174316406
4265,-10.799934387207031
4266,-0.5017547607421875
4267,-0.3704681396484375
4268,-10.80298137664795
4269,-0.5389089584350586
4270,-0.320526123046875
4271,-9.943379402160645
4272,-0.5240011215209961
4273,-0.36724090576171875
4274,-9.942734718322754
4275,-0.5571184158325195
4276,-0.3943061828613281
4277,-9.947368621826172
4278,-0.2765655517578125
4279,-0.5953464508056641
4280,-12.352217674255371
4281,-0.2899332046508789
4282,-0.6229038238525391
4283,-8.506246566772461
4284,0.14710140228271484
4285,-0.2644309997558594
4286,-10.792915344238281
4287,0.14112567901611328
4288,-0.2727985382080078
4289,-9.659733772277832
4290,1.8584814071655273
4291,-0.5938129425048828
4292,-14.221968650817871
4293,1.8609333038330078
4294,-1.0028839111328125
4295,-5.648141860961914
4296,4.743653297424316
4297,0.1468048095703125
4298,-14.696650505065918
4299,4.8269243240356445
4300,-0.8963298797607422
4301,-5.391531944274902
4302,5.778216361999512
4303,1.1685543060302734
4304,-12.916204452514648
4305,6.307879447937012
4306,-0.3971691131591797
4307,-7.6121320724487305
4308,6.0673017501831055
4309,1.4444580078125
4310,-13.69367504119873
4311,6.710232734680176
4312,-0.31885528564453125
4313,-7.749035835266113
4314,5.482171058654785
4315,1.3892326354980469
4316,-13.4537935256958
4317,6.464346885681152
4318,-0.1576995849609375
4319,-8.336525917053223
4320,5.654955863952637
4321,1.2639236450195312
4322,-12.779650688171387
4323,6.316472053527832
4324,-0.18416786193847656
4325,-7.956772804260254
4326,5.893023490905762
4327,-0.20858383178710938
4328,-7.685488700866699
4329,5.551970481872559
4330,-0.3352241516113281
4331,-1.5228595733642578
4332,6.352215766906738
4333,1.6465568542480469
4334,-7.438687324523926
4335,5.609078407287598
4336,1.0906620025634766
4337,0.16789531707763672
4338,7.541583061218262
4339,3.3319244384765625
4340,-3.043295383453369
4341,7.204581260681152
4342,2.5438480377197266
4343,4.707752227783203
4344,7.996966361999512
4345,3.428966522216797
4346,-2.6678237915039062
4347,7.622796058654785
4348,2.667573928833008
4349,5.020387649536133
4350,6.782578468322754
4351,4.181131362915039
4352,-4.548079967498779
4353,6.949891090393066
4354,3.206602096557617
4355,3.7841672897338867
4356,0.09200286865234375
4357,-0.24122238159179688
4358,-6.011667251586914
4359,-0.1820669174194336
4360,-0.4037303924560547
4361,-6.710654258728027
4362,-0.1747732162475586
4363,-0.4194068908691406
4364,-6.713759899139404
4365,-0.16466426849365234
4366,-0.43403053283691406
4367,-6.717389106750488
4368,-0.1804513931274414
4369,-0.40972328186035156
4370,-5.588567733764648
4371,-0.16922760009765625
4372,-0.43731117248535156
4373,-5.58767557144165
4374,-0.16068649291992188
4375,-0.4589691162109375
4376,-5.59061861038208
4377,0.1925058364868164
4378,-0.6510124206542969
4379,-8.835634231567383
4380,0.18863964080810547
4381,-0.6821880340576172
4382,-3.740316867828369
4383,0.5314207077026367
4384,-0.2705059051513672
4385,-6.724826812744141
4386,0.5399484634399414
4387,-0.2800331115722656
4388,-5.239075660705566
4389,2.1832666397094727
4390,-0.5706996917724609
4391,-11.836910247802734
4392,2.45828914642334
4393,-0.9159297943115234
4394,-0.4704899787902832
4395,5.009964942932129
4396,0.3931427001953125
4397,-12.726126670837402
4398,5.12514591217041
4399,-0.3110027313232422
4400,0.3982973098754883
4401,5.0334062576293945
4402,1.7814350128173828
4403,-10.177618980407715
4404,5.719454765319824
4405,0.5569171905517578
4406,-2.0254931449890137
4407,5.072504997253418
4408,2.0349769592285156
4409,-11.04008960723877
4410,5.817126274108887
4411,0.698211669921875
4412,-2.0255188941955566
4413,4.685372352600098
4414,1.9915828704833984
4415,-10.457010269165039
4416,5.525834083557129
4417,0.7847080230712891
4418,-2.849370002746582
4419,4.70212459564209
4420,1.864126205444336
4421,-9.887100219726562
4422,5.484753608703613
4423,0.7535400390625
4424,-2.4895894527435303
4425,6.849759101867676
4426,-0.003192901611328125
4427,-7.986556529998779
4428,6.721987724304199
4429,-0.10901641845703125
4430,-1.2132372856140137
4431,6.243231773376465
4432,2.025209426879883
4433,-7.291565418243408
4434,5.694705009460449
4435,1.5408859252929688
4436,1.0485072135925293
4437,7.024945259094238
4438,3.513101577758789
4439,-2.463897228240967
4440,6.962328910827637
4441,3.301898956298828
4442,4.2158098220825195
4443,7.389561653137207
4444,3.6279163360595703
4445,-1.962580919265747
4446,7.361130714416504
4447,3.458486557006836
4448,4.413508415222168
4449,6.274683952331543
4450,4.176851272583008
4451,-2.3491015434265137
4452,6.75540828704834
4453,3.862527847290039
4454,3.761349678039551
4455,0.8049821853637695
4456,-0.2974128723144531
4457,-3.706836223602295
4458,0.6418037414550781
4459,-0.5068645477294922
4460,-4.603840351104736
4461,0.6659965515136719
4462,-0.5305824279785156
4463,-4.606574535369873
4464,0.6884403228759766
4465,-0.5497455596923828
4466,-4.611289978027344
4467,0.6287603378295898
4468,-0.5143356323242188
4469,-3.214918375015259
4470,0.6382484436035156
4471,-0.5339298248291016
4472,-3.213798761367798
4473,0.6581525802612305
4474,-0.5646877288818359
4475,-3.216747760772705
4476,1.0570487976074219
4477,-0.7169570922851562
4478,-6.911809921264648
4479,1.0293216705322266
4480,-0.7458915710449219
4481,-0.6939072608947754
4482,1.1842069625854492
4483,-0.2797718048095703
4484,-4.438498497009277
4485,1.1706218719482422
4486,-0.2837791442871094
4487,-2.6202802658081055
4488,2.785519599914551
4489,-0.29052734375
4490,-10.34350299835205
4491,3.014437675476074
4492,-0.6296005249023438
4493,3.5662832260131836
4494,5.309720039367676
4495,0.8550758361816406
4496,-10.9386568069458
4497,5.5309953689575195
4498,0.5078086853027344
4499,5.892331123352051
4500,4.439173698425293
4501,2.186565399169922
4502,-9.444244384765625
4503,5.593659400939941
4504,1.6051578521728516
4505,4.258411407470703
4506,4.371756553649902
4507,2.4523792266845703
4508,-10.624094009399414
4509,5.580679893493652
4510,1.7231197357177734
4511,4.679710388183594
4512,3.922457695007324
4513,2.3521690368652344
4514,-9.837199211120605
4515,5.228205680847168
4516,1.800943374633789
4517,3.4152584075927734
4518,4.365015983581543
4519,2.2674560546875
4520,-9.077788352966309
4521,5.217101097106934
4522,1.772909164428711
4523,3.662226676940918
4524,7.732033729553223
4525,0.6890277862548828
4526,-8.724769592285156
4527,7.710379600524902
4528,0.5943946838378906
4529,-0.4677133560180664
4530,7.0923662185668945
4531,3.6462783813476562
4532,-9.540508270263672
4533,6.8757429122924805
4534,3.097036361694336
4535,0.672734260559082
4536,8.814484596252441
4537,5.044233322143555
4538,-6.349889278411865
4539,7.75832462310791
4540,4.390687942504883
4541,3.2362265586853027
4542,9.128863334655762
4543,5.0672607421875
4544,-5.943073272705078
4545,8.087626457214355
4546,4.451496124267578
4547,3.4407310485839844
4548,8.6426420211792
4549,5.738771438598633
4550,-6.534625053405762
4551,7.347146034240723
4552,4.955219268798828
4553,2.4730539321899414
4554,1.1352310180664062
4555,-0.31804466247558594
4556,-3.2571518421173096
4557,1.0383338928222656
4558,-0.5536155700683594
4559,-4.088381767272949
4560,1.065934181213379
4561,-0.5738906860351562
4562,-4.090580940246582
4563,1.0991802215576172
4564,-0.5985431671142578
4565,-4.094110012054443
4566,1.0468072891235352
4567,-0.5582962036132812
4568,-2.70344877243042
4569,1.0798101425170898
4570,-0.5758342742919922
4571,-2.703800678253174
4572,1.115372657775879
4573,-0.5986213684082031
4574,-2.7068748474121094
4575,1.5050687789916992
4576,-0.7240085601806641
4577,-6.271941184997559
4578,1.5255985260009766
4579,-0.7504825592041016
4580,-0.13163137435913086
4581,1.4870386123657227
4582,-0.27872467041015625
4583,-4.0086541175842285
4584,1.5046195983886719
4585,-0.2771415710449219
4586,-2.209517002105713
4587,3.393496513366699
4588,-0.1474170684814453
4589,-10.202884674072266
4590,3.573563575744629
4591,-0.06437492370605469
4592,3.981867790222168
4593,5.456969261169434
4594,1.3968181610107422
4595,-11.513589859008789
4596,5.677218437194824
4597,1.385019302368164
4598,6.358896255493164
4599,3.7433080673217773
4600,2.380542755126953
4601,-10.655723571777344
4602,4.91109561920166
4603,2.486560821533203
4604,4.834453582763672
4605,3.4319543838500977
4606,2.6936302185058594
4607,-11.688861846923828
4608,4.819422721862793
4609,2.724264144897461
4610,5.176434516906738
4611,2.8512086868286133
4612,2.430103302001953
4613,-11.09091567993164
4614,4.318751335144043
4615,2.7688350677490234
4616,4.0882978439331055
4617,2.991724967956543
4618,2.3194198608398438
4619,-10.367300987243652
4620,4.365168571472168
4621,2.71630859375
4622,4.2784881591796875
4623,8.432278633117676
4624,1.4959964752197266
4625,-9.026906967163086
4626,8.192337989807129
4627,1.4552288055419922
4628,-0.1706867218017578
4629,7.234389305114746
4630,4.311681747436523
4631,-9.781754493713379
4632,6.9520063400268555
4633,4.037923812866211
4634,-0.9449081420898438
4635,9.576720237731934
4636,6.419624328613281
4637,-8.199481964111328
4638,8.722189903259277
4639,5.956340789794922
4640,1.0675015449523926
4641,10.335755348205566
4642,6.663278579711914
4643,-7.924476146697998
4644,9.308806419372559
4645,6.2178192138671875
4646,1.2257299423217773
4647,8.359169960021973
4648,7.431360244750977
4649,-9.084026336669922
4650,7.858965873718262
4651,7.000864028930664
4652,-0.022808551788330078
4653,1.1435728073120117
4654,-0.30705833435058594
4655,-3.7858686447143555
4656,1.105555534362793
4657,-0.5291671752929688
4658,-4.614503860473633
4659,1.1340885162353516
4660,-0.5487117767333984
4661,-4.617306709289551
4662,1.1659517288208008
4663,-0.5721054077148438
4664,-4.621239185333252
4665,1.1099538803100586
4666,-0.5307254791259766
4667,-3.266679286956787
4668,1.1436138153076172
4669,-0.5533485412597656
4670,-3.2668275833129883
4671,1.182016372680664
4672,-0.5767707824707031
4673,-3.269557237625122
4674,1.6125717163085938
4675,-0.6919727325439453
4676,-6.743675708770752
4677,1.6500272750854492
4678,-0.7318840026855469
4679,-0.7924807071685791
4680,1.5216608047485352
4681,-0.21842193603515625
4682,-4.493328094482422
4683,1.538935661315918
4684,-0.21483802795410156
4685,-2.7498831748962402
4686,3.373793601989746
4687,0.030107498168945312
4688,-10.208929061889648
4689,3.808468818664551
4690,-0.019718170166015625
4691,3.5513553619384766
4692,5.453545570373535
4693,1.6534957885742188
4694,-10.043848037719727
4695,5.657378196716309
4696,1.651052474975586
4697,5.1896162033081055
4698,3.489438056945801
4699,2.3650856018066406
4700,-6.7374396324157715
4701,3.8327417373657227
4702,2.308696746826172
4703,2.7458033561706543
4704,3.005009651184082
4705,2.5816173553466797
4706,-7.296323776245117
4707,3.50186824798584
4708,2.4814605712890625
4709,3.0314722061157227
4710,2.726639747619629
4711,2.306224822998047
4712,-6.743978500366211
4713,3.076157569885254
4714,2.4322948455810547
4715,2.2077465057373047
4716,2.9454050064086914
4717,2.220693588256836
4718,-6.386116981506348
4719,3.255742073059082
4720,2.3324851989746094
4721,2.277190685272217
4722,8.490656852722168
4723,1.4515914916992188
4724,-8.993215560913086
4725,8.464362144470215
4726,1.3967781066894531
4727,-0.20344829559326172
4728,7.094080924987793
4729,4.093852996826172
4730,-10.057559967041016
4731,7.033343315124512
4732,3.7990055084228516
4733,-0.7099881172180176
4734,9.600626945495605
4735,6.193750381469727
4736,-8.914759635925293
4737,9.032382011413574
4738,5.444292068481445
4739,2.056403160095215
4740,10.434618949890137
4741,6.536340713500977
4742,-8.763983726501465
4743,9.655915260314941
4744,5.565473556518555
4745,2.3016719818115234
4746,7.96115779876709
4747,6.664548873901367
4748,-10.139921188354492
4749,8.197325706481934
4750,6.33595085144043
4751,1.5139188766479492
4752,1.0752897262573242
4753,-0.17788314819335938
4754,-4.5748610496521
4755,1.0006580352783203
4756,-0.4315929412841797
4757,-5.382223606109619
4758,1.0247602462768555
4759,-0.4523296356201172
4760,-5.3844099044799805
4761,1.0513725280761719
4762,-0.47489356994628906
4763,-5.38726806640625
4764,1.0046062469482422
4765,-0.4420280456542969
4766,-4.038393974304199
4767,1.032822608947754
4768,-0.4609508514404297
4769,-4.039009094238281
4770,1.0632743835449219
4771,-0.4865131378173828
4772,-4.042418956756592
4773,1.4828100204467773
4774,-0.5966873168945312
4775,-7.567004680633545
4776,1.493647575378418
4777,-0.6322975158691406
4778,-1.6399827003479004
4779,1.4583587646484375
4780,-0.1041412353515625
4781,-5.301370620727539
4782,1.4765996932983398
4783,-0.10084724426269531
4784,-3.5631489753723145
4785,3.3368310928344727
4786,-0.03477668762207031
4787,-11.108436584472656
4788,3.771578788757324
4789,-0.11407661437988281
4790,2.837672710418701
4791,5.638354301452637
4792,1.557586669921875
4793,-11.580727577209473
4794,5.729697227478027
4795,1.4602909088134766
4796,4.78679084777832
4797,3.933121681213379
4798,2.685518264770508
4799,-9.34215259552002
4800,4.265908241271973
4801,2.4398460388183594
4802,2.2251405715942383
4803,3.609602928161621
4804,2.9417057037353516
4805,-10.150959014892578
4806,4.066035270690918
4807,2.632993698120117
4808,2.4420785903930664
4809,3.1965837478637695
4810,2.693958282470703
4811,-9.640237808227539
4812,3.604689598083496
4813,2.5987472534179688
4814,1.4619970321655273
4815,3.3564538955688477
4816,2.5841140747070312
4817,-9.042531967163086
4818,3.7165327072143555
4819,2.5608253479003906
4820,1.6893787384033203
4821,8.462943077087402
4822,1.2438278198242188
4823,-9.087417602539062
4824,8.311169624328613
4825,1.1989479064941406
4826,-0.11032915115356445
4827,7.003058433532715
4828,3.8048152923583984
4829,-9.990558624267578
4830,6.7517290115356445
4831,3.4821300506591797
4832,0.21381044387817383
4833,9.685635566711426
4834,5.990253448486328
4835,-8.343598365783691
4836,8.567172050476074
4837,5.248199462890625
4838,4.6177825927734375
4839,10.52695369720459
4840,6.297883987426758
4841,-8.177467346191406
4842,9.096583366394043
4843,5.282926559448242
4844,5.050474166870117
4845,7.918702125549316
4846,6.614473342895508
4847,-9.670766830444336
4848,8.164748191833496
4849,6.12464714050293
4850,4.814101219177246
