,0
0,-2.0451250076293945
1,-5.409476280212402
2,-15.160435676574707
3,-1.5333242416381836
4,-5.623292922973633
5,-16.57745933532715
6,-1.420496940612793
7,-5.621464729309082
8,-16.577409744262695
9,-1.3090324401855469
10,-5.619050979614258
11,-16.57837677001953
12,-1.5807485580444336
13,-5.624173164367676
14,-14.693951606750488
15,-1.4981937408447266
16,-5.62788200378418
17,-14.695940971374512
18,-1.4088850021362305
19,-5.633733749389648
20,-14.703927993774414
21,-0.42314910888671875
22,-5.415955543518066
23,-19.923248291015625
24,-0.24322223663330078
25,-5.466042518615723
26,-11.449207305908203
27,-1.7413454055786133
28,-5.182599067687988
29,-16.131254196166992
30,-1.7760095596313477
31,-5.255742073059082
32,-13.680717468261719
33,-0.2142629623413086
34,-4.205663681030273
35,-24.02130889892578
36,0.1462697982788086
37,-4.080890655517578
38,-5.868679523468018
39,-2.7967166900634766
40,-6.347136497497559
41,-28.905969619750977
42,-1.9301414489746094
43,-2.7616052627563477
44,-3.326622247695923
45,-4.472150802612305
46,-8.176440238952637
47,-27.746902465820312
48,-4.088919639587402
49,-2.2430009841918945
50,-7.678516387939453
51,-4.84227180480957
52,-8.65001106262207
53,-30.12551498413086
54,-4.472186088562012
55,-2.106825828552246
56,-8.125844955444336
57,-4.642505645751953
58,-8.611248016357422
59,-29.436260223388672
60,-4.684652328491211
61,-2.1236963272094727
62,-10.410828590393066
63,-4.437871932983398
64,-8.390119552612305
65,-27.58973503112793
66,-4.591702461242676
67,-2.147036552429199
68,-8.859756469726562
69,0.3582935333251953
70,0.49199771881103516
71,-8.671762466430664
72,0.0
73,0.0
74,0.0
75,1.1922550201416016
76,4.09505558013916
77,-0.7959773540496826
78,-0.7347574234008789
79,-0.6935882568359375
80,6.044073104858398
81,1.5550212860107422
82,7.074883460998535
83,9.067924499511719
84,-1.5446968078613281
85,-2.118229866027832
86,12.814067840576172
87,1.957681655883789
88,7.544373512268066
89,9.738969802856445
90,-1.924698829650879
91,-2.245171546936035
92,13.383617401123047
93,-1.672170639038086
94,7.710415840148926
95,2.281674385070801
96,-1.174830436706543
97,-2.938232421875
98,10.648083686828613
99,-1.8960351943969727
100,-5.401519775390625
101,-8.9805908203125
102,-1.3470735549926758
103,-5.607667922973633
104,-9.974831581115723
105,-1.2381668090820312
106,-5.605901718139648
107,-9.976408004760742
108,-1.1352195739746094
109,-5.603036880493164
110,-9.976462364196777
111,-1.3988103866577148
112,-5.613883018493652
113,-8.00593376159668
114,-1.321681022644043
115,-5.619728088378906
116,-8.007919311523438
117,-1.2446327209472656
118,-5.626490592956543
119,-8.014884948730469
120,-0.35105133056640625
121,-5.417746543884277
122,-12.812877655029297
123,-0.2488870620727539
124,-5.466924667358398
125,-4.064834117889404
126,-1.6368961334228516
127,-5.177718162536621
128,-9.860452651977539
129,-1.684377670288086
130,-5.227422714233398
131,-7.319114685058594
132,-0.1835470199584961
133,-4.205147743225098
134,-17.870975494384766
135,0.14659690856933594
136,-4.089055061340332
137,0.9482765197753906
138,-2.7917661666870117
139,-6.266629219055176
140,-24.313940048217773
141,-2.022066116333008
142,-5.287057876586914
143,4.067014694213867
144,-4.47227668762207
145,-8.124305725097656
146,-25.58331871032715
147,-4.045405387878418
148,-6.422889709472656
149,-1.0929579734802246
150,-5.3322343826293945
151,-8.766313552856445
152,-28.185871124267578
153,-4.88686466217041
154,-6.133601188659668
155,-1.6414024829864502
156,-4.803335189819336
157,-8.711544036865234
158,-27.388553619384766
159,-4.987195014953613
160,-6.185097694396973
161,-3.6754798889160156
162,-4.560153007507324
163,-8.406692504882812
164,-25.431894302368164
165,-4.992988586425781
166,-6.044337272644043
167,-2.2588229179382324
168,0.45693397521972656
169,0.5085811614990234
170,-10.356413841247559
171,0.12893104553222656
172,0.15744400024414062
173,1.6954522132873535
174,1.1953859329223633
175,4.101151466369629
176,-8.913578033447266
177,0.07295799255371094
178,3.128666877746582
179,7.752203941345215
180,1.6362800598144531
181,7.24013614654541
182,-9.259943962097168
183,0.8998737335205078
184,5.514771461486816
185,16.371109008789062
186,2.177154541015625
187,7.772557258605957
188,-9.637547492980957
189,1.3464231491088867
190,5.98233699798584
191,17.108989715576172
192,-1.6616392135620117
193,7.868466377258301
194,-16.598834991455078
195,-1.3263769149780273
196,6.5591630935668945
197,14.649555206298828
198,-1.801661491394043
199,-5.395276069641113
200,-7.0888285636901855
201,-1.234640121459961
202,-5.604910850524902
203,-8.129878044128418
204,-1.1380901336669922
205,-5.602672576904297
206,-8.131698608398438
207,-1.0443944931030273
208,-5.599952697753906
209,-8.128907203674316
210,-1.258072853088379
211,-5.611753463745117
212,-6.123376846313477
213,-1.179490089416504
214,-5.616706848144531
215,-6.125005722045898
216,-1.1026153564453125
217,-5.622727394104004
218,-6.131471157073975
219,-0.30014991760253906
220,-5.413677215576172
221,-10.924446105957031
222,-0.23760700225830078
223,-5.460702896118164
224,-2.098933458328247
225,-1.5797433853149414
226,-5.168593406677246
227,-7.969629764556885
228,-1.6295948028564453
229,-5.199559211730957
230,-5.409679889678955
231,-0.1218404769897461
232,-4.207348823547363
233,-16.868728637695312
234,0.1901102066040039
235,-4.08070182800293
236,3.203115940093994
237,-2.8307552337646484
238,-6.267101287841797
239,-23.43850326538086
240,-2.0221948623657227
241,-4.4426469802856445
242,6.723431587219238
243,-4.6929426193237305
244,-8.12965202331543
245,-23.574392318725586
246,-4.046849250793457
247,-4.731985092163086
248,1.86030912399292
249,-5.404359817504883
250,-8.763440132141113
251,-26.07598304748535
252,-4.750633239746094
253,-4.932147979736328
254,1.7444677352905273
255,-4.907278060913086
256,-8.70956039428711
257,-25.117727279663086
258,-4.860578536987305
259,-5.068073272705078
260,-0.6329457759857178
261,-4.719263076782227
262,-8.406757354736328
263,-23.359560012817383
264,-4.864974021911621
265,-4.9567108154296875
266,0.645082950592041
267,0.6235065460205078
268,0.5105533599853516
269,-10.751258850097656
270,0.24186038970947266
271,0.24669551849365234
272,2.0923471450805664
273,1.1953496932983398
274,4.1014814376831055
275,-9.669258117675781
276,0.3127174377441406
277,3.5378007888793945
278,7.892077445983887
279,1.634592056274414
280,7.242718696594238
281,-9.747257232666016
282,1.1702604293823242
283,6.028437614440918
284,16.223522186279297
285,2.2516632080078125
286,7.8056535720825195
287,-10.082974433898926
288,1.613469123840332
289,6.477095603942871
290,16.940446853637695
291,-1.6615533828735352
292,7.862645149230957
293,-16.992103576660156
294,-1.3835077285766602
295,6.757969856262207
296,14.297779083251953
297,-1.7542915344238281
298,-5.421003341674805
299,-7.688850402832031
300,-1.170013427734375
301,-5.609953880310059
302,-8.709041595458984
303,-1.0780277252197266
304,-5.606426239013672
305,-8.711003303527832
306,-0.9899158477783203
307,-5.602781295776367
308,-8.708038330078125
309,-1.1821508407592773
310,-5.618332862854004
311,-6.71612024307251
312,-1.1014423370361328
313,-5.621747016906738
314,-6.716990947723389
315,-1.0251398086547852
316,-5.626199722290039
317,-6.722641944885254
318,-0.27475833892822266
319,-5.414039611816406
320,-11.418805122375488
321,-0.22973060607910156
322,-5.4665374755859375
323,-2.651733875274658
324,-1.5644521713256836
325,-5.182103157043457
326,-8.540884971618652
327,-1.6017322540283203
328,-5.204311370849609
329,-5.996721267700195
330,-0.12963104248046875
331,-4.219521522521973
332,-17.423919677734375
333,0.2077779769897461
334,-4.065680503845215
335,2.9036245346069336
336,-3.0337295532226562
337,-6.271742820739746
338,-23.999874114990234
339,-2.0237035751342773
340,-3.3938779830932617
341,6.455045700073242
342,-5.1292724609375
343,-8.191988945007324
344,-24.040996551513672
345,-3.9983062744140625
346,-2.5049142837524414
347,1.9372906684875488
348,-6.0155439376831055
349,-8.861027717590332
350,-26.636302947998047
351,-4.392926216125488
352,-2.457551956176758
353,1.946232795715332
354,-5.191277503967285
355,-8.772611618041992
356,-25.63393783569336
357,-4.510072708129883
358,-2.481694221496582
359,-0.5100042819976807
360,-5.042392730712891
361,-8.459897994995117
362,-23.820337295532227
363,-4.511509895324707
364,-2.503582000732422
365,0.7274990081787109
366,0.6689996719360352
367,0.5255250930786133
368,-10.85659408569336
369,0.30724239349365234
370,0.3003215789794922
371,2.197417736053467
372,1.1943082809448242
373,4.101395606994629
374,-8.852874755859375
375,0.44863224029541016
376,3.556979179382324
377,8.960844993591309
378,1.6316776275634766
379,7.24984073638916
380,-7.936102867126465
381,1.2773380279541016
382,6.021853446960449
383,18.622528076171875
384,2.2832984924316406
385,7.830296516418457
386,-8.169817924499512
387,1.7156143188476562
388,6.436938285827637
389,19.498363494873047
390,-1.6712074279785156
391,7.84352970123291
392,-15.049007415771484
393,-1.4672679901123047
394,6.6997270584106445
395,16.95503044128418
396,-1.557382583618164
397,-5.427155494689941
398,-6.442333221435547
399,-0.9372920989990234
400,-5.613103866577148
401,-7.446382999420166
402,-0.8483858108520508
403,-5.610170364379883
404,-7.4475789070129395
405,-0.7654581069946289
406,-5.6072540283203125
407,-7.442513465881348
408,-0.9500999450683594
409,-5.621499061584473
410,-5.50619649887085
411,-0.8737220764160156
412,-5.624433517456055
413,-5.506932258605957
414,-0.8036794662475586
415,-5.628040313720703
416,-5.511791229248047
417,-0.119598388671875
418,-5.419145584106445
419,-10.087275505065918
420,-0.1148691177368164
421,-5.471635818481445
422,-1.5934627056121826
423,-1.4231176376342773
424,-5.184605598449707
425,-7.27371883392334
426,-1.4446210861206055
427,-5.204684257507324
428,-4.811315536499023
429,-0.09681129455566406
430,-4.2562456130981445
431,-16.70159149169922
432,0.27814197540283203
433,-4.067237854003906
434,4.087416648864746
435,-3.539844512939453
436,-6.272420883178711
437,-23.371490478515625
438,-1.8797922134399414
439,-2.970003128051758
440,7.369135856628418
441,-6.64923095703125
442,-8.269357681274414
443,-23.235048294067383
444,-3.930434226989746
445,-1.6967220306396484
446,3.0239357948303223
447,-7.644845485687256
448,-8.901676177978516
449,-25.767995834350586
450,-4.231200218200684
451,-1.5041265487670898
452,3.087395191192627
453,-7.196558952331543
454,-8.879117965698242
455,-24.66463851928711
456,-4.3296356201171875
457,-1.5023555755615234
458,0.6873984336853027
459,-6.835662841796875
460,-8.546079635620117
461,-22.942901611328125
462,-4.28671932220459
463,-1.5712194442749023
464,1.850271224975586
465,0.7884292602539062
466,0.5171928405761719
467,-10.950751304626465
468,0.4180946350097656
469,0.3018026351928711
470,2.286658763885498
471,1.1995019912719727
472,4.09824275970459
473,-9.583889961242676
474,0.5187807083129883
475,3.5664472579956055
476,8.475418090820312
477,1.6313591003417969
478,7.257615089416504
479,-9.459003448486328
480,1.3236093521118164
481,6.0772294998168945
482,17.079069137573242
483,2.349440574645996
484,7.8524580001831055
485,-9.768754005432129
486,1.7315702438354492
487,6.594433784484863
488,17.82309913635254
489,-1.6701679229736328
490,7.8541059494018555
491,-16.72623062133789
492,-1.4905691146850586
493,6.849322319030762
494,15.138387680053711
495,-1.4775934219360352
496,-5.426914215087891
497,-7.539238452911377
498,-0.8607501983642578
499,-5.619029998779297
500,-8.65582275390625
501,-0.7687110900878906
502,-5.615827560424805
503,-8.657855987548828
504,-0.6866140365600586
505,-5.61259651184082
506,-8.655692100524902
507,-0.879460334777832
508,-5.6277055740356445
509,-6.660322666168213
510,-0.8044233322143555
511,-5.629822731018066
512,-6.6620988845825195
513,-0.73876953125
514,-5.632380485534668
515,-6.669188499450684
516,-0.03046131134033203
517,-5.4217681884765625
518,-11.541102409362793
519,-0.059284210205078125
520,-5.471795082092285
521,-2.7676851749420166
522,-1.338118553161621
523,-5.181214332580566
524,-8.403277397155762
525,-1.3555316925048828
526,-5.197257995605469
527,-5.861856460571289
528,-0.0011920928955078125
529,-4.265612602233887
530,-17.572778701782227
531,0.31621360778808594
532,-4.105781555175781
533,2.8645505905151367
534,-3.632488250732422
535,-6.274022102355957
536,-24.31485939025879
537,-2.039393424987793
538,-3.6188440322875977
539,6.368074417114258
540,-6.911383628845215
541,-8.357491493225098
542,-24.206018447875977
543,-4.4348039627075195
544,-3.677051544189453
545,2.1255178451538086
546,-7.587399005889893
547,-8.890281677246094
548,-26.633811950683594
549,-4.643337249755859
550,-3.832505226135254
551,1.896467685699463
552,-7.201201915740967
553,-8.872318267822266
554,-25.76677131652832
555,-4.717957496643066
556,-3.925564765930176
557,-0.31977367401123047
558,-6.910042762756348
559,-8.550237655639648
560,-23.989917755126953
561,-4.723065376281738
562,-3.861325263977051
563,0.9590129852294922
564,0.8851785659790039
565,0.5036296844482422
566,-11.007051467895508
567,0.4801216125488281
568,0.2921609878540039
569,2.3461742401123047
570,1.204599380493164
571,4.084437370300293
572,-10.227974891662598
573,0.5438861846923828
574,3.473879814147949
575,9.285293579101562
576,1.6309747695922852
577,7.260794639587402
578,-10.514204025268555
579,1.3653450012207031
580,5.957589149475098
581,18.348234176635742
582,2.369565963745117
583,7.869280815124512
584,-10.863067626953125
585,1.788121223449707
586,6.340331077575684
587,19.16339683532715
588,-1.682387351989746
589,7.891020774841309
590,-17.632009506225586
591,-1.5091781616210938
592,6.642685890197754
593,16.72943115234375
594,-1.31494140625
595,-5.467071533203125
596,-5.875090599060059
597,-0.6980695724487305
598,-5.684535980224609
599,-6.9861860275268555
600,-0.6286306381225586
601,-5.679949760437012
602,-6.987335681915283
603,-0.5710515975952148
604,-5.675934791564941
605,-6.981960773468018
606,-0.7051305770874023
607,-5.691262245178223
608,-5.007521152496338
609,-0.64422607421875
610,-5.688846588134766
611,-5.008665561676025
612,-0.5950069427490234
613,-5.687164306640625
614,-5.014798641204834
615,0.03952312469482422
616,-5.469832420349121
617,-9.982950210571289
618,0.02191448211669922
619,-5.499380111694336
620,-1.3019957542419434
621,-1.2502918243408203
622,-5.210139274597168
623,-6.805354118347168
624,-1.2533597946166992
625,-5.214373588562012
626,-4.291374206542969
627,0.031122207641601562
628,-4.311394691467285
629,-16.469196319580078
630,0.34015846252441406
631,-4.1057233810424805
632,4.292774200439453
633,-4.256701469421387
634,-6.21826171875
635,-22.40472984313965
636,-1.6208734512329102
637,-2.907461166381836
638,7.432939529418945
639,-8.017633438110352
640,-8.284945487976074
641,-21.8523006439209
642,-4.0590972900390625
643,-1.586552619934082
644,3.5382165908813477
645,-9.262821197509766
646,-8.805784225463867
647,-24.234024047851562
648,-4.221654891967773
649,-1.3884515762329102
650,3.674748420715332
651,-7.960099697113037
652,-8.61106014251709
653,-23.073902130126953
654,-4.293241500854492
655,-1.3751544952392578
656,1.3164091110229492
657,-7.677777290344238
658,-8.305325508117676
659,-21.514442443847656
660,-4.218049049377441
661,-1.4521160125732422
662,2.408179759979248
663,0.9918594360351562
664,0.4917764663696289
665,-10.908615112304688
666,0.590764045715332
667,0.2883148193359375
668,2.2411537170410156
669,1.2236719131469727
670,4.08145809173584
671,-8.682345390319824
672,0.6443948745727539
673,3.5234899520874023
674,9.084148406982422
675,1.6314077377319336
676,7.243454933166504
677,-6.752848148345947
678,1.4682912826538086
679,6.117074012756348
680,17.46047592163086
681,2.3851728439331055
682,7.862648963928223
683,-6.865427017211914
684,1.8553218841552734
685,6.476645469665527
686,18.17606544494629
687,-1.6835765838623047
688,7.886715888977051
689,-13.650113105773926
690,-1.5035429000854492
691,6.728060722351074
692,16.621444702148438
693,-1.287302017211914
694,-5.429950714111328
695,-4.909450531005859
696,-0.7035446166992188
697,-5.65567684173584
698,-6.058659076690674
699,-0.6208076477050781
700,-5.653395652770996
701,-6.059689521789551
702,-0.5631465911865234
703,-5.650005340576172
704,-6.054462432861328
705,-0.7106285095214844
706,-5.666608810424805
707,-4.156846046447754
708,-0.6350917816162109
709,-5.667287826538086
710,-4.158260822296143
711,-0.5836343765258789
712,-5.666254043579102
713,-4.164604663848877
714,0.03322124481201172
715,-5.469021797180176
716,-9.232446670532227
717,0.027044296264648438
718,-5.497310638427734
719,-0.8730819225311279
720,-1.2132043838500977
721,-5.174160957336426
722,-5.895668029785156
723,-1.2137718200683594
724,-5.173174858093262
725,-3.4729976654052734
726,0.0022802352905273438
727,-4.35031795501709
728,-15.646556854248047
729,0.49219226837158203
730,-4.114948272705078
731,4.360342025756836
732,-4.5714111328125
733,-6.18630313873291
734,-21.455692291259766
735,-0.9823760986328125
736,-2.648326873779297
737,7.354514122009277
738,-8.24441909790039
739,-7.875700950622559
740,-20.460559844970703
741,-3.1004514694213867
742,-1.4188966751098633
743,3.3045687675476074
744,-9.436704635620117
745,-8.70094108581543
746,-22.684953689575195
747,-3.2043819427490234
748,-1.1953115463256836
749,3.3585872650146484
750,-8.967408180236816
751,-8.607060432434082
752,-21.530208587646484
753,-3.289065361022949
754,-1.2138385772705078
755,1.095686435699463
756,-8.335630416870117
757,-8.294139862060547
758,-20.09143829345703
759,-3.2288103103637695
760,-1.2873249053955078
761,2.2222819328308105
762,1.0625276565551758
763,0.47197437286376953
764,-10.872695922851562
765,0.7538003921508789
766,0.27991771697998047
767,2.2050013542175293
768,1.22454833984375
769,4.077689170837402
770,-10.102888107299805
771,0.772191047668457
772,3.4207887649536133
773,8.620306968688965
774,1.6312036514282227
775,7.2501935958862305
776,-10.831754684448242
777,1.472116470336914
778,5.995884895324707
779,16.02330780029297
780,2.3907623291015625
781,7.869797706604004
782,-11.213268280029297
783,1.8360490798950195
784,6.552481651306152
785,16.681001663208008
786,-1.6901731491088867
787,7.909512519836426
788,-17.779342651367188
789,-1.5070734024047852
790,6.8101301193237305
791,14.960592269897461
792,-1.0647897720336914
793,-5.438775062561035
794,-4.264647006988525
795,-0.5358085632324219
796,-5.6632184982299805
797,-5.513729095458984
798,-0.48105621337890625
799,-5.659856796264648
800,-5.514073371887207
801,-0.4451789855957031
802,-5.655270576477051
803,-5.508498668670654
804,-0.5285348892211914
805,-5.67388916015625
806,-3.699500322341919
807,-0.46973705291748047
808,-5.673099517822266
809,-3.701122999191284
810,-0.4276609420776367
811,-5.6705169677734375
812,-3.7079408168792725
813,0.06184196472167969
814,-5.481192588806152
815,-8.9918212890625
816,0.10832405090332031
817,-5.51377010345459
818,-0.988217830657959
819,-1.0514421463012695
820,-5.17941951751709
821,-5.350202560424805
822,-1.032491683959961
823,-5.175154685974121
824,-3.0344295501708984
825,-0.07377338409423828
826,-4.367280006408691
827,-15.004435539245605
828,0.7208652496337891
829,-4.122499465942383
830,4.04380989074707
831,-5.023660659790039
832,-5.7775468826293945
833,-17.054780960083008
834,-0.1057424545288086
835,-2.300069808959961
836,7.457327842712402
837,-7.534818649291992
838,-6.72249698638916
839,-10.881742477416992
840,-2.147425651550293
841,-0.8570013046264648
842,5.642455101013184
843,-8.391401290893555
844,-7.134559631347656
845,-11.913946151733398
846,-2.396775245666504
847,-0.5247077941894531
848,6.18962287902832
849,-8.186906814575195
850,-7.027737617492676
851,-11.262595176696777
852,-2.498805046081543
853,-0.49893951416015625
854,4.080599784851074
855,-7.617838382720947
856,-6.74375057220459
857,-10.546843528747559
858,-2.3346757888793945
859,-0.6088056564331055
860,4.740232467651367
861,1.1964836120605469
862,0.49660205841064453
863,-10.829106330871582
864,1.037832260131836
865,0.3046102523803711
866,2.159616470336914
867,1.228846549987793
868,4.0816545486450195
869,-10.414728164672852
870,0.9294424057006836
871,3.492873191833496
872,7.570642471313477
873,1.6462593078613281
874,7.290129661560059
875,-11.62917423248291
876,1.5248451232910156
877,6.174263954162598
878,13.431575775146484
879,2.451024055480957
880,7.932541847229004
881,-11.991460800170898
882,1.9067935943603516
883,6.661664009094238
884,14.008697509765625
885,-1.6902475357055664
886,7.9791460037231445
887,-17.699251174926758
888,-1.5039138793945312
889,6.851492881774902
890,12.885686874389648
891,-0.8915891647338867
892,-5.425997734069824
893,-2.9852535724639893
894,-0.4342536926269531
895,-5.6606855392456055
896,-4.364991188049316
897,-0.39923858642578125
898,-5.657919883728027
899,-4.364917755126953
900,-0.3788022994995117
901,-5.653989791870117
902,-4.35906457901001
903,-0.40471839904785156
904,-5.669569969177246
905,-2.784538507461548
906,-0.3514108657836914
907,-5.66751766204834
908,-2.7868494987487793
909,-0.3104219436645508
910,-5.663739204406738
911,-2.7937045097351074
912,0.06571483612060547
913,-5.480914115905762
914,-8.263533592224121
915,0.18476486206054688
916,-5.510891914367676
917,-1.2987604141235352
918,-0.9101190567016602
919,-5.173208236694336
920,-4.183143615722656
921,-0.8552789688110352
922,-5.1648359298706055
923,-2.1875977516174316
924,-0.25998401641845703
925,-4.380624771118164
926,-14.219595909118652
927,1.1190195083618164
928,-4.127882957458496
929,3.329465866088867
930,-5.18601131439209
931,-5.6500654220581055
932,-14.588408470153809
933,0.6988592147827148
934,-2.1387977600097656
935,7.113691329956055
936,-7.209813117980957
937,-6.457183837890625
938,-6.474917888641357
939,-1.4046745300292969
940,-0.6777114868164062
941,6.867105484008789
942,-7.910319805145264
943,-6.791804313659668
944,-7.081488609313965
945,-1.7478599548339844
946,-0.3156280517578125
947,7.657227516174316
948,-7.626420974731445
949,-6.805812835693359
950,-6.536672115325928
951,-1.872288703918457
952,-0.29408931732177734
953,5.551513671875
954,-7.1784586906433105
955,-6.602787017822266
956,-6.111760139465332
957,-1.6914453506469727
958,-0.41069889068603516
959,6.036279678344727
960,1.2156381607055664
961,0.5150575637817383
962,-10.695784568786621
963,1.3313560485839844
964,0.3242521286010742
965,2.026553153991699
966,1.2434406280517578
967,4.075913429260254
968,-9.411663055419922
969,1.0539302825927734
970,3.434319496154785
971,7.3677520751953125
972,1.646101951599121
973,7.289887428283691
974,-9.715917587280273
975,1.5052776336669922
976,5.946869850158691
977,13.307544708251953
978,2.4424057006835938
979,7.924839973449707
980,-9.962493896484375
981,1.9251232147216797
982,6.433381080627441
983,13.92393684387207
984,-1.6811723709106445
985,7.969906806945801
986,-14.831355094909668
987,-1.4933605194091797
988,6.71970272064209
989,12.870159149169922
990,-0.9193897247314453
991,-5.428314208984375
992,-2.3265225887298584
993,-0.4860563278198242
994,-5.6661481857299805
995,-3.9782166481018066
996,-0.44539642333984375
997,-5.662796974182129
998,-3.979414939880371
999,-0.41350555419921875
1000,-5.658222198486328
1001,-3.9750144481658936
1002,-0.4191741943359375
1003,-5.675406455993652
1004,-2.348757743835449
1005,-0.3434114456176758
1006,-5.672325134277344
1007,-2.3524065017700195
1008,-0.27556514739990234
1009,-5.667387962341309
1010,-2.3607585430145264
1011,0.03841209411621094
1012,-5.4893388748168945
1013,-8.935142517089844
1014,0.3050880432128906
1015,-5.516091346740723
1016,-1.7141673564910889
1017,-0.9212646484375
1018,-5.173837661743164
1019,-3.910290479660034
1020,-0.8163394927978516
1021,-5.1656494140625
1022,-1.8316473960876465
1023,-0.47657012939453125
1024,-4.3772430419921875
1025,-14.672964096069336
1026,1.5924186706542969
1027,-4.156719207763672
1028,2.5337066650390625
1029,-5.9756083488464355
1030,-5.175845146179199
1031,-13.973733901977539
1032,1.6950311660766602
1033,-2.1639928817749023
1034,8.006129264831543
1035,-8.211331367492676
1036,-5.937196731567383
1037,-3.4888219833374023
1038,-0.27025794982910156
1039,-0.8493175506591797
1040,11.0436429977417
1041,-8.983475685119629
1042,-6.175145149230957
1043,-3.5405473709106445
1044,-0.6585617065429688
1045,-0.5220966339111328
1046,12.171300888061523
1047,-8.62006664276123
1048,-6.190869331359863
1049,-3.0247292518615723
1050,-0.7740859985351562
1051,-0.4961814880371094
1052,10.359390258789062
1053,-8.183137893676758
1054,-6.028914451599121
1055,-3.0249290466308594
1056,-0.5621547698974609
1057,-0.6029367446899414
1058,10.427042007446289
1059,1.2847919464111328
1060,0.5520849227905273
1061,-10.654315948486328
1062,1.6441965103149414
1063,0.3453865051269531
1064,1.9902291297912598
1065,1.2469139099121094
1066,4.076342582702637
1067,-8.560348510742188
1068,1.151510238647461
1069,3.5199155807495117
1070,7.215090751647949
1071,1.6454315185546875
1072,7.287859916687012
1073,-8.182034492492676
1074,1.4913911819458008
1075,6.048459053039551
1076,12.980531692504883
1077,2.4358158111572266
1078,7.940888404846191
1079,-8.323360443115234
1080,1.8354501724243164
1081,6.5833940505981445
1082,13.624731063842773
1083,-1.6775083541870117
1084,7.963343620300293
1085,-12.91346549987793
1086,-1.4904537200927734
1087,6.6803789138793945
1088,12.853418350219727
1089,-0.7834405899047852
1090,-5.445464134216309
1091,-0.2572331428527832
1092,-0.41622161865234375
1093,-5.714455604553223
1094,-2.179495334625244
1095,-0.4152250289916992
1096,-5.711766242980957
1097,-2.180124044418335
1098,-0.4162931442260742
1099,-5.707575798034668
1100,-2.1759448051452637
1101,-0.2771434783935547
1102,-5.719348907470703
1103,-0.6151883602142334
1104,-0.1928396224975586
1105,-5.713836669921875
1106,-0.6185891628265381
1107,-0.11911678314208984
1108,-5.705620765686035
1109,-0.6272294521331787
1110,0.033684730529785156
1111,-5.539067268371582
1112,-8.182790756225586
1113,0.4531240463256836
1114,-5.543719291687012
1115,-1.2494900226593018
1116,-0.8306808471679688
1117,-5.175516128540039
1118,-2.178040027618408
1119,-0.653289794921875
1120,-5.166097640991211
1121,-0.18280410766601562
1122,-0.7509565353393555
1123,-4.374519348144531
1124,-14.088916778564453
1125,1.865004539489746
1126,-4.1625261306762695
1127,2.5045576095581055
1128,-5.963078022003174
1129,-4.972456932067871
1130,-12.012420654296875
1131,2.224109649658203
1132,-2.1336240768432617
1133,8.619548797607422
1134,-7.9076104164123535
1135,-5.621039390563965
1136,-0.6530508995056152
1137,0.1628866195678711
1138,-0.8572874069213867
1139,12.207075119018555
1140,-8.59876537322998
1141,-5.80748176574707
1142,-0.42121458053588867
1143,-0.2609386444091797
1144,-0.5276193618774414
1145,13.402006149291992
1146,-8.2169828414917
1147,-5.814823150634766
1148,-0.11731433868408203
1149,-0.4363565444946289
1150,-0.49393367767333984
1151,11.679971694946289
1152,-7.814664840698242
1153,-5.674081802368164
1154,-0.23494338989257812
1155,-0.22544097900390625
1156,-0.6033220291137695
1157,11.657768249511719
1158,1.278310775756836
1159,0.5852174758911133
1160,-10.615948677062988
1161,1.8789863586425781
1162,0.3552074432373047
1163,1.9552712440490723
1164,1.2704849243164062
1165,4.077040672302246
1166,-8.58288860321045
1167,1.2311887741088867
1168,3.5813188552856445
1169,7.046878814697266
1170,1.6672706604003906
1171,7.307501792907715
1172,-9.425201416015625
1173,1.6100873947143555
1174,6.211594581604004
1175,12.221458435058594
1176,2.511153221130371
1177,8.053061485290527
1178,-9.66696548461914
1179,1.902750015258789
1180,6.750260353088379
1181,12.805671691894531
1182,-1.6459245681762695
1183,8.016243934631348
1184,-13.698065757751465
1185,-1.4196891784667969
1186,6.743145942687988
1187,12.262163162231445
1188,-0.8358945846557617
1189,-5.456117630004883
1190,-1.2464594841003418
1191,-0.4588184356689453
1192,-5.734601974487305
1193,-3.1701388359069824
1194,-0.44262027740478516
1195,-5.730901718139648
1196,-3.171751022338867
1197,-0.4276542663574219
1198,-5.726037979125977
1199,-3.1692099571228027
1200,-0.3414125442504883
1201,-5.741250991821289
1202,-1.569652795791626
1203,-0.2477550506591797
1204,-5.7373857498168945
1205,-1.5731995105743408
1206,-0.1622934341430664
1207,-5.73065185546875
1208,-1.5808842182159424
1209,0.02755451202392578
1210,-5.555783271789551
1211,-9.102960586547852
1212,0.4784231185913086
1213,-5.5608110427856445
1214,-1.970660924911499
1215,-0.8364324569702148
1216,-5.175867080688477
1217,-3.1446619033813477
1218,-0.6592912673950195
1219,-5.166823387145996
1220,-1.0983612537384033
1221,-0.8351821899414062
1222,-4.284893035888672
1223,-14.659991264343262
1224,1.8860654830932617
1225,-4.160152435302734
1226,2.0687508583068848
1227,-5.947172164916992
1228,-4.102809906005859
1229,-10.147661209106445
1230,2.287242889404297
1231,-2.2043800354003906
1232,9.150485038757324
1233,-7.705494403839111
1234,-4.528048515319824
1235,3.694882392883301
1236,0.5948514938354492
1237,-1.118189811706543
1238,15.5126953125
1239,-8.361335754394531
1240,-4.641633033752441
1241,4.386390686035156
1242,0.2668190002441406
1243,-0.8399581909179688
1244,16.963150024414062
1245,-8.027137756347656
1246,-4.676470756530762
1247,4.378518104553223
1248,0.13459491729736328
1249,-0.8245601654052734
1250,15.696435928344727
1251,-7.636224746704102
1252,-4.567745208740234
1253,4.116525650024414
1254,0.3018779754638672
1255,-0.9092292785644531
1256,15.193645477294922
1257,1.3739728927612305
1258,0.6311473846435547
1259,-10.58486270904541
1260,1.9883251190185547
1261,0.39328765869140625
1262,1.9249157905578613
1263,1.2802724838256836
1264,4.076695442199707
1265,-8.315549850463867
1266,1.210000991821289
1267,3.579564094543457
1268,7.0523223876953125
1269,1.6710634231567383
1270,7.302197456359863
1271,-8.54671859741211
1272,1.5533742904663086
1273,6.202017784118652
1274,12.44434928894043
1275,2.5104761123657227
1276,8.033324241638184
1277,-8.690881729125977
1278,1.8576555252075195
1279,6.692139625549316
1280,13.04568099975586
1281,-1.5774869918823242
1282,8.013163566589355
1283,-12.65048599243164
1284,-1.398533821105957
1285,6.6556901931762695
1286,12.436901092529297
1287,-0.8785839080810547
1288,-5.453997611999512
1289,-1.7644407749176025
1290,-0.4779233932495117
1291,-5.733124732971191
1292,-3.694239854812622
1293,-0.48345947265625
1294,-5.729435920715332
1295,-3.697415828704834
1296,-0.48708057403564453
1297,-5.724564552307129
1298,-3.6958556175231934
1299,-0.38193321228027344
1300,-5.741244316101074
1301,-2.0368494987487793
1302,-0.29428958892822266
1303,-5.739323616027832
1304,-2.03916072845459
1305,-0.2046375274658203
1306,-5.734864234924316
1307,-2.0459017753601074
1308,-0.031932830810546875
1309,-5.557367324829102
1310,-9.643376350402832
1311,0.4985074996948242
1312,-5.564757347106934
1313,-2.2651383876800537
1314,-0.8613033294677734
1315,-5.163180351257324
1316,-3.6638906002044678
1317,-0.7002449035644531
1318,-5.156938552856445
1319,-1.5381605625152588
1320,-1.256606101989746
1321,-4.197108268737793
1322,-15.447430610656738
1323,2.089071273803711
1324,-4.154148101806641
1325,1.953660011291504
1326,-6.953273296356201
1327,-4.002171516418457
1328,-13.547406196594238
1329,2.6924314498901367
1330,-2.261927604675293
1331,10.726629257202148
1332,-9.747417449951172
1333,-4.397777557373047
1334,-2.22483491897583
1335,1.148940086364746
1336,-1.2718591690063477
1337,18.53091812133789
1338,-10.924118995666504
1339,-4.457771301269531
1340,-2.106145143508911
1341,0.8395166397094727
1342,-1.0141639709472656
1343,20.23670196533203
1344,-10.733863830566406
1345,-4.5372724533081055
1346,-1.6452136039733887
1347,0.666987419128418
1348,-1.0054044723510742
1349,18.857072830200195
1350,-10.152542114257812
1351,-4.446345329284668
1352,-1.6750452518463135
1353,0.8225193023681641
1354,-1.0786380767822266
1355,18.204692840576172
1356,1.384099006652832
1357,0.6615686416625977
1358,-10.524930953979492
1359,2.206240653991699
1360,0.398895263671875
1361,1.8628745079040527
1362,1.2748842239379883
1363,4.073756217956543
1364,-9.165837287902832
1365,1.1667089462280273
1366,3.5648717880249023
1367,7.856958389282227
1368,1.6708736419677734
1369,7.300215721130371
1370,-9.87768840789795
1371,1.4512310028076172
1372,6.171160697937012
1373,13.864542007446289
1374,2.51601505279541
1375,8.017352104187012
1376,-10.024669647216797
1377,1.7948179244995117
1378,6.640185356140137
1379,14.562061309814453
1380,-1.5779752731323242
1381,8.011157035827637
1382,-13.85155200958252
1383,-1.5089635848999023
1384,6.564072608947754
1385,14.345226287841797
1386,-0.9176101684570312
1387,-5.330754280090332
1388,-3.807622194290161
1389,-0.608677864074707
1390,-5.645617485046387
1391,-5.820285797119141
1392,-0.5966787338256836
1393,-5.640932083129883
1394,-5.825933933258057
1395,-0.5839338302612305
1396,-5.635074615478516
1397,-5.825447082519531
1398,-0.5194168090820312
1399,-5.66282844543457
1400,-3.9742422103881836
1401,-0.42173099517822266
1402,-5.668457984924316
1403,-3.9782440662384033
1404,-0.3254833221435547
1405,-5.671586036682129
1406,-3.9837043285369873
1407,-0.035198211669921875
1408,-5.4610595703125
1409,-11.378894805908203
1410,0.4820976257324219
1411,-5.497072219848633
1412,-3.3474719524383545
1413,-0.8838577270507812
1414,-4.997954368591309
1415,-5.655970573425293
1416,-0.7325439453125
1417,-4.987906455993652
1418,-3.2713782787323
1419,-1.1761302947998047
1420,-3.879240036010742
1421,-16.52260971069336
1422,1.898270606994629
1423,-4.084425926208496
1424,1.7334051132202148
1425,-6.480468273162842
1426,-2.665379524230957
1427,-15.314095497131348
1428,2.087148666381836
1429,-2.2767982482910156
1430,8.371426582336426
1431,-9.01118278503418
1432,-2.757693290710449
1433,-5.22806453704834
1434,0.07372474670410156
1435,-1.8295774459838867
1436,10.998687744140625
1437,-9.867050170898438
1438,-2.8006420135498047
1439,-5.829394340515137
1440,-0.5755348205566406
1441,-1.8045787811279297
1442,11.864583969116211
1443,-9.635765075683594
1444,-2.90720272064209
1445,-5.50061559677124
1446,-0.8744831085205078
1447,-1.7964324951171875
1448,10.131123542785645
1449,-9.168658256530762
1450,-2.837752342224121
1451,-4.831855297088623
1452,-0.6662206649780273
1453,-1.7642431259155273
1454,10.344818115234375
1455,1.8670845031738281
1456,0.7835826873779297
1457,-10.649539947509766
1458,2.1410703659057617
1459,0.46880626678466797
1460,1.9933490753173828
1461,1.2173843383789062
1462,4.073197364807129
1463,-9.07362174987793
1464,1.098496437072754
1465,3.5552053451538086
1466,10.715330123901367
1467,1.6707611083984375
1468,7.285658836364746
1469,-9.534323692321777
1470,1.3685064315795898
1471,6.019173622131348
1472,18.751569747924805
1473,2.5143651962280273
1474,8.011013984680176
1475,-9.721199035644531
1476,1.7302684783935547
1477,6.470305442810059
1478,19.595178604125977
1479,-1.5696001052856445
1480,7.977843284606934
1481,-13.707454681396484
1482,-1.507242202758789
1483,6.522141456604004
1484,19.730113983154297
1485,-0.9918651580810547
1486,-5.326869964599609
1487,-4.392920017242432
1488,-0.730046272277832
1489,-5.641542434692383
1490,-6.2799072265625
1491,-0.7093734741210938
1492,-5.635928153991699
1493,-6.283297061920166
1494,-0.6895151138305664
1495,-5.629167556762695
1496,-6.281898021697998
1497,-0.6309146881103516
1498,-5.660893440246582
1499,-4.427217483520508
1500,-0.49857521057128906
1501,-5.667512893676758
1502,-4.430494785308838
1503,-0.3794670104980469
1504,-5.671235084533691
1505,-4.436981201171875
1506,-0.06786441802978516
1507,-5.454154968261719
1508,-11.589731216430664
1509,0.4735097885131836
1510,-5.496122360229492
1511,-3.448089361190796
1512,-0.8975048065185547
1513,-4.979135513305664
1514,-6.1152567863464355
1515,-0.7532501220703125
1516,-4.973845481872559
1517,-3.731306791305542
1518,-1.1225528717041016
1519,-3.7911767959594727
1520,-16.891098022460938
1521,1.7752704620361328
1522,-4.045029640197754
1523,1.5867810249328613
1524,-6.097118377685547
1525,-2.5406007766723633
1526,-14.719067573547363
1527,1.6254692077636719
1528,-2.192662239074707
1529,7.441896438598633
1530,-8.473348617553711
1531,-2.8248748779296875
1532,-3.699355125427246
1533,-0.41141796112060547
1534,-1.5237865447998047
1535,8.642295837402344
1536,-9.266448974609375
1537,-2.9015445709228516
1538,-4.201874256134033
1539,-0.9250297546386719
1540,-1.3996057510375977
1541,9.296520233154297
1542,-8.995033264160156
1543,-3.0172576904296875
1544,-3.9947807788848877
1545,-1.1650257110595703
1546,-1.3985166549682617
1547,7.44614315032959
1548,-8.574907302856445
1549,-2.9406585693359375
1550,-3.3316895961761475
1551,-0.9874258041381836
1552,-1.41595458984375
1553,7.899410247802734
1554,1.9151296615600586
1555,0.8120536804199219
1556,-10.64448356628418
1557,2.139063835144043
1558,0.4807758331298828
1559,1.988572120666504
1560,1.1717710494995117
1561,4.0732221603393555
1562,-9.115468978881836
1563,1.074915885925293
1564,3.5707502365112305
1565,10.486993789672852
1566,1.6681480407714844
1567,7.278321266174316
1568,-9.244678497314453
1569,1.3963642120361328
1570,5.992066383361816
1571,17.843862533569336
1572,2.5081968307495117
1573,8.009024620056152
1574,-9.387731552124023
1575,1.8160991668701172
1576,6.323840141296387
1577,18.61977195739746
1578,-1.5870790481567383
1579,7.870301246643066
1580,-13.373587608337402
1581,-1.500284194946289
1582,6.4712724685668945
1583,18.49239730834961
1584,-1.1392345428466797
1585,-5.265815734863281
1586,-5.649956703186035
1587,-0.9086580276489258
1588,-5.5951690673828125
1589,-7.548176288604736
1590,-0.8791627883911133
1591,-5.588051795959473
1592,-7.550906181335449
1593,-0.8500156402587891
1594,-5.5798845291137695
1595,-7.551216125488281
1596,-0.8188285827636719
1597,-5.626076698303223
1598,-5.749246597290039
1599,-0.6972780227661133
1600,-5.638302803039551
1601,-5.751911163330078
1602,-0.5860958099365234
1603,-5.64689826965332
1604,-5.757500171661377
1605,-0.14033985137939453
1606,-5.38985538482666
1607,-12.782755851745605
1608,0.350250244140625
1609,-5.462690353393555
1610,-4.795978546142578
1611,-0.9669933319091797
1612,-4.90119743347168
1613,-7.361866474151611
1614,-0.8394775390625
1615,-4.908637046813965
1616,-5.029862403869629
1617,-1.0991830825805664
1618,-3.570608139038086
1619,-17.19614028930664
1620,1.6965150833129883
1621,-4.023412704467773
1622,0.33060312271118164
1623,-5.560827255249023
1624,-2.0382490158081055
1625,-13.216320991516113
1626,1.730010986328125
1627,-1.936650276184082
1628,6.233607292175293
1629,-6.459466934204102
1630,-2.193779945373535
1631,-0.692380428314209
1632,-0.044157981872558594
1633,-0.6315145492553711
1634,7.705378532409668
1635,-6.795723915100098
1636,-2.216567039489746
1637,-0.775958776473999
1638,-0.4023303985595703
1639,-0.32830047607421875
1640,8.299741744995117
1641,-6.435113906860352
1642,-2.3734521865844727
1643,-1.0125372409820557
1644,-0.6211986541748047
1645,-0.26651668548583984
1646,6.482577323913574
1647,-6.052689075469971
1648,-2.3261098861694336
1649,-0.47211480140686035
1650,-0.4605827331542969
1651,-0.3565034866333008
1652,6.959566116333008
1653,2.121938705444336
1654,0.9266958236694336
1655,-10.604364395141602
1656,2.333155632019043
1657,0.51873779296875
1658,1.9452333450317383
1659,1.0237407684326172
1660,4.073390007019043
1661,-7.890776634216309
1662,1.027822494506836
1663,3.458163261413574
1664,11.999691009521484
1665,1.6680316925048828
1666,7.276843070983887
1667,-7.6342573165893555
1668,1.3511123657226562
1669,5.794793128967285
1670,20.852087020874023
1671,2.506768226623535
1672,7.999106407165527
1673,-7.676692962646484
1674,1.7744140625
1675,6.224675178527832
1676,21.74135398864746
1677,-1.5765037536621094
1678,7.872191429138184
1679,-10.306836128234863
1680,-1.464324951171875
1681,6.452450752258301
1682,22.20197868347168
1683,-1.3121023178100586
1684,-5.253025054931641
1685,-7.008975028991699
1686,-1.0695762634277344
1687,-5.573468208312988
1688,-8.784232139587402
1689,-1.0195045471191406
1690,-5.564992904663086
1691,-8.786504745483398
1692,-0.9691495895385742
1693,-5.5552778244018555
1694,-8.787062644958496
1695,-1.004094123840332
1696,-5.6077680587768555
1697,-6.814934730529785
1698,-0.8902711868286133
1699,-5.621320724487305
1700,-6.817292213439941
1701,-0.7817163467407227
1702,-5.631278038024902
1703,-6.821532249450684
1704,-0.16681289672851562
1705,-5.368739128112793
1706,-13.5728178024292
1707,0.23709774017333984
1708,-5.450879096984863
1709,-4.979852676391602
1710,-1.0535364151000977
1711,-4.881579399108887
1712,-8.546968460083008
1713,-0.9655628204345703
1714,-4.902154922485352
1715,-6.008756160736084
1716,-1.0477724075317383
1717,-3.5321407318115234
1718,-18.100324630737305
1719,1.6359405517578125
1720,-3.9665327072143555
1721,0.4543619155883789
1722,-5.203347206115723
1723,-1.8449907302856445
1724,-13.456701278686523
1725,1.434494972229004
1726,-1.8630046844482422
1727,5.564826011657715
1728,-6.178091049194336
1729,-1.9056549072265625
1730,-0.20863723754882812
1731,-0.4261913299560547
1732,-0.7131233215332031
1733,5.367612838745117
1734,-6.598198413848877
1735,-1.929274559020996
1736,-0.560936689376831
1737,-0.7881450653076172
1738,-0.47130870819091797
1739,5.590179443359375
1740,-6.264889717102051
1741,-2.1233158111572266
1742,-0.6612081527709961
1743,-0.9942283630371094
1744,-0.4536619186401367
1745,3.907902717590332
1746,-5.847308158874512
1747,-2.0738525390625
1748,0.08308076858520508
1749,-0.8450021743774414
1750,-0.5217657089233398
1751,4.651773452758789
1752,2.240799903869629
1753,0.9388933181762695
1754,-10.728212356567383
1755,2.544569969177246
1756,0.5304679870605469
1757,2.0752248764038086
1758,0.9252109527587891
1759,4.075140953063965
1760,-8.490209579467773
1761,1.0052061080932617
1762,3.44338321685791
1763,12.131811141967773
1764,1.6679191589355469
1765,7.275450706481934
1766,-8.50172233581543
1767,1.3617668151855469
1768,5.803509712219238
1769,20.5092716217041
1770,2.50388240814209
1771,8.008194923400879
1772,-8.622339248657227
1773,1.8280029296875
1774,6.254090309143066
1775,21.31833839416504
1776,-1.5800933837890625
1777,7.88314151763916
1778,-11.566917419433594
1779,-1.447554588317871
1780,6.466914176940918
1781,21.783504486083984
1782,-1.6413698196411133
1783,-4.956817626953125
1784,-12.739782333374023
1785,-1.4379806518554688
1786,-5.295342445373535
1787,-14.303630828857422
1788,-1.3922786712646484
1789,-5.286500930786133
1790,-14.304983139038086
1791,-1.3358173370361328
1792,-5.277402877807617
1793,-14.305658340454102
1794,-1.3839635848999023
1795,-5.339875221252441
1796,-12.249664306640625
1797,-1.289351463317871
1798,-5.361351013183594
1799,-12.251967430114746
1800,-1.1635541915893555
1801,-5.381829261779785
1802,-12.259424209594727
1803,-0.5016899108886719
1804,-5.102670669555664
1805,-18.130712509155273
1806,-0.15012836456298828
1807,-5.222840309143066
1808,-9.050734519958496
1809,-1.215336799621582
1810,-4.598963737487793
1811,-13.822834968566895
1812,-1.1258916854858398
1813,-4.625960350036621
1814,-11.182845115661621
1815,-0.8568849563598633
1816,-3.3010101318359375
1817,-21.8892765045166
1818,1.545578956604004
1819,-3.8071813583374023
1820,-1.8128924369812012
1821,-3.785689353942871
1822,-0.636357307434082
1823,-19.27301597595215
1824,0.45270633697509766
1825,-1.3953876495361328
1826,2.047377586364746
1827,-5.416746139526367
1828,0.6846199035644531
1829,-12.393977165222168
1830,-1.993229866027832
1831,0.34843921661376953
1832,-0.8442902565002441
1833,-5.851057052612305
1834,1.0242929458618164
1835,-13.625789642333984
1836,-2.61879825592041
1837,0.6599807739257812
1838,-0.9338819980621338
1839,-5.742542266845703
1840,0.8938474655151367
1841,-13.800302505493164
1842,-2.825617790222168
1843,0.7306308746337891
1844,-2.7588045597076416
1845,-5.397615432739258
1846,0.8021669387817383
1847,-12.212921142578125
1848,-2.509976387023926
1849,0.6725482940673828
1850,-1.6822969913482666
1851,2.529994010925293
1852,1.1042051315307617
1853,-10.707525253295898
1854,2.4492883682250977
1855,0.6483526229858398
1856,2.051671028137207
1857,0.7660932540893555
1858,4.117264747619629
1859,-6.680418014526367
1860,0.7973432540893555
1861,3.484622001647949
1862,14.238592147827148
1863,1.6699399948120117
1864,7.274598121643066
1865,-2.0190224647521973
1866,1.3251676559448242
1867,5.922791481018066
1868,26.297378540039062
1869,2.536210060119629
1870,8.011994361877441
1871,-1.7265973091125488
1872,1.7630624771118164
1873,6.228817939758301
1874,27.50852394104004
1875,-1.5738277435302734
1876,7.907740592956543
1877,-5.589673042297363
1878,-1.4491968154907227
1879,6.4586076736450195
1880,27.6199893951416
1881,-1.9109020233154297
1882,-4.9534406661987305
1883,-14.343496322631836
1884,-1.6771650314331055
1885,-5.250182151794434
1886,-15.899635314941406
1887,-1.623154640197754
1888,-5.237968444824219
1889,-15.902237892150879
1890,-1.5667037963867188
1891,-5.227823257446289
1892,-15.90345287322998
1893,-1.6240520477294922
1894,-5.279902458190918
1895,-13.72487735748291
1896,-1.5288200378417969
1897,-5.294044494628906
1898,-13.726832389831543
1899,-1.4189510345458984
1900,-5.308028221130371
1901,-13.734838485717773
1902,-0.6801214218139648
1903,-5.047240257263184
1904,-19.471923828125
1905,-0.4274463653564453
1906,-5.155956268310547
1907,-9.85025405883789
1908,-1.4379777908325195
1909,-4.600481986999512
1910,-15.338823318481445
1911,-1.3675460815429688
1912,-4.635099411010742
1913,-12.5382080078125
1914,-0.6568059921264648
1915,-3.3355712890625
1916,-23.438722610473633
1917,1.2007198333740234
1918,-3.685347557067871
1919,-1.9436485767364502
1920,-3.099895477294922
1921,-0.6703081130981445
1922,-22.550893783569336
1923,-0.6746892929077148
1924,-1.3561210632324219
1925,1.5421900749206543
1926,-5.064571380615234
1927,0.8903684616088867
1928,-17.896900177001953
1929,-3.5336904525756836
1930,0.4501161575317383
1931,-2.2597429752349854
1932,-5.499564170837402
1933,1.2351980209350586
1934,-19.707202911376953
1935,-4.280278205871582
1936,0.714625358581543
1937,-2.4411404132843018
1938,-5.52325439453125
1939,1.135106086730957
1940,-19.65309715270996
1941,-4.45142936706543
1942,0.8031234741210938
1943,-4.496138572692871
1944,-5.21800422668457
1945,1.0534029006958008
1946,-17.727527618408203
1947,-4.078333854675293
1948,0.772547721862793
1949,-3.245062828063965
1950,2.704585075378418
1951,1.1204919815063477
1952,-10.859054565429688
1953,2.3916921615600586
1954,0.7186393737792969
1955,2.2028579711914062
1956,0.7031135559082031
1957,4.138871192932129
1958,-6.548107147216797
1959,0.6833028793334961
1960,3.5548601150512695
1961,15.332572937011719
1962,1.6718568801879883
1963,7.278332710266113
1964,-1.8473234176635742
1965,1.301229476928711
1966,5.926667213439941
1967,28.14482307434082
1968,2.5679140090942383
1969,8.041169166564941
1970,-1.6447148323059082
1971,1.7221307754516602
1972,6.302857398986816
1973,29.38189125061035
1974,-1.5649385452270508
1975,7.894913673400879
1976,-6.654214382171631
1977,-1.4649343490600586
1978,6.347979545593262
1979,28.749170303344727
1980,-2.479734420776367
1981,-4.802834510803223
1982,-14.668814659118652
1983,-2.0281238555908203
1984,-5.06716251373291
1985,-16.077259063720703
1986,-1.9153499603271484
1987,-5.051531791687012
1988,-16.078601837158203
1989,-1.844965934753418
1990,-5.026522636413574
1991,-16.082077026367188
1992,-2.009763717651367
1993,-5.10445499420166
1994,-14.030253410339355
1995,-1.8707246780395508
1996,-5.1215362548828125
1997,-14.030475616455078
1998,-1.7781181335449219
1999,-5.128730773925781
2000,-14.036096572875977
2001,-0.9220619201660156
2002,-4.822307586669922
2003,-19.36406135559082
2004,-0.8163385391235352
2005,-4.95271110534668
2006,-10.320572853088379
2007,-1.9454832077026367
2008,-4.425850868225098
2009,-15.594795227050781
2010,-1.9184932708740234
2011,-4.471914291381836
2012,-12.966254234313965
2013,-0.5243520736694336
2014,-2.93112850189209
2015,-22.673511505126953
2016,0.8412981033325195
2017,-3.4930734634399414
2018,-3.2259268760681152
2019,-0.3085346221923828
2020,-0.3020305633544922
2021,-21.039104461669922
2022,0.25936412811279297
2023,-1.019012451171875
2024,0.6258187294006348
2025,-1.1194839477539062
2026,1.4341650009155273
2027,-15.6918306350708
2028,-1.0170392990112305
2029,0.7164878845214844
2030,-1.666663646697998
2031,-1.6967239379882812
2032,1.9393301010131836
2033,-17.02618408203125
2034,-1.2241601943969727
2035,1.060215950012207
2036,-1.6362013816833496
2037,-1.9797687530517578
2038,1.8303518295288086
2039,-17.093788146972656
2040,-1.5625905990600586
2041,1.0999326705932617
2042,-3.3911025524139404
2043,-1.810988426208496
2044,1.6829137802124023
2045,-15.529930114746094
2046,-1.3887968063354492
2047,1.0185861587524414
2048,-2.455115795135498
2049,2.617783546447754
2050,1.2822694778442383
2051,-10.752696990966797
2052,2.5092554092407227
2053,0.7735052108764648
2054,2.1028504371643066
2055,0.36778831481933594
2056,4.201865196228027
2057,-4.489735126495361
2058,0.5800113677978516
2059,3.4584970474243164
2060,14.304128646850586
2061,1.682326316833496
2062,7.276150703430176
2063,1.4340357780456543
2064,0.8420219421386719
2065,5.810790061950684
2066,26.62904167175293
2067,2.571894645690918
2068,8.033926963806152
2069,1.8043718338012695
2070,1.5717601776123047
2071,6.047015190124512
2072,27.813432693481445
2073,-1.5627117156982422
2074,7.871701240539551
2075,-1.9580655097961426
2076,-1.544921875
2077,6.132163047790527
2078,27.92020606994629
2079,-2.527682304382324
2080,-4.632187843322754
2081,-13.675918579101562
2082,-2.0849170684814453
2083,-4.921506881713867
2084,-15.115120887756348
2085,-1.9972877502441406
2086,-4.89937686920166
2087,-15.116800308227539
2088,-1.940847396850586
2089,-4.868823051452637
2090,-15.119816780090332
2091,-2.089000701904297
2092,-4.963376045227051
2093,-13.082626342773438
2094,-1.9974260330200195
2095,-4.975400924682617
2096,-13.082815170288086
2097,-1.938969612121582
2098,-4.979884147644043
2099,-13.088420867919922
2100,-0.9943380355834961
2101,-4.664852142333984
2102,-18.484121322631836
2103,-0.9461374282836914
2104,-4.806821823120117
2105,-9.53207015991211
2106,-2.0240325927734375
2107,-4.25783634185791
2108,-14.624958992004395
2109,-2.0313034057617188
2110,-4.313504219055176
2111,-12.01641845703125
2112,-0.40224361419677734
2113,-2.919173240661621
2114,-22.02360725402832
2115,0.6177425384521484
2116,-3.3949079513549805
2117,-2.6263585090637207
2118,-0.0074481964111328125
2119,-0.4253559112548828
2120,-20.655258178710938
2121,0.5168256759643555
2122,-0.9118967056274414
2123,0.9383115768432617
2124,-0.6329107284545898
2125,1.5912103652954102
2126,-15.962065696716309
2127,-0.5098581314086914
2128,1.063797950744629
2129,-1.6472218036651611
2130,-0.9157476425170898
2131,2.002476692199707
2132,-17.418880462646484
2133,-0.7372398376464844
2134,1.4858160018920898
2135,-1.6464881896972656
2136,-1.1551275253295898
2137,1.9692087173461914
2138,-17.44464683532715
2139,-0.9555988311767578
2140,1.5507402420043945
2141,-3.522439479827881
2142,-0.9010219573974609
2143,1.7107534408569336
2144,-15.796440124511719
2145,-0.7689218521118164
2146,1.4380979537963867
2147,-2.488532781600952
2148,2.607192039489746
2149,1.3207807540893555
2150,-10.73052978515625
2151,2.5887842178344727
2152,0.8600015640258789
2153,2.0843186378479004
2154,0.2600555419921875
2155,4.242457389831543
2156,-4.768474578857422
2157,0.5011568069458008
2158,3.458878517150879
2159,12.784141540527344
2160,1.741424560546875
2161,7.300538063049316
2162,0.9131808280944824
2163,0.6807088851928711
2164,5.59536075592041
2165,24.109745025634766
2166,2.607110023498535
2167,8.057372093200684
2168,1.2742881774902344
2169,1.5598583221435547
2170,6.054617881774902
2171,25.209970474243164
2172,-1.5206708908081055
2173,7.879298210144043
2174,-2.3864660263061523
2175,-1.5612144470214844
2176,6.2477827072143555
2177,25.270612716674805
2178,-3.121100425720215
2179,-4.217826843261719
2180,-12.132404327392578
2181,-2.608201026916504
2182,-4.557065010070801
2183,-13.606649398803711
2184,-2.5309839248657227
2185,-4.5448150634765625
2186,-13.607742309570312
2187,-2.4733963012695312
2188,-4.525712013244629
2189,-13.611227989196777
2190,-2.551447868347168
2191,-4.600933074951172
2192,-11.576004028320312
2193,-2.4397850036621094
2194,-4.615287780761719
2195,-11.576322555541992
2196,-2.3548030853271484
2197,-4.626743316650391
2198,-11.582815170288086
2199,-1.573765754699707
2200,-4.373287200927734
2201,-17.563804626464844
2202,-1.2979278564453125
2203,-4.502321243286133
2204,-8.598970413208008
2205,-2.6610116958618164
2206,-3.8867673873901367
2207,-13.353150367736816
2208,-2.607799530029297
2209,-3.9329023361206055
2210,-10.746332168579102
2211,-0.49700164794921875
2212,-2.613126754760742
2213,-21.665802001953125
2214,0.5797357559204102
2215,-3.0600013732910156
2216,-2.3305327892303467
2217,1.573744773864746
2218,-0.03456401824951172
2219,-21.993358612060547
2220,2.179121971130371
2221,-0.7380256652832031
2222,0.2422170639038086
2223,3.251957893371582
2224,2.223172187805176
2225,-20.102195739746094
2226,3.028731346130371
2227,1.6660032272338867
2228,-1.711920976638794
2229,4.067864418029785
2230,2.902939796447754
2231,-21.78021812438965
2232,3.1287546157836914
2233,2.1951417922973633
2234,-1.4000170230865479
2235,3.769223213195801
2236,2.932223320007324
2237,-21.681537628173828
2238,2.8794031143188477
2239,2.328488349914551
2240,-3.0992636680603027
2241,3.628140449523926
2242,2.7052831649780273
2243,-20.002010345458984
2244,2.945937156677246
2245,2.169358253479004
2246,-2.4706897735595703
2247,2.696682929992676
2248,1.5979413986206055
2249,-10.772510528564453
2250,2.9289140701293945
2251,0.9510793685913086
2252,2.1268744468688965
2253,-0.4487133026123047
2254,4.2383623123168945
2255,-8.140474319458008
2256,-0.042464256286621094
2257,3.386805534362793
2258,11.045997619628906
2259,1.7551946640014648
2260,7.301583290100098
2261,-0.03048229217529297
2262,1.592179298400879
2263,5.480643272399902
2264,22.07976531982422
2265,2.643202781677246
2266,8.042155265808105
2267,-0.6008048057556152
2268,2.6218576431274414
2269,5.997990608215332
2270,23.121082305908203
2271,-1.5262556076049805
2272,7.918320655822754
2273,-5.369128704071045
2274,-0.28940391540527344
2275,6.096972465515137
2276,23.37942886352539
2277,-2.9593887329101562
2278,-4.1261138916015625
2279,-11.436979293823242
2280,-2.5025672912597656
2281,-4.440584182739258
2282,-12.90687084197998
2283,-2.441012382507324
2284,-4.425837516784668
2285,-12.908920288085938
2286,-2.394664764404297
2287,-4.403519630432129
2288,-12.913187980651855
2289,-2.444645881652832
2290,-4.4745588302612305
2291,-10.923402786254883
2292,-2.344259262084961
2293,-4.484780311584473
2294,-10.924001693725586
2295,-2.2622861862182617
2296,-4.489947319030762
2297,-10.931074142456055
2298,-1.5903549194335938
2299,-4.238071441650391
2300,-16.807945251464844
2301,-1.3107891082763672
2302,-4.368956565856934
2303,-8.035696029663086
2304,-2.5621280670166016
2305,-3.7859621047973633
2306,-12.63950252532959
2307,-2.5152835845947266
2308,-3.847384452819824
2309,-10.091168403625488
2310,-0.6100492477416992
2311,-2.5674829483032227
2312,-21.138628005981445
2313,0.6098871231079102
2314,-2.9786252975463867
2315,-1.8650081157684326
2316,1.723118782043457
2317,-0.08310508728027344
2318,-21.74167251586914
2319,2.2684316635131836
2320,-0.6920003890991211
2321,0.8927292823791504
2322,3.2180261611938477
2323,2.105177879333496
2324,-19.02460479736328
2325,2.766526222229004
2326,1.3069849014282227
2327,-1.0670640468597412
2328,4.113123893737793
2329,2.919123649597168
2330,-20.564939498901367
2331,2.8634119033813477
2332,1.7836999893188477
2333,-0.6325862407684326
2334,3.8012514114379883
2335,2.6961145401000977
2336,-20.328397750854492
2337,2.580449104309082
2338,1.8709936141967773
2339,-2.3950328826904297
2340,3.54140567779541
2341,2.407639503479004
2342,-18.85538673400879
2343,2.6167097091674805
2344,1.7262945175170898
2345,-1.8459279537200928
2346,2.7731142044067383
2347,1.762312889099121
2348,-10.827089309692383
2349,3.327956199645996
2350,1.0739145278930664
2351,2.183034896850586
2352,-0.6794376373291016
2353,4.2338056564331055
2354,-9.244089126586914
2355,-0.06518173217773438
2356,2.8342485427856445
2357,11.499448776245117
2358,1.7545766830444336
2359,7.303757667541504
2360,-2.436429262161255
2361,2.5766115188598633
2362,4.93241024017334
2363,23.136585235595703
2364,2.63889217376709
2365,7.990466117858887
2366,-2.1104063987731934
2367,3.615902900695801
2368,5.254582405090332
2369,24.265626907348633
2370,-1.4973793029785156
2371,7.95773983001709
2372,-6.4107561111450195
2373,1.1437158584594727
2374,5.7909440994262695
2375,25.141958236694336
2376,-3.3188905715942383
2377,-3.600099563598633
2378,-11.002873420715332
2379,-2.819936752319336
2380,-3.8920345306396484
2381,-12.715463638305664
2382,-2.736194610595703
2383,-3.878816604614258
2384,-12.714276313781738
2385,-2.6679115295410156
2386,-3.859646797180176
2387,-12.708525657653809
2388,-2.8138952255249023
2389,-3.9387922286987305
2390,-10.608966827392578
2391,-2.722947120666504
2392,-3.947697639465332
2393,-10.603240966796875
2394,-2.649115562438965
2395,-3.9565248489379883
2396,-10.605923652648926
2397,-1.822117805480957
2398,-3.6923322677612305
2399,-16.23564338684082
2400,-1.7419519424438477
2401,-3.8285293579101562
2402,-6.403294563293457
2403,-2.969416618347168
2404,-3.275357246398926
2405,-12.266629219055176
2406,-2.9421329498291016
2407,-3.3281641006469727
2408,-9.927484512329102
2409,-0.718684196472168
2410,-2.2047510147094727
2411,-20.383638381958008
2412,0.012949943542480469
2413,-2.4839229583740234
2414,-0.4498410224914551
2415,3.136601448059082
2416,0.054009437561035156
2417,-21.10902214050293
2418,3.5450124740600586
2419,-0.3578834533691406
2420,1.7187957763671875
2421,6.482359886169434
2422,1.630894660949707
2423,-17.98102378845215
2424,5.499154090881348
2425,1.3548192977905273
2426,0.3076601028442383
2427,7.501233100891113
2428,2.0659055709838867
2429,-19.4482364654541
2430,6.083224296569824
2431,1.754258155822754
2432,0.6526780128479004
2433,7.4964399337768555
2434,2.078738212585449
2435,-19.46131134033203
2436,5.806977272033691
2437,1.798222541809082
2438,-2.0841257572174072
2439,7.0050764083862305
2440,1.9667787551879883
2441,-17.909637451171875
2442,5.671704292297363
2443,1.6758699417114258
2444,-0.5660784244537354
2445,3.5841073989868164
2446,1.8137617111206055
2447,-10.94161605834961
2448,3.4948549270629883
2449,1.3963823318481445
2450,2.297980308532715
2451,-0.9089927673339844
2452,4.240674018859863
2453,-9.606548309326172
2454,-0.7181062698364258
2455,3.5224733352661133
2456,4.332927703857422
2457,1.7557048797607422
2458,7.307705879211426
2459,-1.8867340087890625
2460,2.5662736892700195
2461,5.640578269958496
2462,14.215728759765625
2463,2.636216163635254
2464,7.891301155090332
2465,-1.0685832500457764
2466,3.7802228927612305
2467,5.8598737716674805
2468,15.237289428710938
2469,-1.4169988632202148
2470,8.022713661193848
2471,-2.024354934692383
2472,0.8904552459716797
2473,6.812695503234863
2474,16.057859420776367
2475,-3.2290830612182617
2476,-3.5881099700927734
2477,-10.570707321166992
2478,-2.7718982696533203
2479,-3.8522911071777344
2480,-12.182962417602539
2481,-2.698831558227539
2482,-3.837550163269043
2483,-12.183069229125977
2484,-2.6391448974609375
2485,-3.816838264465332
2486,-12.180384635925293
2487,-2.739248275756836
2488,-3.87888240814209
2489,-10.162675857543945
2490,-2.643012046813965
2491,-3.881585121154785
2492,-10.159753799438477
2493,-2.563182830810547
2494,-3.880788803100586
2495,-10.163695335388184
2496,-1.7946653366088867
2497,-3.659783363342285
2498,-16.017444610595703
2499,-1.6563873291015625
2500,-3.758871078491211
2501,-6.771833419799805
2502,-2.8736572265625
2503,-3.2836246490478516
2504,-11.816550254821777
2505,-2.837505340576172
2506,-3.316347122192383
2507,-9.413313865661621
2508,-0.9430227279663086
2509,-2.098240852355957
2510,-19.831241607666016
2511,-0.28934669494628906
2512,-2.3301496505737305
2513,-0.9345800876617432
2514,3.2761659622192383
2515,0.014676094055175781
2516,-19.48008155822754
2517,3.4910764694213867
2518,-0.2912178039550781
2519,1.091881275177002
2520,6.5151872634887695
2521,1.5982027053833008
2522,-16.099124908447266
2523,5.306536674499512
2524,1.3614206314086914
2525,-0.3451220989227295
2526,7.311345100402832
2527,1.8600034713745117
2528,-17.41006088256836
2529,5.868237495422363
2530,1.7826242446899414
2531,0.011285781860351562
2532,7.307496070861816
2533,1.8530511856079102
2534,-17.35637092590332
2535,5.690691947937012
2536,1.7989015579223633
2537,-1.6452248096466064
2538,6.9188737869262695
2539,1.8168878555297852
2540,-15.95487117767334
2541,5.530819892883301
2542,1.6695966720581055
2543,-0.9846501350402832
2544,3.7880144119262695
2545,1.8389768600463867
2546,-10.840734481811523
2547,4.037367820739746
2548,1.3948774337768555
2549,2.2076144218444824
2550,-1.163477897644043
2551,4.331904411315918
2552,-5.160336494445801
2553,0.7046642303466797
2554,2.459092140197754
2555,6.667939186096191
2556,1.6561784744262695
2557,7.296128273010254
2558,4.3476667404174805
2559,6.961535453796387
2560,3.3547983169555664
2561,16.23676872253418
2562,2.5756540298461914
2563,7.838763236999512
2564,5.503262519836426
2565,8.313979148864746
2566,3.362175941467285
2567,17.25310516357422
2568,-1.4084844589233398
2569,8.018914222717285
2570,5.838432312011719
2571,6.465935707092285
2572,4.094775199890137
2573,16.389957427978516
2574,-3.515580177307129
2575,-2.96005916595459
2576,-10.016119003295898
2577,-2.974390983581543
2578,-3.1768836975097656
2579,-11.544214248657227
2580,-2.896207809448242
2581,-3.1581897735595703
2582,-11.547418594360352
2583,-2.7722902297973633
2584,-3.166203498840332
2585,-11.553779602050781
2586,-2.892451286315918
2587,-3.2480087280273438
2588,-9.475957870483398
2589,-2.7923402786254883
2590,-3.2638473510742188
2591,-9.471330642700195
2592,-2.7080020904541016
2593,-3.2783756256103516
2594,-9.474823951721191
2595,-1.9776716232299805
2596,-3.00350284576416
2597,-15.745885848999023
2598,-1.7788772583007812
2599,-3.1902694702148438
2600,-6.417119979858398
2601,-3.1300477981567383
2602,-2.661985397338867
2603,-11.42869758605957
2604,-3.0443506240844727
2605,-2.7147140502929688
2606,-8.880793571472168
2607,-0.9788522720336914
2608,-1.5535173416137695
2609,-19.56540298461914
2610,-0.18424320220947266
2611,-1.9072179794311523
2612,-1.0364720821380615
2613,4.363791465759277
2614,-0.010561943054199219
2615,-19.87826156616211
2616,4.595364570617676
2617,-0.5386457443237305
2618,0.5240011215209961
2619,7.882748603820801
2620,0.9594907760620117
2621,-19.289989471435547
2622,8.134696006774902
2623,0.8731489181518555
2624,-1.8435440063476562
2625,8.799059867858887
2626,1.113499641418457
2627,-20.93663215637207
2628,9.319170951843262
2629,1.2584619522094727
2630,-1.8990631103515625
2631,8.7839937210083
2632,1.0891523361206055
2633,-20.99542999267578
2634,8.970118522644043
2635,1.276595115661621
2636,-2.9488019943237305
2637,8.616631507873535
2638,1.0539464950561523
2639,-19.308658599853516
2640,8.693259239196777
2641,1.1764345169067383
2642,-2.4123570919036865
2643,4.103529930114746
2644,2.1594457626342773
2645,-10.904407501220703
2646,4.062445640563965
2647,1.773015022277832
2648,2.2670488357543945
2649,-1.3405609130859375
2650,4.491700172424316
2651,-5.631325721740723
2652,-0.6374998092651367
2653,3.74916934967041
2654,6.788190841674805
2655,1.6419696807861328
2656,7.296845436096191
2657,4.5332183837890625
2658,5.676487922668457
2659,5.852866172790527
2660,16.69933319091797
2661,2.5794973373413086
2662,7.83821964263916
2663,5.647357940673828
2664,7.8440446853637695
2665,5.959597587585449
2666,18.283628463745117
2667,-1.3982439041137695
2668,8.074240684509277
2669,4.800196647644043
2670,4.996920585632324
2671,6.835684776306152
2672,18.398361206054688
2673,-3.6695117950439453
2674,-2.691370964050293
2675,-10.214954376220703
2676,-3.1882400512695312
2677,-2.967081069946289
2678,-11.602790832519531
2679,-3.1040515899658203
2680,-2.9585838317871094
2681,-11.60653305053711
2682,-3.0105209350585938
2683,-2.947756767272949
2684,-11.613733291625977
2685,-3.1564788818359375
2686,-2.999567985534668
2687,-9.655866622924805
2688,-3.0642642974853516
2689,-3.0135765075683594
2690,-9.652597427368164
2691,-2.9859132766723633
2692,-3.020401954650879
2693,-9.657150268554688
2694,-2.127208709716797
2695,-2.856189727783203
2696,-15.603341102600098
2697,-2.0400190353393555
2698,-2.9704484939575195
2699,-6.727906227111816
2700,-3.2322282791137695
2701,-2.4018993377685547
2702,-11.439969062805176
2703,-3.2094011306762695
2704,-2.4272470474243164
2705,-8.992485046386719
2706,-0.9573745727539062
2707,-1.4024324417114258
2708,-19.407062530517578
2709,-0.27472877502441406
2710,-1.8616466522216797
2711,-1.479175090789795
2712,4.487835884094238
2713,0.08745479583740234
2714,-19.86733055114746
2715,5.082959175109863
2716,-0.5884313583374023
2717,0.5741009712219238
2718,8.365950584411621
2719,0.9759988784790039
2720,-19.38378143310547
2721,8.20011043548584
2722,0.6925897598266602
2723,-1.1167213916778564
2724,9.199936866760254
2725,1.083003044128418
2726,-20.99683952331543
2727,9.21243953704834
2728,1.169539451599121
2729,-0.9907433986663818
2730,9.199740409851074
2731,1.0288991928100586
2732,-20.98318099975586
2733,8.994650840759277
2734,1.221980094909668
2735,-2.1277620792388916
2736,9.02559757232666
2737,0.9992856979370117
2738,-19.372621536254883
2739,8.684561729431152
2740,0.9317331314086914
2741,-1.6881649494171143
2742,4.161467552185059
2743,2.341519355773926
2744,-10.79910659790039
2745,3.9174890518188477
2746,1.8704423904418945
2747,2.1605892181396484
2748,-1.3874053955078125
2749,4.6213274002075195
2750,-4.332759380340576
2751,-1.0671958923339844
2752,4.040205955505371
2753,6.96743106842041
2754,1.6715688705444336
2755,7.34494686126709
2756,6.258943557739258
2757,3.559506416320801
2758,6.487360954284668
2759,17.974224090576172
2760,2.625332832336426
2761,7.86751651763916
2762,7.350558280944824
2763,5.109890937805176
2764,6.784600257873535
2765,19.661022186279297
2766,-1.3703784942626953
2767,8.103547096252441
2768,6.359516143798828
2769,1.3744325637817383
2770,7.142142295837402
2771,20.19321632385254
2772,-3.5572738647460938
2773,-2.1503000259399414
2774,-0.9960334300994873
2775,-2.983928680419922
2776,-2.4197092056274414
2777,-2.8842718601226807
2778,-2.8830766677856445
2779,-2.3900442123413086
2780,-2.885387659072876
2781,-2.8009700775146484
2782,-2.359919548034668
2783,-2.8925013542175293
2784,-3.0265750885009766
2785,-2.485279083251953
2786,-1.528573751449585
2787,-2.9959583282470703
2788,-2.5369796752929688
2789,-1.5258896350860596
2790,-2.908555030822754
2791,-2.550985336303711
2792,-1.5290963649749756
2793,-2.1074323654174805
2794,-2.1995086669921875
2795,-9.204992294311523
2796,-1.8588628768920898
2797,-2.454082489013672
2798,-3.072150707244873
2799,-3.0543947219848633
2800,-1.8609533309936523
2801,-3.058000087738037
2802,-3.1649417877197266
2803,-1.9542522430419922
2804,-1.3145101070404053
2805,-1.312586784362793
2806,-0.8844318389892578
2807,-14.754578590393066
2808,0.3974485397338867
2809,-1.329793930053711
2810,-1.2122714519500732
2811,3.77333927154541
2812,0.20588302612304688
2813,-17.839122772216797
2814,5.877589225769043
2815,-0.504582405090332
2816,-0.3569779396057129
2817,7.687119483947754
2818,0.5395784378051758
2819,-19.2973575592041
2820,9.2481050491333
2821,0.5530843734741211
2822,-3.9870190620422363
2823,8.433905601501465
2824,0.7461977005004883
2825,-20.794681549072266
2826,10.018448829650879
2827,0.9949922561645508
2828,-4.555198669433594
2829,8.407570838928223
2830,0.6255865097045898
2831,-20.9913330078125
2832,10.107949256896973
2833,1.0971689224243164
2834,-5.022570610046387
2835,8.387347221374512
2836,0.5962753295898438
2837,-19.466264724731445
2838,9.8770170211792
2839,0.8202390670776367
2840,-4.387811183929443
2841,4.0266828536987305
2842,3.0193395614624023
2843,-10.80908203125
2844,4.488593101501465
2845,2.469496726989746
2846,2.1660852432250977
2847,-1.8131561279296875
2848,4.771166801452637
2849,-5.024623870849609
2850,-1.3066291809082031
2851,4.21701717376709
2852,7.8315582275390625
2853,1.6716337203979492
2854,7.375845909118652
2855,2.600691795349121
2856,2.4145355224609375
2857,6.393242835998535
2858,18.024503707885742
2859,2.6227235794067383
2860,7.862105369567871
2861,2.972949504852295
2862,3.961667060852051
2863,6.605284690856934
2864,19.219371795654297
2865,-1.1727933883666992
2866,8.269965171813965
2867,1.662764072418213
2868,1.0328397750854492
2869,7.401301383972168
2870,20.180614471435547
2871,-3.0798730850219727
2872,-2.298604965209961
2873,-1.6250419616699219
2874,-2.8167123794555664
2875,-2.5629825592041016
2876,-3.1888961791992188
2877,-2.815554618835449
2878,-2.491604804992676
2879,-3.191579818725586
2880,-2.692699432373047
2881,-2.450739860534668
2882,-3.198594570159912
2883,-2.706857681274414
2884,-2.6267852783203125
2885,-2.180612802505493
2886,-2.6895580291748047
2887,-2.6417083740234375
2888,-2.1782586574554443
2889,-2.6325979232788086
2890,-2.6451025009155273
2891,-2.183112621307373
2892,-2.038182258605957
2893,-2.249997138977051
2894,-8.280750274658203
2895,-1.730025291442871
2896,-2.5259037017822266
2897,-3.748798131942749
2898,-2.695439338684082
2899,-1.997549057006836
2900,-3.178123712539673
2901,-2.638167381286621
2902,-2.044358253479004
2903,-1.9199559688568115
2904,-1.4146785736083984
2905,-0.8084030151367188
2906,-13.589674949645996
2907,0.4491767883300781
2908,-1.2054624557495117
2909,-1.2049353122711182
2910,4.111977577209473
2911,0.101715087890625
2912,-15.492000579833984
2913,5.818484306335449
2914,-0.5785627365112305
2915,-0.015490055084228516
2916,8.662421226501465
2917,0.3917694091796875
2918,-17.917898178100586
2919,9.346447944641113
2920,0.5137243270874023
2921,-2.526787281036377
2922,9.642073631286621
2923,0.6120786666870117
2924,-19.417617797851562
2925,10.696824073791504
2926,0.9201211929321289
2927,-2.811736583709717
2928,9.815695762634277
2929,0.5624198913574219
2930,-19.175048828125
2931,10.59311580657959
2932,1.087855339050293
2933,-3.5201730728149414
2934,9.568644523620605
2935,0.5890188217163086
2936,-17.73699188232422
2937,9.89925479888916
2938,0.7051191329956055
2939,-2.964468240737915
2940,4.020285606384277
2941,2.943547248840332
2942,-10.567811965942383
2943,4.583792686462402
2944,2.426079750061035
2945,1.9170784950256348
2946,-1.7800521850585938
2947,4.820639610290527
2948,-4.31077241897583
2949,-1.378911018371582
2950,4.349600791931152
2951,6.920381546020508
2952,1.6728525161743164
2953,7.431181907653809
2954,5.561046600341797
2955,1.8893146514892578
2956,6.723919868469238
2957,17.82387351989746
2958,2.6644716262817383
2959,7.903717994689941
2960,6.693987846374512
2961,3.0497312545776367
2962,6.8184404373168945
2963,18.975862503051758
2964,-1.1800155639648438
2965,8.283431053161621
2966,6.502289772033691
2967,0.3174142837524414
2968,7.536599159240723
2969,19.636821746826172
2970,-2.680784225463867
2971,-2.215071678161621
2972,-1.8434653282165527
2973,-2.7243404388427734
2974,-2.478351593017578
2975,-3.4653286933898926
2976,-2.7748899459838867
2977,-2.4429922103881836
2978,-3.4682111740112305
2979,-2.6548404693603516
2980,-2.4075851440429688
2981,-3.4755358695983887
2982,-2.3740243911743164
2983,-2.5883846282958984
2984,-2.274599075317383
2985,-2.3650760650634766
2986,-2.5991029739379883
2987,-2.272444009780884
2988,-2.335516929626465
2989,-2.602358818054199
2990,-2.2770962715148926
2991,-1.9595718383789062
2992,-2.212151527404785
2993,-8.517732620239258
2994,-1.6933422088623047
2995,-2.483689308166504
2996,-3.315659523010254
2997,-2.5565195083618164
2998,-1.8940839767456055
2999,-3.3851547241210938
3000,-2.262679100036621
3001,-2.049197196960449
3002,-1.8810055255889893
3003,-1.5112638473510742
3004,-0.8063907623291016
3005,-13.573444366455078
3006,0.5373315811157227
3007,-1.1597309112548828
3008,-0.5913593769073486
3009,3.8658647537231445
3010,0.0099334716796875
3011,-15.216998100280762
3012,5.605231285095215
3013,-0.47649288177490234
3014,0.7132129669189453
3015,7.7703142166137695
3016,0.2571744918823242
3017,-17.009334564208984
3018,8.858635902404785
3019,0.4821147918701172
3020,-1.8831229209899902
3021,8.757328987121582
3022,0.3576316833496094
3023,-18.407394409179688
3024,10.216172218322754
3025,0.8365755081176758
3026,-1.5696556568145752
3027,8.944334983825684
3028,0.27053165435791016
3029,-18.305068969726562
3030,10.040650367736816
3031,1.015751838684082
3032,-3.293316602706909
3033,8.468819618225098
3034,0.2855358123779297
3035,-16.90053939819336
3036,9.209174156188965
3037,0.6335344314575195
3038,-2.9431519508361816
3039,3.888983726501465
3040,2.9828176498413086
3041,-10.5615816116333
3042,4.4204912185668945
3043,2.5126256942749023
3044,1.9105315208435059
3045,-1.7958450317382812
3046,4.871136665344238
3047,-4.59718656539917
3048,-1.4887323379516602
3049,4.374655723571777
3050,7.323638916015625
3051,1.6675777435302734
3052,7.447121620178223
3053,4.794083595275879
3054,1.5151853561401367
3055,6.578845024108887
3056,17.65500831604004
3057,2.6630983352661133
3058,7.899626731872559
3059,5.965890884399414
3060,2.6694135665893555
3061,6.728436470031738
3062,18.697021484375
3063,-1.194676399230957
3064,8.303780555725098
3065,6.03713321685791
3066,0.1925973892211914
3067,7.513455390930176
3068,19.31414222717285
3069,-2.537220001220703
3070,-1.7507505416870117
3071,0.09160137176513672
3072,-2.643064498901367
3073,-1.9548702239990234
3074,-1.8483107089996338
3075,-2.668163299560547
3076,-1.9135217666625977
3077,-1.848445177078247
3078,-2.566335678100586
3079,-1.8474559783935547
3080,-1.8551974296569824
3081,-2.35019588470459
3082,-2.0632104873657227
3083,-0.688483476638794
3084,-2.3171091079711914
3085,-2.079294204711914
3086,-0.6871612071990967
3087,-2.2353782653808594
3088,-2.070676803588867
3089,-0.6894862651824951
3090,-1.9177618026733398
3091,-1.6266050338745117
3092,-7.828230381011963
3093,-1.5836668014526367
3094,-1.9406003952026367
3095,-2.6064484119415283
3096,-2.52376651763916
3097,-1.4202070236206055
3098,-1.8198027610778809
3099,-2.102741241455078
3100,-1.5257797241210938
3101,-0.32563185691833496
3102,-1.4417428970336914
3103,-0.31232452392578125
3104,-12.72697925567627
3105,1.2181825637817383
3106,-0.9804782867431641
3107,-0.7098579406738281
3108,3.566868782043457
3109,0.5136594772338867
3110,-16.395545959472656
3111,6.151341438293457
3112,-0.38091564178466797
3113,-1.9687366485595703
3114,6.898226737976074
3115,0.26801395416259766
3116,-21.677539825439453
3117,9.436774253845215
3118,0.4482421875
3119,-7.83642578125
3120,7.884690284729004
3121,0.36205577850341797
3122,-23.635391235351562
3123,10.151732444763184
3124,0.7939929962158203
3125,-8.956161499023438
3126,8.0657377243042
3127,0.23237991333007812
3128,-24.1580810546875
3129,10.06830883026123
3130,0.9348516464233398
3131,-9.403995513916016
3132,7.861485481262207
3133,0.2685232162475586
3134,-22.106334686279297
3135,9.464749336242676
3136,0.4968547821044922
3137,-8.271944999694824
3138,4.079678535461426
3139,3.465867042541504
3140,-10.59716510772705
3141,4.829525947570801
3142,2.72298526763916
3143,1.9451684951782227
3144,-2.0614280700683594
3145,4.904475212097168
3146,-7.018840789794922
3147,-1.63800048828125
3148,4.236477851867676
3149,7.595771789550781
3150,1.710357666015625
3151,7.4837446212768555
3152,-0.043741703033447266
3153,1.2177648544311523
3154,6.330183982849121
3155,16.255420684814453
3156,2.7117223739624023
3157,7.898921012878418
3158,1.0166702270507812
3159,2.3708906173706055
3160,6.524880409240723
3161,16.93267822265625
3162,-1.1703367233276367
3163,8.39062786102295
3164,3.0620555877685547
3165,-0.020778656005859375
3166,7.328402519226074
3167,17.55409812927246
3168,-2.843878746032715
3169,-1.398681640625
3170,-1.005183458328247
3171,-2.6578168869018555
3172,-1.6052179336547852
3173,-3.575401782989502
3174,-2.641049385070801
3175,-1.5827436447143555
3176,-3.577221393585205
3177,-2.5525407791137695
3178,-1.5515775680541992
3179,-3.5824217796325684
3180,-2.5169639587402344
3181,-1.676025390625
3182,-2.2468369007110596
3183,-2.3951663970947266
3184,-1.715794563293457
3185,-2.2434675693511963
3186,-2.313863754272461
3187,-1.7252111434936523
3188,-2.245543956756592
3189,-1.862370491027832
3190,-1.4098167419433594
3191,-9.88232135772705
3192,-1.5249834060668945
3193,-1.6151161193847656
3194,-3.4817709922790527
3195,-2.634187698364258
3196,-1.1217145919799805
3197,-3.451789140701294
3198,-2.4470901489257812
3199,-1.1613073348999023
3200,-1.7980477809906006
3201,-1.2459144592285156
3202,-0.05037117004394531
3203,-14.697460174560547
3204,0.7279911041259766
3205,-0.6250734329223633
3206,-0.37266087532043457
3207,4.479924201965332
3208,1.068690299987793
3209,-16.744281768798828
3210,5.465819358825684
3211,0.31709861755371094
3212,0.14987468719482422
3213,7.138970375061035
3214,1.4403600692749023
3215,-19.963111877441406
3216,7.744996070861816
3217,1.2613115310668945
3218,-0.4162609577178955
3219,7.859435081481934
3220,1.4669370651245117
3221,-21.05315399169922
3222,8.356478691101074
3223,1.516829490661621
3224,-0.43003320693969727
3225,7.7773237228393555
3226,1.348862648010254
3227,-21.825538635253906
3228,8.172383308410645
3229,1.5338163375854492
3230,-0.7672858238220215
3231,7.623579978942871
3232,1.3393983840942383
3233,-20.761821746826172
3234,7.876229286193848
3235,1.390885353088379
3236,-0.684323787689209
3237,4.479523658752441
3238,3.51126766204834
3239,-10.703348159790039
3240,4.596968650817871
3241,2.8942079544067383
3242,2.053896427154541
3243,-2.0450143814086914
3244,4.901925086975098
3245,-8.944842338562012
3246,-1.9945735931396484
3247,4.425406455993652
3248,3.7751455307006836
3249,1.80145263671875
3250,7.518841743469238
3251,-1.8953020572662354
3252,1.244821548461914
3253,6.75632381439209
3254,11.29067611694336
3255,2.961636543273926
3256,7.955151557922363
3257,-0.905266523361206
3258,2.604355812072754
3259,6.613638877868652
3260,11.976766586303711
3261,-1.1262788772583008
3262,8.421782493591309
3263,1.1206674575805664
3264,-0.013510704040527344
3265,7.613783836364746
3266,13.393999099731445
3267,-3.007676124572754
3268,-1.2841176986694336
3269,-2.206608772277832
3270,-2.8660707473754883
3271,-1.4983234405517578
3272,-3.9459309577941895
3273,-2.8314971923828125
3274,-1.478327751159668
3275,-3.9468371868133545
3276,-2.6875457763671875
3277,-1.4872417449951172
3278,-3.9520089626312256
3279,-2.7098026275634766
3280,-1.5811548233032227
3281,-2.513416051864624
3282,-2.6170482635498047
3283,-1.5975732803344727
3284,-2.512319564819336
3285,-2.4592151641845703
3286,-1.5664262771606445
3287,-2.5173799991607666
3288,-2.0565481185913086
3289,-1.375814437866211
3290,-8.839606285095215
3291,-1.6305036544799805
3292,-1.5562267303466797
3293,-2.344646453857422
3294,-2.695624351501465
3295,-1.0594615936279297
3296,-3.8457937240600586
3297,-2.501376152038574
3298,-0.9346303939819336
3299,-1.9821784496307373
3300,-1.2264032363891602
3301,-0.04630756378173828
3302,-13.26851749420166
3303,0.6461915969848633
3304,-0.6594600677490234
3305,0.0756678581237793
3306,3.5169973373413086
3307,1.289118766784668
3308,-16.921335220336914
3309,5.510554313659668
3310,0.5581932067871094
3311,1.5600872039794922
3312,5.483914375305176
3313,1.176457405090332
3314,-19.1113224029541
3315,7.7045183181762695
3316,1.2801542282104492
3317,2.3313722610473633
3318,6.280270576477051
3319,1.1889352798461914
3320,-20.35040855407715
3321,8.214303016662598
3322,1.6582975387573242
3323,2.308777332305908
3324,6.434876441955566
3325,0.9464921951293945
3326,-20.567174911499023
3327,7.856032371520996
3328,1.6413049697875977
3329,1.944185733795166
3330,6.123549461364746
3331,0.9477128982543945
3332,-19.386991500854492
3333,7.716782569885254
3334,1.371506690979004
3335,2.0792183876037598
3336,4.555190086364746
3337,3.5626211166381836
3338,-10.673237800598145
3339,4.757983207702637
3340,2.8749494552612305
3341,2.024799346923828
3342,-2.1346254348754883
3343,4.99240779876709
3344,-8.821736335754395
3345,-2.0395736694335938
3346,4.473811149597168
3347,4.585934638977051
3348,1.8154125213623047
3349,7.587958335876465
3350,-2.1348633766174316
3351,1.2651138305664062
3352,6.8170976638793945
3353,12.147199630737305
3354,3.0942792892456055
3355,8.067809104919434
3356,-1.2040472030639648
3357,2.6584272384643555
3358,6.6057939529418945
3359,12.842432022094727
3360,-1.09967041015625
3361,8.480875968933105
3362,0.18885231018066406
3363,0.0035161972045898438
3364,7.627690315246582
3365,14.000764846801758
3366,-2.978761672973633
3367,-1.5355663299560547
3368,-8.678030014038086
3369,-2.7890625
3370,-1.7042474746704102
3371,-9.828819274902344
3372,-2.796092987060547
3373,-1.7025642395019531
3374,-9.83157730102539
3375,-2.659280776977539
3376,-1.686655044555664
3377,-9.837433815002441
3378,-2.6335906982421875
3379,-1.7485361099243164
3380,-8.043451309204102
3381,-2.5383424758911133
3382,-1.7557363510131836
3383,-8.042502403259277
3384,-2.4041099548339844
3385,-1.7497243881225586
3386,-8.044831275939941
3387,-2.0203380584716797
3388,-1.5572576522827148
3389,-12.252962112426758
3390,-1.5719413757324219
3391,-1.6802082061767578
3392,-4.339968681335449
3393,-2.6598825454711914
3394,-1.283823013305664
3395,-9.496925354003906
3396,-2.5371923446655273
3397,-1.290452003479004
3398,-7.198976039886475
3399,-0.7290153503417969
3400,-0.018672943115234375
3401,-15.651139259338379
3402,0.4063987731933594
3403,-0.39698314666748047
3404,0.07427167892456055
3405,4.294548988342285
3406,1.4305963516235352
3407,-17.129697799682617
3408,5.142998695373535
3409,1.254694938659668
3410,2.14918851852417
3411,6.334708213806152
3412,2.641472816467285
3413,-15.956426620483398
3414,7.525710105895996
3415,2.615025520324707
3416,1.6311941146850586
3417,7.3984880447387695
3418,2.928288459777832
3419,-16.814027786254883
3420,8.175263404846191
3421,2.9977102279663086
3422,1.766927719116211
3423,7.171156883239746
3424,2.9659337997436523
3425,-17.084875106811523
3426,7.634356498718262
3427,3.0232362747192383
3428,0.8574657440185547
3429,6.882176399230957
3430,2.883175849914551
3431,-16.016189575195312
3432,7.560956001281738
3433,2.886202812194824
3434,1.193727970123291
3435,4.933426856994629
3436,3.5476770401000977
3437,-10.712461471557617
3438,4.722123146057129
3439,3.049008369445801
3440,2.066774368286133
3441,-2.2133216857910156
3442,4.9846296310424805
3443,-10.901263236999512
3444,-2.1315221786499023
3445,4.549670219421387
3446,3.452894687652588
3447,1.8145771026611328
3448,7.595751762390137
3449,-3.8880815505981445
3450,1.31658935546875
3451,6.710536003112793
3452,8.439793586730957
3453,3.0704870223999023
3454,8.10628604888916
3455,-2.9613218307495117
3456,3.5089406967163086
3457,6.487492561340332
3458,8.923727035522461
3459,-1.0964727401733398
3460,8.471779823303223
3461,-1.8594284057617188
3462,1.2430944442749023
3463,7.529837608337402
3464,10.0685396194458
3465,-2.982905387878418
3466,-1.5292072296142578
3467,-11.679071426391602
3468,-2.7283716201782227
3469,-1.6835212707519531
3470,-12.863988876342773
3471,-2.7353925704956055
3472,-1.666508674621582
3473,-12.866143226623535
3474,-2.6186065673828125
3475,-1.644120216369629
3476,-12.872629165649414
3477,-2.5947446823120117
3478,-1.7355127334594727
3479,-11.083078384399414
3480,-2.499506950378418
3481,-1.7460107803344727
3482,-11.082908630371094
3483,-2.379458427429199
3484,-1.753164291381836
3485,-11.085023880004883
3486,-1.9774723052978516
3487,-1.55010986328125
3488,-15.442110061645508
3489,-1.5253334045410156
3490,-1.6759395599365234
3491,-7.5661468505859375
3492,-2.64534854888916
3493,-1.2778959274291992
3494,-12.497434616088867
3495,-2.581437110900879
3496,-1.310861587524414
3497,-10.217025756835938
3498,-0.47540283203125
3499,0.11036205291748047
3500,-18.343647003173828
3501,0.05283927917480469
3502,-0.34695911407470703
3503,-1.7834622859954834
3504,4.691695213317871
3505,1.6103334426879883
3506,-17.795928955078125
3507,4.957390785217285
3508,1.360793113708496
3509,0.8209409713745117
3510,6.537894248962402
3511,3.1585798263549805
3512,-15.73233699798584
3513,7.205174446105957
3514,2.834620475769043
3515,0.07530498504638672
3516,7.261048316955566
3517,3.385745048522949
3518,-16.71249008178711
3519,7.996146202087402
3520,3.199343681335449
3521,0.39688777923583984
3522,7.247071266174316
3523,3.4973459243774414
3524,-17.01192283630371
3525,7.488930702209473
3526,3.2401018142700195
3527,-0.8516013622283936
3528,6.996750831604004
3529,3.3989458084106445
3530,-15.785138130187988
3531,7.129950523376465
3532,3.126906394958496
3533,-0.4873485565185547
3534,5.0012617111206055
3535,3.496151924133301
3536,-10.614704132080078
3537,4.568825721740723
3538,3.08858585357666
3539,1.972043514251709
3540,-2.3146486282348633
3541,4.936110496520996
3542,-10.858080863952637
3543,-2.158365249633789
3544,4.573582649230957
3545,3.9660987854003906
3546,1.8070192337036133
3547,7.5980634689331055
3548,-3.596717119216919
3549,2.505002021789551
3550,6.505633354187012
3551,9.3959379196167
3552,3.0626840591430664
3553,8.094857215881348
3554,-2.6727242469787598
3555,4.142472267150879
3556,6.41635799407959
3557,9.960864067077637
3558,-1.1059398651123047
3559,8.449545860290527
3560,-1.9774844646453857
3561,2.109375
3562,7.40602970123291
3563,11.178119659423828
3564,-2.078608512878418
3565,-1.7558422088623047
3566,-11.91507339477539
3567,-1.5578632354736328
3568,-1.9383697509765625
3569,-12.783607482910156
3570,-1.4992218017578125
3571,-1.91717529296875
3572,-12.785531044006348
3573,-1.4165639877319336
3574,-1.8950691223144531
3575,-12.788434028625488
3576,-1.5571069717407227
3577,-1.973719596862793
3578,-11.153402328491211
3579,-1.4985837936401367
3580,-1.979599952697754
3581,-11.153280258178711
3582,-1.4318008422851562
3583,-1.9814109802246094
3584,-11.154703140258789
3585,-0.8652057647705078
3586,-1.770111083984375
3587,-14.507391929626465
3588,-0.8944168090820312
3589,-1.855712890625
3590,-7.095598220825195
3591,-1.8530588150024414
3592,-1.473271369934082
3593,-12.290424346923828
3594,-2.084139823913574
3595,-1.4793882369995117
3596,-10.200382232666016
3597,-0.25692081451416016
3598,-0.10468769073486328
3599,-18.10805892944336
3600,0.07677555084228516
3601,-0.5504589080810547
3602,-1.2847654819488525
3603,4.4770097732543945
3604,1.8859357833862305
3605,-16.98993492126465
3606,2.8654603958129883
3607,1.4608259201049805
3608,1.249925136566162
3609,4.530919075012207
3610,3.2909250259399414
3611,-13.560728073120117
3612,3.6281538009643555
3613,2.8179731369018555
3614,-0.16809892654418945
3615,5.01682186126709
3616,3.5629358291625977
3617,-14.509880065917969
3618,3.993575096130371
3619,3.1633615493774414
3620,0.3042154312133789
3621,4.857024192810059
3622,3.533370018005371
3623,-14.507989883422852
3624,3.710721015930176
3625,3.1513376235961914
3626,-1.203221082687378
3627,4.678154945373535
3628,3.444888114929199
3629,-13.46731185913086
3630,3.6031904220581055
3631,3.05959415435791
3632,-0.8087306022644043
3633,4.764983177185059
3634,3.573880195617676
3635,-10.61778450012207
3636,4.379347801208496
3637,3.044337272644043
3638,1.9758219718933105
3639,-2.0670928955078125
3640,5.235976219177246
3641,-12.004678726196289
3642,-2.3262405395507812
3643,4.555464744567871
3644,4.899824142456055
3645,1.9313249588012695
3646,7.651434898376465
3647,-6.230358123779297
3648,1.8990898132324219
3649,6.386015892028809
3650,10.78888988494873
3651,3.1122426986694336
3652,8.1173734664917
3653,-5.538839340209961
3654,2.830470085144043
3655,6.364352226257324
3656,11.357014656066895
3657,-0.9334201812744141
3658,8.510071754455566
3659,-6.140746116638184
3660,1.8701868057250977
3661,7.251904487609863
3662,12.169906616210938
3663,-1.8206672668457031
3664,-1.6816225051879883
3665,-10.281189918518066
3666,-1.3981447219848633
3667,-1.9106245040893555
3668,-11.421789169311523
3669,-1.3583993911743164
3670,-1.899134635925293
3671,-11.423505783081055
3672,-1.3108491897583008
3673,-1.8842639923095703
3674,-11.42630386352539
3675,-1.348393440246582
3676,-1.946000099182129
3677,-9.772733688354492
3678,-1.2745494842529297
3679,-1.9591312408447266
3680,-9.772997856140137
3681,-1.2042655944824219
3682,-1.9661884307861328
3683,-9.7750883102417
3684,-0.6902542114257812
3685,-1.8174419403076172
3686,-14.231328010559082
3687,-0.6225614547729492
3688,-1.8932018280029297
3689,-6.8856611251831055
3690,-1.6332998275756836
3691,-1.4154176712036133
3692,-10.919584274291992
3693,-1.7008857727050781
3694,-1.4397048950195312
3695,-8.797146797180176
3696,-0.044838905334472656
3697,-0.28939342498779297
3698,-17.69056510925293
3699,0.11447715759277344
3700,-0.6621341705322266
3701,0.6825909614562988
3702,3.882765769958496
3703,1.331894874572754
3704,-23.523113250732422
3705,1.406106948852539
3706,0.8305425643920898
3707,11.012621879577637
3708,3.304368019104004
3709,2.0717287063598633
3710,-30.31102180480957
3711,0.8537769317626953
3712,1.3555517196655273
3713,18.693897247314453
3714,3.6068906784057617
3715,2.2526330947875977
3716,-32.675960540771484
3717,0.8745965957641602
3718,1.2262029647827148
3719,20.441089630126953
3720,3.26345157623291
3721,2.182366371154785
3722,-32.55377197265625
3723,0.6830282211303711
3724,1.1354246139526367
3725,19.140100479125977
3726,3.1662607192993164
3727,2.136490821838379
3728,-30.45184326171875
3729,0.626220703125
3730,1.267268180847168
3731,18.410079956054688
3732,4.637892723083496
3733,3.6665830612182617
3734,-11.035816192626953
3735,3.909916877746582
3736,3.106968879699707
3737,2.404676914215088
3738,-1.9709196090698242
3739,5.352940559387207
3740,-11.701431274414062
3741,-2.2456750869750977
3742,4.456925392150879
3743,5.875380516052246
3744,1.9544134140014648
3745,7.729596138000488
3746,-6.7145795822143555
3747,1.3209342956542969
3748,6.307930946350098
3749,11.47642993927002
3750,3.133517265319824
3751,8.116244316101074
3752,-6.002843856811523
3753,2.3388023376464844
3754,6.35579776763916
3755,12.292524337768555
3756,-0.8530893325805664
3757,8.55380916595459
3758,-6.439628601074219
3759,0.7439594268798828
3760,7.178391456604004
3761,13.415666580200195
3762,-1.5470075607299805
3763,-1.8908615112304688
3764,-10.069963455200195
3765,-1.1061573028564453
3766,-2.1548290252685547
3767,-11.454654693603516
3768,-1.0688667297363281
3769,-2.1417341232299805
3770,-11.458037376403809
3771,-1.0215263366699219
3772,-2.134976387023926
3773,-11.462411880493164
3774,-1.031357765197754
3775,-2.218067169189453
3776,-9.420495986938477
3777,-0.9455680847167969
3778,-2.240605354309082
3779,-9.420402526855469
3780,-0.8222064971923828
3781,-2.247507095336914
3782,-9.422760963439941
3783,-0.2869710922241211
3784,-2.058511734008789
3785,-14.959507942199707
3786,-0.0682821273803711
3787,-2.164752960205078
3788,-6.8526387214660645
3789,-1.4326095581054688
3790,-1.6292457580566406
3791,-11.108474731445312
3792,-1.4078369140625
3793,-1.6663532257080078
3794,-8.48118782043457
3795,0.2004528045654297
3796,-0.4640617370605469
3797,-19.533061981201172
3798,1.0791559219360352
3799,-0.7224006652832031
3800,1.413991928100586
3801,1.3571996688842773
3802,2.01962947845459
3803,-21.289384841918945
3804,0.6203365325927734
3805,1.2346887588500977
3806,6.603130340576172
3807,-1.8124818801879883
3808,3.8134164810180664
3809,-19.809677124023438
3810,-1.6609268188476562
3811,2.8700666427612305
3812,14.075439453125
3813,-2.1819000244140625
3814,4.1935529708862305
3815,-22.79311180114746
3816,-2.2392892837524414
3817,3.0132265090942383
3818,16.908706665039062
3819,-2.580000877380371
3820,4.055603981018066
3821,-21.067996978759766
3822,-2.488034248352051
3823,3.021407127380371
3824,11.482579231262207
3825,-2.509044647216797
3826,3.8504838943481445
3827,-19.053546905517578
3828,-2.275665283203125
3829,3.019251823425293
3830,17.40337562561035
3831,4.506621360778809
3832,3.5321455001831055
3833,-11.033116340637207
3834,4.618268013000488
3835,3.0734968185424805
3836,2.3977365493774414
3837,-2.3144426345825195
3838,5.227736473083496
3839,-9.24341869354248
3840,-1.932744026184082
3841,4.424878120422363
3842,8.88072395324707
3843,1.9303827285766602
3844,7.722411155700684
3845,1.114576816558838
3846,1.3360414505004883
3847,6.415959358215332
3848,17.18492317199707
3849,3.124518394470215
3850,8.109911918640137
3851,2.431645393371582
3852,2.3404226303100586
3853,6.618462562561035
3854,18.146657943725586
3855,-0.8753757476806641
3856,8.500714302062988
3857,4.847816467285156
3858,0.11881256103515625
3859,7.246983528137207
3860,19.94676971435547
3861,-1.2639379501342773
3862,-2.084567070007324
3863,-9.367502212524414
3864,-0.868382453918457
3865,-2.3291921615600586
3866,-10.76608657836914
3867,-0.8267860412597656
3868,-2.3146677017211914
3869,-10.768959045410156
3870,-0.7817096710205078
3871,-2.3021230697631836
3872,-10.773268699645996
3873,-0.7909765243530273
3874,-2.3762998580932617
3875,-8.95648193359375
3876,-0.7002887725830078
3877,-2.3890609741210938
3878,-8.956615447998047
3879,-0.5966129302978516
3880,-2.391116142272949
3881,-8.96104621887207
3882,-0.0041484832763671875
3883,-2.190645217895508
3884,-14.374016761779785
3885,0.2054882049560547
3886,-2.2805652618408203
3887,-4.991988658905029
3888,-1.10150146484375
3889,-1.8105688095092773
3890,-10.459492683410645
3891,-1.065535545349121
3892,-1.8431406021118164
3893,-8.17336368560791
3894,0.6907196044921875
3895,-0.5882711410522461
3896,-18.9222412109375
3897,1.2294654846191406
3898,-0.7780141830444336
3899,2.378664493560791
3900,1.163238525390625
3901,1.795252799987793
3902,-21.21786117553711
3903,0.33313751220703125
3904,1.2582998275756836
3905,5.980693817138672
3906,-1.5449886322021484
3907,3.5923166275024414
3908,-16.008201599121094
3909,-2.242084503173828
3910,2.8534536361694336
3911,7.760396957397461
3912,-2.066758155822754
3913,3.7993574142456055
3914,-18.159576416015625
3915,-2.857145309448242
3916,2.9917383193969727
3917,9.189242362976074
3918,-2.499643325805664
3919,3.7501401901245117
3920,-17.05872344970703
3921,-2.9422311782836914
3922,2.999100685119629
3923,8.20666790008545
3924,-2.1930923461914062
3925,3.6692209243774414
3926,-15.481257438659668
3927,-2.741168975830078
3928,3.0181283950805664
3929,10.165760040283203
3930,4.653313636779785
3931,3.454878807067871
3932,-11.01685619354248
3933,4.615662574768066
3934,2.994074821472168
3935,2.379117488861084
3936,-2.153656005859375
3937,5.155648231506348
3938,-9.11258602142334
3939,-2.1155080795288086
3940,4.40639591217041
3941,8.061079025268555
3942,1.9252538681030273
3943,7.697602272033691
3944,0.4128546714782715
3945,-0.43386363983154297
3946,6.352808952331543
3947,15.829275131225586
3948,3.100815773010254
3949,8.102330207824707
3950,1.5564765930175781
3951,0.4159717559814453
3952,6.540471076965332
3953,16.703460693359375
3954,-0.8972358703613281
3955,8.47863483428955
3956,2.715975761413574
3957,-2.4489898681640625
3958,7.1213274002075195
3959,18.72553253173828
3960,-0.06206035614013672
3961,-2.483950614929199
3962,-12.135528564453125
3963,0.5856294631958008
3964,-2.6332454681396484
3965,-13.417893409729004
3966,0.6726932525634766
3967,-2.610361099243164
3968,-13.421585083007812
3969,0.7566614151000977
3970,-2.5920228958129883
3971,-13.425538063049316
3972,0.5962543487548828
3973,-2.6573362350463867
3974,-11.38532829284668
3975,0.6808376312255859
3976,-2.6490793228149414
3977,-11.387133598327637
3978,0.7622346878051758
3979,-2.643646240234375
3980,-11.38771915435791
3981,1.4823036193847656
3982,-2.3168859481811523
3983,-15.935150146484375
3984,1.453047752380371
3985,-2.376375198364258
3986,-6.635871887207031
3987,0.05267333984375
3988,-2.0855836868286133
3989,-12.883984565734863
3990,-0.0014352798461914062
3991,-2.1519651412963867
3992,-10.269630432128906
3993,1.5528669357299805
3994,-0.6916484832763672
3995,-20.244863510131836
3996,1.4557313919067383
3997,-0.9382438659667969
3998,1.399343490600586
3999,-1.5271930694580078
4000,1.3390798568725586
4001,-22.28760528564453
4002,-1.712996482849121
4003,1.161972999572754
4004,2.8796634674072266
4005,-6.701247692108154
4006,2.970311164855957
4007,-20.555654525756836
4008,-6.065456390380859
4009,1.4702825546264648
4010,-1.5671498775482178
4011,-7.8354105949401855
4012,2.6348466873168945
4013,-23.563745498657227
4014,-6.709985733032227
4015,1.011124610900879
4016,-1.7034847736358643
4017,-7.913060188293457
4018,2.0379037857055664
4019,-22.021427154541016
4020,-7.498786926269531
4021,1.0915136337280273
4022,-4.223820209503174
4023,-7.418367862701416
4024,2.04091739654541
4025,-20.022266387939453
4026,-6.949904441833496
4027,1.2136907577514648
4028,-2.4394845962524414
4029,4.5745744705200195
4030,3.3190317153930664
4031,-11.009031295776367
4032,4.524287223815918
4033,2.844130516052246
4034,2.3712992668151855
4035,-2.106935501098633
4036,5.104983329772949
4037,-12.354106903076172
4038,-2.0428218841552734
4039,4.385735511779785
4040,4.141833305358887
4041,1.9257869720458984
4042,7.734072685241699
4043,-5.904755115509033
4044,-0.15084075927734375
4045,6.545710563659668
4046,13.603891372680664
4047,3.1087636947631836
4048,8.160038948059082
4049,-5.09490966796875
4050,0.6796379089355469
4051,6.710251808166504
4052,14.683698654174805
4053,-0.9108104705810547
4054,8.504586219787598
4055,-4.561312675476074
4056,-1.506270408630371
4057,7.386563301086426
4058,16.086563110351562
4059,0.1152505874633789
4060,-2.695556640625
4061,-15.569689750671387
4062,0.7788839340209961
4063,-2.785191535949707
4064,-16.854694366455078
4065,0.8598651885986328
4066,-2.767460823059082
4067,-16.8583984375
4068,0.9326572418212891
4069,-2.7550363540649414
4070,-16.86136245727539
4071,0.7750167846679688
4072,-2.784881591796875
4073,-14.872171401977539
4074,0.8483295440673828
4075,-2.7657203674316406
4076,-14.87536334991455
4077,0.915156364440918
4078,-2.754880905151367
4079,-14.87679672241211
4080,1.6544103622436523
4081,-2.422112464904785
4082,-19.22361946105957
4083,1.6434650421142578
4084,-2.4280080795288086
4085,-10.368642807006836
4086,0.30886363983154297
4087,-2.2715330123901367
4088,-16.228595733642578
4089,0.26241493225097656
4090,-2.3482742309570312
4091,-13.663396835327148
4092,1.6385221481323242
4093,-0.7526607513427734
4094,-22.69993019104004
4095,1.4861907958984375
4096,-1.0206031799316406
4097,-2.7611899375915527
4098,-2.054640769958496
4099,1.0991945266723633
4100,-23.71636390686035
4101,-2.2222185134887695
4102,1.145094871520996
4103,-0.6600520610809326
4104,-7.172726154327393
4105,2.849991798400879
4106,-22.73735237121582
4107,-6.463498592376709
4108,1.1452245712280273
4109,-4.330254554748535
4110,-8.327733993530273
4111,2.2408533096313477
4112,-25.609071731567383
4113,-7.503375053405762
4114,0.8669195175170898
4115,-4.391369819641113
4116,-8.372308731079102
4117,1.4799432754516602
4118,-24.291194915771484
4119,-7.854833126068115
4120,0.8004159927368164
4121,-6.859078407287598
4122,-7.8998284339904785
4123,1.581406593322754
4124,-22.24776268005371
4125,-7.344322681427002
4126,0.8650503158569336
4127,-5.421478271484375
4128,4.497559547424316
4129,3.237318992614746
4130,-10.958370208740234
4131,4.413222312927246
4132,2.7575197219848633
4133,2.322789192199707
4134,-2.082010269165039
4135,5.073416709899902
4136,-11.409542083740234
4137,-1.9877872467041016
4138,4.359402656555176
4139,4.897810935974121
4140,1.9218921661376953
4141,7.740242958068848
4142,-4.812991619110107
4143,-0.058200836181640625
4144,6.523186683654785
4145,13.65291976928711
4146,3.092909812927246
4147,8.162705421447754
4148,-4.011866569519043
4149,0.7951536178588867
4150,6.7625322341918945
4151,15.164901733398438
4152,-0.912226676940918
4153,8.488852500915527
4154,-3.8840339183807373
4155,-1.2498645782470703
4156,7.3148908615112305
4157,17.195114135742188
4158,1.7470016479492188
4159,-3.2917261123657227
4160,-12.361420631408691
4161,2.681857109069824
4162,-3.2753782272338867
4163,-13.739724159240723
4164,2.763922691345215
4165,-3.24545955657959
4166,-13.742890357971191
4167,2.8310842514038086
4168,-3.217489242553711
4169,-13.746713638305664
4170,2.655909538269043
4171,-3.284585952758789
4172,-11.991737365722656
4173,2.7508974075317383
4174,-3.234722137451172
4175,-11.99333381652832
4176,2.80991268157959
4177,-3.2077932357788086
4178,-11.998820304870605
4179,3.278447151184082
4180,-2.8695526123046875
4181,-17.74140739440918
4182,3.144595146179199
4183,-2.869659423828125
4184,-7.351205825805664
4185,1.795161247253418
4186,-2.8914318084716797
4187,-13.3212890625
4188,1.7789678573608398
4189,-2.914401054382324
4190,-11.112361907958984
4191,2.002871513366699
4192,-1.284348487854004
4193,-20.902658462524414
4194,2.105428695678711
4195,-1.2984752655029297
4196,-0.03566598892211914
4197,-2.677048683166504
4198,-0.4583911895751953
4199,-21.949350357055664
4200,-2.491983413696289
4201,-0.68170166015625
4202,0.06675004959106445
4203,-7.258601665496826
4204,-1.3253974914550781
4205,-20.65833282470703
4206,-6.818443298339844
4207,-1.5265045166015625
4208,-2.5113325119018555
4209,-8.263189315795898
4210,-1.692056655883789
4211,-23.283239364624023
4212,-7.822854042053223
4213,-1.9979915618896484
4214,-2.8345136642456055
4215,-8.041468620300293
4216,-1.983663558959961
4217,-22.27915382385254
4218,-7.727182388305664
4219,-2.115668296813965
4220,-4.9691481590271
4221,-7.671788692474365
4222,-1.8805732727050781
4223,-20.3612003326416
4224,-7.434256076812744
4225,-1.901902198791504
4226,-3.571280002593994
4227,4.372244834899902
4228,3.0187273025512695
4229,-11.111831665039062
4230,4.377968788146973
4231,2.752751350402832
4232,2.4753246307373047
4233,-2.1376819610595703
4234,5.071988105773926
4235,-11.561893463134766
4236,-1.9438915252685547
4237,4.319136619567871
4238,5.086945533752441
4239,1.919088363647461
4240,7.728772163391113
4241,-4.905099391937256
4242,0.22069644927978516
4243,6.599337577819824
4244,14.356513977050781
4245,3.080441474914551
4246,8.154129981994629
4247,-4.017397403717041
4248,1.2250404357910156
4249,6.876530647277832
4250,15.950485229492188
4251,-0.9496440887451172
4252,8.51073169708252
4253,-4.040924549102783
4254,-1.1551170349121094
4255,7.312088966369629
4256,17.17564582824707
4257,1.9077949523925781
4258,-3.4095325469970703
4259,-11.190067291259766
4260,2.6534109115600586
4261,-3.4439697265625
4262,-12.552988052368164
4263,2.7167749404907227
4264,-3.4142370223999023
4265,-12.555608749389648
4266,2.7900514602661133
4267,-3.3719892501831055
4268,-12.559514999389648
4269,2.684290885925293
4270,-3.4499969482421875
4271,-10.81944465637207
4272,2.7686986923217773
4273,-3.415159225463867
4274,-10.820178985595703
4275,2.844794273376465
4276,-3.3917102813720703
4277,-10.826128005981445
4278,3.279543876647949
4279,-3.0280370712280273
4280,-17.45613670349121
4281,3.333285331726074
4282,-3.0527420043945312
4283,-6.037552356719971
4284,1.8127870559692383
4285,-3.025801658630371
4286,-12.17536735534668
4287,1.8394393920898438
4288,-3.042365074157715
4289,-9.956092834472656
4290,2.114673614501953
4291,-1.423614501953125
4292,-20.16053009033203
4293,2.487299919128418
4294,-1.4220685958862305
4295,0.26200246810913086
4296,-3.2185144424438477
4297,-0.912384033203125
4298,-21.360502243041992
4299,-2.626021385192871
4300,-1.0811424255371094
4301,0.8745236396789551
4302,-7.556430339813232
4303,-1.8658905029296875
4304,-19.785066604614258
4305,-7.075112342834473
4306,-1.8769702911376953
4307,-2.8791046142578125
4308,-8.48092269897461
4309,-2.2114791870117188
4310,-22.32063865661621
4311,-7.865402698516846
4312,-2.4080429077148438
4313,-3.2178192138671875
4314,-8.151844024658203
4315,-2.4324140548706055
4316,-21.314029693603516
4317,-7.743744850158691
4318,-2.495142936706543
4319,-5.38951301574707
4320,-7.914750576019287
4321,-2.3281307220458984
4322,-19.565898895263672
4323,-7.557176113128662
4324,-2.3036680221557617
4325,-3.986377716064453
4326,4.2258195877075195
4327,2.892758369445801
4328,-10.997337341308594
4329,4.047459602355957
4330,2.7249250411987305
4331,2.3620901107788086
4332,-2.1081390380859375
4333,5.045344352722168
4334,-12.082586288452148
4335,-1.991166114807129
4336,4.300784111022949
4337,2.2692980766296387
4338,1.9170951843261719
4339,7.762255668640137
4340,-6.026427268981934
4341,0.325408935546875
4342,6.662327766418457
4343,11.510112762451172
4344,3.077692985534668
4345,8.154181480407715
4346,-5.243813514709473
4347,1.2745351791381836
4348,6.91104793548584
4349,12.660503387451172
4350,-0.9587974548339844
4351,8.545710563659668
4352,-5.485232353210449
4353,-1.0833730697631836
4354,7.402270317077637
4355,12.969030380249023
4356,3.372330665588379
4357,-4.198150634765625
4358,-7.379449844360352
4359,4.090937614440918
4360,-4.06657600402832
4361,-8.387811660766602
4362,4.154875755310059
4363,-4.012779235839844
4364,-8.388862609863281
4365,4.209515571594238
4366,-3.963817596435547
4367,-8.39305305480957
4368,4.067727088928223
4369,-4.082281112670898
4370,-6.547900199890137
4371,4.123452186584473
4372,-4.03834342956543
4373,-6.546141624450684
4374,4.1690473556518555
4375,-4.005519866943359
4376,-6.543239593505859
4377,4.403548240661621
4378,-3.5482969284057617
4379,-11.198846817016602
4380,4.33444881439209
4381,-3.6157026290893555
4382,-2.3246915340423584
4383,3.0421648025512695
4384,-3.8709306716918945
4385,-8.239431381225586
4386,2.9682836532592773
4387,-3.895871162414551
4388,-5.861548900604248
4389,2.4451684951782227
4390,-2.144009590148926
4391,-15.965837478637695
4392,2.5924673080444336
4393,-2.0403709411621094
4394,3.5130414962768555
4395,-2.5176868438720703
4396,-3.0872201919555664
4397,-16.84334373474121
4398,-1.3816356658935547
4399,-2.533137321472168
4400,6.169706344604492
4401,-4.534358978271484
4402,-4.480524063110352
4403,-12.220721244812012
4404,-3.3528404235839844
4405,-4.017683029174805
4406,5.16084098815918
4407,-5.01080322265625
4408,-4.781490325927734
4409,-14.475041389465332
4410,-3.765261650085449
4411,-4.600310325622559
4412,4.9349212646484375
4413,-4.603809356689453
4414,-4.827306747436523
4415,-13.63158893585205
4416,-3.972217559814453
4417,-4.617743492126465
4418,4.022982597351074
4419,-4.426327705383301
4420,-4.723670959472656
4421,-11.974969863891602
4422,-3.7543373107910156
4423,-4.433616638183594
4424,4.452458381652832
4425,3.7938413619995117
4426,2.329495429992676
4427,-10.987726211547852
4428,3.302924156188965
4429,2.2401952743530273
4430,2.3512959480285645
4431,-2.0704240798950195
4432,5.014142036437988
4433,-11.6309814453125
4434,-1.9577045440673828
4435,4.281289100646973
4436,3.313082695007324
4437,1.8675298690795898
4438,7.746386528015137
4439,-5.385773658752441
4440,0.5447607040405273
4441,6.7085981369018555
4442,10.967972755432129
4443,3.0080480575561523
4444,8.152718544006348
4445,-4.710552215576172
4446,1.4460697174072266
4447,7.0598955154418945
4448,11.821046829223633
4449,-0.9916305541992188
4450,8.532547950744629
4451,-5.601533889770508
4452,-0.9224386215209961
4453,7.464961051940918
4454,11.293517112731934
4455,3.4282140731811523
4456,-4.49275016784668
4457,-7.448728561401367
4458,4.188199043273926
4459,-4.334397315979004
4460,-8.529237747192383
4461,4.319937705993652
4462,-4.239938735961914
4463,-8.529958724975586
4464,4.399874687194824
4465,-4.171892166137695
4466,-8.533512115478516
4467,4.144627571105957
4468,-4.382607460021973
4469,-6.739015102386475
4470,4.245631217956543
4471,-4.340771675109863
4472,-6.738194465637207
4473,4.3070573806762695
4474,-4.307289123535156
4475,-6.735612392425537
4476,4.5453901290893555
4477,-3.746950149536133
4478,-11.243452072143555
4479,4.496756553649902
4480,-3.8490304946899414
4481,-3.055182933807373
4482,3.167954444885254
4483,-4.112401008605957
4484,-8.321168899536133
4485,3.082919120788574
4486,-4.196839332580566
4487,-6.00459098815918
4488,2.5061159133911133
4489,-2.309703826904297
4490,-16.007431030273438
4491,2.7672605514526367
4492,-2.320693016052246
4493,2.8853158950805664
4494,-2.488719940185547
4495,-3.3532752990722656
4496,-15.953598022460938
4497,-0.6357650756835938
4498,-2.908414840698242
4499,6.995054244995117
4500,-4.161161422729492
4501,-4.813887596130371
4502,-8.650646209716797
4503,-2.6804018020629883
4504,-4.3767900466918945
4505,9.280850410461426
4506,-4.489339828491211
4507,-5.324073791503906
4508,-10.204801559448242
4509,-1.7649612426757812
4510,-4.8972578048706055
4511,9.401249885559082
4512,-4.0236616134643555
4513,-5.367266654968262
4514,-9.774890899658203
4515,-1.3231725692749023
4516,-4.852267265319824
4517,9.033409118652344
4518,-3.9370803833007812
4519,-5.214292526245117
4520,-8.440771102905273
4521,-1.5047235488891602
4522,-4.681576728820801
4523,8.906831741333008
4524,3.4290590286254883
4525,2.163079261779785
4526,-10.941865921020508
4527,2.6173219680786133
4528,1.9941129684448242
4529,2.305927276611328
4530,-2.035550117492676
4531,5.007918357849121
4532,-11.046989440917969
4533,-1.9292774200439453
4534,4.266873359680176
4535,2.425203800201416
4536,1.8578729629516602
4537,7.741818428039551
4538,-7.225537300109863
4539,0.6795978546142578
4540,6.658291816711426
4541,8.91250228881836
4542,3.0071630477905273
4543,8.143441200256348
4544,-6.768854141235352
4545,1.6224126815795898
4546,6.9904584884643555
4547,9.628813743591309
4548,-0.9950637817382812
4549,8.556727409362793
4550,-8.204305648803711
4551,-0.8174161911010742
4552,7.49259090423584
4553,9.601944923400879
4554,4.3217878341674805
4555,-4.990659713745117
4556,-6.208603382110596
4557,5.259242057800293
4558,-4.92678165435791
4559,-7.253713607788086
4560,5.351130485534668
4561,-4.866715431213379
4562,-7.254408836364746
4563,5.42459774017334
4564,-4.812882423400879
4565,-7.257621765136719
4566,5.230080604553223
4567,-4.944840431213379
4568,-5.414714336395264
4569,5.303671836853027
4570,-4.906768798828125
4571,-5.412874698638916
4572,5.362179756164551
4573,-4.874214172363281
4574,-5.4113450050354
4575,5.554427146911621
4576,-4.37213134765625
4577,-10.055060386657715
4578,5.506344795227051
4579,-4.458181381225586
4580,-1.7454924583435059
4581,4.065356254577637
4582,-4.688246726989746
4583,-7.151437282562256
4584,3.950270652770996
4585,-4.702131271362305
4586,-4.766482353210449
4587,3.1372594833374023
4588,-3.312544822692871
4589,-14.86746883392334
4590,3.3081350326538086
4591,-3.1652297973632812
4592,3.498480796813965
4593,-1.6716556549072266
4594,-4.669648170471191
4595,-15.586368560791016
4596,-0.5641489028930664
4597,-4.185247421264648
4598,6.9715986251831055
4599,-1.270249366760254
4600,-6.359496116638184
4601,-10.895999908447266
4602,0.02183246612548828
4603,-5.46958065032959
4604,6.432032585144043
4605,-1.443014144897461
4606,-6.607464790344238
4607,-12.682341575622559
4608,0.7886562347412109
4609,-5.883803367614746
4610,6.106450080871582
4611,-0.7317819595336914
4612,-6.630803108215332
4613,-12.302345275878906
4614,1.055954933166504
4615,-5.918898582458496
4616,5.309971809387207
4617,-0.6750526428222656
4618,-6.535850524902344
4619,-10.761466979980469
4620,0.8456153869628906
4621,-5.811222076416016
4622,5.794061660766602
4623,2.5638036727905273
4624,1.3433294296264648
4625,-10.885995864868164
4626,2.098240852355957
4627,1.2350893020629883
4628,2.2495737075805664
4629,-1.9778852462768555
4630,4.803925514221191
4631,-11.604087829589844
4632,-1.7531824111938477
4633,4.090323448181152
4634,2.2629923820495605
4635,1.8202762603759766
4636,7.648444175720215
4637,-11.196455001831055
4638,0.7799434661865234
4639,6.603175163269043
4640,8.268617630004883
4641,2.958756446838379
4642,8.01850414276123
4643,-11.149429321289062
4644,1.7322368621826172
4645,6.892285346984863
4646,8.876949310302734
4647,-0.9469470977783203
4648,8.536810874938965
4649,-14.578106880187988
4650,-0.7538509368896484
4651,7.451523780822754
4652,7.777420997619629
4653,4.388047218322754
4654,-5.000239372253418
4655,-5.794502258300781
4656,5.027836799621582
4657,-5.015617370605469
4658,-6.937510967254639
4659,5.087218284606934
4660,-4.96914005279541
4661,-6.938422679901123
4662,5.143240928649902
4663,-4.925305366516113
4664,-6.942557334899902
4665,5.020188331604004
4666,-5.03333854675293
4667,-4.97564697265625
4668,5.069527626037598
4669,-5.001980781555176
4670,-4.975178241729736
4671,5.114687919616699
4672,-4.973989486694336
4673,-4.974244594573975
4674,5.493271827697754
4675,-4.487981796264648
4676,-10.005666732788086
4677,5.482117652893066
4678,-4.5638628005981445
4679,-1.202479362487793
4680,4.09232234954834
4681,-4.699527740478516
4682,-6.797204494476318
4683,4.007992744445801
4684,-4.705052375793457
4685,-4.269181251525879
4686,3.55112361907959
4687,-3.3953371047973633
4688,-15.45606803894043
4689,3.757676124572754
4690,-3.15885066986084
4691,4.923770904541016
4692,-1.0403327941894531
4693,-4.703061103820801
4694,-15.601288795471191
4695,-0.2036895751953125
4696,-4.338346481323242
4697,10.673523902893066
4698,-0.311431884765625
4699,-6.399941444396973
4700,-7.412219047546387
4701,0.3721437454223633
4702,-5.986773490905762
4703,12.604297637939453
4704,-0.35738563537597656
4705,-6.895003318786621
4706,-8.474791526794434
4707,0.7557649612426758
4708,-6.368391990661621
4709,12.644889831542969
4710,0.3865489959716797
4711,-6.900059700012207
4712,-8.458744049072266
4713,1.2622976303100586
4714,-6.507068634033203
4715,12.087800979614258
4716,0.41942882537841797
4717,-6.7242937088012695
4718,-7.258181571960449
4719,1.1991100311279297
4720,-6.247373580932617
4721,12.061260223388672
4722,2.1869163513183594
4723,1.3312005996704102
4724,-11.001991271972656
4725,1.7310676574707031
4726,1.203974723815918
4727,2.3586459159851074
4728,-1.7598133087158203
4729,4.702500343322754
4730,-9.736288070678711
4731,-1.6533880233764648
4732,4.083064079284668
4733,4.419112205505371
4734,1.8050451278686523
4735,7.599076271057129
4736,-7.461230278015137
4737,0.7618904113769531
4738,6.581809043884277
4739,10.809035301208496
4740,2.9446535110473633
4741,7.990178108215332
4742,-6.98956298828125
4743,1.613992691040039
4744,6.8921003341674805
4745,11.649354934692383
4746,-0.9335565567016602
4747,8.526785850524902
4748,-9.264742851257324
4749,-0.9481382369995117
4750,7.389967918395996
4751,11.297015190124512
4752,5.302123069763184
4753,-5.800591468811035
4754,-6.435697078704834
4755,6.036381721496582
4756,-5.74416446685791
4757,-7.447841644287109
4758,6.092055320739746
4759,-5.707836151123047
4760,-7.448991775512695
4761,6.146258354187012
4762,-5.672793388366699
4763,-7.450298309326172
4764,5.966662406921387
4765,-5.740860939025879
4766,-5.792120456695557
4767,5.977845191955566
4768,-5.709074974060059
4769,-5.791502952575684
4770,6.002261161804199
4771,-5.683567047119141
4772,-5.79240083694458
4773,6.238284111022949
4774,-5.2327165603637695
4775,-9.481332778930664
4776,6.3279314041137695
4777,-5.406085968017578
4778,-2.3365700244903564
4779,4.776961326599121
4780,-5.55842399597168
4781,-7.073037624359131
4782,4.631115913391113
4783,-5.5640153884887695
4784,-4.96212911605835
4785,4.249482154846191
4786,-4.204523086547852
4787,-14.371886253356934
4788,3.82961368560791
4789,-3.907926559448242
4790,3.42584228515625
4791,2.7235403060913086
4792,-5.67607307434082
4793,-21.531095504760742
4794,0.5506782531738281
4795,-3.108546257019043
4796,9.276870727539062
4797,3.8871450424194336
4798,-7.172002792358398
4799,-27.912708282470703
4800,0.4225921630859375
4801,-3.200699806213379
4802,12.64678955078125
4803,4.208439826965332
4804,-7.463387489318848
4805,-30.559654235839844
4806,0.6956062316894531
4807,-3.2387590408325195
4808,13.776424407958984
4809,5.117459297180176
4810,-7.382009983062744
4811,-29.6663761138916
4812,1.0065336227416992
4813,-3.322821617126465
4814,11.94660758972168
4815,4.754029273986816
4816,-7.407893657684326
4817,-27.882314682006836
4818,0.9795217514038086
4819,-3.3008174896240234
4820,11.945943832397461
4821,1.1389884948730469
4822,0.3930549621582031
4823,-10.722338676452637
4824,0.682469367980957
4825,0.3019256591796875
4826,2.0786805152893066
4827,-1.5917387008666992
4828,4.049099922180176
4829,-9.49460220336914
4830,-1.5157127380371094
4831,3.5552873611450195
4832,3.709162712097168
4833,1.600545883178711
4834,7.075905799865723
4835,-7.426492691040039
4836,0.7124786376953125
4837,6.4261674880981445
4838,10.081449508666992
4839,2.57431697845459
4840,7.402626991271973
4841,-7.231074333190918
4842,1.5385675430297852
4843,6.84401798248291
4844,10.654044151306152
4845,-0.8512907028198242
4846,8.317139625549316
4847,-11.763508796691895
4848,-1.2967634201049805
4849,7.240265846252441
4850,7.889749526977539
4851,5.417380332946777
4852,-6.076713562011719
4853,-6.291629314422607
4854,5.759247779846191
4855,-6.175936698913574
4856,-7.366095542907715
4857,5.76613712310791
4858,-6.163934707641602
4859,-7.366318225860596
4860,6.191361427307129
4861,-5.984931945800781
4862,-7.366703510284424
4863,6.061175346374512
4864,-6.072627067565918
4865,-5.590847015380859
4866,6.086966514587402
4867,-6.0513410568237305
4868,-5.592157363891602
4869,6.116375923156738
4870,-6.029623985290527
4871,-5.592682838439941
4872,6.300398826599121
4873,-5.607256889343262
4874,-9.82884407043457
4875,6.28250789642334
4876,-5.7088165283203125
4877,-1.8318591117858887
4878,4.965020179748535
4879,-5.8085126876831055
4880,-7.044772148132324
4881,4.86849308013916
4882,-5.811613082885742
4883,-4.7477898597717285
4884,4.779505729675293
4885,-4.4201507568359375
4886,-14.877028465270996
4887,3.978856086730957
4888,-4.28819465637207
4889,3.636979103088379
4890,3.990391731262207
4891,-5.278842926025391
4892,-21.535743713378906
4893,2.8047170639038086
4894,-4.9113874435424805
4895,11.298452377319336
4896,4.459521293640137
4897,-7.065558433532715
4898,-23.79119110107422
4899,3.2851171493530273
4900,-6.224971771240234
4901,16.727277755737305
4902,4.761326789855957
4903,-7.380568027496338
4904,-25.502025604248047
4905,3.096676826477051
4906,-6.218305587768555
4907,17.563709259033203
4908,5.14487361907959
4909,-7.338136196136475
4910,-25.042482376098633
4911,3.1835641860961914
4912,-6.261423110961914
4913,16.595659255981445
4914,4.928277015686035
4915,-7.111762046813965
4916,-23.689525604248047
4917,3.1154298782348633
4918,-6.181840896606445
4919,16.267576217651367
4920,0.60882568359375
4921,0.18291664123535156
4922,-10.866318702697754
4923,0.4082498550415039
4924,0.12107372283935547
4925,2.2184038162231445
4926,-1.5399179458618164
4927,3.880784034729004
4928,-11.221635818481445
4929,-1.4106626510620117
4930,3.4259634017944336
4931,3.3887271881103516
4932,1.5136747360229492
4933,7.025818824768066
4934,-12.457179069519043
4935,0.6302728652954102
4936,6.372994422912598
4937,7.0832061767578125
4938,2.539381980895996
4939,7.393692970275879
4940,-12.62967586517334
4941,1.5254096984863281
4942,6.802811622619629
4943,7.24954891204834
4944,-0.7933034896850586
4945,8.300604820251465
4946,-17.849504470825195
4947,-1.276742935180664
4948,7.2304582595825195
4949,4.756651878356934
4950,7.837176322937012
4951,-5.962346076965332
4952,-5.471972942352295
4953,8.4330415725708
4954,-5.8358154296875
4955,-6.251677513122559
4956,8.447285652160645
4957,-5.804570198059082
4958,-6.253051280975342
4959,8.499045372009277
4960,-5.7434492111206055
4961,-6.256453514099121
4962,8.411219596862793
4963,-5.813815116882324
4964,-4.450085163116455
4965,8.385207176208496
4966,-5.777963638305664
4967,-4.45009183883667
4968,8.358880043029785
4969,-5.7449951171875
4970,-4.447147846221924
4971,7.968592643737793
4972,-5.201525688171387
4973,-8.44411849975586
4974,8.278597831726074
4975,-5.267287254333496
4976,-0.19079208374023438
4977,7.218783378601074
4978,-5.845548629760742
4979,-6.224589824676514
4980,7.403407096862793
4981,-5.782645225524902
4982,-3.8702456951141357
4983,5.569079399108887
4984,-4.548811912536621
4985,-13.752169609069824
4986,4.899674415588379
4987,-4.392616271972656
4988,4.784069061279297
4989,5.710827827453613
4990,-5.961504936218262
4991,-19.575027465820312
4992,4.841052055358887
4993,-5.902116775512695
4994,8.38010311126709
4995,8.355589866638184
4996,-7.214478492736816
4997,-21.06193733215332
4998,7.33675479888916
4999,-7.158261299133301
5000,14.910137176513672
5001,8.953963279724121
5002,-7.4840593338012695
5003,-22.883708953857422
5004,7.991881370544434
5005,-7.445831298828125
5006,10.063506126403809
5007,9.28417682647705
5008,-7.398241996765137
5009,-22.36827278137207
5010,8.17553997039795
5011,-7.4057769775390625
5012,10.794526100158691
5013,9.161147117614746
5014,-7.244662284851074
5015,-20.913150787353516
5016,8.129107475280762
5017,-7.335999488830566
5018,13.247720718383789
5019,0.17894935607910156
5020,-0.6550703048706055
5021,-10.888350486755371
5022,-0.0020351409912109375
5023,-0.6300535202026367
5024,2.2434186935424805
5025,-1.5699033737182617
5026,2.9193296432495117
5027,-11.922811508178711
5028,-1.4683160781860352
5029,2.7424535751342773
5030,2.283763885498047
5031,0.932307243347168
5032,5.893511772155762
5033,-11.112909317016602
5034,0.5494356155395508
5035,5.646258354187012
5036,5.302024841308594
5037,2.02791690826416
5038,6.560183525085449
5039,-11.034420013427734
5040,1.5877857208251953
5041,6.093670845031738
5042,5.434769630432129
5043,-0.6950159072875977
5044,7.762022972106934
5045,-16.549114227294922
5046,-0.7393426895141602
5047,7.0265703201293945
5048,1.3072595596313477
5049,8.065787315368652
5050,-5.637362480163574
5051,-3.2481727600097656
5052,8.72252368927002
5053,-5.446608543395996
5054,-4.044890880584717
5055,8.755877494812012
5056,-5.411481857299805
5057,-4.044453144073486
5058,8.783167839050293
5059,-5.368878364562988
5060,-4.048254489898682
5061,8.729525566101074
5062,-5.480161666870117
5063,-2.1782569885253906
5064,8.655465126037598
5065,-5.406497955322266
5066,-2.179831027984619
5067,8.644394874572754
5068,-5.372546195983887
5069,-2.1742570400238037
5070,8.294661521911621
5071,-4.943218231201172
5072,-6.640291213989258
5073,8.398051261901855
5074,-5.007433891296387
5075,1.9852418899536133
5076,7.495406150817871
5077,-5.496366500854492
5078,-4.161915302276611
5079,7.4589033126831055
5080,-5.481606483459473
5081,-1.7089402675628662
5082,5.919569969177246
5083,-4.452132225036621
5084,-12.416431427001953
5085,5.203364372253418
5086,-4.3438615798950195
5087,6.942193031311035
5088,6.084525108337402
5089,-6.1237335205078125
5090,-15.269505500793457
5091,5.70308780670166
5092,-5.922652244567871
5093,10.89698314666748
5094,8.7349271774292
5095,-7.277706146240234
5096,-11.382638931274414
5097,7.6170549392700195
5098,-6.993608474731445
5099,11.568526268005371
5100,9.366122245788574
5101,-7.58856725692749
5102,-12.803799629211426
5103,8.563948631286621
5104,-7.430210113525391
5105,10.736499786376953
5106,9.648219108581543
5107,-7.459808349609375
5108,-12.083699226379395
5109,8.778090476989746
5110,-7.389978885650635
5111,9.948538780212402
5112,9.469048500061035
5113,-7.282591342926025
5114,-11.104144096374512
5115,8.16601848602295
5116,-7.393614292144775
5117,10.663551330566406
5118,-0.3167076110839844
5119,-0.7754697799682617
5120,-11.121211051940918
5121,-0.3928079605102539
5122,-0.86700439453125
5123,2.478656768798828
5124,-1.6098480224609375
5125,2.7860498428344727
5126,-13.094390869140625
5127,-1.514256477355957
5128,2.5757226943969727
5129,1.489692211151123
5130,0.7031717300415039
5131,5.807757377624512
5132,-13.285350799560547
5133,0.43087005615234375
5134,5.559399604797363
5135,3.8808469772338867
5136,1.665583610534668
5137,6.05159854888916
5138,-13.246771812438965
5139,1.4304075241088867
5140,5.799246788024902
5141,4.000462532043457
5142,-0.6114521026611328
5143,7.600567817687988
5144,-18.638107299804688
5145,-0.6937236785888672
5146,7.039599418640137
5147,0.36731767654418945
5148,9.04814624786377
5149,-5.109566688537598
5150,-3.920712947845459
5151,9.302752494812012
5152,-5.021210670471191
5153,-4.512479782104492
5154,9.225115776062012
5155,-4.986839294433594
5156,-4.512416362762451
5157,9.143670082092285
5158,-4.941855430603027
5159,-4.516131401062012
5160,9.395792961120605
5161,-5.054800033569336
5162,-3.021834135055542
5163,9.362692832946777
5164,-5.000638008117676
5165,-3.0225014686584473
5166,9.336775779724121
5167,-4.974077224731445
5168,-3.0182857513427734
5169,8.307101249694824
5170,-4.613437652587891
5171,-6.080832481384277
5172,8.636937141418457
5173,-4.663450241088867
5174,0.6819992065429688
5175,8.267136573791504
5176,-5.055398941040039
5177,-4.517605304718018
5178,8.372126579284668
5179,-5.062151908874512
5180,-2.5590713024139404
5181,5.972531318664551
5182,-4.550821304321289
5183,-11.627578735351562
5184,5.083504676818848
5185,-4.48934268951416
5186,5.978649139404297
5187,6.867890357971191
5188,-5.8573808670043945
5189,-14.02600383758545
5190,5.712885856628418
5191,-5.86888313293457
5192,9.283767700195312
5193,9.033076286315918
5194,-6.818653106689453
5195,-11.635363578796387
5196,7.846493721008301
5197,-6.714015007019043
5198,9.616427421569824
5199,9.656529426574707
5200,-6.972729682922363
5201,-13.327353477478027
5202,8.497132301330566
5203,-6.788178443908691
5204,9.554635047912598
5205,9.657425880432129
5206,-6.878837585449219
5207,-12.412425994873047
5208,8.642712593078613
5209,-6.798933982849121
5210,8.529638290405273
5211,9.449234962463379
5212,-6.849836349487305
5213,-11.307711601257324
5214,8.444602012634277
5215,-6.8426103591918945
5216,8.91677474975586
5217,-0.44376087188720703
5218,-1.4505691528320312
5219,-11.028703689575195
5220,-0.5608558654785156
5221,-1.4738788604736328
5222,2.3905491828918457
5223,-2.817502975463867
5224,1.9972410202026367
5225,-14.94347095489502
5226,-2.499509811401367
5227,1.902756690979004
5228,1.3984918594360352
5229,0.25688838958740234
5230,4.6166276931762695
5231,-13.261314392089844
5232,0.10431194305419922
5233,4.546399116516113
5234,3.876791000366211
5235,1.1690778732299805
5236,4.564450263977051
5237,-12.837013244628906
5238,1.0941362380981445
5239,4.530266761779785
5240,4.118091583251953
5241,-0.10607624053955078
5242,6.471249580383301
5243,-15.721107482910156
5244,-0.23790740966796875
5245,6.436739921569824
5246,1.5234951972961426
5247,9.861918449401855
5248,-5.018074035644531
5249,-4.511969566345215
5250,10.039589881896973
5251,-4.863615989685059
5252,-5.4214630126953125
5253,9.954569816589355
5254,-4.839266777038574
5255,-5.425522804260254
5256,9.865340232849121
5257,-4.8093976974487305
5258,-5.432692527770996
5259,10.14711856842041
5260,-4.862837791442871
5261,-3.701496124267578
5262,10.125964164733887
5263,-4.818901062011719
5264,-3.699978828430176
5265,10.10527515411377
5266,-4.78935432434082
5267,-3.700892448425293
5268,9.02088451385498
5269,-4.552861213684082
5270,-7.435458183288574
5271,9.391343116760254
5272,-4.512483596801758
5273,0.10198974609375
5274,9.10448932647705
5275,-5.037844657897949
5276,-5.015072345733643
5277,9.223689079284668
5278,-5.01609992980957
5279,-2.7811760902404785
5280,6.396868705749512
5281,-4.4562225341796875
5282,-13.219290733337402
5283,5.752331733703613
5284,-4.475860595703125
5285,5.046781539916992
5286,6.563920021057129
5287,-5.6680908203125
5288,-14.878793716430664
5289,6.150759696960449
5290,-5.710890769958496
5291,8.288521766662598
5292,8.565930366516113
5293,-6.190643310546875
5294,-11.30423355102539
5295,7.893580436706543
5296,-6.334589004516602
5297,9.34829044342041
5298,9.166350364685059
5299,-6.220819473266602
5300,-12.736201286315918
5301,8.272194862365723
5302,-6.337741851806641
5303,9.655135154724121
5304,9.152430534362793
5305,-6.094464302062988
5306,-12.196901321411133
5307,8.336155891418457
5308,-6.262519836425781
5309,8.469675064086914
5310,8.914172172546387
5311,-6.1053266525268555
5312,-11.056541442871094
5313,8.229987144470215
5314,-6.285369873046875
5315,8.66142463684082
5316,-0.5873622894287109
5317,-1.4623003005981445
5318,-10.901870727539062
5319,-0.8478527069091797
5320,-1.4681367874145508
5321,2.2644824981689453
5322,-3.1986284255981445
5323,1.9275426864624023
5324,-14.485422134399414
5325,-2.979541778564453
5326,1.8593816757202148
5327,1.8026814460754395
5328,0.05615997314453125
5329,4.410374641418457
5330,-12.104840278625488
5331,-0.054297447204589844
5332,4.33634090423584
5333,4.023702621459961
5334,0.9974746704101562
5335,4.403220176696777
5336,-11.660223007202148
5337,0.8630094528198242
5338,4.318184852600098
5339,4.2580766677856445
5340,0.03428173065185547
5341,6.134417533874512
5342,-14.170039176940918
5343,-0.0809030532836914
5344,6.069836616516113
5345,1.7980518341064453
5346,10.535395622253418
5347,-4.964393615722656
5348,-10.136415481567383
5349,10.8674955368042
5350,-4.792606353759766
5351,-10.75721549987793
5352,10.815850257873535
5353,-4.769313812255859
5354,-10.756478309631348
5355,10.760899543762207
5356,-4.74263858795166
5357,-10.762450218200684
5358,10.903353691101074
5359,-4.795558929443359
5360,-9.66594123840332
5361,10.872950553894043
5362,-4.767987251281738
5363,-9.669053077697754
5364,10.8422212600708
5365,-4.747566223144531
5366,-9.671388626098633
5367,10.043595314025879
5368,-4.565648078918457
5369,-11.282705307006836
5370,10.195841789245605
5371,-4.556877136230469
5372,-6.458319664001465
5373,9.78272533416748
5374,-5.008622169494629
5375,-10.187707901000977
5376,9.837922096252441
5377,-5.0235443115234375
5378,-8.799966812133789
5379,7.601923942565918
5380,-4.681142807006836
5381,-14.949676513671875
5382,6.595122337341309
5383,-4.603273391723633
5384,0.32715320587158203
5385,7.445500373840332
5386,-5.334811210632324
5387,-16.093812942504883
5388,6.220669746398926
5389,-5.616176605224609
5390,2.2977981567382812
5391,9.394686698913574
5392,-6.451050758361816
5393,-15.272302627563477
5394,8.720131874084473
5395,-6.253767967224121
5396,1.4473772048950195
5397,9.908514976501465
5398,-6.721813201904297
5399,-16.96300506591797
5400,9.419379234313965
5401,-6.326046943664551
5402,1.3043370246887207
5403,10.081103324890137
5404,-6.637174606323242
5405,-15.989092826843262
5406,9.481223106384277
5407,-6.333593368530273
5408,0.5324301719665527
5409,9.881733894348145
5410,-6.550686836242676
5411,-14.827373504638672
5412,9.317791938781738
5413,-6.326208114624023
5414,0.9091005325317383
5415,-0.173553466796875
5416,-2.1657981872558594
5417,-10.565284729003906
5418,-0.41498374938964844
5419,-2.1786279678344727
5420,1.9384799003601074
5421,-4.826316833496094
5422,0.8559446334838867
5423,-15.667733192443848
5424,-3.216874122619629
5425,0.6576061248779297
5426,2.2670888900756836
5427,-0.602874755859375
5428,3.127291679382324
5429,-10.452308654785156
5430,-0.5235834121704102
5431,2.994765281677246
5432,5.6247148513793945
5433,0.3696470260620117
5434,2.943905830383301
5435,-9.890276908874512
5436,0.9811391830444336
5437,2.621901512145996
5438,6.025999069213867
5439,-0.0655202865600586
5440,4.5906782150268555
5441,-12.849745750427246
5442,-0.0750570297241211
5443,4.566910743713379
5444,4.468156814575195
5445,10.543316841125488
5446,-4.829690933227539
5447,-8.48776912689209
5448,10.732829093933105
5449,-4.763415336608887
5450,-8.684370994567871
5451,10.669520378112793
5452,-4.725306510925293
5453,-8.680871963500977
5454,10.601639747619629
5455,-4.67955207824707
5456,-8.682880401611328
5457,10.761107444763184
5458,-4.792294502258301
5459,-7.731526851654053
5460,10.711335182189941
5461,-4.753321647644043
5462,-7.7378034591674805
5463,10.662720680236816
5464,-4.729157447814941
5465,-7.73878288269043
5466,9.771777153015137
5467,-4.442339897155762
5468,-9.547239303588867
5469,9.888077735900879
5470,-4.45701789855957
5471,-4.585793495178223
5472,9.837414741516113
5473,-4.809369087219238
5474,-8.625904083251953
5475,9.870747566223145
5476,-4.820561408996582
5477,-7.45881462097168
5478,7.388052940368652
5479,-4.491890907287598
5480,-14.2733736038208
5481,6.477286338806152
5482,-4.370575904846191
5483,1.8540940284729004
5484,8.43106746673584
5485,-5.550445556640625
5486,-16.367111206054688
5487,6.542227745056152
5488,-5.518253326416016
5489,3.467268943786621
5490,10.305981636047363
5491,-6.910102844238281
5492,-16.125282287597656
5493,8.845446586608887
5494,-6.532790184020996
5495,3.0094127655029297
5496,11.49775218963623
5497,-6.931422233581543
5498,-18.068851470947266
5499,9.439896583557129
5500,-6.631049156188965
5501,3.481930732727051
5502,11.516392707824707
5503,-6.86173152923584
5504,-17.171785354614258
5505,9.540486335754395
5506,-6.704046249389648
5507,2.1802964210510254
5508,11.320775032043457
5509,-6.796224594116211
5510,-15.843827247619629
5511,9.420350074768066
5512,-6.704045295715332
5513,2.201772689819336
5514,-0.3783845901489258
5515,-2.162921905517578
5516,-10.664850234985352
5517,-0.3334836959838867
5518,-2.1806135177612305
5519,2.0336809158325195
5520,-5.272485733032227
5521,0.7693347930908203
5522,-14.567937850952148
5523,-1.5461416244506836
5524,-0.391357421875
5525,4.057127952575684
5526,-0.8876724243164062
5527,3.136540412902832
5528,-12.100116729736328
5529,1.7489509582519531
5530,0.5511674880981445
5531,6.012110710144043
5532,0.19227123260498047
5533,3.1397504806518555
5534,-11.669136047363281
5535,2.641068458557129
5536,0.4670267105102539
5537,6.163976669311523
5538,-0.08686637878417969
5539,4.597735404968262
5540,-13.346572875976562
5541,1.9160242080688477
5542,1.5218687057495117
5543,4.740568161010742
5544,9.252032279968262
5545,-4.649378776550293
5546,-13.52894401550293
5547,9.514500617980957
5548,-4.516449928283691
5549,-14.252127647399902
5550,9.478564262390137
5551,-4.497734069824219
5552,-14.244752883911133
5553,9.440403938293457
5554,-4.478328704833984
5555,-14.245962142944336
5556,9.514336585998535
5557,-4.54112434387207
5558,-13.094853401184082
5559,9.475714683532715
5560,-4.524782180786133
5561,-13.100493431091309
5562,9.437811851501465
5563,-4.514298439025879
5564,-13.097982406616211
5565,8.852240562438965
5566,-4.407401084899902
5567,-15.074353218078613
5568,8.866456031799316
5569,-4.409078598022461
5570,-9.657614707946777
5571,8.647273063659668
5572,-4.766826629638672
5573,-13.579751014709473
5574,8.657607078552246
5575,-4.791399955749512
5576,-12.055366516113281
5577,6.886849403381348
5578,-4.219257354736328
5579,-18.630413055419922
5580,5.990248680114746
5581,-4.2919416427612305
5582,-2.9590282440185547
5583,8.422513008117676
5584,-5.317968368530273
5585,-23.365257263183594
5586,6.7442216873168945
5587,-5.470063209533691
5588,-1.1046946048736572
5589,9.744275093078613
5590,-7.060208320617676
5591,-24.774803161621094
5592,7.757027626037598
5593,-6.932107925415039
5594,-3.1000418663024902
5595,10.020628929138184
5596,-7.35197114944458
5597,-26.861289978027344
5598,7.936583518981934
5599,-7.133989334106445
5600,-2.891897201538086
5601,9.711106300354004
5602,-7.578409671783447
5603,-25.664430618286133
5604,7.987856864929199
5605,-7.2041778564453125
5606,-4.757376670837402
5607,9.627842903137207
5608,-7.484404563903809
5609,-24.373321533203125
5610,7.984269142150879
5611,-7.190954685211182
5612,-4.004706859588623
5613,-0.3000516891479492
5614,-1.9512004852294922
5615,-10.655180931091309
5616,-1.276991844177246
5617,-2.1272010803222656
5618,2.0250449180603027
5619,-0.011178016662597656
5620,-1.0621013641357422
5621,-17.408512115478516
5622,-6.524252414703369
5623,-0.6261634826660156
5624,5.7285871505737305
5625,9.379986763000488
5626,-2.1936330795288086
5627,-17.979351043701172
5628,-1.9535531997680664
5629,1.3662290573120117
5630,15.156135559082031
5631,10.646245002746582
5632,-2.657435417175293
5633,-17.771448135375977
5634,-0.851658821105957
5635,1.2937040328979492
5636,16.277021408081055
5637,12.093113899230957
5638,-1.948211669921875
5639,-17.280447006225586
5640,-0.42905616760253906
5641,2.4744577407836914
5642,16.94088363647461
5643,10.99101734161377
5644,-4.617364883422852
5645,-7.287590026855469
5646,11.265667915344238
5647,-4.515350341796875
5648,-7.9551262855529785
5649,11.211321830749512
5650,-4.492192268371582
5651,-7.952319145202637
5652,11.152848243713379
5653,-4.465480804443359
5654,-7.9542341232299805
5655,11.321734428405762
5656,-4.52785587310791
5657,-6.621889114379883
5658,11.313183784484863
5659,-4.51161003112793
5660,-6.6251678466796875
5661,11.303605079650879
5662,-4.498058319091797
5663,-6.628401279449463
5664,10.575486183166504
5665,-4.346247673034668
5666,-9.32181167602539
5667,10.810952186584473
5668,-4.3801374435424805
5669,-3.2144250869750977
5670,10.356680870056152
5671,-4.707757949829102
5672,-7.698712348937988
5673,10.449458122253418
5674,-4.719820022583008
5675,-5.996098518371582
5676,8.505906105041504
5677,-4.296280860900879
5678,-14.508838653564453
5679,7.125798225402832
5680,-4.399758338928223
5681,3.1838040351867676
5682,9.015164375305176
5683,-5.250809669494629
5684,-16.211196899414062
5685,6.554242134094238
5686,-5.494858741760254
5687,6.615401268005371
5688,10.174317359924316
5689,-6.657944679260254
5690,-14.638813972473145
5691,7.085696220397949
5692,-6.92415714263916
5693,5.203045845031738
5694,10.459288597106934
5695,-6.889143943786621
5696,-16.377609252929688
5697,7.22482967376709
5698,-7.161646842956543
5699,5.718875885009766
5700,10.423233985900879
5701,-6.905170440673828
5702,-15.508706092834473
5703,7.250893592834473
5704,-7.215923309326172
5705,3.7521591186523438
5706,10.329182624816895
5707,-6.837371826171875
5708,-14.24930191040039
5709,7.264592170715332
5710,-7.135915756225586
5711,4.159146308898926
5712,-0.23019886016845703
5713,-2.3344993591308594
5714,-10.543386459350586
5715,-0.8638525009155273
5716,-2.3649463653564453
5717,1.9129443168640137
5718,-6.285150051116943
5719,-0.6954126358032227
5720,-17.547908782958984
5721,-6.949677467346191
5722,-0.7449970245361328
5723,3.6240429878234863
5724,-0.3874340057373047
5725,1.1739435195922852
5726,-16.387798309326172
5727,-2.5512075424194336
5728,1.487685203552246
5729,9.136734008789062
5730,0.7681035995483398
5731,0.9848089218139648
5732,-13.1967134475708
5733,-1.3536796569824219
5734,1.3554620742797852
5735,9.645432472229004
5736,3.4060144424438477
5737,2.4180707931518555
5738,-8.077349662780762
5739,-1.0843257904052734
5740,2.765069007873535
5741,10.287983894348145
5742,12.598637580871582
5743,-4.247796058654785
5744,-8.07740306854248
5745,12.772223472595215
5746,-3.9376134872436523
5747,-8.933394432067871
5748,12.697760581970215
5749,-3.9217119216918945
5750,-8.932931900024414
5751,12.620671272277832
5752,-3.906248092651367
5753,-8.932893753051758
5754,12.80313777923584
5755,-3.906373977661133
5756,-7.304319381713867
5757,12.760466575622559
5758,-3.870621681213379
5759,-7.306731224060059
5760,12.720141410827637
5761,-3.833433151245117
5762,-7.309493064880371
5763,11.795504570007324
5764,-3.7835693359375
5765,-10.800762176513672
5766,11.937792778015137
5767,-3.6730031967163086
5768,-3.4387993812561035
5769,11.807999610900879
5770,-4.494513511657715
5771,-8.676553726196289
5772,11.875941276550293
5773,-4.466813087463379
5774,-6.575753211975098
5775,8.762917518615723
5776,-4.146712303161621
5777,-16.481037139892578
5778,8.1430025100708
5779,-4.211170196533203
5780,3.002500057220459
5781,7.314810752868652
5782,-5.386031150817871
5783,-17.376724243164062
5784,6.155339241027832
5785,-5.471912384033203
5786,6.423154830932617
5787,9.064549446105957
5788,-7.4682698249816895
5789,-16.57480812072754
5790,6.422772407531738
5791,-7.298506736755371
5792,3.973313331604004
5793,9.653780937194824
5794,-7.9727253913879395
5795,-19.294551849365234
5796,6.620404243469238
5797,-7.625229358673096
5798,4.631399154663086
5799,10.012911796569824
5800,-8.026124954223633
5801,-17.769977569580078
5802,6.6429948806762695
5803,-7.832808494567871
5804,2.126722812652588
5805,9.750201225280762
5806,-7.7511420249938965
5807,-15.957718849182129
5808,6.612896919250488
5809,-7.668747901916504
5810,2.809475898742676
5811,-0.5422878265380859
5812,-2.173431396484375
5813,-10.68050765991211
5814,-0.7619304656982422
5815,-2.4322643280029297
5816,2.0545578002929688
5817,-8.509593963623047
5818,-2.2221498489379883
5819,-18.47673797607422
5820,-7.7531938552856445
5821,-2.6281566619873047
5822,3.641568660736084
5823,-3.9657163619995117
5824,0.41184139251708984
5825,-7.14128303527832
5826,-3.621842384338379
5827,0.1512908935546875
5828,10.904509544372559
5829,-2.930887222290039
5830,0.3584260940551758
5831,-4.833880424499512
5832,-2.2286558151245117
5833,0.05529308319091797
5834,11.671941757202148
5835,-2.504033088684082
5836,1.827113151550293
5837,0.9568424224853516
5838,-3.1140966415405273
5839,1.920414924621582
5840,14.424613952636719
5841,13.896668434143066
5842,-4.083864212036133
5843,-7.502254009246826
5844,13.491057395935059
5845,-3.5910778045654297
5846,-8.51956558227539
5847,13.412457466125488
5848,-3.5771942138671875
5849,-8.520927429199219
5850,13.332301139831543
5851,-3.5642175674438477
5852,-8.520078659057617
5853,13.519125938415527
5854,-3.5538816452026367
5855,-6.658200263977051
5856,13.467820167541504
5857,-3.5160083770751953
5858,-6.659189224243164
5859,13.419005393981934
5860,-3.4763031005859375
5861,-6.660182952880859
5862,12.898772239685059
5863,-3.4949960708618164
5864,-10.764558792114258
5865,12.587449073791504
5866,-3.306614875793457
5867,-2.499199390411377
5868,13.145039558410645
5869,-4.344139099121094
5870,-8.293132781982422
5871,13.0991792678833
5872,-4.366020202636719
5873,-5.88054895401001
5874,9.338303565979004
5875,-4.003047943115234
5876,-16.55817985534668
5877,8.912446022033691
5878,-4.072931289672852
5879,3.873201370239258
5880,6.677105903625488
5881,-5.277264595031738
5882,-17.31475830078125
5883,6.087702751159668
5884,-5.173920631408691
5885,6.381598472595215
5886,8.914055824279785
5887,-7.458993911743164
5888,-15.026144027709961
5889,6.095002174377441
5890,-7.2420854568481445
5891,3.49644136428833
5892,7.920525550842285
5893,-8.05013656616211
5894,-17.597196578979492
5895,6.322333335876465
5896,-7.618603229522705
5897,4.069140434265137
5898,8.820279121398926
5899,-8.05196475982666
5900,-16.02296257019043
5901,6.354735374450684
5902,-7.72114372253418
5903,1.484389305114746
5904,8.994000434875488
5905,-7.832029342651367
5906,-14.392058372497559
5907,6.2771196365356445
5908,-7.576134204864502
5909,2.292938709259033
5910,-0.6608314514160156
5911,-2.32720947265625
5912,-10.821146965026855
5913,-0.692112922668457
5914,-2.5684070587158203
5915,2.1947107315063477
5916,-8.969598770141602
5917,-2.4346723556518555
5918,-19.008495330810547
5919,-7.8917622566223145
5920,-2.802846908569336
5921,3.7894954681396484
5922,-4.511003494262695
5923,0.2862424850463867
5924,-4.3797383308410645
5925,-4.308608055114746
5926,-0.1600360870361328
5927,12.701690673828125
5928,-3.460261344909668
5929,0.3570222854614258
5930,-2.3181679248809814
5931,-2.8190603256225586
5932,-0.24220657348632812
5933,13.645517349243164
5934,-3.7360620498657227
5935,1.6333379745483398
5936,3.2459630966186523
5937,-3.6498947143554688
5938,1.3444852828979492
5939,16.789310455322266
5940,13.33227825164795
5941,-4.0736083984375
5942,-8.904857635498047
5943,13.28527545928955
5944,-3.604987144470215
5945,-10.095870971679688
5946,13.208956718444824
5947,-3.5806503295898438
5948,-10.098386764526367
5949,13.13132381439209
5950,-3.5560245513916016
5951,-10.09777545928955
5952,13.352917671203613
5953,-3.5839738845825195
5954,-8.054441452026367
5955,13.322369575500488
5956,-3.54923152923584
5957,-8.056463241577148
5958,13.294678688049316
5959,-3.5136547088623047
5960,-8.05819320678711
5961,12.397221565246582
5962,-3.381138801574707
5963,-12.622161865234375
5964,12.562912940979004
5965,-3.2969446182250977
5966,-3.42995023727417
5967,12.699254035949707
5968,-4.22498893737793
5969,-9.764303207397461
5970,12.703465461730957
5971,-4.255361557006836
5972,-7.113906383514404
5973,9.104844093322754
5974,-3.9970598220825195
5975,-18.219846725463867
5976,8.826617240905762
5977,-3.9834041595458984
5978,3.250978946685791
5979,6.070849418640137
5980,-5.43656063079834
5981,-18.519102096557617
5982,5.829668998718262
5983,-5.657569885253906
5984,3.540682792663574
5985,4.530869483947754
5986,-7.537647247314453
5987,-14.977042198181152
5988,4.734133720397949
5989,-7.592410564422607
5990,-1.2031660079956055
5991,3.1422224044799805
5992,-7.9109344482421875
5993,-17.413829803466797
5994,4.773911476135254
5995,-7.958600044250488
5996,-0.8732869625091553
5997,3.869400978088379
5998,-7.9020209312438965
5999,-15.872797012329102
6000,4.705737113952637
6001,-8.0717191696167
6002,-3.3005876541137695
6003,3.957552909851074
6004,-7.728786468505859
6005,-14.34996223449707
6006,4.490788459777832
6007,-7.925420761108398
6008,-2.3561978340148926
6009,-0.7525186538696289
6010,-2.1970090866088867
6011,-11.072114944458008
6012,-0.6145820617675781
6013,-2.674306869506836
6014,2.44112491607666
6015,-8.136556625366211
6016,-4.234312057495117
6017,-17.334890365600586
6018,-6.861330986022949
6019,-4.530691146850586
6020,4.493278503417969
6021,-6.740211009979248
6022,-0.9184026718139648
6023,-4.615425109863281
6024,-5.702618598937988
6025,-1.2835283279418945
6026,12.103551864624023
6027,-5.9499430656433105
6028,-0.6506166458129883
6029,-3.0461440086364746
6030,-4.766440391540527
6031,-1.0310134887695312
6032,12.802288055419922
6033,-7.737588882446289
6034,0.2716398239135742
6035,1.0318646430969238
6036,-6.452984809875488
6037,0.04909229278564453
6038,14.892820358276367
6039,14.1296968460083
6040,-3.5902891159057617
6041,-7.556443214416504
6042,13.661704063415527
6043,-3.2476511001586914
6044,-8.804733276367188
6045,14.06603717803955
6046,-3.0912418365478516
6047,-8.810386657714844
6048,13.98289966583252
6049,-3.077363967895508
6050,-8.807289123535156
6051,13.730854988098145
6052,-3.1959190368652344
6053,-6.869284629821777
6054,14.104960441589355
6055,-3.110018730163574
6056,-6.8703107833862305
6057,14.036711692810059
6058,-3.1040735244750977
6059,-6.872063636779785
6060,12.685004234313965
6061,-3.1788721084594727
6062,-11.617484092712402
6063,12.95067310333252
6064,-3.0320844650268555
6065,-2.907150983810425
6066,13.427966117858887
6067,-3.806025505065918
6068,-8.494260787963867
6069,13.40271282196045
6070,-3.845231056213379
6071,-5.995119094848633
6072,9.215624809265137
6073,-3.9300308227539062
6074,-18.044633865356445
6075,9.031950950622559
6076,-3.9299449920654297
6077,3.286667823791504
6078,6.052224159240723
6079,-5.407445907592773
6080,-18.163467407226562
6081,5.745543479919434
6082,-5.387600898742676
6083,2.98587703704834
6084,3.2762155532836914
6085,-7.566810607910156
6086,-14.639760971069336
6087,4.288077354431152
6088,-7.356865406036377
6089,-2.413172721862793
6090,1.9787158966064453
6091,-7.926435470581055
6092,-17.054027557373047
6093,3.9242124557495117
6094,-7.625316143035889
6095,-2.181818723678589
6096,2.48990535736084
6097,-7.989612102508545
6098,-15.386625289916992
6099,3.848332405090332
6100,-7.718780517578125
6101,-4.418770790100098
6102,2.561734199523926
6103,-7.832739353179932
6104,-13.953338623046875
6105,3.6823720932006836
6106,-7.583228588104248
6107,-3.4865849018096924
6108,-0.8806209564208984
6109,-2.2542238235473633
6110,-11.107757568359375
6111,-0.5774126052856445
6112,-2.697946548461914
6113,2.474392890930176
6114,-8.047277450561523
6115,-4.389559745788574
6116,-16.452068328857422
6117,-6.231919765472412
6118,-4.547921180725098
6119,4.997262954711914
6120,-6.91808557510376
6121,-1.0243711471557617
6122,-4.177629470825195
6123,-5.899417400360107
6124,-1.4379796981811523
6125,12.49847412109375
6126,-6.119839191436768
6127,-0.751704216003418
6128,-2.68292236328125
6129,-5.0622100830078125
6130,-1.1218366622924805
6131,13.178020477294922
6132,-8.110696792602539
6133,0.2169942855834961
6134,1.2687935829162598
6135,-7.009599685668945
6136,-0.1447925567626953
6137,15.408191680908203
6138,13.33391284942627
6139,-3.205868721008301
6140,-10.976852416992188
6141,13.747639656066895
6142,-2.7226362228393555
6143,-11.874748229980469
6144,13.713091850280762
6145,-2.6649866104125977
6146,-11.877460479736328
6147,13.506400108337402
6148,-2.638671875
6149,-11.876330375671387
6150,13.481698036193848
6151,-2.8901472091674805
6152,-10.478879928588867
6153,13.538628578186035
6154,-2.881100654602051
6155,-10.480388641357422
6156,13.526276588439941
6157,-2.8894834518432617
6158,-10.481239318847656
6159,12.387354850769043
6160,-2.710970878601074
6161,-12.966333389282227
6162,12.661589622497559
6163,-2.8436899185180664
6164,-6.9021100997924805
6165,13.238263130187988
6166,-3.407444953918457
6167,-11.20152473449707
6168,13.216296195983887
6169,-3.484755516052246
6170,-9.46017837524414
6171,8.88854694366455
6172,-3.675662040710449
6173,-17.959245681762695
6174,9.331852912902832
6175,-3.6558303833007812
6176,0.21705245971679688
6177,4.980900764465332
6178,-5.125909805297852
6179,-18.119335174560547
6180,5.687960624694824
6181,-5.168780326843262
6182,1.922586441040039
6183,1.4313936233520508
6184,-7.044431686401367
6185,-14.981156349182129
6186,3.123110771179199
6187,-6.980515480041504
6188,0.16365909576416016
6189,0.5637655258178711
6190,-7.445508003234863
6191,-17.119850158691406
6192,2.5688695907592773
6193,-7.431248188018799
6194,0.536644458770752
6195,0.7151355743408203
6196,-7.552086353302002
6197,-15.83910846710205
6198,2.3694028854370117
6199,-7.483007907867432
6200,-1.4713523387908936
6201,0.9771661758422852
6202,-7.3422160148620605
6203,-14.44222640991211
6204,2.3262481689453125
6205,-7.2964253425598145
6206,-0.767507791519165
6207,-0.9791679382324219
6208,-2.207263946533203
6209,-10.763551712036133
6210,-0.41427040100097656
6211,-2.688159942626953
6212,2.127448081970215
6213,-6.821026802062988
6214,-5.532905578613281
6215,-13.955484390258789
6216,-2.675900459289551
6217,-5.401332855224609
6218,3.719676971435547
6219,-9.39526653289795
6220,-2.7055978775024414
6221,-5.4070329666137695
6222,-5.874840259552002
6223,-3.380950927734375
6224,9.485044479370117
6225,-9.186275482177734
6226,-1.9965801239013672
6227,-4.163389205932617
6228,-5.9380412101745605
6229,-2.9038915634155273
6230,10.169817924499512
6231,-11.449392318725586
6232,-2.679441452026367
6233,-2.151972770690918
6234,-7.645254135131836
6235,-3.4268150329589844
6236,14.808919906616211
6237,13.434096336364746
6238,-3.295745849609375
6239,-9.99919319152832
6240,13.437626838684082
6241,-2.908909797668457
6242,-10.930671691894531
6243,13.354775428771973
6244,-2.8621768951416016
6245,-10.932342529296875
6246,13.22956371307373
6247,-2.8277673721313477
6248,-10.932754516601562
6249,13.476611137390137
6250,-3.000359535217285
6251,-9.400084495544434
6252,13.432074546813965
6253,-2.9976205825805664
6254,-9.401538848876953
6255,13.383021354675293
6256,-3.000899314880371
6257,-9.402002334594727
6258,12.091399192810059
6259,-2.750584602355957
6260,-12.556422233581543
6261,12.36052417755127
6262,-2.9528913497924805
6263,-5.807365417480469
6264,12.813277244567871
6265,-3.4390201568603516
6266,-10.476381301879883
6267,12.762284278869629
6268,-3.5078439712524414
6269,-8.527095794677734
6270,8.736834526062012
6271,-3.562605857849121
6272,-17.535003662109375
6273,9.203217506408691
6274,-3.6646366119384766
6275,0.663550853729248
6276,4.287323951721191
6277,-4.962159156799316
6278,-17.689693450927734
6279,5.561577796936035
6280,-5.174232482910156
6281,2.857571601867676
6282,1.1270570755004883
6283,-6.968123435974121
6284,-14.71662712097168
6285,2.0671281814575195
6286,-7.111379623413086
6287,1.0162100791931152
6288,0.17467880249023438
6289,-7.399153709411621
6290,-16.685009002685547
6291,1.827153205871582
6292,-7.634729862213135
6293,0.8443584442138672
6294,0.41635608673095703
6295,-7.518120765686035
6296,-15.553034782409668
6297,1.6239957809448242
6298,-7.680849552154541
6299,-0.36402010917663574
6300,0.7341337203979492
6301,-7.299384593963623
6302,-14.216349601745605
6303,1.5658788681030273
6304,-7.480276584625244
6305,0.20699357986450195
6306,-1.1034326553344727
6307,-2.209371566772461
6308,-10.692636489868164
6309,-0.41567325592041016
6310,-2.6846160888671875
6311,2.056361198425293
6312,-6.235652446746826
6313,-5.603682518005371
6314,-13.675724029541016
6315,-2.759493827819824
6316,-5.2740068435668945
6317,2.419682025909424
6318,-9.525978088378906
6319,-2.8271923065185547
6320,-5.732709884643555
6321,-7.514527797698975
6322,-3.008546829223633
6323,7.862166404724121
6324,-9.725669860839844
6325,-2.0550832748413086
6326,-4.546431541442871
6327,-7.749668598175049
6328,-2.484877586364746
6329,8.501228332519531
6330,-12.050989151000977
6331,-2.763507843017578
6332,-3.3575658798217773
6333,-9.671786308288574
6334,-2.996492385864258
6335,10.907170295715332
6336,12.923344612121582
6337,-3.4426069259643555
6338,-7.922436714172363
6339,12.980036735534668
6340,-3.0806360244750977
6341,-8.846246719360352
6342,12.9509916305542
6343,-2.978163719177246
6344,-8.84939193725586
6345,12.536274909973145
6346,-2.975216865539551
6347,-8.848970413208008
6348,13.059338569641113
6349,-3.154186248779297
6350,-7.368779182434082
6351,13.003878593444824
6352,-3.150458335876465
6353,-7.370272636413574
6354,12.825831413269043
6355,-3.1222143173217773
6356,-7.372753143310547
6357,11.697575569152832
6358,-2.867794990539551
6359,-10.295882225036621
6360,12.026314735412598
6361,-3.034243583679199
6362,-3.9695723056793213
6363,11.82950496673584
6364,-3.4862871170043945
6365,-8.303176879882812
6366,11.924851417541504
6367,-3.5623579025268555
6368,-6.470858573913574
6369,8.825860023498535
6370,-3.534027099609375
6371,-15.446920394897461
6372,8.852639198303223
6373,-3.6637086868286133
6374,2.35695219039917
6375,4.214890480041504
6376,-4.869638442993164
6377,-15.589085578918457
6378,5.549542427062988
6379,-5.1294355392456055
6380,4.419179916381836
6381,1.3137493133544922
6382,-6.842501640319824
6383,-12.4261474609375
6384,1.9404582977294922
6385,-7.0067644119262695
6386,2.960775852203369
6387,0.5553903579711914
6388,-7.246222496032715
6389,-14.04690933227539
6390,1.7629642486572266
6391,-7.523541450500488
6392,3.350337028503418
6393,0.6503229141235352
6394,-7.352147102355957
6395,-13.129193305969238
6396,1.5881147384643555
6397,-7.576637268066406
6398,1.3983616828918457
6399,0.919367790222168
6400,-7.142576217651367
6401,-11.976190567016602
6402,1.2872419357299805
6403,-7.387320041656494
6404,2.052672863006592
6405,-1.0758161544799805
6406,-2.203667640686035
6407,-10.546892166137695
6408,-0.45148372650146484
6409,-2.6604013442993164
6410,1.9091033935546875
6411,-5.937808036804199
6412,-5.545753479003906
6413,-13.716727256774902
6414,-2.747051239013672
6415,-5.170449256896973
6416,1.6393065452575684
6417,-9.7178955078125
6418,-2.692072868347168
6419,-9.202369689941406
6420,-7.8469038009643555
6421,-3.15201473236084
6422,5.58695125579834
6423,-9.89766788482666
6424,-1.9746074676513672
6425,-8.49190902709961
6426,-8.198419570922852
6427,-2.6531524658203125
6428,6.065056800842285
6429,-12.274454116821289
6430,-2.797985076904297
6431,-6.499359607696533
6432,-9.961456298828125
6433,-3.2513198852539062
6434,7.418153762817383
6435,12.061566352844238
6436,-3.316411018371582
6437,-5.232522964477539
6438,12.274128913879395
6439,-3.0234460830688477
6440,-6.607036590576172
6441,12.226704597473145
6442,-2.972231864929199
6443,-6.6110992431640625
6444,12.045794486999512
6445,-2.955002784729004
6446,-6.611625671386719
6447,12.355254173278809
6448,-3.023386001586914
6449,-4.9482269287109375
6450,12.333104133605957
6451,-2.9914588928222656
6452,-4.949720859527588
6453,12.26960277557373
6454,-2.949925422668457
6455,-4.953852653503418
6456,11.316121101379395
6457,-2.750894546508789
6458,-9.95616340637207
6459,11.605114936828613
6460,-2.7076826095581055
6461,-2.8569061756134033
6462,11.199023246765137
6463,-3.3359718322753906
6464,-6.427196502685547
6465,11.286141395568848
6466,-3.3405094146728516
6467,-4.325675964355469
6468,8.39146900177002
6469,-3.201714515686035
6470,-15.159473419189453
6471,8.43335247039795
6472,-3.058809280395508
6473,2.357177257537842
6474,3.181004524230957
6475,-4.8117523193359375
6476,-15.179388999938965
6477,4.427767753601074
6478,-4.531524658203125
6479,4.385658264160156
6480,0.22896480560302734
6481,-6.679797172546387
6482,-11.102470397949219
6483,0.8928813934326172
6484,-6.6520185470581055
6485,2.9696383476257324
6486,-0.8212242126464844
6487,-7.100695610046387
6488,-12.272344589233398
6489,0.5758371353149414
6490,-7.268768310546875
6491,3.308424949645996
6492,-0.4106254577636719
6493,-7.2198920249938965
6494,-11.554691314697266
6495,0.4647407531738281
6496,-7.311677932739258
6497,1.390049934387207
6498,0.06288719177246094
6499,-6.996275901794434
6500,-10.731949806213379
6501,0.40643310546875
6502,-7.217410087585449
6503,2.0739340782165527
6504,-1.8989648818969727
6505,-2.3021068572998047
6506,-10.17182731628418
6507,-0.49428558349609375
6508,-2.44997501373291
6509,1.5292081832885742
6510,-3.360504150390625
6511,-5.974492073059082
6512,-11.53982162475586
6513,0.5870046615600586
6514,-5.525053977966309
6515,2.8507862091064453
6516,-9.192282676696777
6517,-4.544068336486816
6518,-6.574214935302734
6519,-5.833872318267822
6520,-5.154122352600098
6521,5.6277971267700195
6522,-9.731693267822266
6523,-3.8780202865600586
6524,-5.809335231781006
6525,-5.819956302642822
6526,-4.795747756958008
6527,5.801806449890137
6528,-11.431214332580566
6529,-5.599334716796875
6530,-3.9650166034698486
6531,-7.130578994750977
6532,-5.842277526855469
6533,6.4585676193237305
6534,11.490578651428223
6535,-2.9748010635375977
6536,-2.740133762359619
6537,11.687199592590332
6538,-2.674201011657715
6539,-3.2909421920776367
6540,11.659056663513184
6541,-2.600846290588379
6542,-3.296598434448242
6543,11.51074504852295
6544,-2.5339183807373047
6545,-3.300537109375
6546,11.749608039855957
6547,-2.7859458923339844
6548,-2.059396505355835
6549,11.742444038391113
6550,-2.804734230041504
6551,-2.0600051879882812
6552,11.699164390563965
6553,-2.8166494369506836
6554,-2.068504571914673
6555,10.841876029968262
6556,-2.3175039291381836
6557,-3.9532668590545654
6558,11.113646507263184
6559,-2.6657285690307617
6560,1.367506504058838
6561,10.771199226379395
6562,-2.9338178634643555
6563,-2.9620585441589355
6564,10.805611610412598
6565,-3.0945262908935547
6566,-1.3946433067321777
6567,8.238924980163574
6568,-2.615447998046875
6569,-9.932194709777832
6570,8.070658683776855
6571,-2.913090705871582
6572,6.918490409851074
6573,2.88101863861084
6574,-4.299717903137207
6575,-12.339131355285645
6576,4.187439918518066
6577,-4.019205093383789
6578,11.74144172668457
6579,-0.25708580017089844
6580,-6.503532409667969
6581,-10.798398971557617
6582,1.3779630661010742
6583,-6.111591339111328
6584,13.200475692749023
6585,-1.1969890594482422
6586,-7.051077842712402
6587,-12.096700668334961
6588,1.0522451400756836
6589,-6.687198638916016
6590,14.134012222290039
6591,-0.4301290512084961
6592,-7.011487007141113
6593,-11.63950252532959
6594,0.9896059036254883
6595,-6.809749603271484
6596,12.338838577270508
6597,-0.39809131622314453
6598,-6.826363563537598
6599,-10.538628578186035
6600,0.996403694152832
6601,-6.612287521362305
6602,12.484596252441406
6603,-2.011977195739746
6604,-2.306929588317871
6605,-9.997793197631836
6606,-0.8565120697021484
6607,-2.433452606201172
6608,1.346684455871582
6609,0.07072830200195312
6610,-6.140105247497559
6611,-11.682777404785156
6612,2.4768190383911133
6613,-5.408980369567871
6614,2.515036106109619
6615,-7.773857116699219
6616,-6.067621231079102
6617,-9.682348251342773
6618,-5.277501106262207
6619,-5.907280921936035
6620,-0.772707462310791
6621,-8.875875473022461
6622,-5.623893737792969
6623,-9.348735809326172
6624,-5.827486991882324
6625,-5.32676887512207
6626,-1.1914215087890625
6627,-9.23857593536377
6628,-7.6268110275268555
6629,-9.461054801940918
6630,-6.421848297119141
6631,-6.863935470581055
6632,-2.3731822967529297
6633,11.19763469696045
6634,-2.9409780502319336
6635,-1.1256375312805176
6636,11.386094093322754
6637,-2.6539602279663086
6638,-1.921449899673462
6639,11.361353874206543
6640,-2.5838794708251953
6641,-1.9268498420715332
6642,11.233307838439941
6643,-2.515913963317871
6644,-1.9300999641418457
6645,11.444628715515137
6646,-2.757033348083496
6647,-0.4433419704437256
6648,11.443800926208496
6649,-2.7727508544921875
6650,-0.4443638324737549
6651,11.411040306091309
6652,-2.7840518951416016
6653,-0.4555084705352783
6654,10.609818458557129
6655,-2.274319648742676
6656,-3.280747890472412
6657,10.87984561920166
6658,-2.6137218475341797
6659,3.261435031890869
6660,10.538615226745605
6661,-2.887216567993164
6662,-1.5134429931640625
6663,10.553580284118652
6664,-3.0380191802978516
6665,0.38129234313964844
6666,7.995974540710449
6667,-2.478440284729004
6668,-9.624212265014648
6669,7.884955406188965
6670,-2.7673540115356445
6671,9.000733375549316
6672,2.8727331161499023
6673,-4.091362953186035
6674,-12.805620193481445
6675,3.968672752380371
6676,-3.8002166748046875
6677,12.792537689208984
6678,-0.17126083374023438
6679,-6.358699798583984
6680,-11.474567413330078
6681,1.4102535247802734
6682,-5.915841102600098
6683,12.08620834350586
6684,-0.9634618759155273
6685,-6.944578170776367
6686,-12.888219833374023
6687,1.0323543548583984
6688,-6.536842346191406
6689,12.763008117675781
6690,-0.37199878692626953
6691,-6.948267936706543
6692,-12.493133544921875
6693,0.9839334487915039
6694,-6.660694122314453
6695,10.881441116333008
6696,-0.16481304168701172
6697,-6.748991012573242
6698,-11.23621940612793
6699,1.0298070907592773
6700,-6.4039411544799805
6701,11.269481658935547
6702,-2.1971778869628906
6703,-2.340679168701172
6704,-10.029354095458984
6705,-1.3373489379882812
6706,-2.462660789489746
6707,1.3654813766479492
6708,1.1919641494750977
6709,-5.877216339111328
6710,-12.220978736877441
6711,2.7273664474487305
6712,-5.269072532653809
6713,2.6933913230895996
6714,-7.454174518585205
6715,-6.0540571212768555
6716,-12.569196701049805
6717,-4.876206398010254
6718,-5.595808982849121
6719,-1.9469797611236572
6720,-8.772676467895508
6721,-5.521720886230469
6722,-12.371991157531738
6723,-5.751962184906006
6724,-5.220938682556152
6725,-2.5602893829345703
6726,-8.677349090576172
6727,-7.696650505065918
6728,-12.720049858093262
6729,-6.169251918792725
6730,-6.655426979064941
6731,-4.078181743621826
6732,8.700757026672363
6733,-3.1045122146606445
6734,-0.2274913787841797
6735,9.341496467590332
6736,-2.865999221801758
6737,-1.0664405822753906
6738,9.379019737243652
6739,-2.801158905029297
6740,-1.065422534942627
6741,9.406092643737793
6742,-2.7423439025878906
6743,-1.0655357837677002
6744,9.324437141418457
6745,-2.9468393325805664
6746,0.3443474769592285
6747,9.34172534942627
6748,-2.9510679244995117
6749,0.34111642837524414
6750,9.359827995300293
6751,-2.9524526596069336
6752,0.3323550224304199
6753,9.51807689666748
6754,-2.4359302520751953
6755,-2.557426929473877
6756,9.51212215423584
6757,-2.7329492568969727
6758,3.9882678985595703
6759,8.304778099060059
6760,-2.965146064758301
6761,-0.6113479137420654
6762,8.263213157653809
6763,-3.081575393676758
6764,1.269212245941162
6765,7.689435005187988
6766,-1.854008674621582
6767,-5.951766014099121
6768,7.45688533782959
6769,-2.7058544158935547
6770,7.66780948638916
6771,2.7747182846069336
6772,-3.322916030883789
6773,-5.779525279998779
6774,3.8657941818237305
6775,-3.63478946685791
6776,9.487793922424316
6777,0.9683237075805664
6778,-4.954095840454102
6779,-1.3823018074035645
6780,2.638352394104004
6781,-5.044391632080078
6782,3.5503859519958496
6783,0.4393730163574219
6784,-5.354439735412598
6785,-1.4618189334869385
6786,2.5201616287231445
6787,-5.427634239196777
6788,3.2572097778320312
6789,0.8627376556396484
6790,-5.255649566650391
6791,-1.7308971881866455
6792,3.887692451477051
6793,-5.545514106750488
6794,2.043135166168213
6795,0.9992027282714844
6796,-5.1067962646484375
6797,-1.2810850143432617
6798,3.088019371032715
6799,-5.352619171142578
6800,2.943575859069824
6801,-1.756256103515625
6802,-2.122603416442871
6803,-9.307332992553711
6804,-1.2451648712158203
6805,-2.4990339279174805
6806,0.6391115188598633
6807,2.97373104095459
6808,-4.13546085357666
6809,-16.46355628967285
6810,4.330679893493652
6811,-4.6020917892456055
6812,-1.7068674564361572
6813,-0.10719013214111328
6814,-5.626944541931152
6815,-25.24475860595703
6816,0.20276832580566406
6817,-5.532692909240723
6818,-18.074356079101562
6819,-1.2025480270385742
6820,-5.603842735290527
6821,-26.000431060791016
6822,-1.2265186309814453
6823,-5.478945732116699
6824,-19.851383209228516
6825,0.8653545379638672
6826,-7.533679962158203
6827,-28.314851760864258
6828,1.0213584899902344
6829,-6.250155448913574
6830,-22.663185119628906
6831,8.791104316711426
6832,-3.249741554260254
6833,-2.910998582839966
6834,9.657706260681152
6835,-3.0367965698242188
6836,-4.801881790161133
6837,9.684643745422363
6838,-3.0378036499023438
6839,-4.807809352874756
6840,9.756604194641113
6841,-3.0086278915405273
6842,-4.818319320678711
6843,9.649165153503418
6844,-3.018861770629883
6845,-2.530663251876831
6846,9.660733222961426
6847,-3.013662338256836
6848,-2.5298514366149902
6849,9.69783878326416
6850,-2.999835968017578
6851,-2.5408778190612793
6852,9.931431770324707
6853,-2.5695295333862305
6854,-8.919748306274414
6855,9.892558097839355
6856,-2.789973258972168
6857,0.5266962051391602
6858,8.502591133117676
6859,-3.111448287963867
6860,-4.521822929382324
6861,8.496167182922363
6862,-3.205857276916504
6863,-1.4885578155517578
6864,7.566563606262207
6865,-1.9130077362060547
6866,-13.687691688537598
6867,7.501320838928223
6868,-2.5027084350585938
6869,7.287171363830566
6870,1.4935808181762695
6871,-2.855581283569336
6872,-13.949426651000977
6873,3.190415382385254
6874,-3.104416847229004
6875,8.822101593017578
6876,-0.16018295288085938
6877,-5.141447067260742
6878,-4.714632034301758
6879,2.4918203353881836
6880,-4.593057632446289
6881,7.481943130493164
6882,-0.8592014312744141
6883,-5.53427791595459
6884,-7.539546012878418
6885,2.3642492294311523
6886,-4.923702239990234
6887,7.988943099975586
6888,-0.21695423126220703
6889,-5.564018249511719
6890,-6.589041709899902
6891,3.2312135696411133
6892,-5.103764533996582
6893,6.435025215148926
6894,0.03304004669189453
6895,-5.395358085632324
6896,-4.576480865478516
6897,2.867131233215332
6898,-4.982877731323242
6899,6.7557525634765625
6900,-2.1213932037353516
6901,-2.0667638778686523
6902,-9.675578117370605
6903,-1.1235589981079102
6904,-2.409099578857422
6905,1.019169807434082
6906,1.973525047302246
6907,-5.344901084899902
6908,-13.901885986328125
6909,4.669735908508301
6910,-4.77928352355957
6911,1.3124504089355469
6912,-1.6192054748535156
6913,-6.936226844787598
6914,-8.52479362487793
6915,-1.0199813842773438
6916,-6.252606391906738
6917,-2.8043501377105713
6918,-3.1868066787719727
6919,-7.029096603393555
6920,-7.812338829040527
6921,-1.7474355697631836
6922,-6.125544548034668
6923,-2.918513536453247
6924,-1.9975624084472656
6925,-8.521784782409668
6926,-8.023792266845703
6927,-1.1679162979125977
6928,-7.73594331741333
6929,-3.505936861038208
6930,8.827874183654785
6931,-2.4769582748413086
6932,-16.59486961364746
6933,9.508196830749512
6934,-2.197235107421875
6935,-17.479263305664062
6936,9.48100757598877
6937,-2.118523597717285
6938,-17.478374481201172
6939,9.47801685333252
6940,-2.031968116760254
6941,-17.48419952392578
6942,9.606595039367676
6943,-2.3210067749023438
6944,-16.215984344482422
6945,9.64282512664795
6946,-2.3440542221069336
6947,-16.223827362060547
6948,9.691720008850098
6949,-2.364108085632324
6950,-16.228683471679688
6951,9.380000114440918
6952,-1.6184234619140625
6953,-18.252342224121094
6954,9.74117374420166
6955,-2.105916976928711
6956,-12.606287956237793
6957,8.265240669250488
6958,-2.2912168502807617
6959,-16.641502380371094
6960,8.395485877990723
6961,-2.48471736907959
6962,-14.985345840454102
6963,5.9919843673706055
6964,-1.0534048080444336
6965,-19.354080200195312
6966,7.465258598327637
6967,-2.2915382385253906
6968,-6.560953140258789
6969,0.40704822540283203
6970,-2.367274284362793
6971,-17.020404815673828
6972,3.3992509841918945
6973,-3.260467529296875
6974,-3.446695327758789
6975,0.4567089080810547
6976,-4.614191055297852
6977,-8.715831756591797
6978,2.987717628479004
6979,-4.569820404052734
6980,-5.2798686027526855
6981,0.12065410614013672
6982,-5.044909477233887
6983,-11.039555549621582
6984,2.798153877258301
6985,-4.960927963256836
6986,-5.3624114990234375
6987,0.6118631362915039
6988,-5.040522575378418
6989,-10.250455856323242
6990,3.4921884536743164
6991,-4.991083145141602
6992,-6.61939001083374
6993,0.8291425704956055
6994,-4.967227935791016
6995,-8.376375198364258
6996,3.2731504440307617
6997,-4.822117805480957
6998,-5.846805095672607
6999,-2.0093536376953125
7000,-1.7124176025390625
7001,-9.056171417236328
7002,-0.6542072296142578
7003,-2.3078994750976562
7004,0.409512996673584
7005,0.7116241455078125
7006,-4.226871490478516
7007,-19.06910514831543
7008,5.272679328918457
7009,-4.876855850219727
7010,-6.020397186279297
7011,-0.1694660186767578
7012,-6.7830095291137695
7013,-17.142044067382812
7014,0.2564573287963867
7015,-7.483596324920654
7016,-11.508742332458496
7017,-1.3402824401855469
7018,-7.297475814819336
7019,-16.7950439453125
7020,-1.297764778137207
7021,-7.698706150054932
7022,-12.142904281616211
7023,1.985518455505371
7024,-8.323775291442871
7025,-19.57555389404297
7026,0.9031782150268555
7027,-8.727060317993164
7028,-15.050030708312988
7029,8.867297172546387
7030,-2.287792205810547
7031,-13.57249641418457
7032,9.6304292678833
7033,-2.037947654724121
7034,-14.657208442687988
7035,9.58935260772705
7036,-1.9660673141479492
7037,-14.659441947937012
7038,9.603493690490723
7039,-1.8924922943115234
7040,-14.665600776672363
7041,9.748747825622559
7042,-2.1124744415283203
7043,-12.94074821472168
7044,9.786822319030762
7045,-2.1063365936279297
7046,-12.946396827697754
7047,9.850300788879395
7048,-2.0980072021484375
7049,-12.950811386108398
7050,9.463608741760254
7051,-1.4584522247314453
7052,-17.015872955322266
7053,9.821793556213379
7054,-1.7261981964111328
7055,-9.231904983520508
7056,8.377976417541504
7057,-2.1004629135131836
7058,-14.245706558227539
7059,8.48607349395752
7060,-2.21722412109375
7061,-11.987871170043945
7062,5.8871870040893555
7063,-0.9957981109619141
7064,-19.864185333251953
7065,7.435359001159668
7066,-1.6900014877319336
7067,-3.261591911315918
7068,0.21339988708496094
7069,-2.473546028137207
7070,-19.94057846069336
7071,3.0744543075561523
7072,-2.68798828125
7073,0.6252508163452148
7074,0.9722461700439453
7075,-4.762523651123047
7076,-14.5584135055542
7077,2.892500877380371
7078,-4.289724349975586
7079,-0.4059131145477295
7080,0.5999231338500977
7081,-5.300257682800293
7082,-15.796247482299805
7083,2.817824363708496
7084,-4.667231559753418
7085,-0.06842470169067383
7086,0.8345489501953125
7087,-5.237855911254883
7088,-15.003660202026367
7089,3.4223814010620117
7090,-4.831260681152344
7091,-1.6480660438537598
7092,1.1559677124023438
7093,-5.00156307220459
7094,-14.184978485107422
7095,3.2255430221557617
7096,-4.691039085388184
7097,-1.1306648254394531
7098,-1.8717870712280273
7099,-1.6023778915405273
7100,-9.290006637573242
7101,-0.4278392791748047
7102,-2.3030357360839844
7103,0.6400294303894043
7104,0.8582344055175781
7105,-4.047839164733887
7106,-17.196958541870117
7107,5.237473487854004
7108,-4.7173662185668945
7109,-2.825028896331787
7110,0.5114927291870117
7111,-6.829033851623535
7112,-15.279305458068848
7113,1.0421247482299805
7114,-7.310816287994385
7115,-5.087285995483398
7116,-0.3199605941772461
7117,-7.319395065307617
7118,-14.150175094604492
7119,-0.26056575775146484
7120,-7.658470630645752
7121,-5.4051032066345215
7122,2.930020332336426
7123,-8.223143577575684
7124,-13.964167594909668
7125,2.70316219329834
7126,-8.355902671813965
7127,-7.6411333084106445
7128,8.678898811340332
7129,-0.661219596862793
7130,-11.574373245239258
7131,8.978644371032715
7132,-0.39179325103759766
7133,-12.299394607543945
7134,8.918307304382324
7135,-0.34644508361816406
7136,-12.300501823425293
7137,8.881447792053223
7138,-0.3005332946777344
7139,-12.301107406616211
7140,9.064921379089355
7141,-0.47084903717041016
7142,-12.568178176879883
7143,9.065882682800293
7144,-0.4875068664550781
7145,-12.595429420471191
7146,9.079634666442871
7147,-0.5022974014282227
7148,-12.643495559692383
7149,8.541960716247559
7150,-0.1367330551147461
7151,-12.836536407470703
7152,8.809378623962402
7153,-0.41763973236083984
7154,-6.91140079498291
7155,8.211255073547363
7156,-0.7205934524536133
7157,-11.155908584594727
7158,8.306891441345215
7159,-0.810633659362793
7160,-10.933576583862305
7161,5.901364326477051
7162,-0.604217529296875
7163,-13.46617317199707
7164,7.32576847076416
7165,-0.7510557174682617
7166,-0.8097128868103027
7167,0.9737024307250977
7168,-1.7354555130004883
7169,-11.866939544677734
7170,2.8044137954711914
7171,-1.701521873474121
7172,0.9711270332336426
7173,1.1913585662841797
7174,-2.8575382232666016
7175,-7.5065717697143555
7176,2.305593490600586
7177,-2.338595390319824
7178,-0.9127864837646484
7179,0.8749027252197266
7180,-3.1000633239746094
7181,-7.813419342041016
7182,2.101923942565918
7183,-2.4304208755493164
7184,-0.17669391632080078
7185,1.2116813659667969
7186,-2.9970884323120117
7187,-7.461809158325195
7188,2.511815071105957
7189,-2.5187902450561523
7190,-1.5639843940734863
7191,1.4379339218139648
7192,-2.914152145385742
7193,-7.175591468811035
7194,2.496129035949707
7195,-2.496255874633789
7196,-1.3797450065612793
7197,-2.052138328552246
7198,-1.2098121643066406
7199,-8.669294357299805
7200,-0.8800201416015625
7201,-1.7378826141357422
7202,0.030488967895507812
7203,0.7272844314575195
7204,-2.1058712005615234
7205,-17.570018768310547
7206,3.6435747146606445
7207,-3.451120376586914
7208,3.9458179473876953
7209,1.4547195434570312
7210,-5.712449073791504
7211,-22.63530158996582
7212,1.7415838241577148
7213,-6.920989990234375
7214,-3.255831718444824
7215,0.7368011474609375
7216,-6.587312698364258
7217,-22.951162338256836
7218,0.8521461486816406
7219,-6.394861221313477
7220,-3.8916432857513428
7221,4.472834587097168
7222,-6.4493207931518555
7223,-22.652297973632812
7224,3.3569040298461914
7225,-6.344223976135254
7226,-3.8240723609924316
7227,8.552706718444824
7228,-0.2820558547973633
7229,-14.853986740112305
7230,8.659092903137207
7231,0.037184715270996094
7232,-15.868592262268066
7233,8.550572395324707
7234,0.08226871490478516
7235,-15.868912696838379
7236,8.450642585754395
7237,0.12688159942626953
7238,-15.871515274047852
7239,8.836627006530762
7240,-0.03246498107910156
7241,-14.664115905761719
7242,8.855683326721191
7243,-0.04848670959472656
7244,-14.67063045501709
7245,8.88110065460205
7246,-0.06297779083251953
7247,-14.680794715881348
7248,7.877232551574707
7249,0.24827289581298828
7250,-16.940176010131836
7251,8.465205192565918
7252,0.004622459411621094
7253,-10.963958740234375
7254,7.98459529876709
7255,-0.39263439178466797
7256,-14.936931610107422
7257,8.185017585754395
7258,-0.4831714630126953
7259,-13.366530418395996
7260,5.281785011291504
7261,-0.4198770523071289
7262,-19.07394027709961
7263,7.047619819641113
7264,-0.6314125061035156
7265,-4.674790382385254
7266,1.13214111328125
7267,-1.967249870300293
7268,-17.739524841308594
7269,3.041998863220215
7270,-1.6721067428588867
7271,-2.906351327896118
7272,1.3553075790405273
7273,-3.4771947860717773
7274,-14.2268648147583
7275,2.094283103942871
7276,-2.604966163635254
7277,-5.914425849914551
7278,1.0315465927124023
7279,-3.5280275344848633
7280,-15.08437728881836
7281,1.782827377319336
7282,-2.866917610168457
7283,-5.3896307945251465
7284,1.3829622268676758
7285,-3.4279823303222656
7286,-14.82249927520752
7287,1.9180030822753906
7288,-2.8563032150268555
7289,-7.041836738586426
7290,1.5207719802856445
7291,-3.4702043533325195
7292,-13.956021308898926
7293,1.9768810272216797
7294,-2.747197151184082
7295,-6.534276962280273
7296,-2.455556869506836
7297,-1.1756744384765625
7298,-8.926983833312988
7299,-0.8919849395751953
7300,-1.5396089553833008
7301,0.28314971923828125
7302,0.10371589660644531
7303,-2.3256311416625977
7304,-19.2344970703125
7305,4.884892463684082
7306,-3.4379329681396484
7307,2.165346622467041
7308,1.3225469589233398
7309,-4.084044456481934
7310,-12.039243698120117
7311,1.4137496948242188
7312,-5.200380325317383
7313,-1.3505659103393555
7314,1.4663009643554688
7315,-4.090702056884766
7316,-10.275029182434082
7317,0.8342075347900391
7318,-4.839617729187012
7319,-1.7891066074371338
7320,3.1602983474731445
7321,-5.146258354187012
7322,-6.581749439239502
7323,1.6975364685058594
7324,-4.941432952880859
7325,-1.2951459884643555
7326,9.210692405700684
7327,-1.54998779296875
7328,-11.301956176757812
7329,9.57724666595459
7330,-0.5577049255371094
7331,-10.002052307128906
7332,9.54215145111084
7333,-0.22839736938476562
7334,-10.007855415344238
7335,9.538838386535645
7336,0.0881500244140625
7337,-10.010580062866211
7338,9.51961612701416
7339,-0.7352628707885742
7340,-11.296947479248047
7341,9.449564933776855
7342,-0.5966682434082031
7343,-11.298493385314941
7344,9.400115013122559
7345,-0.4198579788208008
7346,-11.29757308959961
7347,9.136940956115723
7348,-1.3187589645385742
7349,-6.979215621948242
7350,8.922266960144043
7351,-1.2877731323242188
7352,-10.923253059387207
7353,8.702715873718262
7354,-1.5422306060791016
7355,-8.672584533691406
7356,8.629057884216309
7357,-1.6248140335083008
7358,-10.00613784790039
7359,6.267510414123535
7360,-0.8540573120117188
7361,-2.962629556655884
7362,7.009488105773926
7363,-1.3309640884399414
7364,-13.667337417602539
7365,1.3735017776489258
7366,-2.358830451965332
7367,-3.170603036880493
7368,2.252535820007324
7369,-1.9000415802001953
7370,-11.850858688354492
7371,0.8891324996948242
7372,-1.9650001525878906
7373,-5.027260780334473
7374,0.712559700012207
7375,-1.8842153549194336
7376,-6.512143611907959
7377,0.5656795501708984
7378,-1.8223562240600586
7379,-4.671647548675537
7380,0.3287992477416992
7381,-1.6414623260498047
7382,-6.449877738952637
7383,0.8547906875610352
7384,-1.7518730163574219
7385,-5.112288951873779
7386,0.7755661010742188
7387,-1.5773382186889648
7388,-6.384082794189453
7389,0.9471712112426758
7390,-1.8157052993774414
7391,-5.2486090660095215
7392,0.9034461975097656
7393,-1.621805191040039
7394,-6.334859848022461
7395,-2.293027877807617
7396,-2.426468849182129
7397,-0.4744532108306885
7398,-1.4917497634887695
7399,-2.796158790588379
7400,-8.15899658203125
7401,0.972259521484375
7402,-2.2119789123535156
7403,8.653449058532715
7404,0.6683740615844727
7405,-3.3775415420532227
7406,-18.991743087768555
7407,1.686081886291504
7408,-2.4355459213256836
7409,14.071496963500977
7410,1.2348804473876953
7411,-2.4911842346191406
7412,-21.134719848632812
7413,1.396346092224121
7414,-2.1827449798583984
7415,14.723798751831055
7416,0.9170618057250977
7417,-2.244267463684082
7418,-21.111614227294922
7419,3.3500185012817383
7420,-2.8303089141845703
7421,16.14054298400879
7422,3.4194135665893555
7423,-1.685922622680664
7424,-22.671037673950195
7425,10.883893013000488
7426,-2.023387908935547
7427,-16.59526824951172
7428,11.357563972473145
7429,-0.7170619964599609
7430,-16.118331909179688
7431,11.425066947937012
7432,-0.4978675842285156
7433,-16.12448501586914
7434,11.508183479309082
7435,-0.25891685485839844
7436,-16.127614974975586
7437,10.994418144226074
7438,-1.1903667449951172
7439,-17.361560821533203
7440,10.807429313659668
7441,-1.3396072387695312
7442,-17.36454200744629
7443,10.63196086883545
7444,-1.4472007751464844
7445,-17.367355346679688
7446,11.04179859161377
7447,-2.0294504165649414
7448,-12.02393913269043
7449,9.85117244720459
7450,-2.4685096740722656
7451,-17.973276138305664
7452,10.430310249328613
7453,-1.927389144897461
7454,-14.857275009155273
7455,10.00634479522705
7456,-2.036317825317383
7457,-16.45340347290039
7458,8.651082038879395
7459,-1.1804618835449219
7460,-7.9441022872924805
7461,6.945927619934082
7462,-1.5228548049926758
7463,-19.068077087402344
7464,3.5600805282592773
7465,-1.9364814758300781
7466,-6.7821807861328125
7467,1.870835304260254
7468,-1.7532434463500977
7469,-18.230754852294922
7470,1.1312036514282227
7471,-1.1208419799804688
7472,-8.13648796081543
7473,0.2877674102783203
7474,-0.4415874481201172
7475,-16.049036026000977
7476,1.0233211517333984
7477,-0.9270830154418945
7478,-8.46226692199707
7479,-0.10489845275878906
7480,-0.11821174621582031
7481,-17.31926727294922
7482,1.0034446716308594
7483,-0.8075103759765625
7484,-8.908620834350586
7485,0.5933666229248047
7486,-0.0976877212524414
7487,-17.417219161987305
7488,1.1964750289916992
7489,-0.9051437377929688
7490,-8.31987190246582
7491,0.7418737411499023
7492,-0.21445369720458984
7493,-16.11589813232422
7494,0.2669677734375
7495,-2.510854721069336
7496,-0.7654228210449219
7497,-1.1814117431640625
7498,-2.858186721801758
7499,-7.875007152557373
7500,0.8016738891601562
7501,-2.3616161346435547
7502,10.113370895385742
7503,-2.30963134765625
7504,-3.5486316680908203
7505,-11.181519508361816
7506,0.17060565948486328
7507,-2.0683364868164062
7508,19.464401245117188
7509,0.26058387756347656
7510,-2.2386465072631836
7511,-13.599218368530273
7512,-0.0917806625366211
7513,-1.9017839431762695
7514,20.572961807250977
7515,0.1202688217163086
7516,-2.149181365966797
7517,-5.694275856018066
7518,1.2217817306518555
7519,-1.4829301834106445
7520,22.523454666137695
7521,1.4276647567749023
7522,-1.0151243209838867
7523,-0.8124542236328125
7524,11.639033317565918
7525,-2.197744369506836
7526,-8.278610229492188
7527,11.990973472595215
7528,-1.6845684051513672
7529,-7.092723369598389
7530,11.976513862609863
7531,-1.7421178817749023
7532,-7.0977630615234375
7533,11.967490196228027
7534,-1.7741680145263672
7535,-7.1017560958862305
7536,11.873507499694824
7537,-1.7512130737304688
7538,-11.388989448547363
7539,11.777091026306152
7540,-1.870880126953125
7541,-11.399011611938477
7542,11.685502052307129
7543,-1.961777687072754
7544,-11.410947799682617
7545,11.304409980773926
7546,-2.9553794860839844
7547,-3.3114471435546875
7548,10.845526695251465
7549,-2.8825645446777344
7550,-12.104372024536133
7551,10.900988578796387
7552,-1.9638290405273438
7553,-6.208225727081299
7554,10.748074531555176
7555,-2.2128000259399414
7556,-13.005252838134766
7557,8.157315254211426
7558,-2.6772260665893555
7559,2.7110486030578613
7560,7.1905317306518555
7561,-2.3884973526000977
7562,-16.10141944885254
7563,3.30509090423584
7564,-2.0874691009521484
7565,3.364245891571045
7566,2.3109731674194336
7567,-1.8351984024047852
7568,-15.022566795349121
7569,1.3398799896240234
7570,-2.423407554626465
7571,-1.1796879768371582
7572,1.0242605209350586
7573,-1.8668994903564453
7574,-9.34196949005127
7575,1.2661237716674805
7576,-2.414508819580078
7577,-1.5036027431488037
7578,0.7105350494384766
7579,-1.619232177734375
7580,-10.142732620239258
7581,1.4122514724731445
7582,-2.263824462890625
7583,-2.5795063972473145
7584,1.2193593978881836
7585,-1.5250225067138672
7586,-9.922294616699219
7587,1.5881290435791016
7588,-2.245634078979492
7589,-1.8333096504211426
7590,1.2856225967407227
7591,-1.6710014343261719
7592,-9.101556777954102
7593,-0.21375465393066406
7594,-3.1771793365478516
7595,2.2768945693969727
7596,-1.6858482360839844
7597,-3.2400522232055664
7598,-10.921944618225098
7599,1.8421392440795898
7600,-1.1876611709594727
7601,13.463891983032227
7602,-0.30849361419677734
7603,-1.6777820587158203
7604,-22.700637817382812
7605,0.12458133697509766
7606,-0.5471925735473633
7607,22.86945152282715
7608,0.025885581970214844
7609,-0.16479969024658203
7610,-16.3861083984375
7611,-0.4098367691040039
7612,-0.5210685729980469
7613,23.720670700073242
7614,-0.37524890899658203
7615,-0.1680154800415039
7616,-15.206043243408203
7617,1.236973762512207
7618,-0.024491310119628906
7619,23.25322723388672
7620,1.8973503112792969
7621,0.9322500228881836
7622,-16.617996215820312
7623,0.7778892517089844
7624,2.3575849533081055
7625,-9.075772285461426
7626,0.500579833984375
7627,2.73270320892334
7628,-9.861027717590332
7629,0.5113716125488281
7630,2.735196113586426
7631,-9.861579895019531
7632,0.37217140197753906
7633,2.738398551940918
7634,-9.863874435424805
7635,0.46050071716308594
7636,2.540175437927246
7637,-8.080121994018555
7638,0.46106719970703125
7639,2.5185060501098633
7640,-8.081239700317383
7641,0.4592885971069336
7642,2.4973344802856445
7643,-8.08308219909668
7644,-0.5983781814575195
7645,2.3407983779907227
7646,-10.749073028564453
7647,0.11671829223632812
7648,2.5390424728393555
7649,-2.5384819507598877
7650,0.6088380813598633
7651,2.111605644226074
7652,-9.252419471740723
7653,0.8048410415649414
7654,2.021090507507324
7655,-6.90740966796875
7656,-0.7114877700805664
7657,1.2375993728637695
7658,-13.392827033996582
7659,0.4621257781982422
7660,0.6291627883911133
7661,5.18858528137207
7662,-1.0400848388671875
7663,0.3370952606201172
7664,-15.53171443939209
7665,1.7702207565307617
7666,-0.984039306640625
7667,8.891552925109863
7668,-1.312516212463379
7669,0.6821527481079102
7670,-13.460978507995605
7671,1.975830078125
7672,-1.6548128128051758
7673,6.701537132263184
7674,-1.632817268371582
7675,0.8787164688110352
7676,-14.51401138305664
7677,1.7756080627441406
7678,-1.8744678497314453
7679,7.811260223388672
7680,-1.7103796005249023
7681,0.9285459518432617
7682,-13.910604476928711
7683,2.0097885131835938
7684,-1.7861099243164062
7685,5.937014579772949
7686,-1.5616979598999023
7687,0.8303136825561523
7688,-13.173569679260254
7689,2.045271873474121
7690,-1.6821250915527344
7691,5.886399269104004
7692,-0.9800615310668945
7693,-2.8419151306152344
7694,-10.391473770141602
7695,-0.25492000579833984
7696,-2.9779834747314453
7697,1.7551188468933105
7698,1.143519401550293
7699,-0.17917633056640625
7700,-19.244544982910156
7701,4.214018821716309
7702,-0.8368854522705078
7703,-7.318794250488281
7704,3.614874839782715
7705,0.44153308868408203
7706,-20.890466690063477
7707,9.829026222229004
7708,0.05683612823486328
7709,-18.135135650634766
7710,3.951888084411621
7711,0.13112258911132812
7712,-21.21695327758789
7713,11.115513801574707
7714,0.052834510803222656
7715,-19.51862335205078
7716,4.440281867980957
7717,1.845931053161621
7718,-25.571800231933594
7719,11.276314735412598
7720,1.598301887512207
7721,-23.928325653076172
7722,0.7477855682373047
7723,2.3747243881225586
7724,-13.930646896362305
7725,0.5001592636108398
7726,2.7383623123168945
7727,-14.622319221496582
7728,0.5049676895141602
7729,2.7411413192749023
7730,-14.622089385986328
7731,0.3729066848754883
7732,2.7431840896606445
7733,-14.626897811889648
7734,0.5363025665283203
7735,2.627682685852051
7736,-13.018542289733887
7737,0.531458854675293
7738,2.6147966384887695
7739,-13.021305084228516
7740,0.5284957885742188
7741,2.5967187881469727
7742,-13.023977279663086
7743,-0.4662961959838867
7744,2.5316781997680664
7745,-14.607017517089844
7746,0.14281749725341797
7747,2.5719594955444336
7748,-7.175464630126953
7749,0.678074836730957
7750,2.212252616882324
7751,-13.739646911621094
7752,0.8270177841186523
7753,2.163792610168457
7754,-11.617876052856445
7755,-1.1682825088500977
7756,1.235795021057129
7757,-15.453145027160645
7758,0.7666740417480469
7759,0.7391633987426758
7760,0.8405542373657227
7761,-1.6866483688354492
7762,-0.16687774658203125
7763,-13.900504112243652
7764,1.818202018737793
7765,-0.9153823852539062
7766,5.8327836990356445
7767,-1.667984962463379
7768,-0.4355792999267578
7769,-7.997769355773926
7770,1.5354042053222656
7771,-1.6561613082885742
7772,5.542874336242676
7773,-1.8916034698486328
7774,-0.49236583709716797
7775,-7.966528415679932
7776,1.2323007583618164
7777,-1.9356117248535156
7778,6.790874481201172
7779,-1.9153871536254883
7780,-0.443084716796875
7781,-7.889075756072998
7782,1.3093910217285156
7783,-1.8294363021850586
7784,5.173557281494141
7785,-1.7932157516479492
7786,-0.43286800384521484
7787,-7.705543041229248
7788,1.3612041473388672
7789,-1.695143699645996
7790,4.912029266357422
7791,-1.0519609451293945
7792,-2.7744264602661133
7793,-10.130127906799316
7794,0.08694934844970703
7795,-2.9220333099365234
7796,1.4918413162231445
7797,0.5512714385986328
7798,-0.1426715850830078
7799,-18.53619384765625
7800,4.451172828674316
7801,-0.6482515335083008
7802,-5.939486503601074
7803,2.163738250732422
7804,0.5151958465576172
7805,-16.98583984375
7806,10.049586296081543
7807,0.09555339813232422
7808,-14.875266075134277
7809,2.3679866790771484
7810,0.23207759857177734
7811,-16.86278533935547
7812,11.144505500793457
7813,0.037377357482910156
7814,-15.98318099975586
7815,2.970564842224121
7816,1.8503046035766602
7817,-19.762737274169922
7818,11.814000129699707
7819,1.5965337753295898
7820,-19.242637634277344
7821,-1.0086698532104492
7822,3.5501718521118164
7823,-16.242305755615234
7824,-1.547684669494629
7825,3.7569265365600586
7826,-17.507431030273438
7827,-1.6454191207885742
7828,3.715651512145996
7829,-17.507648468017578
7830,-1.6610183715820312
7831,3.70181941986084
7832,-17.513324737548828
7833,-1.5859746932983398
7834,3.7707910537719727
7835,-15.732163429260254
7836,-1.6306753158569336
7837,3.7667322158813477
7838,-15.73684024810791
7839,-1.6518135070800781
7840,3.7613019943237305
7841,-15.733702659606934
7842,-2.070016860961914
7843,3.5631895065307617
7844,-19.246639251708984
7845,-1.927840232849121
7846,3.593564033508301
7847,-11.192203521728516
7848,-1.041487693786621
7849,3.306624412536621
7850,-16.604175567626953
7851,-1.127314567565918
7852,3.334944725036621
7853,-14.283824920654297
7854,-1.350362777709961
7855,1.6778039932250977
7856,-20.11587142944336
7857,-1.9287872314453125
7858,2.1542539596557617
7859,-2.261204719543457
7860,-0.9351930618286133
7861,-0.08533477783203125
7862,-15.283185005187988
7863,-0.665069580078125
7864,0.49645042419433594
7865,3.0296382904052734
7866,-1.1382570266723633
7867,0.26830196380615234
7868,-4.79684591293335
7869,-0.12425613403320312
7870,1.129603385925293
7871,4.238973617553711
7872,-1.2596454620361328
7873,0.45301151275634766
7874,-4.632907867431641
7875,-0.16305255889892578
7876,1.3033723831176758
7877,5.682450294494629
7878,-1.5111446380615234
7879,0.6367244720458984
7880,-4.383613586425781
7881,-0.0554962158203125
7882,1.4118719100952148
7883,4.608771324157715
7884,-1.4646596908569336
7885,0.5706939697265625
7886,-4.376627445220947
7887,-0.053600311279296875
7888,1.3925676345825195
7889,3.8571205139160156
7890,-1.0977745056152344
7891,-2.090144157409668
7892,-10.06008529663086
7893,-1.0743865966796875
7894,-1.680105209350586
7895,1.4277153015136719
7896,2.113321304321289
7897,1.094660758972168
7898,-15.138657569885254
7899,3.1846837997436523
7900,1.185765266418457
7901,-3.7009596824645996
7902,4.255547523498535
7903,2.295538902282715
7904,-13.793869018554688
7905,9.177823066711426
7906,2.4292078018188477
7907,-4.918137550354004
7908,4.647736549377441
7909,2.2790708541870117
7910,-13.8048677444458
7911,10.096022605895996
7912,2.2568750381469727
7913,-5.266530990600586
7914,5.853850364685059
7915,3.8604841232299805
7916,-18.064044952392578
7917,10.62242603302002
7918,3.842373847961426
7919,-9.006689071655273
7920,-1.2591323852539062
7921,3.8331804275512695
7922,-13.45550537109375
7923,-1.8481197357177734
7924,4.005948066711426
7925,-14.22224235534668
7926,-1.9617605209350586
7927,3.9568796157836914
7928,-14.223145484924316
7929,-1.9989824295043945
7930,3.9379892349243164
7931,-14.226897239685059
7932,-1.8617630004882812
7933,4.030947685241699
7934,-12.467543601989746
7935,-1.916060447692871
7936,4.029126167297363
7937,-12.469507217407227
7938,-1.952606201171875
7939,4.026829719543457
7940,-12.469985008239746
7941,-2.4442214965820312
7942,3.7497434616088867
7943,-15.819926261901855
7944,-2.3860788345336914
7945,3.8211164474487305
7946,-7.641725540161133
7947,-1.444183349609375
7948,3.502821922302246
7949,-13.473004341125488
7950,-1.4401111602783203
7951,3.5597715377807617
7952,-11.153265953063965
7953,-1.8848075866699219
7954,1.9450082778930664
7955,-17.864696502685547
7956,-3.040890693664551
7957,2.4595117568969727
7958,0.1353006362915039
7959,-0.8658208847045898
7960,-0.053920745849609375
7961,-15.112223625183105
7962,-1.2891473770141602
7963,1.1315317153930664
7964,4.980609893798828
7965,-0.7828645706176758
7966,0.8863210678100586
7967,-2.7560153007507324
7968,-0.382537841796875
7969,2.0122880935668945
7970,5.4982452392578125
7971,-0.7053909301757812
7972,1.182143211364746
7973,-2.257131576538086
7974,-0.22284412384033203
7975,2.220953941345215
7976,7.177777290344238
7977,-1.0415573120117188
7978,1.3644037246704102
7979,-1.5897326469421387
7980,-0.19246578216552734
7981,2.313328742980957
7982,6.604952812194824
7983,-1.076624870300293
7984,1.2612810134887695
7985,-2.139519691467285
7986,-0.2195272445678711
7987,2.253228187561035
7988,5.450745582580566
7989,-1.0772981643676758
7990,-1.8360490798950195
7991,-10.061771392822266
7992,-1.429229736328125
7993,-1.5013227462768555
7994,1.4304437637329102
7995,2.849980354309082
7996,1.2938871383666992
7997,-10.636313438415527
7998,2.4274730682373047
7999,1.3167695999145508
8000,0.7024435997009277
8001,5.002123832702637
8002,2.4419050216674805
8003,-7.681210517883301
8004,8.185711860656738
8005,2.796677589416504
8006,3.013535499572754
8007,5.356812477111816
8008,2.4415102005004883
8009,-7.475785255432129
8010,9.204907417297363
8011,2.7099218368530273
8012,2.998488426208496
8013,5.573451042175293
8014,3.7226343154907227
8015,-10.108940124511719
8016,8.339234352111816
8017,4.200470924377441
8018,0.5785427093505859
8019,-1.8996801376342773
8020,2.728421211242676
8021,-4.022948741912842
8022,-2.0901145935058594
8023,2.893691062927246
8024,-3.3362340927124023
8025,-2.1428136825561523
8026,2.880425453186035
8027,-3.337345838546753
8028,-2.1720380783081055
8029,2.872836112976074
8030,-3.340059280395508
8031,-1.9393415451049805
8032,3.0497217178344727
8033,-4.526205539703369
8034,-1.8592662811279297
8035,3.1061105728149414
8036,-4.529068946838379
8037,-1.7808609008789062
8038,3.1671934127807617
8039,-4.537836074829102
8040,-2.0663890838623047
8041,3.100613594055176
8042,0.05565023422241211
8043,-1.772538185119629
8044,3.1439390182495117
8045,-6.846188545227051
8046,-1.7053165435791016
8047,2.522824287414551
8048,-2.610593318939209
8049,-1.513117790222168
8050,2.6701250076293945
8051,-4.29660177230835
8052,-1.6483078002929688
8053,1.9028997421264648
8054,2.675797462463379
8055,-0.4850759506225586
8056,2.052159309387207
8057,-5.873490810394287
8058,-1.1344985961914062
8059,-0.0813741683959961
8060,4.085178375244141
8061,-0.4736766815185547
8062,0.8446855545043945
8063,-11.695609092712402
8064,-1.9748945236206055
8065,0.9382410049438477
8066,2.5632309913635254
8067,-1.4971609115600586
8068,1.775437355041504
8069,-14.224067687988281
8070,-1.8714179992675781
8071,1.2309999465942383
8072,3.0999755859375
8073,-1.7605581283569336
8074,1.7555418014526367
8075,-14.567695617675781
8076,-2.290691375732422
8077,1.4545202255249023
8078,3.224977493286133
8079,-1.7932500839233398
8080,2.0062646865844727
8081,-13.862133026123047
8082,-2.3327150344848633
8083,1.371394157409668
8084,2.6483874320983887
8085,-1.627181053161621
8086,1.9756231307983398
8087,-13.925641059875488
8088,0.08118534088134766
8089,-1.8656015396118164
8090,-1.5941925048828125
8091,1.3380260467529297
8092,-1.4432029724121094
8093,-7.057126522064209
8094,-1.4022741317749023
8095,0.9080018997192383
8096,-5.686351776123047
8097,2.800980567932129
8098,1.4728002548217773
8099,-12.049470901489258
8100,-3.204957962036133
8101,2.505934715270996
8102,-7.694451332092285
8103,3.4725141525268555
8104,3.4950761795043945
8105,-15.019010543823242
8106,-4.175014495849609
8107,2.519700050354004
8108,-7.879011154174805
8109,3.2869768142700195
8110,3.5392980575561523
8111,-14.646215438842773
8112,-3.001152992248535
8113,3.6899423599243164
8114,-10.054281234741211
8115,4.393662452697754
8116,4.712801933288574
8117,-16.014158248901367
8118,-5.582684516906738
8119,3.6554079055786133
8120,-5.302909851074219
8121,-6.104856967926025
8122,3.757988929748535
8123,-6.868894577026367
8124,-6.13970422744751
8125,3.7386388778686523
8126,-6.866734504699707
8127,-6.169891357421875
8128,3.719904899597168
8129,-6.8671722412109375
8130,-6.235005855560303
8131,3.75229549407959
8132,-5.181722164154053
8133,-6.347131252288818
8134,3.7286081314086914
8135,-5.185571193695068
8136,-6.4632039070129395
8137,3.7029924392700195
8138,-5.192925930023193
8139,-6.620906352996826
8140,3.4282350540161133
8141,-11.55971908569336
8142,-7.054778099060059
8143,3.394749641418457
8144,-3.94517183303833
8145,-5.489829063415527
8146,3.3874311447143555
8147,-6.800004959106445
8148,-5.581303119659424
8149,3.381209373474121
8150,-4.5994462966918945
8151,-4.9853515625
8152,2.4526071548461914
8153,-14.322855949401855
8154,-6.839808940887451
8155,2.1345930099487305
8156,-0.337726354598999
8157,-0.8521394729614258
8158,1.0052175521850586
8159,-14.569382667541504
8160,-2.964488983154297
8161,1.4186716079711914
8162,2.641188621520996
8163,0.05975627899169922
8164,3.0144453048706055
8165,-7.885307312011719
8166,-1.4580087661743164
8167,2.2318334579467773
8168,2.2406888008117676
8169,0.4902181625366211
8170,3.5118894577026367
8171,-7.934719085693359
8172,-1.080491065979004
8173,2.4167680740356445
8174,3.1176133155822754
8175,-0.1667022705078125
8176,3.565518379211426
8177,-6.460543632507324
8178,-1.0236597061157227
8179,2.6342363357543945
8180,1.928985595703125
8181,-0.4305133819580078
8182,3.3550634384155273
8183,-7.07855224609375
8184,-1.113992691040039
8185,2.5980424880981445
8186,1.737657070159912
8187,0.8647603988647461
8188,0.20952892303466797
8189,-8.807157516479492
8190,-0.16642379760742188
8191,0.05921649932861328
8192,0.16620540618896484
8193,2.101130485534668
8194,3.2074460983276367
8195,-10.972627639770508
8196,2.8754873275756836
8197,2.349982261657715
8198,-2.960977077484131
8199,1.5064773559570312
8200,5.026026725769043
8201,-9.810970306396484
8202,2.5644960403442383
8203,5.858864784240723
8204,-2.7588677406311035
8205,1.438131332397461
8206,5.145573616027832
8207,-9.634305953979492
8208,2.436062812805176
8209,5.390294075012207
8210,-2.742123603820801
8211,0.24086761474609375
8212,6.2027082443237305
8213,-11.534703254699707
8214,1.4326114654541016
8215,6.493813514709473
8216,-3.981895685195923
8217,-5.24637508392334
8218,3.5317602157592773
8219,-8.378097534179688
8220,-5.770867347717285
8221,3.532607078552246
8222,-10.14047908782959
8223,-5.781472682952881
8224,3.5035104751586914
8225,-10.134993553161621
8226,-5.787606239318848
8227,3.475123405456543
8228,-10.136137008666992
8229,-5.963407039642334
8230,3.5539426803588867
8231,-8.463116645812988
8232,-6.094690799713135
8233,3.5411767959594727
8234,-8.468006134033203
8235,-6.227990627288818
8236,3.52571964263916
8237,-8.475164413452148
8238,-6.2526044845581055
8239,3.1436452865600586
8240,-14.7905912399292
8241,-6.887612819671631
8242,3.2145814895629883
8243,-7.136112213134766
8244,-5.080399513244629
8245,3.178044319152832
8246,-9.774229049682617
8247,-5.234773635864258
8248,3.203579902648926
8249,-7.5803117752075195
8250,-4.532349586486816
8251,2.161309242248535
8252,-17.253660202026367
8253,-6.783302307128906
8254,1.962306022644043
8255,-1.881232738494873
8256,-0.6675910949707031
8257,0.8938627243041992
8258,-17.167043685913086
8259,-2.971954345703125
8260,1.4128656387329102
8261,6.695777893066406
8262,0.06243133544921875
8263,3.014389991760254
8264,-10.722234725952148
8265,-1.4608697891235352
8266,2.218836784362793
8267,13.421028137207031
8268,0.5012884140014648
8269,3.474125862121582
8270,-11.05361557006836
8271,-1.1064167022705078
8272,2.394944190979004
8273,15.276008605957031
8274,-0.04085350036621094
8275,3.481320381164551
8276,-9.621875762939453
8277,-1.0233173370361328
8278,2.56412410736084
8279,13.749265670776367
8280,-0.2268972396850586
8281,3.3123674392700195
8282,-9.984329223632812
8283,-1.100240707397461
8284,2.5306196212768555
8285,12.990076065063477
8286,1.2645158767700195
8287,0.12871742248535156
8288,-9.621685028076172
8289,0.07571029663085938
8290,-0.0039730072021484375
8291,0.9855842590332031
8292,1.733816146850586
8293,3.3261594772338867
8294,-11.000411987304688
8295,1.3129205703735352
8296,2.73538875579834
8297,-0.9850075244903564
8298,2.442437171936035
8299,5.940434455871582
8300,-9.077363014221191
8301,2.5875978469848633
8302,5.870142936706543
8303,1.3650012016296387
8304,2.8376970291137695
8305,6.226334571838379
8306,-8.831018447875977
8307,3.05526065826416
8308,5.683772087097168
8309,1.4738163948059082
8310,1.073263168334961
8311,6.445551872253418
8312,-11.929516792297363
8313,1.4325637817382812
8314,6.500775337219238
8315,-2.2525880336761475
8316,-6.148001670837402
8317,3.5263242721557617
8318,-2.5639519691467285
8319,-6.949366569519043
8320,3.5333681106567383
8321,-3.8862998485565186
8322,-6.997990131378174
8323,3.499117851257324
8324,-3.887463092803955
8325,-7.042781829833984
8326,3.4646921157836914
8327,-3.8920514583587646
8328,-6.959117889404297
8329,3.558060646057129
8330,-2.144878387451172
8331,-7.0024800300598145
8332,3.5451345443725586
8333,-2.1490211486816406
8334,-7.049930572509766
8335,3.529463768005371
8336,-2.154409885406494
8337,-7.28894567489624
8338,3.131758689880371
8339,-6.757476806640625
8340,-7.459582805633545
8341,3.2099618911743164
8342,1.1588144302368164
8343,-5.827254295349121
8344,3.19425106048584
8345,-3.332639217376709
8346,-5.8385329246521
8347,3.215909004211426
8348,-1.0555877685546875
8349,-5.1926069259643555
8350,2.1803083419799805
8351,-11.197246551513672
8352,-6.3732147216796875
8353,2.162013053894043
8354,7.500367164611816
8355,-0.6757545471191406
8356,1.2657384872436523
8357,-11.70235538482666
8358,-2.3786745071411133
8359,1.9896631240844727
8360,10.387972831726074
8361,-0.9012107849121094
8362,3.018548011779785
8363,-7.220614433288574
8364,-1.5753116607666016
8365,2.921250343322754
8366,8.444369316101074
8367,-0.7131147384643555
8368,3.458193778991699
8369,-7.993701457977295
8370,-1.4418439865112305
8371,3.1081323623657227
8372,9.459197044372559
8373,-1.411717414855957
8374,3.4684553146362305
8375,-7.173742294311523
8376,-1.6308908462524414
8377,3.2945680618286133
8378,8.356217384338379
8379,-1.4605379104614258
8380,3.3132009506225586
8381,-6.756072044372559
8382,-1.6627674102783203
8383,3.2559499740600586
8384,7.944459915161133
8385,1.2933902740478516
8386,0.5157747268676758
8387,-10.749418258666992
8388,0.7132883071899414
8389,0.5170192718505859
8390,2.1068525314331055
8391,0.31859874725341797
8392,4.2095537185668945
8393,-11.413324356079102
8394,0.07129383087158203
8395,4.219897270202637
8396,1.9987759590148926
8397,2.356503486633301
8398,7.282517433166504
8399,-10.438009262084961
8400,2.4945383071899414
8401,7.117705345153809
8402,2.6092476844787598
8403,2.881741523742676
8404,7.79337215423584
8405,-10.388360023498535
8406,3.071619987487793
8407,7.558091163635254
8408,2.4701762199401855
8409,0.6488704681396484
8410,8.088011741638184
8411,-14.286441802978516
8412,0.5584440231323242
8413,8.12614917755127
8414,-0.7563149929046631
8415,-6.596500396728516
8416,3.466740608215332
8417,-3.2321903705596924
8418,-7.357731342315674
8419,3.4479246139526367
8420,-4.704568386077881
8421,-7.373310565948486
8422,3.425604820251465
8423,-4.703394889831543
8424,-7.394299507141113
8425,3.4039487838745117
8426,-4.704925060272217
8427,-7.481989860534668
8428,3.4610986709594727
8429,-3.1331734657287598
8430,-7.512547016143799
8431,3.442660331726074
8432,-3.13720703125
8433,-7.545063018798828
8434,3.4212560653686523
8435,-3.1435346603393555
8436,-7.464566230773926
8437,3.099175453186035
8438,-8.265111923217773
8439,-7.7380876541137695
8440,3.1211652755737305
8441,-1.0733120441436768
8442,-6.179800987243652
8443,3.1775083541870117
8444,-4.236916542053223
8445,-6.195621967315674
8446,3.1787805557250977
8447,-2.2148587703704834
8448,-5.163277626037598
8449,2.2020177841186523
8450,-12.217506408691406
8451,-6.074581623077393
8452,2.1648073196411133
8453,3.93131160736084
8454,-0.49954795837402344
8455,1.6344594955444336
8456,-17.641952514648438
8457,-2.2966995239257812
8458,2.339657783508301
8459,7.122479438781738
8460,-1.2659149169921875
8461,3.47792911529541
8462,-20.806304931640625
8463,-2.587286949157715
8464,3.459599494934082
8465,6.141139984130859
8466,-1.1195688247680664
8467,3.71877384185791
8468,-22.289030075073242
8469,-2.9091968536376953
8470,3.67287540435791
8471,7.010870933532715
8472,-1.9041118621826172
8473,3.487696647644043
8474,-21.19011878967285
8475,-3.1183385848999023
8476,3.8882875442504883
8477,5.9244794845581055
8478,-1.8640508651733398
8479,3.377467155456543
8480,-20.479869842529297
8481,-2.932048797607422
8482,3.827450752258301
8483,5.667330741882324
8484,2.025003433227539
8485,1.1317415237426758
8486,-10.570430755615234
8487,1.765512466430664
8488,0.8132190704345703
8489,1.9314374923706055
8490,0.4193611145019531
8491,4.573229789733887
8492,-11.482484817504883
8493,0.15198802947998047
8494,4.459809303283691
8495,0.2358698844909668
8496,2.4627904891967773
8497,7.725106239318848
8498,-10.604536056518555
8499,2.4890642166137695
8500,7.327126502990723
8501,0.5761351585388184
8502,3.159958839416504
8503,8.294514656066895
8504,-10.58057975769043
8505,3.103419303894043
8506,7.727719306945801
8507,0.4756326675415039
8508,0.3041238784790039
8509,8.41312313079834
8510,-15.021097183227539
8511,0.13686466217041016
8512,8.192986488342285
8513,-2.861490249633789
8514,-7.584137916564941
8515,3.169203758239746
8516,-3.734654188156128
8517,-8.10140323638916
8518,2.9535303115844727
8519,-5.2774658203125
8520,-8.068822860717773
8521,2.9240732192993164
8522,-5.275754451751709
8523,-8.038207054138184
8524,2.8951311111450195
8525,-5.277017116546631
8526,-8.209606170654297
8527,2.9478845596313477
8528,-3.6452488899230957
8529,-8.22965145111084
8530,2.915816307067871
8531,-3.6490695476531982
8532,-8.241607666015625
8533,2.884955406188965
8534,-3.6550636291503906
8535,-7.660793781280518
8536,2.5486536026000977
8537,-9.063183784484863
8538,-7.994815826416016
8539,2.5667524337768555
8540,-0.9062495231628418
8541,-6.9773101806640625
8542,3.0435495376586914
8543,-4.9608683586120605
8544,-7.011268138885498
8545,3.0360097885131836
8546,-2.7814812660217285
8547,-4.885655403137207
8548,2.212334632873535
8549,-12.741012573242188
8550,-5.381627082824707
8551,2.1342248916625977
8552,5.276386260986328
8553,-0.5076112747192383
8554,2.311224937438965
8555,-19.571853637695312
8556,-2.1306610107421875
8557,2.622128486633301
8558,13.393104553222656
8559,-2.750319480895996
8560,3.92093563079834
8561,-24.683979034423828
8562,-3.7958173751831055
8563,3.882582664489746
8564,18.74513053894043
8565,-3.291243553161621
8566,4.21890926361084
8567,-26.77031707763672
8568,-4.753438949584961
8569,4.168007850646973
8570,20.57940101623535
8571,-3.999574661254883
8572,4.055563926696777
8573,-25.980754852294922
8574,-5.0928955078125
8575,4.214991569519043
8576,19.571531295776367
8577,-3.759489059448242
8578,3.9582929611206055
8579,-24.56570053100586
8580,-4.705495834350586
8581,4.121048927307129
8582,18.46427345275879
8583,2.93532657623291
8584,1.6179819107055664
8585,-10.560060501098633
8586,2.6313562393188477
8587,1.4794588088989258
8588,1.923335075378418
8589,0.10149097442626953
8590,4.868752479553223
8591,-11.739672660827637
8592,-0.026081085205078125
8593,4.731022834777832
8594,0.7592864036560059
8595,2.5501317977905273
8596,7.998650550842285
8597,-10.50283145904541
8598,2.482743263244629
8599,7.5707292556762695
8600,1.9482035636901855
8601,3.4644956588745117
8602,8.628985404968262
8603,-10.466978073120117
8604,3.256150245666504
8605,8.078675270080566
8606,1.874244213104248
8607,0.17838287353515625
8608,8.662323951721191
8609,-13.997825622558594
8610,0.16482830047607422
8611,8.399432182312012
8612,-1.341552734375
8613,-7.67944860458374
8614,3.0560426712036133
8615,-2.7971906661987305
8616,-8.143732070922852
8617,2.8503713607788086
8618,-4.222911357879639
8619,-8.094993591308594
8620,2.8193464279174805
8621,-4.222769260406494
8622,-8.047964096069336
8623,2.791092872619629
8624,-4.223332405090332
8625,-8.264528274536133
8626,2.8466081619262695
8627,-2.6733217239379883
8628,-8.289576530456543
8629,2.813014030456543
8630,-2.6776294708251953
8631,-8.303003311157227
8632,2.7805776596069336
8633,-2.684704065322876
8634,-7.658303260803223
8635,2.3984575271606445
8636,-7.826211929321289
8637,-8.096625328063965
8638,2.429215431213379
8639,-0.6113898754119873
8640,-7.045547008514404
8641,2.9290056228637695
8642,-3.8595361709594727
8643,-7.030959129333496
8644,2.912917137145996
8645,-1.8147144317626953
8646,-4.806769371032715
8647,2.1527585983276367
8648,-11.809640884399414
8649,-5.559521675109863
8650,2.0840444564819336
8651,4.405890464782715
8652,-0.5241718292236328
8653,2.4142637252807617
8654,-18.95366668701172
8655,-4.694598197937012
8656,2.69771671295166
8657,12.291706085205078
8658,-2.731893539428711
8659,4.011836051940918
8660,-25.44214630126953
8661,-6.875892162322998
8662,3.790379524230957
8663,16.42768669128418
8664,-3.057765007019043
8665,4.326390266418457
8666,-27.790863037109375
8667,-7.580196380615234
8668,3.9760217666625977
8669,17.68522071838379
8670,-3.9574098587036133
8671,4.194008827209473
8672,-27.048521041870117
8673,-7.818140506744385
8674,4.067709922790527
8675,16.421846389770508
8676,-3.8166818618774414
8677,4.128476142883301
8678,-25.368799209594727
8679,-7.471547603607178
8680,4.034991264343262
8681,16.033037185668945
8682,3.1663389205932617
8683,1.9336652755737305
8684,-10.466798782348633
8685,2.2589616775512695
8686,1.8230676651000977
8687,1.8280048370361328
8688,0.13218212127685547
8689,5.0836381912231445
8690,-12.057979583740234
8691,-1.0380229949951172
8692,4.606549263000488
8693,1.6097583770751953
8694,2.5679121017456055
8695,8.11368465423584
8696,-12.515316009521484
8697,2.241368293762207
8698,7.4508771896362305
8699,1.867192268371582
8700,3.472439765930176
8701,8.61292552947998
8702,-12.561029434204102
8703,3.024815559387207
8704,7.7652177810668945
8705,1.7322721481323242
8706,0.6525259017944336
8707,9.115744590759277
8708,-15.961993217468262
8709,-0.2599153518676758
8710,8.317402839660645
8711,-0.9216091632843018
8712,-7.655830383300781
8713,2.457087516784668
8714,-5.0827741622924805
8715,-7.957911968231201
8716,2.2060461044311523
8717,-6.100376129150391
8718,-7.901461124420166
8719,2.1946325302124023
8720,-6.101895332336426
8721,-7.848113059997559
8722,2.186537742614746
8723,-6.103298187255859
8724,-8.065990447998047
8725,2.175564765930176
8726,-4.530983924865723
8727,-8.077275276184082
8728,2.1440839767456055
8729,-4.535114765167236
8730,-8.085601806640625
8731,2.1178102493286133
8732,-4.536977767944336
8733,-7.535158634185791
8734,1.9676752090454102
8735,-8.422258377075195
8736,-8.011146545410156
8737,1.8987855911254883
8738,-0.8395941257476807
8739,-7.008923053741455
8740,2.4743642807006836
8741,-5.795435905456543
8742,-7.046877384185791
8743,2.4330949783325195
8744,-3.7260453701019287
8745,-4.452854156494141
8746,2.06289005279541
8747,-12.344902992248535
8748,-5.015110969543457
8749,1.6879682540893555
8750,3.1332101821899414
8751,-0.514582633972168
8752,2.816189765930176
8753,-17.879173278808594
8754,-4.636781692504883
8755,2.4625368118286133
8756,10.514557838439941
8757,-3.453521728515625
8758,3.943453788757324
8759,-19.806346893310547
8760,-5.669976711273193
8761,3.6035642623901367
8762,14.549917221069336
8763,-3.992778778076172
8764,4.16207218170166
8765,-21.777999877929688
8766,-6.482121467590332
8767,3.730374336242676
8768,15.942556381225586
8769,-4.736839294433594
8770,4.173672676086426
8771,-21.28404998779297
8772,-6.534478187561035
8773,3.755740165710449
8774,14.458673477172852
8775,-4.453840255737305
8776,3.981228828430176
8777,-19.752410888671875
8778,-6.3329339027404785
8779,3.8181848526000977
8780,14.055265426635742
8781,3.7467145919799805
8782,2.0915002822875977
8783,-10.268796920776367
8784,2.930811882019043
8785,1.729802131652832
8786,1.628911018371582
8787,-0.0906229019165039
8788,4.909266471862793
8789,-11.916976928710938
8790,-1.640732765197754
8791,4.025368690490723
8792,4.701990127563477
8793,2.5058984756469727
8794,7.623143196105957
8795,-11.579379081726074
8796,1.461430549621582
8797,6.193661689758301
8798,7.5554094314575195
8799,3.57711124420166
8800,8.142815589904785
8801,-11.625835418701172
8802,2.5183610916137695
8803,6.847414970397949
8804,7.693876266479492
8805,0.46132850646972656
8806,8.519009590148926
8807,-14.950447082519531
8808,-0.10718441009521484
8809,6.959357261657715
8810,6.435527801513672
8811,-7.9787917137146
8812,2.16355037689209
8813,-5.07762336730957
8814,-8.145051956176758
8815,1.9388971328735352
8816,-6.1074442863464355
8817,-8.082498550415039
8818,1.9346380233764648
8819,-6.108818054199219
8820,-8.019332885742188
8821,1.9335241317749023
8822,-6.110270977020264
8823,-8.216338157653809
8824,1.8985776901245117
8825,-4.464675426483154
8826,-8.199400901794434
8827,1.8688020706176758
8828,-4.468087673187256
8829,-8.180224418640137
8830,1.8428010940551758
8831,-4.469350337982178
8832,-7.528263092041016
8833,1.763718605041504
8834,-8.913410186767578
8835,-7.916536331176758
8836,1.6536188125610352
8837,-1.0145595073699951
8838,-7.272388458251953
8839,2.2448110580444336
8840,-5.8071770668029785
8841,-7.287129878997803
8842,2.1984148025512695
8843,-3.6222198009490967
8844,-4.321264266967773
8845,1.913966178894043
8846,-12.52243709564209
8847,-4.567376136779785
8848,1.635258674621582
8849,4.6263017654418945
8850,-0.5051994323730469
8851,2.8908281326293945
8852,-18.821773529052734
8853,-3.9698753356933594
8854,2.5835962295532227
8855,11.421181678771973
8856,-3.4058055877685547
8857,3.9727067947387695
8858,-21.567947387695312
8859,-5.298328399658203
8860,3.6689271926879883
8861,13.356470108032227
8862,-4.007315635681152
8863,4.224297523498535
8864,-23.647228240966797
8865,-6.432903289794922
8866,3.7546892166137695
8867,14.542858123779297
8868,-4.681317329406738
8869,4.107037544250488
8870,-23.1175537109375
8871,-6.557223796844482
8872,3.8164377212524414
8873,13.202226638793945
8874,-4.438405990600586
8875,4.002467155456543
8876,-21.49173927307129
8877,-6.192481517791748
8878,3.910954475402832
8879,12.840412139892578
8880,3.8730554580688477
8881,2.1504697799682617
8882,-10.463861465454102
8883,3.1865243911743164
8884,1.850327491760254
8885,1.8245739936828613
8886,-0.5215282440185547
8887,4.898564338684082
8888,-11.834857940673828
8889,-1.4944734573364258
8890,3.9922609329223633
8891,5.118376731872559
8892,2.4407176971435547
8893,7.376021385192871
8894,-10.020668029785156
8895,1.4610567092895508
8896,6.222014427185059
8897,7.962825775146484
8898,3.4355154037475586
8899,7.844849586486816
8900,-9.869675636291504
8901,2.5168771743774414
8902,6.690657615661621
8903,8.089969635009766
8904,0.14226531982421875
8905,8.374848365783691
8906,-12.68478012084961
8907,0.010733604431152344
8908,7.124817848205566
8909,6.535062789916992
8910,-7.7189741134643555
8911,1.8923158645629883
8912,-6.068030834197998
8913,-7.988934516906738
8914,1.640519142150879
8915,-7.317214012145996
8916,-7.936622619628906
8917,1.6304502487182617
8918,-7.31964111328125
8919,-7.884288311004639
8920,1.6226434707641602
8921,-7.323164939880371
8922,-8.047718048095703
8923,1.6067075729370117
8924,-5.499458312988281
8925,-8.034248352050781
8926,1.5743398666381836
8927,-5.5024871826171875
8928,-8.022769927978516
8929,1.5461206436157227
8930,-5.503490447998047
8931,-7.509165287017822
8932,1.4233884811401367
8933,-10.223601341247559
8934,-7.766839981079102
8935,1.3184881210327148
8936,-1.3249008655548096
8937,-7.079724311828613
8938,1.934586524963379
8939,-6.939016819000244
8940,-7.091437339782715
8941,1.897648811340332
8942,-4.535762786865234
8943,-4.078775405883789
8944,1.6935510635375977
8945,-14.738973617553711
8946,-4.398942947387695
8947,1.3595552444458008
8948,4.150052070617676
8949,-0.35984134674072266
8950,2.8884153366088867
8951,-18.105182647705078
8952,-3.5491065979003906
8953,2.424431800842285
8954,12.882640838623047
8955,-2.8472957611083984
8956,4.685956001281738
8957,-17.887662887573242
8958,-5.41811466217041
8959,3.448601722717285
8960,16.81441307067871
8961,-3.3426342010498047
8962,5.170729637145996
8963,-19.617053985595703
8964,-6.40694522857666
8965,3.573613166809082
8966,18.402379989624023
8967,-3.9174909591674805
8968,5.01688289642334
8969,-18.919883728027344
8970,-6.621321678161621
8971,3.6570310592651367
8972,17.001508712768555
8973,-3.762721061706543
8974,4.867619514465332
8975,-17.607627868652344
8976,-6.242006778717041
8977,3.726496696472168
8978,16.359603881835938
8979,3.8780908584594727
8980,2.062436103820801
8981,-10.706754684448242
8982,3.233271598815918
8983,1.7198572158813477
8984,2.068174362182617
8985,-0.837071418762207
8986,4.709912300109863
8987,-10.986496925354004
8988,-1.5562419891357422
8989,3.878392219543457
8990,5.008753776550293
8991,2.392348289489746
8992,7.207968711853027
8993,-6.472211837768555
8994,1.5701169967651367
8995,6.302550315856934
8996,8.566834449768066
8997,3.403378486633301
8998,7.560971260070801
8999,-6.002931594848633
9000,2.7912721633911133
9001,6.697518348693848
9002,8.787355422973633
9003,0.08478641510009766
9004,8.194363594055176
9005,-8.065391540527344
9006,0.07828903198242188
9007,7.341021537780762
9008,7.38626766204834
9009,-7.62168025970459
9010,1.8383073806762695
9011,-5.863284111022949
9012,-7.976274013519287
9013,1.6384916305541992
9014,-7.065325736999512
9015,-7.924897193908691
9016,1.6342439651489258
9017,-7.070294380187988
9018,-7.871274948120117
9019,1.6341447830200195
9020,-7.075834274291992
9021,-8.035282135009766
9022,1.5923223495483398
9023,-5.168675899505615
9024,-8.019948959350586
9025,1.5564031600952148
9026,-5.170627593994141
9027,-8.000944137573242
9028,1.5260744094848633
9029,-5.169744491577148
9030,-7.444812774658203
9031,1.4361181259155273
9032,-9.910536766052246
9033,-7.760683536529541
9034,1.2666215896606445
9035,-1.4456019401550293
9036,-6.988420486450195
9037,1.875401496887207
9038,-6.59256649017334
9039,-7.003302574157715
9040,1.822005271911621
9041,-4.117700576782227
9042,-3.8426761627197266
9043,1.631758689880371
9044,-14.560546875
9045,-4.210649490356445
9046,1.2418737411499023
9047,5.1538543701171875
9048,-0.37558460235595703
9049,2.96535587310791
9050,-17.475040435791016
9051,-3.131089210510254
9052,2.4818029403686523
9053,13.448175430297852
9054,-2.7116384506225586
9055,4.957995414733887
9056,-16.436634063720703
9057,-5.497074127197266
9058,3.346735954284668
9059,16.26413345336914
9060,-3.204106330871582
9061,5.453103065490723
9062,-17.616191864013672
9063,-6.5085954666137695
9064,3.4764013290405273
9065,17.630294799804688
9066,-3.643181800842285
9067,5.334097862243652
9068,-16.770381927490234
9069,-6.703749179840088
9070,3.5644826889038086
9071,16.28108787536621
9072,-3.5014772415161133
9073,5.1164445877075195
9074,-15.964962005615234
9075,-6.43040657043457
9076,3.604262351989746
9077,15.780288696289062
9078,3.806454658508301
9079,2.0616273880004883
9080,-10.730223655700684
9081,3.3175268173217773
9082,1.6965570449829102
9083,2.0897579193115234
9084,-1.2931718826293945
9085,4.644627571105957
9086,-10.25405502319336
9087,-1.4342098236083984
9088,3.8654661178588867
9089,4.254879951477051
9090,2.3606090545654297
9091,7.105725288391113
9092,-5.3068718910217285
9093,1.6196327209472656
9094,6.348919868469238
9095,7.352047920227051
9096,3.458481788635254
9097,7.505187034606934
9098,-4.78474760055542
9099,3.016037940979004
9100,6.79561710357666
9101,7.5441999435424805
9102,0.036765098571777344
9103,8.118958473205566
9104,-6.310425758361816
9105,0.1394672393798828
9106,7.425934791564941
9107,6.2553253173828125
