,0
0,-2.774052619934082
1,-5.113792419433594
2,-5.482989311218262
3,-2.860483169555664
4,-5.505855560302734
5,-5.80488395690918
6,-2.845010757446289
7,-5.558933258056641
8,-5.806657314300537
9,-2.83438777923584
10,-5.6123504638671875
11,-5.808362007141113
12,-2.8787946701049805
13,-5.482507705688477
14,-4.863138198852539
15,-2.876514434814453
16,-5.5135908126831055
17,-4.862216949462891
18,-2.8780784606933594
19,-5.547372817993164
20,-4.8623480796813965
21,-2.6073989868164062
22,-5.993704795837402
23,-6.024593353271484
24,-2.689882278442383
25,-5.893671035766602
26,-1.716530442237854
27,-2.5290441513061523
28,-5.136733055114746
29,-5.504974365234375
30,-2.558957099914551
31,-5.073381423950195
32,-4.2498931884765625
33,-1.3756351470947266
34,-5.821234703063965
35,-6.95789909362793
36,-1.7450923919677734
37,-5.172316551208496
38,1.509749412536621
39,-0.11065387725830078
40,-6.705720901489258
41,-12.47965145111084
42,-0.4973154067993164
43,-3.37520694732666
44,6.082634925842285
45,1.1573047637939453
46,-6.968706130981445
47,-18.212547302246094
48,0.5555438995361328
49,-1.7962665557861328
50,8.90922737121582
51,1.590132713317871
52,-7.094274520874023
53,-19.556644439697266
54,0.8626041412353516
55,-1.337244987487793
56,9.838107109069824
57,1.5528011322021484
58,-6.89370059967041
59,-19.3929443359375
60,0.8619260787963867
61,-1.0555057525634766
62,9.107745170593262
63,1.4021215438842773
64,-6.779149055480957
65,-18.28998374938965
66,0.7648534774780273
67,-1.2033071517944336
68,8.70799732208252
69,0.46033763885498047
70,0.03826713562011719
71,-5.611742973327637
72,0.0
73,0.0
74,0.0
75,-0.31644344329833984
76,4.99420166015625
77,-6.9939799308776855
78,-0.37562084197998047
79,4.473880767822266
80,-2.4958884716033936
81,-0.029213905334472656
82,10.176431655883789
83,-7.103455543518066
84,-0.05116462707519531
85,9.632837295532227
86,-2.0040080547332764
87,0.3446226119995117
88,10.85107421875
89,-7.2193603515625
90,0.33819007873535156
91,10.403923034667969
92,-2.0606722831726074
93,-0.9066495895385742
94,11.725690841674805
95,-9.862543106079102
96,-0.7686033248901367
97,11.198148727416992
98,-4.280214309692383
99,-2.78311824798584
100,-4.901882171630859
101,-5.438497066497803
102,-2.87130069732666
103,-5.275395393371582
104,-5.779044151306152
105,-2.85507869720459
106,-5.319622039794922
107,-5.780786514282227
108,-2.8421411514282227
109,-5.365225791931152
110,-5.782680988311768
111,-2.8914880752563477
112,-5.260613441467285
113,-4.848630905151367
114,-2.889622688293457
115,-5.2893877029418945
116,-4.84780216217041
117,-2.889629364013672
118,-5.321681976318359
119,-4.848073959350586
120,-2.620351791381836
121,-5.7357378005981445
122,-6.0198655128479
123,-2.6983489990234375
124,-5.661298751831055
125,-1.7408865690231323
126,-2.533700942993164
127,-4.906949043273926
128,-5.4588518142700195
129,-2.5634851455688477
130,-4.869624137878418
131,-4.223965167999268
132,-1.3784570693969727
133,-5.654871940612793
134,-6.818294048309326
135,-1.7779731750488281
136,-5.009666442871094
137,1.3887062072753906
138,-0.10655879974365234
139,-6.656759262084961
140,-11.595420837402344
141,-0.4371623992919922
142,-3.689469337463379
143,5.676517486572266
144,1.2647438049316406
145,-6.9025678634643555
146,-16.315038681030273
147,0.7045974731445312
148,-2.384004592895508
149,7.519224166870117
150,1.6358222961425781
151,-7.042176246643066
152,-17.655302047729492
153,1.0320930480957031
154,-1.951035499572754
155,8.130134582519531
156,1.6130504608154297
157,-6.843319892883301
158,-17.493091583251953
159,1.0494136810302734
160,-1.773550033569336
161,7.3551225662231445
162,1.4790401458740234
163,-6.721015930175781
164,-16.385358810424805
165,0.9422807693481445
166,-1.9177913665771484
167,7.261356353759766
168,0.5308561325073242
169,0.08234214782714844
170,-5.623789310455322
171,-4.38690185546875e-05
172,0.11188316345214844
173,0.011949300765991211
174,-0.2616901397705078
175,5.099029541015625
176,-6.991351127624512
177,-0.3735694885253906
178,4.603118896484375
179,-2.5930564403533936
180,-0.013429641723632812
181,10.193771362304688
182,-7.006937026977539
183,-0.04110240936279297
184,9.636499404907227
185,-1.9420613050460815
186,0.37025928497314453
187,10.918693542480469
188,-7.125291347503662
189,0.3373851776123047
190,10.406768798828125
191,-1.9777754545211792
192,-0.8997020721435547
193,11.7178955078125
194,-9.824506759643555
195,-0.7586297988891602
196,11.191427230834961
197,-4.226261138916016
198,-2.783511161804199
199,-4.6282453536987305
200,-5.497431755065918
201,-2.8767833709716797
202,-5.003996849060059
203,-5.821496963500977
204,-2.86081600189209
205,-5.051064491271973
206,-5.823174476623535
207,-2.8499507904052734
208,-5.124773025512695
209,-5.825098991394043
210,-2.8968915939331055
211,-4.98204231262207
212,-4.901322841644287
213,-2.895143508911133
214,-5.008979797363281
215,-4.900714874267578
216,-2.894415855407715
217,-5.039754867553711
218,-4.901145935058594
219,-2.6253461837768555
220,-5.507169723510742
221,-6.022482395172119
222,-2.7015485763549805
223,-5.404331207275391
224,-1.7798129320144653
225,-2.5336551666259766
226,-4.64068603515625
227,-5.495601654052734
228,-2.563079833984375
229,-4.604578971862793
230,-4.2740349769592285
231,-1.3707208633422852
232,-5.476688385009766
233,-6.8252458572387695
234,-1.7785396575927734
235,-4.769697189331055
236,1.3869361877441406
237,-0.07908248901367188
238,-6.524166107177734
239,-11.783424377441406
240,-0.39504051208496094
241,-3.576995849609375
242,5.715762138366699
243,1.3416557312011719
244,-6.788532257080078
245,-16.828580856323242
246,0.7542343139648438
247,-2.2950477600097656
248,7.770957946777344
249,1.7090215682983398
250,-6.936434745788574
251,-18.181331634521484
252,1.0804967880249023
253,-1.8551311492919922
254,8.474223136901855
255,1.6934089660644531
256,-6.719413757324219
257,-18.01999282836914
258,1.097085952758789
259,-1.7166767120361328
260,7.688202857971191
261,1.5656251907348633
262,-6.604933738708496
263,-16.904834747314453
264,0.9940452575683594
265,-1.8707237243652344
266,7.520747184753418
267,0.6042413711547852
268,0.1506195068359375
269,-5.636510848999023
270,0.0632333755493164
271,0.2587413787841797
272,0.024473190307617188
273,-0.26108455657958984
274,5.138696670532227
275,-7.012082576751709
276,-0.3691587448120117
277,4.716846466064453
278,-2.607834577560425
279,0.0046253204345703125
280,10.259248733520508
281,-7.019989967346191
282,-0.015051841735839844
283,9.74940299987793
284,-1.986832618713379
285,0.3701620101928711
286,11.008182525634766
287,-7.140233993530273
288,0.3458395004272461
289,10.540842056274414
290,-2.0319876670837402
291,-0.9101572036743164
292,11.725643157958984
293,-9.87800407409668
294,-0.7583436965942383
295,11.223505020141602
296,-4.337021827697754
297,-2.8044490814208984
298,-4.269057273864746
299,-5.940938949584961
300,-2.9129133224487305
301,-4.643308639526367
302,-6.222498893737793
303,-2.897772789001465
304,-4.68865966796875
305,-6.223746299743652
306,-2.8859682083129883
307,-4.747854232788086
308,-6.225368499755859
309,-2.9282169342041016
310,-4.621157646179199
311,-5.3117828369140625
312,-2.9232559204101562
313,-4.646986961364746
314,-5.311279296875
315,-2.919796943664551
316,-4.6769256591796875
317,-5.311446666717529
318,-2.66115665435791
319,-5.122442245483398
320,-6.286531925201416
321,-2.7179574966430664
322,-5.054196357727051
323,-2.1012284755706787
324,-2.5484180450439453
325,-4.276826858520508
326,-5.9049296379089355
327,-2.570704460144043
328,-4.242719650268555
329,-4.690084934234619
330,-1.3668079376220703
331,-5.175380706787109
332,-7.10502290725708
333,-1.7682209014892578
334,-4.336084365844727
335,1.2857136726379395
336,-0.06602954864501953
337,-6.289755821228027
338,-11.857747077941895
339,-0.3156423568725586
340,-3.265291213989258
341,5.52825927734375
342,1.418283462524414
343,-6.499236106872559
344,-17.14383316040039
345,0.8415756225585938
346,-1.8136272430419922
347,7.391315460205078
348,1.7647037506103516
349,-6.624050140380859
350,-18.481800079345703
351,1.1658554077148438
352,-1.307358741760254
353,8.116827011108398
354,1.754746437072754
355,-6.316119194030762
356,-18.329273223876953
357,1.1819419860839844
358,-1.1380271911621094
359,7.264339447021484
360,1.625758171081543
361,-6.20709228515625
362,-17.219722747802734
363,1.086751937866211
364,-1.335688591003418
365,7.119324684143066
366,0.7005825042724609
367,0.34549713134765625
368,-5.709934234619141
369,0.22887325286865234
370,0.46246337890625
371,0.09745645523071289
372,-0.26192474365234375
373,5.181926727294922
374,-7.1553497314453125
375,-0.3643980026245117
376,4.899688720703125
377,-2.3078057765960693
378,0.0113677978515625
379,10.376049041748047
380,-7.034098148345947
381,-0.007084846496582031
382,10.006589889526367
383,-1.642439842224121
384,0.3757667541503906
385,11.082281112670898
386,-7.146759033203125
387,0.36207103729248047
388,10.789871215820312
389,-1.6927759647369385
390,-0.9174537658691406
391,11.736831665039062
392,-9.854368209838867
393,-0.7893972396850586
394,11.311515808105469
395,-3.8213629722595215
396,-2.8668699264526367
397,-3.753159523010254
398,-6.501003742218018
399,-2.9673452377319336
400,-4.142626762390137
401,-6.809131622314453
402,-2.950892448425293
403,-4.201044082641602
404,-6.810308456420898
405,-2.9403343200683594
406,-4.289039611816406
407,-6.811849117279053
408,-2.9819021224975586
409,-4.106240272521973
410,-5.88955020904541
411,-2.9742889404296875
412,-4.135298728942871
413,-5.889333724975586
414,-2.967850685119629
415,-4.1708526611328125
416,-5.889533042907715
417,-2.6959447860717773
418,-4.695967674255371
419,-6.9012322425842285
420,-2.7502317428588867
421,-4.581838607788086
422,-2.691737174987793
423,-2.590142250061035
424,-3.7848119735717773
425,-6.48012638092041
426,-2.6113271713256836
427,-3.7286949157714844
428,-5.251865386962891
429,-1.353907585144043
430,-4.82029914855957
431,-7.540553569793701
432,-1.7682952880859375
433,-3.779634475708008
434,0.9291844367980957
435,-0.0058116912841796875
436,-6.045378684997559
437,-11.903828620910645
438,-0.34821319580078125
439,-2.601011276245117
440,5.603311538696289
441,1.5267152786254883
442,-6.068470001220703
443,-17.042978286743164
444,0.6829261779785156
445,-0.8765707015991211
446,7.652860641479492
447,1.8837690353393555
448,-6.162590026855469
449,-18.379846572875977
450,0.9482583999633789
451,-0.2867889404296875
452,8.448646545410156
453,1.872828483581543
454,-5.794673919677734
455,-18.270631790161133
456,0.9949932098388672
457,-0.10764122009277344
458,7.715259552001953
459,1.7390823364257812
460,-5.69533634185791
461,-17.125568389892578
462,0.9321784973144531
463,-0.35411930084228516
464,7.436875343322754
465,0.8365383148193359
466,0.5347919464111328
467,-5.72568416595459
468,0.30406856536865234
469,0.72607421875
470,0.11347818374633789
471,-0.2616386413574219
472,5.269428253173828
473,-7.600743293762207
474,-0.3646812438964844
475,5.10319709777832
476,-2.6632328033447266
477,0.03781604766845703
478,10.502054214477539
479,-7.531467914581299
480,0.014403343200683594
481,10.161214828491211
482,-1.8611314296722412
483,0.3972949981689453
484,11.168594360351562
485,-7.641677379608154
486,0.38078784942626953
487,10.891979217529297
488,-1.9002749919891357
489,-0.9114952087402344
490,11.764917373657227
491,-10.35184383392334
492,-0.7954254150390625
493,11.394638061523438
494,-3.958371162414551
495,-2.929311752319336
496,-3.295651435852051
497,-6.227950096130371
498,-3.0198841094970703
499,-3.705799102783203
500,-6.538219451904297
501,-3.002664566040039
502,-3.7580251693725586
503,-6.53962516784668
504,-2.9910545349121094
505,-3.8400678634643555
506,-6.541262626647949
507,-3.0306215286254883
508,-3.6797351837158203
509,-5.612471580505371
510,-3.020003318786621
511,-3.7106990814208984
512,-5.611993312835693
513,-3.010406494140625
514,-3.748082160949707
515,-5.612197399139404
516,-2.7232742309570312
517,-4.223398208618164
518,-6.746400356292725
519,-2.769102096557617
520,-4.140045166015625
521,-2.513914108276367
522,-2.644937515258789
523,-3.290257453918457
524,-6.220991134643555
525,-2.662080764770508
526,-3.2328081130981445
527,-4.985911846160889
528,-1.3550453186035156
529,-4.313815116882324
530,-7.6028337478637695
531,-1.7583980560302734
532,-3.358518600463867
533,1.0066275596618652
534,0.011484146118164062
535,-5.570581436157227
536,-11.848860740661621
537,-0.31121826171875
538,-2.401902198791504
539,5.497915267944336
540,1.5921592712402344
541,-5.400819778442383
542,-16.300743103027344
543,0.7744722366333008
544,-0.7869682312011719
545,7.525769233703613
546,1.9431648254394531
547,-5.377073287963867
548,-17.671672821044922
549,1.061361312866211
550,-0.2479095458984375
551,8.254631042480469
552,1.9382333755493164
553,-5.030182838439941
554,-17.466354370117188
555,1.1147165298461914
556,-0.106353759765625
557,7.466989517211914
558,1.8182144165039062
559,-4.960763931274414
560,-16.332216262817383
561,1.039444923400879
562,-0.33715343475341797
563,7.282322883605957
564,0.9138612747192383
565,0.8550758361816406
566,-5.896771430969238
567,0.4534740447998047
568,1.0656490325927734
569,0.2842123508453369
570,-0.2743396759033203
571,5.439107894897461
572,-7.638619899749756
573,-0.3640260696411133
574,5.331268310546875
575,-2.15201735496521
576,0.0868520736694336
577,10.627180099487305
578,-7.474314212799072
579,0.051964759826660156
580,10.321151733398438
581,-0.835318922996521
582,0.4618253707885742
583,11.335838317871094
584,-7.500115871429443
585,0.42810726165771484
586,11.039215087890625
587,-0.8090291023254395
588,-0.910304069519043
589,11.794965744018555
590,-9.783157348632812
591,-0.8032751083374023
592,11.458391189575195
593,-2.4837863445281982
594,-3.037285804748535
595,-2.8646039962768555
596,-6.091632843017578
597,-3.1081676483154297
598,-3.309821128845215
599,-6.422118186950684
600,-3.0871238708496094
601,-3.3637847900390625
602,-6.423464775085449
603,-3.066659927368164
604,-3.430912971496582
605,-6.425201892852783
606,-3.1189870834350586
607,-3.2856225967407227
608,-5.493762016296387
609,-3.1050424575805664
610,-3.3212175369262695
611,-5.493307113647461
612,-3.091383934020996
613,-3.3633298873901367
614,-5.493438720703125
615,-2.763209342956543
616,-3.7966690063476562
617,-6.791835308074951
618,-2.810230255126953
619,-3.7243175506591797
620,-2.551189661026001
621,-2.745840072631836
622,-2.8202829360961914
623,-6.136050224304199
624,-2.7552690505981445
625,-2.765779495239258
626,-4.897852420806885
627,-1.348470687866211
628,-3.838275909423828
629,-7.796056747436523
630,-1.7254619598388672
631,-2.789194107055664
632,1.024404764175415
633,0.0879974365234375
634,-5.074611663818359
635,-11.180582046508789
636,-0.2943229675292969
637,-1.797541618347168
638,5.143370628356934
639,1.7224187850952148
640,-4.693962097167969
641,-14.340325355529785
642,0.7855310440063477
643,-0.3040351867675781
644,6.357806205749512
645,2.0629043579101562
646,-4.519199371337891
647,-15.610745429992676
648,1.080183982849121
649,0.19663047790527344
650,6.941959381103516
651,2.0487804412841797
652,-4.206051826477051
653,-15.388886451721191
654,1.1173782348632812
655,0.29102325439453125
656,6.079766273498535
657,1.9379234313964844
658,-4.212959289550781
659,-14.327040672302246
660,1.0369949340820312
661,0.05529022216796875
662,6.052821159362793
663,1.0337419509887695
664,1.1781978607177734
665,-6.0359086990356445
666,0.5816421508789062
667,1.4131698608398438
668,0.4240550994873047
669,-0.2969942092895508
670,5.583200454711914
671,-7.962261199951172
672,-0.3687782287597656
673,5.472841262817383
674,-2.154052257537842
675,0.10237693786621094
676,10.662904739379883
677,-7.459440231323242
678,0.059296607971191406
679,10.418987274169922
680,-0.8556900024414062
681,0.46639060974121094
682,11.37556266784668
683,-7.493398666381836
684,0.42796993255615234
685,11.107355117797852
686,-0.8307528495788574
687,-0.9130420684814453
688,11.827377319335938
689,-9.788003921508789
690,-0.8369045257568359
691,11.518896102905273
692,-2.502974510192871
693,-3.0626697540283203
694,-2.3575057983398438
695,-4.832212448120117
696,-3.134908676147461
697,-2.8088560104370117
698,-5.262530326843262
699,-3.1136627197265625
700,-2.8650474548339844
701,-5.263579368591309
702,-3.092365264892578
703,-2.9272727966308594
704,-5.265599250793457
705,-3.1461400985717773
706,-2.788914680480957
707,-4.347352027893066
708,-3.132740020751953
709,-2.8293561935424805
710,-4.346994400024414
711,-3.1191749572753906
712,-2.877500534057617
713,-4.347175598144531
714,-2.7799835205078125
715,-3.3022279739379883
716,-6.277493000030518
717,-2.8233556747436523
718,-3.245849609375
719,-2.2027106285095215
720,-2.7780189514160156
721,-2.322967529296875
722,-5.152639865875244
723,-2.7860288619995117
724,-2.2713394165039062
725,-3.951850414276123
726,-1.3480443954467773
727,-3.307370185852051
728,-7.659442901611328
729,-1.6890764236450195
730,-2.312626838684082
731,1.2550792694091797
732,0.13870525360107422
733,-4.545960426330566
734,-10.022642135620117
735,-0.26549530029296875
736,-1.9704656600952148
737,5.3131914138793945
738,1.7521343231201172
739,-3.9669857025146484
740,-11.853131294250488
741,0.7777767181396484
742,-0.47824859619140625
743,7.041110992431641
744,2.1349964141845703
745,-3.7091121673583984
746,-12.957079887390137
747,1.0788688659667969
748,-0.02756500244140625
749,7.69948673248291
750,2.102278709411621
751,-3.395632743835449
752,-12.742439270019531
753,1.093674659729004
754,-0.11888313293457031
755,6.953117370605469
756,1.970871925354004
757,-3.394352912902832
758,-11.796150207519531
759,1.010655403137207
760,-0.25374603271484375
761,6.786646842956543
762,1.1297845840454102
763,1.417287826538086
764,-6.07130241394043
765,0.6996831893920898
766,1.6511459350585938
767,0.45881128311157227
768,-0.31615734100341797
769,5.745128631591797
770,-7.791299343109131
771,-0.38918304443359375
772,5.700634002685547
773,-1.9270415306091309
774,0.15414714813232422
775,10.728742599487305
776,-7.313231945037842
777,0.09187602996826172
778,10.532718658447266
779,-0.5295619964599609
780,0.5169258117675781
781,11.484359741210938
782,-7.27807092666626
783,0.44624805450439453
784,11.248523712158203
785,-0.4824221134185791
786,-0.9127769470214844
787,11.857292175292969
788,-9.169645309448242
789,-0.9302120208740234
790,11.784906387329102
791,-1.8069255352020264
792,-3.1117210388183594
793,-1.951822280883789
794,-4.9446940422058105
795,-3.1761722564697266
796,-2.406553268432617
797,-5.320969581604004
798,-3.15183162689209
799,-2.462949752807617
800,-5.321826934814453
801,-3.125638961791992
802,-2.526515007019043
803,-5.323500633239746
804,-3.191061019897461
805,-2.3811769485473633
806,-4.444672107696533
807,-3.1778697967529297
808,-2.4182395935058594
809,-4.444330215454102
810,-3.1641435623168945
811,-2.4639415740966797
812,-4.444479942321777
813,-2.7930612564086914
814,-2.8692712783813477
815,-6.211681365966797
816,-2.8439817428588867
817,-2.805050849914551
818,-2.251507043838501
819,-2.8326597213745117
820,-1.877030372619629
821,-5.205095291137695
822,-2.844297409057617
823,-1.820734977722168
824,-4.038602352142334
825,-1.3481597900390625
826,-2.710951805114746
827,-7.7228617668151855
828,-1.6597204208374023
829,-1.7994709014892578
830,1.1725709438323975
831,0.1829214096069336
832,-4.105497360229492
833,-9.633992195129395
834,-0.23843955993652344
835,-1.8254947662353516
836,5.0439653396606445
837,1.7748165130615234
838,-3.1095428466796875
839,-10.85664176940918
840,0.7517976760864258
841,-0.7415065765380859
842,6.556262016296387
843,2.1580467224121094
844,-2.96771240234375
845,-11.858091354370117
846,1.0197477340698242
847,-0.12606239318847656
848,7.180340766906738
849,2.111074447631836
850,-2.6806535720825195
851,-11.594568252563477
852,0.9798088073730469
853,-0.12528038024902344
854,6.478130340576172
855,1.9755630493164062
856,-2.6517410278320312
857,-10.753824234008789
858,0.9042425155639648
859,-0.3315420150756836
860,6.308260917663574
861,1.2110414505004883
862,1.6256103515625
863,-6.030818462371826
864,0.8000450134277344
865,1.8895721435546875
866,0.41825008392333984
867,-0.32167911529541016
868,5.900550842285156
869,-7.6655497550964355
870,-0.3923959732055664
871,5.844293594360352
872,-1.9286625385284424
873,0.1752300262451172
874,10.849803924560547
875,-6.9580278396606445
876,0.10682201385498047
877,10.635353088378906
878,-0.4833066463470459
879,0.5389595031738281
880,11.585916519165039
881,-6.91637659072876
882,0.4595069885253906
883,11.332557678222656
884,-0.43389129638671875
885,-0.9373550415039062
886,11.927019119262695
887,-8.792491912841797
888,-0.9353494644165039
889,11.767751693725586
890,-1.6978304386138916
891,-3.1178712844848633
892,-1.5559616088867188
893,-5.00936222076416
894,-3.1777143478393555
895,-2.003634452819824
896,-5.383367538452148
897,-3.1524829864501953
898,-2.0606689453125
899,-5.384113311767578
900,-3.1258773803710938
901,-2.1246395111083984
902,-5.385705947875977
903,-3.1907386779785156
904,-1.9893388748168945
905,-4.517232894897461
906,-3.1756725311279297
907,-2.0304689407348633
908,-4.516901969909668
909,-3.160623550415039
910,-2.080328941345215
911,-4.517040252685547
912,-2.788081169128418
913,-2.474802017211914
914,-6.196149826049805
915,-2.8397350311279297
916,-2.439549446105957
917,-2.30424165725708
918,-2.8521041870117188
919,-1.4528226852416992
920,-5.238465785980225
921,-2.859935760498047
922,-1.4162979125976562
923,-4.090123176574707
924,-1.3549585342407227
925,-2.1121864318847656
926,-7.743619441986084
927,-1.6223926544189453
928,-1.4945459365844727
929,1.17234206199646
930,0.2153635025024414
931,-3.5198774337768555
932,-9.110616683959961
933,-0.19271373748779297
934,-1.6290245056152344
935,5.1566362380981445
936,1.7919864654541016
937,-2.3970184326171875
938,-9.503244400024414
939,0.7132644653320312
940,-0.7896919250488281
941,6.789999961853027
942,2.15914249420166
943,-2.134488105773926
944,-10.353889465332031
945,0.9432792663574219
946,-0.33661651611328125
947,7.42193603515625
948,2.0943822860717773
949,-1.8757658004760742
950,-10.179180145263672
951,0.8846759796142578
952,-0.2609691619873047
953,6.743780136108398
954,1.9632253646850586
955,-1.9090080261230469
956,-9.41085433959961
957,0.8146505355834961
958,-0.4333658218383789
959,6.551485061645508
960,1.2905750274658203
961,1.8530292510986328
962,-6.048698902130127
963,0.9273176193237305
964,2.1058616638183594
965,0.43559813499450684
966,-0.3576393127441406
967,6.045591354370117
968,-7.59318733215332
969,-0.3925619125366211
970,5.94212532043457
971,-1.6414754390716553
972,0.18854522705078125
973,10.916074752807617
974,-6.518213272094727
975,0.12970924377441406
976,10.68301010131836
977,0.05613231658935547
978,0.5683498382568359
979,11.64752197265625
980,-6.442621231079102
981,0.48374271392822266
982,11.338640213012695
983,0.13002538681030273
984,-0.9455547332763672
985,12.099082946777344
986,-8.02632999420166
987,-0.9276552200317383
988,11.79304313659668
989,-0.8771246671676636
990,-3.145522117614746
991,-1.0913028717041016
992,-4.271801948547363
993,-3.1996192932128906
994,-1.5470762252807617
995,-4.67685604095459
996,-3.174112319946289
997,-1.6039457321166992
998,-4.677029609680176
999,-3.147043228149414
1000,-1.6676921844482422
1001,-4.678365707397461
1002,-3.2076950073242188
1003,-1.5367193222045898
1004,-3.8659653663635254
1005,-3.189329147338867
1006,-1.5796270370483398
1007,-3.8650898933410645
1008,-3.1711082458496094
1009,-1.6312675476074219
1010,-3.864732265472412
1011,-2.7933731079101562
1012,-2.011082649230957
1013,-5.678268909454346
1014,-2.8406543731689453
1015,-1.9799919128417969
1016,-2.1136929988861084
1017,-2.8880529403686523
1018,-0.9701061248779297
1019,-4.598921298980713
1020,-2.8907785415649414
1021,-0.9448394775390625
1022,-3.5385217666625977
1023,-1.4064130783081055
1024,-1.554825782775879
1025,-7.675619602203369
1026,-1.5965023040771484
1027,-1.0132417678833008
1028,1.0550203323364258
1029,0.2242441177368164
1030,-2.796550750732422
1031,-8.281315803527832
1032,0.12775897979736328
1033,-1.2515850067138672
1034,2.8025712966918945
1035,1.7518939971923828
1036,-1.3922414779663086
1037,-7.609951972961426
1038,1.2175874710083008
1039,-0.47054290771484375
1040,1.781585693359375
1041,2.117837905883789
1042,-1.0909805297851562
1043,-8.30952262878418
1044,1.5335664749145508
1045,-0.1570892333984375
1046,1.956946849822998
1047,2.0553741455078125
1048,-0.8029727935791016
1049,-7.98832368850708
1050,1.4758491516113281
1051,-0.049976348876953125
1052,1.336596965789795
1053,1.924149513244629
1054,-0.8142557144165039
1055,-7.430668354034424
1056,1.3564653396606445
1057,-0.1874217987060547
1058,1.4913582801818848
1059,1.3358373641967773
1060,2.208484649658203
1061,-6.016958236694336
1062,1.0877361297607422
1063,2.3497867584228516
1064,0.4036140441894531
1065,-0.4332876205444336
1066,6.195833206176758
1067,-6.887563228607178
1068,-0.4139442443847656
1069,6.113491058349609
1070,-0.6583960056304932
1071,0.20996570587158203
1072,11.006349563598633
1073,-5.092213153839111
1074,0.14584922790527344
1075,10.709955215454102
1076,1.3387799263000488
1077,0.5763206481933594
1078,11.705101013183594
1079,-4.942877769470215
1080,0.49476051330566406
1081,11.365785598754883
1082,1.4524474143981934
1083,-0.9451570510864258
1084,12.10305404663086
1085,-5.900732040405273
1086,-0.923100471496582
1087,11.793184280395508
1088,0.99123215675354
1089,-3.1464929580688477
1090,-0.6523380279541016
1091,-3.5912961959838867
1092,-3.196338653564453
1093,-1.0983467102050781
1094,-4.039185047149658
1095,-3.1705169677734375
1096,-1.1479406356811523
1097,-4.039438724517822
1098,-3.143397331237793
1099,-1.2057085037231445
1100,-4.0404887199401855
1101,-3.202944755554199
1102,-1.0950813293457031
1103,-3.204918384552002
1104,-3.183436393737793
1105,-1.1385326385498047
1106,-3.2041401863098145
1107,-3.164034843444824
1108,-1.1916732788085938
1109,-3.204503059387207
1110,-2.790907859802246
1111,-1.5202465057373047
1112,-5.282364845275879
1113,-2.837580680847168
1114,-1.5158605575561523
1115,-1.6177661418914795
1116,-2.8877182006835938
1117,-0.4852151870727539
1118,-4.021358966827393
1119,-2.8885622024536133
1120,-0.45137596130371094
1121,-2.933220624923706
1122,-1.5010433197021484
1123,-0.9389324188232422
1124,-7.6134514808654785
1125,-1.5322494506835938
1126,-0.6625967025756836
1127,1.042126178741455
1128,0.2280406951904297
1129,-2.003694534301758
1130,-8.609517097473145
1131,0.2720603942871094
1132,-1.1050891876220703
1133,1.9266819953918457
1134,1.7268848419189453
1135,-0.3427162170410156
1136,-7.983776092529297
1137,1.435194969177246
1138,-0.06259346008300781
1139,0.13027191162109375
1140,2.1009397506713867
1141,-0.08563804626464844
1142,-8.724296569824219
1143,1.7305946350097656
1144,0.2992534637451172
1145,0.1255340576171875
1146,2.0318164825439453
1147,0.22214698791503906
1148,-8.347890853881836
1149,1.6935243606567383
1150,0.41996192932128906
1151,-0.4420032501220703
1152,1.8948144912719727
1153,0.2309436798095703
1154,-7.7961859703063965
1155,1.5691699981689453
1156,0.2833881378173828
1157,-0.17635726928710938
1158,1.4449443817138672
1159,2.563732147216797
1160,-6.006282806396484
1161,1.2408723831176758
1162,2.580718994140625
1163,0.3911173343658447
1164,-0.4753551483154297
1165,6.274621963500977
1166,-6.317516326904297
1167,-0.4255971908569336
1168,6.104494094848633
1169,-0.3586280345916748
1170,0.23759746551513672
1171,11.034358978271484
1172,-3.9436228275299072
1173,0.15334796905517578
1174,10.689992904663086
1175,2.1532773971557617
1176,0.6133022308349609
1177,11.745233535766602
1178,-3.7297751903533936
1179,0.5383234024047852
1180,11.329212188720703
1181,2.3307719230651855
1182,-0.9085750579833984
1183,12.085298538208008
1184,-4.498407363891602
1185,-0.7862396240234375
1186,11.780305862426758
1187,2.0134987831115723
1188,-3.1368093490600586
1189,-0.26907920837402344
1190,-3.573373317718506
1191,-3.181936264038086
1192,-0.7122955322265625
1193,-4.020808219909668
1194,-3.1563987731933594
1195,-0.7641839981079102
1196,-4.021096229553223
1197,-3.1303892135620117
1198,-0.823786735534668
1199,-4.0222039222717285
1200,-3.189255714416504
1201,-0.7118921279907227
1202,-3.189866065979004
1203,-3.170680046081543
1204,-0.7620220184326172
1205,-3.18908429145813
1206,-3.152942657470703
1207,-0.8119630813598633
1208,-3.1893064975738525
1209,-2.7885007858276367
1210,-1.1279544830322266
1211,-5.256060600280762
1212,-2.833491325378418
1213,-1.12237548828125
1214,-1.5644805431365967
1215,-2.8775720596313477
1216,-0.10146331787109375
1217,-4.006821632385254
1218,-2.8786563873291016
1219,-0.06728935241699219
1220,-2.920772075653076
1221,-1.5092687606811523
1222,-0.5288972854614258
1223,-7.569328784942627
1224,-1.499485969543457
1225,-0.18799972534179688
1226,0.9546360969543457
1227,0.3564262390136719
1228,-1.4486427307128906
1229,-8.348121643066406
1230,0.3088083267211914
1231,-0.5690498352050781
1232,1.8526668548583984
1233,1.723698616027832
1234,0.5439243316650391
1235,-7.400044918060303
1236,1.4128456115722656
1237,0.7835750579833984
1238,0.32001399993896484
1239,2.07723331451416
1240,0.9614830017089844
1241,-8.0968599319458
1242,1.6166191101074219
1243,1.1294727325439453
1244,0.41391491889953613
1245,2.011612892150879
1246,1.1845684051513672
1247,-7.652970314025879
1248,1.5973711013793945
1249,1.1853294372558594
1250,-0.20340323448181152
1251,1.8739337921142578
1252,1.0874156951904297
1253,-7.177515983581543
1254,1.5439367294311523
1255,1.1027660369873047
1256,0.006115436553955078
1257,1.5485525131225586
1258,2.7915782928466797
1259,-5.98786735534668
1260,1.2752370834350586
1261,2.9514846801757812
1262,0.36913514137268066
1263,-0.48807525634765625
1264,6.290462493896484
1265,-6.332841873168945
1266,-0.4754514694213867
1267,6.136857986450195
1268,-0.5277340412139893
1269,0.25957489013671875
1270,11.075098037719727
1271,-4.432840347290039
1272,0.15442752838134766
1273,10.747537612915039
1274,1.509880542755127
1275,0.639124870300293
1276,11.763256072998047
1277,-4.2794952392578125
1278,0.5390338897705078
1279,11.387443542480469
1280,1.6392812728881836
1281,-0.8925905227661133
1282,12.07087516784668
1283,-5.257681846618652
1284,-0.7887582778930664
1285,11.81248664855957
1286,1.212907314300537
1287,-3.1239500045776367
1288,0.2909278869628906
1289,-3.664996862411499
1290,-3.1707372665405273
1291,-0.18219470977783203
1292,-4.120919227600098
1293,-3.1461381912231445
1294,-0.23375225067138672
1295,-4.121257781982422
1296,-3.1214828491210938
1297,-0.2864217758178711
1298,-4.122740745544434
1299,-3.17923641204834
1300,-0.1891002655029297
1301,-3.2771477699279785
1302,-3.162952423095703
1303,-0.2437000274658203
1304,-3.2762982845306396
1305,-3.1481523513793945
1306,-0.29904842376708984
1307,-3.276113986968994
1308,-2.7858028411865234
1309,-0.6203889846801758
1310,-5.38409423828125
1311,-2.82071590423584
1312,-0.6445417404174805
1313,-1.6111305952072144
1314,-2.8647546768188477
1315,0.43808555603027344
1316,-4.1234612464904785
1317,-2.866262435913086
1318,0.4588146209716797
1319,-3.0209834575653076
1320,-1.4732370376586914
1321,-0.019411087036132812
1322,-7.55124044418335
1323,-1.3857707977294922
1324,0.04553794860839844
1325,0.7907757759094238
1326,0.6694488525390625
1327,-0.7566738128662109
1328,-7.948702335357666
1329,0.536773681640625
1330,-0.24550628662109375
1331,1.7220330238342285
1332,1.7324247360229492
1333,1.594198226928711
1334,-6.081689834594727
1335,1.4718303680419922
1336,1.5122814178466797
1337,0.3154764175415039
1338,2.0650596618652344
1339,2.123809814453125
1340,-6.693737030029297
1341,1.6080188751220703
1342,1.911203384399414
1343,0.3850371837615967
1344,2.0001611709594727
1345,2.3288097381591797
1346,-6.35299825668335
1347,1.577352523803711
1348,1.9737739562988281
1349,-0.2806978225708008
1350,1.8601665496826172
1351,2.1582775115966797
1352,-5.876015663146973
1353,1.4969711303710938
1354,1.7991046905517578
1355,-0.02114391326904297
1356,1.5712242126464844
1357,3.2393665313720703
1358,-5.9186930656433105
1359,1.3600044250488281
1360,3.1465492248535156
1361,0.2968463897705078
1362,-0.5277242660522461
1363,6.333284378051758
1364,-5.7638139724731445
1365,-0.4983711242675781
1366,6.141395568847656
1367,-0.0019927024841308594
1368,0.2561359405517578
1369,11.065454483032227
1370,-3.429838180541992
1371,0.1502208709716797
1372,10.677196502685547
1373,2.1431312561035156
1374,0.6326141357421875
1375,11.773900985717773
1376,-3.22957181930542
1377,0.5337657928466797
1378,11.348552703857422
1379,2.2852067947387695
1380,-0.8833169937133789
1381,12.06753921508789
1382,-3.9059951305389404
1383,-0.7887668609619141
1384,11.78659439086914
1385,2.048656463623047
1386,-3.114983558654785
1387,0.6519432067871094
1388,-4.111481189727783
1389,-3.1576766967773438
1390,0.14630699157714844
1391,-4.54304838180542
1392,-3.1290712356567383
1393,0.09178543090820312
1394,-4.5436110496521
1395,-3.098834991455078
1396,0.02873992919921875
1397,-4.545094013214111
1398,-3.162384033203125
1399,0.14310646057128906
1400,-3.6809778213500977
1401,-3.1391830444335938
1402,0.08732986450195312
1403,-3.680245876312256
1404,-3.1181936264038086
1405,0.03226280212402344
1406,-3.680205821990967
1407,-2.74429988861084
1408,-0.2886924743652344
1409,-5.671154975891113
1410,-2.7745933532714844
1411,-0.29594898223876953
1412,-2.11851167678833
1413,-2.8550920486450195
1414,0.7768211364746094
1415,-4.45368766784668
1416,-2.8620662689208984
1417,0.8035163879394531
1418,-3.289653778076172
1419,-1.336411476135254
1420,0.25113487243652344
1421,-7.795356750488281
1422,-1.3374748229980469
1423,0.5441684722900391
1424,0.16249918937683105
1425,0.8442277908325195
1426,-0.083160400390625
1427,-8.16862964630127
1428,0.6138315200805664
1429,0.5556983947753906
1430,1.1498677730560303
1431,1.7226381301879883
1432,2.0494136810302734
1433,-6.419987201690674
1434,1.3736886978149414
1435,2.0855350494384766
1436,-0.2017042636871338
1437,2.052734375
1438,2.685546875
1439,-7.062371730804443
1440,1.553121566772461
1441,2.4559383392333984
1442,-0.1392679214477539
1443,1.9546051025390625
1444,2.915679931640625
1445,-6.745636940002441
1446,1.5244646072387695
1447,2.6341419219970703
1448,-0.8471447229385376
1449,1.8202314376831055
1450,2.726940155029297
1451,-6.224648952484131
1452,1.4248056411743164
1453,2.4386444091796875
1454,-0.547940731048584
1455,1.6389636993408203
1456,3.5248584747314453
1457,-5.743044853210449
1458,1.4512443542480469
1459,3.5276851654052734
1460,0.12021517753601074
1461,-0.5810317993164062
1462,6.337530136108398
1463,-5.598715782165527
1464,-0.5068225860595703
1465,6.215625762939453
1466,0.1430187225341797
1467,0.2550497055053711
1468,11.07060432434082
1469,-3.29268217086792
1470,0.19606685638427734
1471,10.474740982055664
1472,2.13613224029541
1473,0.6286411285400391
1474,11.774089813232422
1475,-3.10379695892334
1476,0.5289440155029297
1477,11.327661514282227
1478,2.263333320617676
1479,-0.8704938888549805
1480,12.046195983886719
1481,-3.794722557067871
1482,-0.7891788482666016
1483,11.778982162475586
1484,2.043816566467285
1485,-3.103287696838379
1486,0.9256095886230469
1487,-4.272387504577637
1488,-3.1106348037719727
1489,0.42117881774902344
1490,-4.613624095916748
1491,-3.074721336364746
1492,0.36472511291503906
1493,-4.6151299476623535
1494,-3.037141799926758
1495,0.3070030212402344
1496,-4.616778373718262
1497,-3.11521053314209
1498,0.41893577575683594
1499,-3.7030029296875
1500,-3.0854291915893555
1501,0.36191749572753906
1502,-3.7033751010894775
1503,-3.0568389892578125
1504,0.3044910430908203
1505,-3.7034342288970947
1506,-2.6620311737060547
1507,-0.014204025268554688
1508,-6.079282760620117
1509,-2.7040786743164062
1510,-0.00629425048828125
1511,-2.46298885345459
1512,-2.8431358337402344
1513,1.0776596069335938
1514,-4.621685028076172
1515,-2.8440752029418945
1516,1.0955753326416016
1517,-3.5680058002471924
1518,-1.1694822311401367
1519,0.717803955078125
1520,-8.128783226013184
1521,-1.2797718048095703
1522,0.9421615600585938
1523,0.029402971267700195
1524,0.9853067398071289
1525,0.7629680633544922
1526,-8.483718872070312
1527,0.7640810012817383
1528,1.2959136962890625
1529,1.0699312686920166
1530,1.7187156677246094
1531,3.2886714935302734
1532,-6.604840278625488
1533,1.3810243606567383
1534,3.055927276611328
1535,-0.3867466449737549
1536,1.9889116287231445
1537,3.948362350463867
1538,-7.243588924407959
1539,1.508631706237793
1540,3.5678787231445312
1541,-0.28811073303222656
1542,1.710738182067871
1543,4.324663162231445
1544,-6.872265338897705
1545,1.4762153625488281
1546,3.760862350463867
1547,-1.0273455381393433
1548,1.6603784561157227
1549,3.981599807739258
1550,-6.386533737182617
1551,1.3921689987182617
1552,3.566770553588867
1553,-0.7506768703460693
1554,1.7606840133666992
1555,3.9821720123291016
1556,-5.701915264129639
1557,1.5120067596435547
1558,4.007068634033203
1559,0.07917404174804688
1560,-0.6385269165039062
1561,6.288166046142578
1562,-5.787409782409668
1563,-0.613429069519043
1564,6.256860733032227
1565,0.20174169540405273
1566,0.2476959228515625
1567,11.040811538696289
1568,-3.5551867485046387
1569,0.18317604064941406
1570,10.472772598266602
1571,2.074056625366211
1572,0.6265583038330078
1573,11.758440017700195
1574,-3.395094871520996
1575,0.5270891189575195
1576,11.303041458129883
1577,2.17387056350708
1578,-0.8668003082275391
1579,12.043886184692383
1580,-4.267622947692871
1581,-0.7985439300537109
1582,11.777265548706055
1583,1.8695731163024902
1584,-3.047451972961426
1585,1.0929985046386719
1586,-4.656559467315674
1587,-3.0298166275024414
1588,0.59368896484375
1589,-5.1122660636901855
1590,-2.9898738861083984
1591,0.5409660339355469
1592,-5.11251163482666
1593,-2.947319984436035
1594,0.48438262939453125
1595,-5.113697528839111
1596,-3.040424346923828
1597,0.5995922088623047
1598,-4.225876808166504
1599,-3.010817527770996
1600,0.5555915832519531
1601,-4.227200031280518
1602,-2.9811105728149414
1603,0.5079669952392578
1604,-4.227863311767578
1605,-2.551177978515625
1606,0.1674823760986328
1607,-6.572797775268555
1608,-2.6208086013793945
1609,0.21278953552246094
1610,-2.7738466262817383
1611,-2.779865264892578
1612,1.295663833618164
1613,-5.161408424377441
1614,-2.785059928894043
1615,1.306793212890625
1616,-4.073871612548828
1617,-0.9714107513427734
1618,1.0608367919921875
1619,-8.603106498718262
1620,-1.2252769470214844
1621,1.3337268829345703
1622,-0.11232614517211914
1623,1.0298519134521484
1624,1.8713722229003906
1625,-8.752998352050781
1626,0.7510824203491211
1627,2.6816272735595703
1628,0.8777315616607666
1629,1.52984619140625
1630,5.053714752197266
1631,-6.601831436157227
1632,1.3096628189086914
1633,4.788352966308594
1634,-0.5879852771759033
1635,1.625020980834961
1636,5.823060989379883
1637,-7.256730556488037
1638,1.500718116760254
1639,5.321508407592773
1640,-0.4824337959289551
1641,1.362748146057129
1642,6.000516891479492
1643,-6.943612575531006
1644,1.4231958389282227
1645,5.457183837890625
1646,-1.2400647401809692
1647,1.3128976821899414
1648,5.693193435668945
1649,-6.408080101013184
1650,1.3863277435302734
1651,5.227415084838867
1652,-0.9649975299835205
1653,1.8357677459716797
1654,4.038869857788086
1655,-5.666713714599609
1656,1.5386238098144531
1657,4.140827178955078
1658,0.045256614685058594
1659,-0.6624603271484375
1660,6.2191009521484375
1661,-5.854089736938477
1662,-0.672266960144043
1663,6.253408432006836
1664,0.24195575714111328
1665,0.2467021942138672
1666,11.015504837036133
1667,-3.446981906890869
1668,0.17765426635742188
1669,10.463693618774414
1670,1.996025562286377
1671,0.61505126953125
1672,11.741405487060547
1673,-3.2675514221191406
1674,0.5245790481567383
1675,11.275436401367188
1676,2.0838823318481445
1677,-0.8730068206787109
1678,11.990205764770508
1679,-4.18708610534668
1680,-0.7997274398803711
1681,11.769781112670898
1682,1.696019172668457
1683,-2.904714584350586
1684,1.1504077911376953
1685,-4.562542915344238
1686,-2.890091896057129
1687,0.6431198120117188
1688,-5.010262489318848
1689,-2.8523082733154297
1690,0.5894870758056641
1691,-5.010709762573242
1692,-2.813108444213867
1693,0.536590576171875
1694,-5.011969566345215
1695,-2.9066076278686523
1696,0.6657600402832031
1697,-4.1276535987854
1698,-2.884671211242676
1699,0.6375408172607422
1700,-4.128486633300781
1701,-2.8635692596435547
1702,0.6111621856689453
1703,-4.129019737243652
1704,-2.412533760070801
1705,0.2337055206298828
1706,-6.519835472106934
1707,-2.508180618286133
1708,0.32446861267089844
1709,-2.7448959350585938
1710,-2.632258415222168
1711,1.3452987670898438
1712,-5.054103851318359
1713,-2.649494171142578
1714,1.3961219787597656
1715,-3.9486589431762695
1716,-0.8158903121948242
1717,1.264638900756836
1718,-8.369508743286133
1719,-1.1122617721557617
1720,1.7263622283935547
1721,0.19948506355285645
1722,1.0542984008789062
1723,2.8184432983398438
1724,-8.714412689208984
1725,0.6196966171264648
1726,3.444276809692383
1727,1.2660317420959473
1728,1.3077077865600586
1729,6.115262985229492
1730,-6.829189777374268
1731,0.9537153244018555
1732,5.961671829223633
1733,-0.5241856575012207
1734,1.3107843399047852
1735,6.747314453125
1736,-7.575466156005859
1737,0.9818334579467773
1738,6.391269683837891
1739,-0.5106635093688965
1740,1.0213994979858398
1741,6.822216033935547
1742,-7.325660228729248
1743,0.8828601837158203
1744,6.488006591796875
1745,-1.2612310647964478
1746,0.9817304611206055
1747,6.512136459350586
1748,-6.676236629486084
1749,0.7967081069946289
1750,6.379453659057617
1751,-0.9207174777984619
1752,1.9358539581298828
1753,4.261474609375
1754,-5.6576433181762695
1755,1.647902488708496
1756,4.371931076049805
1757,0.037390947341918945
1758,-0.6888761520385742
1759,6.308603286743164
1760,-5.957254409790039
1761,-0.7149553298950195
1762,6.248607635498047
1763,0.16017365455627441
1764,0.24624156951904297
1765,10.993474960327148
1766,-3.7104246616363525
1767,0.17398834228515625
1768,10.447534561157227
1769,1.6313228607177734
1770,0.6111030578613281
1771,11.728788375854492
1772,-3.536722421646118
1773,0.5340547561645508
1774,11.266084671020508
1775,1.6763043403625488
1776,-0.8619871139526367
1777,11.976730346679688
1778,-4.440204620361328
1779,-0.7689218521118164
1780,11.751455307006836
1781,1.0777182579040527
1782,-2.7664289474487305
1783,1.2780094146728516
1784,-4.567924976348877
1785,-2.7639265060424805
1786,0.7759571075439453
1787,-5.036564826965332
1788,-2.733168601989746
1789,0.7379856109619141
1790,-5.037508964538574
1791,-2.701791763305664
1792,0.7034912109375
1793,-5.038915634155273
1794,-2.7752199172973633
1795,0.7737388610839844
1796,-4.1637468338012695
1797,-2.7540693283081055
1798,0.7364082336425781
1799,-4.165040016174316
1800,-2.733607292175293
1801,0.7017154693603516
1802,-4.165964126586914
1803,-2.302074432373047
1804,0.46776771545410156
1805,-6.457983493804932
1806,-2.370316505432129
1807,0.47492027282714844
1808,-2.621107339859009
1809,-2.50667667388916
1810,1.4908866882324219
1811,-5.115189552307129
1812,-2.519908905029297
1813,1.5093441009521484
1814,-4.008830547332764
1815,-0.7586021423339844
1816,1.5974006652832031
1817,-8.411413192749023
1818,-0.9623126983642578
1819,1.929067611694336
1820,0.10713839530944824
1821,0.9500913619995117
1822,3.76177978515625
1823,-8.57303237915039
1824,0.5509204864501953
1825,4.07649040222168
1826,0.8025190830230713
1827,0.9906120300292969
1828,6.614782333374023
1829,-6.4857282638549805
1830,0.8007545471191406
1831,6.585063934326172
1832,-0.9588643312454224
1833,0.9503278732299805
1834,7.417116165161133
1835,-7.192803382873535
1836,0.7365550994873047
1837,7.052768707275391
1838,-0.9540889263153076
1839,0.6872262954711914
1840,7.339149475097656
1841,-6.995770454406738
1842,0.6623201370239258
1843,7.150203704833984
1844,-1.6756236553192139
1845,0.6572198867797852
1846,7.138078689575195
1847,-6.369985580444336
1848,0.654362678527832
1849,6.969337463378906
1850,-1.3460620641708374
1851,1.9750986099243164
1852,4.527631759643555
1853,-5.572404861450195
1854,1.6977481842041016
1855,4.524251937866211
1856,-0.046675682067871094
1857,-0.6810226440429688
1858,6.377220153808594
1859,-5.899511814117432
1860,-0.7662200927734375
1861,6.169557571411133
1862,0.8935508728027344
1863,0.2578744888305664
1864,10.98921012878418
1865,-3.681077003479004
1866,0.5912265777587891
1867,9.63223648071289
1868,2.711554527282715
1869,0.6165685653686523
1870,11.71658706665039
1871,-3.520474672317505
1872,1.0400876998901367
1873,10.015630722045898
1874,2.800248146057129
1875,-0.8226442337036133
1876,11.972204208374023
1877,-4.476764678955078
1878,-0.5786867141723633
1879,11.588537216186523
1880,2.392610549926758
1881,-2.6357946395874023
1882,1.2271957397460938
1883,-4.498807430267334
1884,-2.6319684982299805
1885,0.7608413696289062
1886,-4.9344282150268555
1887,-2.603658676147461
1888,0.72564697265625
1889,-4.9361162185668945
1890,-2.5747737884521484
1891,0.6897563934326172
1892,-4.938117980957031
1893,-2.6428585052490234
1894,0.7660923004150391
1895,-4.083786964416504
1896,-2.620424270629883
1897,0.7270088195800781
1898,-4.084254264831543
1899,-2.5991992950439453
1900,0.6929912567138672
1901,-4.084926605224609
1902,-2.168511390686035
1903,0.46102333068847656
1904,-6.245595455169678
1905,-2.2165775299072266
1906,0.4865989685058594
1907,-2.599855899810791
1908,-2.3905630111694336
1909,1.4435539245605469
1910,-4.982276439666748
1911,-2.4030094146728516
1912,1.4659309387207031
1913,-3.8950870037078857
1914,-0.6959209442138672
1915,1.6513423919677734
1916,-8.234999656677246
1917,-0.8261470794677734
1918,2.2202396392822266
1919,0.23850107192993164
1920,0.9563350677490234
1921,4.006237030029297
1922,-8.429259300231934
1923,0.5201787948608398
1924,4.682485580444336
1925,0.9411816596984863
1926,0.696162223815918
1927,6.954063415527344
1928,-6.834756374359131
1929,0.6016216278076172
1930,7.125860214233398
1931,-0.9815195798873901
1932,0.6319131851196289
1933,7.723602294921875
1934,-7.58607292175293
1935,0.44082069396972656
1936,7.529216766357422
1937,-1.0423091650009155
1938,0.3293447494506836
1939,7.675468444824219
1940,-7.302907466888428
1941,0.34955501556396484
1942,7.532733917236328
1943,-1.7928497791290283
1944,0.35599327087402344
1945,7.447895050048828
1946,-6.686127662658691
1947,0.36452674865722656
1948,7.456218719482422
1949,-1.389673113822937
1950,2.017047882080078
1951,4.820093154907227
1952,-5.476930618286133
1953,1.8084545135498047
1954,5.033937454223633
1955,-0.1416151523590088
1956,-0.6857891082763672
1957,6.4482269287109375
1958,-5.71550989151001
1959,-0.7069730758666992
1960,6.117057800292969
1961,0.6317775249481201
1962,0.25321006774902344
1963,10.98613166809082
1964,-2.330023765563965
1965,1.7295961380004883
1966,7.693868637084961
1967,2.46287202835083
1968,0.6058454513549805
1969,11.711637496948242
1970,-1.954095482826233
1971,2.156576156616211
1972,7.559040069580078
1973,2.608274459838867
1974,-0.7279672622680664
1975,11.975149154663086
1976,-1.8745076656341553
1977,1.8669519424438477
1978,9.180900573730469
1979,2.625833511352539
1980,-2.456676483154297
1981,1.1809425354003906
1982,-4.433599472045898
1983,-2.458995819091797
1984,0.7317676544189453
1985,-4.874993801116943
1986,-2.4318323135375977
1987,0.6956977844238281
1988,-4.876822471618652
1989,-2.4027366638183594
1990,0.6585731506347656
1991,-4.878849983215332
1992,-2.4686574935913086
1993,0.7353477478027344
1994,-4.027554512023926
1995,-2.4485273361206055
1996,0.7024879455566406
1997,-4.02796745300293
1998,-2.427305221557617
1999,0.67034912109375
2000,-4.028663635253906
2001,-1.9907302856445312
2002,0.39541053771972656
2003,-6.143694877624512
2004,-2.008136749267578
2005,0.4184112548828125
2006,-2.5603179931640625
2007,-2.186589241027832
2008,1.4244747161865234
2009,-4.894303321838379
2010,-2.1992311477661133
2011,1.4296245574951172
2012,-3.8022806644439697
2013,-0.5723495483398438
2014,1.7949848175048828
2015,-8.180582046508789
2016,-0.6929616928100586
2017,2.2115917205810547
2018,0.33213210105895996
2019,0.8943090438842773
2020,4.609357833862305
2021,-8.392976760864258
2022,0.49954891204833984
2023,4.920444488525391
2024,1.0260493755340576
2025,0.3463869094848633
2026,7.477592468261719
2027,-6.427459716796875
2028,0.22588443756103516
2029,7.360252380371094
2030,-0.999934196472168
2031,0.23006916046142578
2032,8.122371673583984
2033,-7.171767234802246
2034,0.07370471954345703
2035,7.906042098999023
2036,-1.0776060819625854
2037,-0.05062675476074219
2038,8.083789825439453
2039,-6.949860572814941
2040,-0.002147674560546875
2041,7.922634124755859
2042,-1.8178997039794922
2043,0.040368080139160156
2044,7.796180725097656
2045,-6.309290885925293
2046,0.042983055114746094
2047,7.760614395141602
2048,-1.409360408782959
2049,2.06473445892334
2050,5.157260894775391
2051,-5.494289398193359
2052,1.8379011154174805
2053,5.113241195678711
2054,-0.12374734878540039
2055,-0.7159938812255859
2056,6.638309478759766
2057,-5.891391277313232
2058,-0.8481712341308594
2059,6.075719833374023
2060,1.0619280338287354
2061,0.2604026794433594
2062,10.98460578918457
2063,-3.046304702758789
2064,1.432037353515625
2065,8.543830871582031
2066,2.640622615814209
2067,0.6031665802001953
2068,11.698598861694336
2069,-2.7635321617126465
2070,1.7397737503051758
2071,8.890426635742188
2072,2.7234344482421875
2073,-0.7273473739624023
2074,11.97392463684082
2075,-3.024129629135132
2076,0.9449090957641602
2077,9.302314758300781
2078,2.4611873626708984
2079,-2.2737388610839844
2080,1.098947525024414
2081,-4.787360191345215
2082,-2.2500858306884766
2083,0.6512794494628906
2084,-5.2591118812561035
2085,-2.2133235931396484
2086,0.6063137054443359
2087,-5.261115074157715
2088,-2.1732797622680664
2089,0.5577812194824219
2090,-5.262578964233398
2091,-2.2812576293945312
2092,0.6728096008300781
2093,-4.384345054626465
2094,-2.268625259399414
2095,0.6470279693603516
2096,-4.385299205780029
2097,-2.2561254501342773
2098,0.6197853088378906
2099,-4.386319160461426
2100,-1.751434326171875
2101,0.2990264892578125
2102,-6.451045036315918
2103,-1.8310956954956055
2104,0.36700439453125
2105,-2.6134936809539795
2106,-1.992715835571289
2107,1.338836669921875
2108,-5.233921527862549
2109,-2.035402297973633
2110,1.3547916412353516
2111,-4.103055000305176
2112,-0.31105709075927734
2113,1.9235095977783203
2114,-8.536582946777344
2115,-0.6350030899047852
2116,2.3088645935058594
2117,0.11040496826171875
2118,0.8425483703613281
2119,4.999940872192383
2120,-8.626962661743164
2121,0.2404956817626953
2122,5.135089874267578
2123,0.8089728355407715
2124,-0.10672283172607422
2125,7.808099746704102
2126,-7.857285022735596
2127,-0.4000225067138672
2128,7.690084457397461
2129,-1.3872504234313965
2130,-0.34855079650878906
2131,8.563446044921875
2132,-8.708259582519531
2133,-0.6016759872436523
2134,8.057228088378906
2135,-1.5480146408081055
2136,-0.5856704711914062
2137,8.387353897094727
2138,-8.506464958190918
2139,-0.6831836700439453
2140,8.030858993530273
2141,-2.3652353286743164
2142,-0.5112791061401367
2143,8.132369995117188
2144,-7.767853736877441
2145,-0.5971040725708008
2146,7.915214538574219
2147,-1.8330373764038086
2148,2.131289482116699
2149,5.29231071472168
2150,-5.49427604675293
2151,1.8150949478149414
2152,5.2425689697265625
2153,-0.12435460090637207
2154,-0.7065258026123047
2155,6.757513046264648
2156,-6.024555206298828
2157,-0.8095302581787109
2158,6.04638671875
2159,1.2954378128051758
2160,0.8398408889770508
2161,10.066396713256836
2162,-2.575941801071167
2163,1.2637567520141602
2164,8.052820205688477
2165,2.4561824798583984
2166,1.2419157028198242
2167,10.098228454589844
2168,-2.1282734870910645
2169,1.6367073059082031
2170,8.211368560791016
2171,2.536410331726074
2172,0.5045948028564453
2173,11.760782241821289
2174,-1.4959694147109985
2175,1.0477304458618164
2176,9.389543533325195
2177,2.6124324798583984
2178,-2.052924156188965
2179,0.9556293487548828
2180,-5.164303779602051
2181,-2.0200281143188477
2182,0.4686870574951172
2183,-5.634319305419922
2184,-1.984562873840332
2185,0.425048828125
2186,-5.636757850646973
2187,-1.9470901489257812
2188,0.37915802001953125
2189,-5.639279365539551
2190,-2.0444936752319336
2191,0.48382568359375
2192,-4.786136150360107
2193,-2.027853012084961
2194,0.4534015655517578
2195,-4.786969184875488
2196,-2.0106000900268555
2197,0.42078208923339844
2198,-4.787216663360596
2199,-1.5424995422363281
2200,0.1498241424560547
2201,-6.6798810958862305
2202,-1.615523338317871
2203,0.19922637939453125
2204,-2.8920862674713135
2205,-1.7931394577026367
2206,1.1919612884521484
2207,-5.5359296798706055
2208,-1.83245849609375
2209,1.2124347686767578
2210,-4.428084373474121
2211,-0.23990917205810547
2212,1.783823013305664
2213,-8.749489784240723
2214,-0.4987916946411133
2215,2.185884475708008
2216,0.00018835067749023438
2217,0.7080984115600586
2218,5.212026596069336
2219,-8.743538856506348
2220,0.10748481750488281
2221,4.971199035644531
2222,0.8990199565887451
2223,-0.7293472290039062
2224,7.44169807434082
2225,-7.893048286437988
2226,-0.6923913955688477
2227,7.013811111450195
2228,-1.2820199728012085
2229,-1.0093202590942383
2230,8.17085075378418
2231,-8.79200267791748
2232,-0.8928384780883789
2233,7.210563659667969
2234,-1.3786308765411377
2235,-1.300436019897461
2236,7.83198356628418
2237,-8.538599014282227
2238,-1.043539047241211
2239,7.19831657409668
2240,-2.1712794303894043
2241,-1.1854925155639648
2242,7.595453262329102
2243,-7.7824859619140625
2244,-0.9767093658447266
2245,7.156087875366211
2246,-1.7113416194915771
2247,2.1704750061035156
2248,5.368968963623047
2249,-5.510558605194092
2250,1.8647356033325195
2251,5.358915328979492
2252,-0.10759401321411133
2253,-0.6295299530029297
2254,6.962713241577148
2255,-6.047112464904785
2256,-0.8067855834960938
2257,5.9752197265625
2258,1.4440317153930664
2259,0.7119283676147461
2260,10.459888458251953
2261,-3.0200023651123047
2262,1.2440567016601562
2263,8.547700881958008
2264,3.298623561859131
2265,1.0911893844604492
2266,10.713094711303711
2267,-2.6974024772644043
2268,1.5824737548828125
2269,8.939323425292969
2270,3.4483280181884766
2271,0.15226364135742188
2272,11.807344436645508
2273,-2.793896198272705
2274,0.6750459671020508
2275,9.96973991394043
2276,3.4087905883789062
2277,-1.8313732147216797
2278,0.6818141937255859
2279,-5.331476211547852
2280,-1.747239112854004
2281,0.17891883850097656
2282,-5.747252941131592
2283,-1.7028093338012695
2284,0.13315200805664062
2285,-5.749649524688721
2286,-1.650568962097168
2287,0.08357429504394531
2288,-5.752058506011963
2289,-1.793147087097168
2290,0.20709800720214844
2291,-4.941100120544434
2292,-1.7850589752197266
2293,0.1853809356689453
2294,-4.942187309265137
2295,-1.7747764587402344
2296,0.16193580627441406
2297,-4.942168235778809
2298,-1.2716970443725586
2299,-0.0809783935546875
2300,-6.639322280883789
2301,-1.400944709777832
2302,-0.0009098052978515625
2303,-3.0017952919006348
2304,-1.5829486846923828
2305,0.9604606628417969
2306,-5.635733604431152
2307,-1.644683837890625
2308,0.9859447479248047
2309,-4.577920436859131
2310,-0.06467056274414062
2311,1.6567611694335938
2312,-8.538961410522461
2313,-0.400421142578125
2314,2.1103134155273438
2315,-0.24081993103027344
2316,0.5395832061767578
2317,5.042989730834961
2318,-8.877605438232422
2319,0.023136138916015625
2320,4.967960357666016
2321,0.9604170322418213
2322,-1.0714263916015625
2323,7.014001846313477
2324,-8.068693161010742
2325,-0.8914108276367188
2326,6.697746276855469
2327,-0.7050206661224365
2328,-1.4202861785888672
2329,7.608615875244141
2330,-8.963001251220703
2331,-1.1190366744995117
2332,6.773067474365234
2333,-0.7482898235321045
2334,-1.6315670013427734
2335,7.315944671630859
2336,-8.710114479064941
2337,-1.2842254638671875
2338,6.740573883056641
2339,-1.4757170677185059
2340,-1.4786443710327148
2341,7.037755966186523
2342,-7.9641032218933105
2343,-1.2074909210205078
2344,6.73765754699707
2345,-1.089219331741333
2346,2.2039623260498047
2347,5.5135650634765625
2348,-5.451767921447754
2349,1.8523530960083008
2350,5.5035858154296875
2351,-0.16566705703735352
2352,-0.5624570846557617
2353,6.823921203613281
2354,-6.02264404296875
2355,-0.7434453964233398
2356,5.874889373779297
2357,1.637712001800537
2358,0.6391944885253906
2359,10.669992446899414
2360,-3.3524370193481445
2361,0.9912643432617188
2362,8.849189758300781
2363,3.698488235473633
2364,1.0343618392944336
2365,11.156822204589844
2366,-3.086548328399658
2367,1.3208427429199219
2368,9.316579818725586
2369,3.8650946617126465
2370,-0.3613767623901367
2371,11.824666976928711
2372,-3.7137699127197266
2373,0.3825654983520508
2374,10.224746704101562
2375,3.6616525650024414
2376,-1.5654430389404297
2377,0.4814567565917969
2378,-5.227817058563232
2379,-1.4828128814697266
2380,-0.0097808837890625
2381,-5.645379543304443
2382,-1.4390087127685547
2383,-0.052455902099609375
2384,-5.647456645965576
2385,-1.3896245956420898
2386,-0.09553909301757812
2387,-5.649689674377441
2388,-1.5165843963623047
2389,0.009180068969726562
2390,-4.833658695220947
2391,-1.5026273727416992
2392,-0.016054153442382812
2393,-4.834743499755859
2394,-1.486191749572754
2395,-0.04197883605957031
2396,-4.834939479827881
2397,-1.0125751495361328
2398,-0.22802352905273438
2399,-6.548900127410889
2400,-1.1177654266357422
2401,-0.18153858184814453
2402,-2.945347309112549
2403,-1.3481416702270508
2404,0.7640552520751953
2405,-5.536868572235107
2406,-1.396428108215332
2407,0.7774181365966797
2408,-4.470177173614502
2409,0.042118072509765625
2410,1.6745147705078125
2411,-8.460687637329102
2412,-0.2343311309814453
2413,1.8968544006347656
2414,-0.3302910327911377
2415,0.1155843734741211
2416,5.204273223876953
2417,-8.68484115600586
2418,-0.2491283416748047
2419,4.8817291259765625
2420,0.7872152328491211
2421,-1.6602964401245117
2422,6.562313079833984
2423,-8.039754867553711
2424,-1.4970417022705078
2425,6.342081069946289
2426,-0.9644501209259033
2427,-2.100584030151367
2428,7.309694290161133
2429,-8.962968826293945
2430,-1.7924604415893555
2431,6.248228073120117
2432,-1.0266491174697876
2433,-2.240971565246582
2434,6.694013595581055
2435,-8.672830581665039
2436,-1.995957374572754
2437,6.23872184753418
2438,-1.8090730905532837
2439,-2.0747013092041016
2440,6.566705703735352
2441,-7.940992832183838
2442,-1.906357765197754
2443,6.325540542602539
2444,-1.3744394779205322
2445,2.2052316665649414
2446,5.623893737792969
2447,-5.379621505737305
2448,1.8442258834838867
2449,5.478588104248047
2450,-0.23823761940002441
2451,-0.5511302947998047
2452,6.820955276489258
2453,-5.871150970458984
2454,-0.7419204711914062
2455,5.795991897583008
2456,1.266221523284912
2457,0.6214685440063477
2458,10.880060195922852
2459,-3.6450464725494385
2460,0.6823673248291016
2461,8.859447479248047
2462,3.6463780403137207
2463,0.9535293579101562
2464,11.620012283325195
2465,-3.425565004348755
2466,1.0419988632202148
2467,9.340538024902344
2468,3.8596067428588867
2469,-0.6447086334228516
2470,11.8687744140625
2471,-4.179714202880859
2472,-0.1111917495727539
2473,10.376968383789062
2474,3.764803409576416
2475,-1.3244400024414062
2476,0.4447822570800781
2477,-5.2932634353637695
2478,-1.2195825576782227
2479,-0.024932861328125
2480,-5.73658561706543
2481,-1.1831235885620117
2482,-0.07501411437988281
2483,-5.73870849609375
2484,-1.1408958435058594
2485,-0.14623260498046875
2486,-5.741016387939453
2487,-1.2353649139404297
2488,-0.029750823974609375
2489,-4.941699504852295
2490,-1.2134628295898438
2491,-0.04002189636230469
2492,-4.9427385330200195
2493,-1.1863012313842773
2494,-0.050136566162109375
2495,-4.942901611328125
2496,-0.7875099182128906
2497,-0.3920297622680664
2498,-6.664536476135254
2499,-0.8262243270874023
2500,-0.3446846008300781
2501,-3.1258444786071777
2502,-1.144627571105957
2503,0.6222934722900391
2504,-5.598598480224609
2505,-1.160013198852539
2506,0.6604862213134766
2507,-4.555750370025635
2508,0.09701824188232422
2509,1.5871849060058594
2510,-8.436300277709961
2511,0.024535179138183594
2512,1.6578960418701172
2513,-0.442366361618042
2514,-0.35085582733154297
2515,4.843374252319336
2516,-8.719666481018066
2517,-0.4039621353149414
2518,4.486408233642578
2519,0.5347762107849121
2520,-2.281069755554199
2521,5.814613342285156
2522,-8.129688262939453
2523,-2.07466983795166
2524,5.652091979980469
2525,-1.4438321590423584
2526,-2.7395095825195312
2527,6.387248992919922
2528,-9.286493301391602
2529,-2.425802230834961
2530,5.650091171264648
2531,-1.5104172229766846
2532,-2.789443016052246
2533,5.822702407836914
2534,-8.754131317138672
2535,-2.5709028244018555
2536,5.6681060791015625
2537,-2.344942808151245
2538,-2.5854387283325195
2539,5.676553726196289
2540,-8.072919845581055
2541,-2.4352807998657227
2542,5.680194854736328
2543,-1.8787726163864136
2544,2.183286666870117
2545,5.767450332641602
2546,-5.377236366271973
2547,1.8886070251464844
2548,5.409395217895508
2549,-0.24051141738891602
2550,-0.5522928237915039
2551,6.760828018188477
2552,-5.705589294433594
2553,-0.7332658767700195
2554,5.917301177978516
2555,1.2862987518310547
2556,0.5401649475097656
2557,10.946556091308594
2558,-3.417900800704956
2559,0.6528453826904297
2560,8.899477005004883
2561,4.164069652557373
2562,0.9189357757568359
2563,11.763004302978516
2564,-3.189734697341919
2565,1.0135135650634766
2566,9.440471649169922
2567,4.4489359855651855
2568,-0.7221879959106445
2569,11.869693756103516
2570,-3.6841700077056885
2571,-0.14034271240234375
2572,10.48463249206543
2573,4.495270729064941
2574,-1.0163707733154297
2575,0.013059616088867188
2576,-5.311347007751465
2577,-0.8846435546875
2578,-0.4324684143066406
2579,-5.715222358703613
2580,-0.8414678573608398
2581,-0.45672035217285156
2582,-5.716968536376953
2583,-0.7962789535522461
2584,-0.48746299743652344
2585,-5.718935012817383
2586,-0.9152412414550781
2587,-0.44059181213378906
2588,-4.954110145568848
2589,-0.8966436386108398
2590,-0.4467611312866211
2591,-4.955096244812012
2592,-0.8738908767700195
2593,-0.4521007537841797
2594,-4.955477714538574
2595,-0.46110057830810547
2596,-0.4159116744995117
2597,-6.58975887298584
2598,-0.5252752304077148
2599,-0.43662071228027344
2600,-3.103834390640259
2601,-0.8342933654785156
2602,0.4047508239746094
2603,-5.579288482666016
2604,-0.8700094223022461
2605,0.42217254638671875
2606,-4.5794596672058105
2607,0.37185096740722656
2608,1.2978401184082031
2609,-8.361902236938477
2610,0.06760406494140625
2611,1.6415042877197266
2612,-0.5615990161895752
2613,-0.5711431503295898
2614,4.107973098754883
2615,-9.36945915222168
2616,-0.6105661392211914
2617,4.09459114074707
2618,0.38864779472351074
2619,-2.4247312545776367
2620,4.992609024047852
2621,-9.508986473083496
2622,-2.362359046936035
2623,5.369043350219727
2624,-1.6557945013046265
2625,-2.723644256591797
2626,5.582971572875977
2627,-10.604120254516602
2628,-2.584834098815918
2629,5.056514739990234
2630,-1.7952626943588257
2631,-2.7417640686035156
2632,5.52897834777832
2633,-10.172353744506836
2634,-2.782072067260742
2635,4.891202926635742
2636,-2.570406198501587
2637,-2.6587209701538086
2638,5.259946823120117
2639,-9.431990623474121
2640,-2.6793527603149414
2641,5.214441299438477
2642,-2.08664870262146
2643,2.207942008972168
2644,5.670991897583008
2645,-5.374863624572754
2646,1.8694286346435547
2647,5.526187896728516
2648,-0.24327301979064941
2649,-0.5504207611083984
2650,6.712095260620117
2651,-5.74134635925293
2652,-0.7246475219726562
2653,6.167329788208008
2654,0.5913920402526855
2655,0.4778013229370117
2656,10.9835205078125
2657,-3.5932631492614746
2658,0.36974430084228516
2659,9.853982925415039
2660,3.200199604034424
2661,0.875889778137207
2662,11.791854858398438
2663,-3.407050609588623
2664,0.6815252304077148
2665,10.882577896118164
2666,3.6247739791870117
2667,-0.7641048431396484
2668,11.861175537109375
2669,-4.06224250793457
2670,-0.5137443542480469
2671,11.177032470703125
2672,4.320850849151611
2673,-0.7067842483520508
2674,-0.535552978515625
2675,-4.440542697906494
2676,-0.5783510208129883
2677,-0.9690618515014648
2678,-4.858278274536133
2679,-0.538334846496582
2680,-0.9789142608642578
2681,-4.859076499938965
2682,-0.49352169036865234
2683,-0.9876871109008789
2684,-4.860123634338379
2685,-0.6081962585449219
2686,-0.9793386459350586
2687,-4.127208232879639
2688,-0.5899925231933594
2689,-0.9901943206787109
2690,-4.12798547744751
2691,-0.5675287246704102
2692,-1.0003938674926758
2693,-4.1281890869140625
2694,-0.17381572723388672
2695,-0.7628002166748047
2696,-5.732107162475586
2697,-0.2281036376953125
2698,-0.8537006378173828
2699,-2.499185800552368
2700,-0.5479497909545898
2701,-0.10006141662597656
2702,-4.734663963317871
2703,-0.5917673110961914
2704,-0.09676170349121094
2705,-3.788655996322632
2706,0.5641641616821289
2707,1.0410175323486328
2708,-7.648228645324707
2709,0.38869476318359375
2710,1.4367218017578125
2711,-0.436784029006958
2712,-0.8131504058837891
2713,3.4202499389648438
2714,-8.573885917663574
2715,-0.7269105911254883
2716,3.6506290435791016
2717,0.8802502155303955
2718,-2.3328847885131836
2719,2.8212223052978516
2720,-7.554477691650391
2721,-2.2391090393066406
2722,3.1851654052734375
2723,-1.0244759321212769
2724,-2.6415023803710938
2725,2.4576892852783203
2726,-8.361149787902832
2727,-2.6368494033813477
2728,2.8930587768554688
2729,-1.1853716373443604
2730,-2.588942527770996
2731,2.0706348419189453
2732,-8.192956924438477
2733,-2.6295862197875977
2734,2.699556350708008
2735,-1.8220030069351196
2736,-2.4919004440307617
2737,2.2405452728271484
2738,-7.5120720863342285
2739,-2.5182008743286133
2740,2.847963333129883
2741,-1.4024317264556885
2742,2.246152877807617
2743,5.617853164672852
2744,-5.359931945800781
2745,1.9580001831054688
2746,5.430425643920898
2747,-0.258070707321167
2748,-0.5491418838500977
2749,6.701229095458984
2750,-5.811919212341309
2751,-0.7226066589355469
2752,6.204366683959961
2753,0.5367913246154785
2754,0.44153690338134766
2755,10.980871200561523
2756,-4.005415439605713
2757,0.3700838088989258
2758,9.865655899047852
2759,2.772472381591797
2760,0.8632059097290039
2761,11.80940055847168
2762,-3.811263084411621
2763,0.6547937393188477
2764,11.099308013916016
2765,3.022383213043213
2766,-0.8029088973999023
2767,11.859710693359375
2768,-4.191814422607422
2769,-0.5106143951416016
2770,11.164054870605469
2771,2.9550232887268066
2772,-0.4126777648925781
2773,-1.1448974609375
2774,-4.308455944061279
2775,-0.26738548278808594
2776,-1.546762466430664
2777,-4.697988510131836
2778,-0.2307443618774414
2779,-1.5478277206420898
2780,-4.698277473449707
2781,-0.1888895034790039
2782,-1.5494356155395508
2783,-4.698803424835205
2784,-0.2862415313720703
2785,-1.5647306442260742
2786,-3.9594368934631348
2787,-0.26389026641845703
2788,-1.5779361724853516
2789,-3.959959030151367
2790,-0.23583221435546875
2791,-1.593461036682129
2792,-3.960085868835449
2793,0.13274383544921875
2794,-1.3223161697387695
2795,-5.503626823425293
2796,0.09824371337890625
2797,-1.4189224243164062
2798,-2.2561118602752686
2799,-0.28137683868408203
2800,-0.7357368469238281
2801,-4.596434116363525
2802,-0.3129434585571289
2803,-0.7261323928833008
2804,-3.6421403884887695
2805,0.849522590637207
2806,0.9618854522705078
2807,-7.330103874206543
2808,0.4118623733520508
2809,1.3241634368896484
2810,-0.4262058734893799
2811,-0.8487739562988281
2812,3.381450653076172
2813,-8.343955993652344
2814,-0.9348125457763672
2815,3.263782501220703
2816,0.8707478046417236
2817,-2.110780715942383
2818,0.9850959777832031
2819,-7.433823585510254
2820,-2.243377685546875
2821,1.4772186279296875
2822,-1.0731959342956543
2823,-2.3632326126098633
2824,0.48390769958496094
2825,-8.157999992370605
2826,-2.5529022216796875
2827,1.057321548461914
2828,-1.2459557056427002
2829,-2.257662773132324
2830,0.19718551635742188
2831,-8.033378601074219
2832,-2.448028564453125
2833,0.8213043212890625
2834,-1.6530497074127197
2835,-2.165593147277832
2836,0.4325065612792969
2837,-7.391833305358887
2838,-2.3415937423706055
2839,0.9373550415039062
2840,-1.348492980003357
2841,2.2336578369140625
2842,5.597311019897461
2843,-5.353730201721191
2844,1.8794069290161133
2845,5.41010856628418
2846,-0.2641634941101074
2847,-0.5487995147705078
2848,6.668584823608398
2849,-6.540035247802734
2850,-0.7116909027099609
2851,6.370353698730469
2852,0.4235725402832031
2853,0.43306922912597656
2854,11.076187133789062
2855,-5.859002113342285
2856,0.3152904510498047
2857,10.074871063232422
2858,2.5477614402770996
2859,0.8534564971923828
2860,11.85704231262207
2861,-5.781811237335205
2862,0.5699682235717773
2863,11.239723205566406
2864,2.8506059646606445
2865,-0.8347568511962891
2866,11.883792877197266
2867,-6.716691017150879
2868,-0.67333984375
2869,11.25105094909668
2870,2.7248945236206055
2871,-0.06577205657958984
2872,-1.4784040451049805
2873,-4.307309627532959
2874,0.05443000793457031
2875,-1.8944530487060547
2876,-4.691667079925537
2877,0.0921468734741211
2878,-1.8967819213867188
2879,-4.691510200500488
2880,0.1344461441040039
2881,-1.8983850479125977
2882,-4.691627502441406
2883,0.04037952423095703
2884,-1.9136276245117188
2885,-3.959333896636963
2886,0.06725025177001953
2887,-1.9298477172851562
2888,-3.959825038909912
2889,0.10082054138183594
2890,-1.9475641250610352
2891,-3.960237979888916
2892,0.46186351776123047
2893,-1.7182798385620117
2894,-5.476447105407715
2895,0.43744373321533203
2896,-1.7884798049926758
2897,-2.231030225753784
2898,0.08313179016113281
2899,-1.082932472229004
2900,-4.580756187438965
2901,0.05146217346191406
2902,-1.0877408981323242
2903,-3.6329784393310547
2904,1.2649765014648438
2905,0.411407470703125
2906,-7.271974563598633
2907,0.5539512634277344
2908,0.9591846466064453
2909,-0.3404519557952881
2910,-0.5648889541625977
2911,1.769369125366211
2912,-8.577157020568848
2913,-0.9174671173095703
2914,1.832071304321289
2915,1.0425710678100586
2916,-1.6764898300170898
2917,-0.8159580230712891
2918,-7.933174133300781
2919,-1.8996658325195312
2920,-0.27333641052246094
2921,-0.5069596767425537
2922,-1.9472827911376953
2923,-1.2062721252441406
2924,-8.707001686096191
2925,-2.124924659729004
2926,-0.689697265625
2927,-0.972787618637085
2928,-1.8137855529785156
2929,-1.3835411071777344
2930,-8.570483207702637
2931,-2.0716447830200195
2932,-0.8245697021484375
2933,-0.606895923614502
2934,-1.736074447631836
2935,-1.2158174514770508
2936,-7.8864426612854
2937,-1.9787797927856445
2938,-0.6642875671386719
2939,-0.4676554203033447
2940,2.261228561401367
2941,5.454797744750977
2942,-5.36397647857666
2943,1.8454551696777344
2944,5.34210205078125
2945,-0.2540121078491211
2946,-0.5482721328735352
2947,6.642923355102539
2948,-6.104550361633301
2949,-0.7091789245605469
2950,6.482122421264648
2951,0.4172675609588623
2952,0.4190387725830078
2953,11.07383918762207
2954,-5.744829177856445
2955,0.2791433334350586
2956,10.517873764038086
2957,2.4710469245910645
2958,0.8494367599487305
2959,11.848897933959961
2960,-5.65880012512207
2961,0.5855922698974609
2962,11.36561393737793
2963,2.7132363319396973
2964,-0.8420085906982422
2965,11.882209777832031
2966,-6.553592205047607
2967,-0.38316917419433594
2968,11.366168975830078
2969,2.3984580039978027
2970,0.30283069610595703
2971,-2.0603532791137695
2972,-3.552825927734375
2973,0.4564628601074219
2974,-2.473456382751465
2975,-3.897500991821289
2976,0.49587059020996094
2977,-2.4744977951049805
2978,-3.8967485427856445
2979,0.5428028106689453
2980,-2.4734134674072266
2981,-3.896427631378174
2982,0.43589115142822266
2983,-2.493210792541504
2984,-3.1832218170166016
2985,0.4587993621826172
2986,-2.5084781646728516
2987,-3.1839523315429688
2988,0.4859142303466797
2989,-2.521672248840332
2990,-3.1847026348114014
2991,0.8652839660644531
2992,-2.2703542709350586
2993,-4.645090103149414
2994,0.7847929000854492
2995,-2.3246278762817383
2996,-1.4532356262207031
2997,0.41188526153564453
2998,-1.6318855285644531
2999,-3.8292860984802246
3000,0.36876678466796875
3001,-1.6272993087768555
3002,-2.9050307273864746
3003,1.5591659545898438
3004,-0.3704843521118164
3005,-6.52652645111084
3006,0.6062412261962891
3007,0.39823341369628906
3008,0.512249231338501
3009,-0.40378475189208984
3010,-0.1827688217163086
3011,-8.041732788085938
3012,-0.8312149047851562
3013,0.5153942108154297
3014,1.820261001586914
3015,-1.2303581237792969
3016,-2.0000619888305664
3017,-7.085583209991455
3018,-1.500046730041504
3019,-1.7925748825073242
3020,1.0031402111053467
3021,-1.403116226196289
3022,-2.5968408584594727
3023,-7.700126647949219
3024,-1.6361541748046875
3025,-2.366835594177246
3026,0.7012937068939209
3027,-1.4286308288574219
3028,-2.6831350326538086
3029,-7.685000896453857
3030,-1.6136150360107422
3031,-2.4850358963012695
3032,0.870964765548706
3033,-1.3517093658447266
3034,-2.519929885864258
3035,-7.0781145095825195
3036,-1.547018051147461
3037,-2.273402214050293
3038,0.9488420486450195
3039,2.2803831100463867
3040,5.22740364074707
3041,-5.3761887550354
3042,1.814305305480957
3043,5.225200653076172
3044,-0.2418363094329834
3045,-0.5340805053710938
3046,6.629570007324219
3047,-6.171858787536621
3048,-0.7032985687255859
3049,6.573099136352539
3050,0.02721238136291504
3051,0.4100494384765625
3052,11.067924499511719
3053,-5.44615364074707
3054,0.5392227172851562
3055,10.3658447265625
3056,1.6453256607055664
3057,0.7969503402709961
3058,11.83171272277832
3059,-5.332481861114502
3060,0.6113204956054688
3061,11.316488265991211
3062,1.8198838233947754
3063,-0.8405237197875977
3064,11.827001571655273
3065,-6.364572525024414
3066,0.02076435089111328
3067,11.338714599609375
3068,1.2464041709899902
3069,0.6905508041381836
3070,-2.473814010620117
3071,-3.241525173187256
3072,0.8584918975830078
3073,-2.90079402923584
3074,-3.563385009765625
3075,0.8981590270996094
3076,-2.911810874938965
3077,-3.561911106109619
3078,0.9417934417724609
3079,-2.918243408203125
3080,-3.561563730239868
3081,0.8313608169555664
3082,-2.9006271362304688
3083,-2.8647592067718506
3084,0.8491725921630859
3085,-2.911306381225586
3086,-2.8658745288848877
3087,0.8692817687988281
3088,-2.9191761016845703
3089,-2.866753101348877
3090,1.2387332916259766
3091,-2.7369461059570312
3092,-4.21540641784668
3093,1.1445131301879883
3094,-2.7553720474243164
3095,-1.0719969272613525
3096,0.7905826568603516
3097,-2.1028919219970703
3098,-3.485231876373291
3099,0.7316761016845703
3100,-2.056072235107422
3101,-2.5801119804382324
3102,1.763382911682129
3103,-1.0170364379882812
3104,-6.158620357513428
3105,0.9213552474975586
3106,-0.3346681594848633
3107,0.9421498775482178
3108,-0.05067729949951172
3109,-1.596940040588379
3110,-7.182030200958252
3111,-0.6813869476318359
3112,-0.7763528823852539
3113,1.8312573432922363
3114,-0.906764030456543
3115,-3.189859390258789
3116,-4.75376558303833
3117,-1.4121160507202148
3118,-3.014664649963379
3119,1.1339921951293945
3120,-1.0724468231201172
3121,-3.733449935913086
3122,-5.129291534423828
3123,-1.3267221450805664
3124,-3.5911827087402344
3125,0.8700616359710693
3126,-0.8105697631835938
3127,-3.7551679611206055
3128,-5.119676113128662
3129,-1.1103830337524414
3130,-3.736339569091797
3131,1.033543586730957
3132,-0.7594728469848633
3133,-3.5198497772216797
3134,-4.709146499633789
3135,-1.0658683776855469
3136,-3.5077247619628906
3137,1.0708601474761963
3138,2.268535614013672
3139,5.110960006713867
3140,-5.387089729309082
3141,1.8171415328979492
3142,5.085884094238281
3143,-0.23264312744140625
3144,-0.5269994735717773
3145,6.614112854003906
3146,-5.940234184265137
3147,-0.6588582992553711
3148,6.563760757446289
3149,-1.027005672454834
3150,0.3378133773803711
3151,11.05954360961914
3152,-5.373859882354736
3153,0.3645515441894531
3154,10.642946243286133
3155,-0.10982847213745117
3156,0.7070369720458984
3157,11.819168090820312
3158,-5.264278411865234
3159,0.5729427337646484
3160,11.523843765258789
3161,-0.043994903564453125
3162,-0.8484373092651367
3163,11.796674728393555
3164,-6.229423522949219
3165,-0.4090547561645508
3166,11.438047409057617
3167,-0.8492493629455566
3168,1.1667518615722656
3169,-3.0599918365478516
3170,-2.524245023727417
3171,1.3140478134155273
3172,-3.4827842712402344
3173,-2.971472978591919
3174,1.3417425155639648
3175,-3.4865245819091797
3176,-2.9694926738739014
3177,1.3728456497192383
3178,-3.485196113586426
3179,-2.969074249267578
3180,1.3028936386108398
3181,-3.4718685150146484
3182,-2.285788059234619
3183,1.3190135955810547
3184,-3.4677982330322266
3185,-2.2867345809936523
3186,1.3366870880126953
3187,-3.460092544555664
3188,-2.2878646850585938
3189,1.6248302459716797
3190,-3.2844839096069336
3191,-4.075177192687988
3192,1.5572853088378906
3193,-3.284749984741211
3194,-0.9898134469985962
3195,1.2210159301757812
3196,-2.6781673431396484
3197,-2.9067845344543457
3198,1.1826038360595703
3199,-2.6446170806884766
3200,-2.0243124961853027
3201,1.885690689086914
3202,-1.6013870239257812
3203,-6.2343926429748535
3204,1.6569833755493164
3205,-1.2056550979614258
3206,1.1974987983703613
3207,0.0027379989624023438
3208,-2.2955989837646484
3209,-6.684057235717773
3210,-0.2244853973388672
3211,-1.8796682357788086
3212,3.0702390670776367
3213,-0.11369514465332031
3214,-4.232526779174805
3215,-3.6178886890411377
3216,-0.3118772506713867
3217,-4.179224014282227
3218,3.981809616088867
3219,-0.19370460510253906
3220,-4.852973937988281
3221,-3.8555612564086914
3222,-0.30697154998779297
3223,-4.809572219848633
3224,4.005248546600342
3225,0.06142902374267578
3226,-4.852577209472656
3227,-4.034618854522705
3228,-0.10582828521728516
3229,-4.834916114807129
3230,4.150121212005615
3231,0.09975337982177734
3232,-4.638838768005371
3233,-3.6253936290740967
3234,-0.07437419891357422
3235,-4.613785743713379
3236,3.9546475410461426
3237,2.2322998046875
3238,4.967733383178711
3239,-5.484739303588867
3240,1.9245634078979492
3241,4.997379302978516
3242,-0.13639593124389648
3243,-0.5361042022705078
3244,6.612815856933594
3245,-6.066135883331299
3246,-0.6349191665649414
3247,6.483869552612305
3248,-0.7551021575927734
3249,0.29441070556640625
3250,11.056547164916992
3251,-5.470969200134277
3252,0.29019641876220703
3253,10.678426742553711
3254,0.5320580005645752
3255,0.6334352493286133
3256,11.814062118530273
3257,-5.348732948303223
3258,0.5276250839233398
3259,11.525440216064453
3260,0.6284341812133789
3261,-0.9533882141113281
3262,11.802852630615234
3263,-5.943056583404541
3264,-0.641200065612793
3265,11.539104461669922
3266,0.1363828182220459
3267,1.4312963485717773
3268,-3.388035774230957
3269,-2.7217350006103516
3270,1.5916481018066406
3271,-3.8803367614746094
3272,-3.1588597297668457
3273,1.6295843124389648
3274,-3.890897750854492
3275,-3.1575570106506348
3276,1.665787696838379
3277,-3.8932418823242188
3278,-3.1580262184143066
3279,1.5537452697753906
3280,-3.88192081451416
3281,-2.447903633117676
3282,1.5583276748657227
3283,-3.8952646255493164
3284,-2.4488401412963867
3285,1.562577247619629
3286,-3.9035587310791016
3287,-2.4503121376037598
3288,1.8925342559814453
3289,-3.72381591796875
3290,-4.096706867218018
3291,1.7418460845947266
3292,-3.7654781341552734
3293,-0.9105410575866699
3294,1.506892204284668
3295,-3.0785951614379883
3296,-3.027989625930786
3297,1.4346303939819336
3298,-3.0619869232177734
3299,-2.1138296127319336
3300,2.356625556945801
3301,-2.0632762908935547
3302,-6.238397598266602
3303,1.5123977661132812
3304,-1.8360280990600586
3305,1.5088720321655273
3306,1.0003318786621094
3307,-3.0392160415649414
3308,-7.422574043273926
3309,0.2812662124633789
3310,-2.7471866607666016
3311,4.404300212860107
3312,0.9436235427856445
3313,-5.234445571899414
3314,-5.125819683074951
3315,0.5583925247192383
3316,-5.106784820556641
3317,6.589295387268066
3318,0.9040203094482422
3319,-5.634033203125
3320,-5.379214286804199
3321,0.6348762512207031
3322,-5.549264907836914
3323,6.850473403930664
3324,1.0213079452514648
3325,-5.642586708068848
3326,-5.465770244598389
3327,0.7388582229614258
3328,-5.574174880981445
3329,7.092013359069824
3330,1.0417060852050781
3331,-5.460934638977051
3332,-5.104249954223633
3333,0.7391443252563477
3334,-5.465974807739258
3335,6.625241279602051
3336,2.235459327697754
3337,4.555988311767578
3338,-5.517550468444824
3339,1.905930519104004
3340,4.561305999755859
3341,-0.1032106876373291
3342,-0.4306182861328125
3343,6.54655647277832
3344,-6.200621604919434
3345,-0.6056489944458008
3346,6.43577766418457
3347,-1.123693823814392
3348,0.28234100341796875
3349,11.046886444091797
3350,-5.869879245758057
3351,0.1262989044189453
3352,10.631587982177734
3353,-0.4175441265106201
3354,0.5629072189331055
3355,11.790773391723633
3356,-5.786374092102051
3357,0.37303638458251953
3358,11.482965469360352
3359,-0.399829626083374
3360,-0.9433326721191406
3361,11.804801940917969
3362,-6.64847469329834
3363,-0.9677495956420898
3364,11.550554275512695
3365,-1.0800495147705078
3366,1.6863422393798828
3367,-3.9178457260131836
3368,-2.8892228603363037
3369,1.8546161651611328
3370,-4.4119157791137695
3371,-3.368150234222412
3372,1.8913383483886719
3373,-4.4120073318481445
3374,-3.3673479557037354
3375,1.9248180389404297
3376,-4.410882949829102
3377,-3.3685684204101562
3378,1.8177337646484375
3379,-4.452322006225586
3380,-2.64381742477417
3381,1.8294010162353516
3382,-4.476314544677734
3383,-2.6444272994995117
3384,1.8377532958984375
3385,-4.499214172363281
3386,-2.6459226608276367
3387,2.189042091369629
3388,-4.2032365798950195
3389,-4.352123260498047
3390,2.021578788757324
3391,-4.314447402954102
3392,-1.0789216756820679
3393,1.785177230834961
3394,-3.535763740539551
3395,-3.2001538276672363
3396,1.7152204513549805
3397,-3.5634031295776367
3398,-2.261244773864746
3399,2.6083498001098633
3400,-2.4999256134033203
3401,-6.078780174255371
3402,1.7902936935424805
3403,-2.371082305908203
3404,1.3876256942749023
3405,1.8174285888671875
3406,-4.975150108337402
3407,-6.808271884918213
3408,0.9892940521240234
3409,-3.927365303039551
3410,4.953548908233643
3411,1.8707208633422852
3412,-5.374092102050781
3413,-3.291862964630127
3414,1.4231758117675781
3415,-5.560257911682129
3416,7.434079170227051
3417,1.9993972778320312
3418,-5.341174125671387
3419,-3.3588356971740723
3420,1.5114860534667969
3421,-5.927347183227539
3422,7.707230567932129
3423,2.1047163009643555
3424,-5.095251083374023
3425,-3.441348075866699
3426,1.6422882080078125
3427,-5.747034072875977
3428,7.876129150390625
3429,2.102079391479492
3430,-4.982728958129883
3431,-3.2526116371154785
3432,1.7393064498901367
3433,-5.636536598205566
3434,7.443303108215332
3435,2.2131433486938477
3436,4.052019119262695
3437,-5.5153985023498535
3438,1.889491081237793
3439,4.012460708618164
3440,-0.10529327392578125
3441,-0.3713092803955078
3442,6.399301528930664
3443,-6.162009239196777
3444,-0.5347223281860352
3445,6.308727264404297
3446,-1.2786314487457275
3447,0.23732566833496094
3448,10.978296279907227
3449,-5.6987457275390625
3450,0.11136341094970703
3451,10.520566940307617
3452,-0.44866228103637695
3453,0.5332736968994141
3454,11.703254699707031
3455,-5.613813400268555
3456,0.3687295913696289
3457,11.351324081420898
3458,-0.41042613983154297
3459,-0.9600076675415039
3460,11.806676864624023
3461,-6.430033206939697
3462,-0.9205646514892578
3463,11.541955947875977
3464,-1.0366239547729492
3465,2.1334352493286133
3466,-4.550762176513672
3467,-2.602799892425537
3468,2.2946701049804688
3469,-4.972111701965332
3470,-3.1632957458496094
3471,2.3327789306640625
3472,-4.971765518188477
3473,-3.162838935852051
3474,2.3706932067871094
3475,-4.969500541687012
3476,-3.164498805999756
3477,2.268383026123047
3478,-4.987993240356445
3479,-2.3840861320495605
3480,2.2878313064575195
3481,-4.996468544006348
3482,-2.3841137886047363
3483,2.3067970275878906
3484,-5.003802299499512
3485,-2.385340929031372
3486,2.6546096801757812
3487,-4.750551223754883
3488,-4.4600725173950195
3489,2.523723602294922
3490,-4.796679496765137
3491,-0.9240814447402954
3492,2.234281539916992
3493,-4.200082778930664
3494,-3.015174627304077
3495,2.1894989013671875
3496,-4.210312843322754
3497,-1.9939558506011963
3498,2.940659523010254
3499,-3.135019302368164
3500,-6.117829322814941
3501,2.3445634841918945
3502,-2.9964675903320312
3503,1.4380741119384766
3504,2.386570930480957
3505,-5.573713302612305
3506,-6.80902099609375
3507,1.7059650421142578
3508,-4.920589447021484
3509,5.426504135131836
3510,2.4936447143554688
3511,-5.827934265136719
3512,-2.9335615634918213
3513,2.120363235473633
3514,-6.0850629806518555
3515,7.99769401550293
3516,2.483649253845215
3517,-5.870761871337891
3518,-2.9643187522888184
3519,2.1711082458496094
3520,-6.491535186767578
3521,8.306994438171387
3522,2.589749336242676
3523,-5.530513763427734
3524,-2.9961681365966797
3525,2.2688493728637695
3526,-6.287480354309082
3527,8.346173286437988
3528,2.594501495361328
3529,-5.417634010314941
3530,-2.86852765083313
3531,2.273538589477539
3532,-6.178553581237793
3533,7.95607852935791
3534,2.1483840942382812
3535,3.226491928100586
3536,-5.50941276550293
3537,1.879124641418457
3538,3.1634960174560547
3539,-0.11119198799133301
3540,-0.3278074264526367
3541,6.106662750244141
3542,-6.047896385192871
3543,-0.3830146789550781
3544,6.126760482788086
3545,-1.193782925605774
3546,0.2065591812133789
3547,10.913402557373047
3548,-5.41400146484375
3549,0.11960029602050781
3550,10.473329544067383
3551,-0.3021876811981201
3552,0.5162992477416992
3553,11.651948928833008
3554,-5.307201385498047
3555,0.40599632263183594
3556,11.31816291809082
3557,-0.26456570625305176
3558,-0.958552360534668
3559,11.790639877319336
3560,-6.122708320617676
3561,-0.8431329727172852
3562,11.517660140991211
3563,-0.9748783111572266
3564,2.588324546813965
3565,-5.061305046081543
3566,-1.989006519317627
3567,2.7412309646606445
3568,-5.406617164611816
3569,-2.500537395477295
3570,2.783365249633789
3571,-5.397097587585449
3572,-2.5013327598571777
3573,2.8239049911499023
3574,-5.384487152099609
3575,-2.502530097961426
3576,2.686112403869629
3577,-5.437796592712402
3578,-1.741623878479004
3579,2.6903600692749023
3580,-5.446652412414551
3581,-1.7409604787826538
3582,2.692624092102051
3583,-5.452837944030762
3584,-1.7425761222839355
3585,3.0781164169311523
3586,-5.127422332763672
3587,-3.629082679748535
3588,2.8498973846435547
3589,-5.23710823059082
3590,-0.16504907608032227
3591,2.7068471908569336
3592,-4.719852447509766
3593,-2.301378011703491
3594,2.63437557220459
3595,-4.721514701843262
3596,-1.3069502115249634
3597,3.353300094604492
3598,-3.6164302825927734
3599,-5.170012474060059
3600,2.6264753341674805
3601,-3.414407730102539
3602,1.5038270950317383
3603,3.1746950149536133
3604,-6.51715087890625
3605,-4.988269805908203
3606,2.3942461013793945
3607,-2.2659873962402344
3608,3.9063973426818848
3609,2.8475894927978516
3610,-6.605679512023926
3611,0.4455604553222656
3612,2.2054147720336914
3613,-4.428833961486816
3614,5.222184181213379
3615,2.77097225189209
3616,-6.6500139236450195
3617,0.6647660732269287
3618,2.13515567779541
3619,-3.146951675415039
3620,5.349672317504883
3621,2.775519371032715
3622,-6.475164413452148
3623,0.8342225551605225
3624,2.161444664001465
3625,-3.1603565216064453
3626,6.528074264526367
3627,2.8046464920043945
3628,-6.416902542114258
3629,0.6292541027069092
3630,2.201657295227051
3631,-4.316811561584473
3632,5.2415924072265625
3633,2.0333948135375977
3634,2.271207809448242
3635,-5.33266544342041
3636,1.6941146850585938
3637,2.1463985443115234
3638,-0.28890109062194824
3639,-0.14978504180908203
3640,5.716987609863281
3641,-6.253638744354248
3642,-0.1339244842529297
3643,5.741777420043945
3644,-1.8376725912094116
3645,0.1041259765625
3646,10.70602035522461
3647,-6.35810661315918
3648,0.07236003875732422
3649,10.46284294128418
3650,-1.378226637840271
3651,0.4414091110229492
3652,11.441488265991211
3653,-6.403799057006836
3654,0.3611745834350586
3655,11.244436264038086
3656,-1.3825966119766235
3657,-0.950932502746582
3658,11.745111465454102
3659,-7.93216609954834
3660,-0.8014593124389648
3661,11.339445114135742
3662,-2.464170455932617
3663,2.78167724609375
3664,-5.59461784362793
3665,-0.6514716148376465
3666,2.9626808166503906
3667,-5.919290542602539
3668,-1.1472432613372803
3669,3.008589744567871
3670,-5.919005393981934
3671,-1.1480638980865479
3672,3.0528087615966797
3673,-5.917824745178223
3674,-1.1490590572357178
3675,2.9145402908325195
3676,-5.920732498168945
3677,-0.3612079620361328
3678,2.9295740127563477
3679,-5.921133041381836
3680,-0.36030101776123047
3681,2.944276809692383
3682,-5.924415588378906
3683,-0.36118006706237793
3684,3.378467559814453
3685,-5.630151748657227
3686,-2.413667917251587
3687,3.1941471099853516
3688,-5.744448661804199
3689,1.1823680400848389
3690,2.890766143798828
3691,-5.258514404296875
3692,-1.0252199172973633
3693,2.8327531814575195
3694,-5.251254081726074
3695,0.008038043975830078
3696,3.6533937454223633
3697,-3.8959760665893555
3698,-4.494243144989014
3699,3.03749942779541
3700,-3.704744338989258
3701,2.490267753601074
3702,3.4748945236206055
3703,-6.2572526931762695
3704,-6.359866142272949
3705,2.3517637252807617
3706,-1.5677995681762695
3707,4.167303562164307
3708,3.35518741607666
3709,-6.753605842590332
3710,-4.064751625061035
3711,1.8374605178833008
3712,-3.536343574523926
3713,4.000212669372559
3714,3.4024391174316406
3715,-6.863054275512695
3716,-4.464566230773926
3717,1.7197484970092773
3718,-0.8758249282836914
3719,4.100009441375732
3720,3.3464860916137695
3721,-6.792304039001465
3722,-4.308388710021973
3723,1.737513542175293
3724,-1.0481948852539062
3725,3.9275879859924316
3726,3.342076301574707
3727,-6.7386064529418945
3728,-3.9680585861206055
3729,1.799600601196289
3730,-2.2760419845581055
3731,3.78505277633667
3732,1.8899917602539062
3733,1.2831573486328125
3734,-5.269645690917969
3735,1.670069694519043
3736,1.2902393341064453
3737,-0.35314321517944336
3738,-0.09238433837890625
3739,5.069618225097656
3740,-6.38126277923584
3741,0.08811473846435547
3742,5.112722396850586
3743,-1.6007000207901
3744,-0.10334396362304688
3745,10.464727401733398
3746,-7.296928882598877
3747,-0.05705070495605469
3748,10.131996154785156
3749,-2.082883834838867
3750,0.2377462387084961
3751,11.112585067749023
3752,-7.408946514129639
3753,0.23578643798828125
3754,10.94925308227539
3755,-2.185527801513672
3756,-0.9890470504760742
3757,11.622026443481445
3758,-8.878164291381836
3759,-0.8359708786010742
3760,11.098722457885742
3761,-3.3139915466308594
3762,3.201192855834961
3763,-6.024809837341309
3764,-0.0572659969329834
3765,3.4195032119750977
3766,-6.285543441772461
3767,-0.660438060760498
3768,3.4610023498535156
3769,-6.295219421386719
3770,-0.6618173122406006
3771,3.498533248901367
3772,-6.303701400756836
3773,-0.6644213199615479
3774,3.3919458389282227
3775,-6.272631645202637
3776,0.20557165145874023
3777,3.41396427154541
3778,-6.260893821716309
3779,0.2072432041168213
3780,3.433770179748535
3781,-6.253170967102051
3782,0.20714712142944336
3783,3.786684989929199
3784,-6.06926155090332
3785,-2.4128851890563965
3786,3.674910545349121
3787,-6.056697845458984
3788,1.5342273712158203
3789,3.2715530395507812
3790,-5.708395957946777
3791,-0.5922908782958984
3792,3.2339277267456055
3793,-5.683995246887207
3794,0.5421197414398193
3795,4.015158653259277
3796,-4.531920433044434
3797,-4.2247161865234375
3798,3.570559501647949
3799,-4.170305252075195
3800,2.974702835083008
3801,3.772416114807129
3802,-6.896268844604492
3803,-4.564114093780518
3804,3.1261606216430664
3805,-4.147487640380859
3806,6.098108291625977
3807,3.884129524230957
3808,-7.091482162475586
3809,-0.7767534255981445
3810,3.262406349182129
3811,-5.24141788482666
3812,7.46369743347168
3813,4.042417526245117
3814,-7.0158538818359375
3815,-0.6786680221557617
3816,3.3517208099365234
3817,-5.264609336853027
3818,7.728729248046875
3819,4.0511064529418945
3820,-6.70121955871582
3821,-0.698035717010498
3822,3.447394371032715
3823,-5.297889709472656
3824,7.490495681762695
3825,4.001958847045898
3826,-6.586149215698242
3827,-0.6784119606018066
3828,3.4141616821289062
3829,-5.332332611083984
3830,7.348677635192871
3831,1.8647699356079102
3832,0.2234477996826172
3833,-5.248089790344238
3834,1.6853418350219727
3835,0.4145793914794922
3836,-0.3741495609283447
3837,0.17235660552978516
3838,4.134698867797852
3839,-6.549055099487305
3840,0.2561483383178711
3841,4.223207473754883
3842,-1.810099482536316
3843,-0.23919105529785156
3844,9.83354377746582
3845,-7.8478875160217285
3846,-0.1387805938720703
3847,9.362146377563477
3848,-2.5594635009765625
3849,0.027011871337890625
3850,10.421087265014648
3851,-7.956959247589111
3852,0.029686927795410156
3853,10.244991302490234
3854,-2.6733269691467285
3855,-1.0899934768676758
3856,11.350133895874023
3857,-9.255939483642578
3858,-1.0102214813232422
3859,10.309200286865234
3860,-3.677187442779541
3861,3.5849199295043945
3862,-6.589459419250488
3863,-0.2741246223449707
3864,3.792607307434082
3865,-6.799271583557129
3866,-0.8368238210678101
3867,3.823418617248535
3868,-6.777963638305664
3869,-0.8383467197418213
3870,3.854292869567871
3871,-6.774382591247559
3872,-0.8408230543136597
3873,3.772610664367676
3874,-6.803215980529785
3875,0.007528781890869141
3876,3.789958953857422
3877,-6.781794548034668
3878,0.008421897888183594
3879,3.8037796020507812
3880,-6.761664390563965
3881,0.008401870727539062
3882,4.1119890213012695
3883,-6.378917694091797
3884,-2.4990928173065186
3885,4.031529426574707
3886,-6.391819953918457
3887,1.3631644248962402
3888,3.6057844161987305
3889,-6.163830757141113
3890,-0.7964556217193604
3891,3.5760440826416016
3892,-6.16080379486084
3893,0.3104393482208252
3894,4.311548233032227
3895,-4.742436408996582
3896,-4.220774173736572
3897,3.675909996032715
3898,-4.564560890197754
3899,2.6548309326171875
3900,4.558310508728027
3901,-7.025212287902832
3902,-4.953859806060791
3903,3.502481460571289
3904,-4.742012023925781
3905,5.940624237060547
3906,4.253993988037109
3907,-7.14708137512207
3908,-1.2183294296264648
3909,3.5679168701171875
3910,-5.352231979370117
3911,7.51652717590332
3912,4.08210563659668
3913,-7.295929908752441
3914,-1.107656717300415
3915,3.625147819519043
3916,-5.526224136352539
3917,7.790637969970703
3918,4.024828910827637
3919,-7.0565338134765625
3920,-0.9626597166061401
3921,3.691948890686035
3922,-5.502190589904785
3923,7.479872703552246
3924,4.120578765869141
3925,-6.851407051086426
3926,-1.064814567565918
3927,3.6711511611938477
3928,-5.466174125671387
3929,7.381735801696777
3930,1.8549213409423828
3931,-0.41213226318359375
3932,-5.157651901245117
3933,1.6499414443969727
3934,-0.38804054260253906
3935,-0.46619701385498047
3936,0.26499271392822266
3937,3.5901870727539062
3938,-6.506661415100098
3939,0.270904541015625
3940,3.4502487182617188
3941,-1.6039495468139648
3942,-0.24577713012695312
3943,9.014089584350586
3944,-7.533603191375732
3945,-0.1611042022705078
3946,8.610939025878906
3947,-2.1450862884521484
3948,0.0037546157836914062
3949,9.62447738647461
3950,-7.620532035827637
3951,-0.01996612548828125
3952,9.393875122070312
3953,-2.248053550720215
3954,-1.1501359939575195
3955,10.801599502563477
3956,-9.05766773223877
3957,-1.0997295379638672
3958,9.714151382446289
3959,-3.2833077907562256
3960,3.924666404724121
3961,-6.352939605712891
3962,-1.5335243940353394
3963,4.21385383605957
3964,-6.459101676940918
3965,-2.022326946258545
3966,4.238404273986816
3967,-6.418521881103516
3968,-2.02347469329834
3969,4.254570960998535
3970,-6.385692596435547
3971,-2.0253684520721436
3972,4.190881729125977
3973,-6.473487854003906
3974,-1.221411108970642
3975,4.201968193054199
3976,-6.437129020690918
3977,-1.2212834358215332
3978,4.206137657165527
3979,-6.403098106384277
3980,-1.2216508388519287
3981,4.326433181762695
3982,-5.7214860916137695
3983,-3.3862509727478027
3984,4.310172080993652
3985,-5.913979530334473
3986,0.32532429695129395
3987,3.8621978759765625
3988,-5.833459854125977
3989,-1.9714161157608032
3990,3.8911657333374023
3991,-5.992847442626953
3992,-0.9156349897384644
3993,3.9670028686523438
3994,-4.203737258911133
3995,-5.102195739746094
3996,3.5312938690185547
3997,-4.357837677001953
3998,1.9713025093078613
3999,5.063857078552246
4000,-6.677708625793457
4001,-5.9758830070495605
4002,3.973033905029297
4003,-5.339358329772949
4004,4.911592960357666
4005,4.462193489074707
4006,-7.528249740600586
4007,-3.424166202545166
4008,3.9945220947265625
4009,-6.028730392456055
4010,6.788022994995117
4011,4.376137733459473
4012,-7.6540679931640625
4013,-3.620882987976074
4014,4.008618354797363
4015,-6.2243499755859375
4016,7.042842864990234
4017,4.309487342834473
4018,-7.555606842041016
4019,-3.421987295150757
4020,3.9938440322875977
4021,-6.09516716003418
4022,6.687535285949707
4023,4.302286148071289
4024,-7.366957664489746
4025,-3.2993104457855225
4026,4.05626106262207
4027,-6.528693199157715
4028,6.614528656005859
4029,1.5245704650878906
4030,-0.17824840545654297
4031,-5.0121870040893555
4032,1.3408746719360352
4033,-0.3614845275878906
4034,-0.6124322414398193
4035,0.2332134246826172
4036,3.359933853149414
4037,-5.789496898651123
4038,0.22941017150878906
4039,3.2110671997070312
4040,-1.3185025453567505
4041,-0.23398494720458984
4042,8.154258728027344
4043,-6.826656818389893
4044,-0.17357540130615234
4045,7.834602355957031
4046,-1.0468988418579102
4047,-0.0270538330078125
4048,8.630529403686523
4049,-7.083762168884277
4050,-0.0060272216796875
4051,8.303499221801758
4052,-1.0557401180267334
4053,-1.1296148300170898
4054,9.602714538574219
4055,-7.9413933753967285
4056,-1.0476360321044922
4057,8.969827651977539
4058,-1.8773314952850342
4059,4.327409744262695
4060,-6.592252731323242
4061,-1.8793542385101318
4062,4.558547019958496
4063,-6.645343780517578
4064,-2.3744606971740723
4065,4.580662727355957
4066,-6.6178998947143555
4067,-2.3751916885375977
4068,4.59470272064209
4069,-6.604024887084961
4070,-2.3774471282958984
4071,4.533265113830566
4072,-6.656736373901367
4073,-1.252048373222351
4074,4.539834022521973
4075,-6.630236625671387
4076,-1.2512587308883667
4077,4.541682243347168
4078,-6.611271858215332
4079,-1.2510879039764404
4080,4.705801963806152
4081,-6.102250099182129
4082,-3.66939115524292
4083,4.653576850891113
4084,-6.1505022048950195
4085,-0.7583014965057373
4086,4.352398872375488
4087,-6.168069839477539
4088,-2.3357021808624268
4089,4.324739456176758
4090,-6.19279670715332
4091,-1.027240514755249
4092,4.377414703369141
4093,-4.7756500244140625
4094,-5.3156023025512695
4095,4.229565620422363
4096,-4.583247184753418
4097,0.4294154644012451
4098,5.100045204162598
4099,-6.935821533203125
4100,-6.376468658447266
4101,4.312565803527832
4102,-4.94364070892334
4103,3.283148765563965
4104,4.562808036804199
4105,-7.867279052734375
4106,-3.9583206176757812
4107,4.175076484680176
4108,-5.469718933105469
4109,5.8997907638549805
4110,4.438626289367676
4111,-8.1240873336792
4112,-4.187257766723633
4113,4.2260847091674805
4114,-5.689531326293945
4115,6.072897911071777
4116,4.367007255554199
4117,-7.981672286987305
4118,-3.939091682434082
4119,4.167452812194824
4120,-5.627401351928711
4121,5.696999549865723
4122,4.40184211730957
4123,-7.783208847045898
4124,-3.836308479309082
4125,4.159426689147949
4126,-5.576333045959473
4127,5.612234115600586
4128,1.5810728073120117
4129,-0.8832283020019531
4130,-4.660654544830322
4131,1.4751291275024414
4132,-0.9676761627197266
4133,-0.9618939161300659
4134,0.24172019958496094
4135,2.3423995971679688
4136,-5.060149192810059
4137,0.2649517059326172
4138,2.548147201538086
4139,-1.3351304531097412
4140,-0.19544124603271484
4141,7.064306259155273
4142,-5.415815353393555
4143,-0.19402313232421875
4144,6.799320220947266
4145,-0.75482177734375
4146,-0.03661155700683594
4147,7.64947509765625
4148,-5.4720892906188965
4149,-0.097900390625
4150,7.341152191162109
4151,-0.7204201221466064
4152,-0.8644218444824219
4153,8.224937438964844
4154,-6.36679744720459
4155,-1.0119352340698242
4156,7.83015251159668
4157,-1.5151033401489258
4158,4.732832908630371
4159,-6.438693046569824
4160,-0.963071346282959
4161,4.947371482849121
4162,-6.447113037109375
4163,-1.2875909805297852
4164,4.975466728210449
4165,-6.407814979553223
4166,-1.2885775566101074
4167,5.002196311950684
4168,-6.385032653808594
4169,-1.2899878025054932
4170,4.902871131896973
4171,-6.526393890380859
4172,-0.7137393951416016
4173,4.916346549987793
4174,-6.49949836730957
4175,-0.7127559185028076
4176,4.919987678527832
4177,-6.504230499267578
4178,-0.7129569053649902
4179,5.133265495300293
4180,-6.025012016296387
4181,-1.9588967561721802
4182,5.0061140060424805
4183,-6.174915313720703
4184,0.3456399440765381
4185,4.7028398513793945
4186,-6.108926773071289
4187,-1.1211206912994385
4188,4.658598899841309
4189,-6.190097808837891
4190,-0.3915691375732422
4191,4.839358329772949
4192,-4.984441757202148
4193,-3.5259931087493896
4194,4.43537712097168
4195,-4.525813102722168
4196,1.2586441040039062
4197,5.179533958435059
4198,-6.235870361328125
4199,-6.36937952041626
4200,3.794131278991699
4201,-3.5745487213134766
4202,3.7447009086608887
4203,4.591635704040527
4204,-7.903803825378418
4205,-6.119229316711426
4206,3.1625709533691406
4207,-4.211182594299316
4208,5.279045104980469
4209,4.450047492980957
4210,-8.318197250366211
4211,-6.484031677246094
4212,3.0614013671875
4213,-4.898125648498535
4214,5.507637977600098
4215,4.402010917663574
4216,-8.247386932373047
4217,-5.873640060424805
4218,3.047642707824707
4219,-4.743016242980957
4220,5.014047145843506
4221,4.449225425720215
4222,-8.009023666381836
4223,-5.895366668701172
4224,3.091071128845215
4225,-4.686118125915527
4226,5.050357818603516
4227,1.8708152770996094
4228,-1.7580280303955078
4229,-4.710121154785156
4230,1.625046730041504
4231,-2.0783767700195312
4232,-0.9135076999664307
4233,0.17726707458496094
4234,1.0221366882324219
4235,-5.246335506439209
4236,0.21293258666992188
4237,1.0414924621582031
4238,-1.947067141532898
4239,-0.15216541290283203
4240,6.469615936279297
4241,-7.170653820037842
4242,-0.15354633331298828
4243,6.2621002197265625
4244,-2.5932083129882812
4245,0.18432998657226562
4246,7.0316162109375
4247,-7.266163349151611
4248,-0.010257720947265625
4249,6.637796401977539
4250,-2.664738655090332
4251,-0.7985610961914062
4252,7.54753303527832
4253,-8.304376602172852
4254,-0.9765205383300781
4255,6.924835205078125
4256,-3.563499689102173
4257,5.055466651916504
4258,-6.45939826965332
4259,1.213850975036621
4260,5.198306083679199
4261,-6.5502214431762695
4262,0.6011919975280762
4263,5.202887535095215
4264,-6.567095756530762
4265,0.6013462543487549
4266,5.20627498626709
4267,-6.594442367553711
4268,0.6000351905822754
4269,5.228398323059082
4270,-6.48130989074707
4271,1.154616117477417
4272,5.255236625671387
4273,-6.438204765319824
4274,1.1547462940216064
4275,5.2772932052612305
4276,-6.41120719909668
4277,1.1537699699401855
4278,5.280129432678223
4279,-6.371668815612793
4280,-1.4799495935440063
4281,5.410313606262207
4282,-6.034222602844238
4283,1.0652759075164795
4284,4.987374305725098
4285,-6.2946929931640625
4286,0.5386488437652588
4287,5.000794410705566
4288,-6.209765434265137
4289,1.2735285758972168
4290,4.951371192932129
4291,-5.67845344543457
4292,-3.640803813934326
4293,5.049185752868652
4294,-4.03570556640625
4295,1.3799571990966797
4296,4.632393836975098
4297,-6.115841865539551
4298,-7.050539016723633
4299,4.159605026245117
4300,-3.1321916580200195
4301,3.4791274070739746
4302,4.515271186828613
4303,-8.038872718811035
4304,-9.450828552246094
4305,3.788532257080078
4306,-3.544032096862793
4307,4.92412805557251
4308,4.450242042541504
4309,-8.407514572143555
4310,-10.074575424194336
4311,3.818474769592285
4312,-3.8930349349975586
4313,5.206830024719238
4314,4.501076698303223
4315,-8.418913841247559
4316,-9.429378509521484
4317,3.819486618041992
4318,-4.17078971862793
4319,4.701284408569336
4320,4.478886604309082
4321,-8.244024276733398
4322,-9.276593208312988
4323,3.8413267135620117
4324,-4.123115539550781
4325,4.710550785064697
4326,1.9863977432250977
4327,-2.723635673522949
4328,-4.772715091705322
4329,2.3069839477539062
4330,-1.8171014785766602
4331,-0.8502393960952759
4332,0.12920093536376953
4333,-0.2987031936645508
4334,-5.4791669845581055
4335,0.2913999557495117
4336,0.04628944396972656
4337,-1.635104775428772
4338,-0.10593795776367188
4339,4.730829238891602
4340,-6.858884334564209
4341,-0.14591312408447266
4342,4.594493865966797
4343,-1.7981903553009033
4344,0.24136734008789062
4345,5.075286865234375
4346,-6.8896589279174805
4347,0.028351783752441406
4348,4.995512008666992
4349,-1.8443437814712524
4350,-0.8022031784057617
4351,6.2375030517578125
4352,-7.802917003631592
4353,-0.966710090637207
4354,5.965122222900391
4355,-2.86116623878479
4356,5.157240867614746
4357,-6.48033332824707
4358,0.16843080520629883
4359,5.337521553039551
4360,-6.577064514160156
4361,-0.39580225944519043
4362,5.356854438781738
4363,-6.583534240722656
4364,-0.39539170265197754
4365,5.375273704528809
4366,-6.5933027267456055
4367,-0.396007776260376
4368,5.35457706451416
4369,-6.5135393142700195
4370,0.17352700233459473
4371,5.384406089782715
4372,-6.471622467041016
4373,0.17339849472045898
4374,5.414456367492676
4375,-6.433022499084473
4376,0.17181158065795898
4377,5.506125450134277
4378,-6.334406852722168
4379,-2.2010204792022705
4380,5.576479911804199
4381,-6.0886383056640625
4382,0.48767900466918945
4383,5.140433311462402
4384,-6.263043403625488
4385,-0.39931440353393555
4386,5.133437156677246
4387,-6.193185806274414
4388,0.36055994033813477
4389,5.305363655090332
4390,-5.4386749267578125
4391,-4.272840976715088
4392,5.2101850509643555
4393,-3.9382152557373047
4394,1.0668070316314697
4395,4.746005058288574
4396,-6.478706359863281
4397,-7.6917724609375
4398,4.082549095153809
4399,-2.897014617919922
4400,2.153705596923828
4401,4.489493370056152
4402,-8.288469314575195
4403,-9.339929580688477
4404,3.3418312072753906
4405,-3.2028865814208984
4406,2.499133586883545
4407,4.350639343261719
4408,-8.719972610473633
4409,-9.959026336669922
4410,3.255533218383789
4411,-3.5538272857666016
4412,2.7427916526794434
4413,4.39505672454834
4414,-8.713558197021484
4415,-9.386606216430664
4416,3.2499351501464844
4417,-3.6075620651245117
4418,2.1005654335021973
4419,4.405861854553223
4420,-8.530803680419922
4421,-9.180463790893555
4422,3.2810068130493164
4423,-3.5755739212036133
4424,2.2344021797180176
4425,2.238525390625
4426,-2.69451904296875
4427,-4.849762916564941
4428,2.4848947525024414
4429,-1.8706932067871094
4430,-0.7725870609283447
4431,0.09610843658447266
4432,-1.4955987930297852
4433,-5.58726167678833
4434,0.2810506820678711
4435,-1.0540037155151367
4436,-1.1229463815689087
4437,0.005990028381347656
4438,3.0230789184570312
4439,-5.822460174560547
4440,-0.020369529724121094
4441,2.9373836517333984
4442,-0.9227218627929688
4443,0.3182220458984375
4444,3.498004913330078
4445,-5.761417388916016
4446,0.22998332977294922
4447,3.398469924926758
4448,-0.9272997379302979
4449,-0.7257013320922852
4450,4.831827163696289
4451,-6.108515739440918
4452,-0.7809019088745117
4453,4.662553787231445
4454,-1.7744532823562622
4455,5.2466230392456055
4456,-6.452694892883301
4457,-0.7380497455596924
4458,5.450497627258301
4459,-6.571733474731445
4460,-1.2279036045074463
4461,5.47977352142334
4462,-6.561107635498047
4463,-1.2280148267745972
4464,5.506228446960449
4465,-6.547859191894531
4466,-1.2287839651107788
4467,5.437277793884277
4468,-6.541855812072754
4469,-0.5996577739715576
4470,5.454174995422363
4471,-6.5082502365112305
4472,-0.5994806289672852
4473,5.4778337478637695
4474,-6.477102279663086
4475,-0.600731372833252
4476,5.677435874938965
4477,-6.130871772766113
4478,-2.636565685272217
4479,5.651272773742676
4480,-6.075822830200195
4481,0.1993882656097412
4482,5.227047920227051
4483,-6.162542343139648
4484,-1.180990219116211
4485,5.200961112976074
4486,-6.150555610656738
4487,-0.35384416580200195
4488,5.470812797546387
4489,-4.9959306716918945
4490,-4.55851936340332
4491,5.315520286560059
4492,-4.1346025466918945
4493,1.0899641513824463
4494,4.673398017883301
4495,-5.905570983886719
4496,-7.623495578765869
4497,4.0955810546875
4498,-2.712723731994629
4499,2.565840721130371
4500,4.268132209777832
4501,-8.085304260253906
4502,-8.618234634399414
4503,3.2301759719848633
4504,-3.037435531616211
4505,3.121377944946289
4506,4.230622291564941
4507,-8.560531616210938
4508,-9.185717582702637
4509,3.0995988845825195
4510,-3.2081737518310547
4511,3.3582205772399902
4512,4.267016410827637
4513,-8.585062026977539
4514,-8.522247314453125
4515,3.093012809753418
4516,-3.4304027557373047
4517,2.8433284759521484
4518,4.269139289855957
4519,-8.424675941467285
4520,-8.375240325927734
4521,3.1428680419921875
4522,-3.5376319885253906
4523,2.8991665840148926
4524,2.481435775756836
4525,-2.465510368347168
4526,-4.897477626800537
4527,2.5104503631591797
4528,-2.1963043212890625
4529,-0.724679708480835
4530,0.15026187896728516
4531,-2.7856807708740234
4532,-5.7796454429626465
4533,0.30303287506103516
4534,-2.5635194778442383
4535,-0.8460575342178345
4536,0.21839523315429688
4537,1.5356006622314453
4538,-4.6025495529174805
4539,0.1429309844970703
4540,1.3793525695800781
4541,0.24422264099121094
4542,0.5227785110473633
4543,2.016630172729492
4544,-4.381705284118652
4545,0.43578529357910156
4546,1.9093551635742188
4547,0.32608866691589355
4548,-0.6645107269287109
4549,3.1263179779052734
4550,-4.312526702880859
4551,-0.7394676208496094
4552,2.9847755432128906
4553,-0.11155343055725098
4554,5.42050838470459
4555,-6.439601898193359
4556,-0.6591129302978516
4557,5.626629829406738
4558,-6.5490217208862305
4559,-1.0822348594665527
4560,5.656388282775879
4561,-6.528557777404785
4562,-1.0827264785766602
4563,5.688998222351074
4564,-6.5006513595581055
4565,-1.0831929445266724
4566,5.610373497009277
4567,-6.534492492675781
4568,-0.39287853240966797
4569,5.628806114196777
4570,-6.503721237182617
4571,-0.3919041156768799
4572,5.651516914367676
4573,-6.4698896408081055
4574,-0.39330077171325684
4575,5.862856864929199
4576,-6.050057411193848
4577,-2.3018112182617188
4578,5.839814186096191
4579,-6.032297134399414
4580,0.823319673538208
4581,5.390185356140137
4582,-6.143692970275879
4583,-1.0469970703125
4584,5.35237979888916
4585,-6.141988754272461
4586,-0.14805960655212402
4587,5.659478187561035
4588,-4.683751106262207
4589,-4.524263858795166
4590,5.336382865905762
4591,-4.6376190185546875
4592,2.1462197303771973
4593,4.68746280670166
4594,-5.483461380004883
4595,-7.617158889770508
4596,3.9773988723754883
4597,-3.3033599853515625
4598,2.1203360557556152
4599,4.0727643966674805
4600,-7.6290998458862305
4601,-7.8406243324279785
4602,2.9915504455566406
4603,-3.1957273483276367
4604,-0.15804290771484375
4605,3.9499597549438477
4606,-8.161706924438477
4607,-8.452047348022461
4608,2.8228397369384766
4609,-3.1330785751342773
4610,-0.11772680282592773
4611,3.9994287490844727
4612,-8.254714965820312
4613,-7.804091930389404
4614,2.833230972290039
4615,-3.307649612426758
4616,-0.5615148544311523
4617,4.020194053649902
4618,-8.051477432250977
4619,-7.575109481811523
4620,2.903665542602539
4621,-3.395810127258301
4622,-0.40326619148254395
4623,2.725724220275879
4624,-2.3999996185302734
4625,-4.9259443283081055
4626,2.555643081665039
4627,-2.6665658950805664
4628,-0.6957604885101318
4629,0.3860626220703125
4630,-3.9242496490478516
4631,-6.985447883605957
4632,0.42998600006103516
4633,-3.7221670150756836
4634,-0.8059067726135254
4635,0.2822256088256836
4636,0.008604049682617188
4637,-4.999898910522461
4638,0.1928844451904297
4639,-0.05735015869140625
4640,0.09261631965637207
4641,0.5903110504150391
4642,0.5710239410400391
4643,-4.852941513061523
4644,0.5061073303222656
4645,0.5463314056396484
4646,0.14365839958190918
4647,-0.6346187591552734
4648,1.364328384399414
4649,-5.027867317199707
4650,-0.7259635925292969
4651,1.2884559631347656
4652,-0.2463843822479248
4653,5.593905448913574
4654,-6.400581359863281
4655,0.3516554832458496
4656,5.809502601623535
4657,-6.492681503295898
4658,-0.05271506309509277
4659,5.840113639831543
4660,-6.469378471374512
4661,-0.05302000045776367
4662,5.872807502746582
4663,-6.4434709548950195
4664,-0.05352377891540527
4665,5.795928001403809
4666,-6.476286888122559
4667,0.6351702213287354
4668,5.817234992980957
4669,-6.439664840698242
4670,0.6363074779510498
4671,5.842535972595215
4672,-6.399066925048828
4673,0.6356287002563477
4674,6.058539390563965
4675,-5.989527702331543
4676,-1.3842887878417969
4677,6.03963565826416
4678,-5.935254096984863
4679,1.7322430610656738
4680,5.555663108825684
4681,-6.12518310546875
4682,-0.09254145622253418
4683,5.518618583679199
4684,-6.109633445739746
4685,0.8083434104919434
4686,5.767563819885254
4687,-4.676141738891602
4688,-3.985398292541504
4689,5.471673011779785
4690,-4.416861534118652
4691,3.1140694618225098
4692,4.692381858825684
4693,-5.330501556396484
4694,-6.80637264251709
4695,3.947286605834961
4696,-3.3793678283691406
4697,2.4637861251831055
4698,3.882187843322754
4699,-7.511222839355469
4700,-7.291927337646484
4701,2.995455741882324
4702,-3.512434959411621
4703,0.6987259387969971
4704,3.720071792602539
4705,-8.072542190551758
4706,-7.8193039894104
4707,2.7983083724975586
4708,-3.4099502563476562
4709,0.8185324668884277
4710,3.7790422439575195
4711,-8.210966110229492
4712,-7.331062316894531
4713,2.8474693298339844
4714,-3.5906715393066406
4715,0.4734170436859131
4716,3.8058338165283203
4717,-8.03146743774414
4718,-7.123129367828369
4719,2.931290626525879
4720,-3.6611318588256836
4721,0.5094988346099854
4722,2.9442548751831055
4723,-2.4230785369873047
4724,-4.965828895568848
4725,2.7383508682250977
4726,-2.495608329772949
4727,-0.6582129001617432
4728,0.7864971160888672
4729,-5.3030900955200195
4730,-6.782525062561035
4731,0.7490558624267578
4732,-4.5003204345703125
4733,-0.07552552223205566
4734,0.3601560592651367
4735,-1.3067541122436523
4736,-5.78725004196167
4737,0.23327350616455078
4738,-1.248255729675293
4739,-1.4017531871795654
4740,0.6523056030273438
4741,-0.7002067565917969
4742,-5.728984355926514
4743,0.42004966735839844
4744,-0.26038646697998047
4745,-1.657416582107544
4746,-0.6420812606811523
4747,-0.4091472625732422
4748,-5.406984329223633
4749,-0.7228116989135742
4750,-0.3405580520629883
4751,-1.702665090560913
4752,5.781773567199707
4753,-6.318187713623047
4754,0.8475501537322998
4755,6.006543159484863
4756,-6.363844871520996
4757,0.44797778129577637
4758,6.030987739562988
4759,-6.346410751342773
4760,0.44804906845092773
4761,6.067780494689941
4762,-6.3190507888793945
4763,0.4477508068084717
4764,5.995194435119629
4765,-6.33133602142334
4766,1.0998637676239014
4767,6.019194602966309
4768,-6.274736404418945
4769,1.1005375385284424
4770,6.041783332824707
4771,-6.225258827209473
4772,1.100146770477295
4773,6.203259468078613
4774,-5.879981994628906
4775,-0.9308350086212158
4776,6.1652421951293945
4777,-5.78537654876709
4778,2.025310516357422
4779,5.724661827087402
4780,-6.079431533813477
4781,0.37998509407043457
4782,5.688708305358887
4783,-6.034149169921875
4784,1.2402257919311523
4785,5.924344062805176
4786,-4.714992523193359
4787,-3.4862124919891357
4788,5.508458137512207
4789,-4.110184669494629
4790,3.4756851196289062
4791,4.755387306213379
4792,-5.269554138183594
4793,-6.219699382781982
4794,4.128047943115234
4795,-4.007124900817871
4796,4.685621738433838
4797,3.794851303100586
4798,-7.426179885864258
4799,-7.254122734069824
4800,3.2032384872436523
4801,-5.460658073425293
4802,4.937613010406494
4803,3.5896177291870117
4804,-7.9177141189575195
4805,-7.843850135803223
4806,3.1169748306274414
4807,-5.651153564453125
4808,5.50550651550293
4809,3.6095800399780273
4810,-8.075096130371094
4811,-7.289909362792969
4812,3.115443229675293
4813,-5.932501792907715
4814,5.03788948059082
4815,3.6609859466552734
4816,-7.8741455078125
4817,-7.032172203063965
4818,3.148125648498535
4819,-5.887202262878418
4820,4.760491847991943
4821,3.1139984130859375
4822,-2.5936670303344727
4823,-4.980222702026367
4824,2.821809768676758
4825,-2.368411064147949
4826,-0.6430749893188477
4827,1.4715375900268555
4828,-6.103279113769531
4829,-6.088388442993164
4830,1.3260326385498047
4831,-5.533143997192383
4832,0.671123743057251
4833,0.622227668762207
4834,-2.563570022583008
4835,-6.900144100189209
4836,0.3553504943847656
4837,-2.6056509017944336
4838,-1.8871679306030273
4839,0.7910556793212891
4840,-1.7216377258300781
4841,-6.969216823577881
4842,0.4166603088378906
4843,-1.5098905563354492
4844,-2.217588424682617
4845,-0.46563053131103516
4846,-2.3137807846069336
4847,-6.170790195465088
4848,-0.689361572265625
4849,-2.462888717651367
4850,-2.1642394065856934
4851,5.961424827575684
4852,-6.185556411743164
4853,0.5326700210571289
4854,6.1798810958862305
4855,-6.190492630004883
4856,0.13591289520263672
4857,6.199698448181152
4858,-6.168558120727539
4859,0.13629412651062012
4860,6.221261024475098
4861,-6.142263412475586
4862,0.13628482818603516
4863,6.176114082336426
4864,-6.1659040451049805
4865,0.7241432666778564
4866,6.194666862487793
4867,-6.115328788757324
4868,0.7235519886016846
4869,6.213015556335449
4870,-6.067523002624512
4871,0.7215378284454346
4872,6.291155815124512
4873,-5.722099304199219
4874,-1.1866192817687988
4875,6.272063255310059
4876,-5.645936012268066
4877,1.4664368629455566
4878,5.847332954406738
4879,-5.917965888977051
4880,0.07089757919311523
4881,5.828728675842285
4882,-5.87661075592041
4883,0.8363468647003174
4884,5.857256889343262
4885,-4.5895843505859375
4886,-3.5640411376953125
4887,5.577252388000488
4888,-4.041914939880371
4889,2.8036909103393555
4890,4.519600868225098
4891,-5.4175214767456055
4892,-4.828280448913574
4893,4.220891952514648
4894,-5.072787284851074
4895,3.0698652267456055
4896,3.6520328521728516
4897,-7.43911075592041
4898,-4.109777450561523
4899,3.4231491088867188
4900,-7.3397722244262695
4901,0.9361529350280762
4902,3.4911718368530273
4903,-8.018847465515137
4904,-4.418998718261719
4905,3.381368637084961
4906,-7.47540283203125
4907,1.0157511234283447
4908,3.495062828063965
4909,-8.072013854980469
4910,-4.056955337524414
4911,3.2632884979248047
4912,-8.00751781463623
4913,0.5423095226287842
4914,3.537334442138672
4915,-7.922060012817383
4916,-3.9156441688537598
4917,3.3062143325805664
4918,-7.779906272888184
4919,0.6773550510406494
4920,3.1850404739379883
4921,-2.5601558685302734
4922,-4.977323532104492
4923,2.9270191192626953
4924,-2.363248825073242
4925,-0.647834300994873
4926,2.1981725692749023
4927,-6.77360725402832
4928,-4.935890197753906
4929,2.1682252883911133
4930,-6.11762809753418
4931,0.37359142303466797
4932,0.8880825042724609
4933,-3.926638603210449
4934,-6.047747611999512
4935,0.7883110046386719
4936,-3.6384925842285156
4937,-1.6446216106414795
4938,0.8785247802734375
4939,-3.096820831298828
4940,-6.170999526977539
4941,0.7649497985839844
4942,-2.665071487426758
4943,-1.8767271041870117
4944,-0.21324634552001953
4945,-4.177725791931152
4946,-5.337945938110352
4947,-0.3319091796875
4948,-3.9294042587280273
4949,-1.8966801166534424
4950,6.122363090515137
4951,-6.003120422363281
4952,0.3759481906890869
4953,6.3449296951293945
4954,-6.060009956359863
4955,-0.0047113895416259766
4956,6.366665840148926
4957,-6.046086311340332
4958,-0.0050961971282958984
4959,6.389012336730957
4960,-6.029998779296875
4961,-0.005190849304199219
4962,6.328642845153809
4963,-6.040390968322754
4964,0.5629260540008545
4965,6.339224815368652
4966,-6.000693321228027
4967,0.5623528957366943
4968,6.350241661071777
4969,-5.966396331787109
4970,0.5605518817901611
4971,6.450478553771973
4972,-5.664583206176758
4973,-1.2381161451339722
4974,6.396723747253418
4975,-5.632776260375977
4976,1.3246827125549316
4977,6.003443717956543
4978,-5.74705696105957
4979,-0.05579113960266113
4980,5.9746198654174805
4981,-5.713374137878418
4982,0.6885430812835693
4983,5.9507341384887695
4984,-4.584789276123047
4985,-3.6145009994506836
4986,5.5218000411987305
4987,-3.9237594604492188
4988,2.6741442680358887
4989,4.522944450378418
4990,-5.450765609741211
4991,-5.050518989562988
4992,4.105447769165039
4993,-4.79136848449707
4994,2.9704294204711914
4995,3.6790895462036133
4996,-7.353076934814453
4997,-4.828680992126465
4998,3.3114757537841797
4999,-6.638456344604492
5000,1.1528563499450684
5001,3.4464988708496094
5002,-7.927443504333496
5003,-5.2636823654174805
5004,3.231003761291504
5005,-6.97081184387207
5006,1.2013659477233887
5007,3.504452705383301
5008,-8.003904342651367
5009,-4.949841022491455
5010,3.2076025009155273
5011,-7.257767677307129
5012,0.6987795829772949
5013,3.543621063232422
5014,-7.865786552429199
5015,-4.670759677886963
5016,3.249593734741211
5017,-7.119612693786621
5018,0.8855986595153809
5019,3.3169984817504883
5020,-2.877223014831543
5021,-4.978801727294922
5022,3.0344457626342773
5023,-2.3772106170654297
5024,-0.6471805572509766
5025,2.798354148864746
5026,-7.212878227233887
5027,-4.4156389236450195
5028,2.9534482955932617
5029,-6.344405174255371
5030,0.9913904666900635
5031,1.0225915908813477
5032,-4.881965637207031
5033,-6.0141143798828125
5034,1.2278976440429688
5035,-4.661174774169922
5036,-1.3514353036880493
5037,0.9152154922485352
5038,-4.078380584716797
5039,-6.125032424926758
5040,1.014847755432129
5041,-3.806943893432617
5042,-1.5856764316558838
5043,0.09713554382324219
5044,-5.835992813110352
5045,-5.530821800231934
5046,0.34618091583251953
5047,-5.705326080322266
5048,-1.7640305757522583
5049,6.189692497253418
5050,-5.906867980957031
5051,0.7267565727233887
5052,6.392409324645996
5053,-5.796334266662598
5054,0.24390792846679688
5055,6.408255577087402
5056,-5.810209274291992
5057,0.2431011199951172
5058,6.424901008605957
5059,-5.825250625610352
5060,0.2427670955657959
5061,6.377182960510254
5062,-5.687053680419922
5063,0.7451398372650146
5064,6.3837385177612305
5065,-5.625339508056641
5066,0.7445614337921143
5067,6.390089988708496
5068,-5.572490692138672
5069,0.7430539131164551
5070,6.4458818435668945
5071,-5.584894180297852
5072,-1.4581706523895264
5073,6.415749549865723
5074,-5.194085121154785
5075,1.0108599662780762
5076,6.056609153747559
5077,-5.665670394897461
5078,0.15084576606750488
5079,6.041790962219238
5080,-5.6640119552612305
5081,0.8175868988037109
5082,5.951775550842285
5083,-4.820625305175781
5084,-3.8257648944854736
5085,5.554394721984863
5086,-3.698427200317383
5087,2.5736308097839355
5088,4.509354591369629
5089,-5.647719383239746
5090,-4.5235748291015625
5091,4.103915214538574
5092,-4.112199783325195
5093,3.0196828842163086
5094,3.6369476318359375
5095,-7.717926025390625
5096,-3.359426975250244
5097,3.2281599044799805
5098,-5.4883880615234375
5099,1.5658607482910156
5100,3.3952817916870117
5101,-8.314777374267578
5102,-3.7168874740600586
5103,3.1112442016601562
5104,-5.763923645019531
5105,1.3682761192321777
5106,3.4558019638061523
5107,-8.396682739257812
5108,-3.422100305557251
5109,3.081707000732422
5110,-5.996734619140625
5111,0.7493665218353271
5112,3.5068979263305664
5113,-8.182140350341797
5114,-3.175558567047119
5115,3.1372385025024414
5116,-5.894984245300293
5117,1.124887466430664
5118,3.401853561401367
5119,-3.2684078216552734
5120,-4.870105743408203
5121,3.0860633850097656
5122,-2.2657737731933594
5123,-0.7595610618591309
5124,3.4058284759521484
5125,-7.501275062561035
5126,-2.803009033203125
5127,3.5130081176757812
5128,-5.195969581604004
5129,4.244843006134033
5130,1.3551578521728516
5131,-6.301746368408203
5132,-4.9474382400512695
5133,1.8337459564208984
5134,-4.684049606323242
5135,2.8462352752685547
5136,1.0435161590576172
5137,-5.837637901306152
5138,-5.104574203491211
5139,1.4012317657470703
5140,-4.477884292602539
5141,2.687129020690918
5142,0.563960075378418
5143,-7.746090888977051
5144,-4.852365493774414
5145,1.035416603088379
5146,-5.960884094238281
5147,2.8500165939331055
5148,6.422106742858887
5149,-5.503939628601074
5150,-2.172006845474243
5151,6.600857734680176
5152,-5.336647033691406
5153,-2.807387590408325
5154,6.606278419494629
5155,-5.3735504150390625
5156,-2.808053970336914
5157,6.611464500427246
5158,-5.412385940551758
5159,-2.8081448078155518
5160,6.596560478210449
5161,-5.172652244567871
5162,-2.2640488147735596
5163,6.596177101135254
5164,-5.101472854614258
5165,-2.264881134033203
5166,6.593680381774902
5167,-5.042057037353516
5168,-2.2663187980651855
5169,6.567584037780762
5170,-5.2484130859375
5171,-4.6879425048828125
5172,6.541018486022949
5173,-4.644783973693848
5174,-2.1684908866882324
5175,6.253180503845215
5176,-5.500809669494629
5177,-2.7488718032836914
5178,6.2478437423706055
5179,-5.306008338928223
5180,-2.0292365550994873
5181,6.020415306091309
5182,-4.800088882446289
5183,-6.470509052276611
5184,5.653500556945801
5185,-3.4635276794433594
5186,-0.27082228660583496
5187,4.503945350646973
5188,-5.8620195388793945
5189,-6.432526111602783
5190,4.1750993728637695
5191,-4.056186676025391
5192,0.7655420303344727
5193,3.6776533126831055
5194,-7.832642555236816
5195,-4.853809356689453
5196,3.266298294067383
5197,-5.518152236938477
5198,0.08103752136230469
5199,3.4427242279052734
5200,-8.318160057067871
5201,-5.63979959487915
5202,3.1556167602539062
5203,-5.789295196533203
5204,0.16900944709777832
5205,3.499053955078125
5206,-8.346975326538086
5207,-5.405564785003662
5208,3.1491384506225586
5209,-5.919408798217773
5210,-0.4141576290130615
5211,3.5691537857055664
5212,-8.18359375
5213,-4.7156453132629395
5214,3.1949949264526367
5215,-5.834573745727539
5216,-0.17938017845153809
5217,3.361170768737793
5218,-3.535149574279785
5219,-4.881182670593262
5220,3.2369728088378906
5221,-2.3710412979125977
5222,-0.7465510368347168
5223,3.9694108963012695
5224,-7.423990249633789
5225,-3.7051780223846436
5226,4.349266052246094
5227,-4.750176429748535
5228,4.3131585121154785
5229,1.8224554061889648
5230,-7.2513885498046875
5231,-2.7506115436553955
5232,2.5982112884521484
5233,-5.010217666625977
5234,7.184577941894531
5235,1.509627342224121
5236,-6.9680891036987305
5237,-2.585972309112549
5238,2.1158294677734375
5239,-5.169058799743652
5240,7.480179786682129
5241,1.3808937072753906
5242,-8.82525634765625
5243,-2.6733527183532715
5244,2.228628158569336
5245,-6.35151481628418
5246,7.721240043640137
5247,6.502007484436035
5248,-4.903112411499023
5249,-2.173292398452759
5250,6.698075294494629
5251,-4.717033386230469
5252,-2.756504535675049
5253,6.704451560974121
5254,-4.738790512084961
5255,-2.7571098804473877
5256,6.709023475646973
5257,-4.761442184448242
5258,-2.757035493850708
5259,6.687775611877441
5260,-4.58005428314209
5261,-2.2331416606903076
5262,6.684111595153809
5263,-4.510713577270508
5264,-2.2338836193084717
5265,6.676531791687012
5266,-4.448988914489746
5267,-2.2355849742889404
5268,6.631421089172363
5269,-4.521340370178223
5270,-4.481914520263672
5271,6.595139503479004
5272,-3.9830141067504883
5273,-2.0895943641662598
5274,6.334250450134277
5275,-4.934052467346191
5276,-2.7107603549957275
5277,6.3256025314331055
5278,-4.72645378112793
5279,-2.0209755897521973
5280,5.968981742858887
5281,-4.681231498718262
5282,-6.15583610534668
5283,5.634913444519043
5284,-2.9783220291137695
5285,-0.5009903907775879
5286,4.5872392654418945
5287,-5.783923149108887
5288,-6.3664350509643555
5289,4.210931777954102
5290,-3.843332290649414
5291,0.5035345554351807
5292,3.8445005416870117
5293,-7.736443519592285
5294,-4.984447956085205
5295,3.5107107162475586
5296,-5.296247482299805
5297,0.05443835258483887
5298,3.698923110961914
5299,-8.169649124145508
5300,-5.549456596374512
5301,3.422793388366699
5302,-5.536903381347656
5303,0.07013750076293945
5304,3.736980438232422
5305,-8.182714462280273
5306,-5.322033405303955
5307,3.4444408416748047
5308,-5.664010047912598
5309,-0.4129600524902344
5310,3.8015785217285156
5311,-8.026714324951172
5312,-4.857205867767334
5313,3.4874563217163086
5314,-5.609233856201172
5315,-0.1675717830657959
5316,3.397146224975586
5317,-3.78786563873291
5318,-4.869687557220459
5319,3.2450408935546875
5320,-2.5651369094848633
5321,-0.7557685375213623
5322,4.716538429260254
5323,-7.219803810119629
5324,-4.037362098693848
5325,4.889313697814941
5326,-4.817680358886719
5327,3.009199619293213
5328,2.3998584747314453
5329,-7.670803070068359
5330,-3.3533735275268555
5331,3.039748191833496
5332,-5.652334213256836
5333,6.049943923950195
5334,2.056756019592285
5335,-7.539470672607422
5336,-3.167222023010254
5337,2.7013750076293945
5338,-5.50299072265625
5339,6.335726737976074
5340,2.305631637573242
5341,-9.524998664855957
5342,-3.418710708618164
5343,2.677666664123535
5344,-6.572044372558594
5345,6.379800796508789
5346,6.681611061096191
5347,-4.174908638000488
5348,-1.8510465621948242
5349,6.841858863830566
5350,-3.984868049621582
5351,-2.477393865585327
5352,6.845152854919434
5353,-4.005649566650391
5354,-2.478147029876709
5355,6.846335411071777
5356,-4.02543830871582
5357,-2.4781925678253174
5358,6.8230485916137695
5359,-3.837430000305176
5360,-1.9962283372879028
5361,6.811772346496582
5362,-3.761019706726074
5363,-1.9970325231552124
5364,6.796265602111816
5365,-3.644902229309082
5366,-1.998703956604004
5367,6.745730400085449
5368,-3.830592155456543
5369,-4.364065647125244
5370,6.657649040222168
5371,-3.2894792556762695
5372,-2.2045767307281494
5373,6.513192176818848
5374,-4.221195220947266
5375,-2.4250783920288086
5376,6.478955268859863
5377,-4.022097587585449
5378,-1.790628433227539
5379,5.960946083068848
5380,-4.655666351318359
5381,-5.993188858032227
5382,5.638766288757324
5383,-2.4844589233398438
5384,-0.7838830947875977
5385,4.68540096282959
5386,-5.786277770996094
5387,-6.070355415344238
5388,4.304247856140137
5389,-3.726954460144043
5390,0.7055044174194336
5391,4.429113388061523
5392,-7.772513389587402
5393,-4.718109130859375
5394,4.000882148742676
5395,-5.100912094116211
5396,0.8972811698913574
5397,4.418498992919922
5398,-8.191632270812988
5399,-5.241176605224609
5400,3.975459098815918
5401,-5.3029985427856445
5402,0.9418070316314697
5403,4.526902198791504
5404,-8.160195350646973
5405,-5.063968658447266
5406,4.03745174407959
5407,-5.444299697875977
5408,0.49523091316223145
5409,4.558239936828613
5410,-8.036526679992676
5411,-4.623061180114746
5412,4.066192626953125
5413,-5.428947448730469
5414,0.6960973739624023
5415,3.3831748962402344
5416,-4.251680374145508
5417,-4.828361511230469
5418,3.2042627334594727
5419,-2.9035491943359375
5420,-0.7946624755859375
5421,5.185845375061035
5422,-7.01286506652832
5423,-4.493091106414795
5424,5.157605171203613
5425,-4.464672088623047
5426,3.4043827056884766
5427,3.0491561889648438
5428,-8.28355598449707
5429,-3.256679058074951
5430,3.373197555541992
5431,-6.135923385620117
5432,7.14383602142334
5433,2.667111396789551
5434,-8.196762084960938
5435,-3.0687105655670166
5436,3.025376319885254
5437,-6.0811567306518555
5438,7.507057189941406
5439,3.191042900085449
5440,-10.061452865600586
5441,-3.50692081451416
5442,3.1603355407714844
5443,-6.855573654174805
5444,7.438723564147949
5445,6.899968147277832
5446,-3.422360420227051
5447,-1.643663763999939
5448,7.0204572677612305
5449,-3.185914993286133
5450,-2.1181044578552246
5451,7.0185136795043945
5452,-3.1949405670166016
5453,-2.1187071800231934
5454,7.01419734954834
5455,-3.203852653503418
5456,-2.119040012359619
5457,7.001601219177246
5458,-3.053071975708008
5459,-1.6009113788604736
5460,6.986344337463379
5461,-2.97890567779541
5462,-1.6017227172851562
5463,6.968573570251465
5464,-2.8997020721435547
5465,-1.6029765605926514
5466,6.868823051452637
5467,-3.0401220321655273
5468,-4.280399322509766
5469,6.783684730529785
5470,-2.559701919555664
5471,-2.115657329559326
5472,6.6939802169799805
5473,-3.531733512878418
5474,-2.086054801940918
5475,6.6534528732299805
5476,-3.3826303482055664
5477,-1.412709355354309
5478,6.02163028717041
5479,-4.397843360900879
5480,-6.092337608337402
5481,5.692273139953613
5482,-2.2149620056152344
5483,-0.7366523742675781
5484,4.931380271911621
5485,-5.829639434814453
5486,-5.113268852233887
5487,4.411847114562988
5488,-3.702077865600586
5489,0.7091255187988281
5490,5.147027015686035
5491,-7.511080741882324
5492,-1.9000329971313477
5493,4.511061668395996
5494,-5.342259407043457
5495,0.6930890083312988
5496,5.171351432800293
5497,-7.915217399597168
5498,-2.1745765209198
5499,4.522461891174316
5500,-5.60799503326416
5501,0.7008118629455566
5502,5.335841178894043
5503,-7.928972244262695
5504,-2.1594033241271973
5505,4.633645057678223
5506,-5.708134651184082
5507,0.28711462020874023
5508,5.330519676208496
5509,-7.782536506652832
5510,-1.831113338470459
5511,4.661009788513184
5512,-5.688987731933594
5513,0.48280811309814453
5514,3.384760856628418
5515,-4.586393356323242
5516,-4.840513229370117
5517,3.1707324981689453
5518,-3.3865652084350586
5519,-0.7818500995635986
5520,5.567124366760254
5521,-6.612931251525879
5522,-4.160605430603027
5523,5.143851280212402
5524,-4.3991289138793945
5525,3.2889251708984375
5526,3.7519311904907227
5527,-8.491947174072266
5528,-1.9300956726074219
5529,3.563314437866211
5530,-6.67487907409668
5531,6.765308380126953
5532,3.3757400512695312
5533,-8.634382247924805
5534,-1.6446775197982788
5535,3.219985008239746
5536,-6.721783638000488
5537,7.111061096191406
5538,4.077361106872559
5539,-10.109469413757324
5540,-1.7501999139785767
5541,3.543675422668457
5542,-7.474190711975098
5543,7.067546844482422
5544,7.177142143249512
5545,-2.4498414993286133
5546,-3.09293532371521
5547,7.216916084289551
5548,-2.1554737091064453
5549,-3.8771471977233887
5550,7.203732490539551
5551,-2.1497602462768555
5552,-3.8789639472961426
5553,7.191254615783691
5554,-2.146143913269043
5555,-3.8804821968078613
5556,7.190316200256348
5557,-2.0902671813964844
5558,-3.156735420227051
5559,7.164004325866699
5560,-2.0421838760375977
5561,-3.15722918510437
5562,7.132842063903809
5563,-1.9774255752563477
5564,-3.1573197841644287
5565,6.9384050369262695
5566,-2.0391616821289062
5567,-5.9609527587890625
5568,6.867318153381348
5569,-1.7712535858154297
5570,-2.7351670265197754
5571,6.938082695007324
5572,-2.645193099975586
5573,-3.721043825149536
5574,6.915286064147949
5575,-2.5752506256103516
5576,-2.78438138961792
5577,6.154458045959473
5578,-3.73831844329834
5579,-7.608771324157715
5580,5.577485084533691
5581,-1.7309703826904297
5582,-0.5433595180511475
5583,5.3119306564331055
5584,-6.101701736450195
5585,-6.253144264221191
5586,4.717249870300293
5587,-4.080814361572266
5588,-0.7001440525054932
5589,5.61684513092041
5590,-7.361279487609863
5591,-3.657310962677002
5592,4.954833030700684
5593,-5.539886474609375
5594,-3.7979555130004883
5595,5.734587669372559
5596,-7.766122817993164
5597,-4.176197052001953
5598,4.981572151184082
5599,-5.651462554931641
5600,-4.133676528930664
5601,5.800017356872559
5602,-7.871930122375488
5603,-4.035192489624023
5604,5.1140642166137695
5605,-5.633522987365723
5606,-4.705183506011963
5607,5.7941083908081055
5608,-7.756278038024902
5609,-3.5585074424743652
5610,5.135594367980957
5611,-5.662055969238281
5612,-4.142723083496094
5613,3.461376190185547
5614,-4.805051803588867
5615,-4.984959602355957
5616,3.2655134201049805
5617,-3.8451881408691406
5618,-0.6322264671325684
5619,5.928250312805176
5620,-6.154534339904785
5621,-4.0852508544921875
5622,5.4436750411987305
5623,-4.361644744873047
5624,2.974855422973633
5625,4.5042619705200195
5626,-8.497349739074707
5627,-0.3958163261413574
5628,4.1405792236328125
5629,-6.9031476974487305
5630,5.563554763793945
5631,4.11844539642334
5632,-8.747724533081055
5633,0.038956642150878906
5634,3.79927921295166
5635,-7.012897491455078
5636,5.80982780456543
5637,5.064164161682129
5638,-9.939138412475586
5639,0.34575390815734863
5640,4.276549339294434
5641,-7.595276832580566
5642,5.819845199584961
5643,7.147007942199707
5644,-1.3347673416137695
5645,-2.315502643585205
5646,7.177670478820801
5647,-1.0078105926513672
5648,-3.078817844390869
5649,7.167668342590332
5650,-1.0113658905029297
5651,-3.0801799297332764
5652,7.159594535827637
5653,-1.0200080871582031
5654,-3.081334352493286
5655,7.132325172424316
5656,-0.9495410919189453
5657,-2.4468939304351807
5658,7.098864555358887
5659,-0.9077625274658203
5660,-2.447678327560425
5661,7.065564155578613
5662,-0.8693504333496094
5663,-2.4481775760650635
5664,6.907532691955566
5665,-1.073934555053711
5666,-5.2099761962890625
5667,6.80448055267334
5668,-0.8379669189453125
5669,-2.3960647583007812
5670,6.955885887145996
5671,-1.604238510131836
5672,-2.969000816345215
5673,6.924988746643066
5674,-1.5504865646362305
5675,-2.149587631225586
5676,6.268307685852051
5677,-3.0993785858154297
5678,-7.016928672790527
5679,5.721478462219238
5680,-1.4648056030273438
5681,-0.5172014236450195
5682,5.553122520446777
5683,-5.93316650390625
5684,-5.963902473449707
5685,4.8098554611206055
5686,-3.914656639099121
5687,-0.7004692554473877
5688,5.833884239196777
5689,-7.296929359436035
5690,-2.730762243270874
5691,5.172970771789551
5692,-5.472726821899414
5693,-3.249051570892334
5694,5.925490379333496
5695,-7.640413284301758
5696,-3.1513612270355225
5697,5.187722206115723
5698,-5.696569442749023
5699,-3.469122886657715
5700,5.784167289733887
5701,-7.543001174926758
5702,-3.094909906387329
5703,5.324786186218262
5704,-5.655356407165527
5705,-4.065991401672363
5706,5.789860725402832
5707,-7.4287872314453125
5708,-2.6471033096313477
5709,5.360257148742676
5710,-5.6489667892456055
5711,-3.590043544769287
5712,3.604954719543457
5713,-4.905797004699707
5714,-5.000721454620361
5715,3.367612838745117
5716,-4.0301055908203125
5717,-0.6151158809661865
5718,6.26485538482666
5719,-5.603704452514648
5720,-3.890113115310669
5721,5.694001197814941
5722,-4.331981658935547
5723,2.7720885276794434
5724,5.220704078674316
5725,-8.346780776977539
5726,0.02573418617248535
5727,4.761107444763184
5728,-7.203822135925293
5729,4.2919535636901855
5730,4.910643577575684
5731,-8.664037704467773
5732,0.47848057746887207
5733,4.4624433517456055
5734,-7.563014984130859
5735,4.3940324783325195
5736,5.960864067077637
5737,-9.500701904296875
5738,0.7805628776550293
5739,5.008862495422363
5740,-7.779627799987793
5741,5.586606979370117
5742,6.980507850646973
5743,-0.2737712860107422
5744,-2.4182074069976807
5745,6.968003273010254
5746,0.01416015625
5747,-3.276960849761963
5748,6.9615583419799805
5749,-0.01348876953125
5750,-3.277998447418213
5751,6.960654258728027
5752,-0.07063674926757812
5753,-3.278214454650879
5754,6.929499626159668
5755,0.10248184204101562
5756,-2.8301596641540527
5757,6.8977766036987305
5758,0.13634681701660156
5759,-2.831390380859375
5760,6.855769157409668
5761,0.15324783325195312
5762,-2.8319613933563232
5763,6.777142524719238
5764,-0.26305103302001953
5765,-5.713234901428223
5766,6.613041877746582
5767,0.051631927490234375
5768,-3.7490947246551514
5769,6.856514930725098
5770,-0.62384033203125
5771,-3.1515393257141113
5772,6.815892219543457
5773,-0.5585660934448242
5774,-2.5744869709014893
5775,6.334118843078613
5776,-2.6458730697631836
5777,-7.161839485168457
5778,5.643048286437988
5779,-0.8784284591674805
5780,-2.3706109523773193
5781,5.964795112609863
5782,-5.84807014465332
5783,-5.98307991027832
5784,4.8798627853393555
5785,-3.9118518829345703
5786,-2.6695218086242676
5787,6.100197792053223
5788,-7.270005226135254
5789,-3.6003057956695557
5790,5.216200828552246
5791,-5.29374885559082
5792,-4.998702049255371
5793,6.11533260345459
5794,-7.630949020385742
5795,-4.075862407684326
5796,5.226122856140137
5797,-5.543976783752441
5798,-5.410927772521973
5799,6.101750373840332
5800,-7.340210914611816
5801,-4.0260820388793945
5802,5.315743446350098
5803,-5.508532524108887
5804,-5.889281272888184
5805,6.086503028869629
5806,-7.210756301879883
5807,-3.55411434173584
5808,5.3578386306762695
5809,-5.494932174682617
5810,-5.289061069488525
5811,3.871798515319824
5812,-5.1326704025268555
5813,-4.857967376708984
5814,3.497713088989258
5815,-4.210386276245117
5816,-0.754732608795166
5817,6.4322309494018555
5818,-5.208922386169434
5819,-3.3334336280822754
5820,5.3538618087768555
5821,-4.123287200927734
5822,2.6156673431396484
5823,5.900944709777832
5824,-7.624622344970703
5825,0.7605910301208496
5826,5.296647071838379
5827,-6.7454328536987305
5828,6.11445426940918
5829,5.648825645446777
5830,-8.079992294311523
5831,1.224351406097412
5832,5.183005332946777
5833,-7.192469596862793
5834,6.469733238220215
5835,6.4975996017456055
5836,-8.38101577758789
5837,1.26265287399292
5838,5.610682487487793
5839,-7.000335693359375
5840,6.316293716430664
5841,6.595242500305176
5842,0.4887886047363281
5843,-3.1999363899230957
5844,6.616959571838379
5845,0.7281150817871094
5846,-4.0160017013549805
5847,6.622372627258301
5848,0.6860256195068359
5849,-4.01720666885376
5850,6.64632511138916
5851,0.5887603759765625
5852,-4.01679801940918
5853,6.546313285827637
5854,0.8136978149414062
5855,-3.76656436920166
5856,6.517928123474121
5857,0.8308029174804688
5858,-3.7683088779449463
5859,6.481820106506348
5860,0.8694190979003906
5861,-3.7690439224243164
5862,6.553494453430176
5863,0.244415283203125
5864,-6.239201545715332
5865,6.325268745422363
5866,0.6598072052001953
5867,-5.101030349731445
5868,6.5295820236206055
5869,0.07205772399902344
5870,-3.8422598838806152
5871,6.460091590881348
5872,0.1687488555908203
5873,-3.522502899169922
5874,6.36446475982666
5875,-2.358883857727051
5876,-7.1443657875061035
5877,5.474062919616699
5878,-0.30735015869140625
5879,-3.893733024597168
5880,6.508223533630371
5881,-5.650547027587891
5882,-6.003452777862549
5883,4.77017879486084
5884,-2.5343618392944336
5885,-4.731904983520508
5886,6.767094612121582
5887,-6.38206672668457
5888,-4.130699157714844
5889,5.164881706237793
5890,-4.175790786743164
5891,-8.082953453063965
5892,6.851635932922363
5893,-6.7854766845703125
5894,-4.618806838989258
5895,5.1752424240112305
5896,-4.650607109069824
5897,-8.779241561889648
5898,6.844891548156738
5899,-6.319906234741211
5900,-4.452195167541504
5901,5.244460105895996
5902,-4.539129257202148
5903,-9.090328216552734
5904,6.77420711517334
5905,-6.116449356079102
5906,-4.080960273742676
5907,5.288214683532715
5908,-4.46565055847168
5909,-8.325399398803711
5910,4.0859375
5911,-5.362554550170898
5912,-4.560286045074463
5913,3.677640914916992
5914,-4.2263288497924805
5915,-1.0512274503707886
5916,6.43961238861084
5917,-4.86392879486084
5918,-2.418630838394165
5919,5.3251237869262695
5920,-3.924234390258789
5921,2.579786777496338
5922,6.4710493087768555
5923,-6.768061637878418
5924,2.295095920562744
5925,5.954415321350098
5926,-6.531176567077637
5927,6.790658950805664
5928,6.327164649963379
5929,-7.433575630187988
5930,2.7872872352600098
5931,5.975338935852051
5932,-7.04047966003418
5933,7.187013626098633
5934,7.080666542053223
5935,-7.272665023803711
5936,2.430300712585449
5937,6.310395240783691
5938,-6.680330276489258
5939,6.644688606262207
5940,6.400618553161621
5941,1.4175949096679688
5942,-3.7947516441345215
5943,6.383450508117676
5944,1.5570697784423828
5945,-4.592559814453125
5946,6.390402793884277
5947,1.5022354125976562
5948,-4.5932722091674805
5949,6.405961036682129
5950,1.4397296905517578
5951,-4.59311580657959
5952,6.321518898010254
5953,1.670358657836914
5954,-4.195309638977051
5955,6.2953081130981445
5956,1.6823577880859375
5957,-4.196760654449463
5958,6.258788108825684
5959,1.6862602233886719
5960,-4.196537017822266
5961,6.331454277038574
5962,1.0796833038330078
5963,-6.733941555023193
5964,6.141409873962402
5965,1.3935718536376953
5966,-4.883561134338379
5967,6.363228797912598
5968,0.9496307373046875
5969,-4.3998565673828125
5970,6.302098274230957
5971,1.0279560089111328
5972,-3.8801016807556152
5973,6.278952598571777
5974,-1.7139434814453125
5975,-7.572501182556152
5976,5.361401557922363
5977,0.17469024658203125
5978,-3.1236674785614014
5979,6.0865678787231445
5980,-4.704316139221191
5981,-6.223494052886963
5982,4.640419960021973
5983,-2.0291948318481445
5984,-0.9783217906951904
5985,7.028773307800293
5986,-5.0576629638671875
5987,-4.236644744873047
5988,5.320849418640137
5989,-3.164057731628418
5990,-0.3847339153289795
5991,7.231947898864746
5992,-5.2176666259765625
5993,-4.74918794631958
5994,5.369805335998535
5995,-3.3636741638183594
5996,-0.12874794006347656
5997,7.270380973815918
5998,-4.741837501525879
5999,-4.632412910461426
6000,5.507676124572754
6001,-3.340482711791992
6002,-1.0742651224136353
6003,7.190085411071777
6004,-4.63349723815918
6005,-4.193122386932373
6006,5.553948402404785
6007,-3.3750219345092773
6008,-0.6573727130889893
6009,4.399785995483398
6010,-5.486717224121094
6011,-4.582849025726318
6012,3.75714111328125
6013,-4.2959089279174805
6014,-1.0296579599380493
6015,6.721161842346191
6016,-4.670378684997559
6017,-2.2889082431793213
6018,5.477980613708496
6019,-3.6403112411499023
6020,1.9487075805664062
6021,6.906794548034668
6022,-6.367576599121094
6023,2.9889678955078125
6024,6.656146049499512
6025,-5.639615058898926
6026,5.073599338531494
6027,6.959124565124512
6028,-6.594766616821289
6029,3.5790910720825195
6030,6.749861717224121
6031,-6.178781509399414
6032,5.401305198669434
6033,7.683489799499512
6034,-6.188404083251953
6035,3.8639960289001465
6036,7.217663764953613
6037,-5.5001983642578125
6038,5.0922369956970215
6039,6.204100608825684
6040,2.1831417083740234
6041,-6.956106662750244
6042,6.253552436828613
6043,2.1660003662109375
6044,-7.622867584228516
6045,6.268145561218262
6046,2.0896129608154297
6047,-7.623777389526367
6048,6.290534019470215
6049,2.009603500366211
6050,-7.624021053314209
6051,6.21024227142334
6052,2.2880077362060547
6053,-7.051969051361084
6054,6.2138261795043945
6055,2.3005733489990234
6056,-7.05339241027832
6057,6.202942848205566
6058,2.301624298095703
6059,-7.051541805267334
6060,6.29604434967041
6061,1.5446891784667969
6062,-8.912140846252441
6063,5.990662574768066
6064,1.8584346771240234
6065,-6.319751739501953
6066,6.179085731506348
6067,1.5873336791992188
6068,-7.252845764160156
6069,6.1350297927856445
6070,1.725790023803711
6071,-6.506875991821289
6072,6.135392189025879
6073,-1.330892562866211
6074,-8.913029670715332
6075,5.331759452819824
6076,0.3148517608642578
6077,-3.563603401184082
6078,6.114720344543457
6079,-4.367084503173828
6080,-6.755806922912598
6081,4.703391075134277
6082,-1.745065689086914
6083,-0.3435027599334717
6084,7.302254676818848
6085,-4.338737487792969
6086,-4.010123252868652
6087,5.521563529968262
6088,-2.559000015258789
6089,0.6840164661407471
6090,7.567683219909668
6091,-4.506085395812988
6092,-4.593334197998047
6093,5.593575477600098
6094,-2.6551523208618164
6095,1.0170938968658447
6096,7.539898872375488
6097,-3.930818557739258
6098,-4.548831939697266
6099,5.72745418548584
6100,-2.654679298400879
6101,-0.09826231002807617
6102,7.464634895324707
6103,-3.9122695922851562
6104,-3.9597320556640625
6105,5.77040958404541
6106,-2.6978750228881836
6107,0.33333921432495117
6108,4.817812919616699
6109,-5.297721862792969
6110,-4.558121204376221
6111,4.061179161071777
6112,-4.140352249145508
6113,-1.0527141094207764
6114,6.881329536437988
6115,-4.296490669250488
6116,-2.994440793991089
6117,5.720250129699707
6118,-2.663585662841797
6119,1.4821624755859375
6120,7.749663352966309
6121,-5.315005302429199
6122,1.9126124382019043
6123,6.857678413391113
6124,-4.336496353149414
6125,5.759817123413086
6126,7.9353742599487305
6127,-5.701198577880859
6128,2.38987398147583
6129,6.8391828536987305
6130,-4.635146141052246
6131,6.205116271972656
6132,8.675803184509277
6133,-5.2599592208862305
6134,1.8168296813964844
6135,7.294425010681152
6136,-4.315914154052734
6137,5.852882385253906
6138,6.032870292663574
6139,2.4540538787841797
6140,-9.209992408752441
6141,5.816740989685059
6142,2.4513626098632812
6143,-9.79888916015625
6144,5.828072547912598
6145,2.377656936645508
6146,-9.799378395080566
6147,5.8531389236450195
6148,2.2979698181152344
6149,-9.800148010253906
6150,5.735386848449707
6151,2.5772132873535156
6152,-9.260290145874023
6153,5.700892448425293
6154,2.584238052368164
6155,-9.262452125549316
6156,5.666338920593262
6157,2.5841121673583984
6158,-9.261055946350098
6159,5.743369102478027
6160,1.842977523803711
6161,-10.588943481445312
6162,5.421189308166504
6163,2.1009273529052734
6164,-8.136444091796875
6165,6.136614799499512
6166,1.9418697357177734
6167,-9.323858261108398
6168,6.122563362121582
6169,2.0771312713623047
6170,-8.61781120300293
6171,5.990973472595215
6172,-1.0422592163085938
6173,-9.834227561950684
6174,5.020247459411621
6175,0.5257625579833984
6176,-4.869614601135254
6177,6.371779441833496
6178,-3.6950559616088867
6179,-7.19439172744751
6180,4.851927757263184
6181,-1.5738534927368164
6182,-0.8857755661010742
6183,7.6325273513793945
6184,-3.5101442337036133
6185,-4.122015953063965
6186,5.8455095291137695
6187,-2.2493886947631836
6188,0.7225048542022705
6189,7.9022016525268555
6190,-3.760974884033203
6191,-4.679317474365234
6192,5.950631141662598
6193,-2.336085319519043
6194,1.0437815189361572
6195,7.880488395690918
6196,-3.347494125366211
6197,-4.6851067543029785
6198,6.067540168762207
6199,-2.3389453887939453
6200,-0.02350020408630371
6201,7.75051212310791
6202,-3.2312307357788086
6203,-4.096656799316406
6204,6.095942497253418
6205,-2.351668357849121
6206,0.39017581939697266
6207,5.01882266998291
6208,-5.046152114868164
6209,-4.445890426635742
6210,4.292878150939941
6211,-3.930126190185547
6212,-1.1626932621002197
6213,6.895937919616699
6214,-4.1188154220581055
6215,-3.4576048851013184
6216,5.95450496673584
6217,-2.3000850677490234
6218,1.2004327774047852
6219,8.321049690246582
6220,-4.686371803283691
6221,1.3700923919677734
6222,7.3317461013793945
6223,-3.816946029663086
6224,5.44788932800293
6225,8.515454292297363
6226,-4.782992362976074
6227,1.8143219947814941
6228,7.509621620178223
6229,-3.9304027557373047
6230,5.840876579284668
6231,9.164193153381348
6232,-4.234079360961914
6233,0.7216384410858154
6234,7.8856706619262695
6235,-3.5667638778686523
6236,5.065828323364258
6237,5.486388206481934
6238,2.5726852416992188
6239,-10.488706588745117
6240,5.257210731506348
6241,2.484142303466797
6242,-10.974334716796875
6243,5.2652177810668945
6244,2.390584945678711
6245,-10.97460651397705
6246,5.274331092834473
6247,2.3100833892822266
6248,-10.97610092163086
6249,5.193696022033691
6250,2.604198455810547
6251,-10.426719665527344
6252,5.151492118835449
6253,2.6018295288085938
6254,-10.429981231689453
6255,5.112835884094238
6256,2.5982608795166016
6257,-10.428850173950195
6258,5.192538261413574
6259,1.7868595123291016
6260,-11.343963623046875
6261,4.932019233703613
6262,2.1030006408691406
6263,-8.849305152893066
6264,5.6600236892700195
6265,2.128934860229492
6266,-10.476217269897461
6267,5.6223249435424805
6268,2.272550582885742
6269,-9.753789901733398
6270,5.90578556060791
6271,-0.7563505172729492
6272,-10.205232620239258
6273,4.482041358947754
6274,0.64544677734375
6275,-5.204154968261719
6276,6.685883522033691
6277,-3.134772300720215
6278,-7.204937934875488
6279,4.944117546081543
6280,-1.5008296966552734
6281,-0.7382655143737793
6282,7.883114814758301
6283,-2.615597724914551
6284,-3.7011170387268066
6285,5.970633506774902
6286,-1.8472976684570312
6287,1.7566866874694824
6288,8.169144630432129
6289,-2.7094030380249023
6290,-4.12144660949707
6291,6.067307472229004
6292,-1.8876771926879883
6293,2.3485264778137207
6294,7.995532035827637
6295,-2.328131675720215
6296,-4.290013313293457
6297,6.192612648010254
6298,-1.9296875
6299,1.3006105422973633
6300,7.869021415710449
6301,-2.267162322998047
6302,-3.6962618827819824
6303,6.213015556335449
6304,-1.9363012313842773
6305,1.4794697761535645
6306,5.284367561340332
6307,-4.753615379333496
6308,-4.43894624710083
6309,4.5034589767456055
6310,-3.832843780517578
6311,-1.1676241159439087
6312,7.119040489196777
6313,-3.6473731994628906
6314,-5.332594871520996
6315,6.2078447341918945
6316,-2.2370309829711914
6317,-1.0523946285247803
6318,8.723891258239746
6319,-3.3324146270751953
6320,-0.7573361396789551
6321,8.279540061950684
6322,-2.9287071228027344
6323,1.8618311882019043
6324,8.907561302185059
6325,-3.6334972381591797
6326,-0.351712703704834
6327,8.589877128601074
6328,-3.8416757583618164
6329,2.1160998344421387
6330,9.521620750427246
6331,-2.283884048461914
6332,-2.713421583175659
6333,8.813143730163574
6334,-1.4424505233764648
6335,0.9133884906768799
6336,4.993588447570801
6337,2.6202049255371094
6338,-10.669736862182617
6339,4.824263572692871
6340,2.4567527770996094
6341,-11.199068069458008
6342,4.837506294250488
6343,2.3650684356689453
6344,-11.199029922485352
6345,4.852290153503418
6346,2.2696914672851562
6347,-11.200221061706543
6348,4.748810768127441
6349,2.575593948364258
6350,-10.647940635681152
6351,4.713589668273926
6352,2.557117462158203
6353,-10.651140213012695
6354,4.67563533782959
6355,2.5415821075439453
6356,-10.649406433105469
6357,4.849661827087402
6358,1.7361011505126953
6359,-11.647095680236816
6360,4.5623884201049805
6361,2.0014572143554688
6362,-9.11589527130127
6363,5.205767631530762
6364,2.1374282836914062
6365,-10.675050735473633
6366,5.137446403503418
6367,2.253995895385742
6368,-9.943222045898438
6369,5.887835502624512
6370,-0.8086986541748047
6371,-10.353034973144531
6372,4.2088775634765625
6373,0.535186767578125
6374,-5.357677459716797
6375,7.189435005187988
6376,-2.4985342025756836
6377,-7.379396915435791
6378,4.9824113845825195
6379,-1.2327442169189453
6380,-0.5560052394866943
6381,7.919173240661621
6382,-1.880960464477539
6383,-3.930708408355713
6384,6.058667182922363
6385,-0.9477243423461914
6386,2.452280044555664
6387,8.126904487609863
6388,-1.8901786804199219
6389,-4.350159645080566
6390,6.162413597106934
6391,-0.875030517578125
6392,3.1428356170654297
6393,7.96347713470459
6394,-1.6275968551635742
6395,-4.463815689086914
6396,6.280051231384277
6397,-0.8789558410644531
6398,2.129030227661133
6399,7.869889259338379
6400,-1.596785545349121
6401,-3.910921335220337
6402,6.306612968444824
6403,-0.902740478515625
6404,2.1964259147644043
6405,5.435793876647949
6406,-4.672011375427246
6407,-4.4548563957214355
6408,4.7001848220825195
6409,-3.8208675384521484
6410,-1.1503880023956299
6411,7.247307777404785
6412,-2.483081817626953
6413,-5.9872636795043945
6414,6.3060712814331055
6415,-1.7868156433105469
6416,-1.9166533946990967
6417,9.00403118133545
6418,-1.6700754165649414
6419,-2.9183459281921387
6420,8.56457805633545
6421,-0.9636049270629883
6422,0.4982454776763916
6423,9.193320274353027
6424,-1.7331304550170898
6425,-2.707803726196289
6426,9.006987571716309
6427,-1.3501319885253906
6428,0.6865513324737549
6429,9.616011619567871
6430,-0.12324142456054688
6431,-4.649381637573242
6432,8.894013404846191
6433,0.7053813934326172
6434,-0.8267881870269775
6435,4.5665788650512695
6436,2.596141815185547
6437,-10.433396339416504
6438,4.425978660583496
6439,2.377960205078125
6440,-11.059207916259766
6441,4.473803520202637
6442,2.2922496795654297
6443,-11.059211730957031
6444,4.50423526763916
6445,2.217885971069336
6446,-11.060516357421875
6447,4.3158111572265625
6448,2.4659652709960938
6449,-10.475173950195312
6450,4.2788591384887695
6451,2.4384937286376953
6452,-10.479081153869629
6453,4.246687889099121
6454,2.411989212036133
6455,-10.47796630859375
6456,4.540654182434082
6457,1.655721664428711
6458,-11.857526779174805
6459,4.220453262329102
6460,1.8130512237548828
6461,-9.169633865356445
6462,4.79134464263916
6463,2.1814022064208984
6464,-10.558634757995605
6465,4.686295509338379
6466,2.271442413330078
6467,-9.778934478759766
6468,5.848715782165527
6469,-0.7102794647216797
6470,-10.66417121887207
6471,4.031987190246582
6472,0.39585304260253906
6473,-5.6028852462768555
6474,6.959990501403809
6475,-2.28804874420166
6476,-7.839925289154053
6477,5.436955451965332
6478,-0.7625036239624023
6479,-0.9102587699890137
6480,7.916184425354004
6481,-1.030588150024414
6482,-4.796457767486572
6483,6.815300941467285
6484,-0.06371498107910156
6485,1.8407626152038574
6486,8.136570930480957
6487,-0.9609813690185547
6488,-5.41710090637207
6489,6.968798637390137
6490,0.14942550659179688
6491,2.388683319091797
6492,7.948428153991699
6493,-0.6872653961181641
6494,-5.673435211181641
6495,7.086970329284668
6496,0.13437843322753906
6497,1.3544411659240723
6498,7.928114891052246
6499,-0.5778274536132812
6500,-4.875128746032715
6501,7.101693153381348
6502,0.06020927429199219
6503,1.546501636505127
6504,5.55642032623291
6505,-4.694794654846191
6506,-4.496430397033691
6507,4.752732276916504
6508,-3.6730422973632812
6509,-1.1098231077194214
6510,7.480708122253418
6511,-1.4626569747924805
6512,-5.46120548248291
6513,6.002219200134277
6514,0.1519622802734375
6515,-1.0604674816131592
6516,9.328829765319824
6517,-0.05617713928222656
6518,-2.829023599624634
6519,8.000201225280762
6520,0.4581336975097656
6521,1.4676604270935059
6522,9.461247444152832
6523,-0.11810302734375
6524,-2.646441698074341
6525,8.495013236999512
6526,0.38847923278808594
6527,1.6604247093200684
6528,9.778637886047363
6529,1.419973373413086
6530,-4.263879776000977
6531,8.3358793258667
6532,2.3214244842529297
6533,0.3503091335296631
6534,4.3929643630981445
6535,2.4012985229492188
6536,-12.43828010559082
6537,4.274127960205078
6538,2.1219215393066406
6539,-12.936927795410156
6540,4.298901557922363
6541,2.017080307006836
6542,-12.937708854675293
6543,4.319305419921875
6544,1.9354305267333984
6545,-12.940345764160156
6546,4.171351432800293
6547,2.215984344482422
6548,-12.304723739624023
6549,4.126325607299805
6550,2.1945667266845703
6551,-12.3084135055542
6552,4.086512565612793
6553,2.1733131408691406
6554,-12.30739688873291
6555,4.3283538818359375
6556,1.4041671752929688
6557,-13.225860595703125
6558,4.046428680419922
6559,1.6524715423583984
6560,-10.344146728515625
6561,4.573935508728027
6562,2.0520496368408203
6563,-12.39852523803711
6564,4.4919939041137695
6565,2.1570396423339844
6566,-11.561351776123047
6567,5.767237663269043
6568,-0.750248908996582
6569,-11.646682739257812
6570,4.037087440490723
6571,0.4147510528564453
6572,-6.33799934387207
6573,7.037339210510254
6574,-1.984349250793457
6575,-8.865276336669922
6576,5.365065574645996
6577,-0.4402179718017578
6578,-1.6924349069595337
6579,7.782467842102051
6580,-0.05665016174316406
6581,-6.477155685424805
6582,6.298050880432129
6583,0.3767967224121094
6584,1.0611019134521484
6585,7.990029335021973
6586,0.2595939636230469
6587,-7.26939582824707
6588,6.332636833190918
6589,0.5663318634033203
6590,2.2314963340759277
6591,7.95766544342041
6592,0.7099037170410156
6593,-7.483953475952148
6594,6.4426069259643555
6595,0.5893135070800781
6596,0.4153258800506592
6597,7.886610984802246
6598,0.5965366363525391
6599,-6.547341346740723
6600,6.491826057434082
6601,0.5471973419189453
6602,0.7100863456726074
6603,5.6292524337768555
6604,-4.484426498413086
6605,-4.528111457824707
6606,4.961697578430176
6607,-3.612119674682617
6608,-1.078405499458313
6609,7.276917457580566
6610,-1.4997797012329102
6611,-6.928928375244141
6612,6.037066459655762
6613,-0.09557533264160156
6614,-2.3180184364318848
6615,9.022313117980957
6616,0.4143352508544922
6617,-4.19819974899292
6618,8.40354061126709
6619,1.6918563842773438
6620,0.1535179615020752
6621,9.31548023223877
6622,0.4143657684326172
6623,-4.026262283325195
6624,8.903298377990723
6625,1.5435619354248047
6626,0.3316650390625
6627,9.129599571228027
6628,2.2924232482910156
6629,-6.223940372467041
6630,8.382462501525879
6631,3.4333763122558594
6632,-1.4384948015213013
6633,4.286555290222168
6634,2.196012496948242
6635,-11.538298606872559
6636,4.1522417068481445
6637,1.9121208190917969
6638,-11.991104125976562
6639,4.166735649108887
6640,1.8069190979003906
6641,-11.989904403686523
6642,4.1765241622924805
6643,1.7231006622314453
6644,-11.991870880126953
6645,4.069779396057129
6646,2.004648208618164
6647,-11.402692794799805
6648,4.02947998046875
6649,1.984914779663086
6650,-11.406265258789062
6651,3.9866762161254883
6652,1.9615669250488281
6653,-11.405404090881348
6654,4.139087677001953
6655,1.202249526977539
6656,-12.278581619262695
6657,3.928812026977539
6658,1.4355506896972656
6659,-9.616503715515137
6660,4.454928398132324
6661,1.8363189697265625
6662,-11.512702941894531
6663,4.387289047241211
6664,2.010141372680664
6665,-10.742037773132324
6666,5.583085060119629
6667,-0.740015983581543
6668,-11.09753131866455
6669,4.044910430908203
6670,0.4793205261230469
6671,-6.001701354980469
6672,7.0659894943237305
6673,-1.5668764114379883
6674,-9.018543243408203
6675,5.318377494812012
6676,0.7428855895996094
6677,-1.2136987447738647
6678,7.6103010177612305
6679,1.1712646484375
6680,-7.454030513763428
6681,5.9883527755737305
6682,2.3821353912353516
6683,1.7964458465576172
6684,7.896319389343262
6685,1.5352611541748047
6686,-8.246788024902344
6687,5.97965145111084
6688,2.751800537109375
6689,2.5065531730651855
6690,7.694582939147949
6691,1.7318134307861328
6692,-8.366804122924805
6693,6.045235633850098
6694,2.794466018676758
6695,1.414076328277588
6696,7.613604545593262
6697,1.6730308532714844
6698,-7.502488136291504
6699,6.056262016296387
6700,2.576292037963867
6701,1.5408992767333984
6702,5.735230445861816
6703,-4.396122932434082
6704,-4.482562065124512
6705,5.174605369567871
6706,-3.574154853820801
6707,-1.1238727569580078
6708,7.1579790115356445
6709,-1.247157096862793
6710,-7.339725494384766
6711,6.38503360748291
6712,0.30181121826171875
6713,-3.300084114074707
6714,9.078900337219238
6715,0.6595439910888672
6716,-5.386004447937012
6717,8.58864688873291
6718,3.0742645263671875
6719,-1.606740117073059
6720,9.428942680358887
6721,0.7337226867675781
6722,-5.234861850738525
6723,9.083197593688965
6724,3.1031951904296875
6725,-1.483863353729248
6726,9.079852104187012
6727,2.189443588256836
6728,-7.287456512451172
6729,8.369933128356934
6730,4.985345840454102
6731,-3.3185296058654785
6732,4.16058349609375
6733,1.9749279022216797
6734,-11.58594036102295
6735,4.033474922180176
6736,1.7398567199707031
6737,-12.126503944396973
6738,4.04804801940918
6739,1.6538677215576172
6740,-12.12480354309082
6741,4.060983657836914
6742,1.5749530792236328
6743,-12.125875473022461
6744,3.960369110107422
6745,1.8294849395751953
6746,-11.50648021697998
6747,3.9282913208007812
6748,1.8053226470947266
6749,-11.510175704956055
6750,3.895099639892578
6751,1.7791061401367188
6752,-11.509699821472168
6753,4.046751976013184
6754,1.057027816772461
6755,-12.719887733459473
6756,3.8558216094970703
6757,1.2723884582519531
6758,-9.89675235748291
6759,4.3309431076049805
6760,1.6255378723144531
6761,-11.655689239501953
6762,4.259315490722656
6763,1.7972126007080078
6764,-10.843905448913574
6765,5.499821662902832
6766,-0.6769332885742188
6767,-11.766569137573242
6768,3.9919309616088867
6769,0.34967041015625
6770,-6.191507339477539
6771,7.067004203796387
6772,-1.1177244186401367
6773,-9.923263549804688
6774,5.189570426940918
6775,1.4430961608886719
6776,-1.542657732963562
6777,7.2170000076293945
6778,1.5676651000976562
6779,-8.422563552856445
6780,5.642697334289551
6781,3.4132938385009766
6782,1.2208070755004883
6783,7.411019325256348
6784,2.0276050567626953
6785,-9.204824447631836
6786,5.644656181335449
6787,3.6928348541259766
6788,1.8970084190368652
6789,7.200804710388184
6790,2.197662353515625
6791,-9.404008865356445
6792,5.712080955505371
6793,3.7436389923095703
6794,0.6135621070861816
6795,7.138154029846191
6796,2.0838584899902344
6797,-8.499197006225586
6798,5.733963966369629
6799,3.541593551635742
6800,0.9202988147735596
6801,6.03702449798584
6802,-4.302218437194824
6803,-4.5045881271362305
6804,5.538969993591309
6805,-3.2019424438476562
6806,-1.1051744222640991
6807,7.459965705871582
6808,-0.331207275390625
6809,-6.782128810882568
6810,6.7427873611450195
6811,0.8074626922607422
6812,-3.253756284713745
6813,9.253314018249512
6814,2.770418167114258
6815,-5.603494644165039
6816,8.70128345489502
6817,4.252359390258789
6818,-1.9777997732162476
6819,9.63007640838623
6820,3.0835227966308594
6821,-5.5658745765686035
6822,9.310402870178223
6823,4.682163238525391
6824,-1.9274563789367676
6825,9.06881046295166
6826,4.319559097290039
6827,-8.194540023803711
6828,8.476717948913574
6829,6.337919235229492
6830,-4.148923397064209
6831,4.146462440490723
6832,1.8421993255615234
6833,-11.792632102966309
6834,3.9750185012817383
6835,1.566305160522461
6836,-12.265944480895996
6837,3.9903364181518555
6838,1.4766921997070312
6839,-12.263909339904785
6840,4.004190444946289
6841,1.3913688659667969
6842,-12.265542030334473
6843,3.9070215225219727
6844,1.6676769256591797
6845,-11.658801078796387
6846,3.880465507507324
6847,1.6457023620605469
6848,-11.662442207336426
6849,3.853060722351074
6850,1.6209068298339844
6851,-11.662235260009766
6852,4.017687797546387
6853,0.8558273315429688
6854,-12.64258098602295
6855,3.839186668395996
6856,1.14013671875
6857,-9.85106086730957
6858,4.3501081466674805
6859,1.5180816650390625
6860,-11.778532028198242
6861,4.272930145263672
6862,1.6551990509033203
6863,-10.975586891174316
6864,5.420313835144043
6865,-0.5999240875244141
6866,-11.65695858001709
6867,3.9329490661621094
6868,0.3862419128417969
6869,-6.112800598144531
6870,6.985930442810059
6871,-0.5419206619262695
6872,-9.960609436035156
6873,5.0826921463012695
6874,2.0222549438476562
6875,-1.6078104972839355
6876,6.894339561462402
6877,2.2913570404052734
6878,-8.296289443969727
6879,5.55307674407959
6880,4.126106262207031
6881,0.5577926635742188
6882,7.030779838562012
6883,2.8229446411132812
6884,-9.011576652526855
6885,5.448700904846191
6886,4.447710037231445
6887,0.9162857532501221
6888,6.906445503234863
6889,2.9382286071777344
6890,-9.220359802246094
6891,5.444104194641113
6892,4.527509689331055
6893,-0.1496424674987793
6894,6.868649482727051
6895,2.7427101135253906
6896,-8.368852615356445
6897,5.484938621520996
6898,4.261177062988281
6899,0.25098419189453125
6900,6.26491641998291
6901,-3.400385856628418
6902,-4.523087501525879
6903,5.770195960998535
6904,-2.5719690322875977
6905,-1.088462471961975
6906,7.715790748596191
6907,0.2588672637939453
6908,-6.957218170166016
6909,7.2479352951049805
6910,1.61688232421875
6911,-3.979816198348999
6912,9.20919132232666
6913,3.1939926147460938
6914,-5.920495510101318
6915,9.294339179992676
6916,5.535249710083008
6917,-3.2198259830474854
6918,9.530407905578613
6919,3.5466270446777344
6920,-5.874439239501953
6921,9.644566535949707
6922,5.542020797729492
6923,-3.2217283248901367
6924,9.035475730895996
6925,4.40977668762207
6926,-8.33382511138916
6927,8.942824363708496
6928,6.984766006469727
6929,-5.428812503814697
6930,4.1339216232299805
6931,1.6599082946777344
6932,-10.975878715515137
6933,3.9895811080932617
6934,1.4153385162353516
6935,-11.45139217376709
6936,4.013608932495117
6937,1.3380794525146484
6938,-11.450133323669434
6939,4.0368547439575195
6940,1.2698345184326172
6941,-11.452071189880371
6942,3.9085559844970703
6943,1.5217838287353516
6944,-10.991576194763184
6945,3.8703718185424805
6946,1.4860725402832031
6947,-10.994985580444336
6948,3.846782684326172
6949,1.4634342193603516
6950,-10.9960355758667
6951,4.070941925048828
6952,0.7551136016845703
6953,-11.96705436706543
6954,3.860264778137207
6955,0.9825115203857422
6956,-9.842430114746094
6957,4.350531578063965
6958,1.384847640991211
6959,-11.004612922668457
6960,4.277626037597656
6961,1.4990234375
6962,-10.39504337310791
6963,5.384417533874512
6964,-0.7355117797851562
6965,-10.998367309570312
6966,3.9916114807128906
6967,0.4971160888671875
6968,-6.678458213806152
6969,6.893877983093262
6970,0.18543624877929688
6971,-8.882146835327148
6972,5.005724906921387
6973,2.7055187225341797
6974,-4.256259918212891
6975,6.8239545822143555
6976,2.6109085083007812
6977,-6.94176721572876
6978,4.779044151306152
6979,4.764072418212891
6980,-5.113272666931152
6981,6.770148277282715
6982,3.1050891876220703
6983,-7.585959434509277
6984,4.682549476623535
6985,5.188716888427734
6986,-5.414018630981445
6987,6.358826637268066
6988,3.170755386352539
6989,-7.800654411315918
6990,4.6540422439575195
6991,5.233671188354492
6992,-6.271902561187744
6993,6.4264421463012695
6994,2.9598617553710938
6995,-6.998733997344971
6996,4.707100868225098
6997,5.05906867980957
6998,-5.456274509429932
6999,6.580731391906738
7000,-2.7150611877441406
7001,-4.539052963256836
7002,5.974066734313965
7003,-1.9234542846679688
7004,-1.0724163055419922
7005,7.939303398132324
7006,0.5419349670410156
7007,-8.020551681518555
7008,7.035826683044434
7009,2.1746883392333984
7010,-3.974229097366333
7011,8.874106407165527
7012,3.7098751068115234
7013,-5.432056427001953
7014,8.665423393249512
7015,5.746221542358398
7016,-3.140627861022949
7017,9.079239845275879
7018,4.1013946533203125
7019,-5.235021591186523
7020,9.084343910217285
7021,5.926515579223633
7022,-3.1396944522857666
7023,8.753790855407715
7024,5.041460037231445
7025,-7.358303546905518
7026,8.486281394958496
7027,7.479230880737305
7028,-5.163322925567627
7029,4.081012725830078
7030,1.5797691345214844
7031,-11.562483787536621
7032,3.9787559509277344
7033,1.3159313201904297
7034,-12.044129371643066
7035,3.997544288635254
7036,1.246307373046875
7037,-12.04299545288086
7038,4.02816104888916
7039,1.220926284790039
7040,-12.0458984375
7041,3.881227493286133
7042,1.3952579498291016
7043,-11.572235107421875
7044,3.8625574111938477
7045,1.3829383850097656
7046,-11.575462341308594
7047,3.847477912902832
7048,1.3734092712402344
7049,-11.576837539672852
7050,4.084979057312012
7051,0.7134151458740234
7052,-12.501543045043945
7053,3.8742446899414062
7054,0.9226703643798828
7055,-10.352872848510742
7056,4.282373428344727
7057,1.3316192626953125
7058,-11.566893577575684
7059,4.2356977462768555
7060,1.4558448791503906
7061,-10.94599723815918
7062,5.383206367492676
7063,-0.5686454772949219
7064,-11.596270561218262
7065,4.051031112670898
7066,0.4857311248779297
7067,-7.065066337585449
7068,6.850340843200684
7069,0.7410793304443359
7070,-9.406635284423828
7071,5.04531192779541
7072,2.544820785522461
7073,-4.6103715896606445
7074,6.068387031555176
7075,2.95709228515625
7076,-7.53841495513916
7077,4.710238456726074
7078,4.236265182495117
7079,-5.175072193145752
7080,5.947314262390137
7081,3.480978012084961
7082,-8.275020599365234
7083,4.61215877532959
7084,4.532598495483398
7085,-5.291891098022461
7086,5.675875663757324
7087,3.3731956481933594
7088,-8.56169605255127
7089,4.59879207611084
7090,4.572257995605469
7091,-6.13681173324585
7092,5.693987846374512
7093,3.240039825439453
7094,-7.653020858764648
7095,4.664975166320801
7096,4.46650505065918
7097,-5.496807098388672
7098,6.906188011169434
7099,-2.0398826599121094
7100,-4.547978401184082
7101,6.331845283508301
7102,-1.3356561660766602
7103,-1.0640819072723389
7104,8.09150218963623
7105,1.500997543334961
7106,-7.336255073547363
7107,6.978680610656738
7108,3.3285598754882812
7109,-3.0175342559814453
7110,9.324265480041504
7111,4.700075149536133
7112,-4.600367069244385
7113,8.689045906066895
7114,6.754425048828125
7115,-1.5403391122817993
7116,9.570830345153809
7117,5.017190933227539
7118,-4.395585536956787
7119,9.0975923538208
7120,6.881885528564453
7121,-1.510097622871399
7122,9.188370704650879
7123,6.139030456542969
7124,-6.520794868469238
7125,8.543227195739746
7126,8.46983528137207
7127,-3.4934210777282715
7128,4.153607368469238
7129,1.5101757049560547
7130,-9.07452392578125
7131,4.0612592697143555
7132,1.2628936767578125
7133,-9.619250297546387
7134,4.080268859863281
7135,1.2030677795410156
7136,-9.615541458129883
7137,4.121733665466309
7138,1.2512264251708984
7139,-9.61726188659668
7140,3.973025321960449
7141,1.3581523895263672
7142,-9.66283130645752
7143,3.9541425704956055
7144,1.3451995849609375
7145,-9.663761138916016
7146,3.9205360412597656
7147,1.2782611846923828
7148,-9.671257019042969
7149,4.1905412673950195
7150,0.7961940765380859
7151,-12.257966995239258
7152,3.946826934814453
7153,0.8530559539794922
7154,-8.44132137298584
7155,4.341031074523926
7156,1.3245658874511719
7157,-9.669029235839844
7158,4.288814544677734
7159,1.4289875030517578
7160,-10.328872680664062
7161,5.399992942810059
7162,-0.16698646545410156
7163,-11.505703926086426
7164,4.1158246994018555
7165,0.3141136169433594
7166,-5.954649925231934
7167,6.704314231872559
7168,1.2539138793945312
7169,-8.578153610229492
7170,4.640885353088379
7171,2.2915592193603516
7172,-3.616572380065918
7173,5.601014137268066
7174,2.979677200317383
7175,-6.9457197189331055
7176,3.8170509338378906
7177,4.51826286315918
7178,-3.5446231365203857
7179,5.4090986251831055
7180,3.4821243286132812
7181,-7.677492141723633
7182,3.6459617614746094
7183,4.837493896484375
7184,-3.604356527328491
7185,5.22560977935791
7186,3.377979278564453
7187,-7.7376389503479
7188,3.6919403076171875
7189,4.92411994934082
7190,-4.281001567840576
7191,5.260802268981934
7192,3.237783432006836
7193,-6.940077304840088
7194,3.729973793029785
7195,4.868986129760742
7196,-3.796052932739258
7197,6.998795509338379
7198,-1.4489030838012695
7199,-4.507046699523926
7200,6.484103202819824
7201,-1.1881818771362305
7202,-1.1050132513046265
7203,7.581000328063965
7204,1.7457351684570312
7205,-8.50046157836914
7206,7.079998970031738
7207,2.6927833557128906
7208,-4.071133136749268
7209,8.374897956848145
7210,4.975568771362305
7211,-6.358823776245117
7212,8.090508460998535
7213,6.003726959228516
7214,-3.154400587081909
7215,8.587430000305176
7216,5.325414657592773
7217,-6.179264068603516
7218,8.411662101745605
7219,6.321933746337891
7220,-3.122709274291992
7221,8.1622953414917
7222,6.226362228393555
7223,-8.059450149536133
7224,7.7934465408325195
7225,7.313972473144531
7226,-4.825695991516113
7227,4.216653823852539
7228,1.7361831665039062
7229,-6.7386579513549805
7230,4.142853736877441
7231,1.5123882293701172
7232,-7.288625717163086
7233,4.191823959350586
7234,1.448923110961914
7235,-7.286401748657227
7236,4.226058006286621
7237,1.446157455444336
7238,-7.286446571350098
7239,4.047618865966797
7240,1.480865478515625
7241,-7.099816799163818
7242,4.024131774902344
7243,1.444284439086914
7244,-7.101696968078613
7245,3.998077392578125
7246,1.394796371459961
7247,-7.104586601257324
7248,4.330747604370117
7249,1.138458251953125
7250,-9.097786903381348
7251,4.053709983825684
7252,0.9395980834960938
7253,-8.099357604980469
7254,4.418779373168945
7255,1.5807361602783203
7256,-7.217885494232178
7257,4.306550979614258
7258,1.6793270111083984
7259,-7.116552829742432
7260,5.542840003967285
7261,0.6638317108154297
7262,-9.041783332824707
7263,4.165976524353027
7264,0.2643756866455078
7265,-5.692994594573975
7266,6.607449531555176
7267,1.7512187957763672
7268,-7.413503170013428
7269,4.285455703735352
7270,1.847982406616211
7271,-3.0012881755828857
7272,5.151122093200684
7273,2.8781471252441406
7274,-6.079339981079102
7275,3.503392219543457
7276,3.8411998748779297
7277,-2.038325786590576
7278,4.920317649841309
7279,3.1361827850341797
7280,-6.649582386016846
7281,3.2628726959228516
7282,4.238914489746094
7283,-1.937995433807373
7284,4.7441816329956055
7285,2.932546615600586
7286,-6.918886661529541
7287,3.36240291595459
7288,4.193782806396484
7289,-2.791790008544922
7290,4.812926292419434
7291,2.812999725341797
7292,-6.221449851989746
7293,3.408763885498047
7294,4.130561828613281
7295,-2.361757278442383
7296,7.343005180358887
7297,-0.6494121551513672
7298,-4.444237232208252
7299,6.767918586730957
7300,-0.6472845077514648
7301,-1.1690176725387573
7302,7.6768293380737305
7303,2.848146438598633
7304,-7.5183000564575195
7305,7.104981422424316
7306,3.370119094848633
7307,-3.196568489074707
7308,8.368369102478027
7309,6.03721809387207
7310,-6.633697032928467
7311,8.084969520568848
7312,7.0342559814453125
7313,-2.540388584136963
7314,8.62553882598877
7315,6.376987457275391
7316,-6.578143119812012
7317,8.214232444763184
7318,7.464426040649414
7319,-2.5335869789123535
7320,7.946549415588379
7321,7.306509017944336
7322,-8.341508865356445
7323,7.711625099182129
7324,8.326135635375977
7325,-4.0570878982543945
7326,4.351685523986816
7327,1.5688247680664062
7328,-5.559579372406006
7329,4.286471366882324
7330,1.3727531433105469
7331,-5.84555196762085
7332,4.319131851196289
7333,1.3035869598388672
7334,-5.844663619995117
7335,4.343413352966309
7336,1.2575454711914062
7337,-5.8457112312316895
7338,4.204970359802246
7339,1.4164848327636719
7340,-5.436889171600342
7341,4.180349349975586
7342,1.4001483917236328
7343,-5.438232421875
7344,4.152507781982422
7345,1.379232406616211
7346,-5.4392924308776855
7347,4.422123908996582
7348,0.8940887451171875
7349,-6.430957317352295
7350,4.148293495178223
7351,1.0049610137939453
7352,-4.587848663330078
7353,4.5022077560424805
7354,1.379983901977539
7355,-5.701971054077148
7356,4.360753059387207
7357,1.4863815307617188
7358,-5.190068244934082
7359,5.491511344909668
7360,0.2032184600830078
7361,-6.869029998779297
7362,4.693093299865723
7363,0.9252185821533203
7364,-3.3806874752044678
7365,6.572129249572754
7366,1.3609657287597656
7367,-7.302917003631592
7368,4.744561195373535
7369,2.402822494506836
7370,-3.25049090385437
7371,4.980912208557129
7372,2.463907241821289
7373,-6.453976154327393
7374,3.920368194580078
7375,3.084453582763672
7376,-4.770995140075684
7377,4.714798927307129
7378,2.697946548461914
7379,-6.92441987991333
7380,3.7078676223754883
7381,3.2434749603271484
7382,-4.919816493988037
7383,4.5931901931762695
7384,2.514341354370117
7385,-6.907393932342529
7386,3.702444076538086
7387,3.12457275390625
7388,-5.097531318664551
7389,4.685059547424316
7390,2.3911380767822266
7391,-6.438304424285889
7392,3.792412757873535
7393,3.0640487670898438
7394,-4.891952991485596
7395,7.589882850646973
7396,-0.26519107818603516
7397,-4.295022010803223
7398,7.271845817565918
7399,0.15176963806152344
7400,-1.3203613758087158
7401,8.104996681213379
7402,2.58416748046875
7403,-7.049363136291504
7404,7.573912620544434
7405,3.6549644470214844
7406,-2.705507755279541
7407,8.622427940368652
7408,5.56317138671875
7409,-6.048341274261475
7410,8.199776649475098
7411,6.411754608154297
7412,-2.1544196605682373
7413,8.85065746307373
7414,5.812534332275391
7415,-5.955263614654541
7416,8.4448823928833
7417,6.691511154174805
7418,-2.118821382522583
7419,8.160338401794434
7420,7.023675918579102
7421,-7.086818218231201
7422,7.811903953552246
7423,7.559314727783203
7424,-2.9319822788238525
7425,4.425943374633789
7426,1.8361129760742188
7427,-5.445542335510254
7428,4.366692543029785
7429,1.562234878540039
7430,-5.8634233474731445
7431,4.396015167236328
7432,1.4972972869873047
7433,-5.861478805541992
7434,4.412803649902344
7435,1.431783676147461
7436,-5.861394882202148
7437,4.289971351623535
7438,1.5871124267578125
7439,-5.580893516540527
7440,4.266623497009277
7441,1.560302734375
7442,-5.582788467407227
7443,4.23941707611084
7444,1.5309123992919922
7445,-5.584016799926758
7446,4.495907783508301
7447,1.138620376586914
7448,-6.934713363647461
7449,4.183925628662109
7450,1.1387443542480469
7451,-5.55427360534668
7452,4.550658226013184
7453,1.7059364318847656
7454,-5.755074501037598
7455,4.422050476074219
7456,1.8127765655517578
7457,-5.381162643432617
7458,5.7197980880737305
7459,1.0263996124267578
7460,-7.1593194007873535
7461,4.855759620666504
7462,0.8243484497070312
7463,-4.609851837158203
7464,6.237051963806152
7465,1.9618186950683594
7466,-8.180112838745117
7467,4.484419822692871
7468,1.9591617584228516
7469,-4.186431884765625
7470,4.733517646789551
7471,2.5300045013427734
7472,-9.980012893676758
7473,3.290961265563965
7474,2.9395713806152344
7475,-4.46251106262207
7476,4.430881500244141
7477,2.5003700256347656
7478,-10.77139663696289
7479,3.08536434173584
7480,3.140390396118164
7481,-4.6488471031188965
7482,4.328251838684082
7483,2.357522964477539
7484,-10.697759628295898
7485,3.0596303939819336
7486,3.147075653076172
7487,-5.068198204040527
7488,4.387007713317871
7489,2.2740135192871094
7490,-10.049118041992188
7491,3.1510324478149414
7492,3.089872360229492
7493,-4.638851642608643
7494,7.941462516784668
7495,0.49077796936035156
7496,-4.030280113220215
7497,7.365561485290527
7498,0.7804450988769531
7499,-1.5893968343734741
7500,8.758784294128418
7501,3.0604915618896484
7502,-7.517384052276611
7503,7.611443519592285
7504,4.322967529296875
7505,-2.8071999549865723
7506,8.999054908752441
7507,5.864717483520508
7508,-6.883889675140381
7509,8.070836067199707
7510,7.0814208984375
7511,-2.4253201484680176
7512,9.060898780822754
7513,6.070253372192383
7514,-6.8082146644592285
7515,8.2733736038208
7516,7.357231140136719
7517,-2.4098453521728516
7518,8.842453956604004
7519,7.216869354248047
7520,-8.221977233886719
7521,7.873116493225098
7522,8.083320617675781
7523,-3.45340633392334
7524,4.52176570892334
7525,2.1667308807373047
7526,-2.5233728885650635
7527,4.4754743576049805
7528,1.9276123046875
7529,-2.985001564025879
7530,4.493063926696777
7531,1.928243637084961
7532,-2.9839391708374023
7533,4.501519203186035
7534,1.9275760650634766
7535,-2.983576774597168
7536,4.329821586608887
7537,1.8378849029541016
7538,-2.673462152481079
7539,4.332175254821777
7540,1.8087882995605469
7541,-2.6752402782440186
7542,4.435084342956543
7543,1.7391357421875
7544,-2.6776273250579834
7545,4.68441104888916
7546,1.7929306030273438
7547,-4.379571914672852
7548,4.538941383361816
7549,1.469839096069336
7550,-2.9305591583251953
7551,4.748093605041504
7552,2.2230777740478516
7553,-2.9468014240264893
7554,4.640410423278809
7555,2.1896915435791016
7556,-2.533097505569458
7557,5.7623491287231445
7558,1.8828601837158203
7559,-5.207655906677246
7560,5.422118186950684
7561,1.4090576171875
7562,-1.9874625205993652
7563,5.854189872741699
7564,3.028881072998047
7565,-5.710580825805664
7566,4.751238822937012
7567,2.1297359466552734
7568,0.7746005058288574
7569,4.560685157775879
7570,2.9480113983154297
7571,-6.794037342071533
7572,3.4217777252197266
7573,2.647531509399414
7574,3.0010199546813965
7575,4.34883975982666
7576,2.924694061279297
7577,-6.9753007888793945
7578,3.1466522216796875
7579,2.758729934692383
7580,3.267256736755371
7581,4.265109062194824
7582,2.724302291870117
7583,-7.145628929138184
7584,3.126667022705078
7585,2.7890567779541016
7586,3.0752086639404297
7587,4.3399763107299805
7588,2.748929977416992
7589,-6.945566654205322
7590,3.198291778564453
7591,2.759267807006836
7592,2.9775009155273438
7593,8.486985206604004
7594,1.9298133850097656
7595,-4.1178507804870605
7596,8.285120964050293
7597,1.9506053924560547
7598,-1.494569182395935
7599,8.51366901397705
7600,5.790971755981445
7601,-7.124240398406982
7602,7.870343208312988
7603,6.187946319580078
7604,-2.4462804794311523
7605,9.10375690460205
7606,9.030128479003906
7607,-6.972413063049316
7608,8.655074119567871
7609,9.528425216674805
7610,-2.6436853408813477
7611,9.313408851623535
7612,9.252357482910156
7613,-7.022232532501221
7614,8.917830467224121
7615,9.823799133300781
7616,-2.7726776599884033
7617,8.85893726348877
7618,10.449058532714844
7619,-8.559253692626953
7620,8.51402759552002
7621,10.548715591430664
7622,-4.037436008453369
7623,4.560397148132324
7624,2.449636459350586
7625,-3.9977216720581055
7626,4.529810905456543
7627,2.061410903930664
7628,-4.473184108734131
7629,4.546692848205566
7630,2.0103588104248047
7631,-4.472891807556152
7632,4.552948951721191
7633,1.9620895385742188
7634,-4.473618984222412
7635,4.458525657653809
7636,2.062236785888672
7637,-3.818319797515869
7638,4.483733177185059
7639,2.0151920318603516
7640,-3.8191781044006348
7641,4.5612993240356445
7642,1.9561996459960938
7643,-3.819948196411133
7644,4.8048810958862305
7645,1.6335411071777344
7646,-5.621194839477539
7647,4.750426292419434
7648,1.5986137390136719
7649,-2.6092944145202637
7650,4.842024803161621
7651,2.400846481323242
7652,-4.351065635681152
7653,4.791232109069824
7654,2.4414615631103516
7655,-3.4839773178100586
7656,5.988072395324707
7657,1.7121200561523438
7658,-6.8541646003723145
7659,5.643467903137207
7660,2.1409664154052734
7661,-0.6172082424163818
7662,5.818295478820801
7663,2.9899749755859375
7664,-9.81852912902832
7665,4.783053398132324
7666,2.696084976196289
7667,3.6487765312194824
7668,4.798352241516113
7669,2.7124996185302734
7670,-12.42090892791748
7671,3.685731887817383
7672,2.364675521850586
7673,6.8348541259765625
7674,4.59853458404541
7675,2.5396766662597656
7676,-13.382040977478027
7677,3.447298049926758
7678,2.415618896484375
7679,7.5213823318481445
7680,4.5189924240112305
7681,2.355226516723633
7682,-13.277297973632812
7683,3.468090057373047
7684,2.4317264556884766
7685,7.179006576538086
7686,4.597445487976074
7687,2.476320266723633
7688,-12.4788818359375
7689,3.537602424621582
7690,2.403900146484375
7691,6.767931938171387
7692,8.889241218566895
7693,3.093109130859375
7694,-4.853052139282227
7695,8.357771873474121
7696,3.307188034057617
7697,-0.7630176544189453
7698,8.377545356750488
7699,7.2136383056640625
7700,-6.083687782287598
7701,7.2861528396606445
7702,7.057966232299805
7703,-0.7769103050231934
7704,9.370501518249512
7705,10.78404426574707
7706,-5.711777687072754
7707,8.264500617980957
7708,10.279123306274414
7709,-0.7472622394561768
7710,9.630629539489746
7711,11.194049835205078
7712,-5.647950649261475
7713,8.533989906311035
7714,10.747701644897461
7715,-0.9364322423934937
7716,8.882674217224121
7717,12.5697021484375
7718,-7.098574638366699
7719,7.939396858215332
7720,11.841896057128906
7721,-1.5643872022628784
7722,4.840155601501465
7723,2.958089828491211
7724,-4.273375511169434
7725,4.7522077560424805
7726,2.498807907104492
7727,-4.657226085662842
7728,4.769469261169434
7729,2.422283172607422
7730,-4.657878875732422
7731,4.779776573181152
7732,2.3411502838134766
7733,-4.658616065979004
7734,4.716460227966309
7735,2.54559326171875
7736,-3.989867687225342
7737,4.734444618225098
7738,2.505128860473633
7739,-3.9909958839416504
7740,4.7710466384887695
7741,2.4585418701171875
7742,-3.992070436477661
7743,5.058123588562012
7744,1.7973308563232422
7745,-5.536244869232178
7746,4.977845191955566
7747,1.9913806915283203
7748,-2.4902641773223877
7749,5.091769218444824
7750,2.874937057495117
7751,-4.550561428070068
7752,5.058381080627441
7753,2.965066909790039
7754,-3.6669301986694336
7755,6.296866416931152
7756,1.5004520416259766
7757,-7.058404922485352
7758,5.941971778869629
7759,2.9195499420166016
7760,-0.4959588050842285
7761,5.898180961608887
7762,1.8918266296386719
7763,-11.507787704467773
7764,5.928349494934082
7765,4.272970199584961
7766,3.216062068939209
7767,4.4746599197387695
7768,2.0788955688476562
7769,-14.46285343170166
7770,5.0771074295043945
7771,5.296630859375
7772,4.959697723388672
7773,4.129283905029297
7774,2.009082794189453
7775,-15.4157133102417
7776,4.86875057220459
7777,5.498971939086914
7778,5.503077507019043
7779,4.040586471557617
7780,1.9444561004638672
7781,-15.193268775939941
7782,4.745553016662598
7783,5.511993408203125
7784,4.975390434265137
7785,4.193992614746094
7786,1.995992660522461
7787,-14.483255386352539
7788,4.704939842224121
7789,5.771303176879883
7790,4.747445583343506
7791,9.108250617980957
7792,3.8241195678710938
7793,-4.890982627868652
7794,8.52873706817627
7795,4.32048225402832
7796,-0.7252588272094727
7797,8.084517478942871
7798,6.979763031005859
7799,-6.167489051818848
7800,7.339129447937012
7801,7.309932708740234
7802,-1.3230558633804321
7803,9.191363334655762
7804,10.633649826049805
7805,-5.5792236328125
7806,8.428277015686035
7807,10.204740524291992
7808,-1.5316790342330933
7809,9.449957847595215
7810,11.173583984375
7811,-5.533844947814941
7812,9.0297212600708
7813,10.657697677612305
7814,-1.599361538887024
7815,8.744301795959473
7816,12.058938980102539
7817,-7.063068866729736
7818,8.179877281188965
7819,11.823381423950195
7820,-2.5759568214416504
7821,4.982945442199707
7822,3.1829662322998047
7823,-5.389050483703613
7824,4.880249977111816
7825,2.697948455810547
7826,-5.970436096191406
7827,4.894829750061035
7828,2.622556686401367
7829,-5.970203399658203
7830,4.905898094177246
7831,2.540019989013672
7832,-5.9711456298828125
7833,4.860478401184082
7834,2.7520523071289062
7835,-5.398194313049316
7836,4.871794700622559
7837,2.7170772552490234
7838,-5.399792671203613
7839,4.888730049133301
7840,2.6796932220458984
7841,-5.400655269622803
7842,5.179434776306152
7843,2.028036117553711
7844,-6.819850921630859
7845,5.098628044128418
7846,2.263629913330078
7847,-3.8655176162719727
7848,5.2415876388549805
7849,3.1334495544433594
7850,-5.724569797515869
7851,5.223587989807129
7852,3.226978302001953
7853,-5.0182085037231445
7854,6.56069278717041
7855,1.599395751953125
7856,-7.4138922691345215
7857,6.158452033996582
7858,3.3032989501953125
7859,-1.8652827739715576
7860,6.74661922454834
7861,2.0343856811523438
7862,-13.504999160766602
7863,7.118197441101074
7864,4.321819305419922
7865,1.3812212944030762
7866,4.8332319259643555
7867,2.108987808227539
7868,-17.509029388427734
7869,7.121132850646973
7870,5.125633239746094
7871,2.8115806579589844
7872,4.706366539001465
7873,1.9488754272460938
7874,-18.726985931396484
7875,7.157042503356934
7876,5.357318878173828
7877,3.2586565017700195
7878,4.589816093444824
7879,1.8086662292480469
7880,-18.369216918945312
7881,7.077206611633301
7882,5.380632400512695
7883,2.6380748748779297
7884,4.6894330978393555
7885,1.872507095336914
7886,-17.508869171142578
7887,7.062880516052246
7888,5.290365219116211
7889,2.5793728828430176
7890,9.292668342590332
7891,4.193483352661133
7892,-4.908164978027344
7893,8.600497245788574
7894,4.748371124267578
7895,-0.7053754329681396
7896,8.336583137512207
7897,7.234947204589844
7898,-8.673824310302734
7899,7.22243595123291
7900,7.357994079589844
7901,-1.3650866746902466
7902,9.349038124084473
7903,10.769281387329102
7904,-8.3513822555542
7905,8.422049522399902
7906,10.26402473449707
7907,-0.7393507957458496
7908,9.670783042907715
7909,11.199932098388672
7910,-8.386499404907227
7911,8.925545692443848
7912,10.721590042114258
7913,-0.691817045211792
7914,8.921305656433105
7915,11.943748474121094
7916,-10.442066192626953
7917,7.993714332580566
7918,11.974403381347656
7919,-1.5351276397705078
7920,5.16091251373291
7921,3.3562889099121094
7922,-6.985479354858398
7923,5.037293434143066
7924,2.8735427856445312
7925,-7.241487503051758
7926,5.051272392272949
7927,2.795621871948242
7928,-7.242166996002197
7929,5.064183235168457
7930,2.7079696655273438
7931,-7.2436418533325195
7932,5.021430015563965
7933,2.944232940673828
7934,-6.581869602203369
7935,5.027560234069824
7936,2.9154586791992188
7937,-6.582694053649902
7938,5.032650947570801
7939,2.8856277465820312
7940,-6.583852291107178
7941,5.331137657165527
7942,2.155752182006836
7943,-7.228296279907227
7944,5.228817939758301
7945,2.444906234741211
7946,-4.694803714752197
7947,5.423815727233887
7948,3.2934608459472656
7949,-6.945722579956055
7950,5.41257381439209
7951,3.3861522674560547
7952,-6.074689865112305
7953,6.772170066833496
7954,1.7344894409179688
7955,-7.793847560882568
7956,6.2491350173950195
7957,3.3838748931884766
7958,-2.503998041152954
7959,7.278651237487793
7960,2.5650386810302734
7961,-13.217907905578613
7962,6.958802223205566
7963,4.2560577392578125
7964,0.6247637271881104
7965,5.358607292175293
7966,2.489278793334961
7967,-17.082538604736328
7968,6.5686235427856445
7969,4.178667068481445
7970,2.3145017623901367
7971,4.730561256408691
7972,2.385345458984375
7973,-18.141132354736328
7974,6.483416557312012
7975,4.210245132446289
7976,2.8171310424804688
7977,4.751351356506348
7978,2.184703826904297
7979,-17.76968002319336
7980,6.439507484436035
7981,4.208261489868164
7982,2.4680795669555664
7983,4.968050956726074
7984,2.253875732421875
7985,-17.044288635253906
7986,6.481350898742676
7987,4.176126480102539
7988,2.2112555503845215
7989,9.440260887145996
7990,4.302448272705078
7991,-4.878932952880859
7992,8.639948844909668
7993,4.852893829345703
7994,-0.7349772453308105
7995,8.481745719909668
7996,7.136270523071289
7997,-10.559661865234375
7998,7.242913246154785
7999,7.3960418701171875
8000,-1.3758589029312134
8001,9.470108985900879
8002,10.770956039428711
8003,-10.97016429901123
8004,8.398371696472168
8005,10.378259658813477
8006,0.5559587478637695
8007,9.786747932434082
8008,11.196090698242188
8009,-11.088933944702148
8010,8.763550758361816
8011,10.733810424804688
8012,0.6992709636688232
8013,9.114432334899902
8014,11.582653045654297
8015,-13.623879432678223
8016,7.864968299865723
8017,11.748804092407227
8018,-0.3087441921234131
8019,5.305445671081543
8020,3.479337692260742
8021,-7.5172576904296875
8022,5.182723045349121
8023,3.0068092346191406
8024,-7.825973987579346
8025,5.196854591369629
8026,2.938913345336914
8027,-7.826303958892822
8028,5.20882511138916
8029,2.8678760528564453
8030,-7.827841281890869
8031,5.171530723571777
8032,3.0435638427734375
8033,-7.174618244171143
8034,5.179001808166504
8035,3.001798629760742
8036,-7.175894737243652
8037,5.183806419372559
8038,2.9587879180908203
8039,-7.176884651184082
8040,5.4709672927856445
8041,2.323629379272461
8042,-7.898253440856934
8043,5.382014274597168
8044,2.5286636352539062
8045,-4.829303741455078
8046,5.576043128967285
8047,3.4062576293945312
8048,-7.539834976196289
8049,5.579180717468262
8050,3.4632930755615234
8051,-6.665371894836426
8052,6.8935956954956055
8053,1.8784713745117188
8054,-7.928372383117676
8055,6.372429847717285
8056,3.4103031158447266
8057,-2.5525810718536377
8058,7.525185585021973
8059,2.554342269897461
8060,-13.329939842224121
8061,6.652205467224121
8062,4.091547012329102
8063,0.8713681697845459
8064,5.852145195007324
8065,2.709808349609375
8066,-17.355770111083984
8067,5.900057792663574
8068,3.649120330810547
8069,4.306717395782471
8070,5.093167304992676
8071,2.542600631713867
8072,-18.316020965576172
8073,5.759049415588379
8074,3.596639633178711
8075,5.0418171882629395
8076,5.092103004455566
8077,2.3938140869140625
8078,-17.964778900146484
8079,5.7507829666137695
8080,3.605520248413086
8081,4.853600025177002
8082,5.344307899475098
8083,2.502490997314453
8084,-17.307857513427734
8085,5.804917335510254
8086,3.59246826171875
8087,4.327147960662842
8088,9.500359535217285
8089,4.337881088256836
8090,-4.857187271118164
8091,8.6984281539917
8092,4.829994201660156
8093,-0.7565171718597412
8094,8.580668449401855
8095,7.2047882080078125
8096,-10.859451293945312
8097,7.3362016677856445
8098,7.4056396484375
8099,-1.0361614227294922
8100,9.489802360534668
8101,10.872337341308594
8102,-11.630823135375977
8103,8.350089073181152
8104,10.425695419311523
8105,1.2648401260375977
8106,9.758517265319824
8107,11.341621398925781
8108,-11.766569137573242
8109,8.69162654876709
8110,10.81273078918457
8111,1.4161677360534668
8112,9.14426326751709
8113,11.759811401367188
8114,-14.31255054473877
8115,7.816033363342285
8116,12.041158676147461
8117,0.4249837398529053
