,0
0,-0.1136465072631836
1,-1.9948835372924805
2,6.678621768951416
3,0.0015954971313476562
4,-2.034945487976074
5,6.78331995010376
6,0.025603294372558594
7,-2.0350160598754883
8,6.781991481781006
9,0.04915428161621094
10,-2.034773826599121
11,6.7795281410217285
12,-0.03560924530029297
13,-2.183807373046875
14,7.301503658294678
15,-0.015343666076660156
16,-2.19119930267334
17,7.302920818328857
18,0.01099395751953125
19,-2.19747257232666
20,7.302523136138916
21,0.40952587127685547
22,-2.1311378479003906
23,6.276284694671631
24,0.3698301315307617
25,-2.141301155090332
26,8.670663833618164
27,0.2217721939086914
28,-1.8278427124023438
29,6.41251802444458
30,0.04298686981201172
31,-1.9097356796264648
32,7.0919575691223145
33,0.8917818069458008
34,-1.445836067199707
35,2.568800449371338
36,1.2748842239379883
37,-1.3572769165039062
38,8.637613296508789
39,-0.6824302673339844
40,-0.8488035202026367
41,1.0261147022247314
42,0.2682065963745117
43,-0.7072334289550781
44,5.860579967498779
45,-1.4702539443969727
46,-1.001352310180664
47,2.1175661087036133
48,-0.4905977249145508
49,-0.5662040710449219
50,1.8229951858520508
51,-1.8145627975463867
52,-1.028447151184082
53,1.6223430633544922
54,-0.6378755569458008
55,-0.5338821411132812
56,1.4753220081329346
57,-1.563542366027832
58,-1.0966920852661133
59,2.148265838623047
60,-0.7014350891113281
61,-0.6033535003662109
62,1.4201898574829102
63,-1.3418378829956055
64,-1.081756591796875
65,2.343407154083252
66,-0.6262521743774414
67,-0.6502790451049805
68,1.6179389953613281
69,-0.14115524291992188
70,-0.03399181365966797
71,-4.862212181091309
72,0.0
73,0.0
74,0.0
75,-0.2664937973022461
76,1.5215768814086914
77,-7.027804374694824
78,0.1774425506591797
79,1.1937808990478516
80,-2.55883526802063
81,0.9910306930541992
82,3.452486991882324
83,-9.522275924682617
84,0.46344852447509766
85,2.6934328079223633
86,-3.9468231201171875
87,1.1496496200561523
88,3.422511100769043
89,-9.797368049621582
90,0.5902070999145508
91,2.9004526138305664
92,-4.134802341461182
93,-0.02978515625
94,3.8451757431030273
95,-11.94776725769043
96,0.12466716766357422
97,3.1113977432250977
98,-5.980165481567383
99,-0.1659679412841797
100,-2.12399959564209
101,0.11248517036437988
102,-0.057181358337402344
103,-2.252267837524414
104,-0.4828728437423706
105,-0.018909454345703125
106,-2.2512683868408203
107,-0.4853016138076782
108,0.016760826110839844
109,-2.2532243728637695
110,-0.48803210258483887
111,-0.0864725112915039
112,-2.261446952819824
113,0.4849824905395508
114,-0.0615997314453125
115,-2.2591934204101562
116,0.48799848556518555
117,-0.03458213806152344
118,-2.2592153549194336
119,0.48740553855895996
120,0.4092855453491211
121,-2.21291446685791
122,-2.3803491592407227
123,0.3655271530151367
124,-2.212535858154297
125,2.0382819175720215
126,0.04558563232421875
127,-1.982651710510254
128,-0.472217321395874
129,-0.016130447387695312
130,-1.9962701797485352
131,0.7925248146057129
132,0.8929643630981445
133,-1.588998794555664
134,-5.557770252227783
135,1.306941032409668
136,-1.4135465621948242
137,4.05299186706543
138,-0.8481044769287109
139,-0.9191961288452148
140,-7.878249168395996
141,0.8855829238891602
142,-0.5829858779907227
143,3.933793544769287
144,-2.984084129333496
145,-0.88665771484375
146,-7.61782169342041
147,0.5661821365356445
148,0.1967611312866211
149,1.934995174407959
150,-3.371236801147461
151,-0.8728628158569336
152,-8.283902168273926
153,0.5720758438110352
154,0.4105234146118164
155,1.883840560913086
156,-3.463139533996582
157,-0.929408073425293
158,-7.976698875427246
159,0.42366504669189453
160,0.3579397201538086
161,1.4704699516296387
162,-3.223629951477051
163,-0.9119358062744141
164,-7.47506046295166
165,0.3783597946166992
166,0.26637935638427734
167,1.644660472869873
168,0.3690214157104492
169,0.11834049224853516
170,-5.640696048736572
171,0.0846414566040039
172,0.1357107162475586
173,0.778968095779419
174,0.3352632522583008
175,1.831772804260254
176,-6.890717506408691
177,0.2927370071411133
178,1.7637109756469727
179,-0.10856366157531738
180,1.0554933547973633
181,3.585862159729004
182,-6.646331787109375
183,0.9400320053100586
184,3.5331602096557617
185,0.9267916679382324
186,1.398320198059082
187,3.866044044494629
188,-6.707996368408203
189,1.268965721130371
190,3.8269643783569336
191,0.920520544052124
192,-0.024474143981933594
193,3.9801206588745117
194,-9.743852615356445
195,0.050772666931152344
196,3.915469169616699
197,-1.168793797492981
198,-0.24465274810791016
199,-2.2116899490356445
200,-1.018520474433899
201,-0.1230611801147461
202,-2.353269577026367
203,-1.7554826736450195
204,-0.0836935043334961
205,-2.355192184448242
206,-1.7579656839370728
207,-0.03798198699951172
208,-2.360907554626465
209,-1.7599238157272339
210,-0.14409542083740234
211,-2.3409576416015625
212,-0.7303938865661621
213,-0.11885547637939453
214,-2.3394927978515625
215,-0.7292051315307617
216,-0.08583927154541016
217,-2.3403396606445312
218,-0.7319079637527466
219,0.36621570587158203
220,-2.307188034057617
221,-4.048458099365234
222,0.3447275161743164
223,-2.303481101989746
224,0.5890915393829346
225,-0.10060787200927734
226,-2.0950536727905273
227,-1.7305347919464111
228,-0.11853408813476562
229,-2.0902462005615234
230,-0.3989882469177246
231,0.7574357986450195
232,-1.6646709442138672
233,-7.591346263885498
234,1.2626256942749023
235,-1.4673328399658203
236,3.2305197715759277
237,-1.0649585723876953
238,-0.9183254241943359
239,-8.935546875
240,1.174870491027832
241,-0.5456056594848633
242,4.01479959487915
243,-3.411863327026367
244,-0.5578470230102539
245,-6.932753562927246
246,0.8411035537719727
247,0.35770702362060547
248,2.797956943511963
249,-3.904538154602051
250,-0.46489810943603516
251,-7.4540181159973145
252,0.8635454177856445
253,0.6088371276855469
254,3.044433116912842
255,-3.8604955673217773
256,-0.524043083190918
257,-7.245733737945557
258,0.591456413269043
259,0.5365276336669922
260,2.3994336128234863
261,-3.7493839263916016
262,-0.5288715362548828
263,-6.751157283782959
264,0.6401033401489258
265,0.4197816848754883
266,2.4484381675720215
267,0.7498979568481445
268,0.3193645477294922
269,-6.034132957458496
270,0.6432600021362305
271,0.3759889602661133
272,1.1735408306121826
273,0.6221189498901367
274,1.9343900680541992
275,-5.748553276062012
276,0.49468326568603516
277,1.9397821426391602
278,1.5853209495544434
279,1.0913705825805664
280,3.6175851821899414
281,-3.791700601577759
282,0.9459238052368164
283,3.5367326736450195
284,3.6618967056274414
285,1.4777956008911133
286,3.891463279724121
287,-3.7041923999786377
288,1.186924934387207
289,3.811751365661621
290,3.7675986289978027
291,-0.045688629150390625
292,4.019898414611816
293,-6.4179840087890625
294,-0.11154747009277344
295,3.9569520950317383
296,1.8414344787597656
297,-0.4771842956542969
298,-2.1019277572631836
299,1.2677514553070068
300,-0.41565608978271484
301,-2.2988147735595703
302,0.5958361625671387
303,-0.3762350082397461
304,-2.296253204345703
305,0.5937342643737793
306,-0.3386716842651367
307,-2.2983198165893555
308,0.5928239822387695
309,-0.39314937591552734
310,-2.27736759185791
311,1.4940712451934814
312,-0.3531322479248047
313,-2.28092098236084
314,1.4952764511108398
315,-0.3042640686035156
316,-2.282011032104492
317,1.4920191764831543
318,0.060845375061035156
319,-2.2841358184814453
320,-1.802849531173706
321,0.18733501434326172
322,-2.2850170135498047
323,2.232865810394287
324,-0.3324308395385742
325,-2.0561676025390625
326,0.5071697235107422
327,-0.30116748809814453
328,-2.0630617141723633
329,1.6668543815612793
330,0.4933767318725586
331,-1.7323265075683594
332,-5.878251075744629
333,1.2149991989135742
334,-1.5227537155151367
335,4.527858257293701
336,-1.0076322555541992
337,-0.8971748352050781
338,-7.448324203491211
339,1.4135141372680664
340,-0.5625333786010742
341,5.144336700439453
342,-2.8389549255371094
343,0.02133941650390625
344,-5.718474388122559
345,1.1058320999145508
346,0.2666482925415039
347,4.897433280944824
348,-3.6380701065063477
349,0.22053050994873047
350,-6.265588760375977
351,0.8843297958374023
352,0.4982872009277344
353,5.336355209350586
354,-3.0695247650146484
355,0.2317180633544922
356,-5.978265762329102
357,0.8753690719604492
358,0.46371936798095703
359,4.575361728668213
360,-2.8933753967285156
361,0.17981815338134766
362,-5.504465103149414
363,0.9092397689819336
364,0.377471923828125
365,4.537754535675049
366,1.123469352722168
367,0.3016643524169922
368,-5.986298561096191
369,1.4287691116333008
370,0.4199056625366211
371,1.1257097721099854
372,0.5798101425170898
373,1.886418342590332
374,-6.117302894592285
375,0.5888147354125977
376,1.8507452011108398
377,0.7302827835083008
378,1.0879507064819336
379,3.6154489517211914
380,-6.238436222076416
381,0.9737958908081055
382,3.4254064559936523
383,1.0807287693023682
384,1.4925832748413086
385,3.87349796295166
386,-6.293190956115723
387,1.3314409255981445
388,3.751763343811035
389,1.0489869117736816
390,-0.19032573699951172
391,4.017752647399902
392,-8.404906272888184
393,-0.1319427490234375
394,3.875412940979004
395,-0.3992640972137451
396,-0.5864419937133789
397,-2.122831344604492
398,2.116180419921875
399,-0.4557638168334961
400,-2.3054285049438477
401,1.6086578369140625
402,-0.40877723693847656
403,-2.3087310791015625
404,1.6065502166748047
405,-0.36042213439941406
406,-2.314467430114746
407,1.6062140464782715
408,-0.44848155975341797
409,-2.2897396087646484
410,2.449568271636963
411,-0.40287303924560547
412,-2.291539192199707
413,2.4504027366638184
414,-0.3500404357910156
415,-2.292649269104004
416,2.4467086791992188
417,0.05338001251220703
418,-2.272184371948242
419,-0.06525325775146484
420,0.13030052185058594
421,-2.276824951171875
422,3.682490348815918
423,-0.40355587005615234
424,-2.0454463958740234
425,1.5991058349609375
426,-0.3892507553100586
427,-2.0556745529174805
428,2.678788661956787
429,0.3041219711303711
430,-1.7379207611083984
431,-4.090756416320801
432,0.972294807434082
433,-1.553964614868164
434,5.206592559814453
435,-0.9869556427001953
436,-0.8537254333496094
437,-6.1415839195251465
438,1.2580785751342773
439,-0.5839633941650391
440,7.761746883392334
441,-2.6332693099975586
442,0.051651954650878906
443,-5.133090019226074
444,0.8010721206665039
445,0.09886646270751953
446,6.912909984588623
447,-3.473224639892578
448,0.27593326568603516
449,-5.741499900817871
450,0.6928167343139648
451,0.2826204299926758
452,7.282169818878174
453,-2.7892751693725586
454,0.29637622833251953
455,-5.450854301452637
456,0.5617876052856445
457,0.26633548736572266
458,6.503109455108643
459,-2.586984634399414
460,0.23445606231689453
461,-4.929675579071045
462,0.6014776229858398
463,0.19455432891845703
464,6.544312000274658
465,1.2373552322387695
466,0.2534646987915039
467,-5.862508296966553
468,1.4646387100219727
469,0.3435020446777344
470,1.0026700496673584
471,0.48629093170166016
472,1.8351001739501953
473,-7.160101890563965
474,0.6037683486938477
475,1.7796449661254883
476,-0.06815004348754883
477,1.076634407043457
478,3.562859535217285
479,-8.605331420898438
480,1.0191144943237305
481,3.3737077713012695
482,-1.635413646697998
483,1.4672365188598633
484,3.811831474304199
485,-8.830975532531738
486,1.3566770553588867
487,3.697281837463379
488,-1.9235382080078125
489,-0.26287269592285156
490,4.004338264465332
491,-10.892337799072266
492,-0.22785472869873047
493,3.8355798721313477
494,-3.5297980308532715
495,-0.6788225173950195
496,-2.1156511306762695
497,2.7806296348571777
498,-0.5779047012329102
499,-2.2764177322387695
500,2.456082820892334
501,-0.5512046813964844
502,-2.279844284057617
503,2.454636573791504
504,-0.5257091522216797
505,-2.285000801086426
506,2.454113483428955
507,-0.5331230163574219
508,-2.28371524810791
509,3.2645373344421387
510,-0.47659778594970703
511,-2.285360336303711
512,3.265568733215332
513,-0.4193134307861328
514,-2.287356376647949
515,3.2626633644104004
516,-0.14889049530029297
517,-2.270482063293457
518,-0.02082061767578125
519,0.08111381530761719
520,-2.273116111755371
521,3.8622846603393555
522,-0.5316562652587891
523,-2.0305442810058594
524,2.3201045989990234
525,-0.4640073776245117
526,-2.0308027267456055
527,3.3693246841430664
528,0.006606101989746094
529,-1.7071952819824219
530,-4.396183013916016
531,1.0013208389282227
532,-1.5370159149169922
533,5.725188732147217
534,-1.0400075912475586
535,-0.5559787750244141
536,-5.655254364013672
537,1.5603532791137695
538,-0.48285865783691406
539,6.821557521820068
540,-1.5169830322265625
541,0.34814929962158203
542,-3.715719223022461
543,0.8676538467407227
544,0.34433650970458984
545,5.553232669830322
546,-1.8284978866577148
547,0.5732908248901367
548,-4.200370788574219
549,0.751887321472168
550,0.5445728302001953
551,5.880784511566162
552,-1.6010541915893555
553,0.6633815765380859
554,-3.962705135345459
555,0.5417776107788086
556,0.5735292434692383
557,5.114508152008057
558,-1.54705810546875
559,0.5957489013671875
560,-3.5499353408813477
561,0.6003904342651367
562,0.4939537048339844
563,5.170836925506592
564,1.3064203262329102
565,0.2744722366333008
566,-5.861231803894043
567,1.6286001205444336
568,0.3705577850341797
569,1.0005922317504883
570,0.4843454360961914
571,1.8146743774414062
572,-7.320847034454346
573,0.5862627029418945
574,1.7621726989746094
575,-0.24169301986694336
576,1.0743017196655273
577,3.4931821823120117
578,-8.781742095947266
579,1.0008516311645508
580,3.3583192825317383
581,-1.4250431060791016
582,1.4525957107543945
583,3.7728052139282227
584,-9.045799255371094
585,1.3237600326538086
586,3.647894859313965
587,-1.697247862815857
588,-0.2611255645751953
589,3.998196601867676
590,-11.337108612060547
591,-0.27938365936279297
592,3.7473840713500977
593,-3.192777633666992
594,-1.288630485534668
595,-1.9284744262695312
596,-4.6383771896362305
597,-1.1941051483154297
598,-2.0563135147094727
599,-5.350604057312012
600,-1.1772356033325195
601,-2.051486015319824
602,-5.350785255432129
603,-1.1551971435546875
604,-2.052403450012207
605,-5.35117769241333
606,-1.1336536407470703
607,-2.052952766418457
608,-4.155930519104004
609,-1.0635452270507812
610,-2.0575246810913086
611,-4.154480457305908
612,-0.999730110168457
613,-2.063577651977539
614,-4.157005310058594
615,-0.7798423767089844
616,-2.014352798461914
617,-7.326704502105713
618,-0.5564203262329102
619,-2.041545867919922
620,-2.02303147315979
621,-1.1434545516967773
622,-1.8145084381103516
623,-5.2950663566589355
624,-1.0752639770507812
625,-1.8146734237670898
626,-3.751708507537842
627,-0.18430709838867188
628,-1.2681636810302734
629,-10.363724708557129
630,0.4550447463989258
631,-1.3509950637817383
632,1.6287846565246582
633,1.1319646835327148
634,-0.23283958435058594
635,-11.786666870117188
636,1.4607114791870117
637,-0.44864654541015625
638,3.3139357566833496
639,1.803025245666504
640,0.8069028854370117
641,-10.860212326049805
642,1.5395479202270508
643,0.4823894500732422
644,2.045076370239258
645,2.0233144760131836
646,0.9587039947509766
647,-11.861858367919922
648,1.5727205276489258
649,0.6792564392089844
650,2.291459560394287
651,1.9492082595825195
652,1.0698575973510742
653,-11.622108459472656
654,1.3972482681274414
655,0.7315807342529297
656,1.3285315036773682
657,1.8442506790161133
658,0.995244026184082
659,-10.739580154418945
660,1.408339500427246
661,0.6547393798828125
662,1.5703635215759277
663,1.5271234512329102
664,0.7461843490600586
665,-6.267780303955078
666,1.6238584518432617
667,0.6731319427490234
668,1.4108829498291016
669,0.43140697479248047
670,1.9662656784057617
671,-5.774276256561279
672,0.4979410171508789
673,1.9012155532836914
674,2.0228166580200195
675,1.0800142288208008
676,3.5261735916137695
677,-3.0784990787506104
678,0.9659490585327148
679,3.39749813079834
680,6.316458225250244
681,1.5524225234985352
682,3.842841148376465
683,-2.932666778564453
684,1.292099952697754
685,3.6774892807006836
686,6.62933874130249
687,-0.2577705383300781
688,4.050509452819824
689,-5.469460487365723
690,-0.33872127532958984
691,3.8060827255249023
692,5.424743175506592
693,-1.4754419326782227
694,-1.7021398544311523
695,-3.804126739501953
696,-1.2958803176879883
697,-1.8089771270751953
698,-4.558833599090576
699,-1.2704343795776367
700,-1.806283950805664
701,-4.56024169921875
702,-1.2446069717407227
703,-1.805293083190918
704,-4.561454772949219
705,-1.2495241165161133
706,-1.8123407363891602
707,-3.2877044677734375
708,-1.1868410110473633
709,-1.8171567916870117
710,-3.286943197250366
711,-1.125962257385254
712,-1.8231697082519531
713,-3.289973258972168
714,-0.8499107360839844
715,-1.757375717163086
716,-6.590845108032227
717,-0.6754083633422852
718,-1.7978458404541016
719,-0.9256666898727417
720,-1.2994251251220703
721,-1.5653629302978516
722,-4.484257698059082
723,-1.2547798156738281
724,-1.5686511993408203
725,-2.835514783859253
726,-0.27047061920166016
727,-1.059835433959961
728,-9.459684371948242
729,0.08396434783935547
730,-1.0673532485961914
731,2.5770459175109863
732,1.3052568435668945
733,-0.26465702056884766
734,-10.99028205871582
735,1.390549659729004
736,-0.2510538101196289
737,4.387576103210449
738,2.456845283508301
739,0.4588623046875
740,-10.666236877441406
741,1.8702421188354492
742,0.4305248260498047
743,4.747097015380859
744,2.78231143951416
745,0.6019573211669922
746,-11.604570388793945
747,2.0725717544555664
748,0.5912246704101562
749,5.3344197273254395
750,2.724472999572754
751,0.7154054641723633
752,-11.396951675415039
753,1.9253911972045898
754,0.6117162704467773
755,4.501223564147949
756,2.56119441986084
757,0.6753463745117188
758,-10.553773880004883
759,1.8562650680541992
760,0.5458612442016602
761,4.38881778717041
762,1.593916893005371
763,0.9009132385253906
764,-6.4164276123046875
765,1.6513547897338867
766,0.8143291473388672
767,1.5682802200317383
768,0.34512805938720703
769,2.0452136993408203
770,-8.616146087646484
771,0.4254293441772461
772,1.953115463256836
773,1.9043169021606445
774,1.0806798934936523
775,3.617953300476074
776,-8.299837112426758
777,0.9696931838989258
778,3.518570899963379
779,5.603518962860107
780,1.5484743118286133
781,3.9020376205444336
782,-8.312440872192383
783,1.3758134841918945
784,3.6179933547973633
785,5.875021457672119
786,-0.2574796676635742
787,4.045605659484863
788,-11.027078628540039
789,-0.3103170394897461
790,3.8422155380249023
791,4.766380310058594
792,-1.4531536102294922
793,-1.3351926803588867
794,-2.6596152782440186
795,-1.3170042037963867
796,-1.4608936309814453
797,-3.350681781768799
798,-1.2996759414672852
799,-1.4570741653442383
800,-3.3510541915893555
801,-1.2862005233764648
802,-1.4563379287719727
803,-3.352297782897949
804,-1.2778406143188477
805,-1.473231315612793
806,-2.2427382469177246
807,-1.2304010391235352
808,-1.4790410995483398
809,-2.241745710372925
810,-1.1898250579833984
811,-1.4866628646850586
812,-2.245098352432251
813,-0.9444551467895508
814,-1.4195289611816406
815,-5.4182538986206055
816,-0.7832393646240234
817,-1.4573450088500977
818,-0.4404793977737427
819,-1.2895097732543945
820,-1.2006311416625977
821,-3.358942747116089
822,-1.260538101196289
823,-1.2034873962402344
824,-1.9167993068695068
825,-0.24230480194091797
826,-0.7439403533935547
827,-8.212238311767578
828,0.10127735137939453
829,-0.8402557373046875
830,2.246367931365967
831,1.6044588088989258
832,-0.2524995803833008
833,-12.440469741821289
834,2.076218605041504
835,-0.33051204681396484
836,5.7056403160095215
837,3.515255928039551
838,0.35666847229003906
839,-17.230548858642578
840,3.7169618606567383
841,0.02362537384033203
842,8.685083389282227
843,3.93117618560791
844,0.41741943359375
845,-18.563976287841797
846,4.342219352722168
847,0.19371700286865234
848,9.561334609985352
849,3.913760185241699
850,0.42688751220703125
851,-18.425504684448242
852,4.23911190032959
853,0.24470806121826172
854,9.09248161315918
855,3.7224225997924805
856,0.5350503921508789
857,-17.296003341674805
858,4.0275068283081055
859,0.25763416290283203
860,8.580862045288086
861,1.9700689315795898
862,1.0993986129760742
863,-6.41105842590332
864,1.8144865036010742
865,0.9894037246704102
866,1.5591800212860107
867,0.2901620864868164
868,2.1356096267700195
869,-8.486108779907227
870,0.1770620346069336
871,2.03958797454834
872,1.0437195301055908
873,1.1550569534301758
874,3.738602638244629
875,-8.291976928710938
876,0.9568414688110352
877,3.5166845321655273
878,3.587310314178467
879,1.6803808212280273
880,4.021941184997559
881,-8.30056381225586
882,1.3522634506225586
883,3.729977607727051
884,3.814948558807373
885,-0.2731151580810547
886,4.099059104919434
887,-10.655937194824219
888,-0.3788938522338867
889,3.940423011779785
890,2.8321542739868164
891,-1.3544073104858398
892,-1.0101909637451172
893,-1.5435693264007568
894,-1.3272895812988281
895,-1.1086091995239258
896,-2.2678942680358887
897,-1.3237419128417969
898,-1.107405662536621
899,-2.2679388523101807
900,-1.3222274780273438
901,-1.1067657470703125
902,-2.2692699432373047
903,-1.2117691040039062
904,-1.1393699645996094
905,-1.2123982906341553
906,-1.1611928939819336
907,-1.1481504440307617
908,-1.2117503881454468
909,-1.1129646301269531
910,-1.158060073852539
911,-1.2141996622085571
912,-0.9979782104492188
913,-1.0828590393066406
914,-4.508840560913086
915,-0.7628850936889648
916,-1.1473884582519531
917,0.2715272903442383
918,-1.2354116439819336
919,-0.889312744140625
920,-2.3084847927093506
921,-1.1312894821166992
922,-0.9128427505493164
923,-0.9318642616271973
924,-0.24492263793945312
925,-0.39606285095214844
926,-7.466812610626221
927,0.043148040771484375
928,-0.5299921035766602
929,2.5646719932556152
930,1.8298349380493164
931,-0.1912708282470703
932,-12.965871810913086
933,2.2625951766967773
934,-0.3492584228515625
935,7.602682590484619
936,3.4974584579467773
937,-0.2534055709838867
938,-19.33485221862793
939,3.864851951599121
940,-0.46100330352783203
941,11.82832145690918
942,3.9873876571655273
943,-0.3724632263183594
944,-20.840391159057617
945,4.4451398849487305
946,-0.47406959533691406
947,12.776201248168945
948,4.012326240539551
949,-0.4095478057861328
950,-20.830278396606445
951,4.304690361022949
952,-0.5149517059326172
953,12.481908798217773
954,3.912808418273926
955,-0.34731483459472656
956,-19.527530670166016
957,4.040574073791504
958,-0.47719764709472656
959,11.827804565429688
960,2.2266340255737305
961,1.3706169128417969
962,-6.559718132019043
963,2.0190649032592773
964,1.244511604309082
965,1.705085277557373
966,0.17072772979736328
967,2.29781436920166
968,-7.976348876953125
969,0.029107093811035156
970,2.157406806945801
971,0.7331411838531494
972,1.1598482131958008
973,3.783623695373535
974,-6.313831329345703
975,0.9447851181030273
976,3.552994728088379
977,3.8621726036071777
978,1.7135801315307617
979,4.068190574645996
980,-6.0845136642456055
981,1.3168764114379883
982,3.7712011337280273
983,4.133842945098877
984,-0.2675304412841797
985,4.152892112731934
986,-7.718103408813477
987,-0.35680103302001953
988,3.996767997741699
989,3.313300609588623
990,-1.4108591079711914
991,-0.8853168487548828
992,-5.661518096923828
993,-1.385502815246582
994,-0.8892364501953125
995,-6.094804286956787
996,-1.371175765991211
997,-0.8865690231323242
998,-6.096490859985352
999,-1.356816291809082
1000,-0.8871383666992188
1001,-6.096846580505371
1002,-1.224329948425293
1003,-0.9716625213623047
1004,-5.164341926574707
1005,-1.185922622680664
1006,-0.9690732955932617
1007,-5.165572166442871
1008,-1.1485567092895508
1009,-0.966461181640625
1010,-5.166778564453125
1011,-1.0427112579345703
1012,-0.8642463684082031
1013,-6.838378429412842
1014,-0.9760446548461914
1015,-0.897221565246582
1016,-2.6518630981445312
1017,-1.3257522583007812
1018,-0.6131734848022461
1019,-5.940685272216797
1020,-1.2684755325317383
1021,-0.7321786880493164
1022,-4.712399482727051
1023,-0.23933887481689453
1024,-0.21526241302490234
1025,-8.601105690002441
1026,-0.2868070602416992
1027,-0.12514209747314453
1028,1.0066807270050049
1029,2.397130012512207
1030,-0.179229736328125
1031,-12.719156265258789
1032,0.44489383697509766
1033,0.7746725082397461
1034,7.3010029792785645
1035,3.7960634231567383
1036,-0.5579490661621094
1037,-17.9180908203125
1038,-0.7878379821777344
1039,1.192753791809082
1040,11.839057922363281
1041,4.120722770690918
1042,-0.6870889663696289
1043,-19.09892463684082
1044,-1.193354606628418
1045,1.2460260391235352
1046,13.196653366088867
1047,4.1973466873168945
1048,-0.7418813705444336
1049,-19.598020553588867
1050,-1.3629016876220703
1051,1.2596750259399414
1052,12.328889846801758
1053,4.02297306060791
1054,-0.6846628189086914
1055,-18.330848693847656
1056,-1.1114253997802734
1057,1.2293720245361328
1058,11.617931365966797
1059,2.533726692199707
1060,1.5377378463745117
1061,-6.4051103591918945
1062,1.9894113540649414
1063,1.4632549285888672
1064,1.5508666038513184
1065,0.13080596923828125
1066,2.4270505905151367
1067,-6.686614990234375
1068,-0.10286426544189453
1069,2.274380683898926
1070,2.198493480682373
1071,1.1992464065551758
1072,3.859868049621582
1073,-2.9112143516540527
1074,0.9069013595581055
1075,3.5867624282836914
1076,5.943251132965088
1077,1.7308931350708008
1078,4.109391212463379
1079,-2.5600552558898926
1080,1.2512922286987305
1081,3.7879247665405273
1082,6.217774868011475
1083,-0.22353172302246094
1084,4.175688743591309
1085,-4.5460968017578125
1086,-0.3598337173461914
1087,3.9944868087768555
1088,5.00742769241333
1089,-1.378230094909668
1090,-0.2184762954711914
1091,-3.213304042816162
1092,-1.293283462524414
1093,-0.30659008026123047
1094,-3.674687385559082
1095,-1.284531593322754
1096,-0.3047618865966797
1097,-3.6744518280029297
1098,-1.2790327072143555
1099,-0.3015727996826172
1100,-3.674618721008301
1101,-1.2262544631958008
1102,-0.32453250885009766
1103,-2.790485382080078
1104,-1.1819124221801758
1105,-0.3312339782714844
1106,-2.792003870010376
1107,-1.1625795364379883
1108,-0.33433055877685547
1109,-2.7937183380126953
1110,-1.0008535385131836
1111,-0.31424617767333984
1112,-4.768791198730469
1113,-0.9493255615234375
1114,-0.37026309967041016
1115,-0.7885717153549194
1116,-1.2480382919311523
1117,-0.10404109954833984
1118,-3.6009578704833984
1119,-1.2188491821289062
1120,-0.10682201385498047
1121,-2.4485442638397217
1122,-0.16090869903564453
1123,0.06800651550292969
1124,-7.481362819671631
1125,-0.2726736068725586
1126,0.3531045913696289
1127,2.304166316986084
1128,1.9849138259887695
1129,-0.11252880096435547
1130,-10.946426391601562
1131,0.2090911865234375
1132,0.972625732421875
1133,9.725484848022461
1134,3.5973615646362305
1135,-0.47698307037353516
1136,-15.218538284301758
1137,-1.097212791442871
1138,1.2462644577026367
1139,16.44500732421875
1140,3.8490095138549805
1141,-0.6191263198852539
1142,-15.952537536621094
1143,-1.075897216796875
1144,1.1626577377319336
1145,18.223190307617188
1146,3.9721555709838867
1147,-0.6587009429931641
1148,-16.278141021728516
1149,-1.3081769943237305
1150,1.1623687744140625
1151,17.754322052001953
1152,3.8541479110717773
1153,-0.580479621887207
1154,-15.50537109375
1155,-1.4452180862426758
1156,1.2292594909667969
1157,16.445955276489258
1158,2.625288963317871
1159,1.6902360916137695
1160,-6.173238277435303
1161,2.1971426010131836
1162,1.6191825866699219
1163,1.3207731246948242
1164,-0.022919654846191406
1165,2.437710762023926
1166,-8.423369407653809
1167,-0.25644779205322266
1168,2.292109489440918
1169,0.48143529891967773
1170,1.1938791275024414
1171,3.860049247741699
1172,-7.907098770141602
1173,0.8558282852172852
1174,3.636244773864746
1175,2.428924083709717
1176,1.7360162734985352
1177,4.133912086486816
1178,-7.81372594833374
1179,1.1893415451049805
1180,3.828497886657715
1181,2.531785488128662
1182,-0.226898193359375
1183,4.178027153015137
1184,-9.6910982131958
1185,-0.40084171295166016
1186,4.01993465423584
1187,1.7796287536621094
1188,-1.948683738708496
1189,0.14210033416748047
1190,-4.6447601318359375
1191,-1.8786334991455078
1192,0.03160572052001953
1193,-5.262404441833496
1194,-1.8387441635131836
1195,0.024648666381835938
1196,-5.261984825134277
1197,-1.799361228942871
1198,0.016320228576660156
1199,-5.2626543045043945
1200,-1.890538215637207
1201,0.02858448028564453
1202,-4.219527244567871
1203,-1.835763931274414
1204,0.010783195495605469
1205,-4.2194600105285645
1206,-1.7977771759033203
1207,-0.00341796875
1208,-4.220215797424316
1209,-1.3750219345092773
1210,-0.024751663208007812
1211,-6.605700969696045
1212,-1.4084243774414062
1213,-0.044689178466796875
1214,-1.9560858011245728
1215,-1.726424217224121
1216,0.21990108489990234
1217,-5.10074520111084
1218,-1.7324743270874023
1219,0.2216644287109375
1220,-3.750697612762451
1221,-0.2225046157836914
1222,0.36101722717285156
1223,-8.40672492980957
1224,-0.5114526748657227
1225,0.3804931640625
1226,1.3253567218780518
1227,1.7540578842163086
1228,0.2674846649169922
1229,-12.355157852172852
1230,0.5271749496459961
1231,0.7059860229492188
1232,8.043436050415039
1233,3.29740047454834
1234,-0.054251670837402344
1235,-16.954660415649414
1236,-0.2934885025024414
1237,0.8309507369995117
1238,13.020427703857422
1239,3.6997556686401367
1240,-0.21940326690673828
1241,-18.06226348876953
1242,-0.10258674621582031
1243,0.8412418365478516
1244,14.332344055175781
1245,3.764481544494629
1246,-0.24432659149169922
1247,-18.142763137817383
1248,-0.14930438995361328
1249,0.8450288772583008
1250,13.781770706176758
1251,3.6053590774536133
1252,-0.12675094604492188
1253,-17.13389778137207
1254,-0.24255943298339844
1255,0.8580160140991211
1256,12.94125747680664
1257,2.705033302307129
1258,1.8171920776367188
1259,-6.158400535583496
1260,2.102717399597168
1261,1.7207956314086914
1262,1.3049302101135254
1263,-0.099273681640625
1264,2.482253074645996
1265,-8.046388626098633
1266,-0.40729808807373047
1267,2.2735414505004883
1268,0.7857365608215332
1269,1.1969995498657227
1270,3.9011220932006836
1271,-6.110733985900879
1272,0.6487855911254883
1273,3.6015920639038086
1274,2.5288729667663574
1275,1.7433366775512695
1276,4.159523963928223
1277,-5.835062026977539
1278,1.0924901962280273
1279,3.7577524185180664
1280,2.630331516265869
1281,-0.20239734649658203
1282,4.239546775817871
1283,-7.246572971343994
1284,-0.5165128707885742
1285,4.0226030349731445
1286,2.017886161804199
1287,-2.0478410720825195
1288,0.1180868148803711
1289,-3.1977193355560303
1290,-1.9806442260742188
1291,0.01544189453125
1292,-3.713120222091675
1293,-1.9461965560913086
1294,0.012707710266113281
1295,-3.7137014865875244
1296,-1.9141263961791992
1297,0.011127471923828125
1298,-3.7147011756896973
1299,-1.993178367614746
1300,0.010991096496582031
1301,-2.7250876426696777
1302,-1.9604482650756836
1303,0.0028772354125976562
1304,-2.7247047424316406
1305,-1.9320964813232422
1306,-0.004668235778808594
1307,-2.726027488708496
1308,-1.5264692306518555
1309,0.013390541076660156
1310,-5.161728858947754
1311,-1.4723291397094727
1312,-0.041187286376953125
1313,-0.7645885944366455
1314,-1.7926912307739258
1315,0.20264625549316406
1316,-3.694753885269165
1317,-1.8207721710205078
1318,0.20241165161132812
1319,-2.400759696960449
1320,-0.39328479766845703
1321,0.5171804428100586
1322,-7.711766719818115
1323,-0.38202667236328125
1324,0.3863105773925781
1325,2.065049648284912
1326,1.6258573532104492
1327,0.9499664306640625
1328,-11.502254486083984
1329,0.6332387924194336
1330,0.98773193359375
1331,6.165860652923584
1332,1.1008996963500977
1333,0.9269590377807617
1334,-14.987773895263672
1335,-0.10641193389892578
1336,1.0220375061035156
1337,8.675037384033203
1338,1.0490846633911133
1339,0.8963909149169922
1340,-15.939447402954102
1341,-0.18780994415283203
1342,0.9907369613647461
1343,9.520673751831055
1344,0.9317255020141602
1345,0.7839584350585938
1346,-15.691963195800781
1347,-0.3717775344848633
1348,1.0069313049316406
1349,9.044109344482422
1350,0.9570188522338867
1351,0.8141489028930664
1352,-14.980796813964844
1353,-0.3446674346923828
1354,1.0356330871582031
1355,8.535839080810547
1356,2.6360902786254883
1357,1.8900442123413086
1358,-5.985067367553711
1359,2.271969795227051
1360,1.7295408248901367
1361,1.1354410648345947
1362,-0.2806825637817383
1363,2.506222724914551
1364,-7.510261535644531
1365,-0.35561466217041016
1366,2.329197883605957
1367,0.7440788745880127
1368,1.194788932800293
1369,3.937472343444824
1370,-6.428316593170166
1371,0.6528902053833008
1372,3.63552188873291
1373,2.233996868133545
1374,1.7370424270629883
1375,4.17539119720459
1376,-6.22602653503418
1377,1.0944643020629883
1378,3.8065786361694336
1379,2.3375802040100098
1380,-0.023621559143066406
1381,4.3721818923950195
1382,-7.483443737030029
1383,-0.4905099868774414
1384,4.018210411071777
1385,1.973710060119629
1386,-1.9114913940429688
1387,0.04316234588623047
1388,-2.7630655765533447
1389,-1.8242359161376953
1390,-0.0743551254272461
1391,-3.4140233993530273
1392,-1.7978754043579102
1393,-0.07654857635498047
1394,-3.41460919380188
1395,-1.772873878479004
1396,-0.07704734802246094
1397,-3.4160070419311523
1398,-1.8041534423828125
1399,-0.08607959747314453
1400,-2.407346487045288
1401,-1.7611474990844727
1402,-0.09770393371582031
1403,-2.4075753688812256
1404,-1.722853660583496
1405,-0.10766887664794922
1406,-2.4088408946990967
1407,-1.4215030670166016
1408,-0.0664815902709961
1409,-5.139745235443115
1410,-1.2864952087402344
1411,-0.1315145492553711
1412,-0.6436405181884766
1413,-1.6707992553710938
1414,0.1351184844970703
1415,-3.3197083473205566
1416,-1.667313575744629
1417,0.1333446502685547
1418,-2.024306297302246
1419,-0.4682331085205078
1420,0.5206775665283203
1421,-7.562798023223877
1422,-0.3709564208984375
1423,0.41385746002197266
1424,2.2488226890563965
1425,0.9611635208129883
1426,1.4227123260498047
1427,-6.264673233032227
1428,0.6984624862670898
1429,1.294377326965332
1430,5.0991435050964355
1431,0.49771976470947266
1432,1.5145368576049805
1433,-1.188188076019287
1434,-0.4978914260864258
1435,1.4060239791870117
1436,4.947319030761719
1437,0.37043285369873047
1438,1.5545167922973633
1439,-1.045346736907959
1440,-0.7874431610107422
1441,1.4089794158935547
1442,5.490549087524414
1443,0.30243587493896484
1444,1.4403095245361328
1445,-1.051985502243042
1446,-1.0217466354370117
1447,1.3738698959350586
1448,5.076045036315918
1449,0.3759737014770508
1450,1.4108753204345703
1451,-1.0105631351470947
1452,-0.9286727905273438
1453,1.373025894165039
1454,4.738011837005615
1455,2.498715400695801
1456,1.8966073989868164
1457,-5.914777755737305
1458,2.4650869369506836
1459,1.7887229919433594
1460,1.0677878856658936
1461,-0.40787792205810547
1462,2.5563249588012695
1463,-6.6303300857543945
1464,-0.3679828643798828
1465,2.401625633239746
1466,1.3858587741851807
1467,1.150374412536621
1468,3.92533016204834
1469,-5.375262260437012
1470,0.6550912857055664
1471,3.657120704650879
1472,2.2391042709350586
1473,1.7312421798706055
1474,4.155972480773926
1475,-5.205804347991943
1476,1.1637048721313477
1477,3.8192129135131836
1478,2.368833541870117
1479,-0.05618000030517578
1480,4.319840431213379
1481,-5.802587509155273
1482,-0.4742002487182617
1483,4.014651298522949
1484,2.1638412475585938
1485,-1.3499584197998047
1486,-0.15013504028320312
1487,-2.634439706802368
1488,-1.1983108520507812
1489,-0.25769996643066406
1490,-3.3264429569244385
1491,-1.1792430877685547
1492,-0.25983524322509766
1493,-3.3279149532318115
1494,-1.155299186706543
1495,-0.26094913482666016
1496,-3.3297648429870605
1497,-1.1750125885009766
1498,-0.26665306091308594
1499,-2.367912769317627
1500,-1.1451091766357422
1501,-0.2748870849609375
1502,-2.3682053089141846
1503,-1.1112251281738281
1504,-0.28160953521728516
1505,-2.3698031902313232
1506,-0.8242597579956055
1507,-0.2122945785522461
1508,-5.033056259155273
1509,-0.5470008850097656
1510,-0.24407482147216797
1511,-0.8031058311462402
1512,-1.1566486358642578
1513,-0.034193992614746094
1514,-3.1893868446350098
1515,-1.0905065536499023
1516,-0.007415771484375
1517,-1.9474430084228516
1518,-0.3353900909423828
1519,0.43306732177734375
1520,-7.459214210510254
1521,0.1679973602294922
1522,0.35268402099609375
1523,2.2804083824157715
1524,0.5883703231811523
1525,1.475937843322754
1526,-6.420000076293945
1527,0.6576242446899414
1528,1.3258600234985352
1529,3.3714137077331543
1530,0.08365631103515625
1531,1.8369369506835938
1532,-2.8036186695098877
1533,-0.3959836959838867
1534,1.659743309020996
1535,1.4449520111083984
1536,-0.014924049377441406
1537,1.9413270950317383
1538,-3.103919506072998
1539,-0.556330680847168
1540,1.7178735733032227
1541,1.6963748931884766
1542,-0.08346080780029297
1543,1.8416109085083008
1544,-2.964620590209961
1545,-0.7879829406738281
1546,1.6632490158081055
1547,0.9490115642547607
1548,-0.03658866882324219
1549,1.7959308624267578
1550,-2.6229310035705566
1551,-0.7641792297363281
1552,1.6477537155151367
1553,1.0646719932556152
1554,2.527285575866699
1555,1.9480571746826172
1556,-5.6435699462890625
1557,2.4504709243774414
1558,1.825143814086914
1559,0.7988283634185791
1560,-0.4904041290283203
1561,2.524630546569824
1562,-6.735132694244385
1563,-0.46479225158691406
1564,2.35317325592041
1565,2.2930989265441895
1566,1.100520133972168
1567,3.9238500595092773
1568,-5.79278564453125
1569,0.6202821731567383
1570,3.636794090270996
1571,3.8051276206970215
1572,1.7185430526733398
1573,4.149640083312988
1574,-5.670736789703369
1575,1.128830909729004
1576,3.818789482116699
1577,3.9266419410705566
1578,-0.1760568618774414
1579,4.289126396179199
1580,-6.513577938079834
1581,-0.4962491989135742
1582,4.006665229797363
1583,3.718674659729004
1584,-0.07699203491210938
1585,-0.1865406036376953
1586,1.2185144424438477
1587,0.1412038803100586
1588,-0.3771553039550781
1589,0.6224756240844727
1590,0.1386575698852539
1591,-0.39597129821777344
1592,0.6207797527313232
1593,0.13633155822753906
1594,-0.4093770980834961
1595,0.619617223739624
1596,0.13524627685546875
1597,-0.3603963851928711
1598,1.3874998092651367
1599,0.14105796813964844
1600,-0.3876504898071289
1601,1.386894941329956
1602,0.1517009735107422
1603,-0.4121675491333008
1604,1.3831617832183838
1605,0.2941446304321289
1606,-0.3857917785644531
1607,-1.394132375717163
1608,0.6078214645385742
1609,-0.42722129821777344
1610,2.011293411254883
1611,-0.15980911254882812
1612,-0.1142263412475586
1613,0.5131838321685791
1614,-0.06756782531738281
1615,-0.05779838562011719
1616,1.5064268112182617
1617,0.01825714111328125
1618,0.20896434783935547
1619,-4.503920555114746
1620,0.7286882400512695
1621,0.2312030792236328
1622,3.9550304412841797
1623,0.47382450103759766
1624,1.0317754745483398
1625,-4.760166645050049
1626,0.691411018371582
1627,1.093679428100586
1628,4.409851551055908
1629,-0.1408405303955078
1630,1.6177749633789062
1631,-4.118795871734619
1632,-0.2681703567504883
1633,1.5025243759155273
1634,5.5108466148376465
1635,-0.25173091888427734
1636,1.7163982391357422
1637,-4.610756874084473
1638,-0.3619661331176758
1639,1.5231685638427734
1640,6.147505283355713
1641,-0.2823200225830078
1642,1.6242895126342773
1643,-4.318436145782471
1644,-0.6409244537353516
1645,1.5123090744018555
1646,5.483552932739258
1647,-0.23682594299316406
1648,1.5948457717895508
1649,-3.949216365814209
1650,-0.6529693603515625
1651,1.512125015258789
1652,5.252327919006348
1653,2.4542741775512695
1654,1.7704486846923828
1655,-5.434950351715088
1656,2.432387351989746
1657,1.7322750091552734
1658,0.5873723030090332
1659,-0.46798229217529297
1660,2.4977312088012695
1661,-6.716726303100586
1662,-0.4102897644042969
1663,2.373875617980957
1664,1.5525093078613281
1665,1.0209150314331055
1666,3.915228843688965
1667,-7.454047679901123
1668,0.5418920516967773
1669,3.6857309341430664
1670,0.9052426815032959
1671,1.6535005569458008
1672,4.156739234924316
1673,-7.529531478881836
1674,1.0627031326293945
1675,3.8071584701538086
1676,0.8523581027984619
1677,-0.31197071075439453
1678,4.287581443786621
1679,-8.368961334228516
1680,-0.6166448593139648
1681,4.022673606872559
1682,0.3408079147338867
1683,-0.1208944320678711
1684,-0.6335887908935547
1685,-2.5235755443573
1686,0.042481422424316406
1687,-0.7597360610961914
1688,-3.130194902420044
1689,0.07288074493408203
1690,-0.761500358581543
1691,-3.1313257217407227
1692,0.1231546401977539
1693,-0.7667303085327148
1694,-3.1314029693603516
1695,0.037383079528808594
1696,-0.7445030212402344
1697,-2.14799165725708
1698,0.06322002410888672
1699,-0.7457551956176758
1700,-2.1491165161132812
1701,0.10760879516601562
1702,-0.7530708312988281
1703,-2.149836301803589
1704,0.43910884857177734
1705,-0.6776294708251953
1706,-4.569696426391602
1707,0.4667215347290039
1708,-0.6847362518310547
1709,-0.2334296703338623
1710,0.006359100341796875
1711,-0.5053195953369141
1712,-3.0293021202087402
1713,-0.005557060241699219
1714,-0.48160362243652344
1715,-1.7603166103363037
1716,0.7858686447143555
1717,-0.010205268859863281
1718,-7.408758640289307
1719,0.8187284469604492
1720,0.2009286880493164
1721,2.412868022918701
1722,-0.6044340133666992
1723,0.9398527145385742
1724,-8.75715446472168
1725,-0.41755199432373047
1726,0.874293327331543
1727,3.445788860321045
1728,-2.9530248641967773
1729,1.147871971130371
1730,-6.976847171783447
1731,-2.257862091064453
1732,1.289402961730957
1733,1.7436094284057617
1734,-3.5176382064819336
1735,1.1955041885375977
1736,-6.530977725982666
1737,-2.604015350341797
1738,1.3726263046264648
1739,1.7603588104248047
1740,-3.4959707260131836
1741,1.1291112899780273
1742,-7.640682697296143
1743,-2.758197784423828
1744,1.3933515548706055
1745,0.7681310176849365
1746,-3.300149917602539
1747,1.1192817687988281
1748,-7.1000075340271
1749,-2.664219856262207
1750,1.3329887390136719
1751,1.2315373420715332
1752,2.481940269470215
1753,1.699540138244629
1754,-5.509040832519531
1755,2.413102149963379
1756,1.685811996459961
1757,0.6619932651519775
1758,-0.5885171890258789
1759,2.476954460144043
1760,-6.916484832763672
1761,-0.7616519927978516
1762,2.369561195373535
1763,0.172088623046875
1764,0.8631715774536133
1765,3.9069433212280273
1766,-5.552343368530273
1767,0.40406322479248047
1768,3.702723503112793
1769,1.2135186195373535
1770,1.4583024978637695
1771,4.149172782897949
1772,-5.289600849151611
1773,0.7645845413208008
1774,3.8456621170043945
1775,1.3030924797058105
1776,-0.4304227828979492
1777,4.254168510437012
1778,-5.973837852478027
1779,-0.728297233581543
1780,4.048857688903809
1781,0.5598709583282471
1782,0.18381595611572266
1783,-1.0233592987060547
1784,-4.901368618011475
1785,0.39026546478271484
1786,-1.108220100402832
1787,-5.607834815979004
1788,0.4099607467651367
1789,-1.1085004806518555
1790,-5.608792304992676
1791,0.5064363479614258
1792,-1.126877784729004
1793,-5.610054969787598
1794,0.40346622467041016
1795,-1.1056556701660156
1796,-4.504415512084961
1797,0.5203313827514648
1798,-1.1283178329467773
1799,-4.504201412200928
1800,0.547846794128418
1801,-1.1311454772949219
1802,-4.506211280822754
1803,0.8125829696655273
1804,-1.0685052871704102
1805,-7.193036079406738
1806,0.8604974746704102
1807,-1.0757617950439453
1808,-2.2691516876220703
1809,0.3188657760620117
1810,-0.8762006759643555
1811,-5.412206649780273
1812,0.3061857223510742
1813,-0.9089717864990234
1814,-3.980742931365967
1815,1.1296720504760742
1816,-0.1486377716064453
1817,-9.867648124694824
1818,1.026066780090332
1819,-0.34464073181152344
1820,1.209747314453125
1821,-0.38692665100097656
1822,0.7748308181762695
1823,-11.289169311523438
1824,-0.5569000244140625
1825,-0.042423248291015625
1826,2.6966867446899414
1827,-2.0665483474731445
1828,1.0063495635986328
1829,-10.534412384033203
1830,-2.31491756439209
1831,0.04817962646484375
1832,0.9697277545928955
1833,-2.4197797775268555
1834,1.0371055603027344
1835,-11.804540634155273
1836,-2.657525062561035
1837,-0.03471565246582031
1838,0.9785890579223633
1839,-2.4202442169189453
1840,1.034566879272461
1841,-11.419933319091797
1842,-2.7437095642089844
1843,-0.06363296508789062
1844,-0.07364773750305176
1845,-2.292792320251465
1846,1.0393238067626953
1847,-10.387918472290039
1848,-2.655947685241699
1849,-0.0049610137939453125
1850,0.4502236843109131
1851,2.194718360900879
1852,1.6756792068481445
1853,-5.995665073394775
1854,2.2552804946899414
1855,1.6794013977050781
1856,1.1453263759613037
1857,-0.7943096160888672
1858,2.464737892150879
1859,-6.489051818847656
1860,-0.8216733932495117
1861,2.352412223815918
1862,1.0463945865631104
1863,0.7539701461791992
1864,3.925259590148926
1865,-3.8815979957580566
1866,0.3666067123413086
1867,3.690091133117676
1868,4.989173889160156
1869,1.2799310684204102
1870,4.165884971618652
1871,-3.57190203666687
1872,0.7878580093383789
1873,3.8794145584106445
1874,5.379148006439209
1875,-0.5430164337158203
1876,4.2501115798950195
1877,-4.460355758666992
1878,-0.7380199432373047
1879,4.059721946716309
1880,4.880435943603516
1881,0.7212858200073242
1882,-1.5122299194335938
1883,-2.6516644954681396
1884,0.9938631057739258
1885,-1.5816669464111328
1886,-3.3448333740234375
1887,1.0334463119506836
1888,-1.576578140258789
1889,-3.3438079357147217
1890,1.082585334777832
1891,-1.5748891830444336
1892,-3.3440074920654297
1893,0.9429788589477539
1894,-1.5752973556518555
1895,-2.133333206176758
1896,1.008580207824707
1897,-1.578343391418457
1898,-2.131603479385376
1899,1.0340642929077148
1900,-1.5763111114501953
1901,-2.1325104236602783
1902,1.3923254013061523
1903,-1.4729862213134766
1904,-4.8924560546875
1905,1.3329229354858398
1906,-1.5004901885986328
1907,0.2776188850402832
1908,0.7731313705444336
1909,-1.3586206436157227
1910,-3.1757309436798096
1911,0.7474184036254883
1912,-1.3885116577148438
1913,-1.6450765132904053
1914,1.4791231155395508
1915,-0.8577384948730469
1916,-8.373720169067383
1917,1.2034635543823242
1918,-0.7464494705200195
1919,3.225724697113037
1920,-0.5175838470458984
1921,-1.299677848815918
1922,-10.174736022949219
1923,-0.5334014892578125
1924,-0.7861013412475586
1925,5.815974712371826
1926,-1.6733999252319336
1927,-1.7013921737670898
1928,-7.0126166343688965
1929,-1.7101211547851562
1930,-1.0922422409057617
1931,4.284548282623291
1932,-1.8770294189453125
1933,-1.8666620254516602
1934,-7.819935321807861
1935,-1.8852834701538086
1936,-1.1801557540893555
1937,1.3058297634124756
1938,-1.7111883163452148
1939,-1.8229570388793945
1940,-7.619482517242432
1941,-1.8602828979492188
1942,-1.239858627319336
1943,1.6666016578674316
1944,-1.6561946868896484
1945,-1.7411022186279297
1946,-6.894842624664307
1947,-1.8336668014526367
1948,-1.2134532928466797
1949,3.796072483062744
1950,1.8188810348510742
1951,1.3027801513671875
1952,-5.994379043579102
1953,1.6528196334838867
1954,1.2939214706420898
1955,1.1426384449005127
1956,-0.8525810241699219
1957,2.4146738052368164
1958,-6.874629974365234
1959,-0.7776613235473633
1960,2.3507070541381836
1961,0.9958963394165039
1962,0.6306657791137695
1963,3.9170122146606445
1964,-6.658263683319092
1965,0.2876405715942383
1966,3.702397346496582
1967,3.0796327590942383
1968,1.2458734512329102
1969,4.158329963684082
1970,-6.577281951904297
1971,0.6429948806762695
1972,3.919499397277832
1973,3.2412772178649902
1974,-0.631068229675293
1975,4.246767997741699
1976,-7.840996742248535
1977,-0.7832355499267578
1978,4.082371711730957
1979,1.940694808959961
1980,0.9945287704467773
1981,-1.9573345184326172
1982,-2.562777280807495
1983,1.2735090255737305
1984,-2.058953285217285
1985,-3.2220025062561035
1986,1.313767433166504
1987,-2.0134716033935547
1988,-3.221442699432373
1989,1.3615350723266602
1990,-2.011420249938965
1991,-3.2222182750701904
1992,1.2344236373901367
1993,-2.0618743896484375
1994,-2.1136183738708496
1995,1.2646169662475586
1996,-2.061431884765625
1997,-2.111727714538574
1998,1.287348747253418
1999,-2.064077377319336
2000,-2.112600088119507
2001,1.8288850784301758
2002,-1.9196300506591797
2003,-4.833756446838379
2004,1.6228322982788086
2005,-1.9651079177856445
2006,0.1921405792236328
2007,1.113541603088379
2008,-1.8321762084960938
2009,-3.083083152770996
2010,1.0710668563842773
2011,-1.836446762084961
2012,-1.6403743028640747
2013,1.9534521102905273
2014,-1.3557729721069336
2015,-6.92083215713501
2016,1.3232851028442383
2017,-1.240250587463379
2018,2.7137017250061035
2019,1.019974708557129
2020,-2.161248207092285
2021,-7.53658390045166
2022,0.33720874786376953
2023,-1.7286920547485352
2024,5.708352565765381
2025,2.3054113388061523
2026,-2.1545848846435547
2027,-2.969268798828125
2028,1.8980226516723633
2029,-1.9692182540893555
2030,7.323777675628662
2031,2.5637636184692383
2032,-2.1376752853393555
2033,-3.1730384826660156
2034,2.3229684829711914
2035,-2.0860862731933594
2036,6.866549015045166
2037,2.6929731369018555
2038,-2.073362350463867
2039,-3.316331386566162
2040,2.3949155807495117
2041,-2.0194759368896484
2042,7.283182621002197
2043,2.5391855239868164
2044,-2.069974899291992
2045,-2.956145763397217
2046,2.340498924255371
2047,-2.0310325622558594
2048,7.260598659515381
2049,1.3470735549926758
2050,0.8538751602172852
2051,-5.914350986480713
2052,1.028702735900879
2053,0.8805627822875977
2054,1.059154748916626
2055,-0.8072242736816406
2056,2.228154182434082
2057,-6.717444896697998
2058,-0.8598861694335938
2059,2.1905431747436523
2060,-0.8497565984725952
2061,0.5567350387573242
2062,3.8766775131225586
2063,-6.5139241218566895
2064,0.05161285400390625
2065,3.695357322692871
2066,0.15835237503051758
2067,1.1417913436889648
2068,4.118075370788574
2069,-6.430541515350342
2070,0.46671390533447266
2071,3.9211339950561523
2072,0.18032360076904297
2073,-0.6838092803955078
2074,4.266938209533691
2075,-7.991392135620117
2076,-1.041792869567871
2077,4.1197099685668945
2078,-1.372269630432129
2079,1.5407476425170898
2080,-2.1339330673217773
2081,-0.16707682609558105
2082,1.8246870040893555
2083,-2.1764259338378906
2084,-0.7592834234237671
2085,1.8525915145874023
2086,-2.1662797927856445
2087,-0.7622090578079224
2088,1.8710260391235352
2089,-2.158450126647949
2090,-0.7622427940368652
2091,1.844010353088379
2092,-2.220211982727051
2093,0.39024829864501953
2094,2.018843650817871
2095,-2.159029960632324
2096,0.3918612003326416
2097,2.0500192642211914
2098,-2.152968406677246
2099,0.3892345428466797
2100,2.298018455505371
2101,-1.9411077499389648
2102,-2.620225191116333
2103,2.295832633972168
2104,-1.995192527770996
2105,2.547708034515381
2106,1.5787267684936523
2107,-1.9915122985839844
2108,-0.8046839237213135
2109,1.555802345275879
2110,-1.988062858581543
2111,0.6856601238250732
2112,1.8954038619995117
2113,-1.3189353942871094
2114,-6.233485221862793
2115,1.5887842178344727
2116,-1.2627067565917969
2117,5.084846496582031
2118,0.8734769821166992
2119,-0.7962503433227539
2120,-8.063726425170898
2121,0.6718111038208008
2122,-0.5936222076416016
2123,6.193758487701416
2124,0.5705728530883789
2125,-0.3527822494506836
2126,-8.830357551574707
2127,0.5243425369262695
2128,0.2364969253540039
2129,4.956326484680176
2130,0.5132970809936523
2131,0.09859848022460938
2132,-9.897600173950195
2133,-0.2826709747314453
2134,0.5116367340087891
2135,4.945253372192383
2136,0.3181028366088867
2137,0.11076068878173828
2138,-9.728517532348633
2139,-0.2054281234741211
2140,0.6019182205200195
2141,3.9425625801086426
2142,0.3065919876098633
2143,0.02205371856689453
2144,-8.747119903564453
2145,0.14546871185302734
2146,0.5886125564575195
2147,4.4356913566589355
2148,0.4725522994995117
2149,0.6124277114868164
2150,-6.11504602432251
2151,0.46175479888916016
2152,0.6305770874023438
2153,1.2595467567443848
2154,-0.7728443145751953
2155,1.9551849365234375
2156,-8.644054412841797
2157,-0.7902555465698242
2158,1.8053979873657227
2159,-1.0443943738937378
2160,0.14118289947509766
2161,3.660902976989746
2162,-10.484319686889648
2163,-0.10310935974121094
2164,3.466214179992676
2165,-1.8330477476119995
2166,0.6678037643432617
2167,3.8022050857543945
2168,-10.740346908569336
2169,0.2560405731201172
2170,3.6851701736450195
2171,-2.0409553050994873
2172,-0.6459541320800781
2173,4.242152214050293
2174,-13.020183563232422
2175,-0.9966526031494141
2176,4.065814018249512
2177,-3.836618423461914
2178,2.1314878463745117
2179,-2.15158748626709
2180,-0.9838176965713501
2181,2.3539342880249023
2182,-2.2345285415649414
2183,-1.5726122856140137
2184,2.4124555587768555
2185,-2.1464672088623047
2186,-1.5750688314437866
2187,2.426243782043457
2188,-2.1385908126831055
2189,-1.5762280225753784
2190,2.338803291320801
2191,-2.243300437927246
2192,0.11210250854492188
2193,2.3525266647338867
2194,-2.2333364486694336
2195,0.11209845542907715
2196,2.347964286804199
2197,-2.2303810119628906
2198,0.09885740280151367
2199,2.509951591491699
2200,-2.0787858963012695
2201,-0.8714982271194458
2202,2.298966407775879
2203,-2.096869468688965
2204,1.566573143005371
2205,2.0445356369018555
2206,-2.0463008880615234
2207,-1.4234485626220703
2208,1.9107370376586914
2209,-2.073735237121582
2210,0.21883416175842285
2211,2.222683906555176
2212,-1.740645408630371
2213,-3.2393712997436523
2214,1.321080207824707
2215,-1.4801158905029297
2216,4.333171844482422
2217,3.056382179260254
2218,-2.111612319946289
2219,-9.106134414672852
2220,0.5803651809692383
2221,-0.6897315979003906
2222,7.4666924476623535
2223,3.6939592361450195
2224,-2.702129364013672
2225,-14.097126007080078
2226,0.38654422760009766
2227,0.07938957214355469
2228,9.230035781860352
2229,4.034670829772949
2230,-2.846057891845703
2231,-15.242467880249023
2232,-0.38527774810791016
2233,0.3895092010498047
2234,9.996326446533203
2235,3.88107967376709
2236,-2.825868606567383
2237,-14.621082305908203
2238,-0.30794811248779297
2239,0.46404361724853516
2240,9.067222595214844
2241,3.6835527420043945
2242,-2.757758140563965
2243,-14.015298843383789
2244,0.09849071502685547
2245,0.34755706787109375
2246,8.915197372436523
2247,0.4067354202270508
2248,0.008518218994140625
2249,-4.6745100021362305
2250,-0.18286418914794922
2251,0.0784616470336914
2252,-0.17817068099975586
2253,-0.9407320022583008
2254,1.2552099227905273
2255,-8.084831237792969
2256,-1.1366777420043945
2257,1.1876258850097656
2258,-5.79700231552124
2259,-0.3061056137084961
2260,2.968144416809082
2261,-8.596185684204102
2262,-0.3043193817138672
2263,2.8544607162475586
2264,-6.456695079803467
2265,-0.02783203125
2266,3.0300397872924805
2267,-8.761354446411133
2268,0.0797119140625
2269,3.048445701599121
2270,-6.6383161544799805
2271,-0.6214189529418945
2272,3.6228456497192383
2273,-10.098272323608398
2274,-0.7278099060058594
2275,3.36997127532959
2276,-9.15097427368164
2277,2.603531837463379
2278,-2.5284194946289062
2279,2.4977850914001465
2280,2.9689626693725586
2281,-2.5141525268554688
2282,2.3629350662231445
2283,3.0183401107788086
2284,-2.553194999694824
2285,2.3601112365722656
2286,3.2063169479370117
2287,-2.5284500122070312
2288,2.3567752838134766
2289,2.83933162689209
2290,-2.5114946365356445
2291,3.078583240509033
2292,2.803948402404785
2293,-2.5056495666503906
2294,3.079106330871582
2295,2.7682905197143555
2296,-2.5001420974731445
2297,3.078245162963867
2298,3.2420835494995117
2299,-2.385228157043457
2300,2.298577308654785
2301,3.000800132751465
2302,-2.416680335998535
2303,5.296519756317139
2304,2.5876283645629883
2305,-2.381122589111328
2306,2.4754443168640137
2307,2.5460309982299805
2308,-2.395456314086914
2309,3.379425048828125
2310,3.181920051574707
2311,-2.2957887649536133
2312,-1.1803451776504517
2313,1.490483283996582
2314,-1.8506221771240234
2315,7.095886707305908
2316,4.803071022033691
2317,-2.77255916595459
2318,-8.371027946472168
2319,0.7986059188842773
2320,-0.9663906097412109
2321,12.002582550048828
2322,6.06185245513916
2323,-3.334141731262207
2324,-13.817560195922852
2325,0.20940399169921875
2326,-0.26715660095214844
2327,17.12198257446289
2328,6.803801536560059
2329,-3.37619686126709
2330,-15.14393424987793
2331,-0.14462757110595703
2332,-0.01782989501953125
2333,18.52192497253418
2334,6.645968437194824
2335,-3.3901519775390625
2336,-14.560186386108398
2337,-0.1892080307006836
2338,-0.012194633483886719
2339,17.789508819580078
2340,6.335707664489746
2341,-3.3384151458740234
2342,-13.80095100402832
2343,0.01620960235595703
2344,-0.11892986297607422
2345,16.976516723632812
2346,0.8647470474243164
2347,-0.613189697265625
2348,-4.927692890167236
2349,0.17407703399658203
2350,-0.48424530029296875
2351,0.0770409107208252
2352,-1.182612419128418
2353,0.6366052627563477
2354,-7.878839015960693
2355,-1.6011018753051758
2356,0.3374032974243164
2357,-2.5914742946624756
2358,-0.714447021484375
2359,2.239089012145996
2360,-7.900182247161865
2361,-1.1268491744995117
2362,1.4258794784545898
2363,2.5582189559936523
2364,-0.36239147186279297
2365,2.383896827697754
2366,-8.024809837341309
2367,-0.8251714706420898
2368,1.5694704055786133
2369,2.862460136413574
2370,-0.9011716842651367
2371,2.8532228469848633
2372,-9.747572898864746
2373,-1.620255470275879
2374,1.7809381484985352
2375,0.7425050735473633
2376,3.162032127380371
2377,-2.773815155029297
2378,-3.9611713886260986
2379,3.676487922668457
2380,-2.7918567657470703
2381,-4.114468574523926
2382,3.7089719772338867
2383,-2.7904586791992188
2384,-4.1154680252075195
2385,3.7455663681030273
2386,-2.7888479232788086
2387,-4.118810653686523
2388,3.4330968856811523
2389,-2.827641487121582
2390,-3.412869930267334
2391,3.411299705505371
2392,-2.839552879333496
2393,-3.4134411811828613
2394,3.3891782760620117
2395,-2.8510522842407227
2396,-3.413604497909546
2397,3.935490608215332
2398,-2.700315475463867
2399,-3.1967105865478516
2400,3.4344053268432617
2401,-2.7973766326904297
2402,-0.2767348289489746
2403,3.280238151550293
2404,-2.7243852615356445
2405,-3.605958938598633
2406,3.2277040481567383
2407,-2.7165298461914062
2408,-2.7233643531799316
2409,3.4970579147338867
2410,-2.398043632507324
2411,-5.171380996704102
2412,2.041508674621582
2413,-2.3806114196777344
2414,3.9193453788757324
2415,5.341971397399902
2416,-2.889798164367676
2417,-12.360734939575195
2418,1.1846628189086914
2419,-1.6310768127441406
2420,11.377212524414062
2421,7.507658958435059
2422,-3.3634023666381836
2423,-17.912294387817383
2424,0.47102832794189453
2425,-1.2715091705322266
2426,18.963848114013672
2427,8.099162101745605
2428,-3.438693046569824
2429,-19.18550682067871
2430,0.23167705535888672
2431,-1.1574993133544922
2432,20.837430953979492
2433,7.894366264343262
2434,-3.423253059387207
2435,-18.88515853881836
2436,0.1504831314086914
2437,-1.150895118713379
2438,20.11102294921875
2439,7.701020240783691
2440,-3.423084259033203
2441,-18.030277252197266
2442,0.2848348617553711
2443,-1.207754135131836
2444,18.90369987487793
2445,0.5094022750854492
2446,-0.8362331390380859
2447,-4.967568874359131
2448,-0.13804054260253906
2449,-0.942835807800293
2450,0.12385702133178711
2451,-2.2219724655151367
2452,0.2605457305908203
2453,-7.766086101531982
2454,-2.2459049224853516
2455,0.047210693359375
2456,-0.5531953573226929
2457,-1.1427536010742188
2458,1.640350341796875
2459,-5.358065605163574
2460,-1.5690155029296875
2461,1.3375110626220703
2462,4.292213439941406
2463,-0.7837276458740234
2464,1.7402544021606445
2465,-5.016810417175293
2466,-1.169947624206543
2467,1.4460439682006836
2468,4.629989147186279
2469,-1.3170957565307617
2470,2.34287166595459
2471,-7.226643085479736
2472,-2.619447708129883
2473,1.5931243896484375
2474,2.703254222869873
2475,4.1804609298706055
2476,-3.0079498291015625
2477,-3.676333427429199
2478,4.513169288635254
2479,-2.9656763076782227
2480,-4.244759559631348
2481,4.527365684509277
2482,-2.959474563598633
2483,-4.247085094451904
2484,4.540511131286621
2485,-2.957789421081543
2486,-4.249550819396973
2487,4.5123701095581055
2488,-2.9721975326538086
2489,-3.287877321243286
2490,4.528445243835449
2491,-2.9702682495117188
2492,-3.2879817485809326
2493,4.543242454528809
2494,-2.973508834838867
2495,-3.289742946624756
2496,4.585112571716309
2497,-2.8164663314819336
2498,-5.665768623352051
2499,4.589940071105957
2500,-2.836416244506836
2501,-1.3406883478164673
2502,4.088885307312012
2503,-2.9077234268188477
2504,-4.069239616394043
2505,4.085007667541504
2506,-2.9068546295166016
2507,-2.8366992473602295
2508,3.869309425354004
2509,-2.4918527603149414
2510,-8.041860580444336
2511,3.304165840148926
2512,-2.4932403564453125
2513,1.2867319583892822
2514,5.687726020812988
2515,-3.0769224166870117
2516,-12.413614273071289
2517,4.603920936584473
2518,-2.4345130920410156
2519,6.925217151641846
2520,7.851675987243652
2521,-3.4827022552490234
2522,-14.735282897949219
2523,6.060908317565918
2524,-2.683155059814453
2525,13.034006118774414
2526,8.404129981994629
2527,-3.510493278503418
2528,-15.815048217773438
2529,6.425814628601074
2530,-2.6834726333618164
2531,12.842971801757812
2532,8.509629249572754
2533,-3.4755640029907227
2534,-15.655618667602539
2535,6.409100532531738
2536,-2.7373151779174805
2537,14.294034957885742
2538,8.315106391906738
2539,-3.4535579681396484
2540,-14.761392593383789
2541,6.314206123352051
2542,-2.7605438232421875
2543,13.683401107788086
2544,0.43779468536376953
2545,-1.042506217956543
2546,-5.609601020812988
2547,0.15153217315673828
2548,-1.162118911743164
2549,0.763420820236206
2550,-2.7660322189331055
2551,-0.3859415054321289
2552,-7.291322708129883
2553,-2.4439620971679688
2554,-0.38382625579833984
2555,0.059203386306762695
2556,-1.6828365325927734
2557,1.1159343719482422
2558,-5.541886329650879
2559,-1.841705322265625
2560,1.0105934143066406
2561,3.2447242736816406
2562,-1.1757144927978516
2563,1.246307373046875
2564,-5.303709030151367
2565,-1.1570253372192383
2566,1.1972122192382812
2567,3.457817554473877
2568,-2.5043764114379883
2569,1.665116310119629
2570,-6.76904296875
2571,-2.7162580490112305
2572,1.5433568954467773
2573,2.2555437088012695
2574,4.3883562088012695
2575,-3.007711410522461
2576,-3.3381588459014893
2577,4.803236961364746
2578,-2.992373466491699
2579,-4.111019611358643
2580,4.8461809158325195
2581,-2.9809112548828125
2582,-4.103396415710449
2583,4.890912055969238
2584,-2.9711437225341797
2585,-4.105033874511719
2586,4.77828311920166
2587,-2.9984302520751953
2588,-2.63835072517395
2589,4.7990617752075195
2590,-2.991116523742676
2591,-2.6379637718200684
2592,4.823174476623535
2593,-2.9852867126464844
2594,-2.639155626296997
2595,5.014575004577637
2596,-2.8173704147338867
2597,-4.42017936706543
2598,4.911103248596191
2599,-2.819645881652832
2600,-0.7500673532485962
2601,4.351321220397949
2602,-2.903940200805664
2603,-3.556825876235962
2604,4.305939674377441
2605,-2.9095077514648438
2606,-2.565788745880127
2607,4.325308799743652
2608,-2.4674034118652344
2609,-6.99750280380249
2610,3.819972038269043
2611,-2.387558937072754
2612,2.389500617980957
2613,5.964142799377441
2614,-3.2291698455810547
2615,-10.83597183227539
2616,5.248919486999512
2617,-2.9751882553100586
2618,5.495680332183838
2619,8.166590690612793
2620,-3.6874847412109375
2621,-12.585559844970703
2622,7.060769081115723
2623,-3.174197196960449
2624,4.536125183105469
2625,8.68089771270752
2626,-3.757340431213379
2627,-14.156721115112305
2628,7.5013322830200195
2629,-3.1899538040161133
2630,4.134767532348633
2631,8.82482624053955
2632,-3.699343681335449
2633,-12.9874267578125
2634,7.618664741516113
2635,-3.1838455200195312
2636,3.8634839057922363
2637,8.53139591217041
2638,-3.66738224029541
2639,-12.236932754516602
2640,7.513775825500488
2641,-3.1946401596069336
2642,4.233875751495361
2643,0.34920787811279297
2644,-1.0613269805908203
2645,-5.97841739654541
2646,0.11379718780517578
2647,-1.1138782501220703
2648,1.1274333000183105
2649,-3.266630172729492
2650,-1.057356834411621
2651,-7.388568878173828
2652,-3.0942182540893555
2653,-1.094900131225586
2654,-0.3100852966308594
2655,-2.235595703125
2656,0.7876873016357422
2657,-5.991036415100098
2658,-2.4123945236206055
2659,0.5883636474609375
2660,2.3687171936035156
2661,-1.7524909973144531
2662,0.9267692565917969
2663,-5.817635536193848
2664,-1.813180923461914
2665,0.7451972961425781
2666,2.5352835655212402
2667,-3.244814872741699
2668,1.4249677658081055
2669,-6.9073615074157715
2670,-3.2725982666015625
2671,1.2270593643188477
2672,1.7232847213745117
2673,4.358908653259277
2674,-2.903628349304199
2675,-0.6798279285430908
2676,4.658871650695801
2677,-2.8495521545410156
2678,-1.1587414741516113
2679,4.689053535461426
2680,-2.83988094329834
2681,-1.1572345495224
2682,4.714566230773926
2683,-2.8339061737060547
2684,-1.1601102352142334
2685,4.6393938064575195
2686,-2.8458385467529297
2687,-0.1259138584136963
2688,4.6555070877075195
2689,-2.832942008972168
2690,-0.12608838081359863
2691,4.6649370193481445
2692,-2.823746681213379
2693,-0.12763333320617676
2694,4.802365303039551
2695,-2.651249885559082
2696,-2.53114652633667
2697,4.687760353088379
2698,-2.642758369445801
2699,1.6980934143066406
2700,4.203524589538574
2701,-2.814763069152832
2702,-1.1783487796783447
2703,4.175795555114746
2704,-2.811962127685547
2705,0.030799388885498047
2706,4.299567222595215
2707,-2.46673583984375
2708,-5.108242988586426
2709,3.7074766159057617
2710,-2.3332128524780273
2711,3.514840602874756
2712,5.583565711975098
2713,-3.2637996673583984
2714,-8.058308601379395
2715,4.716315269470215
2716,-3.017416000366211
2717,5.737873554229736
2718,7.503268241882324
2719,-3.7801332473754883
2720,-6.928750514984131
2721,6.4046525955200195
2722,-3.4442434310913086
2723,3.6010184288024902
2724,7.953721046447754
2725,-3.8968963623046875
2726,-7.645653247833252
2727,6.8751115798950195
2728,-3.4608564376831055
2729,3.479259967803955
2730,8.045733451843262
2731,-3.8361215591430664
2732,-6.863325595855713
2733,7.018668174743652
2734,-3.4693517684936523
2735,3.015378475189209
2736,7.809882164001465
2737,-3.7786693572998047
2738,-6.587793827056885
2739,6.8908281326293945
2740,-3.48983097076416
2741,3.261564254760742
2742,0.17800045013427734
2743,-1.1727066040039062
2744,-5.954932689666748
2745,-0.1279144287109375
2746,-1.1149215698242188
2747,1.1054117679595947
2748,-2.9182300567626953
2749,-2.091144561767578
2750,-6.662901401519775
2751,-2.8819828033447266
2752,-1.7790098190307617
2753,0.570930004119873
2754,-3.1345767974853516
2755,-0.3011608123779297
2756,-5.871799468994141
2757,-3.379323959350586
2758,-0.25565433502197266
2759,2.0795483589172363
2760,-2.5065431594848633
2761,0.03733634948730469
2762,-5.661501407623291
2763,-2.933320999145508
2764,-0.009256362915039062
2765,2.074059009552002
2766,-4.50949764251709
2767,0.33515262603759766
2768,-5.062339782714844
2769,-4.507926940917969
2770,0.19472026824951172
2771,1.47943115234375
2772,5.302519798278809
2773,-2.6568098068237305
2774,-0.9017270803451538
2775,5.6001691818237305
2776,-2.5950937271118164
2777,-1.3480427265167236
2778,5.553509712219238
2779,-2.5785045623779297
2780,-1.3477635383605957
2781,5.565770149230957
2782,-2.5709638595581055
2783,-1.3503987789154053
2784,5.570723533630371
2785,-2.600558280944824
2786,-0.3255457878112793
2787,5.490324974060059
2788,-2.5847854614257812
2789,-0.3254373073577881
2790,5.475186347961426
2791,-2.5776901245117188
2792,-0.3278036117553711
2793,5.393628120422363
2794,-2.424947738647461
2795,-2.7772457599639893
2796,5.268183708190918
2797,-2.4394779205322266
2798,1.2574617862701416
2799,5.081925392150879
2800,-2.5919694900512695
2801,-1.264825463294983
2802,5.041468620300293
2803,-2.600442886352539
2804,-0.017389297485351562
2805,4.520951271057129
2806,-2.2318220138549805
2807,-5.2574968338012695
2808,3.610598564147949
2809,-2.3164291381835938
2810,3.22971773147583
2811,5.103394508361816
2812,-3.146857261657715
2813,-8.115785598754883
2814,4.169938087463379
2815,-3.1417856216430664
2816,4.796138286590576
2817,6.6791181564331055
2818,-3.803433418273926
2819,-7.632862567901611
2820,5.324698448181152
2821,-3.7085771560668945
2822,2.9272236824035645
2823,7.041745185852051
2824,-3.925723075866699
2825,-8.479020118713379
2826,5.720993995666504
2827,-3.731661796569824
2828,3.146026134490967
2829,7.143834114074707
2830,-3.894886016845703
2831,-7.747823715209961
2832,5.843768119812012
2833,-3.770780563354492
2834,2.4856581687927246
2835,6.92427921295166
2836,-3.8310251235961914
2837,-7.356704235076904
2838,5.713395118713379
2839,-3.785402297973633
2840,2.5616583824157715
2841,0.34061717987060547
2842,-1.0806341171264648
2843,-5.764070510864258
2844,-0.23141193389892578
2845,-1.1788997650146484
2846,0.9145040512084961
2847,-2.1900463104248047
2848,-2.4280624389648438
2849,-6.244965553283691
2850,-2.5535402297973633
2851,-2.3402938842773438
2852,1.2283589839935303
2853,-3.866586685180664
2854,-1.1325187683105469
2855,-4.095152378082275
2856,-4.170445442199707
2857,-1.4232854843139648
2858,3.2734217643737793
2859,-3.7168350219726562
2860,-0.8164281845092773
2861,-3.756373405456543
2862,-4.174144744873047
2863,-1.2323389053344727
2864,3.4683690071105957
2865,-5.380724906921387
2866,-1.046539306640625
2867,-3.059983730316162
2868,-5.232538223266602
2869,-1.4041337966918945
2870,3.6254334449768066
2871,5.201285362243652
2872,-2.4790878295898438
2873,2.669215679168701
2874,5.434632301330566
2875,-2.305004119873047
2876,2.352304458618164
2877,5.442282676696777
2878,-2.280301094055176
2879,2.353480815887451
2880,5.453768730163574
2881,-2.2560062408447266
2882,2.3542447090148926
2883,5.391629219055176
2884,-2.3413429260253906
2885,3.2090559005737305
2886,5.36867618560791
2887,-2.3443355560302734
2888,3.208367347717285
2889,5.353384971618652
2890,-2.3464136123657227
2891,3.208784580230713
2892,5.322981834411621
2893,-2.1063270568847656
2894,1.013026237487793
2895,5.1974287033081055
2896,-2.235508918762207
2897,4.81025505065918
2898,4.944802284240723
2899,-2.4746170043945312
2900,2.1334309577941895
2901,4.906720161437988
2902,-2.568147659301758
2903,3.2348361015319824
2904,4.574923515319824
2905,-2.076263427734375
2906,-2.1868386268615723
2907,3.496403694152832
2908,-2.2095909118652344
2909,6.391899585723877
2910,4.6400861740112305
2911,-3.0589799880981445
2912,-2.695013999938965
2913,3.4934167861938477
2914,-2.7716140747070312
2915,8.26162338256836
2916,6.005709648132324
2917,-3.792827606201172
2918,0.897615909576416
2919,4.166695594787598
2920,-3.485431671142578
2921,7.925968647003174
2922,6.514847755432129
2923,-3.9666290283203125
2924,1.004528522491455
2925,4.546490669250488
2926,-3.584613800048828
2927,8.443212509155273
2928,6.422247886657715
2929,-3.915280342102051
2930,1.2943451404571533
2931,5.2676591873168945
2932,-3.6464529037475586
2933,8.060232162475586
2934,6.234261512756348
2935,-3.8492507934570312
2936,1.1803932189941406
2937,5.005295753479004
2938,-3.6285839080810547
2939,7.762051105499268
2940,0.2940988540649414
2941,-1.1969680786132812
2942,-5.470989227294922
2943,-0.3225679397583008
2944,-1.0946083068847656
2945,0.6109919548034668
2946,-0.9244327545166016
2947,-2.783010482788086
2948,-5.382363319396973
2949,-2.3274784088134766
2950,-2.34588623046875
2951,0.8251197338104248
2952,-3.2538881301879883
2953,-1.6379108428955078
2954,-6.941270351409912
2955,-4.311514854431152
2956,-2.042041778564453
2957,-2.5315284729003906
2958,-3.378284454345703
2959,-1.2979297637939453
2960,-7.064642429351807
2961,-4.628559112548828
2962,-1.8697805404663086
2963,-2.888883590698242
2964,-4.550100326538086
2965,-1.8449792861938477
2966,-6.299106597900391
2967,-4.971807479858398
2968,-2.5588769912719727
2969,-3.0224437713623047
2970,5.62772274017334
2971,-2.049313545227051
2972,-2.9384305477142334
2973,5.755356788635254
2974,-1.8813600540161133
2975,-3.477592945098877
2976,5.732020378112793
2977,-1.865610122680664
2978,-3.4773178100585938
2979,5.711548805236816
2980,-1.8495416641235352
2981,-3.4769058227539062
2982,5.74312686920166
2983,-1.8808259963989258
2984,-2.6465392112731934
2985,5.712712287902832
2986,-1.8674564361572266
2987,-2.6464927196502686
2988,5.6887922286987305
2989,-1.855010986328125
2990,-2.64451003074646
2991,5.296822547912598
2992,-1.7433900833129883
2993,-4.805861949920654
2994,5.2726850509643555
2995,-1.7758493423461914
2996,-1.0455918312072754
2997,5.2797136306762695
2998,-2.0974483489990234
2999,-3.324232339859009
3000,5.268023490905762
3001,-2.1064529418945312
3002,-2.2393524646759033
3003,4.151646614074707
3004,-2.017807960510254
3005,-6.940663814544678
3006,3.7133283615112305
3007,-2.1481971740722656
3008,1.837629795074463
3009,2.704434394836426
3010,-2.7983646392822266
3011,-5.124284267425537
3012,3.353457450866699
3013,-2.660055160522461
3014,3.2283201217651367
3015,2.4477968215942383
3016,-3.520200729370117
3017,-4.789078712463379
3018,3.4572267532348633
3019,-3.507929801940918
3020,2.054807186126709
3021,2.4710683822631836
3022,-3.68819522857666
3023,-5.141207695007324
3024,3.914381980895996
3025,-3.6204729080200195
3026,2.4615321159362793
3027,2.7174901962280273
3028,-3.6234302520751953
3029,-4.820895195007324
3030,4.339022636413574
3031,-3.71856689453125
3032,1.373986005783081
3033,2.6997270584106445
3034,-3.5617685317993164
3035,-4.593777656555176
3036,3.973221778869629
3037,-3.706204414367676
3038,1.571486473083496
3039,-0.18874645233154297
3040,-1.2280206680297852
3041,-5.253960609436035
3042,-0.2719430923461914
3043,-1.244542121887207
3044,0.40484142303466797
3045,0.1404266357421875
3046,-2.7542190551757812
3047,-4.205368995666504
3048,0.749302864074707
3049,-2.304499626159668
3050,3.1914358139038086
3051,-0.06145954132080078
3052,-2.7371177673339844
3053,0.16455698013305664
3054,0.3647947311401367
3055,-2.6400575637817383
3056,5.935640811920166
3057,-0.29370689392089844
3058,-2.6762313842773438
3059,0.642707109451294
3060,0.13827037811279297
3061,-2.6661691665649414
3062,6.256991863250732
3063,0.8235502243041992
3064,-2.9859838485717773
3065,0.5790181159973145
3066,1.021510124206543
3067,-2.8917312622070312
3068,6.125870227813721
3069,5.9387006759643555
3070,-1.4637670516967773
3071,-0.16081619262695312
3072,5.9019880294799805
3073,-1.3001861572265625
3074,-0.6023222208023071
3075,5.859576225280762
3076,-1.2826452255249023
3077,-0.6041051149368286
3078,5.820830345153809
3079,-1.2664451599121094
3080,-0.6043258905410767
3081,5.892632484436035
3082,-1.309708595275879
3083,0.3214116096496582
3084,5.845004081726074
3085,-1.3009166717529297
3086,0.3200256824493408
3087,5.801966667175293
3088,-1.2935428619384766
3089,0.32083797454833984
3090,5.326811790466309
3091,-1.2063846588134766
3092,-1.8954397439956665
3093,5.334547996520996
3094,-1.220993995666504
3095,2.300818920135498
3096,5.594332695007324
3097,-1.5280170440673828
3098,-0.6507093906402588
3099,5.582827568054199
3100,-1.538386344909668
3101,0.5737218856811523
3102,4.187312126159668
3103,-1.479842185974121
3104,-5.1942009925842285
3105,3.588627815246582
3106,-1.662795066833496
3107,4.959141254425049
3108,2.972794532775879
3109,-2.3627328872680664
3110,-6.009817123413086
3111,3.00374698638916
3112,-2.497035026550293
3113,6.155799388885498
3114,2.887078285217285
3115,-3.4263744354248047
3116,-5.6467742919921875
3117,2.84206485748291
3118,-3.4389076232910156
3119,3.5271553993225098
3120,2.6493520736694336
3121,-3.649433135986328
3122,-6.428989887237549
3123,3.0396833419799805
3124,-3.535388946533203
3125,4.6844940185546875
3126,2.860997200012207
3127,-3.6357173919677734
3128,-5.8087158203125
3129,3.27756404876709
3130,-3.62042236328125
3131,2.2550787925720215
3132,2.8322267532348633
3133,-3.564805030822754
3134,-5.365412712097168
3135,3.0994749069213867
3136,-3.6177148818969727
3137,1.9366998672485352
3138,-0.2764015197753906
3139,-1.1136789321899414
3140,-5.449655532836914
3141,-0.25833797454833984
3142,-1.2927770614624023
3143,0.6029760837554932
3144,1.5823888778686523
3145,-2.839859962463379
3146,-6.52119255065918
3147,1.3891668319702148
3148,-2.972527503967285
3149,1.187774658203125
3150,-0.4270591735839844
3151,-3.6774778366088867
3152,-5.545344352722168
3153,-0.7354726791381836
3154,-3.639436721801758
3155,1.267075777053833
3156,-2.0934886932373047
3157,-3.6684694290161133
3158,-5.508997917175293
3159,-1.5410642623901367
3160,-3.583521842956543
3161,1.1771066188812256
3162,-0.6507425308227539
3163,-4.357326507568359
3164,-6.942768096923828
3165,-0.8634700775146484
3166,-4.287778854370117
3167,-0.05918526649475098
3168,5.664111137390137
3169,-0.9692907333374023
3170,-1.711338996887207
3171,5.382840156555176
3172,-0.8229579925537109
3173,-1.9623409509658813
3174,5.346325874328613
3175,-0.8129119873046875
3176,-1.9635756015777588
3177,5.314120292663574
3178,-0.8030300140380859
3179,-1.9627758264541626
3180,5.394112586975098
3181,-0.8320779800415039
3182,-1.4149057865142822
3183,5.366049766540527
3184,-0.8337545394897461
3185,-1.417646884918213
3186,5.338959693908691
3187,-0.8342933654785156
3188,-1.4191194772720337
3189,4.971562385559082
3190,-0.8201618194580078
3191,-2.6135756969451904
3192,4.9629011154174805
3193,-0.8512411117553711
3194,-0.1508805751800537
3195,5.381300926208496
3196,-1.0617485046386719
3197,-1.9688324928283691
3198,5.372668266296387
3199,-1.0808687210083008
3200,-1.253279685974121
3201,4.016278266906738
3202,-1.2333784103393555
3203,-5.41557502746582
3204,3.436190605163574
3205,-1.4679536819458008
3206,2.112081527709961
3207,2.396481513977051
3208,-1.9968328475952148
3209,-5.706310272216797
3210,2.2577085494995117
3211,-2.4126882553100586
3212,2.572664737701416
3213,1.9315156936645508
3214,-2.854381561279297
3215,-4.218569755554199
3216,1.9127111434936523
3217,-3.0762252807617188
3218,1.907501220703125
3219,1.7709379196166992
3220,-3.068971633911133
3221,-4.884548187255859
3222,1.9187688827514648
3223,-3.139507293701172
3224,2.3202924728393555
3225,1.9819974899291992
3226,-3.079008102416992
3227,-4.432524681091309
3228,2.0398740768432617
3229,-3.194517135620117
3230,1.3303308486938477
3231,1.9815587997436523
3232,-3.0007829666137695
3233,-4.01210355758667
3234,2.006354331970215
3235,-3.1967649459838867
3236,1.440258502960205
3237,-0.40393829345703125
3238,-1.061305046081543
3239,-4.940884590148926
3240,-0.4739046096801758
3241,-1.2755231857299805
3242,0.08937716484069824
3243,2.8139352798461914
3244,-2.159237861633301
3245,-5.601480960845947
3246,1.9053373336791992
3247,-2.6639890670776367
3248,-0.6858315467834473
3249,1.2073583602905273
3250,-2.7185354232788086
3251,-3.9169602394104004
3252,0.21431636810302734
3253,-3.8691186904907227
3254,-1.947256326675415
3255,0.6654520034790039
3256,-2.819577217102051
3257,-3.721015453338623
3258,-0.30318546295166016
3259,-3.9975128173828125
3260,-2.1427488327026367
3261,1.6064062118530273
3262,-3.0276708602905273
3263,-4.817328453063965
3264,0.45096302032470703
3265,-4.326159477233887
3266,-3.5041708946228027
3267,3.5737791061401367
3268,-0.6544952392578125
3269,-7.768123626708984
3270,3.539566993713379
3271,-0.57073974609375
3272,-8.298651695251465
3273,3.5338525772094727
3274,-0.578364372253418
3275,-8.296009063720703
3276,3.5257158279418945
3277,-0.5858087539672852
3278,-8.295217514038086
3279,3.519015312194824
3280,-0.5639877319335938
3281,-8.327537536621094
3282,3.501152992248535
3283,-0.568516731262207
3284,-8.330942153930664
3285,3.4828805923461914
3286,-0.5726766586303711
3287,-8.334729194641113
3288,3.417710304260254
3289,-0.6880359649658203
3290,-9.00096321105957
3291,3.342555046081543
3292,-0.6819314956665039
3293,-9.188882827758789
3294,3.4420900344848633
3295,-0.7978544235229492
3296,-7.813394546508789
3297,3.45493221282959
3298,-0.7830410003662109
3299,-7.880028247833252
3300,2.8781309127807617
3301,-1.1592588424682617
3302,-8.505239486694336
3303,2.534792900085449
3304,-1.3546981811523438
3305,-7.208216667175293
3306,1.2246274948120117
3307,-1.1618080139160156
3308,-5.39719295501709
3309,1.135178565979004
3310,-1.784724235534668
3311,-5.79475212097168
3312,1.038661003112793
3313,-1.0650405883789062
3314,-2.8307766914367676
3315,0.9894571304321289
3316,-1.748692512512207
3317,-5.04174280166626
3318,1.0012788772583008
3319,-1.026571273803711
3320,-2.926785707473755
3321,0.8532209396362305
3322,-1.7308530807495117
3323,-4.969374656677246
3324,1.162083625793457
3325,-0.9857950210571289
3326,-3.1608645915985107
3327,0.9822912216186523
3328,-1.7039470672607422
3329,-5.570460319519043
3330,1.1027116775512695
3331,-1.0350513458251953
3332,-2.842174768447876
3333,1.0547609329223633
3334,-1.7181577682495117
3335,-5.233551979064941
3336,-0.8051958084106445
3337,-1.1644172668457031
3338,-3.1880624294281006
3339,-0.9439935684204102
3340,-1.276078224182129
3341,-1.660539150238037
3342,2.1314878463745117
3343,-2.020557403564453
3344,-2.685814380645752
3345,1.2771787643432617
3346,-2.2853145599365234
3347,-0.25368523597717285
3348,2.3765859603881836
3349,-1.8970317840576172
3350,1.4799449443817139
3351,1.741135597229004
3352,-2.5347557067871094
3353,2.817021369934082
3354,2.2013120651245117
3355,-1.8993072509765625
3356,1.8941140174865723
3357,1.677506446838379
3358,-2.594087600708008
3359,3.146026134490967
3360,3.2606687545776367
3361,-1.9892053604125977
3362,1.3102960586547852
3363,2.393692970275879
3364,-2.77077579498291
3365,2.84104061126709
3366,2.092705726623535
3367,-1.0025081634521484
3368,-12.012451171875
3369,2.1547327041625977
3370,-1.1308116912841797
3371,-12.442285537719727
3372,2.149123191833496
3373,-1.1320009231567383
3374,-12.440269470214844
3375,2.1418962478637695
3376,-1.1275014877319336
3377,-12.443002700805664
3378,2.171525001525879
3379,-1.1442575454711914
3380,-12.389469146728516
3381,2.177901268005371
3382,-1.171128273010254
3383,-12.390426635742188
3384,2.184014320373535
3385,-1.1896142959594727
3386,-12.391000747680664
3387,2.0700387954711914
3388,-1.2083549499511719
3389,-11.846746444702148
3390,2.104109764099121
3391,-1.240096092224121
3392,-11.64268684387207
3393,1.960148811340332
3394,-0.8961296081542969
3395,-11.50975227355957
3396,1.9851598739624023
3397,-0.9553298950195312
3398,-11.456893920898438
3399,1.7404794692993164
3400,-1.3464326858520508
3401,-9.114829063415527
3402,1.8122625350952148
3403,-1.4249897003173828
3404,-9.222501754760742
3405,0.942296028137207
3406,-1.2057838439941406
3407,-5.632280349731445
3408,1.3712148666381836
3409,-1.4010629653930664
3410,-6.484197616577148
3411,0.10901260375976562
3412,-1.0668573379516602
3413,-2.97430682182312
3414,1.2170610427856445
3415,-1.257843017578125
3416,-4.031033039093018
3417,-0.11202716827392578
3418,-1.0200672149658203
3419,-4.8619585037231445
3420,1.126906394958496
3421,-1.2071685791015625
3422,-3.956562042236328
3423,-0.010379791259765625
3424,-1.061802864074707
3425,-4.925473213195801
3426,1.1954069137573242
3427,-1.2862634658813477
3428,-4.404333591461182
3429,0.05053997039794922
3430,-1.0704469680786133
3431,-4.494880676269531
3432,1.192103385925293
3433,-1.2982311248779297
3434,-4.110891819000244
3435,-0.5590705871582031
3436,-1.5887384414672852
3437,-2.1512229442596436
3438,-0.4752054214477539
3439,-1.5012340545654297
3440,-2.6971638202667236
3441,2.39119815826416
3442,-1.5618000030517578
3443,-3.179202079772949
3444,2.638533592224121
3445,-1.0227851867675781
3446,-3.8097617626190186
3447,2.244174003601074
3448,-1.5691728591918945
3449,-0.32411646842956543
3450,2.093661308288574
3451,-1.4966058731079102
3452,-0.012650728225708008
3453,2.0388708114624023
3454,-1.6944141387939453
3455,-0.027056455612182617
3456,1.7568941116333008
3457,-1.6509532928466797
3458,0.4659090042114258
3459,2.735732078552246
3460,-1.4624977111816406
3461,-0.26016902923583984
3462,2.608567237854004
3463,-1.458500862121582
3464,1.065108299255371
3465,1.2043790817260742
3466,0.8577537536621094
3467,-2.9364240169525146
3468,0.8321542739868164
3469,0.9634647369384766
3470,-3.538909912109375
3471,0.7853193283081055
3472,0.9510364532470703
3473,-3.5417003631591797
3474,0.7486200332641602
3475,0.9394559860229492
3476,-3.543351173400879
3477,0.8441457748413086
3478,0.9738168716430664
3479,-2.5035805702209473
3480,0.8049612045288086
3481,0.9668664932250977
3482,-2.504204273223877
3483,0.7730722427368164
3484,0.959996223449707
3485,-2.506399154663086
3486,0.44538402557373047
3487,0.7821378707885742
3488,-5.292139053344727
3489,0.4253358840942383
3490,0.8045654296875
3491,-0.6056677103042603
3492,1.0820531845092773
3493,0.7064085006713867
3494,-3.5168066024780273
3495,1.1190099716186523
3496,0.7118473052978516
3497,-2.1512250900268555
3498,0.5940618515014648
3499,-0.055068016052246094
3500,-8.14411735534668
3501,0.3009366989135742
3502,-0.025740623474121094
3503,2.6846914291381836
3504,1.7166757583618164
3505,-0.8959941864013672
3506,-9.92530345916748
3507,1.1499204635620117
3508,-0.9784955978393555
3509,4.35617733001709
3510,3.999138832092285
3511,-0.9560003280639648
3512,-9.828411102294922
3513,2.9302854537963867
3514,-1.0772695541381836
3515,3.21223783493042
3516,4.385443687438965
3517,-1.13653564453125
3518,-10.890035629272461
3519,3.1151132583618164
3520,-1.0325927734375
3521,3.668403148651123
3522,4.387991905212402
3523,-0.9956588745117188
3524,-10.204720497131348
3525,3.3716936111450195
3526,-0.9609003067016602
3527,2.6049818992614746
3528,4.258131980895996
3529,-0.9984025955200195
3530,-9.572656631469727
3531,3.3403921127319336
3532,-0.9741973876953125
3533,2.7266921997070312
3534,0.7803659439086914
3535,-2.0932321548461914
3536,-5.788235664367676
3537,0.6536264419555664
3538,-2.0183887481689453
3539,0.940284013748169
3540,3.164639472961426
3541,-1.2179222106933594
3542,-5.768513202667236
3543,3.342057228088379
3544,-1.0524730682373047
3545,1.761934757232666
3546,5.825303077697754
3547,-1.866530418395996
3548,-3.3323893547058105
3549,5.7451887130737305
3550,-1.7882099151611328
3551,3.4462757110595703
3552,6.077271461486816
3553,-2.227971076965332
3554,-3.147134780883789
3555,5.963637351989746
3556,-2.138967514038086
3557,3.5511817932128906
3558,7.617585182189941
3559,-1.2997064590454102
3560,-4.410339832305908
3561,7.21395206451416
3562,-1.4079341888427734
3563,2.852902412414551
3564,0.2172718048095703
3565,0.9352130889892578
3566,-4.137098789215088
3567,-0.10566997528076172
3568,0.9917144775390625
3569,-4.8912153244018555
3570,-0.13422298431396484
3571,0.9809141159057617
3572,-4.8928680419921875
3573,-0.15964698791503906
3574,0.9695682525634766
3575,-4.894659042358398
3576,-0.11438560485839844
3577,0.9926586151123047
3578,-3.7223103046417236
3579,-0.15198612213134766
3580,0.9828548431396484
3581,-3.722986936569214
3582,-0.18809986114501953
3583,0.9728689193725586
3584,-3.7239434719085693
3585,-0.3992195129394531
3586,0.8203516006469727
3587,-6.9558587074279785
3588,-0.4570751190185547
3589,0.8265228271484375
3590,-1.6481255292892456
3591,0.2284564971923828
3592,0.7833099365234375
3593,-4.825298309326172
3594,0.22490501403808594
3595,0.7810535430908203
3596,-3.286876678466797
3597,0.0011157989501953125
3598,0.07846736907958984
3599,-9.500900268554688
3600,-0.1888589859008789
3601,0.06673526763916016
3602,1.820380687713623
3603,1.014695167541504
3604,-0.909123420715332
3605,-9.658130645751953
3606,0.5985422134399414
3607,-0.9513387680053711
3608,3.464700698852539
3609,2.402268409729004
3610,-1.119924545288086
3611,-5.614237308502197
3612,2.00095272064209
3613,-1.078230857849121
3614,1.8974099159240723
3615,2.700291633605957
3616,-1.1978750228881836
3617,-6.087369918823242
3618,2.3235368728637695
3619,-1.068009376525879
3620,2.274127960205078
3621,2.6786699295043945
3622,-1.1111831665039062
3623,-5.799469470977783
3624,2.4534215927124023
3625,-1.0180444717407227
3626,1.249685525894165
3627,2.5658178329467773
3628,-1.0904178619384766
3629,-5.412417411804199
3630,2.3367795944213867
3631,-1.008732795715332
3632,1.402820110321045
3633,0.7893514633178711
3634,-1.9739446640014648
3635,-5.902896881103516
3636,0.5888032913208008
3637,-1.8742647171020508
3638,1.0588796138763428
3639,3.364729881286621
3640,-0.9993658065795898
3641,-5.683833599090576
3642,2.454768180847168
3643,-0.6168241500854492
3644,3.071809768676758
3645,5.7551374435424805
3646,-0.5919160842895508
3647,-1.9133262634277344
3648,4.977200508117676
3649,-0.532017707824707
3650,4.292179584503174
3651,6.075871467590332
3652,-0.6424665451049805
3653,-1.563085913658142
3654,5.439610481262207
3655,-0.6444540023803711
3656,4.308191776275635
3657,6.206109046936035
3658,0.04087352752685547
3659,-2.442034959793091
3660,5.359490394592285
3661,-0.011954307556152344
3662,3.529256820678711
3663,-0.8897647857666016
3664,0.9419040679931641
3665,-6.1523051261901855
3666,-1.2631216049194336
3667,0.9911994934082031
3668,-6.89449405670166
3669,-1.268052101135254
3670,0.9805870056152344
3671,-6.893356800079346
3672,-1.262801170349121
3673,0.96893310546875
3674,-6.893624782562256
3675,-1.274545669555664
3676,0.9902658462524414
3677,-5.848565578460693
3678,-1.2883920669555664
3679,0.977595329284668
3680,-5.850348949432373
3681,-1.2923870086669922
3682,0.9640836715698242
3683,-5.850401878356934
3684,-1.1685466766357422
3685,0.8057098388671875
3686,-8.940646171569824
3687,-1.3853836059570312
3688,0.7086467742919922
3689,-4.12825870513916
3690,-0.6252355575561523
3691,0.7910270690917969
3692,-6.815615177154541
3693,-0.7054224014282227
3694,0.7804117202758789
3695,-5.420659065246582
3696,-0.3809061050415039
3697,0.201141357421875
3698,-10.312057495117188
3699,-0.7433509826660156
3700,0.1308431625366211
3701,-1.6172255277633667
3702,-0.0408782958984375
3703,0.992680549621582
3704,-12.321569442749023
3705,-0.40323543548583984
3706,0.7961931228637695
3707,1.840318202972412
3708,-2.1400651931762695
3709,1.245361328125
3710,-12.412460327148438
3711,-2.2719364166259766
3712,1.1769952774047852
3713,3.361967086791992
3714,-2.636092185974121
3715,1.3435945510864258
3716,-13.544004440307617
3717,-2.7875547409057617
3718,1.276188850402832
3719,3.9731693267822266
3720,-2.7524261474609375
3721,1.308121681213379
3722,-13.555610656738281
3723,-2.8240060806274414
3724,1.2644386291503906
3725,3.4773006439208984
3726,-2.5178098678588867
3727,1.2600793838500977
3728,-12.504287719726562
3729,-2.5861129760742188
3730,1.2345428466796875
3731,3.23598575592041
3732,0.9206762313842773
3733,-1.6737537384033203
3734,-5.896512031555176
3735,0.5453519821166992
3736,-1.6470937728881836
3737,1.052004337310791
3738,3.192511558532715
3739,-0.6569128036499023
3740,-6.4671196937561035
3741,2.28572940826416
3742,-0.3545408248901367
3743,0.4259300231933594
3744,6.051323890686035
3745,0.4457426071166992
3746,-5.347989082336426
3747,5.084017753601074
3748,0.4309825897216797
3749,1.7356109619140625
3750,6.450577735900879
3751,0.4484395980834961
3752,-5.321382522583008
3753,6.0168256759643555
3754,0.5268573760986328
3755,1.7016525268554688
3756,5.784985542297363
3757,1.0714569091796875
3758,-7.878585338592529
3759,5.4442949295043945
3760,1.0901546478271484
3761,-0.3694183826446533
3762,-2.414510726928711
3763,1.2654314041137695
3764,-9.855466842651367
3765,-2.7602157592773438
3766,1.1962318420410156
3767,-10.618206024169922
3768,-2.759908676147461
3769,1.1773748397827148
3770,-10.616493225097656
3771,-2.748291015625
3772,1.1597509384155273
3773,-10.617931365966797
3774,-2.768540382385254
3775,1.1981935501098633
3776,-9.655206680297852
3777,-2.7754335403442383
3778,1.179978370666504
3779,-9.659294128417969
3780,-2.7758331298828125
3781,1.1624164581298828
3782,-9.658235549926758
3783,-2.56203556060791
3784,0.9369058609008789
3785,-12.238561630249023
3786,-2.761052131652832
3787,0.9059925079345703
3788,-7.823805809020996
3789,-2.157684326171875
3790,1.1734619140625
3791,-10.312349319458008
3792,-2.14829158782959
3793,1.179677963256836
3794,-9.035411834716797
3795,-1.0997467041015625
3796,0.36362266540527344
3797,-12.678274154663086
3798,-1.8777484893798828
3799,0.41681480407714844
3800,-4.297262668609619
3801,-0.17998123168945312
3802,0.7538156509399414
3803,-13.069299697875977
3804,-1.8760766983032227
3805,0.7149209976196289
3806,2.7226243019104004
3807,-1.0981330871582031
3808,1.0144672393798828
3809,-12.16657829284668
3810,-3.1983814239501953
3811,1.2395267486572266
3812,9.168855667114258
3813,-1.239267349243164
3814,1.0143795013427734
3815,-13.072355270385742
3816,-3.439237594604492
3817,1.2867012023925781
3818,10.372509002685547
3819,-1.3703527450561523
3820,0.9925851821899414
3821,-13.335973739624023
3822,-3.547199249267578
3823,1.1093873977661133
3824,9.69233512878418
3825,-1.2717370986938477
3826,0.982945442199707
3827,-12.284061431884766
3828,-3.3473033905029297
3829,1.1339960098266602
3830,9.121057510375977
3831,0.5896768569946289
3832,-1.407414436340332
3833,-5.818577766418457
3834,0.15560054779052734
3835,-1.1904611587524414
3836,0.9790332317352295
3837,3.039792060852051
3838,-0.06973075866699219
3839,-7.1412482261657715
3840,2.107720375061035
3841,0.20963668823242188
3842,-1.5054407119750977
3843,5.679598808288574
3844,0.9212255477905273
3845,-6.653970241546631
3846,5.203269004821777
3847,1.4058732986450195
3848,-0.5712515115737915
3849,6.393708229064941
3850,1.2122774124145508
3851,-6.650515556335449
3852,6.031012535095215
3853,1.3392820358276367
3854,-0.5899738073348999
3855,5.17452335357666
3856,1.5786666870117188
3857,-9.46849250793457
3858,5.084023475646973
3859,1.7760114669799805
3860,-2.8464889526367188
3861,-2.097508430480957
3862,0.710576057434082
3863,-4.3115339279174805
3864,-2.3433046340942383
3865,0.6506013870239258
3866,-4.795753479003906
3867,-2.339179039001465
3868,0.6318426132202148
3869,-4.797811508178711
3870,-2.3342227935791016
3871,0.6132135391235352
3872,-4.800930976867676
3873,-2.36270809173584
3874,0.6437797546386719
3875,-4.0453925132751465
3876,-2.3735733032226562
3877,0.6267709732055664
3878,-4.046788692474365
3879,-2.3827972412109375
3880,0.609375
3881,-4.0506720542907715
3882,-2.2654685974121094
3883,0.4313087463378906
3884,-5.890927314758301
3885,-2.329129219055176
3886,0.4168567657470703
3887,-2.42265248298645
3888,-1.8370561599731445
3889,0.631800651550293
3890,-4.6015424728393555
3891,-1.853377342224121
3892,0.630375862121582
3893,-3.595773220062256
3894,-0.9664506912231445
3895,0.1266326904296875
3896,-6.923460960388184
3897,-1.2259750366210938
3898,0.14565563201904297
3899,0.19188213348388672
3900,0.9132490158081055
3901,0.1592245101928711
3902,-7.569774627685547
3903,0.05924701690673828
3904,-0.0855245590209961
3905,1.620534896850586
3906,1.3023672103881836
3907,0.3748741149902344
3908,-6.607940673828125
3909,0.42067623138427734
3910,-0.3019533157348633
3911,0.6281228065490723
3912,1.4323663711547852
3913,0.46344470977783203
3914,-7.163564205169678
3915,0.6627912521362305
3916,-0.35445117950439453
3917,0.7375533580780029
3918,1.1884698867797852
3919,0.432098388671875
3920,-7.1136016845703125
3921,0.4365205764770508
3922,-0.3337125778198242
3923,0.3331620693206787
3924,1.163130760192871
3925,0.3922004699707031
3926,-6.541469573974609
3927,0.33468151092529297
3928,-0.3153553009033203
3929,0.422351598739624
3930,2.4875783920288086
3931,0.5850181579589844
3932,-5.525698184967041
3933,2.2260732650756836
3934,0.6725568771362305
3935,0.6781115531921387
3936,2.394473075866699
3937,1.7606382369995117
3938,-8.753853797912598
3939,1.8363771438598633
3940,1.8377275466918945
3941,-2.774034261703491
3942,3.2268991470336914
3943,3.2447118759155273
3944,-10.145343780517578
3945,3.0693540573120117
3946,3.1133737564086914
3947,-4.063460826873779
3948,3.7044801712036133
3949,3.4120187759399414
3950,-10.411352157592773
3951,3.6448240280151367
3952,3.2652292251586914
3953,-4.358174800872803
3954,2.165970802307129
3955,3.8164758682250977
3956,-13.27737808227539
3957,2.0069780349731445
3958,3.7571592330932617
3959,-6.779290199279785
3960,-2.511669158935547
3961,0.8735876083374023
3962,-4.306838035583496
3963,-2.779500961303711
3964,0.7850780487060547
3965,-4.824190139770508
3966,-2.781696319580078
3967,0.7609920501708984
3968,-4.826282501220703
3969,-2.7825164794921875
3970,0.7374706268310547
3971,-4.828851222991943
3972,-2.768315315246582
3973,0.789886474609375
3974,-3.97169828414917
3975,-2.7625341415405273
3976,0.7756757736206055
3977,-3.973186492919922
3978,-2.756171226501465
3979,0.761073112487793
3980,-3.978461742401123
3981,-2.6633663177490234
3982,0.549346923828125
3983,-6.306162357330322
3984,-2.6263227462768555
3985,0.5722112655639648
3986,-2.06073260307312
3987,-2.2129106521606445
3988,0.7998104095458984
3989,-4.657057285308838
3990,-2.191777229309082
3991,0.8127050399780273
3992,-3.510601758956909
3993,-1.1537389755249023
3994,0.35071754455566406
3995,-8.765499114990234
3996,-1.2255144119262695
3997,0.4788017272949219
3998,1.952591896057129
3999,1.0885324478149414
4000,0.7919979095458984
4001,-9.687479972839355
4002,0.5951452255249023
4003,0.9733562469482422
4004,4.158617973327637
4005,1.3068628311157227
4006,1.8084163665771484
4007,-8.953983306884766
4008,0.6871423721313477
4009,1.8921241760253906
4010,2.615903377532959
4011,1.4174070358276367
4012,2.033705711364746
4013,-9.865586280822754
4014,0.6936788558959961
4015,2.071229934692383
4016,3.027883529663086
4017,1.1294965744018555
4018,2.0878076553344727
4019,-9.436929702758789
4020,0.4604940414428711
4021,2.1664838790893555
4022,2.0143089294433594
4023,1.1016244888305664
4024,2.0039844512939453
4025,-8.73757553100586
4026,0.5033082962036133
4027,2.1018247604370117
4028,2.146228313446045
4029,2.8092355728149414
4030,0.7957172393798828
4031,-6.15592622756958
4032,2.4994382858276367
4033,0.8735494613647461
4034,1.3103976249694824
4035,2.3134565353393555
4036,2.3287153244018555
4037,-8.903192520141602
4038,1.8460702896118164
4039,2.3114824295043945
4040,-1.75963294506073
4041,2.945279121398926
4042,3.8075876235961914
4043,-9.313371658325195
4044,2.8218069076538086
4045,3.712265968322754
4046,-1.5090899467468262
4047,3.601271629333496
4048,4.18233585357666
4049,-9.421096801757812
4050,3.2413721084594727
4051,3.966559410095215
4052,-1.5728893280029297
4053,1.6351900100708008
4054,4.1714887619018555
4055,-12.185993194580078
4056,1.6202497482299805
4057,4.097764015197754
4058,-3.5490682125091553
4059,-2.5540084838867188
4060,1.002457618713379
4061,-4.993324279785156
4062,-2.7761688232421875
4063,0.9335050582885742
4064,-5.704377174377441
4065,-2.770340919494629
4066,0.9266290664672852
4067,-5.705964088439941
4068,-2.7640514373779297
4069,0.9213829040527344
4070,-5.707751274108887
4071,-2.782804489135742
4072,0.9096708297729492
4073,-4.8433990478515625
4074,-2.78201961517334
4075,0.8851261138916016
4076,-4.846014976501465
4077,-2.7804012298583984
4078,0.8634176254272461
4079,-4.849287509918213
4080,-2.6030941009521484
4081,0.7878170013427734
4082,-7.487807273864746
4083,-2.6349258422851562
4084,0.6893510818481445
4085,-3.5760536193847656
4086,-2.2327775955200195
4087,0.9587574005126953
4088,-5.513130187988281
4089,-2.225571632385254
4090,0.9334678649902344
4091,-4.379171371459961
4092,-0.7263574600219727
4093,0.7908258438110352
4094,-9.425025939941406
4095,-0.9070615768432617
4096,0.5211353302001953
4097,1.1585144996643066
4098,1.1228761672973633
4099,1.4608335494995117
4100,-9.171285629272461
4101,0.1982259750366211
4102,1.1870622634887695
4103,5.82959508895874
4104,0.14563560485839844
4105,2.268303871154785
4106,-7.821170330047607
4107,-0.916203498840332
4108,1.9826288223266602
4109,7.7625603675842285
4110,-0.04343223571777344
4111,2.480046272277832
4112,-9.465381622314453
4113,-1.212132453918457
4114,2.1247568130493164
4115,8.494853973388672
4116,-0.36435604095458984
4117,2.432896614074707
4118,-9.015296936035156
4119,-1.4467229843139648
4120,2.1886072158813477
4121,7.462212085723877
4122,-0.23780250549316406
4123,2.336592674255371
4124,-7.67838191986084
4125,-1.3252944946289062
4126,2.1595029830932617
4127,7.4141764640808105
4128,3.1377573013305664
4129,1.1389923095703125
4130,-6.190539360046387
4131,2.568922996520996
4132,0.9835405349731445
4133,1.3441686630249023
4134,2.326676368713379
4135,2.6056642532348633
4136,-6.969488620758057
4137,1.2750120162963867
4138,2.3430051803588867
4139,2.5387654304504395
4140,2.888054847717285
4141,3.901577949523926
4142,-3.6577939987182617
4143,2.4514684677124023
4144,3.6707162857055664
4145,6.413034915924072
4146,3.563950538635254
4147,4.187994956970215
4148,-3.3581035137176514
4149,2.801283836364746
4150,3.837275505065918
4151,6.71223783493042
4152,1.520035743713379
4153,4.2322187423706055
4154,-5.341424942016602
4155,1.344609260559082
4156,4.0585527420043945
4157,5.487428188323975
4158,-2.509307861328125
4159,1.0449399948120117
4160,-3.7320520877838135
4161,-2.732792854309082
4162,0.9541997909545898
4163,-4.518013954162598
4164,-2.728473663330078
4165,0.9422073364257812
4166,-4.519357204437256
4167,-2.724355697631836
4168,0.9310903549194336
4169,-4.520295143127441
4170,-2.738353729248047
4171,0.9421091079711914
4172,-3.5153889656066895
4173,-2.737595558166504
4174,0.9191856384277344
4175,-3.5174202919006348
4176,-2.7367544174194336
4177,0.897740364074707
4178,-3.519076108932495
4179,-2.585145950317383
4180,0.7905902862548828
4181,-6.667519569396973
4182,-2.567462921142578
4183,0.7455272674560547
4184,-1.9091334342956543
4185,-2.195749282836914
4186,0.9977340698242188
4187,-4.349518775939941
4188,-2.1868162155151367
4189,0.9809026718139648
4190,-3.0207736492156982
4191,-0.6121187210083008
4192,0.8870811462402344
4193,-8.709882736206055
4194,-0.6510915756225586
4195,0.7405967712402344
4196,1.8001489639282227
4197,0.5144376754760742
4198,1.5910425186157227
4199,-9.44778823852539
4200,0.1816415786743164
4201,1.5775890350341797
4202,4.061098575592041
4203,-0.24979877471923828
4204,2.1649351119995117
4205,-8.176645278930664
4206,-1.4087247848510742
4207,2.30649471282959
4208,1.4651985168457031
4209,-0.4216499328613281
4210,2.275650978088379
4211,-9.282629013061523
4212,-1.8013648986816406
4213,2.4190473556518555
4214,1.4436821937561035
4215,-0.6932401657104492
4216,2.2001638412475586
4217,-8.964309692382812
4218,-2.010538101196289
4219,2.4211320877075195
4220,0.35495567321777344
4221,-0.638615608215332
4222,2.155062675476074
4223,-8.052367210388184
4224,-1.8734321594238281
4225,2.4003705978393555
4226,0.8933300971984863
4227,3.4082460403442383
4228,1.3273582458496094
4229,-6.233620643615723
4230,2.996615409851074
4231,1.1952400207519531
4232,1.3859508037567139
4233,1.3364686965942383
4234,2.5663156509399414
4235,-6.623391628265381
4236,1.1523942947387695
4237,2.278500556945801
4238,3.5987229347229004
4239,2.712141990661621
4240,3.8537378311157227
4241,-4.323498249053955
4242,2.4379663467407227
4243,3.6984434127807617
4244,6.038822650909424
4245,3.409064292907715
4246,4.128508567810059
4247,-4.1620774269104
4248,2.882683753967285
4249,3.720953941345215
4250,6.185352802276611
4251,1.3798093795776367
4252,4.259417533874512
4253,-5.866460800170898
4254,1.312983512878418
4255,4.069705009460449
4256,5.182463645935059
4257,-2.3326263427734375
4258,1.0928831100463867
4259,-6.319211006164551
4260,-2.532491683959961
4261,0.9883632659912109
4262,-7.209737777709961
4263,-2.46707820892334
4264,0.9768476486206055
4265,-7.210493087768555
4266,-2.432809829711914
4267,0.9492740631103516
4268,-7.212597370147705
4269,-2.5565261840820312
4270,0.9791460037231445
4271,-6.170536994934082
4272,-2.5451478958129883
4273,0.9426479339599609
4274,-6.173373222351074
4275,-2.547170639038086
4276,0.9210529327392578
4277,-6.174166679382324
4278,-2.08327579498291
4279,0.8174877166748047
4280,-9.389653205871582
4281,-2.1531972885131836
4282,0.7877511978149414
4283,-4.692983150482178
4284,-2.0092830657958984
4285,1.0510578155517578
4286,-6.983443737030029
4287,-1.984628677368164
4288,1.0191688537597656
4289,-5.613651275634766
4290,-0.03669261932373047
4291,1.1197423934936523
4292,-11.045099258422852
4293,-0.5096874237060547
4294,0.7891750335693359
4295,-0.834740161895752
4296,0.6090230941772461
4297,2.12558650970459
4298,-10.578845977783203
4299,-0.3501853942871094
4300,1.5672550201416016
4301,3.7346763610839844
4302,-0.2836179733276367
4303,2.6821374893188477
4304,-8.388551712036133
4305,-1.9905872344970703
4306,2.1047000885009766
4307,4.158433437347412
4308,-0.6200637817382812
4309,2.836392402648926
4310,-9.527850151062012
4311,-2.481961250305176
4312,2.163540840148926
4313,4.560977458953857
4314,-1.552565574645996
4315,2.737826347351074
4316,-9.387276649475098
4317,-2.5461339950561523
4318,2.1351118087768555
4319,3.504528045654297
4320,-1.4500846862792969
4321,2.680048942565918
4322,-8.319643020629883
4323,-2.4285125732421875
4324,2.131535530090332
4325,3.752072811126709
4326,3.6283044815063477
4327,1.4917850494384766
4328,-6.179912567138672
4329,3.036463737487793
4330,1.3283882141113281
4331,1.3329415321350098
4332,1.127577781677246
4333,2.5226659774780273
4334,-7.992934703826904
4335,0.7624673843383789
4336,2.225316047668457
4337,4.489535808563232
4338,2.6930017471313477
4339,3.861199378967285
4340,-5.764359474182129
4341,2.300969123840332
4342,3.631218910217285
4343,8.718454360961914
4344,3.364018440246582
4345,4.124260902404785
4346,-5.538786888122559
4347,2.542355537414551
4348,3.6625490188598633
4349,9.064401626586914
4350,1.3999319076538086
4351,4.256274223327637
4352,-7.298095703125
4353,1.2372331619262695
4354,4.0532941818237305
4355,8.42608642578125
4356,-1.9034395217895508
4357,1.0410957336425781
4358,-6.113043785095215
4359,-2.1120052337646484
4360,0.9500398635864258
4361,-6.832572937011719
4362,-2.0741891860961914
4363,0.9371862411499023
4364,-6.833684921264648
4365,-2.0450572967529297
4366,0.910984992980957
4367,-6.835626125335693
4368,-2.135983467102051
4369,0.9391880035400391
4370,-5.84650993347168
4371,-2.1240482330322266
4372,0.9066982269287109
4373,-5.849013328552246
4374,-2.1156768798828125
4375,0.8859968185424805
4376,-5.850122451782227
4377,-1.6903676986694336
4378,0.7660541534423828
4379,-8.522686004638672
4380,-1.7719039916992188
4381,0.7378597259521484
4382,-4.071649551391602
4383,-1.593400001525879
4384,1.01336669921875
4385,-6.6316938400268555
4386,-1.6003026962280273
4387,0.9976663589477539
4388,-5.324800491333008
4389,0.3496980667114258
4390,0.9774131774902344
4391,-10.165128707885742
4392,-0.31944751739501953
4393,0.7949094772338867
4394,-0.762266993522644
4395,0.6547880172729492
4396,1.9578561782836914
4397,-10.90939712524414
4398,-0.3213157653808594
4399,1.6149749755859375
4400,1.5600454807281494
4401,-0.7027435302734375
4402,2.4999208450317383
4403,-10.482662200927734
4404,-2.0857629776000977
4405,1.975998878479004
4406,-0.6525146961212158
4407,-1.5007476806640625
4408,2.680670738220215
4409,-11.788000106811523
4410,-2.5850772857666016
4411,2.018634796142578
4412,-0.6959900856018066
4413,-1.8649625778198242
4414,2.5027151107788086
4415,-11.503850936889648
4416,-2.675548553466797
4417,2.0006675720214844
4418,-1.7153854370117188
4419,-1.7289133071899414
4420,2.46243953704834
4421,-10.4249267578125
4422,-2.534165382385254
4423,1.9954109191894531
4424,-1.1437902450561523
4425,3.695427894592285
4426,1.4782466888427734
4427,-5.941397190093994
4428,3.0294694900512695
4429,1.3793697357177734
4430,1.0939664840698242
4431,1.210129737854004
4432,2.5038328170776367
4433,-7.72561502456665
4434,0.6134004592895508
4435,2.244290351867676
4436,2.3159384727478027
4437,2.7191476821899414
4438,3.8668737411499023
4439,-6.017573833465576
4440,2.043238639831543
4441,3.5759992599487305
4442,4.797903537750244
4443,3.3515615463256836
4444,4.108027458190918
4445,-5.913637638092041
4446,2.5281991958618164
4447,3.644345283508301
4448,4.97389554977417
4449,1.315272331237793
4450,4.2911577224731445
4451,-7.519392967224121
4452,1.1365556716918945
4453,4.057511329650879
4454,4.370570659637451
4455,-1.7217607498168945
4456,0.8484172821044922
4457,-5.0409088134765625
4458,-1.8516721725463867
4459,0.7201986312866211
4460,-5.6234130859375
4461,-1.8165245056152344
4462,0.6924753189086914
4463,-5.625143051147461
4464,-1.794865608215332
4465,0.6805238723754883
4466,-5.625983238220215
4467,-1.8790102005004883
4468,0.7084684371948242
4469,-4.667853355407715
4470,-1.8572216033935547
4471,0.6638212203979492
4472,-4.670324325561523
4473,-1.8477115631103516
4474,0.6428632736206055
4475,-4.671791076660156
4476,-1.4922046661376953
4477,0.5990810394287109
4478,-7.081398010253906
4479,-1.5366888046264648
4480,0.5299091339111328
4481,-2.8038978576660156
4482,-1.3521547317504883
4483,0.8735933303833008
4484,-5.513490676879883
4485,-1.3559179306030273
4486,0.8683576583862305
4487,-4.245199203491211
4488,0.26794910430908203
4489,0.8619604110717773
4490,-9.040865898132324
4491,-0.13659000396728516
4492,0.707554817199707
4493,0.15752506256103516
4494,0.5648279190063477
4495,1.7302923202514648
4496,-10.052831649780273
4497,-0.31024932861328125
4498,1.461726188659668
4499,2.029550552368164
4500,-0.8502168655395508
4501,2.2162179946899414
4502,-9.722167015075684
4503,-1.9403696060180664
4504,1.8494987487792969
4505,-0.35419154167175293
4506,-1.239060401916504
4507,2.3634214401245117
4508,-10.894380569458008
4509,-2.4916038513183594
4510,1.8461189270019531
4511,-0.34503650665283203
4512,-1.6518545150756836
4513,2.2079362869262695
4514,-10.570316314697266
4515,-2.383978843688965
4516,1.9768447875976562
4517,-1.310427188873291
4518,-1.5074567794799805
4519,2.1785993576049805
4520,-9.637625694274902
4521,-2.469636917114258
4522,1.8555335998535156
4523,-0.833364725112915
4524,3.6327638626098633
4525,1.3990755081176758
4526,-5.694589614868164
4527,3.111536979675293
4528,1.3505468368530273
4529,0.845381498336792
4530,1.4180402755737305
4531,2.5440492630004883
4532,-7.5235443115234375
4533,0.8269128799438477
4534,2.253098487854004
4535,1.6211066246032715
4536,2.70047664642334
4537,3.8306760787963867
4538,-6.5987043380737305
4539,2.2015905380249023
4540,3.570338249206543
4541,3.157419204711914
4542,3.336613655090332
4543,4.10518741607666
4544,-6.567387104034424
4545,2.679804801940918
4546,3.629672050476074
4547,3.220937728881836
4548,1.384343147277832
4549,4.247990608215332
4550,-8.490991592407227
4551,1.128748893737793
4552,4.049786567687988
4553,2.1099486351013184
